problem,path,n_int_vars,n_binary_vars,n_constraints,provider,max_iter,shots,status,wall_sec,peak_rss_mb,classical_optimal_objective,classical_optimal_solution,choco_best_feasible_objective,choco_best_feasible_solution,choco_best_feasible_probability,choco_raw_states,choco_raw_probabilities,iteration_count,circuit_depth,circuit_width,circuit_culled_depth,circuit_num_one_qubit_gates,error
assign1-5-8_ds_qaoa_R0002_0001,data/miplib_benders/qaoa_problems/nvars_04/assign1-5-8_ds_qaoa_R0002_0001.json,4,12,1,ddsim,30,256,ok,16.507090835948475,396.78515625,5.0,"{""C0033"": 0, ""C0038"": 1, ""C0053"": 1, ""row_slack_R0002"": 0}",0.0,"{""C0033"": 0, ""C0038"": 0, ""C0053"": 0, ""row_slack_R0002"": 5}",1.0,"[[0, 0, 0, 0, 0, 0, 0, 0, 0, 1, 0, 1]]",[1.0],25,136,26,60,129,
assign1-5-8_ds_qaoa_R0003_0001,data/miplib_benders/qaoa_problems/nvars_04/assign1-5-8_ds_qaoa_R0003_0001.json,4,12,1,ddsim,30,256,ok,24.02114707196597,475.046875,6.0,"{""C0029"": 0, ""C0034"": 0, ""C0039"": 2, ""row_slack_R0003"": 1}",0.0,"{""C0029"": 0, ""C0034"": 0, ""C0039"": 0, ""row_slack_R0003"": 5}",0.99609375,"[[0, 0, 0, 0, 0, 0, 0, 0, 0, 1, 0, 1], [0, 0, 0, 1, 0, 0, 0, 0, 0, 1, 1, 1]]","[0.99609375, 0.00390625]",29,55,26,24,99,
assign1-5-8_ds_qaoa_R0007_0001,data/miplib_benders/qaoa_problems/nvars_04/assign1-5-8_ds_qaoa_R0007_0001.json,4,12,1,ddsim,30,256,ok,22.903980595991015,403.1640625,5.0,"{""C0033"": 0, ""C0038"": 1, ""C0053"": 1, ""row_slack_R0007"": 0}",0.0,"{""C0033"": 0, ""C0038"": 0, ""C0053"": 0, ""row_slack_R0007"": 5}",0.9921875,"[[0, 0, 0, 0, 0, 0, 0, 0, 0, 1, 0, 1], [0, 0, 0, 0, 0, 0, 0, 0, 0, 1, 1, 1], [1, 0, 0, 0, 0, 0, 0, 0, 1, 1, 0, 1]]","[0.9921875, 0.00390625, 0.00390625]",29,69,26,30,105,
assign1-5-8_ds_qaoa_R0008_0001,data/miplib_benders/qaoa_problems/nvars_04/assign1-5-8_ds_qaoa_R0008_0001.json,4,12,1,ddsim,30,256,ok,12.156551455031149,475.0703125,6.0,"{""C0029"": 0, ""C0034"": 0, ""C0039"": 2, ""row_slack_R0008"": 1}",0.0,"{""C0029"": 0, ""C0034"": 0, ""C0039"": 0, ""row_slack_R0008"": 5}",1.0,"[[0, 0, 0, 0, 0, 0, 0, 0, 0, 1, 0, 1]]",[1.0],20,135,26,60,127,
assign1-5-8_ds_qaoa_R0013_0001,data/miplib_benders/qaoa_problems/nvars_04/assign1-5-8_ds_qaoa_R0013_0001.json,4,12,1,ddsim,30,256,ok,14.701334067969583,400.0,4.0,"{""C0029"": 0, ""C0034"": 2, ""C0039"": 0, ""row_slack_R0013"": 1}",0.0,"{""C0029"": 0, ""C0034"": 0, ""C0039"": 0, ""row_slack_R0013"": 5}",1.0,"[[0, 0, 0, 0, 0, 0, 0, 0, 0, 1, 0, 1]]",[1.0],24,135,26,60,127,
assign1-5-8_ds_qaoa_R0033_0001,data/miplib_benders/qaoa_problems/nvars_04/assign1-5-8_ds_qaoa_R0033_0001.json,4,12,1,ddsim,30,256,ok,21.521023752982728,396.5859375,6.0,"{""C0029"": 0, ""C0034"": 0, ""C0039"": 2, ""row_slack_R0033"": 1}",0.0,"{""C0029"": 0, ""C0034"": 0, ""C0039"": 0, ""row_slack_R0033"": 5}",1.0,"[[0, 0, 0, 0, 0, 0, 0, 0, 0, 1, 0, 1]]",[1.0],29,96,26,42,115,
assign1-5-8_ds_qaoa_R0037_0001,data/miplib_benders/qaoa_problems/nvars_04/assign1-5-8_ds_qaoa_R0037_0001.json,4,12,1,ddsim,30,256,ok,18.720844494062476,393.4453125,5.0,"{""C0033"": 0, ""C0038"": 1, ""C0053"": 1, ""row_slack_R0037"": 0}",0.0,"{""C0033"": 0, ""C0038"": 0, ""C0053"": 0, ""row_slack_R0037"": 5}",1.0,"[[0, 0, 0, 0, 0, 0, 0, 0, 0, 1, 0, 1]]",[1.0],21,96,26,42,115,
assign1-5-8_ds_qaoa_R0038_0001,data/miplib_benders/qaoa_problems/nvars_04/assign1-5-8_ds_qaoa_R0038_0001.json,4,12,1,ddsim,30,256,ok,15.477903170045465,477.359375,6.0,"{""C0029"": 0, ""C0034"": 0, ""C0039"": 2, ""row_slack_R0038"": 1}",0.0,"{""C0029"": 0, ""C0034"": 0, ""C0039"": 0, ""row_slack_R0038"": 5}",1.0,"[[0, 0, 0, 0, 0, 0, 0, 0, 0, 1, 0, 1]]",[1.0],31,135,26,60,127,
assign1-5-8_ds_qaoa_R0132_0001,data/miplib_benders/qaoa_problems/nvars_04/assign1-5-8_ds_qaoa_R0132_0001.json,4,12,1,ddsim,30,256,ok,15.087023064028472,405.62890625,4.0,"{""C0033"": 0, ""C0034"": 0, ""C0035"": 0, ""C0036"": 1}",4.0,"{""C0033"": 0, ""C0034"": 0, ""C0035"": 0, ""C0036"": 1}",1.0,"[[0, 0, 0, 0, 0, 0, 0, 0, 0, 1, 0, 0]]",[1.0],22,149,26,66,132,
ex10_ds_qaoa_NOD26_0001,data/miplib_benders/qaoa_problems/nvars_04/ex10_ds_qaoa_NOD26_0001.json,4,12,1,ddsim,30,256,ok,14.282467520912178,473.046875,1.0,"{""b26_220"": 0, ""b26_222"": 0, ""b26_223"": 0, ""b26_230"": 1}",1.0,"{""b26_220"": 0, ""b26_222"": 0, ""b26_223"": 0, ""b26_230"": 1}",0.99609375,"[[0, 0, 0, 0, 0, 0, 0, 0, 0, 1, 0, 0], [1, 0, 0, 0, 1, 0, 0, 0, 0, 1, 0, 0]]","[0.99609375, 0.00390625]",23,149,26,66,132,
ex10_ds_qaoa_NOD26_NOD2X2_0001,data/miplib_benders/qaoa_problems/nvars_04/ex10_ds_qaoa_NOD26_NOD2X2_0001.json,4,12,2,ddsim,30,256,ok,20.884638693998568,389.38671875,1.0,"{""b26_220"": 0, ""b26_222"": 1, ""b26_223"": 0, ""b26_230"": 0}",1.0,"{""b26_220"": 0, ""b26_222"": 0, ""b26_223"": 1, ""b26_230"": 0}",1.0,"[[0, 0, 0, 0, 0, 0, 1, 0, 0, 0, 0, 0]]",[1.0],23,109,26,48,123,
ex9_ds_qaoa_NOD2X5_NOD37_0008,data/miplib_benders/qaoa_problems/nvars_04/ex9_ds_qaoa_NOD2X5_NOD37_0008.json,4,12,2,ddsim,30,256,ok,16.799490030971356,394.70703125,1.0,"{""b37_243"": 0, ""b37_250"": 0, ""b37_251"": 0, ""b37_252"": 1}",1.0,"{""b37_243"": 0, ""b37_250"": 0, ""b37_251"": 0, ""b37_252"": 1}",1.0,"[[0, 0, 0, 0, 0, 0, 0, 0, 0, 1, 0, 0]]",[1.0],25,109,26,48,123,
ex9_ds_qaoa_NOD2X5_NOD37_0010,data/miplib_benders/qaoa_problems/nvars_04/ex9_ds_qaoa_NOD2X5_NOD37_0010.json,4,12,2,ddsim,30,256,ok,23.78888739098329,389.41796875,1.0,"{""b37_251"": 0, ""b37_252"": 1, ""b37_253"": 0, ""b37_260"": 0}",1.0,"{""b37_251"": 0, ""b37_252"": 0, ""b37_253"": 1, ""b37_260"": 0}",1.0,"[[0, 0, 0, 0, 0, 0, 1, 0, 0, 0, 0, 0]]",[1.0],21,109,26,48,123,
irp_ds_qaoa_R0002_0001,data/miplib_benders/qaoa_problems/nvars_04/irp_ds_qaoa_R0002_0001.json,4,12,1,ddsim,30,256,ok,18.372499883989803,397.2265625,6154830000.0,"{""C16904"": 1, ""C16905"": 0, ""C16906"": 0, ""C16908"": 0}",,,,"[[1, 0, 1, 1, 0, 1, 1, 1, 0, 1, 0, 0], [1, 0, 1, 1, 1, 0, 1, 0, 1, 1, 0, 0], [1, 0, 1, 1, 1, 0, 1, 1, 0, 1, 0, 0], [1, 1, 0, 0, 0, 0, 1, 1, 0, 1, 0, 0], [1, 1, 0, 1, 0, 1, 1, 1, 0, 1, 0, 0], [1, 1, 0, 1, 1, 0, 0, 0, 0, 1, 0, 0], [1, 1, 0, 1, 1, 0, 1, 0, 1, 1, 0, 0], [1, 1, 0, 1, 1, 0, 1, 1, 0, 1, 0, 0]]","[0.00390625, 0.0078125, 0.02734375, 0.01171875, 0.01953125, 0.01171875, 0.02734375, 0.890625]",31,149,26,66,132,
irp_ds_qaoa_R0002_0002,data/miplib_benders/qaoa_problems/nvars_04/irp_ds_qaoa_R0002_0002.json,4,12,1,ddsim,30,256,ok,15.87138635898009,396.05078125,6049200000.0,"{""C16905"": 0, ""C16906"": 0, ""C16908"": 0, ""C16909"": 1}",,,,"[[1, 1, 0, 1, 1, 0, 1, 1, 0, 1, 0, 0]]",[1.0],30,149,26,66,132,
irp_ds_qaoa_R0002_0003,data/miplib_benders/qaoa_problems/nvars_04/irp_ds_qaoa_R0002_0003.json,4,12,1,ddsim,30,256,ok,14.694104845984839,389.78125,6049200000.0,"{""C16906"": 0, ""C16908"": 0, ""C16909"": 1, ""C16910"": 0}",,,,"[[1, 0, 1, 1, 1, 0, 1, 1, 0, 1, 0, 0], [1, 1, 0, 0, 0, 0, 1, 1, 0, 1, 0, 0], [1, 1, 0, 1, 0, 1, 0, 0, 0, 1, 0, 0], [1, 1, 0, 1, 0, 1, 1, 0, 1, 1, 0, 0], [1, 1, 0, 1, 0, 1, 1, 1, 0, 1, 0, 0], [1, 1, 0, 1, 1, 0, 0, 0, 0, 1, 0, 0], [1, 1, 0, 1, 1, 0, 1, 0, 1, 1, 0, 0], [1, 1, 0, 1, 1, 0, 1, 1, 0, 1, 0, 0]]","[0.0078125, 0.01953125, 0.00390625, 0.00390625, 0.0078125, 0.015625, 0.01171875, 0.9296875]",31,149,26,66,132,
irp_ds_qaoa_R0002_0004,data/miplib_benders/qaoa_problems/nvars_04/irp_ds_qaoa_R0002_0004.json,4,12,1,ddsim,30,256,ok,20.596886577899568,397.53515625,6340890000.0,"{""C16908"": 0, ""C16909"": 0, ""C16910"": 0, ""C16911"": 1}",,,,"[[1, 0, 0, 0, 1, 0, 1, 1, 0, 1, 0, 0], [1, 0, 1, 0, 0, 0, 1, 1, 0, 1, 0, 0], [1, 0, 1, 1, 1, 0, 1, 1, 0, 1, 0, 0], [1, 1, 0, 0, 0, 0, 1, 1, 0, 1, 0, 0], [1, 1, 0, 1, 0, 0, 0, 1, 0, 1, 0, 0], [1, 1, 0, 1, 0, 1, 1, 1, 0, 1, 0, 0], [1, 1, 0, 1, 1, 0, 0, 0, 0, 1, 0, 0], [1, 1, 0, 1, 1, 0, 1, 0, 1, 1, 0, 0], [1, 1, 0, 1, 1, 0, 1, 1, 0, 1, 0, 0]]","[0.0078125, 0.00390625, 0.05078125, 0.03515625, 0.00390625, 0.0390625, 0.03125, 0.05078125, 0.77734375]",27,149,26,66,132,
irp_ds_qaoa_R0002_0005,data/miplib_benders/qaoa_problems/nvars_04/irp_ds_qaoa_R0002_0005.json,4,12,1,ddsim,30,256,ok,12.857421669992618,405.46875,6340890000.0,"{""C16909"": 0, ""C16910"": 0, ""C16911"": 1, ""C16912"": 0}",,,,"[[1, 0, 1, 1, 1, 0, 1, 1, 0, 1, 0, 0], [1, 1, 0, 0, 0, 0, 1, 1, 0, 1, 0, 0], [1, 1, 0, 1, 0, 1, 1, 1, 0, 1, 0, 0], [1, 1, 0, 1, 1, 0, 0, 0, 0, 1, 0, 0], [1, 1, 0, 1, 1, 0, 1, 0, 1, 1, 0, 0], [1, 1, 0, 1, 1, 0, 1, 1, 0, 1, 0, 0]]","[0.0078125, 0.01171875, 0.02734375, 0.00390625, 0.015625, 0.93359375]",29,149,26,66,132,
irp_ds_qaoa_R0002_0006,data/miplib_benders/qaoa_problems/nvars_04/irp_ds_qaoa_R0002_0006.json,4,12,1,ddsim,30,256,ok,19.112554219085723,403.375,6340890000.0,"{""C16910"": 0, ""C16911"": 1, ""C16912"": 0, ""C16913"": 0}",,,,"[[1, 0, 0, 0, 1, 0, 1, 1, 0, 1, 0, 0], [1, 0, 1, 0, 0, 0, 1, 1, 0, 1, 0, 0], [1, 0, 1, 1, 0, 1, 1, 1, 0, 1, 0, 0], [1, 0, 1, 1, 1, 0, 0, 0, 0, 1, 0, 0], [1, 0, 1, 1, 1, 0, 1, 1, 0, 1, 0, 0], [1, 1, 0, 0, 0, 0, 0, 0, 0, 1, 0, 0], [1, 1, 0, 0, 0, 0, 1, 1, 0, 1, 0, 0], [1, 1, 0, 1, 0, 0, 0, 1, 0, 1, 0, 0], [1, 1, 0, 1, 0, 1, 0, 0, 0, 1, 0, 0], [1, 1, 0, 1, 0, 1, 1, 1, 0, 1, 0, 0], [1, 1, 0, 1, 1, 0, 0, 0, 0, 1, 0, 0], [1, 1, 0, 1, 1, 0, 1, 0, 1, 1, 0, 0], [1, 1, 0, 1, 1, 0, 1, 1, 0, 1, 0, 0]]","[0.0078125, 0.01171875, 0.00390625, 0.0078125, 0.05078125, 0.00390625, 0.03125, 0.00390625, 0.00390625, 0.0390625, 0.05859375, 0.0390625, 0.73828125]",30,149,26,66,132,
irp_ds_qaoa_R0002_0007,data/miplib_benders/qaoa_problems/nvars_04/irp_ds_qaoa_R0002_0007.json,4,12,1,ddsim,30,256,ok,14.853664095047861,399.15625,6340890000.0,"{""C16911"": 1, ""C16912"": 0, ""C16913"": 0, ""C16915"": 0}",,,,"[[1, 0, 1, 1, 1, 0, 1, 1, 0, 1, 0, 0], [1, 1, 0, 0, 0, 0, 1, 1, 0, 1, 0, 0], [1, 1, 0, 1, 0, 1, 1, 0, 1, 1, 0, 0], [1, 1, 0, 1, 0, 1, 1, 1, 0, 1, 0, 0], [1, 1, 0, 1, 1, 0, 0, 0, 0, 1, 0, 0], [1, 1, 0, 1, 1, 0, 1, 1, 0, 1, 0, 0]]","[0.0234375, 0.0234375, 0.0078125, 0.00390625, 0.0078125, 0.93359375]",31,149,26,66,132,
irp_ds_qaoa_R0002_0008,data/miplib_benders/qaoa_problems/nvars_04/irp_ds_qaoa_R0002_0008.json,4,12,1,ddsim,30,256,ok,13.92245031404309,389.66015625,5989160000.0,"{""C16912"": 0, ""C16913"": 0, ""C16915"": 1, ""C16916"": 0}",,,,"[[1, 0, 1, 0, 0, 0, 1, 1, 0, 1, 0, 0], [1, 0, 1, 1, 1, 0, 1, 1, 0, 1, 0, 0], [1, 1, 0, 0, 0, 0, 1, 1, 0, 1, 0, 0], [1, 1, 0, 1, 0, 1, 1, 1, 0, 1, 0, 0], [1, 1, 0, 1, 1, 0, 0, 0, 0, 1, 0, 0], [1, 1, 0, 1, 1, 0, 1, 1, 0, 1, 0, 0]]","[0.00390625, 0.01171875, 0.03125, 0.0078125, 0.01171875, 0.93359375]",29,149,26,66,132,
irp_ds_qaoa_R0002_0009,data/miplib_benders/qaoa_problems/nvars_04/irp_ds_qaoa_R0002_0009.json,4,12,1,ddsim,30,256,ok,11.94609463994857,389.44921875,6280850000.0,"{""C16913"": 0, ""C16915"": 0, ""C16916"": 0, ""C16917"": 1}",,,,"[[1, 0, 1, 1, 1, 0, 0, 0, 0, 1, 0, 0], [1, 0, 1, 1, 1, 0, 1, 1, 0, 1, 0, 0], [1, 1, 0, 0, 0, 0, 1, 1, 0, 1, 0, 0], [1, 1, 0, 1, 0, 1, 1, 0, 1, 1, 0, 0], [1, 1, 0, 1, 0, 1, 1, 1, 0, 1, 0, 0], [1, 1, 0, 1, 1, 0, 0, 0, 0, 1, 0, 0], [1, 1, 0, 1, 1, 0, 1, 0, 1, 1, 0, 0], [1, 1, 0, 1, 1, 0, 1, 1, 0, 1, 0, 0]]","[0.00390625, 0.02734375, 0.0390625, 0.00390625, 0.02734375, 0.0234375, 0.01953125, 0.85546875]",26,149,26,66,132,
irp_ds_qaoa_R0002_0010,data/miplib_benders/qaoa_problems/nvars_04/irp_ds_qaoa_R0002_0010.json,4,12,1,ddsim,30,256,ok,14.090923081035726,403.8359375,6280850000.0,"{""C16915"": 0, ""C16916"": 0, ""C16917"": 1, ""C16918"": 0}",,,,"[[1, 0, 1, 1, 1, 0, 1, 1, 0, 1, 0, 0], [1, 1, 0, 0, 0, 0, 1, 1, 0, 1, 0, 0], [1, 1, 0, 1, 0, 1, 1, 1, 0, 1, 0, 0], [1, 1, 0, 1, 1, 0, 0, 0, 0, 1, 0, 0], [1, 1, 0, 1, 1, 0, 1, 0, 1, 1, 0, 0], [1, 1, 0, 1, 1, 0, 1, 1, 0, 1, 0, 0]]","[0.00390625, 0.015625, 0.01171875, 0.01171875, 0.01171875, 0.9453125]",31,149,26,66,132,
irp_ds_qaoa_R0002_0011,data/miplib_benders/qaoa_problems/nvars_04/irp_ds_qaoa_R0002_0011.json,4,12,1,ddsim,30,256,ok,17.64987427496817,401.96484375,6280850000.0,"{""C16916"": 0, ""C16917"": 1, ""C16918"": 0, ""C16919"": 0}",,,,"[[1, 0, 1, 1, 1, 0, 1, 1, 0, 1, 0, 0], [1, 1, 0, 0, 0, 0, 1, 1, 0, 1, 0, 0], [1, 1, 0, 1, 0, 1, 1, 1, 0, 1, 0, 0], [1, 1, 0, 1, 1, 0, 0, 0, 0, 1, 0, 0], [1, 1, 0, 1, 1, 0, 1, 1, 0, 1, 0, 0]]","[0.01171875, 0.00390625, 0.0078125, 0.00390625, 0.97265625]",31,149,26,66,132,
irp_ds_qaoa_R0010_R0015_0001,data/miplib_benders/qaoa_problems/nvars_04/irp_ds_qaoa_R0010_R0015_0001.json,4,12,2,ddsim,30,256,ok,40.86989171302412,395.6171875,6154830000.0,"{""C16904"": 1, ""C16905"": 0, ""C16906"": 0, ""C16908"": 0}",,,,"[[1, 0, 1, 0, 0, 0, 1, 0, 0, 1, 1, 0], [1, 0, 1, 1, 0, 1, 1, 0, 0, 1, 1, 0], [1, 0, 1, 1, 1, 0, 1, 0, 0, 1, 0, 1], [1, 0, 1, 1, 1, 0, 1, 0, 0, 1, 1, 0], [1, 1, 0, 0, 0, 0, 1, 0, 0, 0, 0, 0], [1, 1, 0, 0, 0, 0, 1, 0, 0, 1, 1, 0], [1, 1, 0, 1, 0, 0, 0, 0, 0, 1, 1, 0], [1, 1, 0, 1, 0, 1, 1, 0, 0, 0, 0, 0], [1, 1, 0, 1, 0, 1, 1, 0, 0, 1, 0, 1], [1, 1, 0, 1, 0, 1, 1, 0, 0, 1, 1, 0], [1, 1, 0, 1, 1, 0, 1, 0, 0, 0, 0, 0], [1, 1, 0, 1, 1, 0, 1, 0, 0, 1, 0, 1], [1, 1, 0, 1, 1, 0, 1, 0, 0, 1, 1, 0]]","[0.0078125, 0.0078125, 0.0078125, 0.04296875, 0.00390625, 0.08984375, 0.00390625, 0.00390625, 0.00390625, 0.05078125, 0.015625, 0.07421875, 0.6875]",31,109,26,48,123,
irp_ds_qaoa_R0026_0001,data/miplib_benders/qaoa_problems/nvars_04/irp_ds_qaoa_R0026_0001.json,4,12,1,ddsim,30,256,ok,13.479299206053838,391.35546875,6280850000.0,"{""C16908"": 0, ""C16915"": 0, ""C16916"": 0, ""C16917"": 1}",,,,"[[1, 0, 1, 1, 1, 0, 1, 1, 0, 1, 0, 0], [1, 1, 0, 1, 0, 1, 1, 1, 0, 1, 0, 0], [1, 1, 0, 1, 1, 0, 1, 0, 1, 1, 0, 0], [1, 1, 0, 1, 1, 0, 1, 1, 0, 1, 0, 0]]","[0.00390625, 0.00390625, 0.0078125, 0.984375]",31,149,26,66,132,
leo1_ds_qaoa_R0000002_0001,data/miplib_benders/qaoa_problems/nvars_04/leo1_ds_qaoa_R0000002_0001.json,4,12,1,ddsim,30,256,ok,16.169596120947972,473.140625,6.0,"{""C0003537"": 0, ""C0003538"": 0, ""C0003539"": 2, ""row_slack_R0000002"": 4}",6.0,"{""C0003537"": 0, ""C0003538"": 0, ""C0003539"": 2, ""row_slack_R0000002"": 4}",0.9921875,"[[0, 0, 0, 0, 0, 0, 0, 1, 0, 0, 0, 1], [0, 0, 0, 0, 0, 0, 0, 1, 0, 0, 1, 1], [1, 0, 1, 0, 0, 0, 0, 1, 0, 0, 0, 1]]","[0.9921875, 0.00390625, 0.00390625]",30,122,26,54,123,
leo1_ds_qaoa_R0000004_0001,data/miplib_benders/qaoa_problems/nvars_04/leo1_ds_qaoa_R0000004_0001.json,4,12,1,ddsim,30,256,ok,18.822572635952383,395.86328125,6.0,"{""C0003537"": 0, ""C0003538"": 0, ""C0003539"": 2, ""row_slack_R0000004"": 5}",6.0,"{""C0003537"": 0, ""C0003538"": 0, ""C0003539"": 2, ""row_slack_R0000004"": 5}",1.0,"[[0, 0, 0, 0, 0, 0, 0, 1, 0, 1, 0, 1]]",[1.0],22,109,26,48,120,
leo1_ds_qaoa_R0000004_0002,data/miplib_benders/qaoa_problems/nvars_04/leo1_ds_qaoa_R0000004_0002.json,4,12,1,ddsim,30,256,ok,19.377790112048388,397.50390625,6.0,"{""C0003538"": 0, ""C0003539"": 0, ""C0003540"": 2, ""row_slack_R0000004"": 7}",6.0,"{""C0003538"": 0, ""C0003539"": 0, ""C0003540"": 2, ""row_slack_R0000004"": 7}",1.0,"[[0, 0, 0, 0, 0, 0, 0, 1, 0, 1, 1, 1]]",[1.0],22,109,26,48,121,
leo1_ds_qaoa_R0000004_0003,data/miplib_benders/qaoa_problems/nvars_04/leo1_ds_qaoa_R0000004_0003.json,4,12,1,ddsim,30,256,ok,19.031075043953024,392.9375,4.0,"{""C0003539"": 1, ""C0003540"": 0, ""C0003541"": 1, ""row_slack_R0000004"": 7}",4.0,"{""C0003539"": 0, ""C0003540"": 2, ""C0003541"": 0, ""row_slack_R0000004"": 7}",1.0,"[[0, 0, 0, 0, 1, 0, 0, 0, 0, 1, 1, 1]]",[1.0],24,109,26,48,121,
leo1_ds_qaoa_R0000004_0004,data/miplib_benders/qaoa_problems/nvars_04/leo1_ds_qaoa_R0000004_0004.json,4,12,1,ddsim,30,256,ok,22.149646180099808,403.1484375,21.0,"{""C0003540"": 0, ""C0003541"": 0, ""C0003572"": 7, ""row_slack_R0000004"": 6}",18.0,"{""C0003540"": 0, ""C0003541"": 0, ""C0003572"": 6, ""row_slack_R0000004"": 3}",1.0,"[[0, 0, 0, 0, 0, 0, 0, 1, 1, 1, 1, 0]]",[1.0],24,82,26,36,111,
leo1_ds_qaoa_R0000004_0009,data/miplib_benders/qaoa_problems/nvars_04/leo1_ds_qaoa_R0000004_0009.json,4,12,1,ddsim,30,256,ok,17.951114077935927,474.68359375,6.0,"{""C0003575"": 0, ""C0003576"": 0, ""C0003577"": 2, ""row_slack_R0000004"": 3}",6.0,"{""C0003575"": 0, ""C0003576"": 0, ""C0003577"": 2, ""row_slack_R0000004"": 3}",1.0,"[[0, 0, 0, 0, 0, 0, 0, 1, 0, 1, 1, 0]]",[1.0],29,109,26,48,120,
leo2_ds_qaoa_R0000004_0004,data/miplib_benders/qaoa_problems/nvars_04/leo2_ds_qaoa_R0000004_0004.json,4,12,1,ddsim,30,256,ok,24.675112602999434,398.8984375,9.0,"{""C0005734"": 0, ""C0005735"": 0, ""C0005736"": 3, ""row_slack_R0000004"": 3}",9.0,"{""C0005734"": 0, ""C0005735"": 0, ""C0005736"": 3, ""row_slack_R0000004"": 3}",1.0,"[[0, 0, 0, 0, 0, 0, 1, 1, 0, 1, 1, 0]]",[1.0],22,96,26,42,117,
leo2_ds_qaoa_R0000004_0005,data/miplib_benders/qaoa_problems/nvars_04/leo2_ds_qaoa_R0000004_0005.json,4,12,1,ddsim,30,256,ok,18.995330096920952,474.66015625,8.0,"{""C0005735"": 0, ""C0005736"": 1, ""C0005737"": 2, ""row_slack_R0000004"": 7}",6.0,"{""C0005735"": 0, ""C0005736"": 0, ""C0005737"": 2, ""row_slack_R0000004"": 1}",1.0,"[[0, 0, 0, 0, 0, 0, 0, 1, 0, 1, 0, 0]]",[1.0],25,83,26,36,111,
leo2_ds_qaoa_R0000004_0006,data/miplib_benders/qaoa_problems/nvars_04/leo2_ds_qaoa_R0000004_0006.json,4,12,1,ddsim,30,256,ok,19.002596147940494,405.49609375,5.0,"{""C0005736"": 0, ""C0005737"": 1, ""C0005738"": 1, ""row_slack_R0000004"": 5}",4.0,"{""C0005736"": 0, ""C0005737"": 2, ""C0005738"": 0, ""row_slack_R0000004"": 1}",1.0,"[[0, 0, 0, 0, 1, 0, 0, 0, 0, 1, 0, 0]]",[1.0],31,108,26,48,117,
leo2_ds_qaoa_R0000004_0007,data/miplib_benders/qaoa_problems/nvars_04/leo2_ds_qaoa_R0000004_0007.json,4,12,1,ddsim,30,256,ok,19.211480819038115,400.31640625,4.0,"{""C0005737"": 1, ""C0005738"": 0, ""C0005739"": 1, ""row_slack_R0000004"": 7}",2.0,"{""C0005737"": 2, ""C0005738"": 0, ""C0005739"": 0, ""row_slack_R0000004"": 1}",0.99609375,"[[0, 1, 0, 0, 0, 0, 0, 0, 0, 1, 0, 0], [1, 1, 1, 0, 0, 0, 0, 0, 0, 1, 0, 0]]","[0.99609375, 0.00390625]",22,110,26,48,119,
leo2_ds_qaoa_R0000004_0009,data/miplib_benders/qaoa_problems/nvars_04/leo2_ds_qaoa_R0000004_0009.json,4,12,1,ddsim,30,256,ok,25.20318033103831,389.203125,21.0,"{""C0005739"": 0, ""C0005740"": 0, ""C0005788"": 7, ""row_slack_R0000004"": 6}",18.0,"{""C0005739"": 0, ""C0005740"": 0, ""C0005788"": 6, ""row_slack_R0000004"": 3}",1.0,"[[0, 0, 0, 0, 0, 0, 0, 1, 1, 1, 1, 0]]",[1.0],21,69,26,30,107,
neos-1456979_ds_qaoa_R0007_0001,data/miplib_benders/qaoa_problems/nvars_04/neos-1456979_ds_qaoa_R0007_0001.json,4,12,1,ddsim,30,256,ok,15.430876891012304,401.6015625,6.0,"{""C0186"": 0, ""C0187"": 0, ""C0188"": 0, ""C0189"": 1}",6.0,"{""C0186"": 0, ""C0187"": 0, ""C0188"": 0, ""C0189"": 1}",1.0,"[[0, 0, 0, 0, 0, 0, 0, 0, 0, 1, 0, 0]]",[1.0],31,149,26,66,132,
neos-1456979_ds_qaoa_R0008_0001,data/miplib_benders/qaoa_problems/nvars_04/neos-1456979_ds_qaoa_R0008_0001.json,4,12,1,ddsim,30,256,ok,11.051180155016482,398.765625,4.0,"{""C0191"": 0, ""C0192"": 0, ""C0193"": 0, ""C0194"": 1}",4.0,"{""C0191"": 0, ""C0192"": 0, ""C0193"": 0, ""C0194"": 1}",1.0,"[[0, 0, 0, 0, 0, 0, 0, 0, 0, 1, 0, 0]]",[1.0],21,149,26,66,132,
neos-2746589-doon_ds_qaoa_R0001_0001,data/miplib_benders/qaoa_problems/nvars_04/neos-2746589-doon_ds_qaoa_R0001_0001.json,4,12,1,ddsim,30,256,ok,9.848591597052291,401.63671875,29.0,"{""C0013"": 0, ""C0014"": 0, ""C0015"": 0, ""C0016"": 1}",29.0,"{""C0013"": 0, ""C0014"": 0, ""C0015"": 0, ""C0016"": 1}",1.0,"[[0, 0, 0, 0, 0, 0, 0, 0, 0, 1, 0, 0]]",[1.0],22,149,26,66,132,
neos-2746589-doon_ds_qaoa_R0002_0001,data/miplib_benders/qaoa_problems/nvars_04/neos-2746589-doon_ds_qaoa_R0002_0001.json,4,12,1,ddsim,30,256,ok,11.48881590005476,396.36328125,209.0,"{""C0019"": 0, ""C0020"": 0, ""C0021"": 0, ""C0022"": 1}",209.0,"{""C0019"": 0, ""C0020"": 0, ""C0021"": 0, ""C0022"": 1}",0.99609375,"[[0, 0, 0, 0, 0, 0, 0, 0, 0, 1, 0, 0], [1, 0, 1, 0, 0, 0, 0, 0, 0, 1, 0, 0]]","[0.99609375, 0.00390625]",28,149,26,66,132,
neos-4300652-rahue_ds_qaoa_R14653_0002,data/miplib_benders/qaoa_problems/nvars_04/neos-4300652-rahue_ds_qaoa_R14653_0002.json,4,12,1,ddsim,30,256,ok,21.0040866790805,405.3125,30.0,"{""C12150"": 7, ""C12152"": 1, ""C12153"": 7, ""row_slack_R14653"": 7}",25.0,"{""C12150"": 7, ""C12152"": 0, ""C12153"": 6, ""row_slack_R14653"": 7}",1.0,"[[1, 1, 1, 0, 0, 0, 0, 1, 1, 1, 1, 1]]",[1.0],24,96,26,42,119,
neos-4647030-tutaki_ds_qaoa_R7864_0001,data/miplib_benders/qaoa_problems/nvars_04/neos-4647030-tutaki_ds_qaoa_R7864_0001.json,4,12,1,ddsim,30,256,ok,12.574690731940791,389.5703125,3.0,"{""C10006"": 0, ""C10007"": 0, ""C10008"": 1, ""row_slack_R7864"": 0}",0.0,"{""C10006"": 0, ""C10007"": 0, ""C10008"": 0, ""row_slack_R7864"": 1}",1.0,"[[0, 0, 0, 0, 0, 0, 0, 0, 0, 1, 0, 0]]",[1.0],20,149,26,66,132,
neos8_ds_qaoa_R0001_0001,data/miplib_benders/qaoa_problems/nvars_04/neos8_ds_qaoa_R0001_0001.json,4,12,1,ddsim,30,256,ok,9.467269098036923,402.9296875,-0.0,"{""C0001"": 0, ""C0002"": 0, ""C0005"": 0, ""row_slack_R0001"": 1}",0.0,"{""C0001"": 0, ""C0002"": 0, ""C0005"": 0, ""row_slack_R0001"": 1}",1.0,"[[0, 0, 0, 0, 0, 0, 0, 0, 0, 1, 0, 0]]",[1.0],20,149,26,66,132,
neos8_ds_qaoa_R0001_0002,data/miplib_benders/qaoa_problems/nvars_04/neos8_ds_qaoa_R0001_0002.json,4,12,1,ddsim,30,256,ok,11.11843430402223,405.41015625,-0.0,"{""C0002"": 0, ""C0005"": 0, ""C0006"": 0, ""row_slack_R0001"": 1}",0.0,"{""C0002"": 0, ""C0005"": 0, ""C0006"": 0, ""row_slack_R0001"": 1}",1.0,"[[0, 0, 0, 0, 0, 0, 0, 0, 0, 1, 0, 0]]",[1.0],20,149,26,66,132,
neos8_ds_qaoa_R0001_0003,data/miplib_benders/qaoa_problems/nvars_04/neos8_ds_qaoa_R0001_0003.json,4,12,1,ddsim,30,256,ok,13.195057845907286,405.53125,-0.0,"{""C0005"": 0, ""C0006"": 0, ""C0009"": 0, ""row_slack_R0001"": 1}",0.0,"{""C0005"": 0, ""C0006"": 0, ""C0009"": 0, ""row_slack_R0001"": 1}",1.0,"[[0, 0, 0, 0, 0, 0, 0, 0, 0, 1, 0, 0]]",[1.0],23,149,26,66,132,
neos8_ds_qaoa_R0001_0004,data/miplib_benders/qaoa_problems/nvars_04/neos8_ds_qaoa_R0001_0004.json,4,12,1,ddsim,30,256,ok,11.003927814075723,403.5859375,-0.0,"{""C0006"": 0, ""C0009"": 0, ""C0017"": 0, ""row_slack_R0001"": 1}",0.0,"{""C0006"": 0, ""C0009"": 0, ""C0017"": 0, ""row_slack_R0001"": 1}",1.0,"[[0, 0, 0, 0, 0, 0, 0, 0, 0, 1, 0, 0]]",[1.0],20,149,26,66,132,
neos8_ds_qaoa_R0001_0005,data/miplib_benders/qaoa_problems/nvars_04/neos8_ds_qaoa_R0001_0005.json,4,12,1,ddsim,30,256,ok,13.445195670006797,475.078125,-0.0,"{""C0009"": 0, ""C0017"": 0, ""C0018"": 0, ""row_slack_R0001"": 1}",0.0,"{""C0009"": 0, ""C0017"": 0, ""C0018"": 0, ""row_slack_R0001"": 1}",1.0,"[[0, 0, 0, 0, 0, 0, 0, 0, 0, 1, 0, 0]]",[1.0],21,149,26,66,132,
neos8_ds_qaoa_R0001_0006,data/miplib_benders/qaoa_problems/nvars_04/neos8_ds_qaoa_R0001_0006.json,4,12,1,ddsim,30,256,ok,14.775034985039383,403.1953125,-0.0,"{""C0017"": 0, ""C0018"": 0, ""C0022"": 0, ""row_slack_R0001"": 1}",0.0,"{""C0017"": 0, ""C0018"": 0, ""C0022"": 0, ""row_slack_R0001"": 1}",1.0,"[[0, 0, 0, 0, 0, 0, 0, 0, 0, 1, 0, 0]]",[1.0],31,149,26,66,132,
neos8_ds_qaoa_R0001_0007,data/miplib_benders/qaoa_problems/nvars_04/neos8_ds_qaoa_R0001_0007.json,4,12,1,ddsim,30,256,ok,11.68239387392532,389.62890625,-0.0,"{""C0018"": 0, ""C0022"": 0, ""C0025"": 0, ""row_slack_R0001"": 1}",0.0,"{""C0018"": 0, ""C0022"": 0, ""C0025"": 0, ""row_slack_R0001"": 1}",1.0,"[[0, 0, 0, 0, 0, 0, 0, 0, 0, 1, 0, 0]]",[1.0],23,149,26,66,132,
neos8_ds_qaoa_R0001_0008,data/miplib_benders/qaoa_problems/nvars_04/neos8_ds_qaoa_R0001_0008.json,4,12,1,ddsim,30,256,ok,11.642522640991956,474.84765625,-0.0,"{""C0022"": 0, ""C0025"": 0, ""C0026"": 0, ""row_slack_R0001"": 1}",0.0,"{""C0022"": 0, ""C0025"": 0, ""C0026"": 0, ""row_slack_R0001"": 1}",1.0,"[[0, 0, 0, 0, 0, 0, 0, 0, 0, 1, 0, 0]]",[1.0],21,149,26,66,132,
neos8_ds_qaoa_R0002_0003,data/miplib_benders/qaoa_problems/nvars_04/neos8_ds_qaoa_R0002_0003.json,4,12,1,ddsim,30,256,ok,11.182848424999975,399.39453125,-0.0,"{""C0005"": 0, ""C0006"": 0, ""C0013"": 0, ""row_slack_R0002"": 1}",0.0,"{""C0005"": 0, ""C0006"": 0, ""C0013"": 0, ""row_slack_R0002"": 1}",1.0,"[[0, 0, 0, 0, 0, 0, 0, 0, 0, 1, 0, 0]]",[1.0],22,149,26,66,132,
neos8_ds_qaoa_R0002_0004,data/miplib_benders/qaoa_problems/nvars_04/neos8_ds_qaoa_R0002_0004.json,4,12,1,ddsim,30,256,ok,10.87527060706634,477.1484375,-0.0,"{""C0006"": 0, ""C0013"": 0, ""C0014"": 0, ""row_slack_R0002"": 1}",0.0,"{""C0006"": 0, ""C0013"": 0, ""C0014"": 0, ""row_slack_R0002"": 1}",1.0,"[[0, 0, 0, 0, 0, 0, 0, 0, 0, 1, 0, 0]]",[1.0],24,149,26,66,132,
neos8_ds_qaoa_R0002_0005,data/miplib_benders/qaoa_problems/nvars_04/neos8_ds_qaoa_R0002_0005.json,4,12,1,ddsim,30,256,ok,10.390154569991864,404.1484375,-0.0,"{""C0013"": 0, ""C0014"": 0, ""C0017"": 0, ""row_slack_R0002"": 1}",0.0,"{""C0013"": 0, ""C0014"": 0, ""C0017"": 0, ""row_slack_R0002"": 1}",0.99609375,"[[0, 0, 0, 0, 0, 0, 0, 0, 0, 1, 0, 0], [1, 0, 0, 0, 0, 0, 0, 1, 0, 1, 0, 0]]","[0.99609375, 0.00390625]",31,149,26,66,132,
neos8_ds_qaoa_R0002_0006,data/miplib_benders/qaoa_problems/nvars_04/neos8_ds_qaoa_R0002_0006.json,4,12,1,ddsim,30,256,ok,11.843132036970928,405.55859375,-0.0,"{""C0014"": 0, ""C0017"": 0, ""C0018"": 0, ""row_slack_R0002"": 1}",0.0,"{""C0014"": 0, ""C0017"": 0, ""C0018"": 0, ""row_slack_R0002"": 1}",0.984375,"[[0, 0, 0, 0, 0, 0, 0, 0, 0, 1, 0, 0], [1, 0, 0, 0, 0, 0, 0, 0, 0, 0, 0, 0], [1, 0, 0, 0, 0, 0, 0, 0, 0, 1, 1, 0], [1, 0, 0, 0, 0, 0, 0, 1, 0, 1, 0, 0], [1, 1, 0, 0, 0, 0, 0, 0, 0, 1, 0, 0]]","[0.984375, 0.00390625, 0.00390625, 0.00390625, 0.00390625]",30,149,26,66,132,
neos8_ds_qaoa_R0002_0007,data/miplib_benders/qaoa_problems/nvars_04/neos8_ds_qaoa_R0002_0007.json,4,12,1,ddsim,30,256,ok,8.738994944025762,401.0703125,-0.0,"{""C0017"": 0, ""C0018"": 0, ""C0023"": 0, ""row_slack_R0002"": 1}",0.0,"{""C0017"": 0, ""C0018"": 0, ""C0023"": 0, ""row_slack_R0002"": 1}",1.0,"[[0, 0, 0, 0, 0, 0, 0, 0, 0, 1, 0, 0]]",[1.0],23,149,26,66,132,
neos8_ds_qaoa_R0002_0008,data/miplib_benders/qaoa_problems/nvars_04/neos8_ds_qaoa_R0002_0008.json,4,12,1,ddsim,30,256,ok,12.014668591087684,477.43359375,-0.0,"{""C0018"": 0, ""C0023"": 0, ""C0024"": 0, ""row_slack_R0002"": 1}",0.0,"{""C0018"": 0, ""C0023"": 0, ""C0024"": 0, ""row_slack_R0002"": 1}",1.0,"[[0, 0, 0, 0, 0, 0, 0, 0, 0, 1, 0, 0]]",[1.0],25,149,26,66,132,
neos8_ds_qaoa_R0003_0001,data/miplib_benders/qaoa_problems/nvars_04/neos8_ds_qaoa_R0003_0001.json,4,12,1,ddsim,30,256,ok,12.522155044018291,404.828125,-0.0,"{""C0001"": 0, ""C0002"": 0, ""C0009"": 0, ""row_slack_R0003"": 1}",0.0,"{""C0001"": 0, ""C0002"": 0, ""C0009"": 0, ""row_slack_R0003"": 1}",1.0,"[[0, 0, 0, 0, 0, 0, 0, 0, 0, 1, 0, 0]]",[1.0],23,149,26,66,132,
neos8_ds_qaoa_R0003_0002,data/miplib_benders/qaoa_problems/nvars_04/neos8_ds_qaoa_R0003_0002.json,4,12,1,ddsim,30,256,ok,14.382682173047215,395.7578125,-0.0,"{""C0002"": 0, ""C0009"": 0, ""C0013"": 0, ""row_slack_R0003"": 1}",0.0,"{""C0002"": 0, ""C0009"": 0, ""C0013"": 0, ""row_slack_R0003"": 1}",1.0,"[[0, 0, 0, 0, 0, 0, 0, 0, 0, 1, 0, 0]]",[1.0],25,149,26,66,132,
neos8_ds_qaoa_R0003_0003,data/miplib_benders/qaoa_problems/nvars_04/neos8_ds_qaoa_R0003_0003.json,4,12,1,ddsim,30,256,ok,10.306561185978353,405.30078125,-0.0,"{""C0009"": 0, ""C0013"": 0, ""C0014"": 0, ""row_slack_R0003"": 1}",0.0,"{""C0009"": 0, ""C0013"": 0, ""C0014"": 0, ""row_slack_R0003"": 1}",1.0,"[[0, 0, 0, 0, 0, 0, 0, 0, 0, 1, 0, 0]]",[1.0],25,149,26,66,132,
neos8_ds_qaoa_R0003_0004,data/miplib_benders/qaoa_problems/nvars_04/neos8_ds_qaoa_R0003_0004.json,4,12,1,ddsim,30,256,ok,9.300203413004056,391.25390625,-0.0,"{""C0013"": 0, ""C0014"": 0, ""C0022"": 0, ""row_slack_R0003"": 1}",0.0,"{""C0013"": 0, ""C0014"": 0, ""C0022"": 0, ""row_slack_R0003"": 1}",1.0,"[[0, 0, 0, 0, 0, 0, 0, 0, 0, 1, 0, 0]]",[1.0],28,149,26,66,132,
neos8_ds_qaoa_R0004_0002,data/miplib_benders/qaoa_problems/nvars_04/neos8_ds_qaoa_R0004_0002.json,4,12,1,ddsim,30,256,ok,11.93834524799604,405.59765625,-0.0,"{""C0006"": 0, ""C0009"": 0, ""C0013"": 0, ""row_slack_R0004"": 1}",0.0,"{""C0006"": 0, ""C0009"": 0, ""C0013"": 0, ""row_slack_R0004"": 1}",1.0,"[[0, 0, 0, 0, 0, 0, 0, 0, 0, 1, 0, 0]]",[1.0],22,149,26,66,132,
neos8_ds_qaoa_R0004_0005,data/miplib_benders/qaoa_problems/nvars_04/neos8_ds_qaoa_R0004_0005.json,4,12,1,ddsim,30,256,ok,11.871606948086992,388.9765625,-0.0,"{""C0014"": 0, ""C0023"": 0, ""C0024"": 0, ""row_slack_R0004"": 1}",0.0,"{""C0014"": 0, ""C0023"": 0, ""C0024"": 0, ""row_slack_R0004"": 1}",1.0,"[[0, 0, 0, 0, 0, 0, 0, 0, 0, 1, 0, 0]]",[1.0],30,149,26,66,132,
neos8_ds_qaoa_R0004_0006,data/miplib_benders/qaoa_problems/nvars_04/neos8_ds_qaoa_R0004_0006.json,4,12,1,ddsim,30,256,ok,9.752615235047415,397.10546875,-0.0,"{""C0023"": 0, ""C0024"": 0, ""C0025"": 0, ""row_slack_R0004"": 1}",0.0,"{""C0023"": 0, ""C0024"": 0, ""C0025"": 0, ""row_slack_R0004"": 1}",1.0,"[[0, 0, 0, 0, 0, 0, 0, 0, 0, 1, 0, 0]]",[1.0],22,149,26,66,132,
neos8_ds_qaoa_R0004_0007,data/miplib_benders/qaoa_problems/nvars_04/neos8_ds_qaoa_R0004_0007.json,4,12,1,ddsim,30,256,ok,11.020862006000243,389.37109375,-0.0,"{""C0024"": 0, ""C0025"": 0, ""C0026"": 0, ""row_slack_R0004"": 1}",0.0,"{""C0024"": 0, ""C0025"": 0, ""C0026"": 0, ""row_slack_R0004"": 1}",1.0,"[[0, 0, 0, 0, 0, 0, 0, 0, 0, 1, 0, 0]]",[1.0],30,149,26,66,132,
ns1830653_ds_qaoa_R0880_0001,data/miplib_benders/qaoa_problems/nvars_04/ns1830653_ds_qaoa_R0880_0001.json,4,12,1,ddsim,30,256,ok,11.371526501025073,475.03515625,145.0,"{""C0234"": 1, ""C0252"": 0, ""C0270"": 0, ""C0288"": 0}",121.0,"{""C0234"": 0, ""C0252"": 0, ""C0270"": 0, ""C0288"": 1}",1.0,"[[0, 0, 0, 0, 0, 0, 0, 0, 0, 1, 0, 0]]",[1.0],25,149,26,66,132,
ns1830653_ds_qaoa_R0880_0002,data/miplib_benders/qaoa_problems/nvars_04/ns1830653_ds_qaoa_R0880_0002.json,4,12,1,ddsim,30,256,ok,9.604288912029006,394.4609375,224.0,"{""C0252"": 0, ""C0270"": 0, ""C0288"": 0, ""C0306"": 1}",224.0,"{""C0252"": 0, ""C0270"": 0, ""C0288"": 0, ""C0306"": 1}",1.0,"[[0, 0, 0, 0, 0, 0, 0, 0, 0, 1, 0, 0]]",[1.0],26,149,26,66,132,
ns1830653_ds_qaoa_R0880_0003,data/miplib_benders/qaoa_problems/nvars_04/ns1830653_ds_qaoa_R0880_0003.json,4,12,1,ddsim,30,256,ok,12.21306724101305,474.94140625,224.0,"{""C0270"": 0, ""C0288"": 0, ""C0306"": 1, ""C0504"": 0}",127.0,"{""C0270"": 0, ""C0288"": 0, ""C0306"": 0, ""C0504"": 1}",0.99609375,"[[0, 0, 0, 0, 0, 0, 0, 0, 0, 1, 0, 0], [1, 0, 1, 0, 0, 0, 0, 0, 0, 1, 0, 0]]","[0.99609375, 0.00390625]",30,149,26,66,132,
ns1830653_ds_qaoa_R0898_0001,data/miplib_benders/qaoa_problems/nvars_04/ns1830653_ds_qaoa_R0898_0001.json,4,12,1,ddsim,30,256,ok,7.612590274075046,477.4453125,221.0,"{""C0360"": 0, ""C0378"": 0, ""C0396"": 1, ""C0414"": 0}",129.0,"{""C0360"": 0, ""C0378"": 0, ""C0396"": 0, ""C0414"": 1}",1.0,"[[0, 0, 0, 0, 0, 0, 0, 0, 0, 1, 0, 0]]",[1.0],23,149,26,66,132,
ns1830653_ds_qaoa_R0898_0002,data/miplib_benders/qaoa_problems/nvars_04/ns1830653_ds_qaoa_R0898_0002.json,4,12,1,ddsim,30,256,ok,8.973809877992608,405.578125,221.0,"{""C0378"": 0, ""C0396"": 1, ""C0414"": 0, ""C0432"": 0}",148.0,"{""C0378"": 0, ""C0396"": 0, ""C0414"": 0, ""C0432"": 1}",1.0,"[[0, 0, 0, 0, 0, 0, 0, 0, 0, 1, 0, 0]]",[1.0],25,149,26,66,132,
ns1830653_ds_qaoa_R0898_0003,data/miplib_benders/qaoa_problems/nvars_04/ns1830653_ds_qaoa_R0898_0003.json,4,12,1,ddsim,30,256,ok,12.12609819509089,405.59375,264.0,"{""C0396"": 0, ""C0414"": 0, ""C0432"": 0, ""C0450"": 1}",264.0,"{""C0396"": 0, ""C0414"": 0, ""C0432"": 0, ""C0450"": 1}",1.0,"[[0, 0, 0, 0, 0, 0, 0, 0, 0, 1, 0, 0]]",[1.0],27,149,26,66,132,
ns1830653_ds_qaoa_R0898_0004,data/miplib_benders/qaoa_problems/nvars_04/ns1830653_ds_qaoa_R0898_0004.json,4,12,1,ddsim,30,256,ok,8.061547967954539,390.22265625,264.0,"{""C0414"": 0, ""C0432"": 0, ""C0450"": 1, ""C0468"": 0}",224.0,"{""C0414"": 0, ""C0432"": 0, ""C0450"": 0, ""C0468"": 1}",1.0,"[[0, 0, 0, 0, 0, 0, 0, 0, 0, 1, 0, 0]]",[1.0],20,149,26,66,132,
ns1830653_ds_qaoa_R0898_0005,data/miplib_benders/qaoa_problems/nvars_04/ns1830653_ds_qaoa_R0898_0005.json,4,12,1,ddsim,30,256,ok,9.78782983601559,405.6953125,264.0,"{""C0432"": 0, ""C0450"": 1, ""C0468"": 0, ""C0522"": 0}",58.0,"{""C0432"": 0, ""C0450"": 0, ""C0468"": 0, ""C0522"": 1}",0.9921875,"[[0, 0, 0, 0, 0, 0, 0, 0, 0, 1, 0, 0], [1, 0, 0, 0, 0, 0, 0, 0, 0, 1, 1, 0], [1, 0, 1, 0, 0, 0, 0, 0, 0, 1, 0, 0]]","[0.9921875, 0.00390625, 0.00390625]",27,149,26,66,132,
satellites2-60-fs_ds_qaoa_R13541_0001,data/miplib_benders/qaoa_problems/nvars_04/satellites2-60-fs_ds_qaoa_R13541_0001.json,4,12,1,ddsim,30,256,ok,8.456498407991603,405.55859375,-0.0,"{""C34179"": 0, ""C34180"": 0, ""C34181"": 0, ""row_slack_R13541"": 1}",0.0,"{""C34179"": 0, ""C34180"": 0, ""C34181"": 0, ""row_slack_R13541"": 1}",1.0,"[[0, 0, 0, 0, 0, 0, 0, 0, 0, 1, 0, 0]]",[1.0],22,149,26,66,132,
supportcase6_ds_qaoa_c722_0001,data/miplib_benders/qaoa_problems/nvars_04/supportcase6_ds_qaoa_c722_0001.json,4,12,1,ddsim,30,256,ok,17.11463778000325,393.94921875,151847000.0,"{""B100166(7)"": 1, ""B100594(7)"": 0, ""B100600(7)"": 0, ""B100602(7)"": 0}",,,,"[[1, 0, 0, 0, 1, 0, 1, 1, 0, 1, 0, 0], [1, 0, 1, 0, 0, 0, 1, 0, 1, 1, 0, 0], [1, 0, 1, 0, 0, 0, 1, 1, 0, 1, 0, 0], [1, 0, 1, 1, 0, 1, 1, 1, 0, 1, 0, 0], [1, 0, 1, 1, 1, 0, 0, 0, 0, 1, 0, 0], [1, 0, 1, 1, 1, 0, 1, 0, 1, 1, 0, 0], [1, 0, 1, 1, 1, 0, 1, 1, 0, 1, 0, 0], [1, 1, 0, 0, 0, 0, 1, 0, 1, 1, 0, 0], [1, 1, 0, 0, 0, 0, 1, 1, 0, 1, 0, 0], [1, 1, 0, 1, 0, 0, 0, 0, 1, 1, 0, 0], [1, 1, 0, 1, 0, 0, 0, 1, 0, 1, 0, 0], [1, 1, 0, 1, 0, 1, 1, 0, 1, 1, 0, 0], [1, 1, 0, 1, 0, 1, 1, 1, 0, 1, 0, 0], [1, 1, 0, 1, 1, 0, 0, 0, 0, 1, 0, 0], [1, 1, 0, 1, 1, 0, 1, 0, 1, 1, 0, 0], [1, 1, 0, 1, 1, 0, 1, 1, 0, 1, 0, 0]]","[0.0078125, 0.00390625, 0.00390625, 0.0078125, 0.00390625, 0.01171875, 0.0390625, 0.00390625, 0.046875, 0.00390625, 0.00390625, 0.00390625, 0.02734375, 0.07421875, 0.05078125, 0.70703125]",29,149,26,66,132,
supportcase6_ds_qaoa_c722_0002,data/miplib_benders/qaoa_problems/nvars_04/supportcase6_ds_qaoa_c722_0002.json,4,12,1,ddsim,30,256,ok,9.449426618986763,475.03125,150892000.0,"{""B100594(7)"": 1, ""B100600(7)"": 0, ""B100602(7)"": 0, ""B100608(7)"": 0}",,,,"[[1, 0, 1, 0, 0, 0, 1, 1, 0, 1, 0, 0], [1, 0, 1, 1, 1, 0, 1, 1, 0, 1, 0, 0], [1, 1, 0, 0, 0, 0, 1, 1, 0, 1, 0, 0], [1, 1, 0, 1, 0, 1, 1, 1, 0, 1, 0, 0], [1, 1, 0, 1, 1, 0, 0, 0, 0, 1, 0, 0], [1, 1, 0, 1, 1, 0, 1, 1, 0, 1, 0, 0]]","[0.00390625, 0.00390625, 0.0078125, 0.01171875, 0.01171875, 0.9609375]",30,149,26,66,132,
supportcase6_ds_qaoa_c722_0003,data/miplib_benders/qaoa_problems/nvars_04/supportcase6_ds_qaoa_c722_0003.json,4,12,1,ddsim,30,256,ok,10.818685756064951,389.2265625,151847000.0,"{""B100600(7)"": 0, ""B100602(7)"": 0, ""B100608(7)"": 0, ""B100623(7)"": 1}",,,,"[[1, 0, 1, 1, 1, 0, 1, 1, 0, 1, 0, 0], [1, 1, 0, 0, 0, 0, 1, 1, 0, 1, 0, 0], [1, 1, 0, 1, 0, 1, 1, 1, 0, 1, 0, 0], [1, 1, 0, 1, 1, 0, 0, 0, 0, 1, 0, 0], [1, 1, 0, 1, 1, 0, 1, 0, 1, 1, 0, 0], [1, 1, 0, 1, 1, 0, 1, 1, 0, 1, 0, 0]]","[0.01171875, 0.01171875, 0.015625, 0.00390625, 0.0078125, 0.94921875]",29,149,26,66,132,
supportcase6_ds_qaoa_c722_0004,data/miplib_benders/qaoa_problems/nvars_04/supportcase6_ds_qaoa_c722_0004.json,4,12,1,ddsim,30,256,ok,12.577350722043775,405.20703125,151847000.0,"{""B100602(7)"": 0, ""B100608(7)"": 0, ""B100623(7)"": 1, ""B101029(7)"": 0}",,,,"[[1, 0, 1, 1, 1, 0, 1, 1, 0, 1, 0, 0], [1, 1, 0, 0, 0, 0, 1, 1, 0, 1, 0, 0], [1, 1, 0, 1, 0, 1, 1, 1, 0, 1, 0, 0], [1, 1, 0, 1, 1, 0, 0, 0, 0, 1, 0, 0], [1, 1, 0, 1, 1, 0, 1, 0, 1, 1, 0, 0], [1, 1, 0, 1, 1, 0, 1, 1, 0, 1, 0, 0]]","[0.0390625, 0.01171875, 0.02734375, 0.02734375, 0.01953125, 0.875]",28,149,26,66,132,
supportcase6_ds_qaoa_c722_0005,data/miplib_benders/qaoa_problems/nvars_04/supportcase6_ds_qaoa_c722_0005.json,4,12,1,ddsim,30,256,ok,13.299941151984967,403.578125,151847000.0,"{""B100608(7)"": 0, ""B100623(7)"": 1, ""B101029(7)"": 0, ""B101035(7)"": 0}",,,,"[[1, 0, 1, 1, 1, 0, 1, 1, 0, 1, 0, 0], [1, 1, 0, 0, 0, 0, 1, 0, 1, 1, 0, 0], [1, 1, 0, 0, 0, 0, 1, 1, 0, 1, 0, 0], [1, 1, 0, 1, 0, 1, 1, 1, 0, 1, 0, 0], [1, 1, 0, 1, 1, 0, 0, 0, 0, 1, 0, 0], [1, 1, 0, 1, 1, 0, 1, 0, 1, 1, 0, 0], [1, 1, 0, 1, 1, 0, 1, 1, 0, 1, 0, 0]]","[0.01953125, 0.0078125, 0.03515625, 0.0234375, 0.03125, 0.01953125, 0.86328125]",29,149,26,66,132,
supportcase6_ds_qaoa_c722_c726_0002,data/miplib_benders/qaoa_problems/nvars_04/supportcase6_ds_qaoa_c722_c726_0002.json,4,12,2,ddsim,30,256,ok,23.66724320407957,468.8046875,150892000.0,"{""B100594(7)"": 1, ""B100600(7)"": 0, ""B100602(7)"": 0, ""B100608(7)"": 0}",,,,"[[1, 0, 0, 0, 1, 0, 1, 0, 0, 0, 0, 0], [1, 0, 0, 0, 1, 0, 1, 0, 0, 1, 1, 0], [1, 0, 1, 1, 0, 1, 1, 0, 0, 1, 1, 0], [1, 0, 1, 1, 1, 0, 1, 0, 0, 1, 0, 1], [1, 0, 1, 1, 1, 0, 1, 0, 0, 1, 1, 0], [1, 1, 0, 0, 0, 0, 1, 0, 0, 0, 0, 0], [1, 1, 0, 0, 0, 0, 1, 0, 0, 1, 0, 1], [1, 1, 0, 0, 0, 0, 1, 0, 0, 1, 1, 0], [1, 1, 0, 1, 0, 1, 1, 0, 0, 1, 0, 1], [1, 1, 0, 1, 0, 1, 1, 0, 0, 1, 1, 0], [1, 1, 0, 1, 1, 0, 1, 0, 0, 1, 0, 1], [1, 1, 0, 1, 1, 0, 1, 0, 0, 1, 1, 0]]","[0.00390625, 0.01171875, 0.00390625, 0.00390625, 0.109375, 0.00390625, 0.015625, 0.078125, 0.015625, 0.0859375, 0.05859375, 0.609375]",25,109,26,48,123,
supportcase6_ds_qaoa_c722_c726_0003,data/miplib_benders/qaoa_problems/nvars_04/supportcase6_ds_qaoa_c722_c726_0003.json,4,12,2,ddsim,30,256,ok,30.66555083694402,405.61328125,151847000.0,"{""B100600(7)"": 0, ""B100602(7)"": 0, ""B100608(7)"": 0, ""B100623(7)"": 1}",,,,"[[1, 0, 0, 0, 0, 1, 1, 1, 0, 1, 0, 0], [1, 0, 0, 0, 1, 0, 1, 1, 0, 1, 0, 0], [1, 0, 1, 0, 0, 0, 1, 0, 1, 1, 0, 0], [1, 0, 1, 0, 0, 0, 1, 1, 0, 1, 0, 0], [1, 0, 1, 1, 0, 1, 1, 1, 0, 1, 0, 0], [1, 0, 1, 1, 1, 0, 1, 0, 1, 1, 0, 0], [1, 0, 1, 1, 1, 0, 1, 1, 0, 1, 0, 0], [1, 1, 0, 0, 0, 0, 1, 0, 1, 1, 0, 0], [1, 1, 0, 0, 0, 0, 1, 1, 0, 1, 0, 0], [1, 1, 0, 1, 0, 0, 1, 0, 1, 0, 0, 0], [1, 1, 0, 1, 0, 0, 1, 1, 0, 0, 0, 0], [1, 1, 0, 1, 0, 1, 0, 0, 0, 1, 0, 0], [1, 1, 0, 1, 0, 1, 1, 0, 1, 1, 0, 0], [1, 1, 0, 1, 0, 1, 1, 1, 0, 1, 0, 0], [1, 1, 0, 1, 1, 0, 0, 0, 0, 1, 0, 0], [1, 1, 0, 1, 1, 0, 1, 0, 1, 1, 0, 0], [1, 1, 0, 1, 1, 0, 1, 1, 0, 1, 0, 0]]","[0.00390625, 0.01953125, 0.00390625, 0.0234375, 0.01953125, 0.015625, 0.05859375, 0.015625, 0.08984375, 0.00390625, 0.01171875, 0.00390625, 0.0078125, 0.09375, 0.03515625, 0.109375, 0.484375]",27,109,26,48,123,
supportcase6_ds_qaoa_c722_c726_0004,data/miplib_benders/qaoa_problems/nvars_04/supportcase6_ds_qaoa_c722_c726_0004.json,4,12,2,ddsim,30,256,ok,26.650349242030643,389.546875,151847000.0,"{""B100602(7)"": 0, ""B100608(7)"": 0, ""B100623(7)"": 1, ""B101029(7)"": 0}",,,,"[[1, 0, 0, 1, 1, 0, 0, 0, 1, 1, 0, 0], [1, 0, 0, 1, 1, 0, 0, 1, 0, 1, 0, 0], [1, 0, 1, 1, 0, 1, 0, 0, 0, 1, 0, 0], [1, 0, 1, 1, 0, 1, 1, 0, 1, 1, 0, 0], [1, 0, 1, 1, 0, 1, 1, 1, 0, 1, 0, 0], [1, 0, 1, 1, 1, 0, 0, 0, 0, 1, 0, 0], [1, 0, 1, 1, 1, 0, 1, 0, 1, 1, 0, 0], [1, 0, 1, 1, 1, 0, 1, 1, 0, 1, 0, 0], [1, 1, 0, 0, 0, 0, 1, 0, 1, 1, 0, 0], [1, 1, 0, 0, 0, 0, 1, 1, 0, 1, 0, 0], [1, 1, 0, 1, 0, 1, 0, 0, 0, 1, 0, 0], [1, 1, 0, 1, 0, 1, 1, 0, 0, 0, 0, 0], [1, 1, 0, 1, 0, 1, 1, 0, 0, 1, 1, 0], [1, 1, 0, 1, 0, 1, 1, 0, 1, 1, 0, 0], [1, 1, 0, 1, 0, 1, 1, 1, 0, 1, 0, 0], [1, 1, 0, 1, 1, 0, 0, 0, 0, 1, 0, 0], [1, 1, 0, 1, 1, 0, 1, 0, 0, 0, 0, 0], [1, 1, 0, 1, 1, 0, 1, 0, 1, 1, 0, 0], [1, 1, 0, 1, 1, 0, 1, 1, 0, 1, 0, 0]]","[0.01171875, 0.0390625, 0.01171875, 0.00390625, 0.00390625, 0.03125, 0.03125, 0.09765625, 0.00390625, 0.0234375, 0.015625, 0.00390625, 0.00390625, 0.01171875, 0.06640625, 0.109375, 0.01171875, 0.109375, 0.41015625]",25,109,26,48,123,
supportcase6_ds_qaoa_c722_c726_0005,data/miplib_benders/qaoa_problems/nvars_04/supportcase6_ds_qaoa_c722_c726_0005.json,4,12,2,ddsim,30,256,ok,13.867690765066072,394.20703125,151847000.0,"{""B100608(7)"": 0, ""B100623(7)"": 1, ""B101029(7)"": 0, ""B101035(7)"": 0}",,,,"[[1, 0, 1, 1, 0, 1, 1, 1, 0, 1, 0, 0], [1, 0, 1, 1, 1, 0, 0, 0, 0, 1, 0, 0], [1, 0, 1, 1, 1, 0, 1, 1, 0, 1, 0, 0], [1, 1, 0, 1, 0, 1, 1, 0, 1, 1, 0, 0], [1, 1, 0, 1, 0, 1, 1, 1, 0, 1, 0, 0], [1, 1, 0, 1, 1, 0, 0, 0, 0, 1, 0, 0], [1, 1, 0, 1, 1, 0, 1, 0, 1, 1, 0, 0], [1, 1, 0, 1, 1, 0, 1, 1, 0, 1, 0, 0]]","[0.00390625, 0.0078125, 0.03125, 0.00390625, 0.02734375, 0.0390625, 0.01171875, 0.875]",27,109,26,48,123,
supportcase6_ds_qaoa_c726_0002,data/miplib_benders/qaoa_problems/nvars_04/supportcase6_ds_qaoa_c726_0002.json,4,12,1,ddsim,30,256,ok,9.280682296026498,405.46484375,151847000.0,"{""B100594(7)"": 0, ""B100600(7)"": 0, ""B100602(7)"": 0, ""B100623(7)"": 1}",,,,"[[1, 0, 1, 1, 1, 0, 1, 1, 0, 1, 0, 0], [1, 1, 0, 1, 1, 0, 0, 0, 0, 1, 0, 0], [1, 1, 0, 1, 1, 0, 1, 1, 0, 1, 0, 0]]","[0.00390625, 0.00390625, 0.9921875]",31,149,26,66,132,
supportcase6_ds_qaoa_c726_0003,data/miplib_benders/qaoa_problems/nvars_04/supportcase6_ds_qaoa_c726_0003.json,4,12,1,ddsim,30,256,ok,8.709211657987908,420.21484375,151847000.0,"{""B100600(7)"": 0, ""B100602(7)"": 0, ""B100623(7)"": 1, ""B101029(7)"": 0}",,,,"[[1, 1, 0, 1, 1, 0, 1, 1, 0, 1, 0, 0]]",[1.0],29,149,26,66,132,
supportcase6_ds_qaoa_c726_0004,data/miplib_benders/qaoa_problems/nvars_04/supportcase6_ds_qaoa_c726_0004.json,4,12,1,ddsim,30,256,ok,9.23123122297693,474.93359375,151847000.0,"{""B100602(7)"": 0, ""B100623(7)"": 1, ""B101029(7)"": 0, ""B101035(7)"": 0}",,,,"[[1, 0, 1, 1, 1, 0, 1, 1, 0, 1, 0, 0], [1, 1, 0, 0, 0, 0, 1, 1, 0, 1, 0, 0], [1, 1, 0, 1, 0, 1, 1, 1, 0, 1, 0, 0], [1, 1, 0, 1, 1, 0, 0, 0, 0, 1, 0, 0], [1, 1, 0, 1, 1, 0, 1, 0, 1, 1, 0, 0], [1, 1, 0, 1, 1, 0, 1, 1, 0, 1, 0, 0]]","[0.00390625, 0.01953125, 0.02734375, 0.0078125, 0.00390625, 0.9375]",29,149,26,66,132,
supportcase6_ds_qaoa_c733_0001,data/miplib_benders/qaoa_problems/nvars_04/supportcase6_ds_qaoa_c733_0001.json,4,12,1,ddsim,30,256,ok,13.322962222038768,438.7265625,144887000.0,"{""B100600(7)"": 0, ""B100608(7)"": 0, ""B101035(7)"": 0, ""B101043(7)"": 1}",,,,"[[1, 0, 1, 1, 0, 1, 0, 0, 0, 1, 0, 0], [1, 0, 1, 1, 1, 0, 1, 1, 0, 1, 0, 0], [1, 1, 0, 0, 0, 0, 1, 1, 0, 1, 0, 0], [1, 1, 0, 1, 0, 1, 0, 0, 0, 1, 0, 0], [1, 1, 0, 1, 0, 1, 1, 0, 1, 1, 0, 0], [1, 1, 0, 1, 0, 1, 1, 1, 0, 1, 0, 0], [1, 1, 0, 1, 1, 0, 0, 0, 0, 1, 0, 0], [1, 1, 0, 1, 1, 0, 1, 0, 0, 0, 0, 0], [1, 1, 0, 1, 1, 0, 1, 0, 1, 1, 0, 0], [1, 1, 0, 1, 1, 0, 1, 1, 0, 1, 0, 0]]","[0.00390625, 0.05078125, 0.05078125, 0.00390625, 0.00390625, 0.0390625, 0.01953125, 0.0078125, 0.0546875, 0.765625]",30,149,26,66,132,
supportcase6_ds_qaoa_c733_0002,data/miplib_benders/qaoa_problems/nvars_04/supportcase6_ds_qaoa_c733_0002.json,4,12,1,ddsim,30,256,ok,11.064149995916523,395.9453125,144887000.0,"{""B100608(7)"": 0, ""B101035(7)"": 0, ""B101043(7)"": 1, ""B101485(7)"": 0}",,,,"[[1, 1, 0, 1, 0, 1, 1, 1, 0, 1, 0, 0], [1, 1, 0, 1, 1, 0, 0, 0, 0, 1, 0, 0], [1, 1, 0, 1, 1, 0, 1, 0, 1, 1, 0, 0], [1, 1, 0, 1, 1, 0, 1, 1, 0, 1, 0, 0]]","[0.015625, 0.00390625, 0.00390625, 0.9765625]",31,149,26,66,132,
supportcase6_ds_qaoa_c745_0002,data/miplib_benders/qaoa_problems/nvars_04/supportcase6_ds_qaoa_c745_0002.json,4,12,1,ddsim,30,256,ok,10.117987746023573,389.28515625,150892000.0,"{""B100600(7)"": 0, ""B100602(7)"": 0, ""B100608(7)"": 0, ""B101029(7)"": 1}",,,,"[[1, 0, 1, 1, 0, 1, 1, 1, 0, 1, 0, 0], [1, 1, 0, 0, 0, 0, 1, 1, 0, 1, 0, 0], [1, 1, 0, 1, 0, 1, 1, 1, 0, 1, 0, 0], [1, 1, 0, 1, 1, 0, 1, 0, 1, 1, 0, 0], [1, 1, 0, 1, 1, 0, 1, 1, 0, 1, 0, 0]]","[0.00390625, 0.00390625, 0.00390625, 0.00390625, 0.984375]",29,149,26,66,132,
supportcase6_ds_qaoa_c745_0003,data/miplib_benders/qaoa_problems/nvars_04/supportcase6_ds_qaoa_c745_0003.json,4,12,1,ddsim,30,256,ok,9.616011188947596,389.34765625,150892000.0,"{""B100602(7)"": 0, ""B100608(7)"": 0, ""B101029(7)"": 1, ""B101035(7)"": 0}",,,,"[[1, 1, 0, 1, 0, 1, 1, 1, 0, 1, 0, 0], [1, 1, 0, 1, 1, 0, 0, 0, 0, 1, 0, 0], [1, 1, 0, 1, 1, 0, 1, 0, 1, 1, 0, 0], [1, 1, 0, 1, 1, 0, 1, 1, 0, 1, 0, 0]]","[0.0078125, 0.0078125, 0.00390625, 0.98046875]",28,149,26,66,132,
supportcase6_ds_qaoa_c745_0004,data/miplib_benders/qaoa_problems/nvars_04/supportcase6_ds_qaoa_c745_0004.json,4,12,1,ddsim,30,256,ok,11.259316665004008,402.0625,150892000.0,"{""B100608(7)"": 0, ""B101029(7)"": 1, ""B101035(7)"": 0, ""B101037(7)"": 0}",,,,"[[1, 0, 1, 1, 1, 0, 1, 1, 0, 1, 0, 0], [1, 1, 0, 0, 0, 0, 1, 1, 0, 1, 0, 0], [1, 1, 0, 1, 0, 1, 1, 1, 0, 1, 0, 0], [1, 1, 0, 1, 1, 0, 0, 0, 0, 1, 0, 0], [1, 1, 0, 1, 1, 0, 1, 0, 1, 1, 0, 0], [1, 1, 0, 1, 1, 0, 1, 1, 0, 1, 0, 0]]","[0.01953125, 0.0234375, 0.015625, 0.0078125, 0.01953125, 0.9140625]",29,149,26,66,132,
supportcase6_ds_qaoa_c745_c747_0001,data/miplib_benders/qaoa_problems/nvars_04/supportcase6_ds_qaoa_c745_c747_0001.json,4,12,2,ddsim,30,256,ok,24.321881171083078,405.41015625,150892000.0,"{""B100166(7)"": 0, ""B100594(7)"": 1, ""B100600(7)"": 0, ""B100602(7)"": 0}",,,,"[[0, 0, 0, 1, 1, 0, 1, 1, 0, 1, 0, 0], [1, 0, 1, 1, 1, 0, 1, 0, 1, 1, 0, 0], [1, 0, 1, 1, 1, 0, 1, 1, 0, 1, 0, 0], [1, 1, 0, 1, 0, 0, 0, 1, 0, 1, 0, 0], [1, 1, 0, 1, 0, 1, 0, 0, 0, 1, 0, 0], [1, 1, 0, 1, 0, 1, 1, 0, 1, 1, 0, 0], [1, 1, 0, 1, 0, 1, 1, 1, 0, 1, 0, 0], [1, 1, 0, 1, 1, 0, 0, 0, 0, 1, 0, 0], [1, 1, 0, 1, 1, 0, 1, 0, 0, 0, 0, 0], [1, 1, 0, 1, 1, 0, 1, 0, 1, 1, 0, 0], [1, 1, 0, 1, 1, 0, 1, 1, 0, 1, 0, 0]]","[0.01171875, 0.0078125, 0.01953125, 0.01171875, 0.00390625, 0.00390625, 0.06640625, 0.05859375, 0.00390625, 0.05859375, 0.75390625]",30,109,26,48,123,
supportcase6_ds_qaoa_c745_c747_0003,data/miplib_benders/qaoa_problems/nvars_04/supportcase6_ds_qaoa_c745_c747_0003.json,4,12,2,ddsim,30,256,ok,20.318732763058506,402.98046875,145944000.0,"{""B100600(7)"": 0, ""B100602(7)"": 1, ""B100608(7)"": 0, ""B100623(7)"": 0}",,,,"[[1, 0, 0, 0, 1, 0, 1, 0, 0, 1, 0, 1], [1, 0, 0, 0, 1, 0, 1, 0, 0, 1, 1, 0], [1, 0, 1, 0, 0, 0, 1, 0, 0, 1, 1, 0], [1, 0, 1, 1, 0, 1, 1, 0, 0, 1, 1, 0], [1, 0, 1, 1, 1, 0, 1, 0, 0, 0, 0, 0], [1, 0, 1, 1, 1, 0, 1, 0, 0, 1, 0, 1], [1, 0, 1, 1, 1, 0, 1, 0, 0, 1, 1, 0], [1, 1, 0, 0, 0, 0, 1, 0, 0, 1, 0, 1], [1, 1, 0, 0, 0, 0, 1, 0, 0, 1, 1, 0], [1, 1, 0, 1, 0, 0, 0, 0, 0, 1, 1, 0], [1, 1, 0, 1, 0, 1, 1, 0, 0, 1, 0, 1], [1, 1, 0, 1, 0, 1, 1, 0, 0, 1, 1, 0], [1, 1, 0, 1, 1, 0, 1, 0, 0, 1, 0, 1], [1, 1, 0, 1, 1, 0, 1, 0, 0, 1, 1, 0]]","[0.00390625, 0.03125, 0.01171875, 0.0078125, 0.00390625, 0.00390625, 0.04296875, 0.01171875, 0.0625, 0.00390625, 0.0078125, 0.08203125, 0.078125, 0.6484375]",28,109,26,48,123,
supportcase6_ds_qaoa_c745_c747_0004,data/miplib_benders/qaoa_problems/nvars_04/supportcase6_ds_qaoa_c745_c747_0004.json,4,12,2,ddsim,30,256,ok,15.496542198001407,477.96875,150892000.0,"{""B100602(7)"": 0, ""B100608(7)"": 0, ""B100623(7)"": 0, ""B101029(7)"": 1}",,,,"[[1, 0, 1, 0, 0, 0, 1, 0, 1, 1, 0, 0], [1, 0, 1, 0, 0, 0, 1, 1, 0, 1, 0, 0], [1, 0, 1, 1, 1, 0, 1, 0, 1, 1, 0, 0], [1, 0, 1, 1, 1, 0, 1, 1, 0, 1, 0, 0], [1, 1, 0, 0, 0, 0, 1, 1, 0, 1, 0, 0], [1, 1, 0, 1, 0, 1, 1, 1, 0, 1, 0, 0], [1, 1, 0, 1, 1, 0, 1, 0, 1, 1, 0, 0], [1, 1, 0, 1, 1, 0, 1, 1, 0, 1, 0, 0]]","[0.00390625, 0.0078125, 0.01171875, 0.078125, 0.0703125, 0.04296875, 0.05859375, 0.7265625]",28,109,26,48,123,
supportcase6_ds_qaoa_c745_c747_0005,data/miplib_benders/qaoa_problems/nvars_04/supportcase6_ds_qaoa_c745_c747_0005.json,4,12,2,ddsim,30,256,ok,20.827320598997176,392.65625,150892000.0,"{""B100608(7)"": 0, ""B100623(7)"": 0, ""B101029(7)"": 1, ""B101035(7)"": 0}",,,,"[[1, 0, 1, 1, 0, 1, 1, 1, 0, 1, 0, 0], [1, 0, 1, 1, 1, 0, 1, 1, 0, 1, 0, 0], [1, 1, 0, 1, 0, 1, 0, 0, 0, 1, 0, 0], [1, 1, 0, 1, 0, 1, 1, 0, 1, 1, 0, 0], [1, 1, 0, 1, 0, 1, 1, 1, 0, 1, 0, 0], [1, 1, 0, 1, 1, 0, 0, 0, 0, 1, 0, 0], [1, 1, 0, 1, 1, 0, 1, 0, 0, 0, 0, 0], [1, 1, 0, 1, 1, 0, 1, 0, 1, 1, 0, 0], [1, 1, 0, 1, 1, 0, 1, 1, 0, 1, 0, 0]]","[0.00390625, 0.0546875, 0.00390625, 0.01953125, 0.05078125, 0.0625, 0.00390625, 0.0546875, 0.74609375]",27,109,26,48,123,
supportcase6_ds_qaoa_c759_0001,data/miplib_benders/qaoa_problems/nvars_04/supportcase6_ds_qaoa_c759_0001.json,4,12,1,ddsim,30,256,ok,9.41038739203941,403.94921875,151847000.0,"{""B100166(7)"": 0, ""B100594(7)"": 0, ""B100623(7)"": 1, ""B101029(7)"": 0}",,,,"[[1, 0, 1, 1, 1, 0, 1, 1, 0, 1, 0, 0], [1, 1, 0, 1, 1, 0, 0, 0, 0, 1, 0, 0], [1, 1, 0, 1, 1, 0, 1, 1, 0, 1, 0, 0]]","[0.00390625, 0.00390625, 0.9921875]",31,149,26,66,132,
supportcase6_ds_qaoa_c759_0002,data/miplib_benders/qaoa_problems/nvars_04/supportcase6_ds_qaoa_c759_0002.json,4,12,1,ddsim,30,256,ok,8.214913339936174,412.23828125,151847000.0,"{""B100594(7)"": 0, ""B100623(7)"": 0, ""B101029(7)"": 0, ""B101058(7)"": 1}",,,,"[[1, 0, 1, 1, 1, 0, 1, 0, 1, 1, 0, 0], [1, 0, 1, 1, 1, 0, 1, 1, 0, 1, 0, 0], [1, 1, 0, 0, 0, 0, 1, 1, 0, 1, 0, 0], [1, 1, 0, 1, 0, 1, 1, 1, 0, 1, 0, 0], [1, 1, 0, 1, 1, 0, 0, 0, 0, 1, 0, 0], [1, 1, 0, 1, 1, 0, 1, 0, 1, 1, 0, 0], [1, 1, 0, 1, 1, 0, 1, 1, 0, 1, 0, 0]]","[0.00390625, 0.01171875, 0.01171875, 0.015625, 0.01953125, 0.00390625, 0.93359375]",30,149,26,66,132,
supportcase6_ds_qaoa_c762_0001,data/miplib_benders/qaoa_problems/nvars_04/supportcase6_ds_qaoa_c762_0001.json,4,12,1,ddsim,30,256,ok,7.21660431008786,393.89453125,151847000.0,"{""B100166(7)"": 0, ""B100602(7)"": 0, ""B100608(7)"": 0, ""B100623(7)"": 1}",,,,"[[1, 0, 1, 1, 1, 0, 1, 1, 0, 1, 0, 0], [1, 1, 0, 0, 0, 0, 1, 1, 0, 1, 0, 0], [1, 1, 0, 1, 0, 1, 1, 1, 0, 1, 0, 0], [1, 1, 0, 1, 1, 0, 0, 0, 0, 1, 0, 0], [1, 1, 0, 1, 1, 0, 1, 0, 1, 1, 0, 0], [1, 1, 0, 1, 1, 0, 1, 1, 0, 1, 0, 0]]","[0.0078125, 0.01171875, 0.0078125, 0.015625, 0.01953125, 0.9375]",29,149,26,66,132,
supportcase6_ds_qaoa_c762_0002,data/miplib_benders/qaoa_problems/nvars_04/supportcase6_ds_qaoa_c762_0002.json,4,12,1,ddsim,30,256,ok,12.27786768693477,473.96875,151847000.0,"{""B100602(7)"": 0, ""B100608(7)"": 0, ""B100623(7)"": 1, ""B101037(7)"": 0}",,,,"[[1, 0, 1, 1, 1, 0, 1, 1, 0, 1, 0, 0], [1, 1, 0, 0, 0, 0, 1, 1, 0, 1, 0, 0], [1, 1, 0, 1, 0, 1, 1, 1, 0, 1, 0, 0], [1, 1, 0, 1, 1, 0, 0, 0, 0, 1, 0, 0], [1, 1, 0, 1, 1, 0, 1, 0, 1, 1, 0, 0], [1, 1, 0, 1, 1, 0, 1, 1, 0, 1, 0, 0]]","[0.01171875, 0.0234375, 0.01953125, 0.0234375, 0.01171875, 0.91015625]",30,149,26,66,132,
supportcase6_ds_qaoa_c762_0003,data/miplib_benders/qaoa_problems/nvars_04/supportcase6_ds_qaoa_c762_0003.json,4,12,1,ddsim,30,256,ok,11.967291796929203,400.30078125,151847000.0,"{""B100608(7)"": 0, ""B100623(7)"": 1, ""B101037(7)"": 0, ""B101043(7)"": 0}",,,,"[[1, 0, 1, 1, 1, 0, 1, 0, 1, 1, 0, 0], [1, 0, 1, 1, 1, 0, 1, 1, 0, 1, 0, 0], [1, 1, 0, 0, 0, 0, 1, 1, 0, 1, 0, 0], [1, 1, 0, 1, 0, 1, 0, 0, 0, 1, 0, 0], [1, 1, 0, 1, 0, 1, 1, 1, 0, 1, 0, 0], [1, 1, 0, 1, 1, 0, 0, 0, 0, 1, 0, 0], [1, 1, 0, 1, 1, 0, 1, 0, 1, 1, 0, 0], [1, 1, 0, 1, 1, 0, 1, 1, 0, 1, 0, 0]]","[0.00390625, 0.046875, 0.03515625, 0.0078125, 0.04296875, 0.0234375, 0.01953125, 0.8203125]",29,149,26,66,132,
assign1-5-8_ds_qaoa_R0003_0001,data/miplib_benders/qaoa_problems/nvars_05/assign1-5-8_ds_qaoa_R0003_0001.json,5,15,1,ddsim,30,256,ok,46.75586332404055,475.85546875,7.0,"{""C0029"": 0, ""C0034"": 0, ""C0039"": 1, ""C0054"": 1, ""row_slack_R0003"": 0}",0.0,"{""C0029"": 0, ""C0034"": 0, ""C0039"": 0, ""C0054"": 0, ""row_slack_R0003"": 5}",1.0,"[[0, 0, 0, 0, 0, 0, 0, 0, 0, 0, 0, 0, 1, 0, 1]]",[1.0],24,82,32,36,130,
assign1-5-8_ds_qaoa_R0008_0001,data/miplib_benders/qaoa_problems/nvars_05/assign1-5-8_ds_qaoa_R0008_0001.json,5,15,1,ddsim,30,256,ok,54.080645930022,406.5078125,7.0,"{""C0029"": 0, ""C0034"": 0, ""C0039"": 1, ""C0054"": 1, ""row_slack_R0008"": 0}",0.0,"{""C0029"": 0, ""C0034"": 0, ""C0039"": 0, ""C0054"": 0, ""row_slack_R0008"": 5}",1.0,"[[0, 0, 0, 0, 0, 0, 0, 0, 0, 0, 0, 0, 1, 0, 1]]",[1.0],30,175,32,78,162,
assign1-5-8_ds_qaoa_R0038_0001,data/miplib_benders/qaoa_problems/nvars_05/assign1-5-8_ds_qaoa_R0038_0001.json,5,15,1,ddsim,30,256,ok,29.223257440025918,406.21484375,7.0,"{""C0029"": 0, ""C0034"": 0, ""C0039"": 1, ""C0054"": 1, ""row_slack_R0038"": 0}",0.0,"{""C0029"": 0, ""C0034"": 0, ""C0039"": 0, ""C0054"": 0, ""row_slack_R0038"": 5}",1.0,"[[0, 0, 0, 0, 0, 0, 0, 0, 0, 0, 0, 0, 1, 0, 1]]",[1.0],28,175,32,78,162,
ex10_ds_qaoa_NOD26_0001,data/miplib_benders/qaoa_problems/nvars_05/ex10_ds_qaoa_NOD26_0001.json,5,15,1,ddsim,30,256,ok,19.2257973899832,399.05078125,1.0,"{""b26_220"": 0, ""b26_222"": 0, ""b26_223"": 0, ""b26_230"": 0, ""b26_240"": 1}",1.0,"{""b26_220"": 0, ""b26_222"": 0, ""b26_223"": 0, ""b26_230"": 0, ""b26_240"": 1}",1.0,"[[0, 0, 0, 0, 0, 0, 0, 0, 0, 0, 0, 0, 1, 0, 0]]",[1.0],22,189,32,84,167,
ex10_ds_qaoa_NOD26_NOD2X2_0001,data/miplib_benders/qaoa_problems/nvars_05/ex10_ds_qaoa_NOD26_NOD2X2_0001.json,5,15,2,ddsim,30,256,ok,54.1450324440375,394.36328125,1.0,"{""b26_220"": 0, ""b26_222"": 1, ""b26_223"": 0, ""b26_230"": 0, ""b26_240"": 0}",1.0,"{""b26_220"": 0, ""b26_222"": 0, ""b26_223"": 1, ""b26_230"": 0, ""b26_240"": 0}",0.99609375,"[[0, 0, 0, 0, 0, 0, 1, 0, 0, 0, 0, 0, 0, 0, 0], [1, 0, 0, 0, 0, 0, 1, 1, 0, 0, 0, 0, 0, 0, 0]]","[0.99609375, 0.00390625]",31,109,32,48,158,
ex9_ds_qaoa_NOD2X5_NOD37_0007,data/miplib_benders/qaoa_problems/nvars_05/ex9_ds_qaoa_NOD2X5_NOD37_0007.json,5,15,2,ddsim,30,256,ok,39.3109994729748,397.5859375,1.0,"{""b37_242"": 0, ""b37_243"": 0, ""b37_250"": 0, ""b37_251"": 0, ""b37_252"": 1}",1.0,"{""b37_242"": 0, ""b37_243"": 0, ""b37_250"": 0, ""b37_251"": 0, ""b37_252"": 1}",1.0,"[[0, 0, 0, 0, 0, 0, 0, 0, 0, 0, 0, 0, 1, 0, 0]]",[1.0],21,109,32,48,158,
ex9_ds_qaoa_NOD2X5_NOD37_0008,data/miplib_benders/qaoa_problems/nvars_05/ex9_ds_qaoa_NOD2X5_NOD37_0008.json,5,15,2,ddsim,30,256,ok,41.76438856194727,406.296875,1.0,"{""b37_243"": 0, ""b37_250"": 0, ""b37_251"": 0, ""b37_252"": 0, ""b37_253"": 1}",1.0,"{""b37_243"": 0, ""b37_250"": 0, ""b37_251"": 0, ""b37_252"": 0, ""b37_253"": 1}",0.9921875,"[[0, 0, 0, 0, 0, 0, 0, 0, 0, 0, 0, 0, 1, 0, 0], [0, 0, 0, 1, 0, 0, 0, 0, 1, 0, 0, 0, 1, 0, 0], [1, 0, 1, 0, 0, 0, 0, 0, 0, 0, 0, 0, 1, 0, 0]]","[0.9921875, 0.00390625, 0.00390625]",31,149,32,66,158,
ex9_ds_qaoa_NOD2X5_NOD37_0009,data/miplib_benders/qaoa_problems/nvars_05/ex9_ds_qaoa_NOD2X5_NOD37_0009.json,5,15,2,ddsim,30,256,ok,32.08532024000306,397.19921875,1.0,"{""b37_250"": 0, ""b37_251"": 0, ""b37_252"": 1, ""b37_253"": 0, ""b37_260"": 0}",1.0,"{""b37_250"": 0, ""b37_251"": 0, ""b37_252"": 0, ""b37_253"": 1, ""b37_260"": 0}",1.0,"[[0, 0, 0, 0, 0, 0, 0, 0, 0, 1, 0, 0, 0, 0, 0]]",[1.0],31,149,32,66,158,
ex9_ds_qaoa_NOD2X5_NOD37_0010,data/miplib_benders/qaoa_problems/nvars_05/ex9_ds_qaoa_NOD2X5_NOD37_0010.json,5,15,2,ddsim,30,256,ok,22.21653460408561,406.23046875,1.0,"{""b37_251"": 0, ""b37_252"": 1, ""b37_253"": 0, ""b37_260"": 0, ""b37_261"": 0}",1.0,"{""b37_251"": 0, ""b37_252"": 0, ""b37_253"": 1, ""b37_260"": 0, ""b37_261"": 0}",1.0,"[[0, 0, 0, 0, 0, 0, 1, 0, 0, 0, 0, 0, 0, 0, 0]]",[1.0],24,109,32,48,158,
irp_ds_qaoa_R0002_0001,data/miplib_benders/qaoa_problems/nvars_05/irp_ds_qaoa_R0002_0001.json,5,15,1,ddsim,30,256,ok,24.06581699103117,389.95703125,6154830000.0,"{""C16904"": 1, ""C16905"": 0, ""C16906"": 0, ""C16908"": 0, ""C16909"": 0}",,,,"[[1, 0, 1, 1, 1, 0, 1, 1, 0, 1, 1, 0, 1, 0, 0], [1, 1, 0, 0, 0, 0, 1, 1, 0, 1, 1, 0, 1, 0, 0], [1, 1, 0, 1, 0, 1, 1, 1, 0, 1, 1, 0, 1, 0, 0], [1, 1, 0, 1, 1, 0, 0, 0, 0, 1, 1, 0, 1, 0, 0], [1, 1, 0, 1, 1, 0, 1, 0, 1, 1, 1, 0, 1, 0, 0], [1, 1, 0, 1, 1, 0, 1, 1, 0, 0, 0, 0, 1, 0, 0], [1, 1, 0, 1, 1, 0, 1, 1, 0, 1, 0, 1, 1, 0, 0], [1, 1, 0, 1, 1, 0, 1, 1, 0, 1, 1, 0, 1, 0, 0]]","[0.01171875, 0.015625, 0.0078125, 0.00390625, 0.00390625, 0.0078125, 0.00390625, 0.9453125]",28,189,32,84,167,
irp_ds_qaoa_R0002_0002,data/miplib_benders/qaoa_problems/nvars_05/irp_ds_qaoa_R0002_0002.json,5,15,1,ddsim,30,256,ok,23.89610976097174,406.48046875,6049200000.0,"{""C16905"": 0, ""C16906"": 0, ""C16908"": 0, ""C16909"": 1, ""C16910"": 0}",,,,"[[1, 0, 1, 1, 1, 0, 1, 0, 1, 1, 1, 0, 1, 0, 0], [1, 0, 1, 1, 1, 0, 1, 1, 0, 1, 0, 1, 1, 0, 0], [1, 0, 1, 1, 1, 0, 1, 1, 0, 1, 1, 0, 1, 0, 0], [1, 1, 0, 0, 0, 0, 0, 0, 0, 1, 1, 0, 1, 0, 0], [1, 1, 0, 0, 0, 0, 1, 1, 0, 1, 1, 0, 1, 0, 0], [1, 1, 0, 1, 0, 1, 0, 0, 0, 1, 1, 0, 1, 0, 0], [1, 1, 0, 1, 0, 1, 1, 0, 0, 0, 1, 0, 1, 0, 0], [1, 1, 0, 1, 0, 1, 1, 1, 0, 1, 1, 0, 1, 0, 0], [1, 1, 0, 1, 1, 0, 0, 0, 0, 1, 1, 0, 1, 0, 0], [1, 1, 0, 1, 1, 0, 1, 0, 1, 0, 0, 0, 1, 0, 0], [1, 1, 0, 1, 1, 0, 1, 0, 1, 1, 1, 0, 1, 0, 0], [1, 1, 0, 1, 1, 0, 1, 1, 0, 0, 0, 0, 1, 0, 0], [1, 1, 0, 1, 1, 0, 1, 1, 0, 1, 0, 0, 0, 0, 0], [1, 1, 0, 1, 1, 0, 1, 1, 0, 1, 0, 1, 1, 0, 0], [1, 1, 0, 1, 1, 0, 1, 1, 0, 1, 1, 0, 1, 0, 0]]","[0.01171875, 0.0078125, 0.03515625, 0.00390625, 0.03125, 0.00390625, 0.00390625, 0.01953125, 0.015625, 0.00390625, 0.015625, 0.03125, 0.00390625, 0.0390625, 0.7734375]",30,189,32,84,167,
irp_ds_qaoa_R0002_0003,data/miplib_benders/qaoa_problems/nvars_05/irp_ds_qaoa_R0002_0003.json,5,15,1,ddsim,30,256,ok,21.35295537498314,391.28125,6340890000.0,"{""C16906"": 0, ""C16908"": 0, ""C16909"": 0, ""C16910"": 0, ""C16911"": 1}",,,,"[[1, 0, 1, 1, 1, 0, 1, 1, 0, 1, 1, 0, 1, 0, 0], [1, 1, 0, 0, 0, 0, 0, 0, 0, 1, 1, 0, 1, 0, 0], [1, 1, 0, 0, 0, 0, 1, 1, 0, 0, 0, 0, 1, 0, 0], [1, 1, 0, 0, 0, 0, 1, 1, 0, 1, 0, 1, 1, 0, 0], [1, 1, 0, 0, 0, 0, 1, 1, 0, 1, 1, 0, 1, 0, 0], [1, 1, 0, 1, 0, 0, 0, 1, 0, 1, 1, 0, 1, 0, 0], [1, 1, 0, 1, 0, 1, 1, 0, 1, 1, 1, 0, 1, 0, 0], [1, 1, 0, 1, 0, 1, 1, 1, 0, 1, 1, 0, 1, 0, 0], [1, 1, 0, 1, 1, 0, 0, 0, 0, 0, 0, 0, 1, 0, 0], [1, 1, 0, 1, 1, 0, 0, 0, 0, 1, 1, 0, 1, 0, 0], [1, 1, 0, 1, 1, 0, 1, 0, 0, 0, 1, 0, 1, 0, 0], [1, 1, 0, 1, 1, 0, 1, 0, 1, 1, 1, 0, 1, 0, 0], [1, 1, 0, 1, 1, 0, 1, 1, 0, 0, 0, 0, 1, 0, 0], [1, 1, 0, 1, 1, 0, 1, 1, 0, 1, 0, 1, 1, 0, 0], [1, 1, 0, 1, 1, 0, 1, 1, 0, 1, 1, 0, 1, 0, 0]]","[0.0390625, 0.00390625, 0.00390625, 0.00390625, 0.05078125, 0.00390625, 0.00390625, 0.03515625, 0.00390625, 0.02734375, 0.00390625, 0.0390625, 0.05859375, 0.0234375, 0.69921875]",27,189,32,84,167,
irp_ds_qaoa_R0002_0004,data/miplib_benders/qaoa_problems/nvars_05/irp_ds_qaoa_R0002_0004.json,5,15,1,ddsim,30,256,ok,22.509834495955147,389.88671875,6340890000.0,"{""C16908"": 0, ""C16909"": 0, ""C16910"": 0, ""C16911"": 1, ""C16912"": 0}",,,,"[[1, 0, 0, 0, 1, 0, 1, 1, 0, 1, 1, 0, 1, 0, 0], [1, 0, 1, 1, 1, 0, 0, 0, 0, 1, 1, 0, 1, 0, 0], [1, 0, 1, 1, 1, 0, 1, 0, 1, 1, 1, 0, 1, 0, 0], [1, 0, 1, 1, 1, 0, 1, 1, 0, 1, 1, 0, 1, 0, 0], [1, 1, 0, 0, 0, 0, 1, 1, 0, 0, 0, 0, 1, 0, 0], [1, 1, 0, 0, 0, 0, 1, 1, 0, 1, 1, 0, 1, 0, 0], [1, 1, 0, 1, 0, 0, 0, 1, 0, 1, 1, 0, 1, 0, 0], [1, 1, 0, 1, 0, 1, 1, 0, 1, 1, 1, 0, 1, 0, 0], [1, 1, 0, 1, 0, 1, 1, 1, 0, 1, 1, 0, 1, 0, 0], [1, 1, 0, 1, 1, 0, 0, 0, 0, 0, 0, 0, 1, 0, 0], [1, 1, 0, 1, 1, 0, 0, 0, 0, 1, 0, 1, 1, 0, 0], [1, 1, 0, 1, 1, 0, 0, 0, 0, 1, 1, 0, 1, 0, 0], [1, 1, 0, 1, 1, 0, 1, 0, 0, 0, 1, 0, 1, 0, 0], [1, 1, 0, 1, 1, 0, 1, 0, 1, 1, 1, 0, 1, 0, 0], [1, 1, 0, 1, 1, 0, 1, 1, 0, 0, 0, 0, 1, 0, 0], [1, 1, 0, 1, 1, 0, 1, 1, 0, 1, 0, 1, 1, 0, 0], [1, 1, 0, 1, 1, 0, 1, 1, 0, 1, 1, 0, 1, 0, 0]]","[0.00390625, 0.01171875, 0.00390625, 0.04296875, 0.00390625, 0.01953125, 0.0078125, 0.00390625, 0.0390625, 0.0078125, 0.00390625, 0.0234375, 0.0078125, 0.0234375, 0.04296875, 0.0390625, 0.71484375]",27,189,32,84,167,
irp_ds_qaoa_R0002_0005,data/miplib_benders/qaoa_problems/nvars_05/irp_ds_qaoa_R0002_0005.json,5,15,1,ddsim,30,256,ok,15.459131468902342,406.1484375,6340890000.0,"{""C16909"": 0, ""C16910"": 0, ""C16911"": 1, ""C16912"": 0, ""C16913"": 0}",,,,"[[1, 0, 1, 1, 1, 0, 1, 1, 0, 1, 1, 0, 1, 0, 0], [1, 1, 0, 1, 1, 0, 1, 1, 0, 1, 1, 0, 1, 0, 0]]","[0.00390625, 0.99609375]",31,189,32,84,167,
irp_ds_qaoa_R0002_0006,data/miplib_benders/qaoa_problems/nvars_05/irp_ds_qaoa_R0002_0006.json,5,15,1,ddsim,30,256,ok,21.397607565973885,406.15234375,6340890000.0,"{""C16910"": 0, ""C16911"": 1, ""C16912"": 0, ""C16913"": 0, ""C16915"": 0}",,,,"[[1, 0, 0, 0, 1, 0, 1, 1, 0, 1, 1, 0, 1, 0, 0], [1, 0, 1, 1, 0, 0, 0, 1, 0, 1, 1, 0, 1, 0, 0], [1, 0, 1, 1, 0, 1, 1, 1, 0, 1, 1, 0, 1, 0, 0], [1, 0, 1, 1, 1, 0, 0, 0, 0, 1, 1, 0, 1, 0, 0], [1, 0, 1, 1, 1, 0, 1, 0, 1, 1, 1, 0, 1, 0, 0], [1, 0, 1, 1, 1, 0, 1, 1, 0, 1, 0, 1, 1, 0, 0], [1, 0, 1, 1, 1, 0, 1, 1, 0, 1, 1, 0, 1, 0, 0], [1, 1, 0, 0, 0, 0, 1, 0, 1, 1, 1, 0, 1, 0, 0], [1, 1, 0, 0, 0, 0, 1, 1, 0, 1, 0, 1, 1, 0, 0], [1, 1, 0, 0, 0, 0, 1, 1, 0, 1, 1, 0, 1, 0, 0], [1, 1, 0, 1, 0, 0, 0, 1, 0, 1, 1, 0, 1, 0, 0], [1, 1, 0, 1, 0, 1, 1, 1, 0, 1, 1, 0, 1, 0, 0], [1, 1, 0, 1, 1, 0, 0, 0, 0, 1, 1, 0, 1, 0, 0], [1, 1, 0, 1, 1, 0, 1, 0, 1, 1, 1, 0, 1, 0, 0], [1, 1, 0, 1, 1, 0, 1, 1, 0, 0, 0, 0, 1, 0, 0], [1, 1, 0, 1, 1, 0, 1, 1, 0, 1, 0, 0, 0, 0, 0], [1, 1, 0, 1, 1, 0, 1, 1, 0, 1, 0, 1, 1, 0, 0], [1, 1, 0, 1, 1, 0, 1, 1, 0, 1, 1, 0, 1, 0, 0]]","[0.00390625, 0.00390625, 0.00390625, 0.0078125, 0.00390625, 0.00390625, 0.0234375, 0.00390625, 0.00390625, 0.05078125, 0.00390625, 0.0078125, 0.02734375, 0.03515625, 0.03515625, 0.00390625, 0.03125, 0.74609375]",30,189,32,84,167,
irp_ds_qaoa_R0002_0007,data/miplib_benders/qaoa_problems/nvars_05/irp_ds_qaoa_R0002_0007.json,5,15,1,ddsim,30,256,ok,13.054228638997301,406.15234375,6340890000.0,"{""C16911"": 1, ""C16912"": 0, ""C16913"": 0, ""C16915"": 0, ""C16916"": 0}",,,,"[[1, 1, 0, 0, 0, 0, 1, 1, 0, 1, 1, 0, 1, 0, 0], [1, 1, 0, 1, 0, 1, 1, 1, 0, 1, 1, 0, 1, 0, 0], [1, 1, 0, 1, 1, 0, 0, 0, 0, 1, 1, 0, 1, 0, 0], [1, 1, 0, 1, 1, 0, 1, 1, 0, 1, 0, 1, 1, 0, 0], [1, 1, 0, 1, 1, 0, 1, 1, 0, 1, 1, 0, 1, 0, 0]]","[0.01171875, 0.00390625, 0.01171875, 0.00390625, 0.96875]",30,189,32,84,167,
irp_ds_qaoa_R0002_0008,data/miplib_benders/qaoa_problems/nvars_05/irp_ds_qaoa_R0002_0008.json,5,15,1,ddsim,30,256,ok,11.098280631005764,406.33203125,6280850000.0,"{""C16912"": 0, ""C16913"": 0, ""C16915"": 0, ""C16916"": 0, ""C16917"": 1}",,,,"[[1, 1, 0, 1, 1, 0, 1, 0, 1, 1, 1, 0, 1, 0, 0], [1, 1, 0, 1, 1, 0, 1, 1, 0, 1, 1, 0, 1, 0, 0]]","[0.00390625, 0.99609375]",31,189,32,84,167,
irp_ds_qaoa_R0002_0009,data/miplib_benders/qaoa_problems/nvars_05/irp_ds_qaoa_R0002_0009.json,5,15,1,ddsim,30,256,ok,13.738755776081234,394.3515625,6280850000.0,"{""C16913"": 0, ""C16915"": 0, ""C16916"": 0, ""C16917"": 1, ""C16918"": 0}",,,,"[[1, 0, 1, 1, 1, 0, 0, 0, 0, 1, 1, 0, 1, 0, 0], [1, 0, 1, 1, 1, 0, 1, 1, 0, 1, 1, 0, 1, 0, 0], [1, 1, 0, 0, 0, 0, 1, 0, 1, 1, 1, 0, 1, 0, 0], [1, 1, 0, 0, 0, 0, 1, 1, 0, 0, 0, 0, 1, 0, 0], [1, 1, 0, 0, 0, 0, 1, 1, 0, 1, 1, 0, 1, 0, 0], [1, 1, 0, 1, 0, 1, 1, 1, 0, 1, 1, 0, 1, 0, 0], [1, 1, 0, 1, 1, 0, 0, 0, 0, 1, 1, 0, 1, 0, 0], [1, 1, 0, 1, 1, 0, 1, 0, 1, 1, 1, 0, 1, 0, 0], [1, 1, 0, 1, 1, 0, 1, 1, 0, 0, 0, 0, 1, 0, 0], [1, 1, 0, 1, 1, 0, 1, 1, 0, 1, 0, 1, 1, 0, 0], [1, 1, 0, 1, 1, 0, 1, 1, 0, 1, 1, 0, 1, 0, 0]]","[0.00390625, 0.02734375, 0.00390625, 0.00390625, 0.0078125, 0.0078125, 0.015625, 0.01171875, 0.01953125, 0.01953125, 0.87890625]",28,189,32,84,167,
irp_ds_qaoa_R0002_0010,data/miplib_benders/qaoa_problems/nvars_05/irp_ds_qaoa_R0002_0010.json,5,15,1,ddsim,30,256,ok,9.979363922029734,475.58203125,6280850000.0,"{""C16915"": 0, ""C16916"": 0, ""C16917"": 1, ""C16918"": 0, ""C16919"": 0}",,,,"[[1, 1, 0, 1, 1, 0, 1, 1, 0, 0, 0, 0, 1, 0, 0], [1, 1, 0, 1, 1, 0, 1, 1, 0, 1, 0, 1, 1, 0, 0], [1, 1, 0, 1, 1, 0, 1, 1, 0, 1, 1, 0, 1, 0, 0]]","[0.00390625, 0.00390625, 0.9921875]",26,189,32,84,167,
irp_ds_qaoa_R0010_R0015_0001,data/miplib_benders/qaoa_problems/nvars_05/irp_ds_qaoa_R0010_R0015_0001.json,5,15,2,ddsim,30,256,ok,30.161869045929052,406.1953125,6154830000.0,"{""C16904"": 1, ""C16905"": 0, ""C16906"": 0, ""C16908"": 0, ""C16909"": 0}",,,,"[[1, 0, 1, 1, 1, 0, 1, 0, 0, 1, 1, 0, 1, 1, 0], [1, 1, 0, 0, 0, 0, 1, 0, 0, 1, 1, 0, 1, 1, 0], [1, 1, 0, 1, 0, 1, 1, 0, 0, 1, 1, 0, 1, 1, 0], [1, 1, 0, 1, 1, 0, 1, 0, 0, 1, 0, 1, 1, 1, 0], [1, 1, 0, 1, 1, 0, 1, 0, 0, 1, 1, 0, 0, 0, 0], [1, 1, 0, 1, 1, 0, 1, 0, 0, 1, 1, 0, 1, 0, 1], [1, 1, 0, 1, 1, 0, 1, 0, 0, 1, 1, 0, 1, 1, 0]]","[0.0078125, 0.0078125, 0.01953125, 0.01171875, 0.0078125, 0.01953125, 0.92578125]",28,109,32,48,158,
irp_ds_qaoa_R0026_0001,data/miplib_benders/qaoa_problems/nvars_05/irp_ds_qaoa_R0026_0001.json,5,15,1,ddsim,30,256,ok,10.253412822028622,406.11328125,6280850000.0,"{""C16908"": 0, ""C16915"": 0, ""C16916"": 0, ""C16917"": 1, ""C16918"": 0}",,,,"[[1, 1, 0, 1, 1, 0, 1, 1, 0, 1, 1, 0, 1, 0, 0]]",[1.0],25,189,32,84,167,
leo1_ds_qaoa_R0000004_0002,data/miplib_benders/qaoa_problems/nvars_05/leo1_ds_qaoa_R0000004_0002.json,5,15,1,ddsim,30,256,ok,15.707607893971726,403.5078125,6.0,"{""C0003538"": 0, ""C0003539"": 1, ""C0003540"": 0, ""C0003541"": 1, ""row_slack_R0000004"": 7}",6.0,"{""C0003538"": 0, ""C0003539"": 0, ""C0003540"": 2, ""C0003541"": 0, ""row_slack_R0000004"": 7}",1.0,"[[0, 0, 0, 0, 0, 0, 0, 1, 0, 0, 0, 0, 1, 1, 1]]",[1.0],31,149,32,66,156,
leo2_ds_qaoa_R0000004_0003,data/miplib_benders/qaoa_problems/nvars_05/leo2_ds_qaoa_R0000004_0003.json,5,15,1,ddsim,30,256,ok,15.032036412041634,406.3046875,12.0,"{""C0005733"": 0, ""C0005734"": 0, ""C0005735"": 0, ""C0005736"": 3, ""row_slack_R0000004"": 3}",12.0,"{""C0005733"": 0, ""C0005734"": 0, ""C0005735"": 0, ""C0005736"": 3, ""row_slack_R0000004"": 3}",0.99609375,"[[0, 0, 0, 0, 0, 0, 0, 0, 0, 1, 1, 0, 1, 1, 0], [1, 0, 0, 0, 0, 0, 0, 0, 0, 1, 0, 0, 1, 1, 0]]","[0.99609375, 0.00390625]",23,136,32,60,152,
leo2_ds_qaoa_R0000004_0004,data/miplib_benders/qaoa_problems/nvars_05/leo2_ds_qaoa_R0000004_0004.json,5,15,1,ddsim,30,256,ok,17.621762186987326,393.1015625,11.0,"{""C0005734"": 0, ""C0005735"": 0, ""C0005736"": 1, ""C0005737"": 2, ""row_slack_R0000004"": 7}",8.0,"{""C0005734"": 0, ""C0005735"": 0, ""C0005736"": 0, ""C0005737"": 2, ""row_slack_R0000004"": 1}",1.0,"[[0, 0, 0, 0, 0, 0, 0, 0, 0, 0, 1, 0, 1, 0, 0]]",[1.0],28,123,32,54,146,
leo2_ds_qaoa_R0000004_0005,data/miplib_benders/qaoa_problems/nvars_05/leo2_ds_qaoa_R0000004_0005.json,5,15,1,ddsim,30,256,ok,24.900294406921603,389.5703125,8.0,"{""C0005735"": 0, ""C0005736"": 1, ""C0005737"": 2, ""C0005738"": 0, ""row_slack_R0000004"": 7}",6.0,"{""C0005735"": 0, ""C0005736"": 0, ""C0005737"": 2, ""C0005738"": 0, ""row_slack_R0000004"": 1}",1.0,"[[0, 0, 0, 0, 0, 0, 0, 1, 0, 0, 0, 0, 1, 0, 0]]",[1.0],24,123,32,54,146,
leo2_ds_qaoa_R0000004_0006,data/miplib_benders/qaoa_problems/nvars_05/leo2_ds_qaoa_R0000004_0006.json,5,15,1,ddsim,30,256,ok,15.343540988047607,390.1484375,6.0,"{""C0005736"": 0, ""C0005737"": 1, ""C0005738"": 0, ""C0005739"": 1, ""row_slack_R0000004"": 7}",4.0,"{""C0005736"": 0, ""C0005737"": 2, ""C0005738"": 0, ""C0005739"": 0, ""row_slack_R0000004"": 1}",0.99609375,"[[0, 0, 0, 0, 1, 0, 0, 0, 0, 0, 0, 0, 1, 0, 0], [1, 0, 0, 0, 1, 0, 0, 0, 0, 0, 1, 0, 1, 0, 0]]","[0.99609375, 0.00390625]",29,147,32,66,150,
leo2_ds_qaoa_R0000004_0007,data/miplib_benders/qaoa_problems/nvars_05/leo2_ds_qaoa_R0000004_0007.json,5,15,1,ddsim,30,256,ok,14.30126407300122,402.7578125,4.0,"{""C0005737"": 0, ""C0005738"": 0, ""C0005739"": 0, ""C0005740"": 1, ""row_slack_R0000004"": 0}",4.0,"{""C0005737"": 0, ""C0005738"": 0, ""C0005739"": 0, ""C0005740"": 1, ""row_slack_R0000004"": 0}",0.99609375,"[[0, 0, 0, 0, 0, 0, 0, 0, 0, 1, 0, 0, 0, 0, 0], [1, 0, 1, 0, 0, 0, 0, 0, 0, 1, 0, 0, 0, 0, 0]]","[0.99609375, 0.00390625]",24,149,32,66,153,
neos-1456979_ds_qaoa_R0007_0001,data/miplib_benders/qaoa_problems/nvars_05/neos-1456979_ds_qaoa_R0007_0001.json,5,15,1,ddsim,30,256,ok,10.72377081902232,389.82421875,6.0,"{""C0186"": 0, ""C0187"": 0, ""C0188"": 0, ""C0189"": 0, ""C0190"": 1}",6.0,"{""C0186"": 0, ""C0187"": 0, ""C0188"": 0, ""C0189"": 0, ""C0190"": 1}",0.99609375,"[[0, 0, 0, 0, 0, 0, 0, 0, 0, 0, 0, 0, 1, 0, 0], [1, 0, 0, 0, 0, 1, 0, 0, 0, 0, 0, 0, 1, 0, 0]]","[0.99609375, 0.00390625]",26,189,32,84,167,
neos-1456979_ds_qaoa_R0008_0001,data/miplib_benders/qaoa_problems/nvars_05/neos-1456979_ds_qaoa_R0008_0001.json,5,15,1,ddsim,30,256,ok,10.7769892050419,405.7265625,4.0,"{""C0191"": 0, ""C0192"": 0, ""C0193"": 0, ""C0194"": 0, ""C0195"": 1}",4.0,"{""C0191"": 0, ""C0192"": 0, ""C0193"": 0, ""C0194"": 0, ""C0195"": 1}",1.0,"[[0, 0, 0, 0, 0, 0, 0, 0, 0, 0, 0, 0, 1, 0, 0]]",[1.0],25,189,32,84,167,
neos-1456979_ds_qaoa_R0009_R0046_0001,data/miplib_benders/qaoa_problems/nvars_05/neos-1456979_ds_qaoa_R0009_R0046_0001.json,5,15,2,ddsim,30,256,ok,14.550392045988701,408.26953125,9.0,"{""C0186"": 0, ""C0191"": 0, ""C0196"": 0, ""C0197"": 0, ""C0198"": 1}",9.0,"{""C0186"": 0, ""C0191"": 0, ""C0196"": 0, ""C0197"": 0, ""C0198"": 1}",1.0,"[[0, 0, 0, 0, 0, 0, 0, 0, 0, 0, 0, 0, 1, 0, 0]]",[1.0],23,372,32,182,360,
neos-2746589-doon_ds_qaoa_R0001_0001,data/miplib_benders/qaoa_problems/nvars_05/neos-2746589-doon_ds_qaoa_R0001_0001.json,5,15,1,ddsim,30,256,ok,10.01598872197792,393.359375,29.0,"{""C0013"": 0, ""C0014"": 0, ""C0015"": 0, ""C0016"": 0, ""C0017"": 1}",29.0,"{""C0013"": 0, ""C0014"": 0, ""C0015"": 0, ""C0016"": 0, ""C0017"": 1}",0.99609375,"[[0, 0, 0, 0, 0, 0, 0, 0, 0, 0, 0, 0, 1, 0, 0], [1, 0, 0, 0, 0, 0, 0, 0, 0, 0, 0, 0, 0, 0, 0]]","[0.99609375, 0.00390625]",26,189,32,84,167,
neos-2746589-doon_ds_qaoa_R0002_0001,data/miplib_benders/qaoa_problems/nvars_05/neos-2746589-doon_ds_qaoa_R0002_0001.json,5,15,1,ddsim,30,256,ok,12.265053314971738,402.703125,209.0,"{""C0019"": 0, ""C0020"": 0, ""C0021"": 0, ""C0022"": 0, ""C0023"": 1}",209.0,"{""C0019"": 0, ""C0020"": 0, ""C0021"": 0, ""C0022"": 0, ""C0023"": 1}",1.0,"[[0, 0, 0, 0, 0, 0, 0, 0, 0, 0, 0, 0, 1, 0, 0]]",[1.0],24,189,32,84,167,
neos-4300652-rahue_ds_qaoa_R14653_0001,data/miplib_benders/qaoa_problems/nvars_05/neos-4300652-rahue_ds_qaoa_R14653_0001.json,5,15,1,ddsim,30,256,ok,14.231525206007063,405.49609375,45.0,"{""C12149"": 0, ""C12150"": 7, ""C12152"": 1, ""C12153"": 7, ""row_slack_R14653"": 7}",38.0,"{""C12149"": 0, ""C12150"": 7, ""C12152"": 0, ""C12153"": 6, ""row_slack_R14653"": 7}",1.0,"[[0, 0, 0, 1, 1, 1, 0, 0, 0, 0, 1, 1, 1, 1, 1]]",[1.0],23,134,32,60,152,
neos-4300652-rahue_ds_qaoa_R14653_0002,data/miplib_benders/qaoa_problems/nvars_05/neos-4300652-rahue_ds_qaoa_R14653_0002.json,5,15,1,ddsim,30,256,ok,18.67417149397079,399.203125,32.0,"{""C12150"": 7, ""C12152"": 0, ""C12153"": 7, ""C12155"": 1, ""row_slack_R14653"": 7}",25.0,"{""C12150"": 7, ""C12152"": 0, ""C12153"": 6, ""C12155"": 0, ""row_slack_R14653"": 7}",0.99609375,"[[0, 0, 1, 0, 0, 0, 0, 1, 1, 0, 0, 0, 1, 1, 1], [1, 1, 1, 0, 0, 0, 0, 1, 1, 0, 0, 0, 1, 1, 1]]","[0.00390625, 0.99609375]",23,122,32,54,148,
neos-4413714-turia_ds_qaoa_R0951_0001,data/miplib_benders/qaoa_problems/nvars_05/neos-4413714-turia_ds_qaoa_R0951_0001.json,5,15,1,ddsim,30,256,ok,25.342360491049476,469.50390625,5.0,"{""C0206"": 0, ""C0207"": 0, ""C0208"": 0, ""C0209"": 0, ""C0210"": 1}",5.0,"{""C0206"": 0, ""C0207"": 0, ""C0208"": 0, ""C0209"": 0, ""C0210"": 1}",1.0,"[[0, 0, 0, 0, 0, 0, 0, 0, 0, 0, 0, 0, 1, 0, 0]]",[1.0],21,189,32,84,167,
neos-4647030-tutaki_ds_qaoa_R7864_0001,data/miplib_benders/qaoa_problems/nvars_05/neos-4647030-tutaki_ds_qaoa_R7864_0001.json,5,15,1,ddsim,30,256,ok,26.057903044042177,406.16015625,4.0,"{""C10006"": 0, ""C10007"": 0, ""C10008"": 0, ""C10009"": 1, ""row_slack_R7864"": 0}",0.0,"{""C10006"": 0, ""C10007"": 0, ""C10008"": 0, ""C10009"": 0, ""row_slack_R7864"": 1}",1.0,"[[0, 0, 0, 0, 0, 0, 0, 0, 0, 0, 0, 0, 1, 0, 0]]",[1.0],23,189,32,84,167,
neos-827175_ds_qaoa_R0004_0001,data/miplib_benders/qaoa_problems/nvars_05/neos-827175_ds_qaoa_R0004_0001.json,5,15,1,ddsim,30,256,ok,20.962831591023132,406.04296875,28.0,"{""C22139"": 7, ""C22140"": 7, ""C22141"": 7, ""C22142"": 7, ""row_slack_R0004"": 1}",27.0,"{""C22139"": 6, ""C22140"": 7, ""C22141"": 7, ""C22142"": 7, ""row_slack_R0004"": 0}",0.99609375,"[[0, 1, 1, 1, 1, 1, 1, 1, 1, 1, 1, 1, 0, 0, 0], [1, 1, 1, 0, 1, 1, 1, 1, 1, 1, 1, 1, 0, 0, 0]]","[0.99609375, 0.00390625]",28,189,32,84,175,
neos8_ds_qaoa_R0001_0001,data/miplib_benders/qaoa_problems/nvars_05/neos8_ds_qaoa_R0001_0001.json,5,15,1,ddsim,30,256,ok,19.79403603996616,390.015625,-0.0,"{""C0001"": 0, ""C0002"": 0, ""C0005"": 0, ""C0006"": 0, ""row_slack_R0001"": 1}",0.0,"{""C0001"": 0, ""C0002"": 0, ""C0005"": 0, ""C0006"": 0, ""row_slack_R0001"": 1}",0.98828125,"[[0, 0, 0, 0, 0, 0, 0, 0, 0, 0, 0, 0, 1, 0, 0], [1, 0, 0, 0, 0, 0, 0, 0, 0, 0, 0, 0, 1, 0, 1], [1, 0, 0, 0, 0, 0, 0, 0, 0, 0, 0, 0, 1, 1, 0], [1, 0, 0, 0, 0, 0, 0, 0, 1, 0, 0, 0, 1, 0, 0]]","[0.98828125, 0.00390625, 0.00390625, 0.00390625]",27,189,32,84,167,
neos8_ds_qaoa_R0001_0002,data/miplib_benders/qaoa_problems/nvars_05/neos8_ds_qaoa_R0001_0002.json,5,15,1,ddsim,30,256,ok,22.02837688906584,406.3359375,-0.0,"{""C0002"": 0, ""C0005"": 0, ""C0006"": 0, ""C0009"": 0, ""row_slack_R0001"": 1}",0.0,"{""C0002"": 0, ""C0005"": 0, ""C0006"": 0, ""C0009"": 0, ""row_slack_R0001"": 1}",0.9921875,"[[0, 0, 0, 0, 0, 0, 0, 0, 0, 0, 0, 0, 1, 0, 0], [1, 0, 0, 0, 1, 0, 0, 0, 0, 0, 0, 0, 1, 0, 0], [1, 1, 0, 0, 0, 0, 0, 0, 0, 0, 0, 0, 1, 0, 0]]","[0.9921875, 0.00390625, 0.00390625]",29,189,32,84,167,
neos8_ds_qaoa_R0001_0003,data/miplib_benders/qaoa_problems/nvars_05/neos8_ds_qaoa_R0001_0003.json,5,15,1,ddsim,30,256,ok,23.514441400999203,406.046875,-0.0,"{""C0005"": 0, ""C0006"": 0, ""C0009"": 0, ""C0017"": 0, ""row_slack_R0001"": 1}",0.0,"{""C0005"": 0, ""C0006"": 0, ""C0009"": 0, ""C0017"": 0, ""row_slack_R0001"": 1}",1.0,"[[0, 0, 0, 0, 0, 0, 0, 0, 0, 0, 0, 0, 1, 0, 0]]",[1.0],23,189,32,84,167,
neos8_ds_qaoa_R0001_0004,data/miplib_benders/qaoa_problems/nvars_05/neos8_ds_qaoa_R0001_0004.json,5,15,1,ddsim,30,256,ok,20.6030441459734,406.25,-0.0,"{""C0006"": 0, ""C0009"": 0, ""C0017"": 0, ""C0018"": 0, ""row_slack_R0001"": 1}",0.0,"{""C0006"": 0, ""C0009"": 0, ""C0017"": 0, ""C0018"": 0, ""row_slack_R0001"": 1}",1.0,"[[0, 0, 0, 0, 0, 0, 0, 0, 0, 0, 0, 0, 1, 0, 0]]",[1.0],26,189,32,84,167,
neos8_ds_qaoa_R0001_0005,data/miplib_benders/qaoa_problems/nvars_05/neos8_ds_qaoa_R0001_0005.json,5,15,1,ddsim,30,256,ok,10.184441679972224,405.19921875,-0.0,"{""C0009"": 0, ""C0017"": 0, ""C0018"": 0, ""C0022"": 0, ""row_slack_R0001"": 1}",0.0,"{""C0009"": 0, ""C0017"": 0, ""C0018"": 0, ""C0022"": 0, ""row_slack_R0001"": 1}",0.98828125,"[[0, 0, 0, 0, 0, 0, 0, 0, 0, 0, 0, 0, 1, 0, 0], [1, 0, 0, 0, 0, 0, 0, 0, 0, 0, 0, 0, 0, 0, 0], [1, 0, 0, 0, 0, 0, 0, 0, 1, 0, 0, 0, 1, 0, 0], [1, 1, 0, 0, 0, 0, 0, 0, 0, 0, 0, 0, 1, 0, 0]]","[0.98828125, 0.00390625, 0.00390625, 0.00390625]",29,189,32,84,167,
neos8_ds_qaoa_R0001_0006,data/miplib_benders/qaoa_problems/nvars_05/neos8_ds_qaoa_R0001_0006.json,5,15,1,ddsim,30,256,ok,12.616431535105221,405.29296875,-0.0,"{""C0017"": 0, ""C0018"": 0, ""C0022"": 0, ""C0025"": 0, ""row_slack_R0001"": 1}",0.0,"{""C0017"": 0, ""C0018"": 0, ""C0022"": 0, ""C0025"": 0, ""row_slack_R0001"": 1}",1.0,"[[0, 0, 0, 0, 0, 0, 0, 0, 0, 0, 0, 0, 1, 0, 0]]",[1.0],21,189,32,84,167,
neos8_ds_qaoa_R0001_0007,data/miplib_benders/qaoa_problems/nvars_05/neos8_ds_qaoa_R0001_0007.json,5,15,1,ddsim,30,256,ok,19.525816723005846,402.1953125,-0.0,"{""C0018"": 0, ""C0022"": 0, ""C0025"": 0, ""C0026"": 0, ""row_slack_R0001"": 1}",0.0,"{""C0018"": 0, ""C0022"": 0, ""C0025"": 0, ""C0026"": 0, ""row_slack_R0001"": 1}",1.0,"[[0, 0, 0, 0, 0, 0, 0, 0, 0, 0, 0, 0, 1, 0, 0]]",[1.0],23,189,32,84,167,
neos8_ds_qaoa_R0002_0002,data/miplib_benders/qaoa_problems/nvars_05/neos8_ds_qaoa_R0002_0002.json,5,15,1,ddsim,30,256,ok,17.398451213957742,389.75390625,-0.0,"{""C0002"": 0, ""C0005"": 0, ""C0006"": 0, ""C0013"": 0, ""row_slack_R0002"": 1}",0.0,"{""C0002"": 0, ""C0005"": 0, ""C0006"": 0, ""C0013"": 0, ""row_slack_R0002"": 1}",1.0,"[[0, 0, 0, 0, 0, 0, 0, 0, 0, 0, 0, 0, 1, 0, 0]]",[1.0],20,189,32,84,167,
neos8_ds_qaoa_R0002_0003,data/miplib_benders/qaoa_problems/nvars_05/neos8_ds_qaoa_R0002_0003.json,5,15,1,ddsim,30,256,ok,24.162085382966325,425.67578125,-0.0,"{""C0005"": 0, ""C0006"": 0, ""C0013"": 0, ""C0014"": 0, ""row_slack_R0002"": 1}",0.0,"{""C0005"": 0, ""C0006"": 0, ""C0013"": 0, ""C0014"": 0, ""row_slack_R0002"": 1}",0.9921875,"[[0, 0, 0, 0, 0, 0, 0, 0, 0, 0, 0, 0, 1, 0, 0], [1, 0, 0, 0, 0, 0, 0, 0, 0, 0, 0, 1, 1, 0, 0]]","[0.9921875, 0.0078125]",29,189,32,84,167,
neos8_ds_qaoa_R0002_0004,data/miplib_benders/qaoa_problems/nvars_05/neos8_ds_qaoa_R0002_0004.json,5,15,1,ddsim,30,256,ok,18.316075917100534,389.5859375,-0.0,"{""C0006"": 0, ""C0013"": 0, ""C0014"": 0, ""C0017"": 0, ""row_slack_R0002"": 1}",0.0,"{""C0006"": 0, ""C0013"": 0, ""C0014"": 0, ""C0017"": 0, ""row_slack_R0002"": 1}",1.0,"[[0, 0, 0, 0, 0, 0, 0, 0, 0, 0, 0, 0, 1, 0, 0]]",[1.0],21,189,32,84,167,
neos8_ds_qaoa_R0002_0005,data/miplib_benders/qaoa_problems/nvars_05/neos8_ds_qaoa_R0002_0005.json,5,15,1,ddsim,30,256,ok,24.79657889797818,398.09375,-0.0,"{""C0013"": 0, ""C0014"": 0, ""C0017"": 0, ""C0018"": 0, ""row_slack_R0002"": 1}",0.0,"{""C0013"": 0, ""C0014"": 0, ""C0017"": 0, ""C0018"": 0, ""row_slack_R0002"": 1}",1.0,"[[0, 0, 0, 0, 0, 0, 0, 0, 0, 0, 0, 0, 1, 0, 0]]",[1.0],23,189,32,84,167,
neos8_ds_qaoa_R0002_0006,data/miplib_benders/qaoa_problems/nvars_05/neos8_ds_qaoa_R0002_0006.json,5,15,1,ddsim,30,256,ok,23.952086735982448,389.65234375,-0.0,"{""C0014"": 0, ""C0017"": 0, ""C0018"": 0, ""C0023"": 0, ""row_slack_R0002"": 1}",0.0,"{""C0014"": 0, ""C0017"": 0, ""C0018"": 0, ""C0023"": 0, ""row_slack_R0002"": 1}",1.0,"[[0, 0, 0, 0, 0, 0, 0, 0, 0, 0, 0, 0, 1, 0, 0]]",[1.0],25,189,32,84,167,
neos8_ds_qaoa_R0002_0007,data/miplib_benders/qaoa_problems/nvars_05/neos8_ds_qaoa_R0002_0007.json,5,15,1,ddsim,30,256,ok,12.985099939978682,389.92578125,-0.0,"{""C0017"": 0, ""C0018"": 0, ""C0023"": 0, ""C0024"": 0, ""row_slack_R0002"": 1}",0.0,"{""C0017"": 0, ""C0018"": 0, ""C0023"": 0, ""C0024"": 0, ""row_slack_R0002"": 1}",1.0,"[[0, 0, 0, 0, 0, 0, 0, 0, 0, 0, 0, 0, 1, 0, 0]]",[1.0],26,189,32,84,167,
neos8_ds_qaoa_R0003_0001,data/miplib_benders/qaoa_problems/nvars_05/neos8_ds_qaoa_R0003_0001.json,5,15,1,ddsim,30,256,ok,10.30272281402722,406.4609375,-0.0,"{""C0001"": 0, ""C0002"": 0, ""C0009"": 0, ""C0013"": 0, ""row_slack_R0003"": 1}",0.0,"{""C0001"": 0, ""C0002"": 0, ""C0009"": 0, ""C0013"": 0, ""row_slack_R0003"": 1}",1.0,"[[0, 0, 0, 0, 0, 0, 0, 0, 0, 0, 0, 0, 1, 0, 0]]",[1.0],22,189,32,84,167,
neos8_ds_qaoa_R0003_0002,data/miplib_benders/qaoa_problems/nvars_05/neos8_ds_qaoa_R0003_0002.json,5,15,1,ddsim,30,256,ok,13.369679775089025,406.07421875,-0.0,"{""C0002"": 0, ""C0009"": 0, ""C0013"": 0, ""C0014"": 0, ""row_slack_R0003"": 1}",0.0,"{""C0002"": 0, ""C0009"": 0, ""C0013"": 0, ""C0014"": 0, ""row_slack_R0003"": 1}",0.984375,"[[0, 0, 0, 0, 0, 0, 0, 0, 0, 0, 0, 0, 1, 0, 0], [1, 0, 0, 0, 0, 0, 0, 0, 0, 0, 1, 0, 1, 0, 0], [1, 0, 0, 0, 0, 0, 0, 1, 0, 0, 0, 0, 1, 0, 0], [1, 0, 0, 0, 1, 0, 0, 0, 0, 0, 0, 0, 1, 0, 0]]","[0.984375, 0.0078125, 0.00390625, 0.00390625]",31,189,32,84,167,
neos8_ds_qaoa_R0003_0003,data/miplib_benders/qaoa_problems/nvars_05/neos8_ds_qaoa_R0003_0003.json,5,15,1,ddsim,30,256,ok,11.172773541067727,397.7890625,-0.0,"{""C0009"": 0, ""C0013"": 0, ""C0014"": 0, ""C0022"": 0, ""row_slack_R0003"": 1}",0.0,"{""C0009"": 0, ""C0013"": 0, ""C0014"": 0, ""C0022"": 0, ""row_slack_R0003"": 1}",1.0,"[[0, 0, 0, 0, 0, 0, 0, 0, 0, 0, 0, 0, 1, 0, 0]]",[1.0],23,189,32,84,167,
neos8_ds_qaoa_R0004_0001,data/miplib_benders/qaoa_problems/nvars_05/neos8_ds_qaoa_R0004_0001.json,5,15,1,ddsim,30,256,ok,10.769037054036744,406.0234375,-0.0,"{""C0005"": 0, ""C0006"": 0, ""C0009"": 0, ""C0013"": 0, ""row_slack_R0004"": 1}",0.0,"{""C0005"": 0, ""C0006"": 0, ""C0009"": 0, ""C0013"": 0, ""row_slack_R0004"": 1}",0.9921875,"[[0, 0, 0, 0, 0, 0, 0, 0, 0, 0, 0, 0, 1, 0, 0], [1, 0, 0, 0, 0, 0, 0, 0, 0, 0, 1, 0, 1, 0, 0]]","[0.9921875, 0.0078125]",22,189,32,84,167,
neos8_ds_qaoa_R0004_0002,data/miplib_benders/qaoa_problems/nvars_05/neos8_ds_qaoa_R0004_0002.json,5,15,1,ddsim,30,256,ok,21.340087950928137,395.8515625,-0.0,"{""C0006"": 0, ""C0009"": 0, ""C0013"": 0, ""C0014"": 0, ""row_slack_R0004"": 1}",0.0,"{""C0006"": 0, ""C0009"": 0, ""C0013"": 0, ""C0014"": 0, ""row_slack_R0004"": 1}",1.0,"[[0, 0, 0, 0, 0, 0, 0, 0, 0, 0, 0, 0, 1, 0, 0]]",[1.0],20,189,32,84,167,
neos8_ds_qaoa_R0004_0003,data/miplib_benders/qaoa_problems/nvars_05/neos8_ds_qaoa_R0004_0003.json,5,15,1,ddsim,30,256,ok,25.648167839972302,404.0234375,-0.0,"{""C0009"": 0, ""C0013"": 0, ""C0014"": 0, ""C0023"": 0, ""row_slack_R0004"": 1}",0.0,"{""C0009"": 0, ""C0013"": 0, ""C0014"": 0, ""C0023"": 0, ""row_slack_R0004"": 1}",1.0,"[[0, 0, 0, 0, 0, 0, 0, 0, 0, 0, 0, 0, 1, 0, 0]]",[1.0],24,189,32,84,167,
neos8_ds_qaoa_R0004_0004,data/miplib_benders/qaoa_problems/nvars_05/neos8_ds_qaoa_R0004_0004.json,5,15,1,ddsim,30,256,ok,22.45308426907286,403.34375,-0.0,"{""C0013"": 0, ""C0014"": 0, ""C0023"": 0, ""C0024"": 0, ""row_slack_R0004"": 1}",0.0,"{""C0013"": 0, ""C0014"": 0, ""C0023"": 0, ""C0024"": 0, ""row_slack_R0004"": 1}",1.0,"[[0, 0, 0, 0, 0, 0, 0, 0, 0, 0, 0, 0, 1, 0, 0]]",[1.0],21,189,32,84,167,
neos8_ds_qaoa_R0004_0005,data/miplib_benders/qaoa_problems/nvars_05/neos8_ds_qaoa_R0004_0005.json,5,15,1,ddsim,30,256,ok,39.60951264796313,406.24609375,-0.0,"{""C0014"": 0, ""C0023"": 0, ""C0024"": 0, ""C0025"": 0, ""row_slack_R0004"": 1}",0.0,"{""C0014"": 0, ""C0023"": 0, ""C0024"": 0, ""C0025"": 0, ""row_slack_R0004"": 1}",0.9921875,"[[0, 0, 0, 0, 0, 0, 0, 0, 0, 0, 0, 0, 1, 0, 0], [1, 0, 0, 0, 0, 0, 0, 0, 0, 0, 0, 1, 1, 0, 0], [1, 0, 0, 0, 0, 0, 0, 0, 0, 0, 1, 0, 1, 0, 0]]","[0.9921875, 0.00390625, 0.00390625]",29,189,32,84,167,
neos8_ds_qaoa_R0004_0006,data/miplib_benders/qaoa_problems/nvars_05/neos8_ds_qaoa_R0004_0006.json,5,15,1,ddsim,30,256,ok,21.538643580046482,400.828125,-0.0,"{""C0023"": 0, ""C0024"": 0, ""C0025"": 0, ""C0026"": 0, ""row_slack_R0004"": 1}",0.0,"{""C0023"": 0, ""C0024"": 0, ""C0025"": 0, ""C0026"": 0, ""row_slack_R0004"": 1}",1.0,"[[0, 0, 0, 0, 0, 0, 0, 0, 0, 0, 0, 0, 1, 0, 0]]",[1.0],22,189,32,84,167,
ns1830653_ds_qaoa_R0880_0001,data/miplib_benders/qaoa_problems/nvars_05/ns1830653_ds_qaoa_R0880_0001.json,5,15,1,ddsim,30,256,ok,18.894239005981945,406.140625,224.0,"{""C0234"": 0, ""C0252"": 0, ""C0270"": 0, ""C0288"": 0, ""C0306"": 1}",224.0,"{""C0234"": 0, ""C0252"": 0, ""C0270"": 0, ""C0288"": 0, ""C0306"": 1}",1.0,"[[0, 0, 0, 0, 0, 0, 0, 0, 0, 0, 0, 0, 1, 0, 0]]",[1.0],23,189,32,84,167,
ns1830653_ds_qaoa_R0880_0002,data/miplib_benders/qaoa_problems/nvars_05/ns1830653_ds_qaoa_R0880_0002.json,5,15,1,ddsim,30,256,ok,17.540153576992452,406.2421875,224.0,"{""C0252"": 0, ""C0270"": 0, ""C0288"": 0, ""C0306"": 1, ""C0504"": 0}",127.0,"{""C0252"": 0, ""C0270"": 0, ""C0288"": 0, ""C0306"": 0, ""C0504"": 1}",1.0,"[[0, 0, 0, 0, 0, 0, 0, 0, 0, 0, 0, 0, 1, 0, 0]]",[1.0],26,189,32,84,167,
ns1830653_ds_qaoa_R0898_0001,data/miplib_benders/qaoa_problems/nvars_05/ns1830653_ds_qaoa_R0898_0001.json,5,15,1,ddsim,30,256,ok,12.015853496035561,390.98828125,221.0,"{""C0360"": 0, ""C0378"": 0, ""C0396"": 1, ""C0414"": 0, ""C0432"": 0}",148.0,"{""C0360"": 0, ""C0378"": 0, ""C0396"": 0, ""C0414"": 0, ""C0432"": 1}",1.0,"[[0, 0, 0, 0, 0, 0, 0, 0, 0, 0, 0, 0, 1, 0, 0]]",[1.0],25,189,32,84,167,
ns1830653_ds_qaoa_R0898_0002,data/miplib_benders/qaoa_problems/nvars_05/ns1830653_ds_qaoa_R0898_0002.json,5,15,1,ddsim,30,256,ok,22.997329818084836,406.140625,264.0,"{""C0378"": 0, ""C0396"": 0, ""C0414"": 0, ""C0432"": 0, ""C0450"": 1}",264.0,"{""C0378"": 0, ""C0396"": 0, ""C0414"": 0, ""C0432"": 0, ""C0450"": 1}",0.96875,"[[0, 0, 0, 0, 0, 0, 0, 0, 0, 0, 0, 0, 1, 0, 0], [1, 0, 0, 0, 0, 0, 0, 0, 0, 0, 0, 0, 1, 0, 1], [1, 0, 0, 0, 0, 0, 0, 0, 0, 0, 0, 0, 1, 1, 0], [1, 0, 0, 0, 0, 0, 0, 0, 0, 0, 1, 0, 1, 0, 0], [1, 0, 0, 0, 0, 0, 0, 1, 0, 0, 0, 0, 1, 0, 0], [1, 0, 0, 0, 1, 0, 0, 0, 0, 0, 0, 0, 1, 0, 0], [1, 0, 1, 0, 0, 0, 0, 0, 0, 0, 0, 0, 1, 0, 0], [1, 1, 0, 0, 0, 0, 0, 0, 0, 0, 0, 0, 1, 0, 0]]","[0.96875, 0.00390625, 0.00390625, 0.00390625, 0.00390625, 0.0078125, 0.00390625, 0.00390625]",29,189,32,84,167,
ns1830653_ds_qaoa_R0898_0003,data/miplib_benders/qaoa_problems/nvars_05/ns1830653_ds_qaoa_R0898_0003.json,5,15,1,ddsim,30,256,ok,29.56990790797863,390.14453125,264.0,"{""C0396"": 0, ""C0414"": 0, ""C0432"": 0, ""C0450"": 1, ""C0468"": 0}",224.0,"{""C0396"": 0, ""C0414"": 0, ""C0432"": 0, ""C0450"": 0, ""C0468"": 1}",1.0,"[[0, 0, 0, 0, 0, 0, 0, 0, 0, 0, 0, 0, 1, 0, 0]]",[1.0],30,189,32,84,167,
ns1830653_ds_qaoa_R0898_0004,data/miplib_benders/qaoa_problems/nvars_05/ns1830653_ds_qaoa_R0898_0004.json,5,15,1,ddsim,30,256,ok,23.552161056082696,398.29296875,264.0,"{""C0414"": 0, ""C0432"": 0, ""C0450"": 1, ""C0468"": 0, ""C0522"": 0}",58.0,"{""C0414"": 0, ""C0432"": 0, ""C0450"": 0, ""C0468"": 0, ""C0522"": 1}",1.0,"[[0, 0, 0, 0, 0, 0, 0, 0, 0, 0, 0, 0, 1, 0, 0]]",[1.0],23,189,32,84,167,
satellites2-60-fs_ds_qaoa_R13541_0001,data/miplib_benders/qaoa_problems/nvars_05/satellites2-60-fs_ds_qaoa_R13541_0001.json,5,15,1,ddsim,30,256,ok,30.04852762608789,389.9375,-0.0,"{""C34179"": 0, ""C34180"": 0, ""C34181"": 0, ""C34182"": 0, ""row_slack_R13541"": 1}",0.0,"{""C34179"": 0, ""C34180"": 0, ""C34181"": 0, ""C34182"": 0, ""row_slack_R13541"": 1}",1.0,"[[0, 0, 0, 0, 0, 0, 0, 0, 0, 0, 0, 0, 1, 0, 0]]",[1.0],25,189,32,84,167,
supportcase6_ds_qaoa_c539_c722_0010,data/miplib_benders/qaoa_problems/nvars_05/supportcase6_ds_qaoa_c539_c722_0010.json,5,15,2,ddsim,30,256,ok,58.01441397401504,406.05859375,151847000.0,"{""B101043(7)"": 0, ""B101058(7)"": 1, ""B101479(7)"": 0, ""B101485(7)"": 0, ""B101487(7)"": 0}",,,,"[[1, 0, 1, 1, 0, 0, 1, 0, 1, 1, 1, 0, 1, 1, 0], [1, 0, 1, 1, 0, 0, 1, 1, 0, 1, 1, 0, 1, 1, 0], [1, 1, 0, 1, 0, 0, 1, 0, 1, 1, 1, 0, 1, 1, 0], [1, 1, 0, 1, 0, 0, 1, 1, 0, 0, 0, 0, 1, 0, 1], [1, 1, 0, 1, 0, 0, 1, 1, 0, 0, 0, 0, 1, 1, 0], [1, 1, 0, 1, 0, 0, 1, 1, 0, 1, 0, 1, 1, 1, 0], [1, 1, 0, 1, 0, 0, 1, 1, 0, 1, 1, 0, 0, 0, 0], [1, 1, 0, 1, 0, 0, 1, 1, 0, 1, 1, 0, 1, 0, 1], [1, 1, 0, 1, 0, 0, 1, 1, 0, 1, 1, 0, 1, 1, 0]]","[0.00390625, 0.01953125, 0.01953125, 0.00390625, 0.02734375, 0.015625, 0.01171875, 0.02734375, 0.87109375]",28,109,32,48,158,
supportcase6_ds_qaoa_c722_0001,data/miplib_benders/qaoa_problems/nvars_05/supportcase6_ds_qaoa_c722_0001.json,5,15,1,ddsim,30,256,ok,53.78125331096817,403.265625,151847000.0,"{""B100166(7)"": 1, ""B100594(7)"": 0, ""B100600(7)"": 0, ""B100602(7)"": 0, ""B100608(7)"": 0}",,,,"[[1, 0, 1, 0, 0, 0, 1, 1, 0, 1, 1, 0, 1, 0, 0], [1, 0, 1, 1, 1, 0, 0, 0, 0, 1, 1, 0, 1, 0, 0], [1, 0, 1, 1, 1, 0, 1, 1, 0, 1, 0, 1, 1, 0, 0], [1, 0, 1, 1, 1, 0, 1, 1, 0, 1, 1, 0, 1, 0, 0], [1, 1, 0, 0, 0, 0, 1, 0, 1, 1, 1, 0, 1, 0, 0], [1, 1, 0, 0, 0, 0, 1, 1, 0, 1, 0, 1, 1, 0, 0], [1, 1, 0, 0, 0, 0, 1, 1, 0, 1, 1, 0, 1, 0, 0], [1, 1, 0, 1, 0, 1, 0, 0, 0, 1, 1, 0, 1, 0, 0], [1, 1, 0, 1, 0, 1, 1, 0, 1, 1, 1, 0, 1, 0, 0], [1, 1, 0, 1, 0, 1, 1, 1, 0, 0, 0, 0, 1, 0, 0], [1, 1, 0, 1, 0, 1, 1, 1, 0, 1, 0, 1, 1, 0, 0], [1, 1, 0, 1, 0, 1, 1, 1, 0, 1, 1, 0, 1, 0, 0], [1, 1, 0, 1, 1, 0, 0, 0, 0, 1, 0, 1, 1, 0, 0], [1, 1, 0, 1, 1, 0, 0, 0, 0, 1, 1, 0, 1, 0, 0], [1, 1, 0, 1, 1, 0, 1, 0, 0, 0, 1, 0, 1, 0, 0], [1, 1, 0, 1, 1, 0, 1, 0, 1, 1, 1, 0, 1, 0, 0], [1, 1, 0, 1, 1, 0, 1, 1, 0, 0, 0, 0, 1, 0, 0], [1, 1, 0, 1, 1, 0, 1, 1, 0, 1, 0, 0, 0, 0, 0], [1, 1, 0, 1, 1, 0, 1, 1, 0, 1, 0, 1, 1, 0, 0], [1, 1, 0, 1, 1, 0, 1, 1, 0, 1, 1, 0, 1, 0, 0]]","[0.00390625, 0.00390625, 0.00390625, 0.046875, 0.00390625, 0.00390625, 0.0390625, 0.00390625, 0.00390625, 0.00390625, 0.00390625, 0.03125, 0.00390625, 0.046875, 0.00390625, 0.015625, 0.03515625, 0.00390625, 0.04296875, 0.6953125]",27,189,32,84,167,
supportcase6_ds_qaoa_c722_0002,data/miplib_benders/qaoa_problems/nvars_05/supportcase6_ds_qaoa_c722_0002.json,5,15,1,ddsim,30,256,ok,24.026761476998217,389.81640625,151847000.0,"{""B100594(7)"": 0, ""B100600(7)"": 0, ""B100602(7)"": 0, ""B100608(7)"": 0, ""B100623(7)"": 1}",,,,"[[1, 1, 0, 1, 0, 1, 1, 1, 0, 1, 1, 0, 1, 0, 0], [1, 1, 0, 1, 1, 0, 1, 1, 0, 0, 0, 0, 1, 0, 0], [1, 1, 0, 1, 1, 0, 1, 1, 0, 1, 1, 0, 1, 0, 0]]","[0.00390625, 0.00390625, 0.9921875]",31,189,32,84,167,
supportcase6_ds_qaoa_c722_0003,data/miplib_benders/qaoa_problems/nvars_05/supportcase6_ds_qaoa_c722_0003.json,5,15,1,ddsim,30,256,ok,29.275608420022763,406.22265625,151847000.0,"{""B100600(7)"": 0, ""B100602(7)"": 0, ""B100608(7)"": 0, ""B100623(7)"": 1, ""B101029(7)"": 0}",,,,"[[1, 1, 0, 1, 1, 0, 1, 1, 0, 1, 1, 0, 1, 0, 0]]",[1.0],31,189,32,84,167,
supportcase6_ds_qaoa_c722_0004,data/miplib_benders/qaoa_problems/nvars_05/supportcase6_ds_qaoa_c722_0004.json,5,15,1,ddsim,30,256,ok,33.10398702591192,398.73828125,151847000.0,"{""B100602(7)"": 0, ""B100608(7)"": 0, ""B100623(7)"": 1, ""B101029(7)"": 0, ""B101035(7)"": 0}",,,,"[[1, 0, 1, 1, 1, 0, 1, 1, 0, 1, 1, 0, 1, 0, 0], [1, 1, 0, 0, 0, 0, 1, 0, 1, 1, 1, 0, 1, 0, 0], [1, 1, 0, 0, 0, 0, 1, 1, 0, 1, 0, 1, 1, 0, 0], [1, 1, 0, 0, 0, 0, 1, 1, 0, 1, 1, 0, 1, 0, 0], [1, 1, 0, 1, 0, 1, 1, 1, 0, 1, 1, 0, 1, 0, 0], [1, 1, 0, 1, 1, 0, 0, 0, 0, 1, 1, 0, 1, 0, 0], [1, 1, 0, 1, 1, 0, 1, 0, 1, 1, 1, 0, 1, 0, 0], [1, 1, 0, 1, 1, 0, 1, 1, 0, 0, 0, 0, 1, 0, 0], [1, 1, 0, 1, 1, 0, 1, 1, 0, 1, 0, 1, 1, 0, 0], [1, 1, 0, 1, 1, 0, 1, 1, 0, 1, 1, 0, 1, 0, 0]]","[0.01171875, 0.00390625, 0.00390625, 0.03125, 0.0234375, 0.0234375, 0.01171875, 0.02734375, 0.00390625, 0.859375]",27,189,32,84,167,
supportcase6_ds_qaoa_c722_0005,data/miplib_benders/qaoa_problems/nvars_05/supportcase6_ds_qaoa_c722_0005.json,5,15,1,ddsim,30,256,ok,39.106350879068486,406.32421875,151847000.0,"{""B100608(7)"": 0, ""B100623(7)"": 1, ""B101029(7)"": 0, ""B101035(7)"": 0, ""B101037(7)"": 0}",,,,"[[1, 0, 1, 1, 1, 0, 1, 0, 1, 0, 0, 0, 1, 0, 0], [1, 0, 1, 1, 1, 0, 1, 1, 0, 1, 1, 0, 1, 0, 0], [1, 1, 0, 0, 0, 0, 1, 1, 0, 1, 1, 0, 1, 0, 0], [1, 1, 0, 1, 0, 1, 1, 1, 0, 1, 1, 0, 1, 0, 0], [1, 1, 0, 1, 1, 0, 0, 0, 0, 1, 1, 0, 1, 0, 0], [1, 1, 0, 1, 1, 0, 1, 0, 1, 0, 0, 0, 1, 0, 0], [1, 1, 0, 1, 1, 0, 1, 0, 1, 1, 1, 0, 1, 0, 0], [1, 1, 0, 1, 1, 0, 1, 1, 0, 0, 0, 0, 1, 0, 0], [1, 1, 0, 1, 1, 0, 1, 1, 0, 1, 0, 1, 1, 0, 0], [1, 1, 0, 1, 1, 0, 1, 1, 0, 1, 1, 0, 1, 0, 0]]","[0.00390625, 0.0078125, 0.015625, 0.02734375, 0.015625, 0.00390625, 0.01953125, 0.0234375, 0.0234375, 0.859375]",31,189,32,84,167,
supportcase6_ds_qaoa_c722_c726_0001,data/miplib_benders/qaoa_problems/nvars_05/supportcase6_ds_qaoa_c722_c726_0001.json,5,15,2,ddsim,30,256,ok,49.45953317999374,397.33203125,151847000.0,"{""B100166(7)"": 1, ""B100594(7)"": 0, ""B100600(7)"": 0, ""B100602(7)"": 0, ""B100608(7)"": 0}",,,,"[[1, 0, 1, 1, 1, 0, 1, 1, 0, 1, 0, 0, 1, 1, 0], [1, 1, 0, 0, 0, 0, 1, 1, 0, 1, 0, 0, 1, 1, 0], [1, 1, 0, 1, 0, 1, 1, 1, 0, 1, 0, 0, 1, 1, 0], [1, 1, 0, 1, 1, 0, 0, 0, 0, 1, 0, 0, 1, 1, 0], [1, 1, 0, 1, 1, 0, 1, 0, 1, 1, 0, 0, 1, 1, 0], [1, 1, 0, 1, 1, 0, 1, 1, 0, 1, 0, 0, 1, 0, 1], [1, 1, 0, 1, 1, 0, 1, 1, 0, 1, 0, 0, 1, 1, 0]]","[0.00390625, 0.01953125, 0.00390625, 0.0234375, 0.01953125, 0.02734375, 0.90234375]",28,149,32,66,158,
supportcase6_ds_qaoa_c722_c726_0002,data/miplib_benders/qaoa_problems/nvars_05/supportcase6_ds_qaoa_c722_c726_0002.json,5,15,2,ddsim,30,256,ok,56.467121638939716,405.2109375,151847000.0,"{""B100594(7)"": 0, ""B100600(7)"": 0, ""B100602(7)"": 0, ""B100608(7)"": 0, ""B100623(7)"": 1}",,,,"[[1, 0, 0, 0, 1, 0, 1, 1, 0, 1, 1, 0, 1, 0, 0], [1, 0, 1, 1, 1, 0, 0, 0, 0, 1, 1, 0, 1, 0, 0], [1, 0, 1, 1, 1, 0, 1, 0, 1, 1, 1, 0, 1, 0, 0], [1, 0, 1, 1, 1, 0, 1, 1, 0, 1, 1, 0, 1, 0, 0], [1, 1, 0, 0, 0, 0, 1, 1, 0, 1, 1, 0, 1, 0, 0], [1, 1, 0, 1, 0, 1, 1, 1, 0, 1, 1, 0, 1, 0, 0], [1, 1, 0, 1, 1, 0, 0, 0, 0, 1, 1, 0, 1, 0, 0], [1, 1, 0, 1, 1, 0, 1, 0, 1, 1, 0, 1, 1, 0, 0], [1, 1, 0, 1, 1, 0, 1, 0, 1, 1, 1, 0, 1, 0, 0], [1, 1, 0, 1, 1, 0, 1, 1, 0, 0, 0, 0, 1, 0, 0], [1, 1, 0, 1, 1, 0, 1, 1, 0, 1, 0, 1, 1, 0, 0], [1, 1, 0, 1, 1, 0, 1, 1, 0, 1, 1, 0, 1, 0, 0]]","[0.00390625, 0.00390625, 0.00390625, 0.04296875, 0.03515625, 0.01953125, 0.04296875, 0.00390625, 0.03515625, 0.00390625, 0.04296875, 0.76171875]",26,149,32,66,158,
supportcase6_ds_qaoa_c722_c726_0003,data/miplib_benders/qaoa_problems/nvars_05/supportcase6_ds_qaoa_c722_c726_0003.json,5,15,2,ddsim,30,256,ok,74.88790770294145,398.2734375,151847000.0,"{""B100600(7)"": 0, ""B100602(7)"": 0, ""B100608(7)"": 0, ""B100623(7)"": 1, ""B101029(7)"": 0}",,,,"[[1, 0, 0, 0, 1, 0, 1, 0, 1, 1, 1, 0, 1, 0, 0], [1, 0, 1, 1, 1, 0, 1, 1, 0, 1, 1, 0, 1, 0, 0], [1, 1, 0, 0, 0, 0, 1, 0, 1, 1, 1, 0, 1, 0, 0], [1, 1, 0, 0, 0, 0, 1, 1, 0, 0, 0, 0, 1, 0, 0], [1, 1, 0, 0, 0, 0, 1, 1, 0, 1, 1, 0, 1, 0, 0], [1, 1, 0, 1, 0, 1, 1, 1, 0, 1, 0, 1, 1, 0, 0], [1, 1, 0, 1, 0, 1, 1, 1, 0, 1, 1, 0, 1, 0, 0], [1, 1, 0, 1, 1, 0, 0, 0, 0, 1, 1, 0, 1, 0, 0], [1, 1, 0, 1, 1, 0, 1, 0, 1, 1, 1, 0, 1, 0, 0], [1, 1, 0, 1, 1, 0, 1, 1, 0, 0, 0, 0, 1, 0, 0], [1, 1, 0, 1, 1, 0, 1, 1, 0, 1, 0, 0, 0, 0, 0], [1, 1, 0, 1, 1, 0, 1, 1, 0, 1, 0, 1, 1, 0, 0], [1, 1, 0, 1, 1, 0, 1, 1, 0, 1, 1, 0, 1, 0, 0]]","[0.00390625, 0.03515625, 0.00390625, 0.00390625, 0.02734375, 0.00390625, 0.0390625, 0.00390625, 0.015625, 0.046875, 0.01171875, 0.04296875, 0.76171875]",31,149,32,66,158,
supportcase6_ds_qaoa_c722_c726_0004,data/miplib_benders/qaoa_problems/nvars_05/supportcase6_ds_qaoa_c722_c726_0004.json,5,15,2,ddsim,30,256,ok,55.82878117391374,389.875,151847000.0,"{""B100602(7)"": 0, ""B100608(7)"": 0, ""B100623(7)"": 1, ""B101029(7)"": 0, ""B101035(7)"": 0}",,,,"[[1, 0, 1, 1, 1, 0, 1, 1, 0, 1, 1, 0, 1, 0, 0], [1, 1, 0, 1, 0, 1, 1, 1, 0, 1, 1, 0, 1, 0, 0], [1, 1, 0, 1, 1, 0, 0, 0, 0, 1, 1, 0, 1, 0, 0], [1, 1, 0, 1, 1, 0, 1, 0, 1, 1, 1, 0, 1, 0, 0], [1, 1, 0, 1, 1, 0, 1, 1, 0, 0, 0, 0, 1, 0, 0], [1, 1, 0, 1, 1, 0, 1, 1, 0, 1, 0, 1, 1, 0, 0], [1, 1, 0, 1, 1, 0, 1, 1, 0, 1, 1, 0, 1, 0, 0]]","[0.0078125, 0.00390625, 0.02734375, 0.01953125, 0.00390625, 0.015625, 0.921875]",28,149,32,66,158,
supportcase6_ds_qaoa_c722_c726_0005,data/miplib_benders/qaoa_problems/nvars_05/supportcase6_ds_qaoa_c722_c726_0005.json,5,15,2,ddsim,30,256,ok,86.82086309802253,475.5625,151847000.0,"{""B100608(7)"": 0, ""B100623(7)"": 1, ""B101029(7)"": 0, ""B101035(7)"": 0, ""B101037(7)"": 0}",,,,"[[0, 0, 0, 1, 1, 0, 1, 1, 0, 1, 1, 0, 1, 0, 0], [1, 0, 1, 1, 0, 1, 0, 0, 0, 1, 1, 0, 1, 0, 0], [1, 0, 1, 1, 0, 1, 1, 1, 0, 1, 1, 0, 1, 0, 0], [1, 0, 1, 1, 1, 0, 1, 0, 1, 1, 1, 0, 1, 0, 0], [1, 0, 1, 1, 1, 0, 1, 1, 0, 1, 0, 1, 1, 0, 0], [1, 0, 1, 1, 1, 0, 1, 1, 0, 1, 1, 0, 1, 0, 0], [1, 1, 0, 1, 0, 0, 0, 0, 1, 1, 1, 0, 1, 0, 0], [1, 1, 0, 1, 0, 0, 0, 1, 0, 1, 1, 0, 1, 0, 0], [1, 1, 0, 1, 0, 1, 0, 0, 0, 1, 1, 0, 1, 0, 0], [1, 1, 0, 1, 0, 1, 1, 0, 1, 1, 1, 0, 1, 0, 0], [1, 1, 0, 1, 0, 1, 1, 1, 0, 1, 0, 1, 1, 0, 0], [1, 1, 0, 1, 0, 1, 1, 1, 0, 1, 1, 0, 1, 0, 0], [1, 1, 0, 1, 1, 0, 0, 0, 0, 0, 0, 0, 1, 0, 0], [1, 1, 0, 1, 1, 0, 0, 0, 0, 1, 0, 1, 1, 0, 0], [1, 1, 0, 1, 1, 0, 0, 0, 0, 1, 1, 0, 1, 0, 0], [1, 1, 0, 1, 1, 0, 1, 0, 0, 0, 1, 0, 1, 0, 0], [1, 1, 0, 1, 1, 0, 1, 0, 1, 1, 0, 1, 1, 0, 0], [1, 1, 0, 1, 1, 0, 1, 0, 1, 1, 1, 0, 1, 0, 0], [1, 1, 0, 1, 1, 0, 1, 1, 0, 0, 0, 0, 1, 0, 0], [1, 1, 0, 1, 1, 0, 1, 1, 0, 1, 0, 1, 1, 0, 0], [1, 1, 0, 1, 1, 0, 1, 1, 0, 1, 1, 0, 1, 0, 0]]","[0.0234375, 0.00390625, 0.0078125, 0.00390625, 0.00390625, 0.046875, 0.00390625, 0.00390625, 0.00390625, 0.00390625, 0.01171875, 0.0625, 0.01171875, 0.00390625, 0.0546875, 0.01953125, 0.01171875, 0.0390625, 0.05078125, 0.03515625, 0.59375]",30,149,32,66,158,
supportcase6_ds_qaoa_c726_0001,data/miplib_benders/qaoa_problems/nvars_05/supportcase6_ds_qaoa_c726_0001.json,5,15,1,ddsim,30,256,ok,25.70269154792186,399.1171875,151847000.0,"{""B100166(7)"": 0, ""B100594(7)"": 0, ""B100600(7)"": 0, ""B100602(7)"": 0, ""B100623(7)"": 1}",,,,"[[1, 0, 1, 0, 0, 0, 1, 1, 0, 1, 1, 0, 1, 0, 0], [1, 0, 1, 1, 1, 0, 1, 1, 0, 1, 1, 0, 1, 0, 0], [1, 1, 0, 1, 0, 1, 0, 0, 0, 1, 1, 0, 1, 0, 0], [1, 1, 0, 1, 0, 1, 1, 1, 0, 1, 1, 0, 1, 0, 0], [1, 1, 0, 1, 1, 0, 0, 0, 0, 1, 1, 0, 1, 0, 0], [1, 1, 0, 1, 1, 0, 1, 0, 1, 1, 1, 0, 1, 0, 0], [1, 1, 0, 1, 1, 0, 1, 1, 0, 0, 0, 0, 1, 0, 0], [1, 1, 0, 1, 1, 0, 1, 1, 0, 1, 0, 1, 1, 0, 0], [1, 1, 0, 1, 1, 0, 1, 1, 0, 1, 1, 0, 1, 0, 0]]","[0.00390625, 0.0078125, 0.00390625, 0.03125, 0.0234375, 0.015625, 0.01171875, 0.01171875, 0.890625]",28,189,32,84,167,
supportcase6_ds_qaoa_c726_0002,data/miplib_benders/qaoa_problems/nvars_05/supportcase6_ds_qaoa_c726_0002.json,5,15,1,ddsim,30,256,ok,24.89037710102275,402.671875,151847000.0,"{""B100594(7)"": 0, ""B100600(7)"": 0, ""B100602(7)"": 0, ""B100623(7)"": 1, ""B101029(7)"": 0}",,,,"[[1, 0, 1, 1, 0, 1, 1, 1, 0, 0, 0, 0, 1, 0, 0], [1, 0, 1, 1, 1, 0, 1, 1, 0, 1, 1, 0, 1, 0, 0], [1, 1, 0, 0, 0, 0, 1, 1, 0, 1, 1, 0, 1, 0, 0], [1, 1, 0, 1, 0, 1, 1, 1, 0, 1, 1, 0, 1, 0, 0], [1, 1, 0, 1, 1, 0, 0, 0, 0, 1, 1, 0, 1, 0, 0], [1, 1, 0, 1, 1, 0, 1, 0, 1, 1, 1, 0, 1, 0, 0], [1, 1, 0, 1, 1, 0, 1, 1, 0, 0, 0, 0, 1, 0, 0], [1, 1, 0, 1, 1, 0, 1, 1, 0, 1, 0, 1, 1, 0, 0], [1, 1, 0, 1, 1, 0, 1, 1, 0, 1, 1, 0, 1, 0, 0]]","[0.00390625, 0.015625, 0.0234375, 0.015625, 0.01171875, 0.01171875, 0.0078125, 0.01953125, 0.890625]",31,189,32,84,167,
supportcase6_ds_qaoa_c726_0003,data/miplib_benders/qaoa_problems/nvars_05/supportcase6_ds_qaoa_c726_0003.json,5,15,1,ddsim,30,256,ok,12.941416551009752,400.078125,151847000.0,"{""B100600(7)"": 0, ""B100602(7)"": 0, ""B100623(7)"": 1, ""B101029(7)"": 0, ""B101035(7)"": 0}",,,,"[[1, 0, 1, 1, 1, 0, 1, 1, 0, 1, 1, 0, 1, 0, 0], [1, 1, 0, 0, 0, 0, 1, 1, 0, 1, 1, 0, 1, 0, 0], [1, 1, 0, 1, 0, 0, 0, 1, 0, 1, 1, 0, 1, 0, 0], [1, 1, 0, 1, 0, 1, 1, 1, 0, 1, 1, 0, 1, 0, 0], [1, 1, 0, 1, 1, 0, 0, 0, 0, 1, 1, 0, 1, 0, 0], [1, 1, 0, 1, 1, 0, 1, 0, 1, 0, 0, 0, 1, 0, 0], [1, 1, 0, 1, 1, 0, 1, 0, 1, 1, 1, 0, 1, 0, 0], [1, 1, 0, 1, 1, 0, 1, 1, 0, 0, 0, 0, 1, 0, 0], [1, 1, 0, 1, 1, 0, 1, 1, 0, 1, 0, 1, 1, 0, 0], [1, 1, 0, 1, 1, 0, 1, 1, 0, 1, 1, 0, 1, 0, 0]]","[0.01953125, 0.0234375, 0.00390625, 0.015625, 0.01171875, 0.00390625, 0.015625, 0.015625, 0.00390625, 0.88671875]",25,189,32,84,167,
supportcase6_ds_qaoa_c726_0004,data/miplib_benders/qaoa_problems/nvars_05/supportcase6_ds_qaoa_c726_0004.json,5,15,1,ddsim,30,256,ok,15.388850877061486,477.2734375,151847000.0,"{""B100602(7)"": 0, ""B100623(7)"": 1, ""B101029(7)"": 0, ""B101035(7)"": 0, ""B101037(7)"": 0}",,,,"[[1, 0, 0, 0, 1, 0, 1, 1, 0, 1, 1, 0, 1, 0, 0], [1, 0, 1, 1, 1, 0, 0, 0, 0, 1, 1, 0, 1, 0, 0], [1, 0, 1, 1, 1, 0, 1, 0, 1, 0, 0, 0, 1, 0, 0], [1, 0, 1, 1, 1, 0, 1, 1, 0, 0, 0, 0, 1, 0, 0], [1, 0, 1, 1, 1, 0, 1, 1, 0, 1, 0, 1, 1, 0, 0], [1, 0, 1, 1, 1, 0, 1, 1, 0, 1, 1, 0, 1, 0, 0], [1, 1, 0, 0, 0, 0, 1, 1, 0, 0, 0, 0, 1, 0, 0], [1, 1, 0, 0, 0, 0, 1, 1, 0, 1, 1, 0, 1, 0, 0], [1, 1, 0, 1, 0, 1, 1, 1, 0, 0, 0, 0, 1, 0, 0], [1, 1, 0, 1, 0, 1, 1, 1, 0, 1, 0, 1, 1, 0, 0], [1, 1, 0, 1, 0, 1, 1, 1, 0, 1, 1, 0, 1, 0, 0], [1, 1, 0, 1, 1, 0, 0, 0, 0, 1, 1, 0, 1, 0, 0], [1, 1, 0, 1, 1, 0, 1, 0, 1, 0, 0, 0, 1, 0, 0], [1, 1, 0, 1, 1, 0, 1, 0, 1, 1, 1, 0, 1, 0, 0], [1, 1, 0, 1, 1, 0, 1, 1, 0, 0, 0, 0, 1, 0, 0], [1, 1, 0, 1, 1, 0, 1, 1, 0, 1, 0, 1, 1, 0, 0], [1, 1, 0, 1, 1, 0, 1, 1, 0, 1, 1, 0, 1, 0, 0]]","[0.00390625, 0.00390625, 0.00390625, 0.00390625, 0.00390625, 0.04296875, 0.00390625, 0.03515625, 0.00390625, 0.00390625, 0.0234375, 0.0390625, 0.00390625, 0.03125, 0.0078125, 0.046875, 0.73828125]",25,189,32,84,167,
supportcase6_ds_qaoa_c733_0001,data/miplib_benders/qaoa_problems/nvars_05/supportcase6_ds_qaoa_c733_0001.json,5,15,1,ddsim,30,256,ok,11.287374736974016,401.109375,144887000.0,"{""B100600(7)"": 0, ""B100608(7)"": 0, ""B101035(7)"": 0, ""B101043(7)"": 1, ""B101485(7)"": 0}",,,,"[[1, 1, 0, 1, 1, 0, 1, 1, 0, 0, 0, 0, 1, 0, 0], [1, 1, 0, 1, 1, 0, 1, 1, 0, 1, 1, 0, 1, 0, 0]]","[0.00390625, 0.99609375]",26,189,32,84,167,
supportcase6_ds_qaoa_c733_c745_0002,data/miplib_benders/qaoa_problems/nvars_05/supportcase6_ds_qaoa_c733_c745_0002.json,5,15,2,ddsim,30,256,ok,24.85109786503017,401.71875,144887000.0,"{""B100600(7)"": 0, ""B100602(7)"": 0, ""B100608(7)"": 1, ""B101029(7)"": 0, ""B101035(7)"": 0}",,,,"[[1, 0, 1, 1, 1, 0, 1, 1, 0, 1, 1, 0, 1, 0, 0], [1, 1, 0, 1, 0, 0, 1, 1, 0, 0, 1, 0, 1, 0, 0], [1, 1, 0, 1, 0, 1, 1, 1, 0, 1, 1, 0, 1, 0, 0], [1, 1, 0, 1, 1, 0, 0, 0, 0, 1, 1, 0, 1, 0, 0], [1, 1, 0, 1, 1, 0, 1, 0, 1, 1, 1, 0, 1, 0, 0], [1, 1, 0, 1, 1, 0, 1, 1, 0, 0, 0, 0, 1, 0, 0], [1, 1, 0, 1, 1, 0, 1, 1, 0, 1, 0, 1, 1, 0, 0], [1, 1, 0, 1, 1, 0, 1, 1, 0, 1, 1, 0, 1, 0, 0]]","[0.015625, 0.00390625, 0.01953125, 0.01171875, 0.0078125, 0.015625, 0.015625, 0.91015625]",30,109,32,48,158,
supportcase6_ds_qaoa_c733_c745_0004,data/miplib_benders/qaoa_problems/nvars_05/supportcase6_ds_qaoa_c733_c745_0004.json,5,15,2,ddsim,30,256,ok,32.1239644640591,404.0703125,144887000.0,"{""B100608(7)"": 1, ""B101029(7)"": 0, ""B101035(7)"": 0, ""B101037(7)"": 0, ""B101043(7)"": 0}",,,,"[[1, 0, 0, 1, 1, 0, 0, 1, 0, 1, 1, 0, 1, 0, 0], [1, 0, 1, 1, 1, 0, 1, 1, 0, 0, 0, 0, 1, 0, 0], [1, 0, 1, 1, 1, 0, 1, 1, 0, 1, 1, 0, 1, 0, 0], [1, 1, 0, 0, 1, 0, 1, 0, 1, 1, 0, 0, 1, 0, 0], [1, 1, 0, 1, 0, 1, 0, 0, 0, 1, 1, 0, 1, 0, 0], [1, 1, 0, 1, 0, 1, 1, 1, 0, 1, 1, 0, 1, 0, 0], [1, 1, 0, 1, 1, 0, 0, 0, 0, 0, 0, 0, 1, 0, 0], [1, 1, 0, 1, 1, 0, 0, 0, 0, 1, 0, 1, 1, 0, 0], [1, 1, 0, 1, 1, 0, 0, 0, 0, 1, 1, 0, 1, 0, 0], [1, 1, 0, 1, 1, 0, 1, 0, 1, 1, 0, 1, 1, 0, 0], [1, 1, 0, 1, 1, 0, 1, 0, 1, 1, 1, 0, 1, 0, 0], [1, 1, 0, 1, 1, 0, 1, 1, 0, 0, 0, 0, 1, 0, 0], [1, 1, 0, 1, 1, 0, 1, 1, 0, 1, 0, 1, 1, 0, 0], [1, 1, 0, 1, 1, 0, 1, 1, 0, 1, 1, 0, 1, 0, 0]]","[0.00390625, 0.00390625, 0.046875, 0.00390625, 0.00390625, 0.03515625, 0.01171875, 0.00390625, 0.03125, 0.00390625, 0.0390625, 0.046875, 0.02734375, 0.73828125]",31,109,32,48,158,
supportcase6_ds_qaoa_c745_0001,data/miplib_benders/qaoa_problems/nvars_05/supportcase6_ds_qaoa_c745_0001.json,5,15,1,ddsim,30,256,ok,12.127312010037713,400.3359375,150892000.0,"{""B100594(7)"": 0, ""B100600(7)"": 0, ""B100602(7)"": 0, ""B100608(7)"": 0, ""B101029(7)"": 1}",,,,"[[1, 0, 1, 1, 1, 0, 1, 1, 0, 1, 1, 0, 1, 0, 0], [1, 1, 0, 0, 0, 0, 1, 1, 0, 1, 1, 0, 1, 0, 0], [1, 1, 0, 1, 0, 1, 1, 1, 0, 1, 1, 0, 1, 0, 0], [1, 1, 0, 1, 1, 0, 0, 0, 0, 1, 1, 0, 1, 0, 0], [1, 1, 0, 1, 1, 0, 1, 0, 1, 1, 1, 0, 1, 0, 0], [1, 1, 0, 1, 1, 0, 1, 1, 0, 0, 0, 0, 1, 0, 0], [1, 1, 0, 1, 1, 0, 1, 1, 0, 1, 0, 1, 1, 0, 0], [1, 1, 0, 1, 1, 0, 1, 1, 0, 1, 1, 0, 1, 0, 0]]","[0.00390625, 0.00390625, 0.00390625, 0.01171875, 0.00390625, 0.00390625, 0.015625, 0.953125]",31,189,32,84,167,
supportcase6_ds_qaoa_c745_0002,data/miplib_benders/qaoa_problems/nvars_05/supportcase6_ds_qaoa_c745_0002.json,5,15,1,ddsim,30,256,ok,24.22699039906729,394.2578125,150892000.0,"{""B100600(7)"": 0, ""B100602(7)"": 0, ""B100608(7)"": 0, ""B101029(7)"": 1, ""B101035(7)"": 0}",,,,"[[1, 0, 0, 0, 1, 0, 1, 1, 0, 1, 1, 0, 1, 0, 0], [1, 0, 1, 1, 1, 0, 1, 0, 1, 1, 1, 0, 1, 0, 0], [1, 0, 1, 1, 1, 0, 1, 1, 0, 0, 0, 0, 1, 0, 0], [1, 0, 1, 1, 1, 0, 1, 1, 0, 1, 1, 0, 1, 0, 0], [1, 1, 0, 0, 0, 0, 1, 1, 0, 0, 0, 0, 1, 0, 0], [1, 1, 0, 0, 0, 0, 1, 1, 0, 1, 1, 0, 1, 0, 0], [1, 1, 0, 1, 0, 0, 0, 0, 1, 1, 1, 0, 1, 0, 0], [1, 1, 0, 1, 0, 0, 0, 1, 0, 1, 1, 0, 1, 0, 0], [1, 1, 0, 1, 0, 1, 1, 0, 1, 1, 1, 0, 1, 0, 0], [1, 1, 0, 1, 0, 1, 1, 1, 0, 1, 1, 0, 1, 0, 0], [1, 1, 0, 1, 1, 0, 0, 0, 0, 0, 0, 0, 1, 0, 0], [1, 1, 0, 1, 1, 0, 0, 0, 0, 1, 1, 0, 1, 0, 0], [1, 1, 0, 1, 1, 0, 1, 0, 1, 0, 0, 0, 1, 0, 0], [1, 1, 0, 1, 1, 0, 1, 0, 1, 1, 1, 0, 1, 0, 0], [1, 1, 0, 1, 1, 0, 1, 1, 0, 0, 0, 0, 1, 0, 0], [1, 1, 0, 1, 1, 0, 1, 1, 0, 1, 0, 1, 1, 0, 0], [1, 1, 0, 1, 1, 0, 1, 1, 0, 1, 1, 0, 1, 0, 0]]","[0.0078125, 0.00390625, 0.0078125, 0.03125, 0.00390625, 0.05078125, 0.00390625, 0.00390625, 0.00390625, 0.03515625, 0.0078125, 0.04296875, 0.00390625, 0.0390625, 0.07421875, 0.0546875, 0.625]",31,189,32,84,167,
supportcase6_ds_qaoa_c745_0003,data/miplib_benders/qaoa_problems/nvars_05/supportcase6_ds_qaoa_c745_0003.json,5,15,1,ddsim,30,256,ok,11.010384368011728,406.41796875,150892000.0,"{""B100602(7)"": 0, ""B100608(7)"": 0, ""B101029(7)"": 1, ""B101035(7)"": 0, ""B101037(7)"": 0}",,,,"[[1, 1, 0, 0, 0, 0, 1, 1, 0, 1, 1, 0, 1, 0, 0], [1, 1, 0, 1, 1, 0, 0, 0, 0, 1, 1, 0, 1, 0, 0], [1, 1, 0, 1, 1, 0, 1, 0, 1, 1, 1, 0, 1, 0, 0], [1, 1, 0, 1, 1, 0, 1, 1, 0, 1, 0, 1, 1, 0, 0], [1, 1, 0, 1, 1, 0, 1, 1, 0, 1, 1, 0, 1, 0, 0]]","[0.00390625, 0.00390625, 0.01171875, 0.015625, 0.96484375]",25,189,32,84,167,
supportcase6_ds_qaoa_c745_0004,data/miplib_benders/qaoa_problems/nvars_05/supportcase6_ds_qaoa_c745_0004.json,5,15,1,ddsim,30,256,ok,11.606345513951965,404.36328125,150892000.0,"{""B100608(7)"": 0, ""B101029(7)"": 1, ""B101035(7)"": 0, ""B101037(7)"": 0, ""B101043(7)"": 0}",,,,"[[1, 0, 1, 1, 1, 0, 1, 1, 0, 1, 1, 0, 1, 0, 0], [1, 1, 0, 0, 0, 0, 1, 1, 0, 1, 1, 0, 1, 0, 0], [1, 1, 0, 1, 0, 1, 1, 1, 0, 1, 1, 0, 1, 0, 0], [1, 1, 0, 1, 1, 0, 0, 0, 0, 1, 1, 0, 1, 0, 0], [1, 1, 0, 1, 1, 0, 1, 0, 1, 1, 1, 0, 1, 0, 0], [1, 1, 0, 1, 1, 0, 1, 1, 0, 0, 0, 0, 1, 0, 0], [1, 1, 0, 1, 1, 0, 1, 1, 0, 1, 1, 0, 1, 0, 0]]","[0.015625, 0.00390625, 0.01171875, 0.00390625, 0.015625, 0.015625, 0.93359375]",29,189,32,84,167,
supportcase6_ds_qaoa_c745_c747_0001,data/miplib_benders/qaoa_problems/nvars_05/supportcase6_ds_qaoa_c745_c747_0001.json,5,15,2,ddsim,30,256,ok,47.1482663450297,401.7109375,150892000.0,"{""B100166(7)"": 0, ""B100594(7)"": 1, ""B100600(7)"": 0, ""B100602(7)"": 0, ""B100608(7)"": 0}",,,,"[[0, 0, 0, 1, 0, 1, 0, 0, 0, 1, 1, 0, 1, 0, 0], [0, 0, 0, 1, 0, 1, 1, 1, 0, 1, 1, 0, 1, 0, 0], [0, 0, 0, 1, 1, 0, 0, 0, 0, 1, 1, 0, 1, 0, 0], [0, 0, 0, 1, 1, 0, 1, 0, 1, 1, 1, 0, 1, 0, 0], [0, 0, 0, 1, 1, 0, 1, 1, 0, 1, 1, 0, 1, 0, 0], [1, 0, 1, 1, 0, 0, 0, 0, 1, 1, 1, 0, 1, 0, 0], [1, 0, 1, 1, 0, 0, 0, 1, 0, 1, 1, 0, 1, 0, 0], [1, 0, 1, 1, 0, 1, 0, 0, 0, 1, 1, 0, 1, 0, 0], [1, 0, 1, 1, 0, 1, 1, 0, 1, 1, 1, 0, 1, 0, 0], [1, 0, 1, 1, 0, 1, 1, 1, 0, 1, 1, 0, 1, 0, 0], [1, 0, 1, 1, 1, 0, 0, 0, 0, 1, 1, 0, 1, 0, 0], [1, 0, 1, 1, 1, 0, 1, 0, 0, 0, 1, 0, 1, 0, 0], [1, 0, 1, 1, 1, 0, 1, 0, 1, 1, 1, 0, 1, 0, 0], [1, 0, 1, 1, 1, 0, 1, 1, 0, 0, 0, 0, 1, 0, 0], [1, 0, 1, 1, 1, 0, 1, 1, 0, 1, 0, 1, 1, 0, 0], [1, 0, 1, 1, 1, 0, 1, 1, 0, 1, 1, 0, 1, 0, 0], [1, 1, 0, 1, 0, 0, 0, 0, 1, 1, 1, 0, 1, 0, 0], [1, 1, 0, 1, 0, 0, 0, 1, 0, 0, 0, 0, 1, 0, 0], [1, 1, 0, 1, 0, 0, 0, 1, 0, 1, 1, 0, 1, 0, 0], [1, 1, 0, 1, 0, 1, 0, 0, 0, 0, 0, 0, 1, 0, 0], [1, 1, 0, 1, 0, 1, 0, 0, 0, 1, 0, 1, 1, 0, 0], [1, 1, 0, 1, 0, 1, 0, 0, 0, 1, 1, 0, 1, 0, 0], [1, 1, 0, 1, 0, 1, 1, 0, 0, 0, 1, 0, 1, 0, 0], [1, 1, 0, 1, 0, 1, 1, 0, 1, 1, 1, 0, 1, 0, 0], [1, 1, 0, 1, 0, 1, 1, 1, 0, 0, 0, 0, 1, 0, 0], [1, 1, 0, 1, 0, 1, 1, 1, 0, 1, 0, 0, 0, 0, 0], [1, 1, 0, 1, 0, 1, 1, 1, 0, 1, 0, 1, 1, 0, 0], [1, 1, 0, 1, 0, 1, 1, 1, 0, 1, 1, 0, 1, 0, 0], [1, 1, 0, 1, 1, 0, 0, 0, 0, 0, 0, 0, 1, 0, 0], [1, 1, 0, 1, 1, 0, 0, 0, 0, 1, 0, 0, 1, 1, 0], [1, 1, 0, 1, 1, 0, 0, 0, 0, 1, 0, 1, 1, 0, 0], [1, 1, 0, 1, 1, 0, 0, 0, 0, 1, 1, 0, 1, 0, 0], [1, 1, 0, 1, 1, 0, 1, 0, 0, 0, 0, 1, 1, 0, 0], [1, 1, 0, 1, 1, 0, 1, 0, 0, 0, 1, 0, 1, 0, 0], [1, 1, 0, 1, 1, 0, 1, 0, 1, 0, 0, 0, 1, 0, 0], [1, 1, 0, 1, 1, 0, 1, 0, 1, 1, 0, 1, 1, 0, 0], [1, 1, 0, 1, 1, 0, 1, 0, 1, 1, 1, 0, 1, 0, 0], [1, 1, 0, 1, 1, 0, 1, 1, 0, 0, 0, 0, 1, 0, 0], [1, 1, 0, 1, 1, 0, 1, 1, 0, 1, 0, 0, 0, 0, 0], [1, 1, 0, 1, 1, 0, 1, 1, 0, 1, 0, 0, 1, 1, 0], [1, 1, 0, 1, 1, 0, 1, 1, 0, 1, 0, 1, 1, 0, 0], [1, 1, 0, 1, 1, 0, 1, 1, 0, 1, 1, 0, 1, 0, 0]]","[0.00390625, 0.0078125, 0.00390625, 0.00390625, 0.01171875, 0.00390625, 0.00390625, 0.00390625, 0.00390625, 0.01171875, 0.01171875, 0.00390625, 0.015625, 0.015625, 0.01171875, 0.01953125, 0.00390625, 0.00390625, 0.00390625, 0.0078125, 0.00390625, 0.0234375, 0.00390625, 0.01171875, 0.01171875, 0.00390625, 0.015625, 0.05078125, 0.015625, 0.00390625, 0.00390625, 0.0859375, 0.00390625, 0.015625, 0.02734375, 0.00390625, 0.0546875, 0.078125, 0.01171875, 0.00390625, 0.0546875, 0.35546875]",27,149,32,66,158,
supportcase6_ds_qaoa_c745_c747_0002,data/miplib_benders/qaoa_problems/nvars_05/supportcase6_ds_qaoa_c745_c747_0002.json,5,15,2,ddsim,30,256,ok,61.37350854102988,399.21875,150892000.0,"{""B100594(7)"": 1, ""B100600(7)"": 0, ""B100602(7)"": 0, ""B100608(7)"": 0, ""B100623(7)"": 0}",,,,"[[1, 0, 1, 1, 1, 0, 1, 1, 0, 1, 0, 0, 1, 1, 0], [1, 1, 0, 0, 0, 0, 1, 1, 0, 1, 0, 0, 1, 0, 1], [1, 1, 0, 0, 0, 0, 1, 1, 0, 1, 0, 0, 1, 1, 0], [1, 1, 0, 1, 0, 1, 1, 1, 0, 1, 0, 0, 1, 1, 0], [1, 1, 0, 1, 1, 0, 0, 0, 0, 1, 0, 0, 1, 1, 0], [1, 1, 0, 1, 1, 0, 1, 0, 1, 1, 0, 0, 1, 1, 0], [1, 1, 0, 1, 1, 0, 1, 1, 0, 1, 0, 0, 0, 0, 0], [1, 1, 0, 1, 1, 0, 1, 1, 0, 1, 0, 0, 1, 0, 1], [1, 1, 0, 1, 1, 0, 1, 1, 0, 1, 0, 0, 1, 1, 0]]","[0.04296875, 0.00390625, 0.01953125, 0.01953125, 0.0234375, 0.03515625, 0.00390625, 0.0234375, 0.828125]",29,149,32,66,158,
supportcase6_ds_qaoa_c745_c747_0003,data/miplib_benders/qaoa_problems/nvars_05/supportcase6_ds_qaoa_c745_c747_0003.json,5,15,2,ddsim,30,256,ok,89.79148033307865,406.5078125,150892000.0,"{""B100600(7)"": 0, ""B100602(7)"": 0, ""B100608(7)"": 0, ""B100623(7)"": 0, ""B101029(7)"": 1}",,,,"[[1, 0, 1, 1, 0, 1, 0, 0, 0, 0, 0, 0, 1, 0, 0], [1, 0, 1, 1, 1, 0, 1, 1, 0, 1, 0, 1, 1, 0, 0], [1, 0, 1, 1, 1, 0, 1, 1, 0, 1, 1, 0, 1, 0, 0], [1, 1, 0, 0, 0, 0, 0, 0, 0, 1, 1, 0, 1, 0, 0], [1, 1, 0, 0, 0, 0, 1, 1, 0, 0, 0, 0, 1, 0, 0], [1, 1, 0, 0, 0, 0, 1, 1, 0, 1, 0, 1, 1, 0, 0], [1, 1, 0, 0, 0, 0, 1, 1, 0, 1, 1, 0, 1, 0, 0], [1, 1, 0, 1, 0, 0, 0, 1, 0, 1, 0, 1, 1, 0, 0], [1, 1, 0, 1, 0, 1, 0, 0, 0, 1, 1, 0, 1, 0, 0], [1, 1, 0, 1, 0, 1, 1, 0, 1, 1, 1, 0, 1, 0, 0], [1, 1, 0, 1, 0, 1, 1, 1, 0, 1, 1, 0, 1, 0, 0], [1, 1, 0, 1, 1, 0, 0, 0, 0, 1, 0, 1, 1, 0, 0], [1, 1, 0, 1, 1, 0, 0, 0, 0, 1, 1, 0, 1, 0, 0], [1, 1, 0, 1, 1, 0, 1, 0, 0, 1, 1, 0, 0, 0, 0], [1, 1, 0, 1, 1, 0, 1, 0, 1, 1, 0, 1, 1, 0, 0], [1, 1, 0, 1, 1, 0, 1, 0, 1, 1, 1, 0, 1, 0, 0], [1, 1, 0, 1, 1, 0, 1, 1, 0, 0, 0, 0, 1, 0, 0], [1, 1, 0, 1, 1, 0, 1, 1, 0, 1, 0, 1, 1, 0, 0], [1, 1, 0, 1, 1, 0, 1, 1, 0, 1, 1, 0, 1, 0, 0]]","[0.00390625, 0.00390625, 0.03515625, 0.0078125, 0.00390625, 0.00390625, 0.05859375, 0.00390625, 0.00390625, 0.00390625, 0.0234375, 0.00390625, 0.04296875, 0.0078125, 0.015625, 0.03515625, 0.01171875, 0.02734375, 0.703125]",29,149,32,66,158,
supportcase6_ds_qaoa_c745_c747_0004,data/miplib_benders/qaoa_problems/nvars_05/supportcase6_ds_qaoa_c745_c747_0004.json,5,15,2,ddsim,30,256,ok,92.16858570999466,403.921875,150892000.0,"{""B100602(7)"": 0, ""B100608(7)"": 0, ""B100623(7)"": 0, ""B101029(7)"": 1, ""B101035(7)"": 0}",,,,"[[1, 0, 0, 0, 1, 0, 1, 1, 0, 1, 1, 0, 1, 0, 0], [1, 0, 1, 0, 0, 0, 1, 1, 0, 1, 0, 0, 0, 0, 0], [1, 0, 1, 1, 0, 1, 1, 1, 0, 1, 1, 0, 1, 0, 0], [1, 0, 1, 1, 1, 0, 1, 0, 1, 1, 1, 0, 1, 0, 0], [1, 0, 1, 1, 1, 0, 1, 1, 0, 1, 0, 1, 1, 0, 0], [1, 0, 1, 1, 1, 0, 1, 1, 0, 1, 1, 0, 1, 0, 0], [1, 1, 0, 0, 0, 0, 0, 0, 0, 1, 1, 0, 1, 0, 0], [1, 1, 0, 0, 0, 0, 1, 0, 1, 1, 1, 0, 1, 0, 0], [1, 1, 0, 0, 0, 0, 1, 1, 0, 1, 0, 1, 1, 0, 0], [1, 1, 0, 0, 0, 0, 1, 1, 0, 1, 1, 0, 1, 0, 0], [1, 1, 0, 1, 0, 1, 1, 1, 0, 1, 0, 1, 1, 0, 0], [1, 1, 0, 1, 0, 1, 1, 1, 0, 1, 1, 0, 1, 0, 0], [1, 1, 0, 1, 1, 0, 1, 0, 1, 0, 0, 0, 1, 0, 0], [1, 1, 0, 1, 1, 0, 1, 0, 1, 1, 1, 0, 1, 0, 0], [1, 1, 0, 1, 1, 0, 1, 1, 0, 0, 0, 0, 1, 0, 0], [1, 1, 0, 1, 1, 0, 1, 1, 0, 1, 0, 1, 1, 0, 0], [1, 1, 0, 1, 1, 0, 1, 1, 0, 1, 1, 0, 1, 0, 0]]","[0.00390625, 0.00390625, 0.0078125, 0.0078125, 0.0078125, 0.05078125, 0.00390625, 0.00390625, 0.00390625, 0.05859375, 0.00390625, 0.02734375, 0.01171875, 0.0546875, 0.05078125, 0.05078125, 0.6484375]",31,149,32,66,158,
supportcase6_ds_qaoa_c745_c747_0005,data/miplib_benders/qaoa_problems/nvars_05/supportcase6_ds_qaoa_c745_c747_0005.json,5,15,2,ddsim,30,256,ok,78.31534424703568,406.390625,150892000.0,"{""B100608(7)"": 0, ""B100623(7)"": 0, ""B101029(7)"": 1, ""B101035(7)"": 0, ""B101037(7)"": 0}",,,,"[[1, 0, 1, 1, 0, 1, 1, 1, 0, 0, 0, 0, 1, 0, 0], [1, 0, 1, 1, 0, 1, 1, 1, 0, 1, 1, 0, 1, 0, 0], [1, 0, 1, 1, 1, 0, 0, 0, 0, 1, 1, 0, 1, 0, 0], [1, 0, 1, 1, 1, 0, 1, 1, 0, 0, 0, 0, 1, 0, 0], [1, 0, 1, 1, 1, 0, 1, 1, 0, 1, 0, 1, 1, 0, 0], [1, 0, 1, 1, 1, 0, 1, 1, 0, 1, 1, 0, 1, 0, 0], [1, 1, 0, 0, 0, 0, 1, 0, 1, 1, 0, 1, 1, 0, 0], [1, 1, 0, 1, 0, 1, 1, 1, 0, 1, 1, 0, 1, 0, 0], [1, 1, 0, 1, 1, 0, 0, 0, 0, 0, 0, 0, 1, 0, 0], [1, 1, 0, 1, 1, 0, 0, 0, 0, 1, 0, 1, 1, 0, 0], [1, 1, 0, 1, 1, 0, 0, 0, 0, 1, 1, 0, 1, 0, 0], [1, 1, 0, 1, 1, 0, 1, 0, 0, 0, 1, 0, 1, 0, 0], [1, 1, 0, 1, 1, 0, 1, 0, 1, 0, 0, 0, 1, 0, 0], [1, 1, 0, 1, 1, 0, 1, 0, 1, 1, 1, 0, 1, 0, 0], [1, 1, 0, 1, 1, 0, 1, 1, 0, 0, 0, 0, 1, 0, 0], [1, 1, 0, 1, 1, 0, 1, 1, 0, 1, 0, 0, 0, 0, 0], [1, 1, 0, 1, 1, 0, 1, 1, 0, 1, 0, 1, 1, 0, 0], [1, 1, 0, 1, 1, 0, 1, 1, 0, 1, 1, 0, 1, 0, 0]]","[0.00390625, 0.0078125, 0.0078125, 0.0078125, 0.00390625, 0.02734375, 0.00390625, 0.0390625, 0.0078125, 0.00390625, 0.05859375, 0.00390625, 0.00390625, 0.03515625, 0.0390625, 0.00390625, 0.046875, 0.6953125]",29,149,32,66,158,
supportcase6_ds_qaoa_c759_0001,data/miplib_benders/qaoa_problems/nvars_05/supportcase6_ds_qaoa_c759_0001.json,5,15,1,ddsim,30,256,ok,31.674970889929682,406.58984375,151847000.0,"{""B100166(7)"": 0, ""B100594(7)"": 0, ""B100623(7)"": 0, ""B101029(7)"": 0, ""B101058(7)"": 1}",,,,"[[1, 0, 1, 1, 1, 0, 1, 1, 0, 1, 1, 0, 1, 0, 0], [1, 1, 0, 0, 0, 0, 1, 1, 0, 1, 1, 0, 1, 0, 0], [1, 1, 0, 1, 1, 0, 0, 0, 0, 1, 1, 0, 1, 0, 0], [1, 1, 0, 1, 1, 0, 1, 1, 0, 1, 0, 1, 1, 0, 0], [1, 1, 0, 1, 1, 0, 1, 1, 0, 1, 1, 0, 1, 0, 0]]","[0.0078125, 0.0078125, 0.0078125, 0.0078125, 0.96875]",30,189,32,84,167,
supportcase6_ds_qaoa_c759_0002,data/miplib_benders/qaoa_problems/nvars_05/supportcase6_ds_qaoa_c759_0002.json,5,15,1,ddsim,30,256,ok,29.70370750501752,403.14453125,151847000.0,"{""B100594(7)"": 0, ""B100623(7)"": 0, ""B101029(7)"": 0, ""B101058(7)"": 1, ""B101479(7)"": 0}",,,,"[[1, 0, 1, 1, 1, 0, 1, 1, 0, 1, 1, 0, 1, 0, 0], [1, 1, 0, 0, 0, 0, 1, 1, 0, 1, 1, 0, 1, 0, 0], [1, 1, 0, 1, 0, 1, 1, 1, 0, 1, 1, 0, 1, 0, 0], [1, 1, 0, 1, 1, 0, 0, 0, 0, 1, 1, 0, 1, 0, 0], [1, 1, 0, 1, 1, 0, 1, 0, 1, 1, 1, 0, 1, 0, 0], [1, 1, 0, 1, 1, 0, 1, 1, 0, 0, 0, 0, 1, 0, 0], [1, 1, 0, 1, 1, 0, 1, 1, 0, 1, 0, 1, 1, 0, 0], [1, 1, 0, 1, 1, 0, 1, 1, 0, 1, 1, 0, 1, 0, 0]]","[0.00390625, 0.00390625, 0.01171875, 0.0078125, 0.01171875, 0.015625, 0.00390625, 0.94140625]",31,189,32,84,167,
supportcase6_ds_qaoa_c759_c762_0001,data/miplib_benders/qaoa_problems/nvars_05/supportcase6_ds_qaoa_c759_c762_0001.json,5,15,2,ddsim,30,256,ok,58.371471922961064,408.0390625,296836000.0,"{""B100166(7)"": 0, ""B100594(7)"": 1, ""B100602(7)"": 1, ""B100608(7)"": 0, ""B100623(7)"": 0}",,,,"[[0, 0, 0, 1, 0, 1, 0, 0, 0, 0, 0, 0, 1, 0, 0], [0, 1, 0, 1, 0, 0, 1, 0, 0, 0, 0, 0, 1, 0, 0], [1, 0, 0, 1, 0, 0, 0, 1, 0, 0, 0, 0, 1, 0, 0], [1, 0, 0, 1, 0, 1, 0, 0, 0, 0, 0, 0, 0, 0, 0], [1, 0, 0, 1, 0, 1, 0, 0, 0, 0, 0, 0, 1, 0, 1], [1, 0, 0, 1, 1, 0, 0, 0, 0, 0, 0, 0, 0, 0, 0], [1, 0, 0, 1, 1, 0, 0, 0, 0, 0, 0, 0, 1, 0, 1], [1, 0, 0, 1, 1, 0, 0, 0, 0, 0, 0, 0, 1, 1, 0], [1, 0, 1, 0, 0, 0, 0, 0, 0, 0, 0, 0, 1, 0, 0], [1, 0, 1, 1, 0, 0, 0, 0, 0, 1, 0, 0, 0, 0, 0], [1, 0, 1, 1, 0, 0, 0, 0, 0, 1, 0, 0, 1, 1, 0], [1, 0, 1, 1, 0, 0, 1, 0, 0, 0, 0, 0, 0, 0, 0], [1, 0, 1, 1, 0, 0, 1, 0, 0, 0, 0, 0, 1, 0, 1], [1, 0, 1, 1, 0, 0, 1, 0, 0, 0, 0, 0, 1, 1, 0], [1, 0, 1, 1, 0, 1, 0, 0, 0, 0, 0, 0, 1, 0, 0], [1, 0, 1, 1, 1, 0, 0, 0, 0, 0, 0, 0, 1, 0, 0], [1, 1, 0, 0, 0, 0, 0, 0, 0, 0, 0, 0, 1, 0, 0], [1, 1, 0, 1, 0, 0, 0, 0, 0, 1, 0, 0, 0, 0, 0], [1, 1, 0, 1, 0, 0, 0, 0, 0, 1, 0, 0, 1, 1, 0], [1, 1, 0, 1, 0, 0, 1, 0, 0, 0, 0, 0, 0, 0, 0], [1, 1, 0, 1, 0, 0, 1, 0, 0, 0, 0, 0, 1, 0, 1], [1, 1, 0, 1, 0, 0, 1, 0, 0, 0, 0, 0, 1, 1, 0], [1, 1, 0, 1, 0, 1, 0, 0, 0, 0, 0, 0, 1, 0, 0], [1, 1, 0, 1, 1, 0, 0, 0, 0, 0, 0, 0, 1, 0, 0]]","[0.00390625, 0.0078125, 0.0078125, 0.0234375, 0.0078125, 0.04296875, 0.01171875, 0.015625, 0.00390625, 0.00390625, 0.00390625, 0.01953125, 0.00390625, 0.0078125, 0.05859375, 0.15625, 0.0234375, 0.0078125, 0.01171875, 0.02734375, 0.0078125, 0.01171875, 0.13671875, 0.39453125]",25,372,32,182,358,
supportcase6_ds_qaoa_c759_c762_0002,data/miplib_benders/qaoa_problems/nvars_05/supportcase6_ds_qaoa_c759_c762_0002.json,5,15,2,ddsim,30,256,ok,91.45408590498846,407.328125,296836000.0,"{""B100594(7)"": 0, ""B100602(7)"": 1, ""B100608(7)"": 0, ""B100623(7)"": 0, ""B101029(7)"": 1}",,,,"[[0, 1, 0, 1, 1, 0, 1, 0, 1, 1, 0, 0, 1, 0, 0], [0, 1, 0, 1, 1, 0, 1, 1, 0, 1, 0, 0, 1, 0, 0], [1, 0, 0, 1, 1, 0, 1, 1, 0, 1, 0, 0, 0, 1, 0], [1, 0, 1, 1, 0, 1, 1, 1, 0, 1, 0, 0, 1, 1, 0], [1, 0, 1, 1, 1, 0, 0, 0, 0, 1, 0, 0, 0, 0, 0], [1, 0, 1, 1, 1, 0, 0, 0, 0, 1, 0, 0, 1, 1, 0], [1, 0, 1, 1, 1, 0, 1, 0, 1, 1, 0, 0, 1, 1, 0], [1, 0, 1, 1, 1, 0, 1, 1, 0, 1, 0, 0, 0, 0, 0], [1, 0, 1, 1, 1, 0, 1, 1, 0, 1, 0, 0, 1, 0, 1], [1, 0, 1, 1, 1, 0, 1, 1, 0, 1, 0, 0, 1, 1, 0], [1, 1, 0, 0, 1, 0, 1, 0, 0, 1, 0, 0, 1, 1, 0], [1, 1, 0, 1, 0, 0, 0, 1, 0, 1, 0, 0, 1, 1, 0], [1, 1, 0, 1, 0, 1, 0, 0, 0, 1, 0, 0, 0, 0, 0], [1, 1, 0, 1, 0, 1, 0, 0, 0, 1, 0, 0, 1, 1, 0], [1, 1, 0, 1, 0, 1, 1, 0, 1, 1, 0, 0, 1, 1, 0], [1, 1, 0, 1, 0, 1, 1, 1, 0, 1, 0, 0, 0, 0, 0], [1, 1, 0, 1, 0, 1, 1, 1, 0, 1, 0, 0, 1, 1, 0], [1, 1, 0, 1, 1, 0, 0, 0, 0, 1, 0, 0, 0, 0, 0], [1, 1, 0, 1, 1, 0, 0, 0, 0, 1, 0, 0, 1, 1, 0], [1, 1, 0, 1, 1, 0, 1, 0, 1, 1, 0, 0, 0, 0, 0], [1, 1, 0, 1, 1, 0, 1, 0, 1, 1, 0, 0, 1, 1, 0], [1, 1, 0, 1, 1, 0, 1, 1, 0, 1, 0, 0, 0, 0, 0], [1, 1, 0, 1, 1, 0, 1, 1, 0, 1, 0, 0, 1, 0, 1], [1, 1, 0, 1, 1, 0, 1, 1, 0, 1, 0, 0, 1, 1, 0]]","[0.00390625, 0.01171875, 0.00390625, 0.00390625, 0.00390625, 0.0078125, 0.00390625, 0.00390625, 0.01953125, 0.02734375, 0.00390625, 0.0078125, 0.0078125, 0.0078125, 0.00390625, 0.00390625, 0.0546875, 0.00390625, 0.0625, 0.0078125, 0.1015625, 0.0625, 0.04296875, 0.5390625]",28,262,32,125,257,
supportcase6_ds_qaoa_c762_0001,data/miplib_benders/qaoa_problems/nvars_05/supportcase6_ds_qaoa_c762_0001.json,5,15,1,ddsim,30,256,ok,22.953799994080327,389.65625,151847000.0,"{""B100166(7)"": 1, ""B100602(7)"": 0, ""B100608(7)"": 0, ""B100623(7)"": 0, ""B101037(7)"": 0}",,,,"[[1, 0, 1, 1, 1, 0, 1, 1, 0, 1, 1, 0, 1, 0, 0], [1, 1, 0, 0, 0, 0, 1, 1, 0, 1, 1, 0, 1, 0, 0], [1, 1, 0, 1, 0, 1, 1, 1, 0, 1, 1, 0, 1, 0, 0], [1, 1, 0, 1, 1, 0, 0, 0, 0, 1, 1, 0, 1, 0, 0], [1, 1, 0, 1, 1, 0, 1, 1, 0, 1, 0, 1, 1, 0, 0], [1, 1, 0, 1, 1, 0, 1, 1, 0, 1, 1, 0, 1, 0, 0]]","[0.00390625, 0.0078125, 0.00390625, 0.01171875, 0.0078125, 0.96484375]",26,189,32,84,167,
supportcase6_ds_qaoa_c762_0002,data/miplib_benders/qaoa_problems/nvars_05/supportcase6_ds_qaoa_c762_0002.json,5,15,1,ddsim,30,256,ok,24.479853430995718,389.625,151847000.0,"{""B100602(7)"": 0, ""B100608(7)"": 0, ""B100623(7)"": 1, ""B101037(7)"": 0, ""B101043(7)"": 0}",,,,"[[1, 0, 1, 1, 1, 0, 1, 1, 0, 1, 1, 0, 1, 0, 0], [1, 1, 0, 0, 0, 0, 1, 1, 0, 0, 0, 0, 1, 0, 0], [1, 1, 0, 0, 0, 0, 1, 1, 0, 1, 1, 0, 1, 0, 0], [1, 1, 0, 1, 0, 1, 1, 1, 0, 1, 0, 1, 1, 0, 0], [1, 1, 0, 1, 0, 1, 1, 1, 0, 1, 1, 0, 1, 0, 0], [1, 1, 0, 1, 1, 0, 0, 0, 0, 1, 0, 1, 1, 0, 0], [1, 1, 0, 1, 1, 0, 0, 0, 0, 1, 1, 0, 1, 0, 0], [1, 1, 0, 1, 1, 0, 1, 0, 1, 1, 0, 1, 1, 0, 0], [1, 1, 0, 1, 1, 0, 1, 0, 1, 1, 1, 0, 1, 0, 0], [1, 1, 0, 1, 1, 0, 1, 1, 0, 0, 0, 0, 1, 0, 0], [1, 1, 0, 1, 1, 0, 1, 1, 0, 1, 0, 1, 1, 0, 0], [1, 1, 0, 1, 1, 0, 1, 1, 0, 1, 1, 0, 1, 0, 0]]","[0.01953125, 0.00390625, 0.02734375, 0.00390625, 0.0078125, 0.00390625, 0.0234375, 0.00390625, 0.01171875, 0.03515625, 0.02734375, 0.83203125]",28,189,32,84,167,
supportcase6_ds_qaoa_c762_0003,data/miplib_benders/qaoa_problems/nvars_05/supportcase6_ds_qaoa_c762_0003.json,5,15,1,ddsim,30,256,ok,28.37854395690374,405.98046875,151847000.0,"{""B100608(7)"": 0, ""B100623(7)"": 0, ""B101037(7)"": 0, ""B101043(7)"": 0, ""B101058(7)"": 1}",,,,"[[1, 0, 1, 1, 1, 0, 1, 1, 0, 1, 1, 0, 1, 0, 0], [1, 1, 0, 0, 0, 0, 1, 1, 0, 1, 1, 0, 1, 0, 0], [1, 1, 0, 1, 0, 1, 1, 1, 0, 1, 1, 0, 1, 0, 0], [1, 1, 0, 1, 1, 0, 1, 0, 0, 0, 1, 0, 1, 0, 0], [1, 1, 0, 1, 1, 0, 1, 0, 1, 1, 1, 0, 1, 0, 0], [1, 1, 0, 1, 1, 0, 1, 1, 0, 0, 0, 0, 1, 0, 0], [1, 1, 0, 1, 1, 0, 1, 1, 0, 1, 0, 1, 1, 0, 0], [1, 1, 0, 1, 1, 0, 1, 1, 0, 1, 1, 0, 1, 0, 0]]","[0.01171875, 0.01171875, 0.00390625, 0.00390625, 0.01171875, 0.015625, 0.00390625, 0.9375]",31,189,32,84,167,
ex10_ds_qaoa_NOD26_0001,data/miplib_benders/qaoa_problems/nvars_06/ex10_ds_qaoa_NOD26_0001.json,6,18,1,ddsim,30,256,ok,51.113678731024265,403.5234375,1.0,"{""b26_220"": 0, ""b26_222"": 0, ""b26_223"": 0, ""b26_230"": 0, ""b26_240"": 0, ""b26_241"": 1}",1.0,"{""b26_220"": 0, ""b26_222"": 0, ""b26_223"": 0, ""b26_230"": 0, ""b26_240"": 0, ""b26_241"": 1}",0.99609375,"[[0, 0, 0, 0, 0, 0, 0, 0, 0, 0, 0, 0, 0, 0, 0, 1, 0, 0], [1, 0, 0, 0, 0, 0, 0, 0, 0, 0, 0, 1, 0, 0, 0, 1, 0, 0]]","[0.99609375, 0.00390625]",29,229,38,102,202,
ex10_ds_qaoa_NOD26_NOD2X2_0001,data/miplib_benders/qaoa_problems/nvars_06/ex10_ds_qaoa_NOD26_NOD2X2_0001.json,6,18,2,ddsim,30,256,ok,123.28605358710047,396.09765625,1.0,"{""b26_220"": 0, ""b26_222"": 1, ""b26_223"": 0, ""b26_230"": 0, ""b26_240"": 0, ""b26_241"": 0}",1.0,"{""b26_220"": 0, ""b26_222"": 0, ""b26_223"": 1, ""b26_230"": 0, ""b26_240"": 0, ""b26_241"": 0}",1.0,"[[0, 0, 0, 0, 0, 0, 1, 0, 0, 0, 0, 0, 0, 0, 0, 0, 0, 0]]",[1.0],23,109,38,48,193,
ex9_ds_qaoa_NOD2X5_NOD37_0006,data/miplib_benders/qaoa_problems/nvars_06/ex9_ds_qaoa_NOD2X5_NOD37_0006.json,6,18,2,ddsim,30,256,ok,81.45069450500887,406.7421875,1.0,"{""b37_241"": 0, ""b37_242"": 0, ""b37_243"": 0, ""b37_250"": 0, ""b37_251"": 0, ""b37_252"": 1}",1.0,"{""b37_241"": 0, ""b37_242"": 0, ""b37_243"": 0, ""b37_250"": 0, ""b37_251"": 0, ""b37_252"": 1}",1.0,"[[0, 0, 0, 0, 0, 0, 0, 0, 0, 0, 0, 0, 0, 0, 0, 1, 0, 0]]",[1.0],22,109,38,48,193,
ex9_ds_qaoa_NOD2X5_NOD37_0007,data/miplib_benders/qaoa_problems/nvars_06/ex9_ds_qaoa_NOD2X5_NOD37_0007.json,6,18,2,ddsim,30,256,ok,113.30984436697327,402.9375,1.0,"{""b37_242"": 0, ""b37_243"": 0, ""b37_250"": 0, ""b37_251"": 0, ""b37_252"": 0, ""b37_253"": 1}",1.0,"{""b37_242"": 0, ""b37_243"": 0, ""b37_250"": 0, ""b37_251"": 0, ""b37_252"": 0, ""b37_253"": 1}",1.0,"[[0, 0, 0, 0, 0, 0, 0, 0, 0, 0, 0, 0, 0, 0, 0, 1, 0, 0]]",[1.0],25,149,38,66,193,
ex9_ds_qaoa_NOD2X5_NOD37_0008,data/miplib_benders/qaoa_problems/nvars_06/ex9_ds_qaoa_NOD2X5_NOD37_0008.json,6,18,2,ddsim,30,256,ok,96.44284474803135,388.703125,1.0,"{""b37_243"": 0, ""b37_250"": 0, ""b37_251"": 0, ""b37_252"": 1, ""b37_253"": 0, ""b37_260"": 0}",1.0,"{""b37_243"": 0, ""b37_250"": 0, ""b37_251"": 0, ""b37_252"": 0, ""b37_253"": 1, ""b37_260"": 0}",1.0,"[[0, 0, 0, 0, 0, 0, 0, 0, 0, 0, 0, 0, 1, 0, 0, 0, 0, 0]]",[1.0],26,149,38,66,193,
ex9_ds_qaoa_NOD2X5_NOD37_0009,data/miplib_benders/qaoa_problems/nvars_06/ex9_ds_qaoa_NOD2X5_NOD37_0009.json,6,18,2,ddsim,30,256,ok,86.65363102906849,378.69921875,1.0,"{""b37_250"": 0, ""b37_251"": 0, ""b37_252"": 1, ""b37_253"": 0, ""b37_260"": 0, ""b37_261"": 0}",1.0,"{""b37_250"": 0, ""b37_251"": 0, ""b37_252"": 0, ""b37_253"": 1, ""b37_260"": 0, ""b37_261"": 0}",0.98828125,"[[0, 0, 0, 0, 0, 0, 0, 0, 0, 1, 0, 0, 0, 0, 0, 0, 0, 0], [0, 0, 0, 0, 0, 0, 0, 0, 0, 1, 0, 0, 1, 1, 0, 0, 0, 0], [1, 0, 0, 0, 0, 1, 0, 0, 0, 1, 0, 0, 0, 0, 0, 0, 0, 0]]","[0.98828125, 0.00390625, 0.0078125]",28,149,38,66,193,
highschool1-aigio_ds_qaoa_spreadEventsUB_SpreadEvents1_108_Th_subeventsNotActive_108_1_1_0003,data/miplib_benders/qaoa_problems/nvars_06/highschool1-aigio_ds_qaoa_spreadEventsUB_SpreadEvents1_108_Th_subeventsNotActive_108_1_1_0003.json,6,18,2,ddsim,30,256,ok,82.54953258903697,404.41015625,10.0,"{""row_slack_spreadEventsUB_SpreadEvents1_108_Th"": 0, ""row_slack_subeventsNotActive_108_1_1"": 7, ""y(108#1#1,Mo_6)"": 6, ""y(108#1#1,Th_4)"": 0, ""y(108#1#1,Th_5)"": 0, ""y(108#1#1,Th_6)"": 1}",0.0,"{""row_slack_spreadEventsUB_SpreadEvents1_108_Th"": 1, ""row_slack_subeventsNotActive_108_1_1"": 0, ""y(108#1#1,Mo_6)"": 0, ""y(108#1#1,Th_4)"": 0, ""y(108#1#1,Th_5)"": 0, ""y(108#1#1,Th_6)"": 0}",1.0,"[[0, 0, 0, 0, 0, 0, 0, 0, 0, 0, 0, 0, 1, 0, 0, 0, 0, 0]]",[1.0],30,301,38,143,292,
highschool1-aigio_ds_qaoa_spreadEventsUB_SpreadEvents1_108_Th_subeventsNotActive_108_1_1_0004,data/miplib_benders/qaoa_problems/nvars_06/highschool1-aigio_ds_qaoa_spreadEventsUB_SpreadEvents1_108_Th_subeventsNotActive_108_1_1_0004.json,6,18,2,ddsim,30,256,ok,99.87152702501044,404.29296875,4.0,"{""row_slack_spreadEventsUB_SpreadEvents1_108_Th"": 0, ""row_slack_subeventsNotActive_108_1_1"": 0, ""y(108#1#1,Th_4)"": 0, ""y(108#1#1,Th_5)"": 0, ""y(108#1#1,Th_6)"": 0, ""y(108#1#2,Th_4)"": 1}",0.0,"{""row_slack_spreadEventsUB_SpreadEvents1_108_Th"": 1, ""row_slack_subeventsNotActive_108_1_1"": 0, ""y(108#1#1,Th_4)"": 0, ""y(108#1#1,Th_5)"": 0, ""y(108#1#1,Th_6)"": 0, ""y(108#1#2,Th_4)"": 0}",0.9921875,"[[0, 0, 0, 0, 0, 0, 0, 0, 0, 0, 0, 0, 1, 0, 0, 0, 0, 0], [1, 0, 0, 0, 1, 0, 0, 0, 0, 0, 0, 0, 1, 0, 0, 0, 0, 0], [1, 0, 1, 0, 0, 0, 0, 0, 0, 0, 0, 0, 1, 0, 0, 0, 0, 0]]","[0.9921875, 0.00390625, 0.00390625]",31,262,38,125,294,
irp_ds_qaoa_R0002_0001,data/miplib_benders/qaoa_problems/nvars_06/irp_ds_qaoa_R0002_0001.json,6,18,1,ddsim,30,256,ok,43.433187347021885,403.17578125,6154830000.0,"{""C16904"": 1, ""C16905"": 0, ""C16906"": 0, ""C16908"": 0, ""C16909"": 0, ""C16910"": 0}",,,,"[[1, 1, 0, 0, 0, 0, 1, 1, 0, 1, 1, 0, 1, 1, 0, 1, 0, 0], [1, 1, 0, 1, 0, 1, 1, 1, 0, 1, 1, 0, 1, 1, 0, 1, 0, 0], [1, 1, 0, 1, 1, 0, 1, 0, 1, 1, 1, 0, 1, 1, 0, 1, 0, 0], [1, 1, 0, 1, 1, 0, 1, 1, 0, 1, 0, 1, 1, 1, 0, 1, 0, 0], [1, 1, 0, 1, 1, 0, 1, 1, 0, 1, 1, 0, 1, 1, 0, 1, 0, 0]]","[0.00390625, 0.015625, 0.00390625, 0.00390625, 0.97265625]",31,229,38,102,202,
irp_ds_qaoa_R0002_0002,data/miplib_benders/qaoa_problems/nvars_06/irp_ds_qaoa_R0002_0002.json,6,18,1,ddsim,30,256,ok,39.949897200916894,399.3359375,6340890000.0,"{""C16905"": 0, ""C16906"": 0, ""C16908"": 0, ""C16909"": 0, ""C16910"": 0, ""C16911"": 1}",,,,"[[1, 0, 1, 0, 0, 0, 1, 1, 0, 1, 1, 0, 1, 1, 0, 1, 0, 0], [1, 0, 1, 1, 1, 0, 1, 1, 0, 1, 1, 0, 1, 1, 0, 1, 0, 0], [1, 1, 0, 0, 0, 0, 1, 1, 0, 1, 1, 0, 1, 1, 0, 1, 0, 0], [1, 1, 0, 1, 0, 1, 1, 1, 0, 1, 1, 0, 1, 1, 0, 1, 0, 0], [1, 1, 0, 1, 1, 0, 0, 0, 0, 1, 1, 0, 1, 1, 0, 1, 0, 0], [1, 1, 0, 1, 1, 0, 1, 0, 1, 1, 1, 0, 1, 0, 1, 1, 0, 0], [1, 1, 0, 1, 1, 0, 1, 0, 1, 1, 1, 0, 1, 1, 0, 1, 0, 0], [1, 1, 0, 1, 1, 0, 1, 1, 0, 0, 0, 0, 1, 1, 0, 1, 0, 0], [1, 1, 0, 1, 1, 0, 1, 1, 0, 1, 0, 0, 0, 1, 0, 1, 0, 0], [1, 1, 0, 1, 1, 0, 1, 1, 0, 1, 0, 1, 1, 1, 0, 1, 0, 0], [1, 1, 0, 1, 1, 0, 1, 1, 0, 1, 1, 0, 0, 0, 0, 1, 0, 0], [1, 1, 0, 1, 1, 0, 1, 1, 0, 1, 1, 0, 1, 0, 0, 0, 0, 0], [1, 1, 0, 1, 1, 0, 1, 1, 0, 1, 1, 0, 1, 0, 1, 1, 0, 0], [1, 1, 0, 1, 1, 0, 1, 1, 0, 1, 1, 0, 1, 1, 0, 1, 0, 0]]","[0.00390625, 0.01953125, 0.01171875, 0.03125, 0.01953125, 0.00390625, 0.015625, 0.015625, 0.0078125, 0.0078125, 0.015625, 0.00390625, 0.03125, 0.8125]",28,229,38,102,202,
irp_ds_qaoa_R0002_0003,data/miplib_benders/qaoa_problems/nvars_06/irp_ds_qaoa_R0002_0003.json,6,18,1,ddsim,30,256,ok,35.4288195859408,473.7109375,6340890000.0,"{""C16906"": 0, ""C16908"": 0, ""C16909"": 0, ""C16910"": 0, ""C16911"": 1, ""C16912"": 0}",,,,"[[1, 1, 0, 1, 0, 1, 1, 1, 0, 1, 1, 0, 1, 1, 0, 1, 0, 0], [1, 1, 0, 1, 1, 0, 1, 0, 1, 1, 1, 0, 1, 1, 0, 1, 0, 0], [1, 1, 0, 1, 1, 0, 1, 1, 0, 1, 1, 0, 0, 0, 0, 1, 0, 0], [1, 1, 0, 1, 1, 0, 1, 1, 0, 1, 1, 0, 1, 0, 1, 1, 0, 0], [1, 1, 0, 1, 1, 0, 1, 1, 0, 1, 1, 0, 1, 1, 0, 1, 0, 0]]","[0.00390625, 0.00390625, 0.00390625, 0.01171875, 0.9765625]",31,229,38,102,202,
irp_ds_qaoa_R0002_0004,data/miplib_benders/qaoa_problems/nvars_06/irp_ds_qaoa_R0002_0004.json,6,18,1,ddsim,30,256,ok,42.050228795967996,394.83203125,6340890000.0,"{""C16908"": 0, ""C16909"": 0, ""C16910"": 0, ""C16911"": 1, ""C16912"": 0, ""C16913"": 0}",,,,"[[1, 0, 1, 1, 1, 0, 1, 1, 0, 0, 0, 0, 1, 1, 0, 1, 0, 0], [1, 0, 1, 1, 1, 0, 1, 1, 0, 1, 1, 0, 1, 1, 0, 1, 0, 0], [1, 1, 0, 1, 0, 1, 1, 0, 1, 1, 0, 1, 1, 1, 0, 1, 0, 0], [1, 1, 0, 1, 0, 1, 1, 1, 0, 1, 1, 0, 1, 1, 0, 1, 0, 0], [1, 1, 0, 1, 1, 0, 0, 0, 0, 1, 0, 1, 1, 1, 0, 1, 0, 0], [1, 1, 0, 1, 1, 0, 0, 0, 0, 1, 1, 0, 1, 1, 0, 1, 0, 0], [1, 1, 0, 1, 1, 0, 1, 0, 1, 1, 1, 0, 1, 1, 0, 1, 0, 0], [1, 1, 0, 1, 1, 0, 1, 1, 0, 0, 0, 0, 1, 1, 0, 1, 0, 0], [1, 1, 0, 1, 1, 0, 1, 1, 0, 1, 0, 1, 1, 1, 0, 1, 0, 0], [1, 1, 0, 1, 1, 0, 1, 1, 0, 1, 1, 0, 0, 0, 0, 1, 0, 0], [1, 1, 0, 1, 1, 0, 1, 1, 0, 1, 1, 0, 1, 0, 1, 1, 0, 0], [1, 1, 0, 1, 1, 0, 1, 1, 0, 1, 1, 0, 1, 1, 0, 1, 0, 0]]","[0.00390625, 0.0234375, 0.00390625, 0.00390625, 0.00390625, 0.015625, 0.015625, 0.02734375, 0.015625, 0.015625, 0.01171875, 0.859375]",27,229,38,102,202,
irp_ds_qaoa_R0002_0005,data/miplib_benders/qaoa_problems/nvars_06/irp_ds_qaoa_R0002_0005.json,6,18,1,ddsim,30,256,ok,43.38455753901508,458.5546875,6340890000.0,"{""C16909"": 0, ""C16910"": 0, ""C16911"": 1, ""C16912"": 0, ""C16913"": 0, ""C16915"": 0}",,,,"[[1, 1, 0, 0, 0, 0, 1, 1, 0, 1, 1, 0, 1, 1, 0, 1, 0, 0], [1, 1, 0, 1, 1, 0, 1, 1, 0, 1, 0, 1, 1, 1, 0, 1, 0, 0], [1, 1, 0, 1, 1, 0, 1, 1, 0, 1, 1, 0, 1, 1, 0, 1, 0, 0]]","[0.01171875, 0.0078125, 0.98046875]",28,229,38,102,202,
irp_ds_qaoa_R0002_0006,data/miplib_benders/qaoa_problems/nvars_06/irp_ds_qaoa_R0002_0006.json,6,18,1,ddsim,30,256,ok,34.55452989903279,390.61328125,6340890000.0,"{""C16910"": 0, ""C16911"": 1, ""C16912"": 0, ""C16913"": 0, ""C16915"": 0, ""C16916"": 0}",,,,"[[1, 0, 1, 1, 1, 0, 1, 1, 0, 1, 1, 0, 1, 1, 0, 1, 0, 0], [1, 1, 0, 0, 0, 0, 1, 1, 0, 1, 1, 0, 1, 1, 0, 1, 0, 0], [1, 1, 0, 1, 0, 1, 1, 1, 0, 1, 1, 0, 1, 1, 0, 1, 0, 0], [1, 1, 0, 1, 1, 0, 0, 0, 0, 1, 1, 0, 1, 1, 0, 1, 0, 0], [1, 1, 0, 1, 1, 0, 1, 0, 1, 1, 1, 0, 1, 1, 0, 1, 0, 0], [1, 1, 0, 1, 1, 0, 1, 1, 0, 1, 0, 1, 1, 1, 0, 1, 0, 0], [1, 1, 0, 1, 1, 0, 1, 1, 0, 1, 1, 0, 0, 0, 0, 1, 0, 0], [1, 1, 0, 1, 1, 0, 1, 1, 0, 1, 1, 0, 1, 1, 0, 1, 0, 0]]","[0.0078125, 0.0078125, 0.00390625, 0.015625, 0.01171875, 0.00390625, 0.00390625, 0.9453125]",29,229,38,102,202,
irp_ds_qaoa_R0002_0007,data/miplib_benders/qaoa_problems/nvars_06/irp_ds_qaoa_R0002_0007.json,6,18,1,ddsim,30,256,ok,29.719972718972713,396.46875,6340890000.0,"{""C16911"": 1, ""C16912"": 0, ""C16913"": 0, ""C16915"": 0, ""C16916"": 0, ""C16917"": 0}",,,,"[[1, 0, 1, 1, 1, 0, 1, 1, 0, 1, 1, 0, 1, 1, 0, 1, 0, 0], [1, 1, 0, 1, 1, 0, 0, 0, 0, 1, 1, 0, 1, 1, 0, 1, 0, 0], [1, 1, 0, 1, 1, 0, 1, 1, 0, 1, 0, 1, 1, 1, 0, 1, 0, 0], [1, 1, 0, 1, 1, 0, 1, 1, 0, 1, 1, 0, 1, 1, 0, 1, 0, 0]]","[0.00390625, 0.00390625, 0.00390625, 0.98828125]",28,229,38,102,202,
irp_ds_qaoa_R0002_0008,data/miplib_benders/qaoa_problems/nvars_06/irp_ds_qaoa_R0002_0008.json,6,18,1,ddsim,30,256,ok,55.315373121993616,386.6875,6280850000.0,"{""C16912"": 0, ""C16913"": 0, ""C16915"": 0, ""C16916"": 0, ""C16917"": 1, ""C16918"": 0}",,,,"[[1, 1, 0, 0, 0, 0, 1, 0, 1, 1, 1, 0, 1, 1, 0, 1, 0, 0], [1, 1, 0, 1, 0, 1, 1, 1, 0, 0, 0, 0, 1, 1, 0, 1, 0, 0], [1, 1, 0, 1, 0, 1, 1, 1, 0, 1, 1, 0, 1, 1, 0, 1, 0, 0], [1, 1, 0, 1, 1, 0, 0, 0, 0, 1, 1, 0, 1, 1, 0, 1, 0, 0], [1, 1, 0, 1, 1, 0, 1, 0, 1, 1, 1, 0, 1, 1, 0, 1, 0, 0], [1, 1, 0, 1, 1, 0, 1, 1, 0, 0, 0, 0, 1, 1, 0, 1, 0, 0], [1, 1, 0, 1, 1, 0, 1, 1, 0, 1, 0, 1, 1, 1, 0, 1, 0, 0], [1, 1, 0, 1, 1, 0, 1, 1, 0, 1, 1, 0, 0, 0, 0, 1, 0, 0], [1, 1, 0, 1, 1, 0, 1, 1, 0, 1, 1, 0, 1, 0, 1, 1, 0, 0], [1, 1, 0, 1, 1, 0, 1, 1, 0, 1, 1, 0, 1, 1, 0, 1, 0, 0]]","[0.00390625, 0.00390625, 0.0078125, 0.0078125, 0.00390625, 0.00390625, 0.00390625, 0.00390625, 0.00390625, 0.95703125]",28,229,38,102,202,
irp_ds_qaoa_R0002_0009,data/miplib_benders/qaoa_problems/nvars_06/irp_ds_qaoa_R0002_0009.json,6,18,1,ddsim,30,256,ok,50.5482052169973,386.83984375,6280850000.0,"{""C16913"": 0, ""C16915"": 0, ""C16916"": 0, ""C16917"": 1, ""C16918"": 0, ""C16919"": 0}",,,,"[[1, 0, 1, 1, 1, 0, 1, 1, 0, 1, 1, 0, 1, 1, 0, 1, 0, 0], [1, 1, 0, 1, 0, 1, 1, 1, 0, 1, 1, 0, 1, 1, 0, 1, 0, 0], [1, 1, 0, 1, 1, 0, 1, 0, 1, 1, 1, 0, 1, 1, 0, 1, 0, 0], [1, 1, 0, 1, 1, 0, 1, 1, 0, 1, 0, 1, 1, 1, 0, 1, 0, 0], [1, 1, 0, 1, 1, 0, 1, 1, 0, 1, 1, 0, 0, 0, 0, 1, 0, 0], [1, 1, 0, 1, 1, 0, 1, 1, 0, 1, 1, 0, 1, 1, 0, 1, 0, 0]]","[0.0078125, 0.00390625, 0.00390625, 0.00390625, 0.00390625, 0.9765625]",28,229,38,102,202,
irp_ds_qaoa_R0010_R0015_0001,data/miplib_benders/qaoa_problems/nvars_06/irp_ds_qaoa_R0010_R0015_0001.json,6,18,2,ddsim,30,256,ok,239.41752843302675,403.5234375,6154830000.0,"{""C16904"": 1, ""C16905"": 0, ""C16906"": 0, ""C16908"": 0, ""C16909"": 0, ""C16910"": 0}",,,,"[[1, 0, 1, 0, 0, 0, 1, 0, 0, 1, 1, 0, 1, 1, 0, 1, 1, 0], [1, 0, 1, 1, 0, 1, 1, 0, 0, 1, 1, 0, 1, 1, 0, 1, 1, 0], [1, 0, 1, 1, 1, 0, 1, 0, 0, 1, 0, 0, 0, 1, 0, 1, 1, 0], [1, 0, 1, 1, 1, 0, 1, 0, 0, 1, 1, 0, 0, 0, 0, 1, 1, 0], [1, 0, 1, 1, 1, 0, 1, 0, 0, 1, 1, 0, 1, 1, 0, 0, 0, 0], [1, 0, 1, 1, 1, 0, 1, 0, 0, 1, 1, 0, 1, 1, 0, 1, 1, 0], [1, 1, 0, 0, 0, 0, 1, 0, 0, 1, 0, 1, 1, 1, 0, 1, 1, 0], [1, 1, 0, 0, 0, 0, 1, 0, 0, 1, 1, 0, 1, 0, 1, 1, 1, 0], [1, 1, 0, 0, 0, 0, 1, 0, 0, 1, 1, 0, 1, 1, 0, 1, 0, 1], [1, 1, 0, 0, 0, 0, 1, 0, 0, 1, 1, 0, 1, 1, 0, 1, 1, 0], [1, 1, 0, 1, 0, 0, 0, 0, 0, 1, 1, 0, 1, 1, 0, 1, 1, 0], [1, 1, 0, 1, 0, 1, 1, 0, 0, 1, 0, 1, 1, 1, 0, 1, 1, 0], [1, 1, 0, 1, 0, 1, 1, 0, 0, 1, 1, 0, 0, 0, 0, 1, 1, 0], [1, 1, 0, 1, 0, 1, 1, 0, 0, 1, 1, 0, 1, 0, 1, 1, 1, 0], [1, 1, 0, 1, 0, 1, 1, 0, 0, 1, 1, 0, 1, 1, 0, 1, 0, 1], [1, 1, 0, 1, 0, 1, 1, 0, 0, 1, 1, 0, 1, 1, 0, 1, 1, 0], [1, 1, 0, 1, 1, 0, 1, 0, 0, 0, 1, 0, 1, 1, 0, 1, 0, 0], [1, 1, 0, 1, 1, 0, 1, 0, 0, 1, 0, 0, 0, 1, 0, 1, 1, 0], [1, 1, 0, 1, 1, 0, 1, 0, 0, 1, 0, 1, 0, 0, 0, 1, 1, 0], [1, 1, 0, 1, 1, 0, 1, 0, 0, 1, 0, 1, 1, 0, 1, 1, 1, 0], [1, 1, 0, 1, 1, 0, 1, 0, 0, 1, 0, 1, 1, 1, 0, 1, 0, 1], [1, 1, 0, 1, 1, 0, 1, 0, 0, 1, 0, 1, 1, 1, 0, 1, 1, 0], [1, 1, 0, 1, 1, 0, 1, 0, 0, 1, 1, 0, 0, 0, 0, 0, 0, 0], [1, 1, 0, 1, 1, 0, 1, 0, 0, 1, 1, 0, 0, 0, 0, 1, 0, 1], [1, 1, 0, 1, 1, 0, 1, 0, 0, 1, 1, 0, 0, 0, 0, 1, 1, 0], [1, 1, 0, 1, 1, 0, 1, 0, 0, 1, 1, 0, 1, 0, 0, 0, 1, 0], [1, 1, 0, 1, 1, 0, 1, 0, 0, 1, 1, 0, 1, 0, 1, 1, 0, 1], [1, 1, 0, 1, 1, 0, 1, 0, 0, 1, 1, 0, 1, 0, 1, 1, 1, 0], [1, 1, 0, 1, 1, 0, 1, 0, 0, 1, 1, 0, 1, 1, 0, 0, 0, 0], [1, 1, 0, 1, 1, 0, 1, 0, 0, 1, 1, 0, 1, 1, 0, 1, 0, 1], [1, 1, 0, 1, 1, 0, 1, 0, 0, 1, 1, 0, 1, 1, 0, 1, 1, 0]]","[0.00390625, 0.00390625, 0.00390625, 0.00390625, 0.01171875, 0.0390625, 0.01171875, 0.00390625, 0.00390625, 0.05078125, 0.00390625, 0.0078125, 0.00390625, 0.00390625, 0.00390625, 0.0390625, 0.00390625, 0.00390625, 0.0078125, 0.00390625, 0.00390625, 0.03125, 0.0078125, 0.00390625, 0.078125, 0.00390625, 0.00390625, 0.0234375, 0.0390625, 0.03515625, 0.55078125]",27,109,38,48,193,
irp_ds_qaoa_R0026_0001,data/miplib_benders/qaoa_problems/nvars_06/irp_ds_qaoa_R0026_0001.json,6,18,1,ddsim,30,256,ok,70.35571656306274,472.26171875,6280850000.0,"{""C16908"": 0, ""C16915"": 0, ""C16916"": 0, ""C16917"": 1, ""C16918"": 0, ""C16919"": 0}",,,,"[[1, 0, 1, 1, 1, 0, 1, 1, 0, 1, 1, 0, 0, 0, 0, 1, 0, 0], [1, 1, 0, 1, 1, 0, 0, 0, 0, 1, 1, 0, 1, 1, 0, 1, 0, 0], [1, 1, 0, 1, 1, 0, 1, 0, 1, 1, 1, 0, 1, 1, 0, 1, 0, 0], [1, 1, 0, 1, 1, 0, 1, 1, 0, 0, 0, 0, 1, 1, 0, 1, 0, 0], [1, 1, 0, 1, 1, 0, 1, 1, 0, 1, 0, 1, 1, 1, 0, 1, 0, 0], [1, 1, 0, 1, 1, 0, 1, 1, 0, 1, 1, 0, 0, 0, 0, 1, 0, 0], [1, 1, 0, 1, 1, 0, 1, 1, 0, 1, 1, 0, 1, 0, 1, 1, 0, 0], [1, 1, 0, 1, 1, 0, 1, 1, 0, 1, 1, 0, 1, 1, 0, 1, 0, 0]]","[0.00390625, 0.00390625, 0.00390625, 0.01171875, 0.00390625, 0.00390625, 0.00390625, 0.96484375]",26,229,38,102,202,
leo1_ds_qaoa_R0000031_R0000042_0003,data/miplib_benders/qaoa_problems/nvars_06/leo1_ds_qaoa_R0000031_R0000042_0003.json,6,18,2,ddsim,30,256,ok,110.21602009609342,403.9921875,11.0,"{""C0003539"": 0, ""C0003540"": 0, ""C0003541"": 1, ""C0003572"": 2, ""row_slack_R0000031"": 6, ""row_slack_R0000042"": 0}",6.0,"{""C0003539"": 0, ""C0003540"": 0, ""C0003541"": 2, ""C0003572"": 0, ""row_slack_R0000031"": 4, ""row_slack_R0000042"": 3}",1.0,"[[0, 0, 0, 0, 0, 0, 0, 1, 0, 0, 0, 0, 0, 0, 1, 1, 1, 0]]",[1.0],23,162,38,75,205,
leo1_ds_qaoa_R0000042_R0000043_0003,data/miplib_benders/qaoa_problems/nvars_06/leo1_ds_qaoa_R0000042_R0000043_0003.json,6,18,2,ddsim,30,256,ok,64.8216003869893,398.38671875,11.0,"{""C0003539"": 0, ""C0003540"": 0, ""C0003541"": 1, ""C0003572"": 2, ""row_slack_R0000042"": 0, ""row_slack_R0000043"": 6}",6.0,"{""C0003539"": 0, ""C0003540"": 0, ""C0003541"": 2, ""C0003572"": 0, ""row_slack_R0000042"": 3, ""row_slack_R0000043"": 6}",1.0,"[[0, 0, 0, 0, 0, 0, 0, 1, 0, 0, 0, 0, 1, 1, 0, 0, 1, 1]]",[1.0],23,176,38,81,214,
leo1_ds_qaoa_R0000043_R0000047_0005,data/miplib_benders/qaoa_problems/nvars_06/leo1_ds_qaoa_R0000043_R0000047_0005.json,6,18,2,ddsim,30,256,ok,57.261349435080774,411.2109375,9.0,"{""C0003541"": 0, ""C0003572"": 0, ""C0003573"": 3, ""C0003574"": 0, ""row_slack_R0000043"": 6, ""row_slack_R0000047"": 6}",8.0,"{""C0003541"": 0, ""C0003572"": 0, ""C0003573"": 0, ""C0003574"": 2, ""row_slack_R0000043"": 6, ""row_slack_R0000047"": 6}",0.9921875,"[[0, 0, 0, 0, 0, 0, 0, 0, 0, 0, 1, 0, 0, 1, 1, 0, 0, 1], [0, 0, 0, 0, 0, 0, 0, 0, 0, 0, 1, 0, 0, 1, 1, 0, 1, 1], [1, 0, 0, 1, 0, 1, 0, 0, 0, 0, 1, 0, 0, 1, 1, 0, 1, 1]]","[0.00390625, 0.9921875, 0.00390625]",31,412,38,203,410,
leo1_ds_qaoa_R0000047_R0000048_0005,data/miplib_benders/qaoa_problems/nvars_06/leo1_ds_qaoa_R0000047_R0000048_0005.json,6,18,2,ddsim,30,256,ok,58.43574896699283,409.5625,9.0,"{""C0003541"": 0, ""C0003572"": 0, ""C0003573"": 3, ""C0003574"": 0, ""row_slack_R0000047"": 6, ""row_slack_R0000048"": 3}",8.0,"{""C0003541"": 0, ""C0003572"": 0, ""C0003573"": 0, ""C0003574"": 2, ""row_slack_R0000047"": 6, ""row_slack_R0000048"": 3}",1.0,"[[0, 0, 0, 0, 0, 0, 0, 0, 0, 0, 1, 0, 0, 1, 1, 1, 1, 0]]",[1.0],23,293,38,142,315,
leo1_ds_qaoa_R0000079_R0000090_0003,data/miplib_benders/qaoa_problems/nvars_06/leo1_ds_qaoa_R0000079_R0000090_0003.json,6,18,2,ddsim,30,256,ok,52.73482289805543,403.90625,31.0,"{""C0003539"": 0, ""C0003540"": 0, ""C0003541"": 1, ""C0003572"": 7, ""row_slack_R0000079"": 7, ""row_slack_R0000090"": 0}",12.0,"{""C0003539"": 0, ""C0003540"": 0, ""C0003541"": 4, ""C0003572"": 0, ""row_slack_R0000079"": 3, ""row_slack_R0000090"": 3}",0.99609375,"[[0, 0, 0, 0, 0, 0, 0, 0, 1, 0, 0, 0, 1, 1, 0, 1, 1, 0], [1, 0, 0, 0, 0, 0, 0, 0, 1, 1, 0, 0, 1, 1, 0, 1, 1, 1]]","[0.99609375, 0.00390625]",23,262,38,125,296,
leo1_ds_qaoa_R0000090_R0000091_0003,data/miplib_benders/qaoa_problems/nvars_06/leo1_ds_qaoa_R0000090_R0000091_0003.json,6,18,2,ddsim,30,256,ok,48.76528892107308,407.296875,34.0,"{""C0003539"": 0, ""C0003540"": 0, ""C0003541"": 2, ""C0003572"": 7, ""row_slack_R0000090"": 1, ""row_slack_R0000091"": 7}",12.0,"{""C0003539"": 0, ""C0003540"": 0, ""C0003541"": 4, ""C0003572"": 0, ""row_slack_R0000090"": 3, ""row_slack_R0000091"": 2}",1.0,"[[0, 0, 0, 0, 0, 0, 0, 0, 1, 0, 0, 0, 1, 1, 0, 0, 1, 0]]",[1.0],24,302,38,143,297,
leo1_ds_qaoa_R0000091_R0000095_0005,data/miplib_benders/qaoa_problems/nvars_06/leo1_ds_qaoa_R0000091_R0000095_0005.json,6,18,2,ddsim,30,256,ok,52.84616453398485,406.18359375,34.0,"{""C0003541"": 0, ""C0003572"": 0, ""C0003573"": 2, ""C0003574"": 7, ""row_slack_R0000091"": 7, ""row_slack_R0000095"": 7}",16.0,"{""C0003541"": 0, ""C0003572"": 0, ""C0003573"": 0, ""C0003574"": 4, ""row_slack_R0000091"": 2, ""row_slack_R0000095"": 2}",1.0,"[[0, 0, 0, 0, 0, 0, 0, 0, 0, 0, 0, 1, 0, 1, 0, 0, 1, 0]]",[1.0],26,262,38,125,294,
leo1_ds_qaoa_R0000095_R0000096_0005,data/miplib_benders/qaoa_problems/nvars_06/leo1_ds_qaoa_R0000095_R0000096_0005.json,6,18,2,ddsim,30,256,ok,76.09148877998814,405.6328125,34.0,"{""C0003541"": 0, ""C0003572"": 0, ""C0003573"": 2, ""C0003574"": 7, ""row_slack_R0000095"": 7, ""row_slack_R0000096"": 7}",16.0,"{""C0003541"": 0, ""C0003572"": 0, ""C0003573"": 0, ""C0003574"": 4, ""row_slack_R0000095"": 2, ""row_slack_R0000096"": 2}",1.0,"[[0, 0, 0, 0, 0, 0, 0, 0, 0, 0, 0, 1, 0, 1, 0, 0, 1, 0]]",[1.0],24,301,38,143,294,
leo1_ds_qaoa_R0000097_R0000335_0003,data/miplib_benders/qaoa_problems/nvars_06/leo1_ds_qaoa_R0000097_R0000335_0003.json,6,18,2,ddsim,30,256,ok,63.9292445150204,405.11328125,31.0,"{""C0003539"": 0, ""C0003540"": 0, ""C0003541"": 1, ""C0003572"": 7, ""row_slack_R0000097"": 6, ""row_slack_R0000335"": 0}",16.0,"{""C0003539"": 0, ""C0003540"": 0, ""C0003541"": 0, ""C0003572"": 4, ""row_slack_R0000097"": 2, ""row_slack_R0000335"": 1}",1.0,"[[0, 0, 0, 0, 0, 0, 0, 0, 0, 0, 0, 1, 0, 1, 0, 1, 0, 0]]",[1.0],25,262,38,125,294,
leo1_ds_qaoa_R0000339_R0000535_0005,data/miplib_benders/qaoa_problems/nvars_06/leo1_ds_qaoa_R0000339_R0000535_0005.json,6,18,2,ddsim,30,256,ok,26.209433043026365,395.7421875,11.0,"{""C0003541"": 7, ""C0003572"": 0, ""C0003573"": 0, ""C0003574"": 1, ""row_slack_R0000339"": 0, ""row_slack_R0000535"": 7}",4.0,"{""C0003541"": 0, ""C0003572"": 0, ""C0003573"": 0, ""C0003574"": 1, ""row_slack_R0000339"": 0, ""row_slack_R0000535"": 0}",1.0,"[[0, 0, 0, 0, 0, 0, 0, 0, 0, 1, 0, 0, 0, 0, 0, 0, 0, 0]]",[1.0],21,301,38,143,292,
leo1_ds_qaoa_R0000541_R0000542_0003,data/miplib_benders/qaoa_problems/nvars_06/leo1_ds_qaoa_R0000541_R0000542_0003.json,6,18,2,ddsim,30,256,ok,56.23753797006793,404.765625,31.0,"{""C0003539"": 0, ""C0003540"": 0, ""C0003541"": 1, ""C0003572"": 7, ""row_slack_R0000541"": 0, ""row_slack_R0000542"": 7}",12.0,"{""C0003539"": 0, ""C0003540"": 0, ""C0003541"": 4, ""C0003572"": 0, ""row_slack_R0000541"": 3, ""row_slack_R0000542"": 6}",0.9921875,"[[0, 0, 0, 0, 0, 0, 0, 0, 1, 0, 0, 0, 1, 1, 0, 0, 1, 1], [0, 0, 0, 0, 0, 0, 0, 0, 1, 1, 1, 0, 1, 1, 0, 0, 1, 1], [1, 0, 0, 0, 1, 0, 0, 0, 1, 0, 0, 0, 1, 1, 0, 0, 1, 1]]","[0.9921875, 0.00390625, 0.00390625]",30,302,38,143,296,
leo2_ds_qaoa_R0000079_R0000090_0008,data/miplib_benders/qaoa_problems/nvars_06/leo2_ds_qaoa_R0000079_R0000090_0008.json,6,18,2,ddsim,30,256,ok,55.80103347101249,403.984375,27.0,"{""C0005738"": 0, ""C0005739"": 0, ""C0005740"": 1, ""C0005788"": 6, ""row_slack_R0000079"": 7, ""row_slack_R0000090"": 1}",12.0,"{""C0005738"": 0, ""C0005739"": 0, ""C0005740"": 4, ""C0005788"": 0, ""row_slack_R0000079"": 7, ""row_slack_R0000090"": 7}",1.0,"[[0, 0, 0, 0, 0, 0, 0, 0, 1, 0, 0, 0, 1, 1, 1, 1, 1, 1]]",[1.0],23,212,38,100,253,
leo2_ds_qaoa_R0000090_R0000091_0008,data/miplib_benders/qaoa_problems/nvars_06/leo2_ds_qaoa_R0000090_R0000091_0008.json,6,18,2,ddsim,30,256,ok,80.73569483100437,398.44921875,31.0,"{""C0005738"": 0, ""C0005739"": 0, ""C0005740"": 1, ""C0005788"": 7, ""row_slack_R0000090"": 1, ""row_slack_R0000091"": 7}",12.0,"{""C0005738"": 0, ""C0005739"": 0, ""C0005740"": 4, ""C0005788"": 0, ""row_slack_R0000090"": 7, ""row_slack_R0000091"": 6}",1.0,"[[0, 0, 0, 0, 0, 0, 0, 0, 1, 0, 0, 0, 1, 1, 1, 0, 1, 1]]",[1.0],28,252,38,118,260,
leo2_ds_qaoa_R0000091_R0000095_0010,data/miplib_benders/qaoa_problems/nvars_06/leo2_ds_qaoa_R0000091_R0000095_0010.json,6,18,2,ddsim,30,256,ok,49.344812376075424,407.92578125,34.0,"{""C0005740"": 0, ""C0005788"": 0, ""C0005789"": 2, ""C0005790"": 7, ""row_slack_R0000091"": 7, ""row_slack_R0000095"": 7}",16.0,"{""C0005740"": 0, ""C0005788"": 0, ""C0005789"": 0, ""C0005790"": 4, ""row_slack_R0000091"": 2, ""row_slack_R0000095"": 2}",1.0,"[[0, 0, 0, 0, 0, 0, 0, 0, 0, 0, 0, 1, 0, 1, 0, 0, 1, 0]]",[1.0],20,404,38,198,393,
leo2_ds_qaoa_R0000095_R0000096_0010,data/miplib_benders/qaoa_problems/nvars_06/leo2_ds_qaoa_R0000095_R0000096_0010.json,6,18,2,ddsim,30,256,ok,52.68323142803274,407.9765625,34.0,"{""C0005740"": 0, ""C0005788"": 0, ""C0005789"": 2, ""C0005790"": 7, ""row_slack_R0000095"": 7, ""row_slack_R0000096"": 7}",16.0,"{""C0005740"": 0, ""C0005788"": 0, ""C0005789"": 0, ""C0005790"": 4, ""row_slack_R0000095"": 2, ""row_slack_R0000096"": 2}",1.0,"[[0, 0, 0, 0, 0, 0, 0, 0, 0, 0, 0, 1, 0, 1, 0, 0, 1, 0]]",[1.0],23,404,38,198,393,
leo2_ds_qaoa_R0000097_R0000335_0008,data/miplib_benders/qaoa_problems/nvars_06/leo2_ds_qaoa_R0000097_R0000335_0008.json,6,18,2,ddsim,30,256,ok,54.611048241960816,403.42578125,31.0,"{""C0005738"": 0, ""C0005739"": 0, ""C0005740"": 1, ""C0005788"": 7, ""row_slack_R0000097"": 7, ""row_slack_R0000335"": 0}",16.0,"{""C0005738"": 0, ""C0005739"": 0, ""C0005740"": 0, ""C0005788"": 4, ""row_slack_R0000097"": 2, ""row_slack_R0000335"": 1}",1.0,"[[0, 0, 0, 0, 0, 0, 0, 0, 0, 0, 0, 1, 0, 1, 0, 1, 0, 0]]",[1.0],24,262,38,125,286,
leo2_ds_qaoa_R0000335_R0000535_0008,data/miplib_benders/qaoa_problems/nvars_06/leo2_ds_qaoa_R0000335_R0000535_0008.json,6,18,2,ddsim,30,256,ok,64.42214107397012,404.15625,31.0,"{""C0005738"": 0, ""C0005739"": 0, ""C0005740"": 1, ""C0005788"": 7, ""row_slack_R0000335"": 0, ""row_slack_R0000535"": 7}",16.0,"{""C0005738"": 0, ""C0005739"": 0, ""C0005740"": 0, ""C0005788"": 4, ""row_slack_R0000335"": 1, ""row_slack_R0000535"": 3}",0.99609375,"[[0, 0, 0, 0, 0, 0, 0, 0, 0, 0, 0, 1, 1, 0, 0, 1, 1, 0], [1, 1, 0, 0, 0, 0, 0, 0, 0, 0, 0, 1, 1, 0, 0, 1, 1, 0]]","[0.99609375, 0.00390625]",28,302,38,143,297,
leo2_ds_qaoa_R0000571_R0000582_0008,data/miplib_benders/qaoa_problems/nvars_06/leo2_ds_qaoa_R0000571_R0000582_0008.json,6,18,2,ddsim,30,256,ok,83.09714176889975,400.25,31.0,"{""C0005738"": 0, ""C0005739"": 0, ""C0005740"": 1, ""C0005788"": 7, ""row_slack_R0000571"": 7, ""row_slack_R0000582"": 0}",12.0,"{""C0005738"": 0, ""C0005739"": 0, ""C0005740"": 4, ""C0005788"": 0, ""row_slack_R0000571"": 6, ""row_slack_R0000582"": 6}",1.0,"[[0, 0, 0, 0, 0, 0, 0, 0, 1, 0, 0, 0, 0, 1, 1, 0, 1, 1]]",[1.0],22,212,38,100,251,
leo2_ds_qaoa_R0000582_R0000583_0008,data/miplib_benders/qaoa_problems/nvars_06/leo2_ds_qaoa_R0000582_R0000583_0008.json,6,18,2,ddsim,30,256,ok,67.90429113595746,404.375,31.0,"{""C0005738"": 0, ""C0005739"": 0, ""C0005740"": 1, ""C0005788"": 7, ""row_slack_R0000582"": 0, ""row_slack_R0000583"": 7}",12.0,"{""C0005738"": 0, ""C0005739"": 0, ""C0005740"": 4, ""C0005788"": 0, ""row_slack_R0000582"": 6, ""row_slack_R0000583"": 6}",0.9921875,"[[0, 0, 0, 0, 0, 0, 0, 0, 1, 0, 0, 0, 0, 1, 1, 0, 1, 1], [0, 0, 0, 0, 0, 0, 0, 0, 1, 1, 1, 0, 0, 1, 1, 0, 1, 1], [1, 0, 0, 0, 0, 1, 0, 0, 1, 0, 0, 0, 0, 1, 1, 0, 1, 1]]","[0.9921875, 0.00390625, 0.00390625]",30,252,38,118,259,
neos-2746589-doon_ds_qaoa_R0001_0001,data/miplib_benders/qaoa_problems/nvars_06/neos-2746589-doon_ds_qaoa_R0001_0001.json,6,18,1,ddsim,30,256,ok,33.036269778967835,403.18359375,29.0,"{""C0013"": 0, ""C0014"": 0, ""C0015"": 0, ""C0016"": 0, ""C0017"": 0, ""C0018"": 1}",29.0,"{""C0013"": 0, ""C0014"": 0, ""C0015"": 0, ""C0016"": 0, ""C0017"": 0, ""C0018"": 1}",1.0,"[[0, 0, 0, 0, 0, 0, 0, 0, 0, 0, 0, 0, 0, 0, 0, 1, 0, 0]]",[1.0],23,229,38,102,202,
neos-2746589-doon_ds_qaoa_R0002_0001,data/miplib_benders/qaoa_problems/nvars_06/neos-2746589-doon_ds_qaoa_R0002_0001.json,6,18,1,ddsim,30,256,ok,25.642638136981986,403.66796875,209.0,"{""C0019"": 0, ""C0020"": 0, ""C0021"": 0, ""C0022"": 0, ""C0023"": 0, ""C0024"": 1}",209.0,"{""C0019"": 0, ""C0020"": 0, ""C0021"": 0, ""C0022"": 0, ""C0023"": 0, ""C0024"": 1}",0.984375,"[[0, 0, 0, 0, 0, 0, 0, 0, 0, 0, 0, 0, 0, 0, 0, 1, 0, 0], [1, 0, 0, 0, 0, 0, 0, 0, 0, 0, 0, 0, 0, 0, 0, 1, 0, 1], [1, 0, 0, 0, 0, 0, 0, 0, 0, 0, 1, 0, 0, 0, 0, 1, 0, 0], [1, 0, 0, 0, 0, 0, 0, 0, 1, 0, 0, 0, 0, 0, 0, 1, 0, 0], [1, 0, 0, 0, 0, 0, 0, 1, 0, 0, 0, 0, 0, 0, 0, 1, 0, 0]]","[0.984375, 0.00390625, 0.00390625, 0.00390625, 0.00390625]",30,229,38,102,202,
neos-3216931-puriri_ds_qaoa_R0626_R5329_0008,data/miplib_benders/qaoa_problems/nvars_06/neos-3216931-puriri_ds_qaoa_R0626_R5329_0008.json,6,18,2,ddsim,30,256,ok,61.48844745696988,404.328125,70000.0,"{""C0829"": 5, ""C0861"": 0, ""C0892"": 1, ""C0924"": 1, ""row_slack_R0626"": 0, ""row_slack_R5329"": 7}",0.0,"{""C0829"": 0, ""C0861"": 0, ""C0892"": 0, ""C0924"": 0, ""row_slack_R0626"": 2, ""row_slack_R5329"": 0}",1.0,"[[0, 0, 0, 0, 0, 0, 0, 0, 0, 0, 0, 0, 0, 1, 0, 0, 0, 0]]",[1.0],28,301,38,143,292,
neos-4300652-rahue_ds_qaoa_R14653_0001,data/miplib_benders/qaoa_problems/nvars_06/neos-4300652-rahue_ds_qaoa_R14653_0001.json,6,18,1,ddsim,30,256,ok,87.27575743000489,474.5859375,47.0,"{""C12149"": 0, ""C12150"": 7, ""C12152"": 0, ""C12153"": 7, ""C12155"": 1, ""row_slack_R14653"": 7}",38.0,"{""C12149"": 0, ""C12150"": 7, ""C12152"": 0, ""C12153"": 6, ""C12155"": 0, ""row_slack_R14653"": 7}",1.0,"[[0, 0, 0, 1, 1, 1, 0, 0, 0, 0, 1, 1, 0, 0, 0, 1, 1, 1]]",[1.0],29,161,38,72,183,
neos-4413714-turia_ds_qaoa_R0951_0001,data/miplib_benders/qaoa_problems/nvars_06/neos-4413714-turia_ds_qaoa_R0951_0001.json,6,18,1,ddsim,30,256,ok,30.692114253062755,386.86328125,6.0,"{""C0206"": 0, ""C0207"": 0, ""C0208"": 0, ""C0209"": 0, ""C0210"": 0, ""C0211"": 1}",6.0,"{""C0206"": 0, ""C0207"": 0, ""C0208"": 0, ""C0209"": 0, ""C0210"": 0, ""C0211"": 1}",1.0,"[[0, 0, 0, 0, 0, 0, 0, 0, 0, 0, 0, 0, 0, 0, 0, 1, 0, 0]]",[1.0],22,229,38,102,202,
neos-4647030-tutaki_ds_qaoa_R7864_0001,data/miplib_benders/qaoa_problems/nvars_06/neos-4647030-tutaki_ds_qaoa_R7864_0001.json,6,18,1,ddsim,30,256,ok,25.824447598075494,402.421875,5.0,"{""C10006"": 0, ""C10007"": 0, ""C10008"": 0, ""C10009"": 0, ""C10010"": 1, ""row_slack_R7864"": 0}",0.0,"{""C10006"": 0, ""C10007"": 0, ""C10008"": 0, ""C10009"": 0, ""C10010"": 0, ""row_slack_R7864"": 1}",1.0,"[[0, 0, 0, 0, 0, 0, 0, 0, 0, 0, 0, 0, 0, 0, 0, 1, 0, 0]]",[1.0],29,229,38,102,202,
neos8_ds_qaoa_R0001_0001,data/miplib_benders/qaoa_problems/nvars_06/neos8_ds_qaoa_R0001_0001.json,6,18,1,ddsim,30,256,ok,40.19794376101345,386.89453125,-0.0,"{""C0001"": 0, ""C0002"": 0, ""C0005"": 0, ""C0006"": 0, ""C0009"": 0, ""row_slack_R0001"": 1}",0.0,"{""C0001"": 0, ""C0002"": 0, ""C0005"": 0, ""C0006"": 0, ""C0009"": 0, ""row_slack_R0001"": 1}",1.0,"[[0, 0, 0, 0, 0, 0, 0, 0, 0, 0, 0, 0, 0, 0, 0, 1, 0, 0]]",[1.0],22,229,38,102,202,
neos8_ds_qaoa_R0001_0002,data/miplib_benders/qaoa_problems/nvars_06/neos8_ds_qaoa_R0001_0002.json,6,18,1,ddsim,30,256,ok,21.797387236030772,400.95703125,-0.0,"{""C0002"": 0, ""C0005"": 0, ""C0006"": 0, ""C0009"": 0, ""C0017"": 0, ""row_slack_R0001"": 1}",0.0,"{""C0002"": 0, ""C0005"": 0, ""C0006"": 0, ""C0009"": 0, ""C0017"": 0, ""row_slack_R0001"": 1}",1.0,"[[0, 0, 0, 0, 0, 0, 0, 0, 0, 0, 0, 0, 0, 0, 0, 1, 0, 0]]",[1.0],22,229,38,102,202,
neos8_ds_qaoa_R0001_0003,data/miplib_benders/qaoa_problems/nvars_06/neos8_ds_qaoa_R0001_0003.json,6,18,1,ddsim,30,256,ok,25.173190050991252,392.953125,-0.0,"{""C0005"": 0, ""C0006"": 0, ""C0009"": 0, ""C0017"": 0, ""C0018"": 0, ""row_slack_R0001"": 1}",0.0,"{""C0005"": 0, ""C0006"": 0, ""C0009"": 0, ""C0017"": 0, ""C0018"": 0, ""row_slack_R0001"": 1}",1.0,"[[0, 0, 0, 0, 0, 0, 0, 0, 0, 0, 0, 0, 0, 0, 0, 1, 0, 0]]",[1.0],20,229,38,102,202,
neos8_ds_qaoa_R0001_0004,data/miplib_benders/qaoa_problems/nvars_06/neos8_ds_qaoa_R0001_0004.json,6,18,1,ddsim,30,256,ok,52.19845233892556,474.33203125,-0.0,"{""C0006"": 0, ""C0009"": 0, ""C0017"": 0, ""C0018"": 0, ""C0022"": 0, ""row_slack_R0001"": 1}",0.0,"{""C0006"": 0, ""C0009"": 0, ""C0017"": 0, ""C0018"": 0, ""C0022"": 0, ""row_slack_R0001"": 1}",1.0,"[[0, 0, 0, 0, 0, 0, 0, 0, 0, 0, 0, 0, 0, 0, 0, 1, 0, 0]]",[1.0],26,229,38,102,202,
neos8_ds_qaoa_R0001_0005,data/miplib_benders/qaoa_problems/nvars_06/neos8_ds_qaoa_R0001_0005.json,6,18,1,ddsim,30,256,ok,75.61142242897768,403.51171875,-0.0,"{""C0009"": 0, ""C0017"": 0, ""C0018"": 0, ""C0022"": 0, ""C0025"": 0, ""row_slack_R0001"": 1}",0.0,"{""C0009"": 0, ""C0017"": 0, ""C0018"": 0, ""C0022"": 0, ""C0025"": 0, ""row_slack_R0001"": 1}",1.0,"[[0, 0, 0, 0, 0, 0, 0, 0, 0, 0, 0, 0, 0, 0, 0, 1, 0, 0]]",[1.0],22,229,38,102,202,
neos8_ds_qaoa_R0001_0006,data/miplib_benders/qaoa_problems/nvars_06/neos8_ds_qaoa_R0001_0006.json,6,18,1,ddsim,30,256,ok,82.60257337999064,395.31640625,-0.0,"{""C0017"": 0, ""C0018"": 0, ""C0022"": 0, ""C0025"": 0, ""C0026"": 0, ""row_slack_R0001"": 1}",0.0,"{""C0017"": 0, ""C0018"": 0, ""C0022"": 0, ""C0025"": 0, ""C0026"": 0, ""row_slack_R0001"": 1}",0.99609375,"[[0, 0, 0, 0, 0, 0, 0, 0, 0, 0, 0, 0, 0, 0, 0, 1, 0, 0], [1, 1, 0, 0, 0, 0, 0, 0, 0, 0, 0, 0, 0, 0, 0, 1, 0, 0]]","[0.99609375, 0.00390625]",31,229,38,102,202,
neos8_ds_qaoa_R0001_R0002_0002,data/miplib_benders/qaoa_problems/nvars_06/neos8_ds_qaoa_R0001_R0002_0002.json,6,18,2,ddsim,30,256,ok,63.99520341295283,404.51953125,-0.0,"{""C0002"": 0, ""C0005"": 0, ""C0006"": 0, ""C0009"": 0, ""row_slack_R0001"": 1, ""row_slack_R0002"": 1}",0.0,"{""C0002"": 0, ""C0005"": 0, ""C0006"": 0, ""C0009"": 0, ""row_slack_R0001"": 1, ""row_slack_R0002"": 1}",1.0,"[[0, 0, 0, 0, 0, 0, 0, 0, 0, 0, 0, 0, 1, 0, 0, 1, 0, 0]]",[1.0],24,262,38,125,295,
neos8_ds_qaoa_R0001_R0002_0003,data/miplib_benders/qaoa_problems/nvars_06/neos8_ds_qaoa_R0001_R0002_0003.json,6,18,2,ddsim,30,256,ok,31.31142884294968,405.22265625,-0.0,"{""C0005"": 0, ""C0006"": 0, ""C0009"": 0, ""C0013"": 0, ""row_slack_R0001"": 1, ""row_slack_R0002"": 1}",0.0,"{""C0005"": 0, ""C0006"": 0, ""C0009"": 0, ""C0013"": 0, ""row_slack_R0001"": 1, ""row_slack_R0002"": 1}",1.0,"[[0, 0, 0, 0, 0, 0, 0, 0, 0, 0, 0, 0, 1, 0, 0, 1, 0, 0]]",[1.0],23,415,38,202,396,
neos8_ds_qaoa_R0001_R0002_0007,data/miplib_benders/qaoa_problems/nvars_06/neos8_ds_qaoa_R0001_R0002_0007.json,6,18,2,ddsim,30,256,ok,65.42664297693409,473.9609375,-0.0,"{""C0014"": 0, ""C0017"": 0, ""C0018"": 0, ""C0022"": 0, ""row_slack_R0001"": 1, ""row_slack_R0002"": 1}",0.0,"{""C0014"": 0, ""C0017"": 0, ""C0018"": 0, ""C0022"": 0, ""row_slack_R0001"": 1, ""row_slack_R0002"": 1}",0.99609375,"[[0, 0, 0, 0, 0, 0, 0, 0, 0, 0, 0, 0, 1, 0, 0, 1, 0, 0], [0, 0, 0, 1, 0, 0, 0, 0, 1, 0, 0, 0, 1, 0, 0, 1, 0, 0]]","[0.99609375, 0.00390625]",30,412,38,200,396,
neos8_ds_qaoa_R0001_R0002_0008,data/miplib_benders/qaoa_problems/nvars_06/neos8_ds_qaoa_R0001_R0002_0008.json,6,18,2,ddsim,30,256,ok,74.71548594301566,468.078125,-0.0,"{""C0017"": 0, ""C0018"": 0, ""C0022"": 0, ""C0023"": 0, ""row_slack_R0001"": 1, ""row_slack_R0002"": 1}",0.0,"{""C0017"": 0, ""C0018"": 0, ""C0022"": 0, ""C0023"": 0, ""row_slack_R0001"": 1, ""row_slack_R0002"": 1}",1.0,"[[0, 0, 0, 0, 0, 0, 0, 0, 0, 0, 0, 0, 1, 0, 0, 1, 0, 0]]",[1.0],31,415,38,202,396,
neos8_ds_qaoa_R0002_0001,data/miplib_benders/qaoa_problems/nvars_06/neos8_ds_qaoa_R0002_0001.json,6,18,1,ddsim,30,256,ok,30.184623270994052,393.4453125,-0.0,"{""C0001"": 0, ""C0002"": 0, ""C0005"": 0, ""C0006"": 0, ""C0013"": 0, ""row_slack_R0002"": 1}",0.0,"{""C0001"": 0, ""C0002"": 0, ""C0005"": 0, ""C0006"": 0, ""C0013"": 0, ""row_slack_R0002"": 1}",1.0,"[[0, 0, 0, 0, 0, 0, 0, 0, 0, 0, 0, 0, 0, 0, 0, 1, 0, 0]]",[1.0],23,229,38,102,202,
neos8_ds_qaoa_R0002_0002,data/miplib_benders/qaoa_problems/nvars_06/neos8_ds_qaoa_R0002_0002.json,6,18,1,ddsim,30,256,ok,23.94103814603295,398.9921875,-0.0,"{""C0002"": 0, ""C0005"": 0, ""C0006"": 0, ""C0013"": 0, ""C0014"": 0, ""row_slack_R0002"": 1}",0.0,"{""C0002"": 0, ""C0005"": 0, ""C0006"": 0, ""C0013"": 0, ""C0014"": 0, ""row_slack_R0002"": 1}",1.0,"[[0, 0, 0, 0, 0, 0, 0, 0, 0, 0, 0, 0, 0, 0, 0, 1, 0, 0]]",[1.0],23,229,38,102,202,
neos8_ds_qaoa_R0002_0003,data/miplib_benders/qaoa_problems/nvars_06/neos8_ds_qaoa_R0002_0003.json,6,18,1,ddsim,30,256,ok,28.406725540058687,403.39453125,-0.0,"{""C0005"": 0, ""C0006"": 0, ""C0013"": 0, ""C0014"": 0, ""C0017"": 0, ""row_slack_R0002"": 1}",0.0,"{""C0005"": 0, ""C0006"": 0, ""C0013"": 0, ""C0014"": 0, ""C0017"": 0, ""row_slack_R0002"": 1}",0.9921875,"[[0, 0, 0, 0, 0, 0, 0, 0, 0, 0, 0, 0, 0, 0, 0, 1, 0, 0], [1, 0, 0, 0, 0, 0, 0, 0, 1, 0, 0, 0, 0, 0, 0, 1, 0, 0], [1, 0, 0, 0, 1, 0, 0, 0, 0, 0, 0, 0, 0, 0, 0, 1, 0, 0]]","[0.9921875, 0.00390625, 0.00390625]",30,229,38,102,202,
neos8_ds_qaoa_R0002_0004,data/miplib_benders/qaoa_problems/nvars_06/neos8_ds_qaoa_R0002_0004.json,6,18,1,ddsim,30,256,ok,31.56738615001086,403.57421875,-0.0,"{""C0006"": 0, ""C0013"": 0, ""C0014"": 0, ""C0017"": 0, ""C0018"": 0, ""row_slack_R0002"": 1}",0.0,"{""C0006"": 0, ""C0013"": 0, ""C0014"": 0, ""C0017"": 0, ""C0018"": 0, ""row_slack_R0002"": 1}",1.0,"[[0, 0, 0, 0, 0, 0, 0, 0, 0, 0, 0, 0, 0, 0, 0, 1, 0, 0]]",[1.0],25,229,38,102,202,
neos8_ds_qaoa_R0002_0005,data/miplib_benders/qaoa_problems/nvars_06/neos8_ds_qaoa_R0002_0005.json,6,18,1,ddsim,30,256,ok,26.27217961999122,401.23828125,-0.0,"{""C0013"": 0, ""C0014"": 0, ""C0017"": 0, ""C0018"": 0, ""C0023"": 0, ""row_slack_R0002"": 1}",0.0,"{""C0013"": 0, ""C0014"": 0, ""C0017"": 0, ""C0018"": 0, ""C0023"": 0, ""row_slack_R0002"": 1}",1.0,"[[0, 0, 0, 0, 0, 0, 0, 0, 0, 0, 0, 0, 0, 0, 0, 1, 0, 0]]",[1.0],25,229,38,102,202,
neos8_ds_qaoa_R0002_0006,data/miplib_benders/qaoa_problems/nvars_06/neos8_ds_qaoa_R0002_0006.json,6,18,1,ddsim,30,256,ok,22.73186492791865,399.53125,-0.0,"{""C0014"": 0, ""C0017"": 0, ""C0018"": 0, ""C0023"": 0, ""C0024"": 0, ""row_slack_R0002"": 1}",0.0,"{""C0014"": 0, ""C0017"": 0, ""C0018"": 0, ""C0023"": 0, ""C0024"": 0, ""row_slack_R0002"": 1}",1.0,"[[0, 0, 0, 0, 0, 0, 0, 0, 0, 0, 0, 0, 0, 0, 0, 1, 0, 0]]",[1.0],24,229,38,102,202,
neos8_ds_qaoa_R0002_R0003_0004,data/miplib_benders/qaoa_problems/nvars_06/neos8_ds_qaoa_R0002_R0003_0004.json,6,18,2,ddsim,30,256,ok,30.79063637298532,406.3046875,-0.0,"{""C0006"": 0, ""C0009"": 0, ""C0013"": 0, ""C0014"": 0, ""row_slack_R0002"": 1, ""row_slack_R0003"": 1}",0.0,"{""C0006"": 0, ""C0009"": 0, ""C0013"": 0, ""C0014"": 0, ""row_slack_R0002"": 1, ""row_slack_R0003"": 1}",0.99609375,"[[0, 0, 0, 0, 0, 0, 0, 0, 0, 0, 0, 0, 1, 0, 0, 1, 0, 0], [0, 0, 0, 1, 1, 0, 0, 0, 0, 0, 0, 0, 1, 0, 0, 1, 0, 0]]","[0.99609375, 0.00390625]",26,372,38,182,392,
neos8_ds_qaoa_R0002_R0003_0005,data/miplib_benders/qaoa_problems/nvars_06/neos8_ds_qaoa_R0002_R0003_0005.json,6,18,2,ddsim,30,256,ok,26.5908493649913,466.625,-0.0,"{""C0009"": 0, ""C0013"": 0, ""C0014"": 0, ""C0017"": 0, ""row_slack_R0002"": 1, ""row_slack_R0003"": 1}",0.0,"{""C0009"": 0, ""C0013"": 0, ""C0014"": 0, ""C0017"": 0, ""row_slack_R0002"": 1, ""row_slack_R0003"": 1}",1.0,"[[0, 0, 0, 0, 0, 0, 0, 0, 0, 0, 0, 0, 1, 0, 0, 1, 0, 0]]",[1.0],20,412,38,200,396,
neos8_ds_qaoa_R0003_0001,data/miplib_benders/qaoa_problems/nvars_06/neos8_ds_qaoa_R0003_0001.json,6,18,1,ddsim,30,256,ok,44.732265360071324,403.42578125,-0.0,"{""C0001"": 0, ""C0002"": 0, ""C0009"": 0, ""C0013"": 0, ""C0014"": 0, ""row_slack_R0003"": 1}",0.0,"{""C0001"": 0, ""C0002"": 0, ""C0009"": 0, ""C0013"": 0, ""C0014"": 0, ""row_slack_R0003"": 1}",1.0,"[[0, 0, 0, 0, 0, 0, 0, 0, 0, 0, 0, 0, 0, 0, 0, 1, 0, 0]]",[1.0],30,229,38,102,202,
neos8_ds_qaoa_R0003_0002,data/miplib_benders/qaoa_problems/nvars_06/neos8_ds_qaoa_R0003_0002.json,6,18,1,ddsim,30,256,ok,31.065530105959624,397.40625,-0.0,"{""C0002"": 0, ""C0009"": 0, ""C0013"": 0, ""C0014"": 0, ""C0022"": 0, ""row_slack_R0003"": 1}",0.0,"{""C0002"": 0, ""C0009"": 0, ""C0013"": 0, ""C0014"": 0, ""C0022"": 0, ""row_slack_R0003"": 1}",1.0,"[[0, 0, 0, 0, 0, 0, 0, 0, 0, 0, 0, 0, 0, 0, 0, 1, 0, 0]]",[1.0],22,229,38,102,202,
neos8_ds_qaoa_R0003_R0004_0004,data/miplib_benders/qaoa_problems/nvars_06/neos8_ds_qaoa_R0003_R0004_0004.json,6,18,2,ddsim,30,256,ok,76.41255097894464,467.57421875,-0.0,"{""C0006"": 0, ""C0009"": 0, ""C0013"": 0, ""C0014"": 0, ""row_slack_R0003"": 1, ""row_slack_R0004"": 1}",0.0,"{""C0006"": 0, ""C0009"": 0, ""C0013"": 0, ""C0014"": 0, ""row_slack_R0003"": 1, ""row_slack_R0004"": 1}",1.0,"[[0, 0, 0, 0, 0, 0, 0, 0, 0, 0, 0, 0, 1, 0, 0, 1, 0, 0]]",[1.0],24,302,38,143,295,
neos8_ds_qaoa_R0003_R0004_0005,data/miplib_benders/qaoa_problems/nvars_06/neos8_ds_qaoa_R0003_R0004_0005.json,6,18,2,ddsim,30,256,ok,85.03434726397973,405.01171875,-0.0,"{""C0009"": 0, ""C0013"": 0, ""C0014"": 0, ""C0022"": 0, ""row_slack_R0003"": 1, ""row_slack_R0004"": 1}",0.0,"{""C0009"": 0, ""C0013"": 0, ""C0014"": 0, ""C0022"": 0, ""row_slack_R0003"": 1, ""row_slack_R0004"": 1}",0.9921875,"[[0, 0, 0, 0, 0, 0, 0, 0, 0, 0, 0, 0, 1, 0, 0, 1, 0, 0], [1, 0, 0, 0, 0, 0, 0, 0, 0, 1, 0, 0, 1, 0, 0, 1, 0, 1], [1, 0, 0, 0, 0, 0, 0, 1, 0, 0, 0, 0, 1, 0, 0, 1, 0, 0]]","[0.9921875, 0.00390625, 0.00390625]",29,262,38,125,295,
neos8_ds_qaoa_R0003_R0004_0006,data/miplib_benders/qaoa_problems/nvars_06/neos8_ds_qaoa_R0003_R0004_0006.json,6,18,2,ddsim,30,256,ok,24.386788425967097,403.66015625,-0.0,"{""C0013"": 0, ""C0014"": 0, ""C0022"": 0, ""C0023"": 0, ""row_slack_R0003"": 1, ""row_slack_R0004"": 1}",0.0,"{""C0013"": 0, ""C0014"": 0, ""C0022"": 0, ""C0023"": 0, ""row_slack_R0003"": 1, ""row_slack_R0004"": 1}",1.0,"[[0, 0, 0, 0, 0, 0, 0, 0, 0, 0, 0, 0, 1, 0, 0, 1, 0, 0]]",[1.0],20,415,38,202,396,
neos8_ds_qaoa_R0004_0001,data/miplib_benders/qaoa_problems/nvars_06/neos8_ds_qaoa_R0004_0001.json,6,18,1,ddsim,30,256,ok,41.380499947001226,395.3984375,-0.0,"{""C0005"": 0, ""C0006"": 0, ""C0009"": 0, ""C0013"": 0, ""C0014"": 0, ""row_slack_R0004"": 1}",0.0,"{""C0005"": 0, ""C0006"": 0, ""C0009"": 0, ""C0013"": 0, ""C0014"": 0, ""row_slack_R0004"": 1}",1.0,"[[0, 0, 0, 0, 0, 0, 0, 0, 0, 0, 0, 0, 0, 0, 0, 1, 0, 0]]",[1.0],27,229,38,102,202,
neos8_ds_qaoa_R0004_0002,data/miplib_benders/qaoa_problems/nvars_06/neos8_ds_qaoa_R0004_0002.json,6,18,1,ddsim,30,256,ok,62.2307065250352,403.53515625,-0.0,"{""C0006"": 0, ""C0009"": 0, ""C0013"": 0, ""C0014"": 0, ""C0023"": 0, ""row_slack_R0004"": 1}",0.0,"{""C0006"": 0, ""C0009"": 0, ""C0013"": 0, ""C0014"": 0, ""C0023"": 0, ""row_slack_R0004"": 1}",1.0,"[[0, 0, 0, 0, 0, 0, 0, 0, 0, 0, 0, 0, 0, 0, 0, 1, 0, 0]]",[1.0],22,229,38,102,202,
neos8_ds_qaoa_R0004_R0065_0003,data/miplib_benders/qaoa_problems/nvars_06/neos8_ds_qaoa_R0004_R0065_0003.json,6,18,2,ddsim,30,256,ok,268.5019381950842,388.078125,-0.0,"{""C0005"": 0, ""C0006"": 0, ""C0009"": 0, ""C0013"": 0, ""row_slack_R0004"": 1, ""row_slack_R0065"": 0}",0.0,"{""C0005"": 0, ""C0006"": 0, ""C0009"": 0, ""C0013"": 0, ""row_slack_R0004"": 1, ""row_slack_R0065"": 0}",0.98828125,"[[0, 0, 0, 0, 0, 0, 0, 0, 0, 0, 0, 0, 1, 0, 0, 0, 0, 0], [1, 0, 0, 0, 0, 0, 0, 0, 1, 0, 0, 0, 1, 0, 0, 0, 0, 0], [1, 0, 0, 0, 0, 0, 0, 1, 0, 0, 0, 0, 1, 0, 0, 0, 0, 0], [1, 0, 0, 0, 0, 1, 0, 0, 0, 0, 0, 0, 1, 0, 0, 0, 0, 0]]","[0.98828125, 0.00390625, 0.00390625, 0.00390625]",31,162,38,75,218,
supportcase6_ds_qaoa_c539_c722_0009,data/miplib_benders/qaoa_problems/nvars_06/supportcase6_ds_qaoa_c539_c722_0009.json,6,18,2,ddsim,30,256,ok,251.87830326601397,474.984375,151847000.0,"{""B101037(7)"": 0, ""B101043(7)"": 0, ""B101058(7)"": 1, ""B101479(7)"": 0, ""B101485(7)"": 0, ""B101487(7)"": 0}",,,,"[[1, 0, 1, 1, 1, 0, 1, 0, 0, 1, 1, 0, 1, 1, 0, 1, 1, 0], [1, 1, 0, 0, 0, 0, 1, 0, 0, 1, 1, 0, 1, 1, 0, 1, 1, 0], [1, 1, 0, 1, 0, 1, 1, 0, 0, 1, 1, 0, 1, 1, 0, 1, 1, 0], [1, 1, 0, 1, 1, 0, 1, 0, 0, 1, 0, 0, 0, 1, 0, 1, 1, 0], [1, 1, 0, 1, 1, 0, 1, 0, 0, 1, 0, 1, 1, 0, 1, 1, 1, 0], [1, 1, 0, 1, 1, 0, 1, 0, 0, 1, 0, 1, 1, 1, 0, 1, 1, 0], [1, 1, 0, 1, 1, 0, 1, 0, 0, 1, 1, 0, 0, 0, 0, 1, 1, 0], [1, 1, 0, 1, 1, 0, 1, 0, 0, 1, 1, 0, 1, 0, 1, 1, 1, 0], [1, 1, 0, 1, 1, 0, 1, 0, 0, 1, 1, 0, 1, 1, 0, 0, 0, 0], [1, 1, 0, 1, 1, 0, 1, 0, 0, 1, 1, 0, 1, 1, 0, 1, 1, 0]]","[0.01171875, 0.015625, 0.0234375, 0.00390625, 0.00390625, 0.0078125, 0.015625, 0.01171875, 0.01953125, 0.88671875]",29,109,38,48,193,
supportcase6_ds_qaoa_c539_c722_c726_0009,data/miplib_benders/qaoa_problems/nvars_06/supportcase6_ds_qaoa_c539_c722_c726_0009.json,6,18,3,ddsim,30,256,ok,259.6868641868932,402.6953125,151847000.0,"{""B101037(7)"": 0, ""B101043(7)"": 0, ""B101058(7)"": 1, ""B101479(7)"": 0, ""B101485(7)"": 0, ""B101487(7)"": 0}",,,,"[[1, 0, 1, 1, 1, 0, 1, 0, 0, 1, 1, 0, 0, 0, 0, 1, 1, 0], [1, 0, 1, 1, 1, 0, 1, 0, 0, 1, 1, 0, 1, 0, 1, 1, 1, 0], [1, 0, 1, 1, 1, 0, 1, 0, 0, 1, 1, 0, 1, 1, 0, 1, 1, 0], [1, 1, 0, 1, 0, 1, 1, 0, 0, 1, 0, 1, 1, 1, 0, 1, 1, 0], [1, 1, 0, 1, 0, 1, 1, 0, 0, 1, 1, 0, 1, 1, 0, 0, 0, 0], [1, 1, 0, 1, 0, 1, 1, 0, 0, 1, 1, 0, 1, 1, 0, 1, 0, 1], [1, 1, 0, 1, 0, 1, 1, 0, 0, 1, 1, 0, 1, 1, 0, 1, 1, 0], [1, 1, 0, 1, 1, 0, 1, 0, 0, 0, 1, 0, 1, 1, 0, 1, 0, 0], [1, 1, 0, 1, 1, 0, 1, 0, 0, 1, 0, 1, 0, 0, 0, 1, 0, 1], [1, 1, 0, 1, 1, 0, 1, 0, 0, 1, 0, 1, 1, 0, 1, 0, 0, 0], [1, 1, 0, 1, 1, 0, 1, 0, 0, 1, 0, 1, 1, 1, 0, 1, 0, 1], [1, 1, 0, 1, 1, 0, 1, 0, 0, 1, 0, 1, 1, 1, 0, 1, 1, 0], [1, 1, 0, 1, 1, 0, 1, 0, 0, 1, 1, 0, 0, 0, 0, 0, 0, 0], [1, 1, 0, 1, 1, 0, 1, 0, 0, 1, 1, 0, 0, 0, 0, 1, 1, 0], [1, 1, 0, 1, 1, 0, 1, 0, 0, 1, 1, 0, 1, 0, 1, 1, 0, 1], [1, 1, 0, 1, 1, 0, 1, 0, 0, 1, 1, 0, 1, 0, 1, 1, 1, 0], [1, 1, 0, 1, 1, 0, 1, 0, 0, 1, 1, 0, 1, 1, 0, 0, 0, 0], [1, 1, 0, 1, 1, 0, 1, 0, 0, 1, 1, 0, 1, 1, 0, 1, 0, 1], [1, 1, 0, 1, 1, 0, 1, 0, 0, 1, 1, 0, 1, 1, 0, 1, 1, 0]]","[0.00390625, 0.00390625, 0.05078125, 0.00390625, 0.00390625, 0.00390625, 0.0546875, 0.00390625, 0.00390625, 0.00390625, 0.00390625, 0.05078125, 0.0078125, 0.05078125, 0.00390625, 0.03125, 0.03515625, 0.0390625, 0.640625]",26,109,38,48,184,
supportcase6_ds_qaoa_c722_c726_0001,data/miplib_benders/qaoa_problems/nvars_06/supportcase6_ds_qaoa_c722_c726_0001.json,6,18,2,ddsim,30,256,ok,91.0946386710275,403.4765625,151847000.0,"{""B100166(7)"": 1, ""B100594(7)"": 0, ""B100600(7)"": 0, ""B100602(7)"": 0, ""B100608(7)"": 0, ""B100623(7)"": 0}",,,,"[[1, 0, 0, 0, 1, 0, 1, 1, 0, 1, 1, 0, 1, 1, 0, 1, 0, 0], [1, 0, 1, 0, 0, 0, 1, 1, 0, 0, 0, 0, 1, 1, 0, 1, 0, 0], [1, 0, 1, 0, 0, 0, 1, 1, 0, 1, 1, 0, 1, 1, 0, 1, 0, 0], [1, 0, 1, 1, 1, 0, 1, 1, 0, 0, 0, 0, 1, 1, 0, 1, 0, 0], [1, 0, 1, 1, 1, 0, 1, 1, 0, 1, 1, 0, 1, 1, 0, 1, 0, 0], [1, 1, 0, 0, 0, 0, 0, 0, 0, 1, 1, 0, 1, 1, 0, 1, 0, 0], [1, 1, 0, 0, 0, 0, 1, 1, 0, 1, 1, 0, 1, 1, 0, 1, 0, 0], [1, 1, 0, 1, 0, 1, 0, 0, 0, 1, 1, 0, 1, 1, 0, 1, 0, 0], [1, 1, 0, 1, 0, 1, 1, 1, 0, 0, 0, 0, 1, 1, 0, 1, 0, 0], [1, 1, 0, 1, 0, 1, 1, 1, 0, 1, 0, 1, 1, 1, 0, 1, 0, 0], [1, 1, 0, 1, 0, 1, 1, 1, 0, 1, 1, 0, 1, 1, 0, 1, 0, 0], [1, 1, 0, 1, 1, 0, 0, 0, 0, 1, 1, 0, 1, 0, 1, 1, 0, 0], [1, 1, 0, 1, 1, 0, 0, 0, 0, 1, 1, 0, 1, 1, 0, 1, 0, 0], [1, 1, 0, 1, 1, 0, 1, 0, 0, 0, 1, 0, 1, 1, 0, 1, 0, 0], [1, 1, 0, 1, 1, 0, 1, 0, 1, 1, 1, 0, 1, 1, 0, 1, 0, 0], [1, 1, 0, 1, 1, 0, 1, 1, 0, 0, 0, 0, 1, 1, 0, 1, 0, 0], [1, 1, 0, 1, 1, 0, 1, 1, 0, 1, 0, 1, 1, 0, 1, 1, 0, 0], [1, 1, 0, 1, 1, 0, 1, 1, 0, 1, 0, 1, 1, 1, 0, 1, 0, 0], [1, 1, 0, 1, 1, 0, 1, 1, 0, 1, 1, 0, 1, 0, 1, 1, 0, 0], [1, 1, 0, 1, 1, 0, 1, 1, 0, 1, 1, 0, 1, 1, 0, 1, 0, 0]]","[0.0078125, 0.00390625, 0.00390625, 0.00390625, 0.01953125, 0.00390625, 0.03125, 0.00390625, 0.00390625, 0.00390625, 0.04296875, 0.00390625, 0.03125, 0.0078125, 0.04296875, 0.04296875, 0.00390625, 0.01171875, 0.01953125, 0.70703125]",30,189,38,84,193,
supportcase6_ds_qaoa_c722_c726_0002,data/miplib_benders/qaoa_problems/nvars_06/supportcase6_ds_qaoa_c722_c726_0002.json,6,18,2,ddsim,30,256,ok,64.32391512603499,403.43359375,151847000.0,"{""B100594(7)"": 0, ""B100600(7)"": 0, ""B100602(7)"": 0, ""B100608(7)"": 0, ""B100623(7)"": 1, ""B101029(7)"": 0}",,,,"[[1, 0, 1, 1, 1, 0, 1, 1, 0, 1, 1, 0, 1, 1, 0, 1, 0, 0], [1, 1, 0, 0, 0, 0, 1, 1, 0, 1, 1, 0, 0, 0, 0, 1, 0, 0], [1, 1, 0, 0, 0, 0, 1, 1, 0, 1, 1, 0, 1, 1, 0, 1, 0, 0], [1, 1, 0, 1, 0, 1, 1, 1, 0, 1, 1, 0, 1, 1, 0, 1, 0, 0], [1, 1, 0, 1, 1, 0, 0, 0, 0, 1, 1, 0, 1, 1, 0, 1, 0, 0], [1, 1, 0, 1, 1, 0, 1, 0, 1, 1, 1, 0, 1, 1, 0, 1, 0, 0], [1, 1, 0, 1, 1, 0, 1, 1, 0, 1, 0, 1, 1, 1, 0, 1, 0, 0], [1, 1, 0, 1, 1, 0, 1, 1, 0, 1, 1, 0, 1, 0, 1, 1, 0, 0], [1, 1, 0, 1, 1, 0, 1, 1, 0, 1, 1, 0, 1, 1, 0, 1, 0, 0]]","[0.01171875, 0.00390625, 0.01171875, 0.00390625, 0.015625, 0.01953125, 0.01171875, 0.00390625, 0.91796875]",30,189,38,84,193,
supportcase6_ds_qaoa_c722_c726_0003,data/miplib_benders/qaoa_problems/nvars_06/supportcase6_ds_qaoa_c722_c726_0003.json,6,18,2,ddsim,30,256,ok,92.8588430719683,400.55859375,151847000.0,"{""B100600(7)"": 0, ""B100602(7)"": 0, ""B100608(7)"": 0, ""B100623(7)"": 1, ""B101029(7)"": 0, ""B101035(7)"": 0}",,,,"[[1, 0, 1, 1, 1, 0, 1, 1, 0, 1, 1, 0, 1, 1, 0, 1, 0, 0], [1, 1, 0, 1, 0, 1, 1, 1, 0, 1, 1, 0, 1, 1, 0, 1, 0, 0], [1, 1, 0, 1, 1, 0, 1, 0, 1, 1, 1, 0, 1, 1, 0, 1, 0, 0], [1, 1, 0, 1, 1, 0, 1, 1, 0, 0, 0, 0, 1, 1, 0, 1, 0, 0], [1, 1, 0, 1, 1, 0, 1, 1, 0, 1, 0, 1, 1, 1, 0, 1, 0, 0], [1, 1, 0, 1, 1, 0, 1, 1, 0, 1, 1, 0, 0, 0, 0, 1, 0, 0], [1, 1, 0, 1, 1, 0, 1, 1, 0, 1, 1, 0, 1, 0, 1, 1, 0, 0], [1, 1, 0, 1, 1, 0, 1, 1, 0, 1, 1, 0, 1, 1, 0, 1, 0, 0]]","[0.0078125, 0.00390625, 0.00390625, 0.015625, 0.00390625, 0.01171875, 0.0078125, 0.9453125]",31,189,38,84,193,
supportcase6_ds_qaoa_c722_c726_0004,data/miplib_benders/qaoa_problems/nvars_06/supportcase6_ds_qaoa_c722_c726_0004.json,6,18,2,ddsim,30,256,ok,67.42645100702066,401.54296875,151847000.0,"{""B100602(7)"": 0, ""B100608(7)"": 0, ""B100623(7)"": 1, ""B101029(7)"": 0, ""B101035(7)"": 0, ""B101037(7)"": 0}",,,,"[[1, 0, 1, 1, 1, 0, 1, 1, 0, 1, 1, 0, 0, 0, 0, 1, 0, 0], [1, 0, 1, 1, 1, 0, 1, 1, 0, 1, 1, 0, 1, 1, 0, 1, 0, 0], [1, 1, 0, 1, 0, 1, 1, 1, 0, 1, 1, 0, 1, 1, 0, 1, 0, 0], [1, 1, 0, 1, 1, 0, 0, 0, 0, 1, 1, 0, 1, 1, 0, 1, 0, 0], [1, 1, 0, 1, 1, 0, 1, 0, 1, 0, 0, 0, 1, 0, 1, 1, 0, 0], [1, 1, 0, 1, 1, 0, 1, 0, 1, 1, 1, 0, 1, 1, 0, 1, 0, 0], [1, 1, 0, 1, 1, 0, 1, 1, 0, 0, 0, 0, 1, 1, 0, 1, 0, 0], [1, 1, 0, 1, 1, 0, 1, 1, 0, 1, 0, 1, 1, 1, 0, 1, 0, 0], [1, 1, 0, 1, 1, 0, 1, 1, 0, 1, 1, 0, 0, 0, 0, 1, 0, 0], [1, 1, 0, 1, 1, 0, 1, 1, 0, 1, 1, 0, 1, 0, 1, 1, 0, 0], [1, 1, 0, 1, 1, 0, 1, 1, 0, 1, 1, 0, 1, 1, 0, 1, 0, 0]]","[0.00390625, 0.0078125, 0.01953125, 0.01171875, 0.00390625, 0.00390625, 0.01171875, 0.015625, 0.01171875, 0.0078125, 0.90234375]",26,189,38,84,193,
supportcase6_ds_qaoa_c722_c726_0005,data/miplib_benders/qaoa_problems/nvars_06/supportcase6_ds_qaoa_c722_c726_0005.json,6,18,2,ddsim,30,256,ok,58.41711211705115,403.4375,151847000.0,"{""B100608(7)"": 0, ""B100623(7)"": 1, ""B101029(7)"": 0, ""B101035(7)"": 0, ""B101037(7)"": 0, ""B101043(7)"": 0}",,,,"[[1, 0, 1, 1, 1, 0, 1, 1, 0, 1, 1, 0, 1, 0, 0, 1, 1, 0], [1, 1, 0, 1, 0, 1, 1, 1, 0, 1, 1, 0, 1, 0, 0, 1, 1, 0], [1, 1, 0, 1, 1, 0, 0, 0, 0, 1, 1, 0, 1, 0, 0, 1, 1, 0], [1, 1, 0, 1, 1, 0, 1, 0, 1, 1, 0, 1, 1, 0, 0, 1, 1, 0], [1, 1, 0, 1, 1, 0, 1, 0, 1, 1, 1, 0, 1, 0, 0, 1, 1, 0], [1, 1, 0, 1, 1, 0, 1, 1, 0, 0, 0, 0, 1, 0, 0, 1, 1, 0], [1, 1, 0, 1, 1, 0, 1, 1, 0, 1, 0, 1, 1, 0, 0, 1, 1, 0], [1, 1, 0, 1, 1, 0, 1, 1, 0, 1, 1, 0, 1, 0, 0, 0, 0, 0], [1, 1, 0, 1, 1, 0, 1, 1, 0, 1, 1, 0, 1, 0, 0, 1, 0, 1], [1, 1, 0, 1, 1, 0, 1, 1, 0, 1, 1, 0, 1, 0, 0, 1, 1, 0]]","[0.00390625, 0.0078125, 0.03125, 0.00390625, 0.01171875, 0.01171875, 0.015625, 0.00390625, 0.0078125, 0.90234375]",29,149,38,66,193,
supportcase6_ds_qaoa_c722_c726_c733_0003,data/miplib_benders/qaoa_problems/nvars_06/supportcase6_ds_qaoa_c722_c726_c733_0003.json,6,18,3,ddsim,30,256,ok,183.17866478394717,403.36328125,134333000.0,"{""B100600(7)"": 1, ""B100602(7)"": 0, ""B100608(7)"": 0, ""B100623(7)"": 0, ""B101029(7)"": 0, ""B101035(7)"": 0}",,,,"[[1, 0, 0, 1, 1, 0, 1, 1, 0, 1, 1, 0, 0, 0, 0, 0, 0, 0], [1, 0, 0, 1, 1, 0, 1, 1, 0, 1, 1, 0, 1, 1, 0, 0, 0, 0], [1, 0, 1, 1, 0, 1, 1, 1, 0, 1, 1, 0, 1, 0, 1, 1, 0, 0], [1, 0, 1, 1, 0, 1, 1, 1, 0, 1, 1, 0, 1, 1, 0, 1, 0, 0], [1, 0, 1, 1, 1, 0, 0, 0, 0, 1, 1, 0, 1, 0, 1, 1, 0, 0], [1, 0, 1, 1, 1, 0, 1, 1, 0, 0, 0, 0, 1, 1, 0, 1, 0, 0], [1, 0, 1, 1, 1, 0, 1, 1, 0, 1, 0, 1, 1, 0, 1, 1, 0, 0], [1, 0, 1, 1, 1, 0, 1, 1, 0, 1, 1, 0, 0, 0, 0, 1, 0, 0], [1, 0, 1, 1, 1, 0, 1, 1, 0, 1, 1, 0, 1, 0, 1, 1, 0, 0], [1, 0, 1, 1, 1, 0, 1, 1, 0, 1, 1, 0, 1, 1, 0, 1, 0, 0], [1, 1, 0, 0, 0, 1, 1, 1, 0, 0, 0, 0, 1, 0, 0, 1, 0, 0], [1, 1, 0, 1, 0, 0, 1, 1, 0, 0, 1, 0, 1, 0, 1, 1, 0, 0], [1, 1, 0, 1, 0, 0, 1, 1, 0, 0, 1, 0, 1, 1, 0, 1, 0, 0], [1, 1, 0, 1, 0, 1, 1, 1, 0, 0, 0, 0, 0, 0, 0, 1, 0, 0], [1, 1, 0, 1, 0, 1, 1, 1, 0, 1, 0, 1, 1, 1, 0, 1, 0, 0], [1, 1, 0, 1, 0, 1, 1, 1, 0, 1, 1, 0, 0, 0, 0, 1, 0, 0], [1, 1, 0, 1, 0, 1, 1, 1, 0, 1, 1, 0, 1, 0, 1, 1, 0, 0], [1, 1, 0, 1, 0, 1, 1, 1, 0, 1, 1, 0, 1, 1, 0, 1, 0, 0], [1, 1, 0, 1, 1, 0, 0, 0, 0, 1, 1, 0, 1, 1, 0, 1, 0, 0], [1, 1, 0, 1, 1, 0, 1, 0, 1, 0, 0, 0, 1, 0, 1, 1, 0, 0], [1, 1, 0, 1, 1, 0, 1, 0, 1, 0, 0, 0, 1, 1, 0, 1, 0, 0], [1, 1, 0, 1, 1, 0, 1, 0, 1, 1, 0, 1, 1, 1, 0, 1, 0, 0], [1, 1, 0, 1, 1, 0, 1, 0, 1, 1, 1, 0, 0, 0, 0, 1, 0, 0], [1, 1, 0, 1, 1, 0, 1, 0, 1, 1, 1, 0, 1, 0, 1, 1, 0, 0], [1, 1, 0, 1, 1, 0, 1, 0, 1, 1, 1, 0, 1, 1, 0, 1, 0, 0], [1, 1, 0, 1, 1, 0, 1, 1, 0, 0, 0, 0, 0, 0, 0, 1, 0, 0], [1, 1, 0, 1, 1, 0, 1, 1, 0, 0, 0, 0, 1, 0, 1, 1, 0, 0], [1, 1, 0, 1, 1, 0, 1, 1, 0, 0, 0, 0, 1, 1, 0, 1, 0, 0], [1, 1, 0, 1, 1, 0, 1, 1, 0, 1, 0, 0, 0, 1, 0, 1, 0, 0], [1, 1, 0, 1, 1, 0, 1, 1, 0, 1, 0, 1, 1, 1, 0, 1, 0, 0], [1, 1, 0, 1, 1, 0, 1, 1, 0, 1, 1, 0, 0, 0, 0, 1, 0, 0], [1, 1, 0, 1, 1, 0, 1, 1, 0, 1, 1, 0, 1, 0, 1, 1, 0, 0], [1, 1, 0, 1, 1, 0, 1, 1, 0, 1, 1, 0, 1, 1, 0, 1, 0, 0]]","[0.00390625, 0.00390625, 0.00390625, 0.0078125, 0.00390625, 0.01171875, 0.00390625, 0.0078125, 0.0078125, 0.0390625, 0.00390625, 0.00390625, 0.0078125, 0.00390625, 0.00390625, 0.0078125, 0.00390625, 0.0546875, 0.0078125, 0.00390625, 0.0078125, 0.00390625, 0.00390625, 0.00390625, 0.0546875, 0.00390625, 0.0078125, 0.0390625, 0.015625, 0.05078125, 0.05078125, 0.08984375, 0.47265625]",31,109,38,48,184,
supportcase6_ds_qaoa_c726_c733_0003,data/miplib_benders/qaoa_problems/nvars_06/supportcase6_ds_qaoa_c726_c733_0003.json,6,18,2,ddsim,30,256,ok,66.5588873809902,393.21484375,296734000.0,"{""B100600(7)"": 0, ""B100602(7)"": 0, ""B100608(7)"": 1, ""B100623(7)"": 1, ""B101029(7)"": 0, ""B101035(7)"": 0}",,,,"[[1, 0, 1, 1, 1, 0, 0, 0, 0, 1, 1, 0, 1, 1, 0, 1, 0, 0], [1, 1, 0, 1, 0, 1, 0, 0, 0, 1, 1, 0, 1, 1, 0, 1, 0, 0], [1, 1, 0, 1, 1, 0, 0, 0, 0, 0, 0, 0, 1, 0, 1, 1, 0, 0], [1, 1, 0, 1, 1, 0, 0, 0, 0, 0, 0, 0, 1, 1, 0, 1, 0, 0], [1, 1, 0, 1, 1, 0, 0, 0, 0, 1, 0, 1, 1, 0, 1, 1, 0, 0], [1, 1, 0, 1, 1, 0, 0, 0, 0, 1, 0, 1, 1, 1, 0, 1, 0, 0], [1, 1, 0, 1, 1, 0, 0, 0, 0, 1, 1, 0, 0, 0, 0, 1, 0, 0], [1, 1, 0, 1, 1, 0, 0, 0, 0, 1, 1, 0, 1, 0, 1, 1, 0, 0], [1, 1, 0, 1, 1, 0, 0, 0, 0, 1, 1, 0, 1, 1, 0, 1, 0, 0]]","[0.01171875, 0.0078125, 0.00390625, 0.0078125, 0.00390625, 0.01171875, 0.0234375, 0.0078125, 0.921875]",25,262,38,125,294,
supportcase6_ds_qaoa_c726_c733_0005,data/miplib_benders/qaoa_problems/nvars_06/supportcase6_ds_qaoa_c726_c733_0005.json,6,18,2,ddsim,30,256,ok,108.23259226302616,401.48828125,296734000.0,"{""B100608(7)"": 0, ""B100623(7)"": 1, ""B101029(7)"": 0, ""B101035(7)"": 0, ""B101037(7)"": 0, ""B101043(7)"": 1}",,,,"[[1, 0, 1, 1, 0, 1, 1, 1, 0, 1, 1, 0, 1, 0, 0, 1, 0, 0], [1, 0, 1, 1, 1, 0, 0, 0, 0, 1, 1, 0, 1, 0, 0, 1, 0, 0], [1, 0, 1, 1, 1, 0, 1, 1, 0, 1, 0, 1, 1, 0, 0, 1, 0, 0], [1, 0, 1, 1, 1, 0, 1, 1, 0, 1, 1, 0, 1, 0, 0, 1, 0, 0], [1, 1, 0, 1, 0, 0, 0, 1, 0, 0, 0, 0, 1, 0, 0, 1, 0, 0], [1, 1, 0, 1, 0, 1, 0, 0, 0, 1, 1, 0, 1, 0, 0, 1, 0, 0], [1, 1, 0, 1, 0, 1, 1, 0, 1, 1, 1, 0, 1, 0, 0, 1, 0, 0], [1, 1, 0, 1, 0, 1, 1, 1, 0, 1, 0, 1, 1, 0, 0, 1, 0, 0], [1, 1, 0, 1, 0, 1, 1, 1, 0, 1, 1, 0, 1, 0, 0, 1, 0, 0], [1, 1, 0, 1, 1, 0, 0, 0, 0, 1, 0, 0, 0, 0, 0, 0, 0, 0], [1, 1, 0, 1, 1, 0, 0, 0, 0, 1, 0, 1, 1, 0, 0, 1, 0, 0], [1, 1, 0, 1, 1, 0, 0, 0, 0, 1, 1, 0, 1, 0, 0, 1, 0, 0], [1, 1, 0, 1, 1, 0, 1, 0, 0, 0, 0, 0, 0, 0, 0, 1, 0, 0], [1, 1, 0, 1, 1, 0, 1, 0, 1, 1, 0, 1, 1, 0, 0, 1, 0, 0], [1, 1, 0, 1, 1, 0, 1, 0, 1, 1, 1, 0, 1, 0, 0, 1, 0, 0], [1, 1, 0, 1, 1, 0, 1, 1, 0, 0, 0, 0, 1, 0, 0, 1, 0, 0], [1, 1, 0, 1, 1, 0, 1, 1, 0, 1, 0, 0, 0, 0, 0, 0, 0, 0], [1, 1, 0, 1, 1, 0, 1, 1, 0, 1, 0, 1, 1, 0, 0, 1, 0, 0], [1, 1, 0, 1, 1, 0, 1, 1, 0, 1, 1, 0, 1, 0, 0, 1, 0, 0]]","[0.0078125, 0.0078125, 0.00390625, 0.046875, 0.00390625, 0.0078125, 0.00390625, 0.00390625, 0.03515625, 0.00390625, 0.0078125, 0.01953125, 0.00390625, 0.00390625, 0.03125, 0.0234375, 0.00390625, 0.046875, 0.734375]",29,262,38,125,293,
supportcase6_ds_qaoa_c726_c733_c745_0003,data/miplib_benders/qaoa_problems/nvars_06/supportcase6_ds_qaoa_c726_c733_c745_0003.json,6,18,3,ddsim,30,256,ok,135.60303192795254,404.7109375,296734000.0,"{""B100600(7)"": 0, ""B100602(7)"": 0, ""B100608(7)"": 1, ""B100623(7)"": 1, ""B101029(7)"": 0, ""B101035(7)"": 0}",,,,"[[1, 0, 0, 1, 1, 0, 1, 1, 0, 0, 0, 0, 1, 1, 0, 0, 0, 0], [1, 0, 0, 1, 1, 0, 1, 1, 0, 0, 0, 0, 1, 1, 0, 1, 1, 0], [1, 0, 1, 1, 1, 0, 1, 1, 0, 0, 0, 0, 0, 0, 0, 1, 0, 0], [1, 0, 1, 1, 1, 0, 1, 1, 0, 0, 0, 0, 1, 1, 0, 1, 0, 0], [1, 1, 0, 0, 1, 0, 1, 1, 0, 0, 0, 0, 1, 0, 0, 1, 0, 0], [1, 1, 0, 1, 0, 0, 1, 1, 0, 0, 0, 0, 0, 1, 0, 1, 0, 0], [1, 1, 0, 1, 0, 1, 1, 1, 0, 0, 0, 0, 0, 0, 0, 1, 0, 0], [1, 1, 0, 1, 0, 1, 1, 1, 0, 0, 0, 0, 1, 0, 1, 1, 0, 0], [1, 1, 0, 1, 0, 1, 1, 1, 0, 0, 0, 0, 1, 1, 0, 1, 0, 0], [1, 1, 0, 1, 1, 0, 1, 0, 0, 1, 0, 0, 1, 0, 1, 0, 0, 0], [1, 1, 0, 1, 1, 0, 1, 0, 1, 0, 0, 0, 1, 0, 1, 1, 0, 0], [1, 1, 0, 1, 1, 0, 1, 0, 1, 0, 0, 0, 1, 1, 0, 1, 0, 0], [1, 1, 0, 1, 1, 0, 1, 1, 0, 0, 0, 0, 0, 0, 0, 1, 0, 0], [1, 1, 0, 1, 1, 0, 1, 1, 0, 0, 0, 0, 1, 0, 1, 1, 0, 0], [1, 1, 0, 1, 1, 0, 1, 1, 0, 0, 0, 0, 1, 1, 0, 1, 0, 0]]","[0.00390625, 0.00390625, 0.0078125, 0.03515625, 0.00390625, 0.015625, 0.00390625, 0.00390625, 0.03515625, 0.00390625, 0.00390625, 0.05859375, 0.0625, 0.04296875, 0.71484375]",31,222,38,107,285,
supportcase6_ds_qaoa_c726_c733_c745_0005,data/miplib_benders/qaoa_problems/nvars_06/supportcase6_ds_qaoa_c726_c733_c745_0005.json,6,18,3,ddsim,30,256,ok,397.15205113589764,455.4296875,296734000.0,"{""B100608(7)"": 1, ""B100623(7)"": 1, ""B101029(7)"": 0, ""B101035(7)"": 0, ""B101037(7)"": 0, ""B101043(7)"": 0}",,,,"[[0, 1, 0, 1, 1, 0, 1, 1, 0, 1, 0, 0, 1, 1, 0, 1, 0, 0], [1, 0, 0, 1, 0, 0, 1, 0, 1, 0, 0, 0, 1, 1, 0, 1, 1, 0], [1, 0, 1, 1, 0, 1, 1, 1, 0, 1, 0, 0, 1, 0, 1, 1, 1, 0], [1, 0, 1, 1, 0, 1, 1, 1, 0, 1, 0, 0, 1, 1, 0, 1, 0, 1], [1, 0, 1, 1, 1, 0, 1, 0, 1, 1, 0, 0, 1, 1, 0, 1, 1, 0], [1, 0, 1, 1, 1, 0, 1, 1, 0, 1, 0, 0, 1, 0, 1, 1, 1, 0], [1, 0, 1, 1, 1, 0, 1, 1, 0, 1, 0, 0, 1, 1, 0, 0, 0, 0], [1, 0, 1, 1, 1, 0, 1, 1, 0, 1, 0, 0, 1, 1, 0, 1, 0, 1], [1, 0, 1, 1, 1, 0, 1, 1, 0, 1, 0, 0, 1, 1, 0, 1, 1, 0], [1, 1, 0, 0, 0, 0, 1, 1, 0, 1, 0, 0, 1, 1, 0, 1, 1, 0], [1, 1, 0, 1, 0, 1, 1, 0, 1, 1, 0, 0, 1, 1, 0, 0, 0, 0], [1, 1, 0, 1, 0, 1, 1, 1, 0, 1, 0, 0, 0, 0, 0, 1, 0, 1], [1, 1, 0, 1, 0, 1, 1, 1, 0, 1, 0, 0, 0, 0, 0, 1, 1, 0], [1, 1, 0, 1, 0, 1, 1, 1, 0, 1, 0, 0, 1, 0, 1, 0, 0, 0], [1, 1, 0, 1, 0, 1, 1, 1, 0, 1, 0, 0, 1, 0, 1, 1, 1, 0], [1, 1, 0, 1, 0, 1, 1, 1, 0, 1, 0, 0, 1, 1, 0, 0, 0, 0], [1, 1, 0, 1, 0, 1, 1, 1, 0, 1, 0, 0, 1, 1, 0, 1, 0, 1], [1, 1, 0, 1, 0, 1, 1, 1, 0, 1, 0, 0, 1, 1, 0, 1, 1, 0], [1, 1, 0, 1, 1, 0, 1, 0, 0, 1, 0, 0, 0, 1, 0, 1, 1, 0], [1, 1, 0, 1, 1, 0, 1, 0, 1, 1, 0, 0, 0, 0, 0, 1, 1, 0], [1, 1, 0, 1, 1, 0, 1, 0, 1, 1, 0, 0, 1, 0, 1, 1, 1, 0], [1, 1, 0, 1, 1, 0, 1, 0, 1, 1, 0, 0, 1, 1, 0, 0, 0, 0], [1, 1, 0, 1, 1, 0, 1, 0, 1, 1, 0, 0, 1, 1, 0, 1, 1, 0], [1, 1, 0, 1, 1, 0, 1, 1, 0, 1, 0, 0, 0, 0, 0, 0, 0, 0], [1, 1, 0, 1, 1, 0, 1, 1, 0, 1, 0, 0, 0, 0, 0, 1, 0, 1], [1, 1, 0, 1, 1, 0, 1, 1, 0, 1, 0, 0, 0, 0, 0, 1, 1, 0], [1, 1, 0, 1, 1, 0, 1, 1, 0, 1, 0, 0, 1, 0, 1, 0, 0, 0], [1, 1, 0, 1, 1, 0, 1, 1, 0, 1, 0, 0, 1, 0, 1, 1, 0, 1], [1, 1, 0, 1, 1, 0, 1, 1, 0, 1, 0, 0, 1, 0, 1, 1, 1, 0], [1, 1, 0, 1, 1, 0, 1, 1, 0, 1, 0, 0, 1, 1, 0, 0, 0, 0], [1, 1, 0, 1, 1, 0, 1, 1, 0, 1, 0, 0, 1, 1, 0, 1, 0, 1], [1, 1, 0, 1, 1, 0, 1, 1, 0, 1, 0, 0, 1, 1, 0, 1, 1, 0]]","[0.00390625, 0.00390625, 0.00390625, 0.00390625, 0.00390625, 0.00390625, 0.00390625, 0.0078125, 0.0546875, 0.01171875, 0.00390625, 0.00390625, 0.00390625, 0.00390625, 0.01171875, 0.00390625, 0.00390625, 0.02734375, 0.0078125, 0.0078125, 0.00390625, 0.00390625, 0.0390625, 0.0078125, 0.00390625, 0.05859375, 0.0078125, 0.0078125, 0.04296875, 0.05078125, 0.0390625, 0.5546875]",27,222,38,107,283,
supportcase6_ds_qaoa_c733_c745_0001,data/miplib_benders/qaoa_problems/nvars_06/supportcase6_ds_qaoa_c733_c745_0001.json,6,18,2,ddsim,30,256,ok,169.1720873611048,403.41015625,144887000.0,"{""B100594(7)"": 0, ""B100600(7)"": 0, ""B100602(7)"": 0, ""B100608(7)"": 1, ""B101029(7)"": 0, ""B101035(7)"": 0}",,,,"[[1, 0, 1, 1, 1, 0, 1, 0, 1, 1, 1, 0, 1, 1, 0, 1, 0, 0], [1, 0, 1, 1, 1, 0, 1, 1, 0, 1, 1, 0, 1, 1, 0, 1, 0, 0], [1, 1, 0, 1, 0, 1, 1, 1, 0, 1, 1, 0, 1, 1, 0, 1, 0, 0], [1, 1, 0, 1, 1, 0, 0, 0, 0, 1, 1, 0, 1, 1, 0, 1, 0, 0], [1, 1, 0, 1, 1, 0, 1, 0, 1, 1, 1, 0, 0, 0, 0, 1, 0, 0], [1, 1, 0, 1, 1, 0, 1, 0, 1, 1, 1, 0, 1, 1, 0, 1, 0, 0], [1, 1, 0, 1, 1, 0, 1, 1, 0, 0, 0, 0, 1, 0, 1, 1, 0, 0], [1, 1, 0, 1, 1, 0, 1, 1, 0, 0, 0, 0, 1, 1, 0, 1, 0, 0], [1, 1, 0, 1, 1, 0, 1, 1, 0, 1, 0, 1, 1, 1, 0, 1, 0, 0], [1, 1, 0, 1, 1, 0, 1, 1, 0, 1, 1, 0, 0, 0, 0, 1, 0, 0], [1, 1, 0, 1, 1, 0, 1, 1, 0, 1, 1, 0, 1, 0, 1, 1, 0, 0], [1, 1, 0, 1, 1, 0, 1, 1, 0, 1, 1, 0, 1, 1, 0, 1, 0, 0]]","[0.00390625, 0.01953125, 0.01953125, 0.01171875, 0.00390625, 0.015625, 0.00390625, 0.02734375, 0.015625, 0.015625, 0.0234375, 0.83984375]",28,109,38,48,193,
supportcase6_ds_qaoa_c733_c745_0002,data/miplib_benders/qaoa_problems/nvars_06/supportcase6_ds_qaoa_c733_c745_0002.json,6,18,2,ddsim,30,256,ok,163.02968265803065,400.26953125,144887000.0,"{""B100600(7)"": 0, ""B100602(7)"": 0, ""B100608(7)"": 1, ""B101029(7)"": 0, ""B101035(7)"": 0, ""B101037(7)"": 0}",,,,"[[1, 0, 1, 1, 1, 0, 1, 1, 0, 1, 1, 0, 1, 0, 0, 1, 1, 0], [1, 1, 0, 1, 0, 1, 1, 1, 0, 1, 1, 0, 1, 0, 0, 1, 1, 0], [1, 1, 0, 1, 1, 0, 1, 1, 0, 1, 0, 1, 1, 0, 0, 1, 1, 0], [1, 1, 0, 1, 1, 0, 1, 1, 0, 1, 1, 0, 1, 0, 0, 1, 0, 1], [1, 1, 0, 1, 1, 0, 1, 1, 0, 1, 1, 0, 1, 0, 0, 1, 1, 0]]","[0.00390625, 0.00390625, 0.00390625, 0.0078125, 0.98046875]",30,109,38,48,193,
supportcase6_ds_qaoa_c733_c745_0003,data/miplib_benders/qaoa_problems/nvars_06/supportcase6_ds_qaoa_c733_c745_0003.json,6,18,2,ddsim,30,256,ok,159.2991444079671,403.39453125,144887000.0,"{""B100602(7)"": 0, ""B100608(7)"": 1, ""B101029(7)"": 0, ""B101035(7)"": 0, ""B101037(7)"": 0, ""B101043(7)"": 0}",,,,"[[0, 1, 0, 1, 1, 0, 1, 0, 1, 1, 0, 1, 1, 0, 0, 1, 0, 0], [0, 1, 0, 1, 1, 0, 1, 1, 0, 1, 1, 0, 1, 0, 0, 1, 0, 0], [1, 0, 1, 1, 0, 1, 1, 1, 0, 1, 1, 0, 1, 1, 0, 1, 0, 0], [1, 0, 1, 1, 1, 0, 0, 0, 0, 1, 1, 0, 1, 1, 0, 1, 0, 0], [1, 0, 1, 1, 1, 0, 1, 1, 0, 1, 1, 0, 1, 0, 1, 1, 0, 0], [1, 0, 1, 1, 1, 0, 1, 1, 0, 1, 1, 0, 1, 1, 0, 1, 0, 0], [1, 1, 0, 1, 0, 0, 1, 1, 0, 0, 1, 0, 1, 1, 0, 1, 0, 0], [1, 1, 0, 1, 0, 1, 1, 0, 1, 1, 1, 0, 1, 1, 0, 1, 0, 0], [1, 1, 0, 1, 0, 1, 1, 1, 0, 0, 0, 0, 1, 1, 0, 1, 0, 0], [1, 1, 0, 1, 0, 1, 1, 1, 0, 1, 0, 1, 1, 1, 0, 1, 0, 0], [1, 1, 0, 1, 0, 1, 1, 1, 0, 1, 1, 0, 1, 0, 1, 1, 0, 0], [1, 1, 0, 1, 0, 1, 1, 1, 0, 1, 1, 0, 1, 1, 0, 1, 0, 0], [1, 1, 0, 1, 1, 0, 0, 0, 0, 1, 0, 1, 1, 1, 0, 1, 0, 0], [1, 1, 0, 1, 1, 0, 0, 0, 0, 1, 1, 0, 1, 0, 1, 1, 0, 0], [1, 1, 0, 1, 1, 0, 0, 0, 0, 1, 1, 0, 1, 1, 0, 1, 0, 0], [1, 1, 0, 1, 1, 0, 1, 0, 1, 0, 0, 0, 1, 1, 0, 1, 0, 0], [1, 1, 0, 1, 1, 0, 1, 0, 1, 1, 0, 0, 1, 1, 0, 0, 0, 0], [1, 1, 0, 1, 1, 0, 1, 0, 1, 1, 1, 0, 0, 0, 0, 1, 0, 0], [1, 1, 0, 1, 1, 0, 1, 0, 1, 1, 1, 0, 1, 0, 1, 1, 0, 0], [1, 1, 0, 1, 1, 0, 1, 0, 1, 1, 1, 0, 1, 1, 0, 1, 0, 0], [1, 1, 0, 1, 1, 0, 1, 1, 0, 0, 0, 0, 1, 1, 0, 1, 0, 0], [1, 1, 0, 1, 1, 0, 1, 1, 0, 1, 0, 0, 1, 1, 0, 0, 0, 0], [1, 1, 0, 1, 1, 0, 1, 1, 0, 1, 0, 1, 1, 1, 0, 1, 0, 0], [1, 1, 0, 1, 1, 0, 1, 1, 0, 1, 1, 0, 0, 0, 0, 1, 0, 0], [1, 1, 0, 1, 1, 0, 1, 1, 0, 1, 1, 0, 1, 0, 1, 1, 0, 0], [1, 1, 0, 1, 1, 0, 1, 1, 0, 1, 1, 0, 1, 1, 0, 1, 0, 0]]","[0.00390625, 0.00390625, 0.00390625, 0.0078125, 0.00390625, 0.046875, 0.00390625, 0.00390625, 0.00390625, 0.00390625, 0.00390625, 0.03515625, 0.0078125, 0.00390625, 0.046875, 0.0078125, 0.00390625, 0.00390625, 0.00390625, 0.04296875, 0.03515625, 0.00390625, 0.0625, 0.046875, 0.02734375, 0.578125]",28,109,38,48,193,
supportcase6_ds_qaoa_c733_c745_0004,data/miplib_benders/qaoa_problems/nvars_06/supportcase6_ds_qaoa_c733_c745_0004.json,6,18,2,ddsim,30,256,ok,63.459279382950626,390.7734375,144887000.0,"{""B100608(7)"": 1, ""B101029(7)"": 0, ""B101035(7)"": 0, ""B101037(7)"": 0, ""B101043(7)"": 0, ""B101479(7)"": 0}",,,,"[[1, 0, 1, 1, 1, 0, 1, 0, 1, 1, 1, 0, 1, 0, 0, 1, 1, 0], [1, 0, 1, 1, 1, 0, 1, 1, 0, 1, 0, 1, 1, 0, 0, 1, 1, 0], [1, 0, 1, 1, 1, 0, 1, 1, 0, 1, 1, 0, 1, 0, 0, 1, 0, 1], [1, 0, 1, 1, 1, 0, 1, 1, 0, 1, 1, 0, 1, 0, 0, 1, 1, 0], [1, 1, 0, 0, 1, 0, 1, 1, 0, 1, 1, 0, 1, 0, 0, 1, 0, 0], [1, 1, 0, 1, 0, 1, 1, 1, 0, 0, 0, 0, 1, 0, 0, 1, 1, 0], [1, 1, 0, 1, 0, 1, 1, 1, 0, 1, 1, 0, 1, 0, 0, 1, 1, 0], [1, 1, 0, 1, 1, 0, 0, 0, 0, 1, 0, 1, 1, 0, 0, 1, 1, 0], [1, 1, 0, 1, 1, 0, 0, 0, 0, 1, 1, 0, 1, 0, 0, 0, 0, 0], [1, 1, 0, 1, 1, 0, 0, 0, 0, 1, 1, 0, 1, 0, 0, 1, 1, 0], [1, 1, 0, 1, 1, 0, 1, 0, 1, 0, 0, 0, 1, 0, 0, 1, 1, 0], [1, 1, 0, 1, 1, 0, 1, 0, 1, 1, 1, 0, 1, 0, 0, 1, 1, 0], [1, 1, 0, 1, 1, 0, 1, 1, 0, 0, 0, 0, 1, 0, 0, 1, 0, 1], [1, 1, 0, 1, 1, 0, 1, 1, 0, 0, 0, 0, 1, 0, 0, 1, 1, 0], [1, 1, 0, 1, 1, 0, 1, 1, 0, 1, 0, 0, 1, 0, 0, 0, 1, 0], [1, 1, 0, 1, 1, 0, 1, 1, 0, 1, 0, 1, 1, 0, 0, 0, 0, 0], [1, 1, 0, 1, 1, 0, 1, 1, 0, 1, 0, 1, 1, 0, 0, 1, 1, 0], [1, 1, 0, 1, 1, 0, 1, 1, 0, 1, 1, 0, 1, 0, 0, 0, 0, 0], [1, 1, 0, 1, 1, 0, 1, 1, 0, 1, 1, 0, 1, 0, 0, 1, 0, 1], [1, 1, 0, 1, 1, 0, 1, 1, 0, 1, 1, 0, 1, 0, 0, 1, 1, 0]]","[0.00390625, 0.00390625, 0.00390625, 0.03125, 0.00390625, 0.00390625, 0.02734375, 0.00390625, 0.00390625, 0.0078125, 0.00390625, 0.01953125, 0.00390625, 0.0078125, 0.00390625, 0.00390625, 0.03515625, 0.046875, 0.03515625, 0.74609375]",27,109,38,48,193,
supportcase6_ds_qaoa_c733_c745_c747_0003,data/miplib_benders/qaoa_problems/nvars_06/supportcase6_ds_qaoa_c733_c745_c747_0003.json,6,18,3,ddsim,30,256,ok,222.64236416399945,387.72265625,144887000.0,"{""B100600(7)"": 0, ""B100602(7)"": 0, ""B100608(7)"": 1, ""B100623(7)"": 0, ""B101029(7)"": 0, ""B101035(7)"": 0}",,,,"[[1, 0, 0, 1, 0, 1, 0, 1, 0, 1, 1, 0, 1, 1, 0, 1, 0, 0], [1, 0, 0, 1, 1, 0, 0, 1, 0, 1, 0, 1, 1, 1, 0, 1, 0, 0], [1, 0, 0, 1, 1, 0, 0, 1, 0, 1, 1, 0, 1, 0, 1, 1, 0, 0], [1, 0, 0, 1, 1, 0, 0, 1, 0, 1, 1, 0, 1, 1, 0, 1, 0, 0], [1, 0, 1, 1, 0, 1, 1, 1, 0, 1, 1, 0, 1, 1, 0, 1, 0, 0], [1, 0, 1, 1, 1, 0, 0, 0, 0, 1, 1, 0, 1, 1, 0, 1, 0, 0], [1, 0, 1, 1, 1, 0, 1, 0, 0, 1, 1, 0, 1, 1, 0, 0, 0, 0], [1, 0, 1, 1, 1, 0, 1, 1, 0, 1, 0, 1, 1, 1, 0, 1, 0, 0], [1, 0, 1, 1, 1, 0, 1, 1, 0, 1, 1, 0, 0, 0, 0, 1, 0, 0], [1, 0, 1, 1, 1, 0, 1, 1, 0, 1, 1, 0, 1, 0, 1, 1, 0, 0], [1, 0, 1, 1, 1, 0, 1, 1, 0, 1, 1, 0, 1, 1, 0, 1, 0, 0], [1, 1, 0, 0, 1, 0, 1, 1, 0, 1, 1, 0, 1, 0, 0, 1, 0, 0], [1, 1, 0, 1, 0, 1, 0, 0, 0, 1, 1, 0, 1, 1, 0, 1, 0, 0], [1, 1, 0, 1, 0, 1, 1, 0, 1, 1, 1, 0, 1, 1, 0, 1, 0, 0], [1, 1, 0, 1, 0, 1, 1, 1, 0, 1, 1, 0, 0, 0, 0, 1, 0, 0], [1, 1, 0, 1, 0, 1, 1, 1, 0, 1, 1, 0, 1, 1, 0, 1, 0, 0], [1, 1, 0, 1, 1, 0, 0, 0, 0, 0, 0, 0, 1, 1, 0, 1, 0, 0], [1, 1, 0, 1, 1, 0, 0, 0, 0, 1, 0, 1, 1, 1, 0, 1, 0, 0], [1, 1, 0, 1, 1, 0, 0, 0, 0, 1, 1, 0, 0, 0, 0, 1, 0, 0], [1, 1, 0, 1, 1, 0, 0, 0, 0, 1, 1, 0, 1, 1, 0, 1, 0, 0], [1, 1, 0, 1, 1, 0, 1, 0, 1, 1, 0, 1, 1, 1, 0, 1, 0, 0], [1, 1, 0, 1, 1, 0, 1, 0, 1, 1, 1, 0, 0, 0, 0, 1, 0, 0], [1, 1, 0, 1, 1, 0, 1, 0, 1, 1, 1, 0, 1, 0, 1, 1, 0, 0], [1, 1, 0, 1, 1, 0, 1, 0, 1, 1, 1, 0, 1, 1, 0, 1, 0, 0], [1, 1, 0, 1, 1, 0, 1, 1, 0, 0, 0, 0, 1, 1, 0, 1, 0, 0], [1, 1, 0, 1, 1, 0, 1, 1, 0, 1, 0, 1, 1, 0, 1, 1, 0, 0], [1, 1, 0, 1, 1, 0, 1, 1, 0, 1, 0, 1, 1, 1, 0, 1, 0, 0], [1, 1, 0, 1, 1, 0, 1, 1, 0, 1, 1, 0, 0, 0, 0, 1, 0, 0], [1, 1, 0, 1, 1, 0, 1, 1, 0, 1, 1, 0, 1, 0, 1, 1, 0, 0], [1, 1, 0, 1, 1, 0, 1, 1, 0, 1, 1, 0, 1, 1, 0, 1, 0, 0]]","[0.0078125, 0.00390625, 0.00390625, 0.0078125, 0.0078125, 0.00390625, 0.00390625, 0.00390625, 0.01171875, 0.01171875, 0.04296875, 0.00390625, 0.01953125, 0.00390625, 0.00390625, 0.0234375, 0.00390625, 0.015625, 0.01171875, 0.0390625, 0.0078125, 0.00390625, 0.00390625, 0.05078125, 0.00390625, 0.00390625, 0.05859375, 0.0625, 0.0390625, 0.53125]",31,109,38,48,184,
supportcase6_ds_qaoa_c733_c745_c747_0005,data/miplib_benders/qaoa_problems/nvars_06/supportcase6_ds_qaoa_c733_c745_c747_0005.json,6,18,3,ddsim,30,256,ok,189.5545131820254,403.59375,144887000.0,"{""B100608(7)"": 1, ""B100623(7)"": 0, ""B101029(7)"": 0, ""B101035(7)"": 0, ""B101037(7)"": 0, ""B101043(7)"": 0}",,,,"[[1, 0, 1, 1, 0, 1, 1, 1, 0, 1, 1, 0, 1, 1, 0, 1, 0, 0], [1, 0, 1, 1, 1, 0, 1, 0, 1, 1, 0, 1, 1, 1, 0, 1, 0, 0], [1, 0, 1, 1, 1, 0, 1, 1, 0, 0, 0, 0, 1, 1, 0, 1, 0, 0], [1, 0, 1, 1, 1, 0, 1, 1, 0, 1, 0, 1, 1, 1, 0, 1, 0, 0], [1, 0, 1, 1, 1, 0, 1, 1, 0, 1, 1, 0, 0, 0, 0, 1, 0, 0], [1, 0, 1, 1, 1, 0, 1, 1, 0, 1, 1, 0, 1, 1, 0, 1, 0, 0], [1, 1, 0, 0, 0, 0, 1, 1, 0, 1, 1, 0, 1, 0, 1, 1, 0, 0], [1, 1, 0, 0, 0, 0, 1, 1, 0, 1, 1, 0, 1, 1, 0, 1, 0, 0], [1, 1, 0, 1, 0, 1, 1, 0, 1, 1, 1, 0, 1, 1, 0, 1, 0, 0], [1, 1, 0, 1, 0, 1, 1, 1, 0, 0, 0, 0, 1, 1, 0, 1, 0, 0], [1, 1, 0, 1, 0, 1, 1, 1, 0, 1, 0, 1, 1, 1, 0, 1, 0, 0], [1, 1, 0, 1, 0, 1, 1, 1, 0, 1, 1, 0, 0, 0, 0, 1, 0, 0], [1, 1, 0, 1, 0, 1, 1, 1, 0, 1, 1, 0, 1, 1, 0, 1, 0, 0], [1, 1, 0, 1, 1, 0, 0, 1, 0, 1, 1, 0, 1, 0, 0, 1, 0, 0], [1, 1, 0, 1, 1, 0, 1, 0, 0, 1, 1, 0, 0, 1, 0, 1, 0, 0], [1, 1, 0, 1, 1, 0, 1, 0, 1, 1, 0, 1, 1, 1, 0, 1, 0, 0], [1, 1, 0, 1, 1, 0, 1, 0, 1, 1, 1, 0, 0, 0, 0, 1, 0, 0], [1, 1, 0, 1, 1, 0, 1, 0, 1, 1, 1, 0, 1, 1, 0, 1, 0, 0], [1, 1, 0, 1, 1, 0, 1, 1, 0, 0, 0, 0, 1, 0, 1, 1, 0, 0], [1, 1, 0, 1, 1, 0, 1, 1, 0, 0, 0, 0, 1, 1, 0, 1, 0, 0], [1, 1, 0, 1, 1, 0, 1, 1, 0, 1, 0, 0, 0, 0, 0, 0, 0, 0], [1, 1, 0, 1, 1, 0, 1, 1, 0, 1, 0, 1, 0, 0, 0, 1, 0, 0], [1, 1, 0, 1, 1, 0, 1, 1, 0, 1, 0, 1, 1, 0, 1, 1, 0, 0], [1, 1, 0, 1, 1, 0, 1, 1, 0, 1, 0, 1, 1, 1, 0, 1, 0, 0], [1, 1, 0, 1, 1, 0, 1, 1, 0, 1, 1, 0, 0, 0, 0, 1, 0, 0], [1, 1, 0, 1, 1, 0, 1, 1, 0, 1, 1, 0, 1, 0, 1, 1, 0, 0], [1, 1, 0, 1, 1, 0, 1, 1, 0, 1, 1, 0, 1, 1, 0, 1, 0, 0]]","[0.0078125, 0.00390625, 0.00390625, 0.015625, 0.00390625, 0.046875, 0.00390625, 0.01171875, 0.00390625, 0.00390625, 0.00390625, 0.00390625, 0.02734375, 0.0078125, 0.0078125, 0.00390625, 0.0078125, 0.046875, 0.0078125, 0.03515625, 0.00390625, 0.0078125, 0.00390625, 0.0390625, 0.0625, 0.03515625, 0.58984375]",31,109,38,48,184,
supportcase6_ds_qaoa_c745_c747_0001,data/miplib_benders/qaoa_problems/nvars_06/supportcase6_ds_qaoa_c745_c747_0001.json,6,18,2,ddsim,30,256,ok,142.51233140495606,403.45703125,150892000.0,"{""B100166(7)"": 0, ""B100594(7)"": 1, ""B100600(7)"": 0, ""B100602(7)"": 0, ""B100608(7)"": 0, ""B100623(7)"": 0}",,,,"[[0, 1, 0, 1, 1, 0, 1, 1, 0, 1, 1, 0, 1, 0, 0, 1, 0, 0], [1, 0, 0, 1, 1, 0, 1, 1, 0, 1, 1, 0, 1, 0, 0, 0, 1, 0], [1, 0, 1, 1, 0, 1, 0, 0, 0, 1, 1, 0, 1, 0, 0, 1, 1, 0], [1, 0, 1, 1, 0, 1, 1, 0, 1, 1, 1, 0, 1, 0, 0, 1, 0, 1], [1, 0, 1, 1, 1, 0, 0, 0, 0, 1, 1, 0, 1, 0, 0, 1, 1, 0], [1, 0, 1, 1, 1, 0, 1, 1, 0, 0, 0, 0, 1, 0, 0, 0, 0, 0], [1, 0, 1, 1, 1, 0, 1, 1, 0, 1, 0, 1, 1, 0, 0, 1, 1, 0], [1, 0, 1, 1, 1, 0, 1, 1, 0, 1, 1, 0, 1, 0, 0, 0, 0, 0], [1, 0, 1, 1, 1, 0, 1, 1, 0, 1, 1, 0, 1, 0, 0, 1, 0, 1], [1, 0, 1, 1, 1, 0, 1, 1, 0, 1, 1, 0, 1, 0, 0, 1, 1, 0], [1, 1, 0, 1, 0, 0, 0, 1, 0, 1, 1, 0, 1, 0, 0, 1, 1, 0], [1, 1, 0, 1, 0, 1, 0, 0, 0, 1, 1, 0, 1, 0, 0, 1, 1, 0], [1, 1, 0, 1, 0, 1, 1, 0, 1, 1, 1, 0, 1, 0, 0, 1, 1, 0], [1, 1, 0, 1, 0, 1, 1, 1, 0, 0, 0, 0, 1, 0, 0, 1, 1, 0], [1, 1, 0, 1, 0, 1, 1, 1, 0, 1, 0, 1, 1, 0, 0, 1, 1, 0], [1, 1, 0, 1, 0, 1, 1, 1, 0, 1, 1, 0, 1, 0, 0, 0, 0, 0], [1, 1, 0, 1, 0, 1, 1, 1, 0, 1, 1, 0, 1, 0, 0, 1, 1, 0], [1, 1, 0, 1, 1, 0, 0, 0, 0, 0, 0, 0, 1, 0, 0, 1, 1, 0], [1, 1, 0, 1, 1, 0, 0, 0, 0, 1, 0, 1, 1, 0, 0, 1, 1, 0], [1, 1, 0, 1, 1, 0, 0, 0, 0, 1, 1, 0, 1, 0, 0, 0, 0, 0], [1, 1, 0, 1, 1, 0, 0, 0, 0, 1, 1, 0, 1, 0, 0, 1, 1, 0], [1, 1, 0, 1, 1, 0, 1, 0, 0, 0, 1, 0, 1, 0, 0, 1, 1, 0], [1, 1, 0, 1, 1, 0, 1, 0, 1, 0, 0, 0, 1, 0, 0, 1, 1, 0], [1, 1, 0, 1, 1, 0, 1, 0, 1, 1, 0, 1, 1, 0, 0, 1, 1, 0], [1, 1, 0, 1, 1, 0, 1, 0, 1, 1, 1, 0, 1, 0, 0, 1, 0, 1], [1, 1, 0, 1, 1, 0, 1, 0, 1, 1, 1, 0, 1, 0, 0, 1, 1, 0], [1, 1, 0, 1, 1, 0, 1, 1, 0, 0, 0, 0, 1, 0, 0, 0, 0, 0], [1, 1, 0, 1, 1, 0, 1, 1, 0, 0, 0, 0, 1, 0, 0, 1, 0, 1], [1, 1, 0, 1, 1, 0, 1, 1, 0, 0, 0, 0, 1, 0, 0, 1, 1, 0], [1, 1, 0, 1, 1, 0, 1, 1, 0, 1, 0, 1, 1, 0, 0, 0, 0, 0], [1, 1, 0, 1, 1, 0, 1, 1, 0, 1, 0, 1, 1, 0, 0, 1, 1, 0], [1, 1, 0, 1, 1, 0, 1, 1, 0, 1, 1, 0, 1, 0, 0, 0, 0, 0], [1, 1, 0, 1, 1, 0, 1, 1, 0, 1, 1, 0, 1, 0, 0, 1, 0, 1], [1, 1, 0, 1, 1, 0, 1, 1, 0, 1, 1, 0, 1, 0, 0, 1, 1, 0]]","[0.00390625, 0.00390625, 0.00390625, 0.00390625, 0.0078125, 0.00390625, 0.00390625, 0.0078125, 0.00390625, 0.0390625, 0.00390625, 0.015625, 0.00390625, 0.00390625, 0.00390625, 0.00390625, 0.046875, 0.015625, 0.0078125, 0.00390625, 0.046875, 0.00390625, 0.0078125, 0.00390625, 0.00390625, 0.04296875, 0.01171875, 0.00390625, 0.02734375, 0.00390625, 0.04296875, 0.03515625, 0.046875, 0.52734375]",31,149,38,66,193,
supportcase6_ds_qaoa_c745_c747_0002,data/miplib_benders/qaoa_problems/nvars_06/supportcase6_ds_qaoa_c745_c747_0002.json,6,18,2,ddsim,30,256,ok,191.67754283500835,386.75390625,150892000.0,"{""B100594(7)"": 1, ""B100600(7)"": 0, ""B100602(7)"": 0, ""B100608(7)"": 0, ""B100623(7)"": 0, ""B101029(7)"": 0}",,,,"[[1, 0, 1, 0, 0, 0, 0, 0, 0, 1, 0, 1, 1, 1, 0, 1, 0, 0], [1, 0, 1, 0, 0, 0, 0, 0, 0, 1, 1, 0, 1, 1, 0, 1, 0, 0], [1, 0, 1, 1, 0, 1, 1, 1, 0, 1, 1, 0, 1, 1, 0, 1, 0, 0], [1, 0, 1, 1, 1, 0, 0, 0, 0, 1, 1, 0, 1, 1, 0, 1, 0, 0], [1, 0, 1, 1, 1, 0, 1, 0, 0, 0, 1, 0, 1, 1, 0, 1, 0, 0], [1, 0, 1, 1, 1, 0, 1, 1, 0, 0, 0, 0, 0, 0, 0, 1, 0, 0], [1, 0, 1, 1, 1, 0, 1, 1, 0, 0, 0, 0, 1, 1, 0, 1, 0, 0], [1, 0, 1, 1, 1, 0, 1, 1, 0, 1, 0, 1, 1, 1, 0, 1, 0, 0], [1, 0, 1, 1, 1, 0, 1, 1, 0, 1, 1, 0, 1, 0, 1, 1, 0, 0], [1, 0, 1, 1, 1, 0, 1, 1, 0, 1, 1, 0, 1, 1, 0, 1, 0, 0], [1, 1, 0, 0, 0, 0, 1, 0, 1, 0, 0, 0, 1, 1, 0, 1, 0, 0], [1, 1, 0, 0, 0, 0, 1, 0, 1, 1, 1, 0, 1, 1, 0, 1, 0, 0], [1, 1, 0, 0, 0, 0, 1, 1, 0, 0, 0, 0, 1, 1, 0, 1, 0, 0], [1, 1, 0, 0, 0, 0, 1, 1, 0, 1, 0, 1, 1, 1, 0, 1, 0, 0], [1, 1, 0, 0, 0, 0, 1, 1, 0, 1, 1, 0, 0, 0, 0, 1, 0, 0], [1, 1, 0, 0, 0, 0, 1, 1, 0, 1, 1, 0, 1, 0, 1, 1, 0, 0], [1, 1, 0, 0, 0, 0, 1, 1, 0, 1, 1, 0, 1, 1, 0, 1, 0, 0], [1, 1, 0, 1, 0, 0, 0, 1, 0, 1, 1, 0, 1, 1, 0, 1, 0, 0], [1, 1, 0, 1, 0, 1, 0, 0, 0, 1, 1, 0, 1, 1, 0, 1, 0, 0], [1, 1, 0, 1, 0, 1, 1, 0, 1, 1, 1, 0, 1, 1, 0, 1, 0, 0], [1, 1, 0, 1, 0, 1, 1, 1, 0, 0, 0, 0, 1, 1, 0, 1, 0, 0], [1, 1, 0, 1, 0, 1, 1, 1, 0, 1, 0, 1, 1, 1, 0, 1, 0, 0], [1, 1, 0, 1, 0, 1, 1, 1, 0, 1, 1, 0, 1, 0, 1, 1, 0, 0], [1, 1, 0, 1, 0, 1, 1, 1, 0, 1, 1, 0, 1, 1, 0, 1, 0, 0], [1, 1, 0, 1, 1, 0, 0, 0, 0, 0, 0, 0, 1, 1, 0, 1, 0, 0], [1, 1, 0, 1, 1, 0, 0, 0, 0, 1, 0, 1, 1, 1, 0, 1, 0, 0], [1, 1, 0, 1, 1, 0, 0, 0, 0, 1, 1, 0, 1, 1, 0, 1, 0, 0], [1, 1, 0, 1, 1, 0, 1, 0, 0, 0, 1, 0, 1, 1, 0, 1, 0, 0], [1, 1, 0, 1, 1, 0, 1, 0, 1, 0, 0, 0, 1, 1, 0, 1, 0, 0], [1, 1, 0, 1, 1, 0, 1, 0, 1, 1, 0, 1, 1, 1, 0, 1, 0, 0], [1, 1, 0, 1, 1, 0, 1, 0, 1, 1, 1, 0, 1, 1, 0, 1, 0, 0], [1, 1, 0, 1, 1, 0, 1, 1, 0, 0, 0, 0, 1, 1, 0, 1, 0, 0], [1, 1, 0, 1, 1, 0, 1, 1, 0, 1, 0, 1, 1, 0, 1, 1, 0, 0], [1, 1, 0, 1, 1, 0, 1, 1, 0, 1, 0, 1, 1, 1, 0, 1, 0, 0], [1, 1, 0, 1, 1, 0, 1, 1, 0, 1, 1, 0, 0, 0, 0, 1, 0, 0], [1, 1, 0, 1, 1, 0, 1, 1, 0, 1, 1, 0, 1, 0, 1, 1, 0, 0], [1, 1, 0, 1, 1, 0, 1, 1, 0, 1, 1, 0, 1, 1, 0, 1, 0, 0]]","[0.00390625, 0.00390625, 0.00390625, 0.0078125, 0.00390625, 0.00390625, 0.01171875, 0.0078125, 0.0078125, 0.0234375, 0.00390625, 0.0078125, 0.00390625, 0.00390625, 0.00390625, 0.00390625, 0.03515625, 0.00390625, 0.0078125, 0.00390625, 0.00390625, 0.00390625, 0.0078125, 0.0390625, 0.00390625, 0.0078125, 0.0546875, 0.00390625, 0.00390625, 0.00390625, 0.03515625, 0.0546875, 0.0078125, 0.05078125, 0.0078125, 0.0546875, 0.5]",31,189,38,84,193,
supportcase6_ds_qaoa_c745_c747_0003,data/miplib_benders/qaoa_problems/nvars_06/supportcase6_ds_qaoa_c745_c747_0003.json,6,18,2,ddsim,30,256,ok,78.83721172402147,387.48046875,150892000.0,"{""B100600(7)"": 0, ""B100602(7)"": 0, ""B100608(7)"": 0, ""B100623(7)"": 0, ""B101029(7)"": 1, ""B101035(7)"": 0}",,,,"[[1, 0, 1, 1, 1, 0, 1, 1, 0, 1, 1, 0, 1, 1, 0, 1, 0, 0], [1, 1, 0, 0, 0, 0, 1, 1, 0, 1, 1, 0, 1, 1, 0, 1, 0, 0], [1, 1, 0, 1, 0, 1, 0, 0, 0, 1, 1, 0, 1, 1, 0, 1, 0, 0], [1, 1, 0, 1, 1, 0, 0, 0, 0, 1, 1, 0, 1, 1, 0, 1, 0, 0], [1, 1, 0, 1, 1, 0, 1, 0, 1, 1, 1, 0, 1, 1, 0, 1, 0, 0], [1, 1, 0, 1, 1, 0, 1, 1, 0, 1, 0, 1, 1, 1, 0, 1, 0, 0], [1, 1, 0, 1, 1, 0, 1, 1, 0, 1, 1, 0, 0, 0, 0, 1, 0, 0], [1, 1, 0, 1, 1, 0, 1, 1, 0, 1, 1, 0, 1, 0, 1, 1, 0, 0], [1, 1, 0, 1, 1, 0, 1, 1, 0, 1, 1, 0, 1, 1, 0, 1, 0, 0]]","[0.01171875, 0.0078125, 0.00390625, 0.015625, 0.0078125, 0.01171875, 0.0078125, 0.015625, 0.91796875]",27,189,38,84,193,
supportcase6_ds_qaoa_c745_c747_0004,data/miplib_benders/qaoa_problems/nvars_06/supportcase6_ds_qaoa_c745_c747_0004.json,6,18,2,ddsim,30,256,ok,145.01726120105013,403.6484375,150892000.0,"{""B100602(7)"": 0, ""B100608(7)"": 0, ""B100623(7)"": 0, ""B101029(7)"": 1, ""B101035(7)"": 0, ""B101037(7)"": 0}",,,,"[[1, 0, 1, 1, 1, 0, 1, 1, 0, 1, 0, 1, 1, 1, 0, 1, 0, 0], [1, 0, 1, 1, 1, 0, 1, 1, 0, 1, 1, 0, 1, 0, 1, 1, 0, 0], [1, 0, 1, 1, 1, 0, 1, 1, 0, 1, 1, 0, 1, 1, 0, 1, 0, 0], [1, 1, 0, 0, 0, 0, 1, 1, 0, 1, 1, 0, 1, 1, 0, 1, 0, 0], [1, 1, 0, 1, 0, 0, 1, 1, 0, 0, 1, 0, 0, 0, 0, 1, 0, 0], [1, 1, 0, 1, 0, 1, 1, 1, 0, 0, 0, 0, 1, 1, 0, 1, 0, 0], [1, 1, 0, 1, 0, 1, 1, 1, 0, 1, 1, 0, 0, 0, 0, 1, 0, 0], [1, 1, 0, 1, 0, 1, 1, 1, 0, 1, 1, 0, 1, 1, 0, 1, 0, 0], [1, 1, 0, 1, 1, 0, 1, 0, 1, 1, 1, 0, 0, 0, 0, 1, 0, 0], [1, 1, 0, 1, 1, 0, 1, 0, 1, 1, 1, 0, 1, 0, 1, 1, 0, 0], [1, 1, 0, 1, 1, 0, 1, 0, 1, 1, 1, 0, 1, 1, 0, 1, 0, 0], [1, 1, 0, 1, 1, 0, 1, 1, 0, 0, 0, 0, 1, 0, 1, 1, 0, 0], [1, 1, 0, 1, 1, 0, 1, 1, 0, 0, 0, 0, 1, 1, 0, 1, 0, 0], [1, 1, 0, 1, 1, 0, 1, 1, 0, 1, 0, 1, 1, 1, 0, 1, 0, 0], [1, 1, 0, 1, 1, 0, 1, 1, 0, 1, 1, 0, 0, 0, 0, 1, 0, 0], [1, 1, 0, 1, 1, 0, 1, 1, 0, 1, 1, 0, 1, 0, 1, 1, 0, 0], [1, 1, 0, 1, 1, 0, 1, 1, 0, 1, 1, 0, 1, 1, 0, 1, 0, 0]]","[0.00390625, 0.00390625, 0.0546875, 0.03125, 0.00390625, 0.01171875, 0.00390625, 0.046875, 0.00390625, 0.00390625, 0.046875, 0.00390625, 0.0390625, 0.01953125, 0.03125, 0.02734375, 0.6640625]",27,189,38,84,193,
supportcase6_ds_qaoa_c745_c747_0005,data/miplib_benders/qaoa_problems/nvars_06/supportcase6_ds_qaoa_c745_c747_0005.json,6,18,2,ddsim,30,256,ok,141.54419305198826,465.89453125,150892000.0,"{""B100608(7)"": 0, ""B100623(7)"": 0, ""B101029(7)"": 1, ""B101035(7)"": 0, ""B101037(7)"": 0, ""B101043(7)"": 0}",,,,"[[1, 0, 1, 1, 1, 0, 0, 0, 0, 1, 1, 0, 1, 1, 0, 1, 0, 0], [1, 0, 1, 1, 1, 0, 1, 1, 0, 1, 0, 1, 1, 1, 0, 1, 0, 0], [1, 0, 1, 1, 1, 0, 1, 1, 0, 1, 1, 0, 1, 1, 0, 1, 0, 0], [1, 1, 0, 1, 0, 1, 1, 1, 0, 1, 1, 0, 1, 1, 0, 1, 0, 0], [1, 1, 0, 1, 1, 0, 0, 0, 0, 1, 1, 0, 1, 1, 0, 1, 0, 0], [1, 1, 0, 1, 1, 0, 1, 0, 1, 1, 1, 0, 1, 1, 0, 1, 0, 0], [1, 1, 0, 1, 1, 0, 1, 1, 0, 0, 0, 0, 1, 0, 1, 1, 0, 0], [1, 1, 0, 1, 1, 0, 1, 1, 0, 0, 0, 0, 1, 1, 0, 1, 0, 0], [1, 1, 0, 1, 1, 0, 1, 1, 0, 1, 0, 1, 1, 0, 1, 1, 0, 0], [1, 1, 0, 1, 1, 0, 1, 1, 0, 1, 0, 1, 1, 1, 0, 1, 0, 0], [1, 1, 0, 1, 1, 0, 1, 1, 0, 1, 1, 0, 0, 0, 0, 1, 0, 0], [1, 1, 0, 1, 1, 0, 1, 1, 0, 1, 1, 0, 1, 0, 1, 1, 0, 0], [1, 1, 0, 1, 1, 0, 1, 1, 0, 1, 1, 0, 1, 1, 0, 1, 0, 0]]","[0.00390625, 0.00390625, 0.03515625, 0.0234375, 0.01953125, 0.0234375, 0.00390625, 0.015625, 0.00390625, 0.0234375, 0.02734375, 0.015625, 0.80078125]",27,189,38,84,193,
supportcase6_ds_qaoa_c745_c747_c759_0002,data/miplib_benders/qaoa_problems/nvars_06/supportcase6_ds_qaoa_c745_c747_c759_0002.json,6,18,3,ddsim,30,256,ok,298.56975487305317,403.5078125,150892000.0,"{""B100594(7)"": 1, ""B100600(7)"": 0, ""B100602(7)"": 0, ""B100608(7)"": 0, ""B100623(7)"": 0, ""B101029(7)"": 0}",,,,"[[1, 0, 0, 1, 1, 0, 1, 1, 0, 1, 1, 0, 1, 1, 0, 0, 0, 0], [1, 0, 1, 1, 0, 1, 1, 1, 0, 1, 1, 0, 1, 1, 0, 1, 0, 0], [1, 0, 1, 1, 1, 0, 1, 1, 0, 0, 0, 0, 1, 1, 0, 1, 0, 0], [1, 0, 1, 1, 1, 0, 1, 1, 0, 1, 0, 1, 1, 1, 0, 1, 0, 0], [1, 0, 1, 1, 1, 0, 1, 1, 0, 1, 1, 0, 1, 0, 1, 1, 0, 0], [1, 0, 1, 1, 1, 0, 1, 1, 0, 1, 1, 0, 1, 1, 0, 1, 0, 0], [1, 1, 0, 0, 0, 1, 1, 1, 0, 1, 0, 0, 1, 1, 0, 1, 0, 0], [1, 1, 0, 0, 1, 0, 1, 1, 0, 1, 0, 0, 1, 1, 0, 1, 0, 0], [1, 1, 0, 1, 0, 0, 0, 1, 0, 1, 1, 0, 1, 1, 0, 1, 0, 0], [1, 1, 0, 1, 0, 1, 0, 0, 0, 1, 1, 0, 1, 0, 1, 1, 0, 0], [1, 1, 0, 1, 0, 1, 1, 0, 1, 1, 1, 0, 1, 1, 0, 1, 0, 0], [1, 1, 0, 1, 0, 1, 1, 1, 0, 1, 1, 0, 1, 0, 1, 1, 0, 0], [1, 1, 0, 1, 0, 1, 1, 1, 0, 1, 1, 0, 1, 1, 0, 1, 0, 0], [1, 1, 0, 1, 1, 0, 0, 0, 0, 1, 0, 1, 1, 0, 1, 1, 0, 0], [1, 1, 0, 1, 1, 0, 0, 0, 0, 1, 1, 0, 1, 0, 1, 1, 0, 0], [1, 1, 0, 1, 1, 0, 0, 0, 0, 1, 1, 0, 1, 1, 0, 1, 0, 0], [1, 1, 0, 1, 1, 0, 1, 0, 1, 0, 0, 0, 1, 1, 0, 1, 0, 0], [1, 1, 0, 1, 1, 0, 1, 0, 1, 1, 0, 1, 1, 1, 0, 1, 0, 0], [1, 1, 0, 1, 1, 0, 1, 0, 1, 1, 1, 0, 1, 1, 0, 1, 0, 0], [1, 1, 0, 1, 1, 0, 1, 1, 0, 0, 0, 0, 0, 0, 0, 1, 0, 0], [1, 1, 0, 1, 1, 0, 1, 1, 0, 0, 0, 0, 1, 0, 1, 1, 0, 0], [1, 1, 0, 1, 1, 0, 1, 1, 0, 0, 0, 0, 1, 1, 0, 1, 0, 0], [1, 1, 0, 1, 1, 0, 1, 1, 0, 1, 0, 1, 1, 0, 1, 1, 0, 0], [1, 1, 0, 1, 1, 0, 1, 1, 0, 1, 0, 1, 1, 1, 0, 1, 0, 0], [1, 1, 0, 1, 1, 0, 1, 1, 0, 1, 1, 0, 1, 0, 1, 1, 0, 0], [1, 1, 0, 1, 1, 0, 1, 1, 0, 1, 1, 0, 1, 1, 0, 1, 0, 0]]","[0.0078125, 0.00390625, 0.0078125, 0.00390625, 0.00390625, 0.05859375, 0.00390625, 0.00390625, 0.0078125, 0.00390625, 0.00390625, 0.00390625, 0.02734375, 0.00390625, 0.0078125, 0.046875, 0.00390625, 0.00390625, 0.0546875, 0.00390625, 0.00390625, 0.03125, 0.01171875, 0.02734375, 0.01171875, 0.6484375]",31,109,38,48,184,
supportcase6_ds_qaoa_c747_c759_0001,data/miplib_benders/qaoa_problems/nvars_06/supportcase6_ds_qaoa_c747_c759_0001.json,6,18,2,ddsim,30,256,ok,162.90852632105816,401.91015625,151847000.0,"{""B100166(7)"": 1, ""B100594(7)"": 0, ""B100600(7)"": 0, ""B100602(7)"": 0, ""B100608(7)"": 0, ""B100623(7)"": 0}",,,,"[[1, 0, 1, 0, 0, 0, 1, 1, 0, 1, 1, 0, 1, 1, 0, 1, 0, 0], [1, 1, 0, 1, 0, 1, 1, 1, 0, 1, 1, 0, 1, 1, 0, 1, 0, 0], [1, 1, 0, 1, 1, 0, 1, 0, 1, 1, 1, 0, 1, 1, 0, 1, 0, 0], [1, 1, 0, 1, 1, 0, 1, 1, 0, 0, 0, 0, 1, 1, 0, 1, 0, 0], [1, 1, 0, 1, 1, 0, 1, 1, 0, 1, 1, 0, 0, 0, 0, 1, 0, 0], [1, 1, 0, 1, 1, 0, 1, 1, 0, 1, 1, 0, 1, 1, 0, 1, 0, 0]]","[0.00390625, 0.00390625, 0.00390625, 0.00390625, 0.00390625, 0.98046875]",31,109,38,48,193,
supportcase6_ds_qaoa_c747_c759_0002,data/miplib_benders/qaoa_problems/nvars_06/supportcase6_ds_qaoa_c747_c759_0002.json,6,18,2,ddsim,30,256,ok,58.54175843799021,398.3671875,151847000.0,"{""B100594(7)"": 0, ""B100600(7)"": 0, ""B100602(7)"": 0, ""B100608(7)"": 0, ""B100623(7)"": 1, ""B101029(7)"": 0}",,,,"[[1, 1, 0, 1, 0, 1, 1, 1, 0, 1, 1, 0, 1, 1, 0, 1, 0, 0], [1, 1, 0, 1, 1, 0, 1, 0, 1, 1, 1, 0, 1, 1, 0, 1, 0, 0], [1, 1, 0, 1, 1, 0, 1, 1, 0, 0, 0, 0, 1, 1, 0, 1, 0, 0], [1, 1, 0, 1, 1, 0, 1, 1, 0, 1, 0, 1, 1, 1, 0, 1, 0, 0], [1, 1, 0, 1, 1, 0, 1, 1, 0, 1, 1, 0, 1, 0, 1, 1, 0, 0], [1, 1, 0, 1, 1, 0, 1, 1, 0, 1, 1, 0, 1, 1, 0, 1, 0, 0]]","[0.0078125, 0.00390625, 0.01171875, 0.01171875, 0.0078125, 0.95703125]",29,109,38,48,193,
supportcase6_ds_qaoa_c747_c759_c762_0001,data/miplib_benders/qaoa_problems/nvars_06/supportcase6_ds_qaoa_c747_c759_c762_0001.json,6,18,3,ddsim,30,256,ok,82.91604364407249,407.15625,151847000.0,"{""B100166(7)"": 1, ""B100594(7)"": 0, ""B100600(7)"": 0, ""B100602(7)"": 0, ""B100608(7)"": 0, ""B100623(7)"": 0}",,,,"[[1, 0, 0, 1, 0, 1, 1, 1, 0, 0, 0, 0, 0, 0, 0, 0, 0, 0], [1, 0, 0, 1, 1, 0, 1, 0, 1, 0, 0, 0, 0, 0, 0, 0, 0, 0], [1, 0, 0, 1, 1, 0, 1, 1, 0, 0, 0, 0, 0, 0, 0, 0, 0, 0], [1, 0, 1, 1, 0, 0, 0, 1, 0, 1, 0, 0, 0, 0, 0, 0, 0, 0], [1, 0, 1, 1, 0, 1, 1, 1, 0, 0, 0, 0, 0, 0, 0, 1, 0, 0], [1, 0, 1, 1, 1, 0, 0, 0, 0, 0, 0, 0, 0, 0, 0, 1, 0, 0], [1, 0, 1, 1, 1, 0, 1, 0, 1, 0, 0, 0, 0, 0, 0, 1, 0, 0], [1, 0, 1, 1, 1, 0, 1, 1, 0, 0, 0, 0, 0, 0, 0, 1, 0, 0], [1, 1, 0, 1, 0, 0, 0, 1, 0, 1, 0, 0, 0, 0, 0, 0, 0, 0], [1, 1, 0, 1, 0, 0, 0, 1, 0, 1, 0, 0, 0, 0, 0, 1, 1, 0], [1, 1, 0, 1, 0, 1, 0, 0, 0, 0, 0, 0, 0, 0, 0, 1, 0, 0], [1, 1, 0, 1, 0, 1, 1, 0, 1, 0, 0, 0, 0, 0, 0, 1, 0, 0], [1, 1, 0, 1, 0, 1, 1, 1, 0, 0, 0, 0, 0, 0, 0, 1, 0, 0], [1, 1, 0, 1, 1, 0, 0, 0, 0, 0, 0, 0, 0, 0, 0, 1, 0, 0], [1, 1, 0, 1, 1, 0, 1, 0, 1, 0, 0, 0, 0, 0, 0, 1, 0, 0], [1, 1, 0, 1, 1, 0, 1, 1, 0, 0, 0, 0, 0, 0, 0, 1, 0, 0]]","[0.00390625, 0.00390625, 0.01171875, 0.00390625, 0.0078125, 0.00390625, 0.01171875, 0.1171875, 0.0078125, 0.00390625, 0.00390625, 0.0078125, 0.09375, 0.01171875, 0.1171875, 0.58984375]",28,555,38,228,564,
supportcase6_ds_qaoa_c759_c762_0001,data/miplib_benders/qaoa_problems/nvars_06/supportcase6_ds_qaoa_c759_c762_0001.json,6,18,2,ddsim,30,256,ok,36.9714557279367,403.48828125,296836000.0,"{""B100166(7)"": 0, ""B100594(7)"": 0, ""B100602(7)"": 1, ""B100608(7)"": 0, ""B100623(7)"": 0, ""B101029(7)"": 1}",,,,"[[1, 0, 0, 1, 1, 0, 0, 0, 0, 0, 0, 0, 0, 0, 0, 0, 0, 0], [1, 0, 1, 1, 1, 0, 0, 0, 0, 0, 0, 0, 1, 0, 0, 1, 0, 1], [1, 0, 1, 1, 1, 0, 0, 0, 0, 0, 0, 0, 1, 0, 0, 1, 1, 0], [1, 1, 0, 0, 1, 0, 0, 0, 0, 0, 0, 0, 1, 0, 0, 1, 0, 0], [1, 1, 0, 1, 0, 1, 0, 0, 0, 0, 0, 0, 1, 0, 0, 0, 0, 0], [1, 1, 0, 1, 0, 1, 0, 0, 0, 0, 0, 0, 1, 0, 0, 1, 0, 1], [1, 1, 0, 1, 0, 1, 0, 0, 0, 0, 0, 0, 1, 0, 0, 1, 1, 0], [1, 1, 0, 1, 1, 0, 0, 0, 0, 0, 0, 0, 1, 0, 0, 0, 0, 0], [1, 1, 0, 1, 1, 0, 0, 0, 0, 0, 0, 0, 1, 0, 0, 1, 0, 1], [1, 1, 0, 1, 1, 0, 0, 0, 0, 0, 0, 0, 1, 0, 0, 1, 1, 0]]","[0.00390625, 0.00390625, 0.04296875, 0.0078125, 0.00390625, 0.00390625, 0.06640625, 0.0546875, 0.0390625, 0.7734375]",27,372,38,182,393,
supportcase6_ds_qaoa_c759_c762_0002,data/miplib_benders/qaoa_problems/nvars_06/supportcase6_ds_qaoa_c759_c762_0002.json,6,18,2,ddsim,30,256,ok,70.20274435600732,404.9609375,296836000.0,"{""B100594(7)"": 0, ""B100602(7)"": 0, ""B100608(7)"": 0, ""B100623(7)"": 0, ""B101029(7)"": 1, ""B101037(7)"": 1}",,,,"[[1, 0, 1, 1, 0, 1, 1, 1, 0, 1, 1, 0, 1, 0, 0, 1, 0, 0], [1, 0, 1, 1, 1, 0, 0, 0, 0, 1, 1, 0, 1, 0, 0, 1, 0, 0], [1, 0, 1, 1, 1, 0, 1, 0, 1, 1, 1, 0, 1, 0, 0, 1, 0, 0], [1, 0, 1, 1, 1, 0, 1, 1, 0, 0, 0, 0, 1, 0, 0, 1, 0, 0], [1, 0, 1, 1, 1, 0, 1, 1, 0, 1, 1, 0, 1, 0, 0, 1, 0, 0], [1, 1, 0, 1, 0, 1, 0, 0, 0, 1, 1, 0, 1, 0, 0, 1, 0, 0], [1, 1, 0, 1, 0, 1, 1, 1, 0, 0, 0, 0, 1, 0, 0, 1, 0, 0], [1, 1, 0, 1, 0, 1, 1, 1, 0, 1, 0, 1, 1, 0, 0, 1, 0, 0], [1, 1, 0, 1, 0, 1, 1, 1, 0, 1, 1, 0, 1, 0, 0, 1, 0, 0], [1, 1, 0, 1, 1, 0, 0, 0, 0, 0, 0, 0, 1, 0, 0, 1, 0, 0], [1, 1, 0, 1, 1, 0, 0, 0, 0, 1, 1, 0, 1, 0, 0, 1, 0, 0], [1, 1, 0, 1, 1, 0, 1, 0, 1, 0, 0, 0, 1, 0, 0, 1, 0, 0], [1, 1, 0, 1, 1, 0, 1, 0, 1, 1, 1, 0, 1, 0, 0, 1, 0, 0], [1, 1, 0, 1, 1, 0, 1, 1, 0, 0, 0, 0, 1, 0, 0, 1, 0, 0], [1, 1, 0, 1, 1, 0, 1, 1, 0, 1, 0, 1, 1, 0, 0, 1, 0, 0], [1, 1, 0, 1, 1, 0, 1, 1, 0, 1, 1, 0, 1, 0, 0, 1, 0, 0]]","[0.0078125, 0.01171875, 0.00390625, 0.0078125, 0.0390625, 0.00390625, 0.00390625, 0.00390625, 0.0703125, 0.00390625, 0.06640625, 0.00390625, 0.05859375, 0.04296875, 0.0234375, 0.6484375]",30,262,38,125,293,
supportcase6_ds_qaoa_c759_c762_0004,data/miplib_benders/qaoa_problems/nvars_06/supportcase6_ds_qaoa_c759_c762_0004.json,6,18,2,ddsim,30,256,ok,40.24832105403766,404.3515625,296836000.0,"{""B100608(7)"": 0, ""B100623(7)"": 0, ""B101029(7)"": 1, ""B101037(7)"": 1, ""B101043(7)"": 0, ""B101058(7)"": 0}",,,,"[[1, 0, 1, 1, 1, 0, 0, 0, 0, 1, 0, 1, 1, 1, 0, 1, 0, 0], [1, 0, 1, 1, 1, 0, 0, 0, 0, 1, 1, 0, 1, 1, 0, 1, 0, 0], [1, 1, 0, 1, 0, 1, 0, 0, 0, 1, 1, 0, 1, 1, 0, 1, 0, 0], [1, 1, 0, 1, 1, 0, 0, 0, 0, 0, 0, 0, 1, 1, 0, 1, 0, 0], [1, 1, 0, 1, 1, 0, 0, 0, 0, 1, 0, 0, 0, 1, 0, 1, 0, 0], [1, 1, 0, 1, 1, 0, 0, 0, 0, 1, 0, 1, 1, 1, 0, 1, 0, 0], [1, 1, 0, 1, 1, 0, 0, 0, 0, 1, 1, 0, 0, 0, 0, 1, 0, 0], [1, 1, 0, 1, 1, 0, 0, 0, 0, 1, 1, 0, 1, 1, 0, 1, 0, 0]]","[0.00390625, 0.0078125, 0.00390625, 0.00390625, 0.00390625, 0.0078125, 0.01171875, 0.95703125]",27,262,38,125,294,
assign1-5-8_ds_qaoa_R0133_R0002_0001,data/miplib_benders/qaoa_problems/nvars_07/assign1-5-8_ds_qaoa_R0133_R0002_0001.json,7,21,2,ddsim,30,256,ok,87.14588239497971,409.34765625,12.0,"{""C0033"": 1, ""C0038"": 0, ""C0039"": 0, ""C0040"": 0, ""C0041"": 1, ""C0053"": 1, ""row_slack_R0002"": 0}",5.0,"{""C0033"": 0, ""C0038"": 0, ""C0039"": 0, ""C0040"": 0, ""C0041"": 1, ""C0053"": 0, ""row_slack_R0002"": 5}",0.99609375,"[[0, 0, 0, 0, 0, 0, 0, 0, 0, 0, 0, 0, 1, 0, 0, 0, 0, 0, 1, 0, 1], [1, 0, 0, 1, 0, 0, 0, 0, 1, 0, 0, 0, 1, 0, 0, 0, 0, 0, 1, 0, 1]]","[0.99609375, 0.00390625]",29,549,44,269,529,
ex10_ds_qaoa_NOD26_NOD2X2_0001,data/miplib_benders/qaoa_problems/nvars_07/ex10_ds_qaoa_NOD26_NOD2X2_0001.json,7,21,2,ddsim,30,256,ok,198.19372062792536,396.25390625,1.0,"{""b26_220"": 0, ""b26_222"": 1, ""b26_223"": 0, ""b26_230"": 0, ""b26_240"": 0, ""b26_241"": 0, ""b26_242"": 0}",1.0,"{""b26_220"": 0, ""b26_222"": 0, ""b26_223"": 1, ""b26_230"": 0, ""b26_240"": 0, ""b26_241"": 0, ""b26_242"": 0}",0.99609375,"[[0, 0, 0, 0, 0, 0, 1, 0, 0, 0, 0, 0, 0, 0, 0, 0, 0, 0, 0, 0, 0], [1, 0, 0, 0, 0, 0, 0, 0, 0, 0, 0, 0, 0, 0, 0, 0, 0, 0, 0, 0, 0]]","[0.99609375, 0.00390625]",27,149,44,66,228,
ex9_ds_qaoa_NOD2X5_NOD37_0005,data/miplib_benders/qaoa_problems/nvars_07/ex9_ds_qaoa_NOD2X5_NOD37_0005.json,7,21,2,ddsim,30,256,ok,151.86307357507758,405.79296875,1.0,"{""b37_240"": 0, ""b37_241"": 0, ""b37_242"": 0, ""b37_243"": 0, ""b37_250"": 0, ""b37_251"": 0, ""b37_252"": 1}",1.0,"{""b37_240"": 0, ""b37_241"": 0, ""b37_242"": 0, ""b37_243"": 0, ""b37_250"": 0, ""b37_251"": 0, ""b37_252"": 1}",1.0,"[[0, 0, 0, 0, 0, 0, 0, 0, 0, 0, 0, 0, 0, 0, 0, 0, 0, 0, 1, 0, 0]]",[1.0],25,149,44,66,228,
ex9_ds_qaoa_NOD2X5_NOD37_0006,data/miplib_benders/qaoa_problems/nvars_07/ex9_ds_qaoa_NOD2X5_NOD37_0006.json,7,21,2,ddsim,30,256,ok,120.37833128392231,405.33984375,1.0,"{""b37_241"": 0, ""b37_242"": 0, ""b37_243"": 0, ""b37_250"": 0, ""b37_251"": 0, ""b37_252"": 0, ""b37_253"": 1}",1.0,"{""b37_241"": 0, ""b37_242"": 0, ""b37_243"": 0, ""b37_250"": 0, ""b37_251"": 0, ""b37_252"": 0, ""b37_253"": 1}",1.0,"[[0, 0, 0, 0, 0, 0, 0, 0, 0, 0, 0, 0, 0, 0, 0, 0, 0, 0, 1, 0, 0]]",[1.0],27,149,44,66,228,
ex9_ds_qaoa_NOD2X5_NOD37_0007,data/miplib_benders/qaoa_problems/nvars_07/ex9_ds_qaoa_NOD2X5_NOD37_0007.json,7,21,2,ddsim,30,256,ok,122.38743708503898,393.578125,1.0,"{""b37_242"": 0, ""b37_243"": 0, ""b37_250"": 0, ""b37_251"": 0, ""b37_252"": 1, ""b37_253"": 0, ""b37_260"": 0}",1.0,"{""b37_242"": 0, ""b37_243"": 0, ""b37_250"": 0, ""b37_251"": 0, ""b37_252"": 0, ""b37_253"": 1, ""b37_260"": 0}",1.0,"[[0, 0, 0, 0, 0, 0, 0, 0, 0, 0, 0, 0, 0, 0, 0, 1, 0, 0, 0, 0, 0]]",[1.0],22,149,44,66,228,
ex9_ds_qaoa_NOD2X5_NOD37_0008,data/miplib_benders/qaoa_problems/nvars_07/ex9_ds_qaoa_NOD2X5_NOD37_0008.json,7,21,2,ddsim,30,256,ok,172.52863493096083,405.47265625,1.0,"{""b37_243"": 0, ""b37_250"": 0, ""b37_251"": 0, ""b37_252"": 1, ""b37_253"": 0, ""b37_260"": 0, ""b37_261"": 0}",1.0,"{""b37_243"": 0, ""b37_250"": 0, ""b37_251"": 0, ""b37_252"": 0, ""b37_253"": 1, ""b37_260"": 0, ""b37_261"": 0}",0.984375,"[[0, 0, 0, 0, 0, 0, 0, 0, 0, 0, 0, 0, 1, 0, 0, 0, 0, 0, 0, 0, 0], [0, 0, 0, 1, 0, 0, 0, 0, 0, 0, 1, 0, 1, 0, 0, 0, 0, 0, 0, 0, 0], [1, 0, 0, 0, 0, 0, 0, 0, 0, 0, 0, 0, 1, 0, 0, 0, 0, 1, 0, 0, 0], [1, 0, 0, 0, 0, 0, 0, 0, 0, 0, 0, 0, 1, 0, 0, 0, 1, 0, 0, 0, 0]]","[0.984375, 0.0078125, 0.00390625, 0.00390625]",31,149,44,66,228,
highschool1-aigio_ds_qaoa_spreadEventsUB_SpreadEvents1_108_Th_subeventsNotActive_108_1_1_0002,data/miplib_benders/qaoa_problems/nvars_07/highschool1-aigio_ds_qaoa_spreadEventsUB_SpreadEvents1_108_Th_subeventsNotActive_108_1_1_0002.json,7,21,2,ddsim,30,256,ok,99.03764037706424,408.03125,17.0,"{""row_slack_spreadEventsUB_SpreadEvents1_108_Th"": 0, ""row_slack_subeventsNotActive_108_1_1"": 7, ""y(108#1#1,Mo_5)"": 0, ""y(108#1#1,Mo_6)"": 6, ""y(108#1#1,Th_4)"": 0, ""y(108#1#1,Th_5)"": 0, ""y(108#1#1,Th_6)"": 1}",0.0,"{""row_slack_spreadEventsUB_SpreadEvents1_108_Th"": 1, ""row_slack_subeventsNotActive_108_1_1"": 0, ""y(108#1#1,Mo_5)"": 0, ""y(108#1#1,Mo_6)"": 0, ""y(108#1#1,Th_4)"": 0, ""y(108#1#1,Th_5)"": 0, ""y(108#1#1,Th_6)"": 0}",0.99609375,"[[0, 0, 0, 0, 0, 0, 0, 0, 0, 0, 0, 0, 0, 0, 0, 1, 0, 0, 0, 0, 0], [1, 0, 0, 0, 0, 0, 1, 0, 0, 0, 0, 0, 0, 0, 0, 1, 1, 0, 0, 0, 0]]","[0.99609375, 0.00390625]",28,301,44,143,327,
highschool1-aigio_ds_qaoa_spreadEventsUB_SpreadEvents1_108_Th_subeventsNotActive_108_1_1_0003,data/miplib_benders/qaoa_problems/nvars_07/highschool1-aigio_ds_qaoa_spreadEventsUB_SpreadEvents1_108_Th_subeventsNotActive_108_1_1_0003.json,7,21,2,ddsim,30,256,ok,134.31208457704633,407.90625,12.0,"{""row_slack_spreadEventsUB_SpreadEvents1_108_Th"": 0, ""row_slack_subeventsNotActive_108_1_1"": 7, ""y(108#1#1,Mo_6)"": 7, ""y(108#1#1,Th_4)"": 0, ""y(108#1#1,Th_5)"": 0, ""y(108#1#1,Th_6)"": 0, ""y(108#1#2,Th_4)"": 1}",0.0,"{""row_slack_spreadEventsUB_SpreadEvents1_108_Th"": 1, ""row_slack_subeventsNotActive_108_1_1"": 0, ""y(108#1#1,Mo_6)"": 0, ""y(108#1#1,Th_4)"": 0, ""y(108#1#1,Th_5)"": 0, ""y(108#1#1,Th_6)"": 0, ""y(108#1#2,Th_4)"": 0}",0.9921875,"[[0, 0, 0, 0, 0, 0, 0, 0, 0, 0, 0, 0, 0, 0, 0, 1, 0, 0, 0, 0, 0], [0, 0, 0, 1, 0, 0, 0, 0, 0, 0, 1, 0, 0, 0, 0, 1, 0, 0, 0, 0, 0], [1, 0, 0, 1, 0, 0, 0, 0, 0, 0, 0, 0, 0, 0, 1, 1, 0, 0, 0, 0, 0]]","[0.9921875, 0.00390625, 0.00390625]",31,451,44,218,428,
highschool1-aigio_ds_qaoa_spreadEventsUB_SpreadEvents1_108_Th_subeventsNotActive_108_1_1_0004,data/miplib_benders/qaoa_problems/nvars_07/highschool1-aigio_ds_qaoa_spreadEventsUB_SpreadEvents1_108_Th_subeventsNotActive_108_1_1_0004.json,7,21,2,ddsim,30,256,ok,92.14176543208305,404.65234375,5.0,"{""row_slack_spreadEventsUB_SpreadEvents1_108_Th"": 0, ""row_slack_subeventsNotActive_108_1_1"": 0, ""y(108#1#1,Th_4)"": 0, ""y(108#1#1,Th_5)"": 0, ""y(108#1#1,Th_6)"": 0, ""y(108#1#2,Th_4)"": 0, ""y(108#1#2,Th_5)"": 1}",0.0,"{""row_slack_spreadEventsUB_SpreadEvents1_108_Th"": 1, ""row_slack_subeventsNotActive_108_1_1"": 0, ""y(108#1#1,Th_4)"": 0, ""y(108#1#1,Th_5)"": 0, ""y(108#1#1,Th_6)"": 0, ""y(108#1#2,Th_4)"": 0, ""y(108#1#2,Th_5)"": 0}",1.0,"[[0, 0, 0, 0, 0, 0, 0, 0, 0, 0, 0, 0, 0, 0, 0, 1, 0, 0, 0, 0, 0]]",[1.0],21,262,44,125,329,
irp_ds_qaoa_R0010_R0015_0001,data/miplib_benders/qaoa_problems/nvars_07/irp_ds_qaoa_R0010_R0015_0001.json,7,21,2,ddsim,30,256,ok,224.3939921030542,405.6328125,6154830000.0,"{""C16904"": 1, ""C16905"": 0, ""C16906"": 0, ""C16908"": 0, ""C16909"": 0, ""C16910"": 0, ""C16911"": 0}",,,,"[[1, 0, 1, 1, 1, 0, 1, 0, 0, 1, 1, 0, 1, 1, 0, 0, 0, 0, 1, 1, 0], [1, 1, 0, 0, 0, 0, 1, 0, 0, 1, 1, 0, 1, 1, 0, 1, 1, 0, 1, 0, 1], [1, 1, 0, 0, 0, 0, 1, 0, 0, 1, 1, 0, 1, 1, 0, 1, 1, 0, 1, 1, 0], [1, 1, 0, 1, 0, 1, 1, 0, 0, 1, 1, 0, 1, 1, 0, 1, 1, 0, 1, 1, 0], [1, 1, 0, 1, 1, 0, 1, 0, 0, 1, 0, 1, 1, 1, 0, 1, 1, 0, 1, 1, 0], [1, 1, 0, 1, 1, 0, 1, 0, 0, 1, 1, 0, 0, 0, 0, 1, 1, 0, 1, 1, 0], [1, 1, 0, 1, 1, 0, 1, 0, 0, 1, 1, 0, 1, 0, 1, 1, 1, 0, 1, 1, 0], [1, 1, 0, 1, 1, 0, 1, 0, 0, 1, 1, 0, 1, 1, 0, 0, 0, 0, 1, 1, 0], [1, 1, 0, 1, 1, 0, 1, 0, 0, 1, 1, 0, 1, 1, 0, 1, 0, 1, 1, 1, 0], [1, 1, 0, 1, 1, 0, 1, 0, 0, 1, 1, 0, 1, 1, 0, 1, 1, 0, 0, 0, 0], [1, 1, 0, 1, 1, 0, 1, 0, 0, 1, 1, 0, 1, 1, 0, 1, 1, 0, 1, 0, 1], [1, 1, 0, 1, 1, 0, 1, 0, 0, 1, 1, 0, 1, 1, 0, 1, 1, 0, 1, 1, 0]]","[0.00390625, 0.00390625, 0.0234375, 0.01953125, 0.015625, 0.02734375, 0.02734375, 0.01171875, 0.01953125, 0.015625, 0.01171875, 0.8203125]",31,149,44,66,228,
leo1_ds_qaoa_R0000031_R0000042_0002,data/miplib_benders/qaoa_problems/nvars_07/leo1_ds_qaoa_R0000031_R0000042_0002.json,7,21,2,ddsim,30,256,ok,355.37243567197584,390.1953125,14.0,"{""C0003538"": 0, ""C0003539"": 0, ""C0003540"": 0, ""C0003541"": 1, ""C0003572"": 2, ""row_slack_R0000031"": 6, ""row_slack_R0000042"": 0}",8.0,"{""C0003538"": 0, ""C0003539"": 0, ""C0003540"": 0, ""C0003541"": 2, ""C0003572"": 0, ""row_slack_R0000031"": 4, ""row_slack_R0000042"": 3}",1.0,"[[0, 0, 0, 0, 0, 0, 0, 0, 0, 0, 1, 0, 0, 0, 0, 0, 0, 1, 1, 1, 0]]",[1.0],23,202,44,93,240,
leo1_ds_qaoa_R0000031_R0000042_0003,data/miplib_benders/qaoa_problems/nvars_07/leo1_ds_qaoa_R0000031_R0000042_0003.json,7,21,2,ddsim,30,256,ok,288.7862044640351,407.12890625,12.0,"{""C0003539"": 0, ""C0003540"": 0, ""C0003541"": 1, ""C0003572"": 1, ""C0003573"": 1, ""row_slack_R0000031"": 7, ""row_slack_R0000042"": 0}",6.0,"{""C0003539"": 0, ""C0003540"": 0, ""C0003541"": 2, ""C0003572"": 0, ""C0003573"": 0, ""row_slack_R0000031"": 4, ""row_slack_R0000042"": 3}",1.0,"[[0, 0, 0, 0, 0, 0, 0, 1, 0, 0, 0, 0, 0, 0, 0, 0, 0, 1, 1, 1, 0]]",[1.0],26,162,44,75,240,
leo1_ds_qaoa_R0000042_R0000043_0002,data/miplib_benders/qaoa_problems/nvars_07/leo1_ds_qaoa_R0000042_R0000043_0002.json,7,21,2,ddsim,30,256,ok,454.8804413010366,406.49609375,14.0,"{""C0003538"": 0, ""C0003539"": 0, ""C0003540"": 0, ""C0003541"": 1, ""C0003572"": 2, ""row_slack_R0000042"": 0, ""row_slack_R0000043"": 6}",8.0,"{""C0003538"": 0, ""C0003539"": 0, ""C0003540"": 0, ""C0003541"": 2, ""C0003572"": 0, ""row_slack_R0000042"": 3, ""row_slack_R0000043"": 6}",1.0,"[[0, 0, 0, 0, 0, 0, 0, 0, 0, 0, 1, 0, 0, 0, 0, 1, 1, 0, 0, 1, 1]]",[1.0],24,216,44,99,249,
leo1_ds_qaoa_R0000042_R0000043_0003,data/miplib_benders/qaoa_problems/nvars_07/leo1_ds_qaoa_R0000042_R0000043_0003.json,7,21,2,ddsim,30,256,ok,297.23743380699307,406.734375,12.0,"{""C0003539"": 0, ""C0003540"": 0, ""C0003541"": 1, ""C0003572"": 1, ""C0003573"": 1, ""row_slack_R0000042"": 0, ""row_slack_R0000043"": 7}",6.0,"{""C0003539"": 0, ""C0003540"": 0, ""C0003541"": 2, ""C0003572"": 0, ""C0003573"": 0, ""row_slack_R0000042"": 3, ""row_slack_R0000043"": 6}",1.0,"[[0, 0, 0, 0, 0, 0, 0, 1, 0, 0, 0, 0, 0, 0, 0, 1, 1, 0, 0, 1, 1]]",[1.0],26,176,44,81,249,
leo1_ds_qaoa_R0000043_R0000047_0004,data/miplib_benders/qaoa_problems/nvars_07/leo1_ds_qaoa_R0000043_R0000047_0004.json,7,21,2,ddsim,30,256,ok,148.95801127597224,412.65625,13.0,"{""C0003540"": 0, ""C0003541"": 0, ""C0003572"": 3, ""C0003573"": 1, ""C0003574"": 0, ""row_slack_R0000043"": 7, ""row_slack_R0000047"": 7}",10.0,"{""C0003540"": 0, ""C0003541"": 0, ""C0003572"": 0, ""C0003573"": 0, ""C0003574"": 2, ""row_slack_R0000043"": 6, ""row_slack_R0000047"": 6}",0.9921875,"[[0, 0, 0, 0, 0, 0, 0, 0, 0, 0, 0, 0, 0, 1, 0, 0, 1, 1, 0, 1, 1], [0, 0, 0, 0, 0, 0, 0, 0, 0, 0, 0, 0, 0, 1, 0, 0, 1, 1, 1, 1, 1], [1, 0, 1, 0, 0, 0, 0, 0, 0, 0, 0, 0, 0, 1, 0, 0, 1, 1, 0, 1, 1]]","[0.9921875, 0.00390625, 0.00390625]",31,452,44,221,445,
leo1_ds_qaoa_R0000043_R0000047_0005,data/miplib_benders/qaoa_problems/nvars_07/leo1_ds_qaoa_R0000043_R0000047_0005.json,7,21,2,ddsim,30,256,ok,160.1200083689764,417.9140625,10.0,"{""C0003541"": 0, ""C0003572"": 0, ""C0003573"": 0, ""C0003574"": 0, ""C0003575"": 2, ""row_slack_R0000043"": 6, ""row_slack_R0000047"": 6}",10.0,"{""C0003541"": 0, ""C0003572"": 0, ""C0003573"": 0, ""C0003574"": 0, ""C0003575"": 2, ""row_slack_R0000043"": 6, ""row_slack_R0000047"": 6}",1.0,"[[0, 0, 0, 0, 0, 0, 0, 0, 0, 0, 0, 0, 0, 1, 0, 0, 1, 1, 0, 1, 1]]",[1.0],24,562,44,278,544,
leo1_ds_qaoa_R0000047_R0000048_0004,data/miplib_benders/qaoa_problems/nvars_07/leo1_ds_qaoa_R0000047_R0000048_0004.json,7,21,2,ddsim,30,256,ok,133.1520619590301,412.73828125,13.0,"{""C0003540"": 0, ""C0003541"": 0, ""C0003572"": 3, ""C0003573"": 1, ""C0003574"": 0, ""row_slack_R0000047"": 7, ""row_slack_R0000048"": 4}",10.0,"{""C0003540"": 0, ""C0003541"": 0, ""C0003572"": 0, ""C0003573"": 0, ""C0003574"": 2, ""row_slack_R0000047"": 6, ""row_slack_R0000048"": 3}",1.0,"[[0, 0, 0, 0, 0, 0, 0, 0, 0, 0, 0, 0, 0, 1, 0, 0, 1, 1, 1, 1, 0]]",[1.0],22,333,44,160,350,
leo1_ds_qaoa_R0000047_R0000048_0005,data/miplib_benders/qaoa_problems/nvars_07/leo1_ds_qaoa_R0000047_R0000048_0005.json,7,21,2,ddsim,30,256,ok,121.27521705499385,417.640625,10.0,"{""C0003541"": 0, ""C0003572"": 0, ""C0003573"": 0, ""C0003574"": 0, ""C0003575"": 2, ""row_slack_R0000047"": 6, ""row_slack_R0000048"": 5}",10.0,"{""C0003541"": 0, ""C0003572"": 0, ""C0003573"": 0, ""C0003574"": 0, ""C0003575"": 2, ""row_slack_R0000047"": 6, ""row_slack_R0000048"": 5}",1.0,"[[0, 0, 0, 0, 0, 0, 0, 0, 0, 0, 0, 0, 0, 1, 0, 0, 1, 1, 1, 0, 1]]",[1.0],22,410,44,200,420,
leo1_ds_qaoa_R0000097_R0000335_0002,data/miplib_benders/qaoa_problems/nvars_07/leo1_ds_qaoa_R0000097_R0000335_0002.json,7,21,2,ddsim,30,256,ok,127.66900073410943,390.8203125,39.0,"{""C0003538"": 0, ""C0003539"": 0, ""C0003540"": 0, ""C0003541"": 1, ""C0003572"": 7, ""row_slack_R0000097"": 6, ""row_slack_R0000335"": 0}",20.0,"{""C0003538"": 0, ""C0003539"": 0, ""C0003540"": 0, ""C0003541"": 0, ""C0003572"": 4, ""row_slack_R0000097"": 2, ""row_slack_R0000335"": 1}",1.0,"[[0, 0, 0, 0, 0, 0, 0, 0, 0, 0, 0, 0, 0, 0, 1, 0, 1, 0, 1, 0, 0]]",[1.0],23,302,44,143,329,
leo1_ds_qaoa_R0000097_R0000335_0003,data/miplib_benders/qaoa_problems/nvars_07/leo1_ds_qaoa_R0000097_R0000335_0003.json,7,21,2,ddsim,30,256,ok,130.32365848799236,392.7734375,43.0,"{""C0003539"": 0, ""C0003540"": 0, ""C0003541"": 0, ""C0003572"": 2, ""C0003573"": 7, ""row_slack_R0000097"": 7, ""row_slack_R0000335"": 1}",20.0,"{""C0003539"": 0, ""C0003540"": 0, ""C0003541"": 0, ""C0003572"": 0, ""C0003573"": 4, ""row_slack_R0000097"": 2, ""row_slack_R0000335"": 1}",1.0,"[[0, 0, 0, 0, 0, 0, 0, 0, 0, 0, 0, 0, 0, 0, 1, 0, 1, 0, 1, 0, 0]]",[1.0],23,262,44,125,329,
leo1_ds_qaoa_R0000339_R0000535_0004,data/miplib_benders/qaoa_problems/nvars_07/leo1_ds_qaoa_R0000339_R0000535_0004.json,7,21,2,ddsim,30,256,ok,121.5934240949573,403.9453125,19.0,"{""C0003540"": 0, ""C0003541"": 7, ""C0003572"": 0, ""C0003573"": 0, ""C0003574"": 1, ""row_slack_R0000339"": 0, ""row_slack_R0000535"": 7}",5.0,"{""C0003540"": 0, ""C0003541"": 0, ""C0003572"": 0, ""C0003573"": 0, ""C0003574"": 1, ""row_slack_R0000339"": 0, ""row_slack_R0000535"": 0}",1.0,"[[0, 0, 0, 0, 0, 0, 0, 0, 0, 0, 0, 0, 1, 0, 0, 0, 0, 0, 0, 0, 0]]",[1.0],27,301,44,143,327,
leo1_ds_qaoa_R0000339_R0000535_0005,data/miplib_benders/qaoa_problems/nvars_07/leo1_ds_qaoa_R0000339_R0000535_0005.json,7,21,2,ddsim,30,256,ok,70.2026055600727,407.9140625,12.0,"{""C0003541"": 7, ""C0003572"": 0, ""C0003573"": 0, ""C0003574"": 0, ""C0003575"": 1, ""row_slack_R0000339"": 0, ""row_slack_R0000535"": 7}",5.0,"{""C0003541"": 0, ""C0003572"": 0, ""C0003573"": 0, ""C0003574"": 0, ""C0003575"": 1, ""row_slack_R0000339"": 0, ""row_slack_R0000535"": 0}",0.9921875,"[[0, 0, 0, 0, 0, 0, 0, 0, 0, 0, 0, 0, 1, 0, 0, 0, 0, 0, 0, 0, 0], [1, 0, 0, 1, 0, 0, 0, 0, 0, 0, 0, 0, 1, 0, 0, 0, 0, 1, 0, 0, 0], [1, 0, 0, 1, 0, 0, 0, 0, 0, 0, 0, 0, 1, 0, 0, 0, 1, 0, 0, 0, 0]]","[0.9921875, 0.00390625, 0.00390625]",26,341,44,161,327,
leo1_ds_qaoa_R0000541_R0000542_0003,data/miplib_benders/qaoa_problems/nvars_07/leo1_ds_qaoa_R0000541_R0000542_0003.json,7,21,2,ddsim,30,256,ok,171.63867630402092,408.421875,31.0,"{""C0003539"": 0, ""C0003540"": 0, ""C0003541"": 1, ""C0003572"": 7, ""C0003573"": 0, ""row_slack_R0000541"": 0, ""row_slack_R0000542"": 7}",12.0,"{""C0003539"": 0, ""C0003540"": 0, ""C0003541"": 4, ""C0003572"": 0, ""C0003573"": 0, ""row_slack_R0000541"": 3, ""row_slack_R0000542"": 6}",1.0,"[[0, 0, 0, 0, 0, 0, 0, 0, 1, 0, 0, 0, 0, 0, 0, 1, 1, 0, 0, 1, 1]]",[1.0],31,302,44,143,329,
leo2_ds_qaoa_R0000079_R0000090_0007,data/miplib_benders/qaoa_problems/nvars_07/leo2_ds_qaoa_R0000079_R0000090_0007.json,7,21,2,ddsim,30,256,ok,180.00727838196326,406.2421875,34.0,"{""C0005737"": 0, ""C0005738"": 0, ""C0005739"": 0, ""C0005740"": 1, ""C0005788"": 6, ""row_slack_R0000079"": 7, ""row_slack_R0000090"": 1}",16.0,"{""C0005737"": 0, ""C0005738"": 0, ""C0005739"": 0, ""C0005740"": 4, ""C0005788"": 0, ""row_slack_R0000079"": 7, ""row_slack_R0000090"": 7}",0.9921875,"[[0, 0, 0, 0, 0, 0, 0, 0, 0, 0, 0, 1, 0, 0, 0, 1, 1, 1, 0, 1, 1], [0, 0, 0, 0, 0, 0, 0, 0, 0, 0, 0, 1, 0, 0, 0, 1, 1, 1, 1, 1, 1], [1, 0, 1, 0, 0, 0, 0, 0, 0, 0, 0, 1, 0, 0, 0, 1, 1, 1, 1, 1, 1]]","[0.00390625, 0.9921875, 0.00390625]",31,252,44,118,288,
leo2_ds_qaoa_R0000097_R0000335_0007,data/miplib_benders/qaoa_problems/nvars_07/leo2_ds_qaoa_R0000097_R0000335_0007.json,7,21,2,ddsim,30,256,ok,117.4590836170828,389.53125,39.0,"{""C0005737"": 0, ""C0005738"": 0, ""C0005739"": 0, ""C0005740"": 1, ""C0005788"": 7, ""row_slack_R0000097"": 7, ""row_slack_R0000335"": 0}",20.0,"{""C0005737"": 0, ""C0005738"": 0, ""C0005739"": 0, ""C0005740"": 0, ""C0005788"": 4, ""row_slack_R0000097"": 2, ""row_slack_R0000335"": 1}",1.0,"[[0, 0, 0, 0, 0, 0, 0, 0, 0, 0, 0, 0, 0, 0, 1, 0, 1, 0, 1, 0, 0]]",[1.0],22,302,44,143,321,
leo2_ds_qaoa_R0000097_R0000335_0008,data/miplib_benders/qaoa_problems/nvars_07/leo2_ds_qaoa_R0000097_R0000335_0008.json,7,21,2,ddsim,30,256,ok,311.425679501961,407.90234375,43.0,"{""C0005738"": 0, ""C0005739"": 0, ""C0005740"": 0, ""C0005788"": 2, ""C0005789"": 7, ""row_slack_R0000097"": 7, ""row_slack_R0000335"": 1}",20.0,"{""C0005738"": 0, ""C0005739"": 0, ""C0005740"": 0, ""C0005788"": 0, ""C0005789"": 4, ""row_slack_R0000097"": 2, ""row_slack_R0000335"": 1}",1.0,"[[0, 0, 0, 0, 0, 0, 0, 0, 0, 0, 0, 0, 0, 0, 1, 0, 1, 0, 1, 0, 0]]",[1.0],23,262,44,125,317,
leo2_ds_qaoa_R0000335_R0000535_0007,data/miplib_benders/qaoa_problems/nvars_07/leo2_ds_qaoa_R0000335_R0000535_0007.json,7,21,2,ddsim,30,256,ok,275.62954403006006,474.50390625,39.0,"{""C0005737"": 0, ""C0005738"": 0, ""C0005739"": 0, ""C0005740"": 1, ""C0005788"": 7, ""row_slack_R0000335"": 0, ""row_slack_R0000535"": 7}",20.0,"{""C0005737"": 0, ""C0005738"": 0, ""C0005739"": 0, ""C0005740"": 0, ""C0005788"": 4, ""row_slack_R0000335"": 1, ""row_slack_R0000535"": 3}",1.0,"[[0, 0, 0, 0, 0, 0, 0, 0, 0, 0, 0, 0, 0, 0, 1, 1, 0, 0, 1, 1, 0]]",[1.0],21,342,44,161,332,
leo2_ds_qaoa_R0000335_R0000535_0008,data/miplib_benders/qaoa_problems/nvars_07/leo2_ds_qaoa_R0000335_R0000535_0008.json,7,21,2,ddsim,30,256,ok,161.53413213195745,408.0390625,39.0,"{""C0005738"": 0, ""C0005739"": 0, ""C0005740"": 0, ""C0005788"": 1, ""C0005789"": 7, ""row_slack_R0000335"": 1, ""row_slack_R0000535"": 7}",20.0,"{""C0005738"": 0, ""C0005739"": 0, ""C0005740"": 0, ""C0005788"": 0, ""C0005789"": 4, ""row_slack_R0000335"": 1, ""row_slack_R0000535"": 3}",0.99609375,"[[0, 0, 0, 0, 0, 0, 0, 0, 0, 0, 0, 0, 0, 0, 1, 1, 0, 0, 1, 1, 0], [0, 0, 0, 0, 0, 0, 0, 0, 0, 1, 0, 0, 0, 1, 1, 1, 0, 0, 1, 1, 0]]","[0.99609375, 0.00390625]",22,302,44,143,332,
leo2_ds_qaoa_R0000571_R0000582_0008,data/miplib_benders/qaoa_problems/nvars_07/leo2_ds_qaoa_R0000571_R0000582_0008.json,7,21,2,ddsim,30,256,ok,233.22267716610804,409.15625,31.0,"{""C0005738"": 0, ""C0005739"": 0, ""C0005740"": 1, ""C0005788"": 7, ""C0005789"": 0, ""row_slack_R0000571"": 7, ""row_slack_R0000582"": 0}",12.0,"{""C0005738"": 0, ""C0005739"": 0, ""C0005740"": 4, ""C0005788"": 0, ""C0005789"": 0, ""row_slack_R0000571"": 6, ""row_slack_R0000582"": 6}",1.0,"[[0, 0, 0, 0, 0, 0, 0, 0, 1, 0, 0, 0, 0, 0, 0, 0, 1, 1, 0, 1, 1]]",[1.0],24,212,44,100,286,
neos-3216931-puriri_ds_qaoa_R0626_R5329_0008,data/miplib_benders/qaoa_problems/nvars_07/neos-3216931-puriri_ds_qaoa_R0626_R5329_0008.json,7,21,2,ddsim,30,256,ok,213.3455625870265,407.87890625,70000.0,"{""C0829"": 5, ""C0861"": 1, ""C0892"": 0, ""C0924"": 0, ""C0956"": 1, ""row_slack_R0626"": 0, ""row_slack_R5329"": 7}",0.0,"{""C0829"": 0, ""C0861"": 0, ""C0892"": 0, ""C0924"": 0, ""C0956"": 0, ""row_slack_R0626"": 2, ""row_slack_R5329"": 0}",1.0,"[[0, 0, 0, 0, 0, 0, 0, 0, 0, 0, 0, 0, 0, 0, 0, 0, 1, 0, 0, 0, 0]]",[1.0],25,341,44,161,327,
neos-5188808-nattai_ds_qaoa_R15181_R15052_0006,data/miplib_benders/qaoa_problems/nvars_07/neos-5188808-nattai_ds_qaoa_R15181_R15052_0006.json,7,21,2,ddsim,30,256,ok,219.7989989350317,476.17578125,45.0,"{""C14304"": 4, ""C14305"": 7, ""C14306"": 7, ""C14308"": 0, ""C14309"": 0, ""C14310"": 1, ""row_slack_R15052"": 3}",45.0,"{""C14304"": 4, ""C14305"": 7, ""C14306"": 7, ""C14308"": 0, ""C14309"": 0, ""C14310"": 1, ""row_slack_R15052"": 3}",0.99609375,"[[0, 0, 1, 1, 1, 1, 1, 1, 1, 0, 0, 0, 0, 0, 0, 1, 0, 0, 1, 1, 0], [1, 0, 1, 1, 1, 1, 1, 1, 1, 1, 0, 0, 0, 0, 1, 1, 0, 0, 1, 1, 0]]","[0.99609375, 0.00390625]",31,462,44,225,460,
neos8_ds_qaoa_R0001_R0002_0001,data/miplib_benders/qaoa_problems/nvars_07/neos8_ds_qaoa_R0001_R0002_0001.json,7,21,2,ddsim,30,256,ok,154.83696978609078,406.90234375,-0.0,"{""C0001"": 0, ""C0002"": 0, ""C0005"": 0, ""C0006"": 0, ""C0009"": 0, ""row_slack_R0001"": 1, ""row_slack_R0002"": 1}",0.0,"{""C0001"": 0, ""C0002"": 0, ""C0005"": 0, ""C0006"": 0, ""C0009"": 0, ""row_slack_R0001"": 1, ""row_slack_R0002"": 1}",1.0,"[[0, 0, 0, 0, 0, 0, 0, 0, 0, 0, 0, 0, 0, 0, 0, 1, 0, 0, 1, 0, 0]]",[1.0],20,302,44,143,330,
neos8_ds_qaoa_R0001_R0002_0002,data/miplib_benders/qaoa_problems/nvars_07/neos8_ds_qaoa_R0001_R0002_0002.json,7,21,2,ddsim,30,256,ok,112.91812317201402,477.55078125,-0.0,"{""C0002"": 0, ""C0005"": 0, ""C0006"": 0, ""C0009"": 0, ""C0013"": 0, ""row_slack_R0001"": 1, ""row_slack_R0002"": 1}",0.0,"{""C0002"": 0, ""C0005"": 0, ""C0006"": 0, ""C0009"": 0, ""C0013"": 0, ""row_slack_R0001"": 1, ""row_slack_R0002"": 1}",1.0,"[[0, 0, 0, 0, 0, 0, 0, 0, 0, 0, 0, 0, 0, 0, 0, 1, 0, 0, 1, 0, 0]]",[1.0],25,455,44,220,431,
neos8_ds_qaoa_R0001_R0002_0003,data/miplib_benders/qaoa_problems/nvars_07/neos8_ds_qaoa_R0001_R0002_0003.json,7,21,2,ddsim,30,256,ok,64.62471741298214,411.32421875,-0.0,"{""C0005"": 0, ""C0006"": 0, ""C0009"": 0, ""C0013"": 0, ""C0014"": 0, ""row_slack_R0001"": 1, ""row_slack_R0002"": 1}",0.0,"{""C0005"": 0, ""C0006"": 0, ""C0009"": 0, ""C0013"": 0, ""C0014"": 0, ""row_slack_R0001"": 1, ""row_slack_R0002"": 1}",1.0,"[[0, 0, 0, 0, 0, 0, 0, 0, 0, 0, 0, 0, 0, 0, 0, 1, 0, 0, 1, 0, 0]]",[1.0],26,565,44,277,530,
neos8_ds_qaoa_R0001_R0002_0004,data/miplib_benders/qaoa_problems/nvars_07/neos8_ds_qaoa_R0001_R0002_0004.json,7,21,2,ddsim,30,256,ok,117.08608660695609,411.4765625,-0.0,"{""C0006"": 0, ""C0009"": 0, ""C0013"": 0, ""C0014"": 0, ""C0017"": 0, ""row_slack_R0001"": 1, ""row_slack_R0002"": 1}",0.0,"{""C0006"": 0, ""C0009"": 0, ""C0013"": 0, ""C0014"": 0, ""C0017"": 0, ""row_slack_R0001"": 1, ""row_slack_R0002"": 1}",1.0,"[[0, 0, 0, 0, 0, 0, 0, 0, 0, 0, 0, 0, 0, 0, 0, 1, 0, 0, 1, 0, 0]]",[1.0],25,525,44,259,530,
neos8_ds_qaoa_R0001_R0002_0005,data/miplib_benders/qaoa_problems/nvars_07/neos8_ds_qaoa_R0001_R0002_0005.json,7,21,2,ddsim,30,256,ok,245.87514212704264,410.29296875,-0.0,"{""C0009"": 0, ""C0013"": 0, ""C0014"": 0, ""C0017"": 0, ""C0018"": 0, ""row_slack_R0001"": 1, ""row_slack_R0002"": 1}",0.0,"{""C0009"": 0, ""C0013"": 0, ""C0014"": 0, ""C0017"": 0, ""C0018"": 0, ""row_slack_R0001"": 1, ""row_slack_R0002"": 1}",0.98828125,"[[0, 0, 0, 0, 0, 0, 0, 0, 0, 0, 0, 0, 0, 0, 0, 1, 0, 0, 1, 0, 0], [0, 0, 0, 1, 0, 0, 0, 0, 0, 0, 0, 0, 0, 0, 0, 1, 0, 0, 0, 0, 0], [0, 0, 0, 1, 0, 0, 0, 0, 0, 0, 0, 0, 0, 0, 0, 1, 0, 0, 1, 1, 0], [1, 0, 0, 1, 0, 0, 0, 0, 0, 0, 0, 1, 0, 0, 0, 1, 0, 0, 1, 0, 0]]","[0.98828125, 0.00390625, 0.00390625, 0.00390625]",29,412,44,200,427,
neos8_ds_qaoa_R0001_R0002_0006,data/miplib_benders/qaoa_problems/nvars_07/neos8_ds_qaoa_R0001_R0002_0006.json,7,21,2,ddsim,30,256,ok,113.02916857996024,408.0390625,-0.0,"{""C0013"": 0, ""C0014"": 0, ""C0017"": 0, ""C0018"": 0, ""C0022"": 0, ""row_slack_R0001"": 1, ""row_slack_R0002"": 1}",0.0,"{""C0013"": 0, ""C0014"": 0, ""C0017"": 0, ""C0018"": 0, ""C0022"": 0, ""row_slack_R0001"": 1, ""row_slack_R0002"": 1}",1.0,"[[0, 0, 0, 0, 0, 0, 0, 0, 0, 0, 0, 0, 0, 0, 0, 1, 0, 0, 1, 0, 0]]",[1.0],23,412,44,200,431,
neos8_ds_qaoa_R0001_R0002_0007,data/miplib_benders/qaoa_problems/nvars_07/neos8_ds_qaoa_R0001_R0002_0007.json,7,21,2,ddsim,30,256,ok,93.84257677197456,415.125,-0.0,"{""C0014"": 0, ""C0017"": 0, ""C0018"": 0, ""C0022"": 0, ""C0023"": 0, ""row_slack_R0001"": 1, ""row_slack_R0002"": 1}",0.0,"{""C0014"": 0, ""C0017"": 0, ""C0018"": 0, ""C0022"": 0, ""C0023"": 0, ""row_slack_R0001"": 1, ""row_slack_R0002"": 1}",0.99609375,"[[0, 0, 0, 0, 0, 0, 0, 0, 0, 0, 0, 0, 0, 0, 0, 1, 0, 0, 1, 0, 0], [1, 0, 0, 0, 0, 0, 0, 0, 0, 0, 0, 0, 0, 0, 0, 1, 0, 0, 1, 1, 0]]","[0.99609375, 0.00390625]",27,455,44,220,431,
neos8_ds_qaoa_R0001_R0002_0008,data/miplib_benders/qaoa_problems/nvars_07/neos8_ds_qaoa_R0001_R0002_0008.json,7,21,2,ddsim,30,256,ok,66.4879756119335,469.98828125,-0.0,"{""C0017"": 0, ""C0018"": 0, ""C0022"": 0, ""C0023"": 0, ""C0024"": 0, ""row_slack_R0001"": 1, ""row_slack_R0002"": 1}",0.0,"{""C0017"": 0, ""C0018"": 0, ""C0022"": 0, ""C0023"": 0, ""C0024"": 0, ""row_slack_R0001"": 1, ""row_slack_R0002"": 1}",1.0,"[[0, 0, 0, 0, 0, 0, 0, 0, 0, 0, 0, 0, 0, 0, 0, 1, 0, 0, 1, 0, 0]]",[1.0],29,565,44,277,530,
neos8_ds_qaoa_R0001_R0002_0009,data/miplib_benders/qaoa_problems/nvars_07/neos8_ds_qaoa_R0001_R0002_0009.json,7,21,2,ddsim,30,256,ok,149.08029061602429,410.671875,-0.0,"{""C0018"": 0, ""C0022"": 0, ""C0023"": 0, ""C0024"": 0, ""C0025"": 0, ""row_slack_R0001"": 1, ""row_slack_R0002"": 1}",0.0,"{""C0018"": 0, ""C0022"": 0, ""C0023"": 0, ""C0024"": 0, ""C0025"": 0, ""row_slack_R0001"": 1, ""row_slack_R0002"": 1}",1.0,"[[0, 0, 0, 0, 0, 0, 0, 0, 0, 0, 0, 0, 0, 0, 0, 1, 0, 0, 1, 0, 0]]",[1.0],27,565,44,277,530,
neos8_ds_qaoa_R0002_R0003_0001,data/miplib_benders/qaoa_problems/nvars_07/neos8_ds_qaoa_R0002_R0003_0001.json,7,21,2,ddsim,30,256,ok,181.8501637110021,410.59765625,-0.0,"{""C0001"": 0, ""C0002"": 0, ""C0005"": 0, ""C0006"": 0, ""C0009"": 0, ""row_slack_R0002"": 1, ""row_slack_R0003"": 1}",0.0,"{""C0001"": 0, ""C0002"": 0, ""C0005"": 0, ""C0006"": 0, ""C0009"": 0, ""row_slack_R0002"": 1, ""row_slack_R0003"": 1}",1.0,"[[0, 0, 0, 0, 0, 0, 0, 0, 0, 0, 0, 0, 0, 0, 0, 1, 0, 0, 1, 0, 0]]",[1.0],24,415,44,202,431,
neos8_ds_qaoa_R0002_R0003_0002,data/miplib_benders/qaoa_problems/nvars_07/neos8_ds_qaoa_R0002_R0003_0002.json,7,21,2,ddsim,30,256,ok,107.24681755504571,414.96875,-0.0,"{""C0002"": 0, ""C0005"": 0, ""C0006"": 0, ""C0009"": 0, ""C0013"": 0, ""row_slack_R0002"": 1, ""row_slack_R0003"": 1}",0.0,"{""C0002"": 0, ""C0005"": 0, ""C0006"": 0, ""C0009"": 0, ""C0013"": 0, ""row_slack_R0002"": 1, ""row_slack_R0003"": 1}",1.0,"[[0, 0, 0, 0, 0, 0, 0, 0, 0, 0, 0, 0, 0, 0, 0, 1, 0, 0, 1, 0, 0]]",[1.0],23,415,44,202,431,
neos8_ds_qaoa_R0002_R0003_0003,data/miplib_benders/qaoa_problems/nvars_07/neos8_ds_qaoa_R0002_R0003_0003.json,7,21,2,ddsim,30,256,ok,132.8027122989297,408.09375,-0.0,"{""C0005"": 0, ""C0006"": 0, ""C0009"": 0, ""C0013"": 0, ""C0014"": 0, ""row_slack_R0002"": 1, ""row_slack_R0003"": 1}",0.0,"{""C0005"": 0, ""C0006"": 0, ""C0009"": 0, ""C0013"": 0, ""C0014"": 0, ""row_slack_R0002"": 1, ""row_slack_R0003"": 1}",0.99609375,"[[0, 0, 0, 0, 0, 0, 0, 0, 0, 0, 0, 0, 0, 0, 0, 1, 0, 0, 1, 0, 0], [1, 1, 0, 0, 0, 0, 0, 0, 0, 0, 0, 0, 0, 0, 0, 1, 0, 0, 1, 0, 0]]","[0.99609375, 0.00390625]",24,412,44,200,427,
neos8_ds_qaoa_R0002_R0003_0004,data/miplib_benders/qaoa_problems/nvars_07/neos8_ds_qaoa_R0002_R0003_0004.json,7,21,2,ddsim,30,256,ok,162.6877487419406,408.30078125,-0.0,"{""C0006"": 0, ""C0009"": 0, ""C0013"": 0, ""C0014"": 0, ""C0017"": 0, ""row_slack_R0002"": 1, ""row_slack_R0003"": 1}",0.0,"{""C0006"": 0, ""C0009"": 0, ""C0013"": 0, ""C0014"": 0, ""C0017"": 0, ""row_slack_R0002"": 1, ""row_slack_R0003"": 1}",1.0,"[[0, 0, 0, 0, 0, 0, 0, 0, 0, 0, 0, 0, 0, 0, 0, 1, 0, 0, 1, 0, 0]]",[1.0],23,412,44,200,427,
neos8_ds_qaoa_R0002_R0003_0005,data/miplib_benders/qaoa_problems/nvars_07/neos8_ds_qaoa_R0002_R0003_0005.json,7,21,2,ddsim,30,256,ok,60.81114503997378,415.69140625,-0.0,"{""C0009"": 0, ""C0013"": 0, ""C0014"": 0, ""C0017"": 0, ""C0018"": 0, ""row_slack_R0002"": 1, ""row_slack_R0003"": 1}",0.0,"{""C0009"": 0, ""C0013"": 0, ""C0014"": 0, ""C0017"": 0, ""C0018"": 0, ""row_slack_R0002"": 1, ""row_slack_R0003"": 1}",1.0,"[[0, 0, 0, 0, 0, 0, 0, 0, 0, 0, 0, 0, 0, 0, 0, 1, 0, 0, 1, 0, 0]]",[1.0],26,562,44,275,532,
neos8_ds_qaoa_R0002_R0003_0006,data/miplib_benders/qaoa_problems/nvars_07/neos8_ds_qaoa_R0002_R0003_0006.json,7,21,2,ddsim,30,256,ok,75.68792780395597,405.79296875,-0.0,"{""C0013"": 0, ""C0014"": 0, ""C0017"": 0, ""C0018"": 0, ""C0022"": 0, ""row_slack_R0002"": 1, ""row_slack_R0003"": 1}",0.0,"{""C0013"": 0, ""C0014"": 0, ""C0017"": 0, ""C0018"": 0, ""C0022"": 0, ""row_slack_R0002"": 1, ""row_slack_R0003"": 1}",1.0,"[[0, 0, 0, 0, 0, 0, 0, 0, 0, 0, 0, 0, 0, 0, 0, 1, 0, 0, 1, 0, 0]]",[1.0],20,415,44,202,431,
neos8_ds_qaoa_R0002_R0003_R0004_0004,data/miplib_benders/qaoa_problems/nvars_07/neos8_ds_qaoa_R0002_R0003_R0004_0004.json,7,21,3,ddsim,30,256,ok,111.14185346104205,415.0703125,-0.0,"{""C0006"": 0, ""C0009"": 0, ""C0013"": 0, ""C0014"": 0, ""row_slack_R0002"": 1, ""row_slack_R0003"": 1, ""row_slack_R0004"": 1}",0.0,"{""C0006"": 0, ""C0009"": 0, ""C0013"": 0, ""C0014"": 0, ""row_slack_R0002"": 1, ""row_slack_R0003"": 1, ""row_slack_R0004"": 1}",1.0,"[[0, 0, 0, 0, 0, 0, 0, 0, 0, 0, 0, 0, 1, 0, 0, 1, 0, 0, 1, 0, 0]]",[1.0],30,621,44,286,613,
neos8_ds_qaoa_R0003_R0004_0001,data/miplib_benders/qaoa_problems/nvars_07/neos8_ds_qaoa_R0003_R0004_0001.json,7,21,2,ddsim,30,256,ok,101.79445035289973,399.03515625,-0.0,"{""C0001"": 0, ""C0002"": 0, ""C0005"": 0, ""C0006"": 0, ""C0009"": 0, ""row_slack_R0003"": 1, ""row_slack_R0004"": 1}",0.0,"{""C0001"": 0, ""C0002"": 0, ""C0005"": 0, ""C0006"": 0, ""C0009"": 0, ""row_slack_R0003"": 1, ""row_slack_R0004"": 1}",1.0,"[[0, 0, 0, 0, 0, 0, 0, 0, 0, 0, 0, 0, 0, 0, 0, 1, 0, 0, 1, 0, 0]]",[1.0],23,262,44,125,328,
neos8_ds_qaoa_R0003_R0004_0002,data/miplib_benders/qaoa_problems/nvars_07/neos8_ds_qaoa_R0003_R0004_0002.json,7,21,2,ddsim,30,256,ok,78.51657957595307,410.43359375,-0.0,"{""C0002"": 0, ""C0005"": 0, ""C0006"": 0, ""C0009"": 0, ""C0013"": 0, ""row_slack_R0003"": 1, ""row_slack_R0004"": 1}",0.0,"{""C0002"": 0, ""C0005"": 0, ""C0006"": 0, ""C0009"": 0, ""C0013"": 0, ""row_slack_R0003"": 1, ""row_slack_R0004"": 1}",1.0,"[[0, 0, 0, 0, 0, 0, 0, 0, 0, 0, 0, 0, 0, 0, 0, 1, 0, 0, 1, 0, 0]]",[1.0],21,412,44,200,427,
neos8_ds_qaoa_R0003_R0004_0003,data/miplib_benders/qaoa_problems/nvars_07/neos8_ds_qaoa_R0003_R0004_0003.json,7,21,2,ddsim,30,256,ok,111.96244373603258,410.00390625,-0.0,"{""C0005"": 0, ""C0006"": 0, ""C0009"": 0, ""C0013"": 0, ""C0014"": 0, ""row_slack_R0003"": 1, ""row_slack_R0004"": 1}",0.0,"{""C0005"": 0, ""C0006"": 0, ""C0009"": 0, ""C0013"": 0, ""C0014"": 0, ""row_slack_R0003"": 1, ""row_slack_R0004"": 1}",1.0,"[[0, 0, 0, 0, 0, 0, 0, 0, 0, 0, 0, 0, 0, 0, 0, 1, 0, 0, 1, 0, 0]]",[1.0],25,302,44,143,330,
neos8_ds_qaoa_R0003_R0004_0004,data/miplib_benders/qaoa_problems/nvars_07/neos8_ds_qaoa_R0003_R0004_0004.json,7,21,2,ddsim,30,256,ok,81.15324973396491,411.140625,-0.0,"{""C0006"": 0, ""C0009"": 0, ""C0013"": 0, ""C0014"": 0, ""C0022"": 0, ""row_slack_R0003"": 1, ""row_slack_R0004"": 1}",0.0,"{""C0006"": 0, ""C0009"": 0, ""C0013"": 0, ""C0014"": 0, ""C0022"": 0, ""row_slack_R0003"": 1, ""row_slack_R0004"": 1}",1.0,"[[0, 0, 0, 0, 0, 0, 0, 0, 0, 0, 0, 0, 0, 0, 0, 1, 0, 0, 1, 0, 0]]",[1.0],27,452,44,218,431,
neos8_ds_qaoa_R0003_R0004_0005,data/miplib_benders/qaoa_problems/nvars_07/neos8_ds_qaoa_R0003_R0004_0005.json,7,21,2,ddsim,30,256,ok,167.93881971598603,404.33203125,-0.0,"{""C0009"": 0, ""C0013"": 0, ""C0014"": 0, ""C0022"": 0, ""C0023"": 0, ""row_slack_R0003"": 1, ""row_slack_R0004"": 1}",0.0,"{""C0009"": 0, ""C0013"": 0, ""C0014"": 0, ""C0022"": 0, ""C0023"": 0, ""row_slack_R0003"": 1, ""row_slack_R0004"": 1}",1.0,"[[0, 0, 0, 0, 0, 0, 0, 0, 0, 0, 0, 0, 0, 0, 0, 1, 0, 0, 1, 0, 0]]",[1.0],26,455,44,220,431,
neos8_ds_qaoa_R0003_R0004_0006,data/miplib_benders/qaoa_problems/nvars_07/neos8_ds_qaoa_R0003_R0004_0006.json,7,21,2,ddsim,30,256,ok,49.989759452990256,409.15234375,-0.0,"{""C0013"": 0, ""C0014"": 0, ""C0022"": 0, ""C0023"": 0, ""C0024"": 0, ""row_slack_R0003"": 1, ""row_slack_R0004"": 1}",0.0,"{""C0013"": 0, ""C0014"": 0, ""C0022"": 0, ""C0023"": 0, ""C0024"": 0, ""row_slack_R0003"": 1, ""row_slack_R0004"": 1}",0.98828125,"[[0, 0, 0, 0, 0, 0, 0, 0, 0, 0, 0, 0, 0, 0, 0, 1, 0, 0, 1, 0, 0], [0, 0, 0, 0, 0, 0, 1, 0, 1, 0, 0, 0, 0, 0, 0, 1, 0, 0, 1, 0, 0], [1, 0, 0, 0, 0, 0, 1, 0, 0, 0, 0, 0, 0, 0, 0, 1, 0, 0, 1, 0, 1], [1, 0, 0, 0, 0, 0, 1, 0, 0, 0, 0, 0, 0, 0, 0, 1, 0, 0, 1, 1, 0]]","[0.98828125, 0.00390625, 0.00390625, 0.00390625]",29,565,44,277,530,
neos8_ds_qaoa_R0004_R0065_0002,data/miplib_benders/qaoa_problems/nvars_07/neos8_ds_qaoa_R0004_R0065_0002.json,7,21,2,ddsim,30,256,ok,391.81236252503004,422.49609375,-0.0,"{""C0002"": 0, ""C0005"": 0, ""C0006"": 0, ""C0009"": 0, ""C0013"": 0, ""row_slack_R0004"": 1, ""row_slack_R0065"": 0}",0.0,"{""C0002"": 0, ""C0005"": 0, ""C0006"": 0, ""C0009"": 0, ""C0013"": 0, ""row_slack_R0004"": 1, ""row_slack_R0065"": 0}",1.0,"[[0, 0, 0, 0, 0, 0, 0, 0, 0, 0, 0, 0, 0, 0, 0, 1, 0, 0, 0, 0, 0]]",[1.0],30,425,44,206,420,
neos8_ds_qaoa_R0004_R0065_0003,data/miplib_benders/qaoa_problems/nvars_07/neos8_ds_qaoa_R0004_R0065_0003.json,7,21,2,ddsim,30,256,ok,348.7609367920086,406.7109375,-0.0,"{""C0005"": 0, ""C0006"": 0, ""C0009"": 0, ""C0013"": 0, ""C0014"": 0, ""row_slack_R0004"": 1, ""row_slack_R0065"": 0}",0.0,"{""C0005"": 0, ""C0006"": 0, ""C0009"": 0, ""C0013"": 0, ""C0014"": 0, ""row_slack_R0004"": 1, ""row_slack_R0065"": 0}",1.0,"[[0, 0, 0, 0, 0, 0, 0, 0, 0, 0, 0, 0, 0, 0, 0, 1, 0, 0, 0, 0, 0]]",[1.0],20,162,44,75,253,
neos8_ds_qaoa_R0004_R0065_0004,data/miplib_benders/qaoa_problems/nvars_07/neos8_ds_qaoa_R0004_R0065_0004.json,7,21,2,ddsim,30,256,ok,243.4814633850474,410.671875,-0.0,"{""C0006"": 0, ""C0009"": 0, ""C0013"": 0, ""C0014"": 0, ""C0017"": 0, ""row_slack_R0004"": 1, ""row_slack_R0065"": 0}",0.0,"{""C0006"": 0, ""C0009"": 0, ""C0013"": 0, ""C0014"": 0, ""C0017"": 0, ""row_slack_R0004"": 1, ""row_slack_R0065"": 0}",1.0,"[[0, 0, 0, 0, 0, 0, 0, 0, 0, 0, 0, 0, 0, 0, 0, 1, 0, 0, 0, 0, 0]]",[1.0],29,315,44,152,354,
neos8_ds_qaoa_R0004_R0065_0005,data/miplib_benders/qaoa_problems/nvars_07/neos8_ds_qaoa_R0004_R0065_0005.json,7,21,2,ddsim,30,256,ok,93.42296579689719,414.72265625,-0.0,"{""C0009"": 0, ""C0013"": 0, ""C0014"": 0, ""C0017"": 0, ""C0018"": 0, ""row_slack_R0004"": 1, ""row_slack_R0065"": 0}",0.0,"{""C0009"": 0, ""C0013"": 0, ""C0014"": 0, ""C0017"": 0, ""C0018"": 0, ""row_slack_R0004"": 1, ""row_slack_R0065"": 0}",0.98828125,"[[0, 0, 0, 0, 0, 0, 0, 0, 0, 0, 0, 0, 0, 0, 0, 1, 0, 0, 0, 0, 0], [0, 0, 0, 0, 0, 0, 0, 0, 0, 0, 0, 0, 0, 0, 0, 1, 0, 0, 0, 1, 0], [0, 0, 0, 1, 0, 0, 0, 0, 0, 0, 0, 0, 0, 0, 0, 1, 1, 0, 0, 0, 0], [1, 0, 0, 1, 0, 0, 0, 0, 0, 0, 0, 0, 0, 1, 0, 1, 0, 0, 0, 0, 0]]","[0.98828125, 0.00390625, 0.00390625, 0.00390625]",29,465,44,227,453,
neos8_ds_qaoa_R0004_R0065_0009,data/miplib_benders/qaoa_problems/nvars_07/neos8_ds_qaoa_R0004_R0065_0009.json,7,21,2,ddsim,30,256,ok,252.12874865496997,476.875,-0.0,"{""C0018"": 0, ""C0022"": 0, ""C0023"": 0, ""C0024"": 0, ""C0025"": 0, ""row_slack_R0004"": 1, ""row_slack_R0065"": 0}",0.0,"{""C0018"": 0, ""C0022"": 0, ""C0023"": 0, ""C0024"": 0, ""C0025"": 0, ""row_slack_R0004"": 1, ""row_slack_R0065"": 0}",1.0,"[[0, 0, 0, 0, 0, 0, 0, 0, 0, 0, 0, 0, 0, 0, 0, 1, 0, 0, 0, 0, 0]]",[1.0],30,262,44,125,317,
neos8_ds_qaoa_R0004_R0065_0010,data/miplib_benders/qaoa_problems/nvars_07/neos8_ds_qaoa_R0004_R0065_0010.json,7,21,2,ddsim,30,256,ok,138.4266364070354,422.70703125,-0.0,"{""C0022"": 0, ""C0023"": 0, ""C0024"": 0, ""C0025"": 0, ""C0026"": 0, ""row_slack_R0004"": 1, ""row_slack_R0065"": 0}",0.0,"{""C0022"": 0, ""C0023"": 0, ""C0024"": 0, ""C0025"": 0, ""C0026"": 0, ""row_slack_R0004"": 1, ""row_slack_R0065"": 0}",0.99609375,"[[0, 0, 0, 0, 0, 0, 0, 0, 0, 0, 0, 0, 0, 0, 0, 1, 0, 0, 0, 0, 0], [0, 0, 0, 1, 0, 0, 0, 1, 0, 0, 0, 0, 0, 0, 0, 1, 0, 0, 0, 0, 0]]","[0.99609375, 0.00390625]",27,412,44,200,416,
supportcase6_ds_qaoa_c539_c722_0008,data/miplib_benders/qaoa_problems/nvars_07/supportcase6_ds_qaoa_c539_c722_0008.json,7,21,2,ddsim,30,256,ok,184.04627673898358,405.6328125,151847000.0,"{""B101035(7)"": 0, ""B101037(7)"": 0, ""B101043(7)"": 0, ""B101058(7)"": 1, ""B101479(7)"": 0, ""B101485(7)"": 0, ""B101487(7)"": 0}",,,,"[[1, 0, 1, 1, 1, 0, 1, 1, 0, 1, 0, 0, 1, 1, 0, 1, 1, 0, 1, 1, 0], [1, 1, 0, 0, 0, 0, 1, 1, 0, 1, 0, 0, 1, 1, 0, 1, 1, 0, 1, 1, 0], [1, 1, 0, 1, 0, 1, 1, 1, 0, 1, 0, 0, 1, 1, 0, 1, 1, 0, 1, 1, 0], [1, 1, 0, 1, 1, 0, 0, 0, 0, 1, 0, 0, 1, 1, 0, 1, 1, 0, 1, 1, 0], [1, 1, 0, 1, 1, 0, 1, 0, 1, 1, 0, 0, 1, 1, 0, 0, 0, 0, 1, 1, 0], [1, 1, 0, 1, 1, 0, 1, 0, 1, 1, 0, 0, 1, 1, 0, 1, 1, 0, 1, 1, 0], [1, 1, 0, 1, 1, 0, 1, 1, 0, 1, 0, 0, 1, 0, 1, 1, 1, 0, 1, 1, 0], [1, 1, 0, 1, 1, 0, 1, 1, 0, 1, 0, 0, 1, 1, 0, 0, 0, 0, 0, 0, 0], [1, 1, 0, 1, 1, 0, 1, 1, 0, 1, 0, 0, 1, 1, 0, 0, 0, 0, 1, 1, 0], [1, 1, 0, 1, 1, 0, 1, 1, 0, 1, 0, 0, 1, 1, 0, 1, 0, 1, 1, 1, 0], [1, 1, 0, 1, 1, 0, 1, 1, 0, 1, 0, 0, 1, 1, 0, 1, 1, 0, 0, 0, 0], [1, 1, 0, 1, 1, 0, 1, 1, 0, 1, 0, 0, 1, 1, 0, 1, 1, 0, 1, 0, 1], [1, 1, 0, 1, 1, 0, 1, 1, 0, 1, 0, 0, 1, 1, 0, 1, 1, 0, 1, 1, 0]]","[0.02734375, 0.01171875, 0.01171875, 0.0234375, 0.00390625, 0.0078125, 0.015625, 0.00390625, 0.0078125, 0.00390625, 0.01171875, 0.01953125, 0.8515625]",31,149,44,66,228,
supportcase6_ds_qaoa_c539_c722_c726_0008,data/miplib_benders/qaoa_problems/nvars_07/supportcase6_ds_qaoa_c539_c722_c726_0008.json,7,21,3,ddsim,30,256,ok,238.36965973395854,405.52734375,151847000.0,"{""B101035(7)"": 0, ""B101037(7)"": 0, ""B101043(7)"": 0, ""B101058(7)"": 1, ""B101479(7)"": 0, ""B101485(7)"": 0, ""B101487(7)"": 0}",,,,"[[1, 0, 1, 1, 1, 0, 1, 1, 0, 1, 0, 0, 1, 1, 0, 1, 1, 0, 0, 0, 0], [1, 0, 1, 1, 1, 0, 1, 1, 0, 1, 0, 0, 1, 1, 0, 1, 1, 0, 1, 1, 0], [1, 1, 0, 0, 0, 0, 1, 1, 0, 1, 0, 0, 1, 0, 1, 1, 1, 0, 1, 1, 0], [1, 1, 0, 0, 0, 0, 1, 1, 0, 1, 0, 0, 1, 1, 0, 1, 1, 0, 1, 1, 0], [1, 1, 0, 1, 0, 0, 1, 1, 0, 0, 0, 0, 1, 1, 0, 1, 1, 0, 0, 0, 0], [1, 1, 0, 1, 0, 1, 1, 1, 0, 1, 0, 0, 1, 1, 0, 1, 1, 0, 1, 1, 0], [1, 1, 0, 1, 1, 0, 1, 0, 1, 1, 0, 0, 1, 1, 0, 0, 0, 0, 1, 1, 0], [1, 1, 0, 1, 1, 0, 1, 0, 1, 1, 0, 0, 1, 1, 0, 1, 1, 0, 0, 0, 0], [1, 1, 0, 1, 1, 0, 1, 0, 1, 1, 0, 0, 1, 1, 0, 1, 1, 0, 1, 1, 0], [1, 1, 0, 1, 1, 0, 1, 1, 0, 1, 0, 0, 1, 0, 1, 1, 1, 0, 1, 1, 0], [1, 1, 0, 1, 1, 0, 1, 1, 0, 1, 0, 0, 1, 1, 0, 0, 0, 0, 1, 1, 0], [1, 1, 0, 1, 1, 0, 1, 1, 0, 1, 0, 0, 1, 1, 0, 1, 0, 1, 1, 1, 0], [1, 1, 0, 1, 1, 0, 1, 1, 0, 1, 0, 0, 1, 1, 0, 1, 1, 0, 0, 0, 0], [1, 1, 0, 1, 1, 0, 1, 1, 0, 1, 0, 0, 1, 1, 0, 1, 1, 0, 1, 0, 1], [1, 1, 0, 1, 1, 0, 1, 1, 0, 1, 0, 0, 1, 1, 0, 1, 1, 0, 1, 1, 0]]","[0.00390625, 0.05859375, 0.00390625, 0.0234375, 0.00390625, 0.01953125, 0.00390625, 0.00390625, 0.02734375, 0.0390625, 0.015625, 0.01953125, 0.015625, 0.01171875, 0.75]",29,109,44,48,219,
supportcase6_ds_qaoa_c722_c726_0001,data/miplib_benders/qaoa_problems/nvars_07/supportcase6_ds_qaoa_c722_c726_0001.json,7,21,2,ddsim,30,256,ok,266.23280543799046,389.85546875,151847000.0,"{""B100166(7)"": 1, ""B100594(7)"": 0, ""B100600(7)"": 0, ""B100602(7)"": 0, ""B100608(7)"": 0, ""B100623(7)"": 0, ""B101029(7)"": 0}",,,,"[[1, 0, 1, 1, 1, 0, 1, 1, 0, 1, 1, 0, 1, 1, 0, 1, 1, 0, 1, 0, 0], [1, 1, 0, 1, 0, 1, 1, 1, 0, 1, 1, 0, 1, 1, 0, 1, 1, 0, 1, 0, 0], [1, 1, 0, 1, 1, 0, 1, 1, 0, 0, 0, 0, 1, 1, 0, 1, 1, 0, 1, 0, 0], [1, 1, 0, 1, 1, 0, 1, 1, 0, 1, 1, 0, 1, 0, 1, 1, 1, 0, 1, 0, 0], [1, 1, 0, 1, 1, 0, 1, 1, 0, 1, 1, 0, 1, 1, 0, 1, 1, 0, 1, 0, 0]]","[0.0078125, 0.00390625, 0.0078125, 0.00390625, 0.9765625]",29,229,44,102,228,
supportcase6_ds_qaoa_c722_c726_0002,data/miplib_benders/qaoa_problems/nvars_07/supportcase6_ds_qaoa_c722_c726_0002.json,7,21,2,ddsim,30,256,ok,230.775722894934,400.21484375,151847000.0,"{""B100594(7)"": 0, ""B100600(7)"": 0, ""B100602(7)"": 0, ""B100608(7)"": 0, ""B100623(7)"": 1, ""B101029(7)"": 0, ""B101035(7)"": 0}",,,,"[[1, 0, 1, 1, 1, 0, 1, 1, 0, 1, 1, 0, 0, 0, 0, 1, 1, 0, 1, 0, 0], [1, 0, 1, 1, 1, 0, 1, 1, 0, 1, 1, 0, 1, 1, 0, 1, 1, 0, 1, 0, 0], [1, 1, 0, 0, 0, 0, 1, 1, 0, 1, 1, 0, 1, 1, 0, 1, 1, 0, 1, 0, 0], [1, 1, 0, 1, 0, 1, 1, 1, 0, 1, 1, 0, 0, 0, 0, 1, 0, 1, 1, 0, 0], [1, 1, 0, 1, 0, 1, 1, 1, 0, 1, 1, 0, 1, 1, 0, 1, 0, 1, 1, 0, 0], [1, 1, 0, 1, 0, 1, 1, 1, 0, 1, 1, 0, 1, 1, 0, 1, 1, 0, 1, 0, 0], [1, 1, 0, 1, 1, 0, 0, 0, 0, 1, 1, 0, 1, 1, 0, 1, 0, 1, 1, 0, 0], [1, 1, 0, 1, 1, 0, 0, 0, 0, 1, 1, 0, 1, 1, 0, 1, 1, 0, 1, 0, 0], [1, 1, 0, 1, 1, 0, 1, 0, 1, 1, 1, 0, 1, 1, 0, 0, 0, 0, 1, 0, 0], [1, 1, 0, 1, 1, 0, 1, 0, 1, 1, 1, 0, 1, 1, 0, 1, 1, 0, 1, 0, 0], [1, 1, 0, 1, 1, 0, 1, 1, 0, 1, 0, 1, 0, 0, 0, 1, 1, 0, 1, 0, 0], [1, 1, 0, 1, 1, 0, 1, 1, 0, 1, 0, 1, 1, 1, 0, 1, 1, 0, 1, 0, 0], [1, 1, 0, 1, 1, 0, 1, 1, 0, 1, 1, 0, 0, 0, 0, 1, 1, 0, 1, 0, 0], [1, 1, 0, 1, 1, 0, 1, 1, 0, 1, 1, 0, 1, 0, 1, 1, 1, 0, 1, 0, 0], [1, 1, 0, 1, 1, 0, 1, 1, 0, 1, 1, 0, 1, 1, 0, 0, 0, 0, 1, 0, 0], [1, 1, 0, 1, 1, 0, 1, 1, 0, 1, 1, 0, 1, 1, 0, 1, 0, 1, 1, 0, 0], [1, 1, 0, 1, 1, 0, 1, 1, 0, 1, 1, 0, 1, 1, 0, 1, 1, 0, 1, 0, 0]]","[0.00390625, 0.03125, 0.00390625, 0.00390625, 0.00390625, 0.03125, 0.00390625, 0.0078125, 0.00390625, 0.0078125, 0.00390625, 0.01171875, 0.01171875, 0.015625, 0.01171875, 0.01953125, 0.82421875]",29,229,44,102,228,
supportcase6_ds_qaoa_c722_c726_0003,data/miplib_benders/qaoa_problems/nvars_07/supportcase6_ds_qaoa_c722_c726_0003.json,7,21,2,ddsim,30,256,ok,313.69262907700613,398.0,151847000.0,"{""B100600(7)"": 0, ""B100602(7)"": 0, ""B100608(7)"": 0, ""B100623(7)"": 1, ""B101029(7)"": 0, ""B101035(7)"": 0, ""B101037(7)"": 0}",,,,"[[1, 0, 0, 0, 1, 0, 1, 1, 0, 1, 1, 0, 1, 1, 0, 1, 1, 0, 1, 0, 0], [1, 0, 1, 1, 1, 0, 1, 1, 0, 1, 1, 0, 1, 1, 0, 0, 0, 0, 1, 0, 0], [1, 0, 1, 1, 1, 0, 1, 1, 0, 1, 1, 0, 1, 1, 0, 1, 1, 0, 1, 0, 0], [1, 1, 0, 0, 0, 0, 1, 1, 0, 1, 1, 0, 1, 1, 0, 1, 1, 0, 1, 0, 0], [1, 1, 0, 1, 0, 1, 1, 1, 0, 1, 1, 0, 1, 1, 0, 1, 1, 0, 1, 0, 0], [1, 1, 0, 1, 1, 0, 1, 0, 1, 1, 1, 0, 1, 1, 0, 1, 1, 0, 1, 0, 0], [1, 1, 0, 1, 1, 0, 1, 1, 0, 0, 0, 0, 1, 1, 0, 1, 1, 0, 1, 0, 0], [1, 1, 0, 1, 1, 0, 1, 1, 0, 1, 0, 1, 1, 1, 0, 1, 1, 0, 1, 0, 0], [1, 1, 0, 1, 1, 0, 1, 1, 0, 1, 1, 0, 0, 0, 0, 1, 0, 1, 1, 0, 0], [1, 1, 0, 1, 1, 0, 1, 1, 0, 1, 1, 0, 0, 0, 0, 1, 1, 0, 1, 0, 0], [1, 1, 0, 1, 1, 0, 1, 1, 0, 1, 1, 0, 1, 0, 1, 1, 1, 0, 1, 0, 0], [1, 1, 0, 1, 1, 0, 1, 1, 0, 1, 1, 0, 1, 1, 0, 0, 0, 0, 1, 0, 0], [1, 1, 0, 1, 1, 0, 1, 1, 0, 1, 1, 0, 1, 1, 0, 1, 0, 0, 0, 0, 0], [1, 1, 0, 1, 1, 0, 1, 1, 0, 1, 1, 0, 1, 1, 0, 1, 1, 0, 1, 0, 0]]","[0.0078125, 0.00390625, 0.015625, 0.03515625, 0.03515625, 0.015625, 0.015625, 0.015625, 0.00390625, 0.0234375, 0.01953125, 0.0078125, 0.00390625, 0.796875]",25,229,44,102,228,
supportcase6_ds_qaoa_c722_c726_0004,data/miplib_benders/qaoa_problems/nvars_07/supportcase6_ds_qaoa_c722_c726_0004.json,7,21,2,ddsim,30,256,ok,400.4347642250359,406.015625,151847000.0,"{""B100602(7)"": 0, ""B100608(7)"": 0, ""B100623(7)"": 1, ""B101029(7)"": 0, ""B101035(7)"": 0, ""B101037(7)"": 0, ""B101043(7)"": 0}",,,,"[[1, 0, 1, 1, 1, 0, 1, 1, 0, 1, 1, 0, 1, 1, 0, 1, 0, 0, 1, 1, 0], [1, 1, 0, 1, 0, 1, 1, 1, 0, 1, 1, 0, 1, 1, 0, 1, 0, 0, 1, 1, 0], [1, 1, 0, 1, 1, 0, 1, 0, 1, 1, 1, 0, 1, 1, 0, 1, 0, 0, 1, 1, 0], [1, 1, 0, 1, 1, 0, 1, 1, 0, 1, 1, 0, 0, 0, 0, 1, 0, 0, 1, 1, 0], [1, 1, 0, 1, 1, 0, 1, 1, 0, 1, 1, 0, 1, 0, 1, 1, 0, 0, 1, 1, 0], [1, 1, 0, 1, 1, 0, 1, 1, 0, 1, 1, 0, 1, 1, 0, 1, 0, 0, 0, 0, 0], [1, 1, 0, 1, 1, 0, 1, 1, 0, 1, 1, 0, 1, 1, 0, 1, 0, 0, 1, 1, 0]]","[0.0078125, 0.00390625, 0.01171875, 0.01171875, 0.0078125, 0.00390625, 0.953125]",28,189,44,84,228,
supportcase6_ds_qaoa_c722_c726_0005,data/miplib_benders/qaoa_problems/nvars_07/supportcase6_ds_qaoa_c722_c726_0005.json,7,21,2,ddsim,30,256,ok,340.15218069707043,406.23046875,151847000.0,"{""B100608(7)"": 0, ""B100623(7)"": 1, ""B101029(7)"": 0, ""B101035(7)"": 0, ""B101037(7)"": 0, ""B101043(7)"": 0, ""B101058(7)"": 0}",,,,"[[0, 0, 1, 1, 1, 0, 1, 1, 0, 1, 1, 0, 1, 1, 0, 1, 0, 0, 1, 0, 0], [1, 0, 1, 1, 0, 1, 1, 1, 0, 1, 1, 0, 1, 1, 0, 1, 1, 0, 1, 0, 0], [1, 0, 1, 1, 1, 0, 1, 1, 0, 1, 0, 1, 1, 1, 0, 1, 1, 0, 1, 0, 0], [1, 0, 1, 1, 1, 0, 1, 1, 0, 1, 1, 0, 1, 1, 0, 1, 1, 0, 1, 0, 0], [1, 1, 0, 1, 0, 1, 1, 1, 0, 1, 1, 0, 1, 1, 0, 1, 1, 0, 1, 0, 0], [1, 1, 0, 1, 1, 0, 0, 0, 0, 1, 1, 0, 1, 1, 0, 1, 1, 0, 1, 0, 0], [1, 1, 0, 1, 1, 0, 1, 0, 1, 1, 1, 0, 1, 1, 0, 1, 1, 0, 1, 0, 0], [1, 1, 0, 1, 1, 0, 1, 1, 0, 0, 0, 0, 1, 1, 0, 1, 1, 0, 1, 0, 0], [1, 1, 0, 1, 1, 0, 1, 1, 0, 1, 0, 0, 0, 1, 0, 1, 1, 0, 1, 0, 0], [1, 1, 0, 1, 1, 0, 1, 1, 0, 1, 0, 1, 1, 0, 1, 1, 1, 0, 1, 0, 0], [1, 1, 0, 1, 1, 0, 1, 1, 0, 1, 0, 1, 1, 1, 0, 1, 1, 0, 1, 0, 0], [1, 1, 0, 1, 1, 0, 1, 1, 0, 1, 1, 0, 0, 0, 0, 1, 1, 0, 1, 0, 0], [1, 1, 0, 1, 1, 0, 1, 1, 0, 1, 1, 0, 1, 0, 1, 1, 1, 0, 1, 0, 0], [1, 1, 0, 1, 1, 0, 1, 1, 0, 1, 1, 0, 1, 1, 0, 0, 0, 0, 1, 0, 0], [1, 1, 0, 1, 1, 0, 1, 1, 0, 1, 1, 0, 1, 1, 0, 1, 0, 1, 1, 0, 0], [1, 1, 0, 1, 1, 0, 1, 1, 0, 1, 1, 0, 1, 1, 0, 1, 1, 0, 1, 0, 0]]","[0.00390625, 0.00390625, 0.00390625, 0.0234375, 0.015625, 0.02734375, 0.01953125, 0.0234375, 0.00390625, 0.00390625, 0.03125, 0.01171875, 0.03125, 0.03125, 0.0078125, 0.7578125]",29,189,44,84,228,
supportcase6_ds_qaoa_c722_c726_c733_0002,data/miplib_benders/qaoa_problems/nvars_07/supportcase6_ds_qaoa_c722_c726_c733_0002.json,7,21,3,ddsim,30,256,ok,446.25247402489185,405.171875,134333000.0,"{""B100594(7)"": 0, ""B100600(7)"": 1, ""B100602(7)"": 0, ""B100608(7)"": 0, ""B100623(7)"": 0, ""B101029(7)"": 0, ""B101035(7)"": 0}",,,,"[[0, 1, 0, 1, 1, 0, 1, 1, 0, 1, 1, 0, 1, 1, 0, 1, 0, 0, 1, 0, 0], [1, 0, 1, 1, 1, 0, 1, 0, 1, 1, 1, 0, 1, 1, 0, 1, 1, 0, 1, 0, 0], [1, 0, 1, 1, 1, 0, 1, 1, 0, 1, 0, 1, 1, 1, 0, 1, 1, 0, 1, 0, 0], [1, 0, 1, 1, 1, 0, 1, 1, 0, 1, 1, 0, 0, 0, 0, 1, 1, 0, 1, 0, 0], [1, 0, 1, 1, 1, 0, 1, 1, 0, 1, 1, 0, 1, 1, 0, 1, 1, 0, 1, 0, 0], [1, 1, 0, 1, 0, 1, 0, 0, 0, 1, 1, 0, 1, 1, 0, 1, 1, 0, 1, 0, 0], [1, 1, 0, 1, 0, 1, 1, 1, 0, 1, 0, 1, 1, 1, 0, 1, 1, 0, 1, 0, 0], [1, 1, 0, 1, 0, 1, 1, 1, 0, 1, 1, 0, 1, 1, 0, 0, 0, 0, 1, 0, 0], [1, 1, 0, 1, 0, 1, 1, 1, 0, 1, 1, 0, 1, 1, 0, 1, 1, 0, 1, 0, 0], [1, 1, 0, 1, 1, 0, 0, 0, 0, 1, 0, 1, 1, 1, 0, 1, 1, 0, 1, 0, 0], [1, 1, 0, 1, 1, 0, 0, 0, 0, 1, 1, 0, 0, 0, 0, 1, 1, 0, 1, 0, 0], [1, 1, 0, 1, 1, 0, 0, 0, 0, 1, 1, 0, 1, 0, 1, 1, 1, 0, 1, 0, 0], [1, 1, 0, 1, 1, 0, 0, 0, 0, 1, 1, 0, 1, 1, 0, 1, 0, 1, 1, 0, 0], [1, 1, 0, 1, 1, 0, 0, 0, 0, 1, 1, 0, 1, 1, 0, 1, 1, 0, 1, 0, 0], [1, 1, 0, 1, 1, 0, 1, 0, 0, 1, 1, 0, 0, 1, 0, 1, 1, 0, 1, 0, 0], [1, 1, 0, 1, 1, 0, 1, 0, 1, 1, 0, 1, 1, 1, 0, 1, 1, 0, 1, 0, 0], [1, 1, 0, 1, 1, 0, 1, 0, 1, 1, 1, 0, 1, 1, 0, 1, 1, 0, 1, 0, 0], [1, 1, 0, 1, 1, 0, 1, 1, 0, 1, 0, 1, 1, 1, 0, 1, 0, 1, 1, 0, 0], [1, 1, 0, 1, 1, 0, 1, 1, 0, 1, 0, 1, 1, 1, 0, 1, 1, 0, 1, 0, 0], [1, 1, 0, 1, 1, 0, 1, 1, 0, 1, 1, 0, 0, 0, 0, 1, 1, 0, 1, 0, 0], [1, 1, 0, 1, 1, 0, 1, 1, 0, 1, 1, 0, 1, 0, 1, 1, 0, 1, 1, 0, 0], [1, 1, 0, 1, 1, 0, 1, 1, 0, 1, 1, 0, 1, 0, 1, 1, 1, 0, 1, 0, 0], [1, 1, 0, 1, 1, 0, 1, 1, 0, 1, 1, 0, 1, 1, 0, 0, 0, 0, 1, 0, 0], [1, 1, 0, 1, 1, 0, 1, 1, 0, 1, 1, 0, 1, 1, 0, 1, 0, 1, 1, 0, 0], [1, 1, 0, 1, 1, 0, 1, 1, 0, 1, 1, 0, 1, 1, 0, 1, 1, 0, 1, 0, 0]]","[0.00390625, 0.00390625, 0.00390625, 0.00390625, 0.046875, 0.00390625, 0.00390625, 0.00390625, 0.02734375, 0.00390625, 0.01171875, 0.00390625, 0.00390625, 0.03515625, 0.00390625, 0.00390625, 0.03125, 0.00390625, 0.015625, 0.02734375, 0.00390625, 0.03125, 0.02734375, 0.01953125, 0.671875]",27,149,44,66,219,
supportcase6_ds_qaoa_c726_c733_0002,data/miplib_benders/qaoa_problems/nvars_07/supportcase6_ds_qaoa_c726_c733_0002.json,7,21,2,ddsim,30,256,ok,355.5060505029978,408.1875,296734000.0,"{""B100594(7)"": 0, ""B100600(7)"": 0, ""B100602(7)"": 0, ""B100608(7)"": 1, ""B100623(7)"": 1, ""B101029(7)"": 0, ""B101035(7)"": 0}",,,,"[[1, 0, 1, 1, 0, 1, 1, 1, 0, 0, 0, 0, 0, 0, 0, 1, 1, 0, 1, 0, 0], [1, 0, 1, 1, 0, 1, 1, 1, 0, 0, 0, 0, 1, 1, 0, 1, 1, 0, 1, 0, 0], [1, 0, 1, 1, 1, 0, 1, 1, 0, 0, 0, 0, 1, 0, 1, 1, 1, 0, 1, 0, 0], [1, 0, 1, 1, 1, 0, 1, 1, 0, 0, 0, 0, 1, 1, 0, 1, 0, 1, 1, 0, 0], [1, 0, 1, 1, 1, 0, 1, 1, 0, 0, 0, 0, 1, 1, 0, 1, 1, 0, 1, 0, 0], [1, 1, 0, 1, 0, 1, 0, 0, 0, 0, 0, 0, 1, 1, 0, 1, 1, 0, 1, 0, 0], [1, 1, 0, 1, 0, 1, 1, 1, 0, 0, 0, 0, 1, 1, 0, 1, 1, 0, 1, 0, 0], [1, 1, 0, 1, 1, 0, 0, 0, 0, 0, 0, 0, 1, 1, 0, 0, 0, 0, 1, 0, 0], [1, 1, 0, 1, 1, 0, 0, 0, 0, 0, 0, 0, 1, 1, 0, 1, 1, 0, 1, 0, 0], [1, 1, 0, 1, 1, 0, 1, 0, 0, 1, 0, 0, 1, 1, 0, 0, 0, 0, 0, 0, 0], [1, 1, 0, 1, 1, 0, 1, 0, 1, 0, 0, 0, 1, 1, 0, 0, 0, 0, 1, 0, 0], [1, 1, 0, 1, 1, 0, 1, 0, 1, 0, 0, 0, 1, 1, 0, 1, 1, 0, 1, 0, 0], [1, 1, 0, 1, 1, 0, 1, 1, 0, 0, 0, 0, 0, 0, 0, 0, 0, 0, 1, 0, 0], [1, 1, 0, 1, 1, 0, 1, 1, 0, 0, 0, 0, 0, 0, 0, 1, 0, 1, 1, 0, 0], [1, 1, 0, 1, 1, 0, 1, 1, 0, 0, 0, 0, 0, 0, 0, 1, 1, 0, 1, 0, 0], [1, 1, 0, 1, 1, 0, 1, 1, 0, 0, 0, 0, 1, 0, 1, 0, 0, 0, 1, 0, 0], [1, 1, 0, 1, 1, 0, 1, 1, 0, 0, 0, 0, 1, 0, 1, 1, 1, 0, 1, 0, 0], [1, 1, 0, 1, 1, 0, 1, 1, 0, 0, 0, 0, 1, 1, 0, 0, 0, 0, 1, 0, 0], [1, 1, 0, 1, 1, 0, 1, 1, 0, 0, 0, 0, 1, 1, 0, 1, 0, 1, 1, 0, 0], [1, 1, 0, 1, 1, 0, 1, 1, 0, 0, 0, 0, 1, 1, 0, 1, 1, 0, 1, 0, 0]]","[0.00390625, 0.00390625, 0.00390625, 0.00390625, 0.03515625, 0.0078125, 0.046875, 0.0078125, 0.04296875, 0.00390625, 0.00390625, 0.03125, 0.00390625, 0.00390625, 0.03125, 0.00390625, 0.05078125, 0.0390625, 0.01953125, 0.65234375]",31,302,44,143,329,
supportcase6_ds_qaoa_c726_c733_0003,data/miplib_benders/qaoa_problems/nvars_07/supportcase6_ds_qaoa_c726_c733_0003.json,7,21,2,ddsim,30,256,ok,155.43461059592664,392.70703125,296734000.0,"{""B100600(7)"": 0, ""B100602(7)"": 0, ""B100608(7)"": 1, ""B100623(7)"": 1, ""B101029(7)"": 0, ""B101035(7)"": 0, ""B101037(7)"": 0}",,,,"[[1, 0, 1, 1, 1, 0, 0, 0, 0, 1, 1, 0, 1, 1, 0, 1, 0, 0, 1, 1, 0], [1, 1, 0, 1, 0, 1, 0, 0, 0, 1, 1, 0, 1, 1, 0, 1, 0, 0, 1, 1, 0], [1, 1, 0, 1, 1, 0, 0, 0, 0, 0, 0, 0, 1, 1, 0, 1, 0, 0, 1, 1, 0], [1, 1, 0, 1, 1, 0, 0, 0, 0, 1, 0, 1, 1, 1, 0, 1, 0, 0, 1, 1, 0], [1, 1, 0, 1, 1, 0, 0, 0, 0, 1, 1, 0, 0, 0, 0, 1, 0, 0, 1, 1, 0], [1, 1, 0, 1, 1, 0, 0, 0, 0, 1, 1, 0, 1, 0, 0, 1, 0, 0, 0, 1, 0], [1, 1, 0, 1, 1, 0, 0, 0, 0, 1, 1, 0, 1, 0, 1, 1, 0, 0, 1, 1, 0], [1, 1, 0, 1, 1, 0, 0, 0, 0, 1, 1, 0, 1, 1, 0, 1, 0, 0, 0, 0, 0], [1, 1, 0, 1, 1, 0, 0, 0, 0, 1, 1, 0, 1, 1, 0, 1, 0, 0, 1, 0, 1], [1, 1, 0, 1, 1, 0, 0, 0, 0, 1, 1, 0, 1, 1, 0, 1, 0, 0, 1, 1, 0]]","[0.0078125, 0.01171875, 0.01171875, 0.0078125, 0.01171875, 0.00390625, 0.0078125, 0.015625, 0.01953125, 0.90234375]",28,302,44,143,329,
supportcase6_ds_qaoa_c726_c733_0004,data/miplib_benders/qaoa_problems/nvars_07/supportcase6_ds_qaoa_c726_c733_0004.json,7,21,2,ddsim,30,256,ok,93.06114421598613,406.85546875,296734000.0,"{""B100602(7)"": 0, ""B100608(7)"": 0, ""B100623(7)"": 1, ""B101029(7)"": 0, ""B101035(7)"": 0, ""B101037(7)"": 0, ""B101043(7)"": 1}",,,,"[[1, 1, 0, 1, 0, 1, 1, 1, 0, 1, 1, 0, 1, 1, 0, 1, 0, 0, 1, 0, 0], [1, 1, 0, 1, 1, 0, 1, 0, 1, 1, 1, 0, 1, 1, 0, 1, 0, 0, 1, 0, 0], [1, 1, 0, 1, 1, 0, 1, 1, 0, 0, 0, 0, 1, 1, 0, 1, 0, 0, 1, 0, 0], [1, 1, 0, 1, 1, 0, 1, 1, 0, 1, 1, 0, 0, 0, 0, 1, 0, 0, 1, 0, 0], [1, 1, 0, 1, 1, 0, 1, 1, 0, 1, 1, 0, 1, 0, 1, 1, 0, 0, 1, 0, 0], [1, 1, 0, 1, 1, 0, 1, 1, 0, 1, 1, 0, 1, 1, 0, 1, 0, 0, 1, 0, 0]]","[0.00390625, 0.0078125, 0.01171875, 0.00390625, 0.015625, 0.95703125]",31,302,44,143,328,
supportcase6_ds_qaoa_c726_c733_0005,data/miplib_benders/qaoa_problems/nvars_07/supportcase6_ds_qaoa_c726_c733_0005.json,7,21,2,ddsim,30,256,ok,221.07932019094005,406.171875,296734000.0,"{""B100608(7)"": 0, ""B100623(7)"": 0, ""B101029(7)"": 0, ""B101035(7)"": 0, ""B101037(7)"": 0, ""B101043(7)"": 1, ""B101058(7)"": 1}",,,,"[[1, 0, 1, 1, 1, 0, 1, 1, 0, 1, 1, 0, 1, 0, 1, 1, 0, 0, 1, 0, 0], [1, 0, 1, 1, 1, 0, 1, 1, 0, 1, 1, 0, 1, 1, 0, 1, 0, 0, 1, 0, 0], [1, 1, 0, 1, 0, 1, 1, 1, 0, 1, 0, 1, 1, 1, 0, 1, 0, 0, 1, 0, 0], [1, 1, 0, 1, 0, 1, 1, 1, 0, 1, 1, 0, 1, 1, 0, 1, 0, 0, 1, 0, 0], [1, 1, 0, 1, 1, 0, 0, 0, 0, 1, 1, 0, 1, 1, 0, 1, 0, 0, 1, 0, 0], [1, 1, 0, 1, 1, 0, 1, 0, 1, 1, 1, 0, 1, 1, 0, 1, 0, 0, 1, 0, 0], [1, 1, 0, 1, 1, 0, 1, 1, 0, 0, 0, 0, 1, 1, 0, 1, 0, 0, 1, 0, 0], [1, 1, 0, 1, 1, 0, 1, 1, 0, 1, 0, 1, 1, 1, 0, 1, 0, 0, 1, 0, 0], [1, 1, 0, 1, 1, 0, 1, 1, 0, 1, 1, 0, 0, 0, 0, 1, 0, 0, 1, 0, 0], [1, 1, 0, 1, 1, 0, 1, 1, 0, 1, 1, 0, 1, 0, 1, 1, 0, 0, 1, 0, 0], [1, 1, 0, 1, 1, 0, 1, 1, 0, 1, 1, 0, 1, 1, 0, 1, 0, 0, 1, 0, 0]]","[0.00390625, 0.01953125, 0.00390625, 0.00390625, 0.015625, 0.01171875, 0.0078125, 0.0234375, 0.0078125, 0.01953125, 0.8828125]",26,302,44,143,328,
supportcase6_ds_qaoa_c726_c733_c745_0003,data/miplib_benders/qaoa_problems/nvars_07/supportcase6_ds_qaoa_c726_c733_c745_0003.json,7,21,3,ddsim,30,256,ok,485.21740846999455,410.48046875,296734000.0,"{""B100600(7)"": 0, ""B100602(7)"": 0, ""B100608(7)"": 1, ""B100623(7)"": 1, ""B101029(7)"": 0, ""B101035(7)"": 0, ""B101037(7)"": 0}",,,,"[[1, 0, 0, 1, 1, 0, 1, 1, 0, 0, 0, 0, 1, 1, 0, 0, 0, 0, 1, 1, 0], [1, 0, 1, 1, 1, 0, 1, 0, 1, 0, 0, 0, 1, 1, 0, 1, 0, 0, 1, 0, 1], [1, 0, 1, 1, 1, 0, 1, 0, 1, 0, 0, 0, 1, 1, 0, 1, 0, 0, 1, 1, 0], [1, 0, 1, 1, 1, 0, 1, 1, 0, 0, 0, 0, 0, 0, 0, 1, 0, 0, 1, 1, 0], [1, 0, 1, 1, 1, 0, 1, 1, 0, 0, 0, 0, 1, 1, 0, 1, 0, 0, 1, 0, 1], [1, 0, 1, 1, 1, 0, 1, 1, 0, 0, 0, 0, 1, 1, 0, 1, 0, 0, 1, 1, 0], [1, 1, 0, 1, 0, 0, 1, 1, 0, 0, 0, 0, 0, 1, 0, 1, 0, 0, 1, 1, 0], [1, 1, 0, 1, 0, 1, 1, 0, 1, 0, 0, 0, 1, 1, 0, 1, 0, 0, 1, 1, 0], [1, 1, 0, 1, 0, 1, 1, 1, 0, 0, 0, 0, 0, 0, 0, 1, 0, 0, 1, 0, 1], [1, 1, 0, 1, 0, 1, 1, 1, 0, 0, 0, 0, 0, 0, 0, 1, 0, 0, 1, 1, 0], [1, 1, 0, 1, 0, 1, 1, 1, 0, 0, 0, 0, 1, 1, 0, 1, 0, 0, 1, 0, 1], [1, 1, 0, 1, 0, 1, 1, 1, 0, 0, 0, 0, 1, 1, 0, 1, 0, 0, 1, 1, 0], [1, 1, 0, 1, 1, 0, 1, 0, 0, 1, 0, 0, 1, 1, 0, 0, 0, 0, 1, 0, 1], [1, 1, 0, 1, 1, 0, 1, 0, 1, 0, 0, 0, 0, 0, 0, 1, 0, 0, 1, 1, 0], [1, 1, 0, 1, 1, 0, 1, 0, 1, 0, 0, 0, 1, 0, 1, 1, 0, 0, 1, 1, 0], [1, 1, 0, 1, 1, 0, 1, 0, 1, 0, 0, 0, 1, 1, 0, 1, 0, 0, 0, 0, 0], [1, 1, 0, 1, 1, 0, 1, 0, 1, 0, 0, 0, 1, 1, 0, 1, 0, 0, 1, 0, 1], [1, 1, 0, 1, 1, 0, 1, 0, 1, 0, 0, 0, 1, 1, 0, 1, 0, 0, 1, 1, 0], [1, 1, 0, 1, 1, 0, 1, 1, 0, 0, 0, 0, 0, 0, 0, 1, 0, 0, 0, 0, 0], [1, 1, 0, 1, 1, 0, 1, 1, 0, 0, 0, 0, 0, 0, 0, 1, 0, 0, 1, 1, 0], [1, 1, 0, 1, 1, 0, 1, 1, 0, 0, 0, 0, 1, 0, 1, 1, 0, 0, 0, 0, 0], [1, 1, 0, 1, 1, 0, 1, 1, 0, 0, 0, 0, 1, 0, 1, 1, 0, 0, 1, 1, 0], [1, 1, 0, 1, 1, 0, 1, 1, 0, 0, 0, 0, 1, 1, 0, 1, 0, 0, 0, 0, 0], [1, 1, 0, 1, 1, 0, 1, 1, 0, 0, 0, 0, 1, 1, 0, 1, 0, 0, 1, 0, 1], [1, 1, 0, 1, 1, 0, 1, 1, 0, 0, 0, 0, 1, 1, 0, 1, 0, 0, 1, 1, 0]]","[0.00390625, 0.00390625, 0.00390625, 0.01171875, 0.00390625, 0.02734375, 0.0078125, 0.00390625, 0.00390625, 0.015625, 0.00390625, 0.0234375, 0.00390625, 0.00390625, 0.00390625, 0.0078125, 0.00390625, 0.0546875, 0.00390625, 0.0703125, 0.0078125, 0.0390625, 0.0078125, 0.03515625, 0.64453125]",25,222,44,107,320,
supportcase6_ds_qaoa_c726_c733_c745_0004,data/miplib_benders/qaoa_problems/nvars_07/supportcase6_ds_qaoa_c726_c733_c745_0004.json,7,21,3,ddsim,30,256,ok,459.51671099604573,408.140625,296734000.0,"{""B100602(7)"": 0, ""B100608(7)"": 0, ""B100623(7)"": 1, ""B101029(7)"": 0, ""B101035(7)"": 0, ""B101037(7)"": 0, ""B101043(7)"": 1}",,,,"[[0, 0, 1, 1, 1, 0, 1, 1, 0, 1, 1, 0, 1, 0, 0, 1, 0, 0, 1, 1, 0], [0, 1, 0, 1, 1, 0, 1, 1, 0, 1, 1, 0, 1, 0, 0, 1, 0, 0, 1, 1, 0], [1, 0, 1, 1, 1, 0, 1, 1, 0, 1, 1, 0, 1, 0, 0, 1, 1, 0, 1, 1, 0], [1, 1, 0, 1, 0, 1, 1, 1, 0, 0, 0, 0, 1, 0, 0, 1, 1, 0, 1, 1, 0], [1, 1, 0, 1, 0, 1, 1, 1, 0, 1, 0, 1, 1, 0, 0, 0, 0, 0, 1, 1, 0], [1, 1, 0, 1, 0, 1, 1, 1, 0, 1, 0, 1, 1, 0, 0, 1, 1, 0, 1, 1, 0], [1, 1, 0, 1, 0, 1, 1, 1, 0, 1, 1, 0, 1, 0, 0, 1, 0, 1, 1, 1, 0], [1, 1, 0, 1, 0, 1, 1, 1, 0, 1, 1, 0, 1, 0, 0, 1, 1, 0, 1, 1, 0], [1, 1, 0, 1, 1, 0, 1, 0, 1, 1, 0, 1, 1, 0, 0, 1, 1, 0, 1, 1, 0], [1, 1, 0, 1, 1, 0, 1, 0, 1, 1, 1, 0, 1, 0, 0, 1, 1, 0, 0, 0, 0], [1, 1, 0, 1, 1, 0, 1, 0, 1, 1, 1, 0, 1, 0, 0, 1, 1, 0, 1, 1, 0], [1, 1, 0, 1, 1, 0, 1, 1, 0, 0, 0, 0, 1, 0, 0, 1, 1, 0, 1, 1, 0], [1, 1, 0, 1, 1, 0, 1, 1, 0, 1, 0, 1, 1, 0, 0, 1, 1, 0, 1, 1, 0], [1, 1, 0, 1, 1, 0, 1, 1, 0, 1, 1, 0, 1, 0, 0, 0, 0, 0, 1, 1, 0], [1, 1, 0, 1, 1, 0, 1, 1, 0, 1, 1, 0, 1, 0, 0, 1, 0, 1, 1, 1, 0], [1, 1, 0, 1, 1, 0, 1, 1, 0, 1, 1, 0, 1, 0, 0, 1, 1, 0, 0, 0, 0], [1, 1, 0, 1, 1, 0, 1, 1, 0, 1, 1, 0, 1, 0, 0, 1, 1, 0, 1, 0, 1], [1, 1, 0, 1, 1, 0, 1, 1, 0, 1, 1, 0, 1, 0, 0, 1, 1, 0, 1, 1, 0]]","[0.00390625, 0.00390625, 0.01953125, 0.00390625, 0.00390625, 0.00390625, 0.00390625, 0.03125, 0.00390625, 0.00390625, 0.0234375, 0.05078125, 0.015625, 0.0234375, 0.015625, 0.01171875, 0.0234375, 0.75390625]",30,222,44,107,318,
supportcase6_ds_qaoa_c726_c733_c745_0005,data/miplib_benders/qaoa_problems/nvars_07/supportcase6_ds_qaoa_c726_c733_c745_0005.json,7,21,3,ddsim,30,256,ok,451.2734554329654,408.515625,296734000.0,"{""B100608(7)"": 1, ""B100623(7)"": 0, ""B101029(7)"": 0, ""B101035(7)"": 0, ""B101037(7)"": 0, ""B101043(7)"": 0, ""B101058(7)"": 1}",,,,"[[1, 0, 1, 1, 0, 1, 1, 1, 0, 1, 1, 0, 1, 1, 0, 1, 0, 0, 1, 0, 0], [1, 0, 1, 1, 1, 0, 1, 0, 1, 1, 1, 0, 1, 1, 0, 1, 0, 0, 1, 0, 0], [1, 0, 1, 1, 1, 0, 1, 1, 0, 1, 0, 1, 1, 1, 0, 1, 0, 0, 1, 0, 0], [1, 0, 1, 1, 1, 0, 1, 1, 0, 1, 1, 0, 1, 1, 0, 1, 0, 0, 1, 0, 0], [1, 1, 0, 1, 0, 0, 1, 1, 0, 0, 0, 0, 1, 1, 0, 1, 0, 0, 0, 0, 0], [1, 1, 0, 1, 0, 1, 1, 1, 0, 1, 0, 1, 1, 1, 0, 1, 0, 0, 1, 0, 0], [1, 1, 0, 1, 0, 1, 1, 1, 0, 1, 1, 0, 0, 0, 0, 1, 0, 0, 1, 0, 0], [1, 1, 0, 1, 0, 1, 1, 1, 0, 1, 1, 0, 1, 0, 1, 1, 0, 0, 1, 0, 0], [1, 1, 0, 1, 0, 1, 1, 1, 0, 1, 1, 0, 1, 1, 0, 1, 0, 0, 1, 0, 0], [1, 1, 0, 1, 1, 0, 1, 0, 0, 1, 1, 0, 0, 1, 0, 1, 0, 0, 1, 0, 0], [1, 1, 0, 1, 1, 0, 1, 0, 1, 1, 0, 1, 1, 1, 0, 1, 0, 0, 1, 0, 0], [1, 1, 0, 1, 1, 0, 1, 0, 1, 1, 1, 0, 0, 0, 0, 1, 0, 0, 1, 0, 0], [1, 1, 0, 1, 1, 0, 1, 0, 1, 1, 1, 0, 1, 0, 1, 1, 0, 0, 1, 0, 0], [1, 1, 0, 1, 1, 0, 1, 0, 1, 1, 1, 0, 1, 1, 0, 1, 0, 0, 1, 0, 0], [1, 1, 0, 1, 1, 0, 1, 1, 0, 0, 0, 0, 1, 0, 1, 1, 0, 0, 1, 0, 0], [1, 1, 0, 1, 1, 0, 1, 1, 0, 0, 0, 0, 1, 1, 0, 1, 0, 0, 1, 0, 0], [1, 1, 0, 1, 1, 0, 1, 1, 0, 1, 0, 1, 0, 0, 0, 1, 0, 0, 1, 0, 0], [1, 1, 0, 1, 1, 0, 1, 1, 0, 1, 0, 1, 1, 1, 0, 1, 0, 0, 1, 0, 0], [1, 1, 0, 1, 1, 0, 1, 1, 0, 1, 1, 0, 0, 0, 0, 1, 0, 0, 1, 0, 0], [1, 1, 0, 1, 1, 0, 1, 1, 0, 1, 1, 0, 1, 0, 1, 1, 0, 0, 1, 0, 0], [1, 1, 0, 1, 1, 0, 1, 1, 0, 1, 1, 0, 1, 1, 0, 1, 0, 0, 1, 0, 0]]","[0.00390625, 0.00390625, 0.0078125, 0.03515625, 0.0078125, 0.0078125, 0.00390625, 0.00390625, 0.0625, 0.0078125, 0.00390625, 0.00390625, 0.00390625, 0.03125, 0.00390625, 0.0390625, 0.00390625, 0.0390625, 0.03515625, 0.0546875, 0.63671875]",26,222,44,107,319,
supportcase6_ds_qaoa_c733_c745_0001,data/miplib_benders/qaoa_problems/nvars_07/supportcase6_ds_qaoa_c733_c745_0001.json,7,21,2,ddsim,30,256,ok,472.730853629997,405.3125,144887000.0,"{""B100594(7)"": 0, ""B100600(7)"": 0, ""B100602(7)"": 0, ""B100608(7)"": 1, ""B101029(7)"": 0, ""B101035(7)"": 0, ""B101037(7)"": 0}",,,,"[[0, 1, 0, 1, 1, 0, 1, 0, 1, 0, 0, 0, 1, 1, 0, 1, 0, 0, 1, 0, 0], [0, 1, 0, 1, 1, 0, 1, 1, 0, 1, 0, 1, 1, 1, 0, 1, 0, 0, 1, 0, 0], [1, 0, 0, 1, 1, 0, 0, 1, 0, 1, 1, 0, 1, 1, 0, 1, 0, 0, 1, 1, 0], [1, 0, 1, 1, 0, 1, 1, 1, 0, 1, 1, 0, 1, 1, 0, 1, 0, 0, 1, 1, 0], [1, 0, 1, 1, 1, 0, 1, 1, 0, 0, 0, 0, 1, 0, 0, 1, 0, 0, 0, 1, 0], [1, 0, 1, 1, 1, 0, 1, 1, 0, 1, 1, 0, 0, 0, 0, 1, 0, 0, 1, 1, 0], [1, 0, 1, 1, 1, 0, 1, 1, 0, 1, 1, 0, 1, 0, 1, 1, 0, 0, 1, 1, 0], [1, 0, 1, 1, 1, 0, 1, 1, 0, 1, 1, 0, 1, 1, 0, 1, 0, 0, 1, 1, 0], [1, 1, 0, 1, 0, 0, 0, 0, 0, 0, 1, 0, 0, 0, 0, 1, 0, 0, 1, 1, 0], [1, 1, 0, 1, 0, 1, 1, 0, 1, 1, 1, 0, 1, 1, 0, 1, 0, 0, 1, 1, 0], [1, 1, 0, 1, 0, 1, 1, 1, 0, 1, 0, 1, 0, 0, 0, 1, 0, 0, 1, 1, 0], [1, 1, 0, 1, 0, 1, 1, 1, 0, 1, 1, 0, 0, 0, 0, 1, 0, 0, 1, 0, 1], [1, 1, 0, 1, 0, 1, 1, 1, 0, 1, 1, 0, 1, 0, 1, 1, 0, 0, 1, 1, 0], [1, 1, 0, 1, 0, 1, 1, 1, 0, 1, 1, 0, 1, 1, 0, 1, 0, 0, 0, 0, 0], [1, 1, 0, 1, 0, 1, 1, 1, 0, 1, 1, 0, 1, 1, 0, 1, 0, 0, 1, 1, 0], [1, 1, 0, 1, 1, 0, 0, 0, 0, 0, 0, 0, 1, 1, 0, 1, 0, 0, 1, 1, 0], [1, 1, 0, 1, 1, 0, 0, 0, 0, 1, 0, 0, 1, 1, 0, 0, 0, 0, 1, 1, 0], [1, 1, 0, 1, 1, 0, 0, 0, 0, 1, 1, 0, 0, 0, 0, 1, 0, 0, 1, 1, 0], [1, 1, 0, 1, 1, 0, 0, 0, 0, 1, 1, 0, 1, 0, 1, 1, 0, 0, 1, 1, 0], [1, 1, 0, 1, 1, 0, 0, 0, 0, 1, 1, 0, 1, 1, 0, 1, 0, 0, 0, 0, 0], [1, 1, 0, 1, 1, 0, 0, 0, 0, 1, 1, 0, 1, 1, 0, 1, 0, 0, 1, 0, 1], [1, 1, 0, 1, 1, 0, 0, 0, 0, 1, 1, 0, 1, 1, 0, 1, 0, 0, 1, 1, 0], [1, 1, 0, 1, 1, 0, 1, 0, 0, 1, 1, 0, 0, 1, 0, 1, 0, 0, 1, 1, 0], [1, 1, 0, 1, 1, 0, 1, 0, 1, 1, 0, 1, 1, 1, 0, 1, 0, 0, 1, 1, 0], [1, 1, 0, 1, 1, 0, 1, 0, 1, 1, 1, 0, 0, 0, 0, 1, 0, 0, 0, 0, 0], [1, 1, 0, 1, 1, 0, 1, 0, 1, 1, 1, 0, 0, 0, 0, 1, 0, 0, 1, 1, 0], [1, 1, 0, 1, 1, 0, 1, 0, 1, 1, 1, 0, 1, 0, 1, 1, 0, 0, 1, 1, 0], [1, 1, 0, 1, 1, 0, 1, 0, 1, 1, 1, 0, 1, 1, 0, 1, 0, 0, 0, 0, 0], [1, 1, 0, 1, 1, 0, 1, 0, 1, 1, 1, 0, 1, 1, 0, 1, 0, 0, 1, 1, 0], [1, 1, 0, 1, 1, 0, 1, 1, 0, 0, 0, 0, 0, 0, 0, 1, 0, 0, 1, 1, 0], [1, 1, 0, 1, 1, 0, 1, 1, 0, 0, 0, 0, 1, 1, 0, 1, 0, 0, 0, 0, 0], [1, 1, 0, 1, 1, 0, 1, 1, 0, 0, 0, 0, 1, 1, 0, 1, 0, 0, 1, 0, 1], [1, 1, 0, 1, 1, 0, 1, 1, 0, 0, 0, 0, 1, 1, 0, 1, 0, 0, 1, 1, 0], [1, 1, 0, 1, 1, 0, 1, 1, 0, 1, 0, 1, 1, 0, 1, 1, 0, 0, 1, 0, 1], [1, 1, 0, 1, 1, 0, 1, 1, 0, 1, 0, 1, 1, 1, 0, 1, 0, 0, 0, 0, 0], [1, 1, 0, 1, 1, 0, 1, 1, 0, 1, 0, 1, 1, 1, 0, 1, 0, 0, 1, 1, 0], [1, 1, 0, 1, 1, 0, 1, 1, 0, 1, 1, 0, 0, 0, 0, 1, 0, 0, 0, 0, 0], [1, 1, 0, 1, 1, 0, 1, 1, 0, 1, 1, 0, 0, 0, 0, 1, 0, 0, 1, 1, 0], [1, 1, 0, 1, 1, 0, 1, 1, 0, 1, 1, 0, 1, 0, 0, 1, 0, 0, 0, 1, 0], [1, 1, 0, 1, 1, 0, 1, 1, 0, 1, 1, 0, 1, 0, 1, 1, 0, 0, 1, 0, 1], [1, 1, 0, 1, 1, 0, 1, 1, 0, 1, 1, 0, 1, 0, 1, 1, 0, 0, 1, 1, 0], [1, 1, 0, 1, 1, 0, 1, 1, 0, 1, 1, 0, 1, 1, 0, 1, 0, 0, 0, 0, 0], [1, 1, 0, 1, 1, 0, 1, 1, 0, 1, 1, 0, 1, 1, 0, 1, 0, 0, 1, 0, 1], [1, 1, 0, 1, 1, 0, 1, 1, 0, 1, 1, 0, 1, 1, 0, 1, 0, 0, 1, 1, 0]]","[0.00390625, 0.00390625, 0.0078125, 0.0078125, 0.00390625, 0.0078125, 0.00390625, 0.03125, 0.00390625, 0.00390625, 0.00390625, 0.00390625, 0.00390625, 0.00390625, 0.01953125, 0.00390625, 0.00390625, 0.0078125, 0.00390625, 0.00390625, 0.00390625, 0.03515625, 0.00390625, 0.00390625, 0.0078125, 0.00390625, 0.00390625, 0.0078125, 0.01171875, 0.00390625, 0.00390625, 0.0078125, 0.0625, 0.00390625, 0.00390625, 0.04296875, 0.00390625, 0.05078125, 0.00390625, 0.00390625, 0.02734375, 0.02734375, 0.04296875, 0.4921875]",30,149,44,66,228,
supportcase6_ds_qaoa_c733_c745_0002,data/miplib_benders/qaoa_problems/nvars_07/supportcase6_ds_qaoa_c733_c745_0002.json,7,21,2,ddsim,30,256,ok,189.40666027308907,392.00390625,144887000.0,"{""B100600(7)"": 0, ""B100602(7)"": 0, ""B100608(7)"": 1, ""B101029(7)"": 0, ""B101035(7)"": 0, ""B101037(7)"": 0, ""B101043(7)"": 0}",,,,"[[1, 0, 1, 1, 1, 0, 1, 1, 0, 1, 1, 0, 0, 0, 0, 1, 1, 0, 1, 0, 0], [1, 0, 1, 1, 1, 0, 1, 1, 0, 1, 1, 0, 1, 1, 0, 0, 0, 0, 1, 0, 0], [1, 0, 1, 1, 1, 0, 1, 1, 0, 1, 1, 0, 1, 1, 0, 1, 1, 0, 1, 0, 0], [1, 1, 0, 1, 0, 1, 1, 1, 0, 1, 1, 0, 1, 1, 0, 1, 1, 0, 1, 0, 0], [1, 1, 0, 1, 1, 0, 1, 0, 1, 1, 1, 0, 1, 1, 0, 1, 1, 0, 1, 0, 0], [1, 1, 0, 1, 1, 0, 1, 1, 0, 0, 0, 0, 1, 1, 0, 1, 0, 1, 1, 0, 0], [1, 1, 0, 1, 1, 0, 1, 1, 0, 0, 0, 0, 1, 1, 0, 1, 1, 0, 1, 0, 0], [1, 1, 0, 1, 1, 0, 1, 1, 0, 1, 0, 0, 1, 1, 0, 0, 1, 0, 1, 0, 0], [1, 1, 0, 1, 1, 0, 1, 1, 0, 1, 1, 0, 0, 0, 0, 1, 1, 0, 1, 0, 0], [1, 1, 0, 1, 1, 0, 1, 1, 0, 1, 1, 0, 1, 0, 1, 1, 1, 0, 1, 0, 0], [1, 1, 0, 1, 1, 0, 1, 1, 0, 1, 1, 0, 1, 1, 0, 0, 0, 0, 1, 0, 0], [1, 1, 0, 1, 1, 0, 1, 1, 0, 1, 1, 0, 1, 1, 0, 1, 0, 1, 1, 0, 0], [1, 1, 0, 1, 1, 0, 1, 1, 0, 1, 1, 0, 1, 1, 0, 1, 1, 0, 1, 0, 0]]","[0.00390625, 0.00390625, 0.00390625, 0.015625, 0.01171875, 0.00390625, 0.0078125, 0.00390625, 0.015625, 0.0078125, 0.01171875, 0.015625, 0.89453125]",26,149,44,66,228,
supportcase6_ds_qaoa_c733_c745_0003,data/miplib_benders/qaoa_problems/nvars_07/supportcase6_ds_qaoa_c733_c745_0003.json,7,21,2,ddsim,30,256,ok,264.68532485701144,405.51953125,144887000.0,"{""B100602(7)"": 0, ""B100608(7)"": 1, ""B101029(7)"": 0, ""B101035(7)"": 0, ""B101037(7)"": 0, ""B101043(7)"": 0, ""B101479(7)"": 0}",,,,"[[1, 0, 1, 1, 1, 0, 0, 0, 0, 1, 1, 0, 1, 1, 0, 1, 0, 0, 1, 1, 0], [1, 0, 1, 1, 1, 0, 1, 1, 0, 1, 1, 0, 1, 1, 0, 1, 0, 0, 1, 1, 0], [1, 1, 0, 1, 1, 0, 0, 0, 0, 1, 1, 0, 1, 1, 0, 1, 0, 0, 1, 1, 0], [1, 1, 0, 1, 1, 0, 1, 0, 1, 1, 1, 0, 1, 1, 0, 1, 0, 0, 1, 0, 1], [1, 1, 0, 1, 1, 0, 1, 0, 1, 1, 1, 0, 1, 1, 0, 1, 0, 0, 1, 1, 0], [1, 1, 0, 1, 1, 0, 1, 1, 0, 0, 0, 0, 1, 1, 0, 1, 0, 0, 1, 1, 0], [1, 1, 0, 1, 1, 0, 1, 1, 0, 1, 0, 1, 1, 1, 0, 1, 0, 0, 1, 1, 0], [1, 1, 0, 1, 1, 0, 1, 1, 0, 1, 1, 0, 0, 0, 0, 1, 0, 0, 1, 1, 0], [1, 1, 0, 1, 1, 0, 1, 1, 0, 1, 1, 0, 1, 1, 0, 1, 0, 0, 0, 0, 0], [1, 1, 0, 1, 1, 0, 1, 1, 0, 1, 1, 0, 1, 1, 0, 1, 0, 0, 1, 0, 1], [1, 1, 0, 1, 1, 0, 1, 1, 0, 1, 1, 0, 1, 1, 0, 1, 0, 0, 1, 1, 0]]","[0.00390625, 0.015625, 0.00390625, 0.00390625, 0.01953125, 0.01171875, 0.015625, 0.01171875, 0.01953125, 0.0078125, 0.88671875]",30,149,44,66,228,
supportcase6_ds_qaoa_c733_c745_0004,data/miplib_benders/qaoa_problems/nvars_07/supportcase6_ds_qaoa_c733_c745_0004.json,7,21,2,ddsim,30,256,ok,130.50449219392613,405.78515625,144887000.0,"{""B100608(7)"": 1, ""B101029(7)"": 0, ""B101035(7)"": 0, ""B101037(7)"": 0, ""B101043(7)"": 0, ""B101479(7)"": 0, ""B101485(7)"": 0}",,,,"[[1, 0, 1, 1, 1, 0, 1, 1, 0, 1, 1, 0, 1, 1, 0, 1, 1, 0, 1, 0, 0], [1, 1, 0, 1, 0, 1, 1, 1, 0, 1, 1, 0, 1, 1, 0, 1, 1, 0, 1, 0, 0], [1, 1, 0, 1, 1, 0, 0, 0, 0, 1, 1, 0, 1, 1, 0, 1, 1, 0, 1, 0, 0], [1, 1, 0, 1, 1, 0, 1, 0, 1, 1, 1, 0, 1, 1, 0, 1, 1, 0, 1, 0, 0], [1, 1, 0, 1, 1, 0, 1, 1, 0, 0, 0, 0, 1, 1, 0, 1, 1, 0, 1, 0, 0], [1, 1, 0, 1, 1, 0, 1, 1, 0, 1, 0, 1, 1, 1, 0, 1, 1, 0, 1, 0, 0], [1, 1, 0, 1, 1, 0, 1, 1, 0, 1, 1, 0, 0, 0, 0, 1, 1, 0, 1, 0, 0], [1, 1, 0, 1, 1, 0, 1, 1, 0, 1, 1, 0, 1, 0, 1, 1, 1, 0, 1, 0, 0], [1, 1, 0, 1, 1, 0, 1, 1, 0, 1, 1, 0, 1, 1, 0, 0, 0, 0, 1, 0, 0], [1, 1, 0, 1, 1, 0, 1, 1, 0, 1, 1, 0, 1, 1, 0, 1, 0, 1, 1, 0, 0], [1, 1, 0, 1, 1, 0, 1, 1, 0, 1, 1, 0, 1, 1, 0, 1, 1, 0, 1, 0, 0]]","[0.00390625, 0.0078125, 0.00390625, 0.015625, 0.0078125, 0.0078125, 0.0078125, 0.0078125, 0.01171875, 0.0078125, 0.91796875]",28,149,44,66,228,
supportcase6_ds_qaoa_c745_c747_0001,data/miplib_benders/qaoa_problems/nvars_07/supportcase6_ds_qaoa_c745_c747_0001.json,7,21,2,ddsim,30,256,ok,553.0566791370511,474.88671875,150892000.0,"{""B100166(7)"": 0, ""B100594(7)"": 1, ""B100600(7)"": 0, ""B100602(7)"": 0, ""B100608(7)"": 0, ""B100623(7)"": 0, ""B101029(7)"": 0}",,,,"[[1, 0, 1, 1, 1, 0, 1, 1, 0, 1, 1, 0, 1, 1, 0, 1, 1, 0, 1, 0, 0], [1, 1, 0, 1, 0, 1, 1, 0, 1, 1, 1, 0, 1, 1, 0, 1, 1, 0, 1, 0, 0], [1, 1, 0, 1, 0, 1, 1, 1, 0, 1, 1, 0, 1, 1, 0, 1, 1, 0, 1, 0, 0], [1, 1, 0, 1, 1, 0, 0, 0, 0, 1, 0, 1, 1, 1, 0, 1, 1, 0, 1, 0, 0], [1, 1, 0, 1, 1, 0, 0, 0, 0, 1, 1, 0, 1, 1, 0, 1, 1, 0, 1, 0, 0], [1, 1, 0, 1, 1, 0, 1, 0, 1, 1, 1, 0, 1, 0, 1, 1, 1, 0, 1, 0, 0], [1, 1, 0, 1, 1, 0, 1, 1, 0, 0, 0, 0, 1, 1, 0, 1, 1, 0, 1, 0, 0], [1, 1, 0, 1, 1, 0, 1, 1, 0, 1, 0, 1, 1, 1, 0, 1, 1, 0, 1, 0, 0], [1, 1, 0, 1, 1, 0, 1, 1, 0, 1, 1, 0, 0, 0, 0, 0, 0, 0, 1, 0, 0], [1, 1, 0, 1, 1, 0, 1, 1, 0, 1, 1, 0, 0, 0, 0, 1, 1, 0, 1, 0, 0], [1, 1, 0, 1, 1, 0, 1, 1, 0, 1, 1, 0, 1, 0, 1, 1, 1, 0, 1, 0, 0], [1, 1, 0, 1, 1, 0, 1, 1, 0, 1, 1, 0, 1, 1, 0, 0, 0, 0, 1, 0, 0], [1, 1, 0, 1, 1, 0, 1, 1, 0, 1, 1, 0, 1, 1, 0, 1, 0, 1, 1, 0, 0], [1, 1, 0, 1, 1, 0, 1, 1, 0, 1, 1, 0, 1, 1, 0, 1, 1, 0, 1, 0, 0]]","[0.0078125, 0.00390625, 0.01171875, 0.00390625, 0.015625, 0.00390625, 0.01953125, 0.015625, 0.00390625, 0.01171875, 0.00390625, 0.0078125, 0.015625, 0.875]",31,189,44,84,228,
supportcase6_ds_qaoa_c745_c747_0002,data/miplib_benders/qaoa_problems/nvars_07/supportcase6_ds_qaoa_c745_c747_0002.json,7,21,2,ddsim,30,256,ok,421.5867398720002,406.40625,150892000.0,"{""B100594(7)"": 1, ""B100600(7)"": 0, ""B100602(7)"": 0, ""B100608(7)"": 0, ""B100623(7)"": 0, ""B101029(7)"": 0, ""B101035(7)"": 0}",,,,"[[1, 0, 1, 1, 1, 0, 1, 1, 0, 1, 1, 0, 1, 1, 0, 1, 1, 0, 1, 0, 0], [1, 1, 0, 0, 0, 0, 1, 1, 0, 1, 1, 0, 1, 0, 1, 1, 1, 0, 1, 0, 0], [1, 1, 0, 0, 0, 0, 1, 1, 0, 1, 1, 0, 1, 1, 0, 1, 1, 0, 1, 0, 0], [1, 1, 0, 1, 1, 0, 0, 0, 0, 1, 1, 0, 1, 1, 0, 1, 1, 0, 1, 0, 0], [1, 1, 0, 1, 1, 0, 1, 0, 1, 1, 1, 0, 1, 1, 0, 1, 1, 0, 1, 0, 0], [1, 1, 0, 1, 1, 0, 1, 1, 0, 0, 0, 0, 1, 1, 0, 1, 1, 0, 1, 0, 0], [1, 1, 0, 1, 1, 0, 1, 1, 0, 1, 0, 1, 1, 1, 0, 1, 1, 0, 1, 0, 0], [1, 1, 0, 1, 1, 0, 1, 1, 0, 1, 1, 0, 1, 0, 1, 1, 1, 0, 1, 0, 0], [1, 1, 0, 1, 1, 0, 1, 1, 0, 1, 1, 0, 1, 1, 0, 0, 0, 0, 1, 0, 0], [1, 1, 0, 1, 1, 0, 1, 1, 0, 1, 1, 0, 1, 1, 0, 1, 0, 1, 1, 0, 0], [1, 1, 0, 1, 1, 0, 1, 1, 0, 1, 1, 0, 1, 1, 0, 1, 1, 0, 1, 0, 0]]","[0.0078125, 0.00390625, 0.00390625, 0.0078125, 0.00390625, 0.01171875, 0.01171875, 0.01171875, 0.00390625, 0.00390625, 0.9296875]",31,229,44,102,228,
supportcase6_ds_qaoa_c745_c747_0005,data/miplib_benders/qaoa_problems/nvars_07/supportcase6_ds_qaoa_c745_c747_0005.json,7,21,2,ddsim,30,256,ok,485.48173449898604,407.08203125,150892000.0,"{""B100608(7)"": 0, ""B100623(7)"": 0, ""B101029(7)"": 1, ""B101035(7)"": 0, ""B101037(7)"": 0, ""B101043(7)"": 0, ""B101058(7)"": 0}",,,,"[[1, 0, 1, 1, 1, 0, 1, 1, 0, 0, 0, 0, 1, 1, 0, 1, 0, 0, 1, 1, 0], [1, 0, 1, 1, 1, 0, 1, 1, 0, 1, 1, 0, 1, 1, 0, 1, 0, 0, 1, 1, 0], [1, 1, 0, 1, 0, 1, 0, 0, 0, 1, 1, 0, 1, 1, 0, 1, 0, 0, 1, 1, 0], [1, 1, 0, 1, 0, 1, 1, 1, 0, 1, 1, 0, 1, 1, 0, 1, 0, 0, 1, 1, 0], [1, 1, 0, 1, 1, 0, 0, 0, 0, 1, 1, 0, 1, 1, 0, 1, 0, 0, 1, 1, 0], [1, 1, 0, 1, 1, 0, 1, 0, 1, 1, 1, 0, 1, 1, 0, 1, 0, 0, 1, 1, 0], [1, 1, 0, 1, 1, 0, 1, 1, 0, 0, 0, 0, 1, 1, 0, 1, 0, 0, 1, 1, 0], [1, 1, 0, 1, 1, 0, 1, 1, 0, 1, 0, 1, 1, 1, 0, 1, 0, 0, 1, 1, 0], [1, 1, 0, 1, 1, 0, 1, 1, 0, 1, 1, 0, 1, 0, 1, 1, 0, 0, 1, 1, 0], [1, 1, 0, 1, 1, 0, 1, 1, 0, 1, 1, 0, 1, 1, 0, 1, 0, 0, 0, 0, 0], [1, 1, 0, 1, 1, 0, 1, 1, 0, 1, 1, 0, 1, 1, 0, 1, 0, 0, 1, 0, 1], [1, 1, 0, 1, 1, 0, 1, 1, 0, 1, 1, 0, 1, 1, 0, 1, 0, 0, 1, 1, 0]]","[0.00390625, 0.00390625, 0.00390625, 0.015625, 0.00390625, 0.01953125, 0.0234375, 0.0234375, 0.015625, 0.0234375, 0.01171875, 0.8515625]",28,189,44,84,228,
supportcase6_ds_qaoa_c745_c747_c759_0002,data/miplib_benders/qaoa_problems/nvars_07/supportcase6_ds_qaoa_c745_c747_c759_0002.json,7,21,3,ddsim,30,256,ok,299.2825114019215,396.3125,150892000.0,"{""B100594(7)"": 0, ""B100600(7)"": 0, ""B100602(7)"": 0, ""B100608(7)"": 0, ""B100623(7)"": 0, ""B101029(7)"": 1, ""B101035(7)"": 0}",,,,"[[1, 0, 1, 1, 1, 0, 1, 1, 0, 1, 0, 1, 1, 1, 0, 1, 0, 0, 1, 1, 0], [1, 0, 1, 1, 1, 0, 1, 1, 0, 1, 1, 0, 1, 1, 0, 1, 0, 0, 1, 1, 0], [1, 1, 0, 1, 0, 0, 0, 1, 0, 1, 1, 0, 1, 1, 0, 1, 0, 0, 0, 0, 0], [1, 1, 0, 1, 0, 1, 1, 1, 0, 1, 1, 0, 1, 1, 0, 1, 0, 0, 0, 0, 0], [1, 1, 0, 1, 0, 1, 1, 1, 0, 1, 1, 0, 1, 1, 0, 1, 0, 0, 1, 1, 0], [1, 1, 0, 1, 1, 0, 0, 0, 0, 1, 1, 0, 1, 1, 0, 1, 0, 0, 1, 1, 0], [1, 1, 0, 1, 1, 0, 1, 0, 0, 0, 1, 0, 1, 1, 0, 1, 0, 0, 1, 0, 1], [1, 1, 0, 1, 1, 0, 1, 0, 1, 0, 0, 0, 1, 1, 0, 1, 0, 0, 1, 1, 0], [1, 1, 0, 1, 1, 0, 1, 0, 1, 1, 1, 0, 1, 1, 0, 1, 0, 0, 0, 0, 0], [1, 1, 0, 1, 1, 0, 1, 0, 1, 1, 1, 0, 1, 1, 0, 1, 0, 0, 1, 1, 0], [1, 1, 0, 1, 1, 0, 1, 1, 0, 0, 0, 0, 1, 1, 0, 1, 0, 0, 1, 1, 0], [1, 1, 0, 1, 1, 0, 1, 1, 0, 1, 0, 1, 1, 1, 0, 1, 0, 0, 0, 0, 0], [1, 1, 0, 1, 1, 0, 1, 1, 0, 1, 0, 1, 1, 1, 0, 1, 0, 0, 1, 1, 0], [1, 1, 0, 1, 1, 0, 1, 1, 0, 1, 1, 0, 1, 0, 1, 1, 0, 0, 1, 1, 0], [1, 1, 0, 1, 1, 0, 1, 1, 0, 1, 1, 0, 1, 1, 0, 1, 0, 0, 0, 0, 0], [1, 1, 0, 1, 1, 0, 1, 1, 0, 1, 1, 0, 1, 1, 0, 1, 0, 0, 1, 0, 1], [1, 1, 0, 1, 1, 0, 1, 1, 0, 1, 1, 0, 1, 1, 0, 1, 0, 0, 1, 1, 0]]","[0.00390625, 0.01953125, 0.00390625, 0.00390625, 0.01953125, 0.015625, 0.00390625, 0.00390625, 0.00390625, 0.0390625, 0.03125, 0.0078125, 0.015625, 0.01171875, 0.01171875, 0.02734375, 0.77734375]",27,149,44,66,219,
supportcase6_ds_qaoa_c747_c759_0001,data/miplib_benders/qaoa_problems/nvars_07/supportcase6_ds_qaoa_c747_c759_0001.json,7,21,2,ddsim,30,256,ok,142.87307914497796,405.1484375,151847000.0,"{""B100166(7)"": 1, ""B100594(7)"": 0, ""B100600(7)"": 0, ""B100602(7)"": 0, ""B100608(7)"": 0, ""B100623(7)"": 0, ""B101029(7)"": 0}",,,,"[[1, 0, 1, 1, 1, 0, 1, 1, 0, 1, 1, 0, 1, 1, 0, 1, 1, 0, 1, 0, 0], [1, 1, 0, 0, 0, 0, 1, 1, 0, 1, 1, 0, 1, 1, 0, 1, 1, 0, 1, 0, 0], [1, 1, 0, 1, 0, 1, 1, 1, 0, 1, 1, 0, 1, 1, 0, 1, 1, 0, 1, 0, 0], [1, 1, 0, 1, 1, 0, 1, 0, 1, 1, 1, 0, 1, 1, 0, 1, 1, 0, 1, 0, 0], [1, 1, 0, 1, 1, 0, 1, 1, 0, 0, 0, 0, 1, 1, 0, 1, 1, 0, 1, 0, 0], [1, 1, 0, 1, 1, 0, 1, 1, 0, 1, 0, 1, 1, 1, 0, 1, 1, 0, 1, 0, 0], [1, 1, 0, 1, 1, 0, 1, 1, 0, 1, 1, 0, 0, 0, 0, 1, 1, 0, 1, 0, 0], [1, 1, 0, 1, 1, 0, 1, 1, 0, 1, 1, 0, 1, 0, 1, 1, 1, 0, 1, 0, 0], [1, 1, 0, 1, 1, 0, 1, 1, 0, 1, 1, 0, 1, 1, 0, 0, 0, 0, 1, 0, 0], [1, 1, 0, 1, 1, 0, 1, 1, 0, 1, 1, 0, 1, 1, 0, 1, 0, 1, 1, 0, 0], [1, 1, 0, 1, 1, 0, 1, 1, 0, 1, 1, 0, 1, 1, 0, 1, 1, 0, 1, 0, 0]]","[0.00390625, 0.0078125, 0.015625, 0.015625, 0.0078125, 0.01171875, 0.00390625, 0.0078125, 0.0078125, 0.0078125, 0.91015625]",29,149,44,66,228,
supportcase6_ds_qaoa_c747_c759_0002,data/miplib_benders/qaoa_problems/nvars_07/supportcase6_ds_qaoa_c747_c759_0002.json,7,21,2,ddsim,30,256,ok,183.33586323691998,406.03125,151847000.0,"{""B100594(7)"": 0, ""B100600(7)"": 0, ""B100602(7)"": 0, ""B100608(7)"": 0, ""B100623(7)"": 1, ""B101029(7)"": 0, ""B101035(7)"": 0}",,,,"[[1, 0, 1, 1, 1, 0, 1, 1, 0, 1, 1, 0, 1, 1, 0, 1, 0, 0, 1, 1, 0], [1, 1, 0, 0, 1, 0, 1, 1, 0, 1, 1, 0, 1, 1, 0, 1, 0, 0, 1, 0, 0], [1, 1, 0, 1, 0, 1, 1, 1, 0, 1, 1, 0, 1, 1, 0, 1, 0, 0, 1, 1, 0], [1, 1, 0, 1, 1, 0, 0, 0, 0, 0, 0, 0, 1, 1, 0, 1, 0, 0, 1, 1, 0], [1, 1, 0, 1, 1, 0, 0, 0, 0, 1, 0, 1, 1, 1, 0, 1, 0, 0, 1, 1, 0], [1, 1, 0, 1, 1, 0, 0, 0, 0, 1, 1, 0, 1, 1, 0, 1, 0, 0, 1, 1, 0], [1, 1, 0, 1, 1, 0, 1, 0, 1, 0, 0, 0, 1, 1, 0, 1, 0, 0, 1, 1, 0], [1, 1, 0, 1, 1, 0, 1, 0, 1, 1, 1, 0, 1, 1, 0, 1, 0, 0, 1, 1, 0], [1, 1, 0, 1, 1, 0, 1, 1, 0, 0, 0, 0, 1, 1, 0, 1, 0, 0, 1, 0, 1], [1, 1, 0, 1, 1, 0, 1, 1, 0, 0, 0, 0, 1, 1, 0, 1, 0, 0, 1, 1, 0], [1, 1, 0, 1, 1, 0, 1, 1, 0, 1, 0, 1, 1, 1, 0, 1, 0, 0, 1, 1, 0], [1, 1, 0, 1, 1, 0, 1, 1, 0, 1, 1, 0, 0, 0, 0, 1, 0, 0, 1, 1, 0], [1, 1, 0, 1, 1, 0, 1, 1, 0, 1, 1, 0, 1, 0, 1, 1, 0, 0, 0, 0, 0], [1, 1, 0, 1, 1, 0, 1, 1, 0, 1, 1, 0, 1, 0, 1, 1, 0, 0, 1, 1, 0], [1, 1, 0, 1, 1, 0, 1, 1, 0, 1, 1, 0, 1, 1, 0, 1, 0, 0, 0, 0, 0], [1, 1, 0, 1, 1, 0, 1, 1, 0, 1, 1, 0, 1, 1, 0, 1, 0, 0, 1, 0, 1], [1, 1, 0, 1, 1, 0, 1, 1, 0, 1, 1, 0, 1, 1, 0, 1, 0, 0, 1, 1, 0]]","[0.0390625, 0.00390625, 0.015625, 0.00390625, 0.00390625, 0.03125, 0.00390625, 0.01171875, 0.00390625, 0.00390625, 0.015625, 0.01953125, 0.00390625, 0.00390625, 0.0078125, 0.01953125, 0.80859375]",30,149,44,66,228,
supportcase6_ds_qaoa_c747_c759_0005,data/miplib_benders/qaoa_problems/nvars_07/supportcase6_ds_qaoa_c747_c759_0005.json,7,21,2,ddsim,30,256,ok,100.85758785996586,404.6484375,151847000.0,"{""B100608(7)"": 0, ""B100623(7)"": 1, ""B101029(7)"": 0, ""B101035(7)"": 0, ""B101037(7)"": 0, ""B101043(7)"": 0, ""B101058(7)"": 0}",,,,"[[1, 0, 1, 1, 1, 0, 1, 1, 0, 1, 1, 0, 1, 1, 0, 1, 1, 0, 1, 0, 0], [1, 1, 0, 1, 0, 1, 1, 1, 0, 1, 1, 0, 1, 1, 0, 1, 1, 0, 1, 0, 0], [1, 1, 0, 1, 1, 0, 0, 0, 0, 1, 1, 0, 1, 1, 0, 1, 1, 0, 1, 0, 0], [1, 1, 0, 1, 1, 0, 1, 0, 1, 1, 1, 0, 1, 1, 0, 1, 1, 0, 1, 0, 0], [1, 1, 0, 1, 1, 0, 1, 1, 0, 0, 0, 0, 1, 1, 0, 1, 1, 0, 1, 0, 0], [1, 1, 0, 1, 1, 0, 1, 1, 0, 1, 0, 1, 1, 1, 0, 1, 1, 0, 1, 0, 0], [1, 1, 0, 1, 1, 0, 1, 1, 0, 1, 1, 0, 1, 1, 0, 1, 0, 1, 1, 0, 0], [1, 1, 0, 1, 1, 0, 1, 1, 0, 1, 1, 0, 1, 1, 0, 1, 1, 0, 1, 0, 0]]","[0.00390625, 0.00390625, 0.00390625, 0.00390625, 0.00390625, 0.0078125, 0.00390625, 0.96875]",28,149,44,66,228,
supportcase6_ds_qaoa_c747_c759_c762_0001,data/miplib_benders/qaoa_problems/nvars_07/supportcase6_ds_qaoa_c747_c759_c762_0001.json,7,21,3,ddsim,30,256,ok,227.55378934904002,411.62109375,151847000.0,"{""B100166(7)"": 0, ""B100594(7)"": 0, ""B100600(7)"": 0, ""B100602(7)"": 0, ""B100608(7)"": 0, ""B100623(7)"": 1, ""B101029(7)"": 0}",,,,"[[1, 0, 1, 0, 1, 0, 1, 1, 0, 0, 0, 0, 0, 0, 0, 1, 0, 0, 1, 0, 0], [1, 0, 1, 1, 0, 1, 1, 1, 0, 0, 0, 0, 0, 0, 0, 1, 0, 0, 1, 1, 0], [1, 0, 1, 1, 1, 0, 1, 1, 0, 0, 0, 0, 0, 0, 0, 1, 0, 0, 0, 0, 0], [1, 0, 1, 1, 1, 0, 1, 1, 0, 0, 0, 0, 0, 0, 0, 1, 0, 0, 1, 1, 0], [1, 1, 0, 0, 1, 0, 1, 1, 0, 0, 0, 0, 0, 0, 0, 1, 0, 0, 1, 0, 0], [1, 1, 0, 1, 0, 1, 1, 1, 0, 0, 0, 0, 0, 0, 0, 1, 0, 0, 1, 1, 0], [1, 1, 0, 1, 1, 0, 1, 0, 1, 0, 0, 0, 0, 0, 0, 1, 0, 0, 0, 0, 0], [1, 1, 0, 1, 1, 0, 1, 0, 1, 0, 0, 0, 0, 0, 0, 1, 0, 0, 1, 1, 0], [1, 1, 0, 1, 1, 0, 1, 1, 0, 0, 0, 0, 0, 0, 0, 1, 0, 0, 0, 0, 0], [1, 1, 0, 1, 1, 0, 1, 1, 0, 0, 0, 0, 0, 0, 0, 1, 0, 0, 1, 0, 1], [1, 1, 0, 1, 1, 0, 1, 1, 0, 0, 0, 0, 0, 0, 0, 1, 0, 0, 1, 1, 0]]","[0.00390625, 0.00390625, 0.0078125, 0.0546875, 0.00390625, 0.03515625, 0.00390625, 0.05078125, 0.03125, 0.046875, 0.7578125]",29,555,44,228,599,
supportcase6_ds_qaoa_c747_c759_c762_0005,data/miplib_benders/qaoa_problems/nvars_07/supportcase6_ds_qaoa_c747_c759_c762_0005.json,7,21,3,ddsim,30,256,ok,350.51129505003337,408.71875,151847000.0,"{""B100608(7)"": 0, ""B100623(7)"": 1, ""B101029(7)"": 0, ""B101035(7)"": 0, ""B101037(7)"": 0, ""B101043(7)"": 0, ""B101058(7)"": 0}",,,,"[[1, 0, 0, 1, 1, 0, 1, 1, 0, 0, 0, 0, 0, 1, 0, 1, 1, 0, 1, 0, 0], [1, 0, 1, 1, 1, 0, 1, 0, 1, 0, 0, 0, 1, 1, 0, 1, 1, 0, 1, 0, 0], [1, 0, 1, 1, 1, 0, 1, 1, 0, 0, 0, 0, 1, 0, 1, 1, 1, 0, 1, 0, 0], [1, 0, 1, 1, 1, 0, 1, 1, 0, 0, 0, 0, 1, 1, 0, 0, 0, 0, 1, 0, 0], [1, 0, 1, 1, 1, 0, 1, 1, 0, 0, 0, 0, 1, 1, 0, 1, 0, 1, 1, 0, 0], [1, 0, 1, 1, 1, 0, 1, 1, 0, 0, 0, 0, 1, 1, 0, 1, 1, 0, 1, 0, 0], [1, 1, 0, 1, 0, 1, 1, 1, 0, 0, 0, 0, 0, 0, 0, 1, 1, 0, 1, 0, 0], [1, 1, 0, 1, 0, 1, 1, 1, 0, 0, 0, 0, 1, 1, 0, 0, 0, 0, 1, 0, 0], [1, 1, 0, 1, 0, 1, 1, 1, 0, 0, 0, 0, 1, 1, 0, 1, 1, 0, 1, 0, 0], [1, 1, 0, 1, 1, 0, 0, 0, 0, 0, 0, 0, 1, 1, 0, 1, 1, 0, 1, 0, 0], [1, 1, 0, 1, 1, 0, 1, 0, 1, 0, 0, 0, 0, 0, 0, 1, 1, 0, 1, 0, 0], [1, 1, 0, 1, 1, 0, 1, 0, 1, 0, 0, 0, 1, 1, 0, 0, 0, 0, 1, 0, 0], [1, 1, 0, 1, 1, 0, 1, 0, 1, 0, 0, 0, 1, 1, 0, 1, 1, 0, 1, 0, 0], [1, 1, 0, 1, 1, 0, 1, 1, 0, 0, 0, 0, 0, 0, 0, 1, 1, 0, 1, 0, 0], [1, 1, 0, 1, 1, 0, 1, 1, 0, 0, 0, 0, 1, 0, 1, 1, 1, 0, 1, 0, 0], [1, 1, 0, 1, 1, 0, 1, 1, 0, 0, 0, 0, 1, 1, 0, 0, 0, 0, 1, 0, 0], [1, 1, 0, 1, 1, 0, 1, 1, 0, 0, 0, 0, 1, 1, 0, 1, 0, 1, 1, 0, 0], [1, 1, 0, 1, 1, 0, 1, 1, 0, 0, 0, 0, 1, 1, 0, 1, 1, 0, 1, 0, 0]]","[0.00390625, 0.0078125, 0.00390625, 0.0078125, 0.00390625, 0.03125, 0.00390625, 0.00390625, 0.0390625, 0.00390625, 0.00390625, 0.0078125, 0.0390625, 0.03515625, 0.0234375, 0.04296875, 0.01171875, 0.7265625]",27,355,44,150,409,
supportcase6_ds_qaoa_c759_c762_0001,data/miplib_benders/qaoa_problems/nvars_07/supportcase6_ds_qaoa_c759_c762_0001.json,7,21,2,ddsim,30,256,ok,175.35691458103247,410.73046875,296836000.0,"{""B100166(7)"": 0, ""B100594(7)"": 0, ""B100602(7)"": 0, ""B100608(7)"": 0, ""B100623(7)"": 0, ""B101029(7)"": 1, ""B101037(7)"": 1}",,,,"[[1, 0, 1, 1, 1, 0, 0, 0, 0, 0, 0, 0, 1, 0, 1, 1, 0, 0, 1, 0, 0], [1, 0, 1, 1, 1, 0, 0, 0, 0, 0, 0, 0, 1, 1, 0, 1, 0, 0, 1, 0, 0], [1, 1, 0, 1, 0, 1, 0, 0, 0, 0, 0, 0, 1, 0, 1, 1, 0, 0, 1, 0, 0], [1, 1, 0, 1, 0, 1, 0, 0, 0, 0, 0, 0, 1, 1, 0, 1, 0, 0, 1, 0, 0], [1, 1, 0, 1, 1, 0, 0, 0, 0, 0, 0, 0, 0, 0, 0, 1, 0, 0, 1, 0, 0], [1, 1, 0, 1, 1, 0, 0, 0, 0, 0, 0, 0, 1, 0, 1, 1, 0, 0, 1, 0, 0], [1, 1, 0, 1, 1, 0, 0, 0, 0, 0, 0, 0, 1, 1, 0, 1, 0, 0, 1, 0, 0]]","[0.00390625, 0.0390625, 0.00390625, 0.0390625, 0.015625, 0.04296875, 0.85546875]",28,525,44,259,530,
supportcase6_ds_qaoa_c759_c762_0002,data/miplib_benders/qaoa_problems/nvars_07/supportcase6_ds_qaoa_c759_c762_0002.json,7,21,2,ddsim,30,256,ok,420.86506746103987,408.296875,296836000.0,"{""B100594(7)"": 0, ""B100602(7)"": 0, ""B100608(7)"": 0, ""B100623(7)"": 0, ""B101029(7)"": 1, ""B101037(7)"": 1, ""B101043(7)"": 0}",,,,"[[1, 0, 0, 1, 1, 0, 1, 1, 0, 0, 0, 0, 0, 0, 0, 1, 1, 0, 1, 0, 0], [1, 0, 1, 1, 1, 0, 1, 0, 1, 1, 1, 0, 1, 0, 0, 1, 1, 0, 1, 0, 0], [1, 0, 1, 1, 1, 0, 1, 1, 0, 1, 0, 1, 1, 0, 0, 1, 1, 0, 1, 0, 0], [1, 0, 1, 1, 1, 0, 1, 1, 0, 1, 1, 0, 1, 0, 0, 1, 1, 0, 1, 0, 0], [1, 1, 0, 1, 0, 1, 1, 0, 1, 1, 1, 0, 1, 0, 0, 1, 1, 0, 1, 0, 0], [1, 1, 0, 1, 0, 1, 1, 1, 0, 1, 1, 0, 1, 0, 0, 1, 1, 0, 1, 0, 0], [1, 1, 0, 1, 1, 0, 0, 0, 0, 1, 1, 0, 1, 0, 0, 1, 0, 1, 1, 0, 0], [1, 1, 0, 1, 1, 0, 0, 0, 0, 1, 1, 0, 1, 0, 0, 1, 1, 0, 1, 0, 0], [1, 1, 0, 1, 1, 0, 1, 0, 1, 1, 1, 0, 1, 0, 0, 1, 1, 0, 1, 0, 0], [1, 1, 0, 1, 1, 0, 1, 1, 0, 0, 0, 0, 1, 0, 0, 1, 1, 0, 1, 0, 0], [1, 1, 0, 1, 1, 0, 1, 1, 0, 1, 0, 1, 1, 0, 0, 1, 0, 1, 1, 0, 0], [1, 1, 0, 1, 1, 0, 1, 1, 0, 1, 0, 1, 1, 0, 0, 1, 1, 0, 1, 0, 0], [1, 1, 0, 1, 1, 0, 1, 1, 0, 1, 1, 0, 1, 0, 0, 0, 0, 0, 1, 0, 0], [1, 1, 0, 1, 1, 0, 1, 1, 0, 1, 1, 0, 1, 0, 0, 1, 0, 1, 1, 0, 0], [1, 1, 0, 1, 1, 0, 1, 1, 0, 1, 1, 0, 1, 0, 0, 1, 1, 0, 1, 0, 0]]","[0.00390625, 0.00390625, 0.00390625, 0.02734375, 0.00390625, 0.03515625, 0.00390625, 0.02734375, 0.01171875, 0.0234375, 0.00390625, 0.02734375, 0.03515625, 0.03515625, 0.75390625]",31,302,44,143,328,
supportcase6_ds_qaoa_c759_c762_0003,data/miplib_benders/qaoa_problems/nvars_07/supportcase6_ds_qaoa_c759_c762_0003.json,7,21,2,ddsim,30,256,ok,537.9131415929878,407.1484375,296836000.0,"{""B100602(7)"": 0, ""B100608(7)"": 0, ""B100623(7)"": 0, ""B101029(7)"": 1, ""B101037(7)"": 1, ""B101043(7)"": 0, ""B101058(7)"": 0}",,,,"[[1, 0, 1, 0, 0, 0, 1, 1, 0, 0, 0, 0, 1, 1, 0, 1, 1, 0, 1, 0, 0], [1, 0, 1, 1, 1, 0, 1, 0, 1, 0, 0, 0, 1, 1, 0, 1, 1, 0, 1, 0, 0], [1, 0, 1, 1, 1, 0, 1, 1, 0, 0, 0, 0, 1, 1, 0, 1, 1, 0, 1, 0, 0], [1, 1, 0, 0, 0, 0, 1, 1, 0, 0, 0, 0, 1, 1, 0, 1, 0, 1, 1, 0, 0], [1, 1, 0, 0, 0, 0, 1, 1, 0, 0, 0, 0, 1, 1, 0, 1, 1, 0, 1, 0, 0], [1, 1, 0, 1, 0, 0, 1, 1, 0, 1, 0, 0, 1, 1, 0, 1, 1, 0, 0, 0, 0], [1, 1, 0, 1, 0, 1, 1, 1, 0, 0, 0, 0, 1, 1, 0, 1, 0, 1, 1, 0, 0], [1, 1, 0, 1, 0, 1, 1, 1, 0, 0, 0, 0, 1, 1, 0, 1, 1, 0, 1, 0, 0], [1, 1, 0, 1, 1, 0, 1, 0, 1, 0, 0, 0, 1, 1, 0, 1, 0, 1, 1, 0, 0], [1, 1, 0, 1, 1, 0, 1, 0, 1, 0, 0, 0, 1, 1, 0, 1, 1, 0, 1, 0, 0], [1, 1, 0, 1, 1, 0, 1, 1, 0, 0, 0, 0, 0, 0, 0, 1, 1, 0, 1, 0, 0], [1, 1, 0, 1, 1, 0, 1, 1, 0, 0, 0, 0, 1, 0, 1, 0, 0, 0, 1, 0, 0], [1, 1, 0, 1, 1, 0, 1, 1, 0, 0, 0, 0, 1, 0, 1, 1, 1, 0, 1, 0, 0], [1, 1, 0, 1, 1, 0, 1, 1, 0, 0, 0, 0, 1, 1, 0, 0, 0, 0, 1, 0, 0], [1, 1, 0, 1, 1, 0, 1, 1, 0, 0, 0, 0, 1, 1, 0, 1, 0, 1, 1, 0, 0], [1, 1, 0, 1, 1, 0, 1, 1, 0, 0, 0, 0, 1, 1, 0, 1, 1, 0, 1, 0, 0]]","[0.00390625, 0.00390625, 0.05078125, 0.00390625, 0.03125, 0.00390625, 0.00390625, 0.03125, 0.00390625, 0.03515625, 0.02734375, 0.0078125, 0.03515625, 0.0546875, 0.02734375, 0.67578125]",28,302,44,143,329,
supportcase6_ds_qaoa_c759_c762_0004,data/miplib_benders/qaoa_problems/nvars_07/supportcase6_ds_qaoa_c759_c762_0004.json,7,21,2,ddsim,30,256,ok,261.9764911389211,410.546875,296836000.0,"{""B100608(7)"": 0, ""B100623(7)"": 0, ""B101029(7)"": 0, ""B101037(7)"": 1, ""B101043(7)"": 0, ""B101058(7)"": 0, ""B101479(7)"": 1}",,,,"[[1, 0, 1, 1, 1, 0, 0, 0, 0, 1, 1, 0, 1, 1, 0, 1, 0, 0, 0, 0, 0], [1, 1, 0, 1, 0, 1, 0, 0, 0, 1, 1, 0, 1, 1, 0, 1, 0, 0, 0, 0, 0], [1, 1, 0, 1, 1, 0, 0, 0, 0, 1, 0, 1, 1, 1, 0, 1, 0, 0, 0, 0, 0], [1, 1, 0, 1, 1, 0, 0, 0, 0, 1, 1, 0, 0, 0, 0, 1, 0, 0, 0, 0, 0], [1, 1, 0, 1, 1, 0, 0, 0, 0, 1, 1, 0, 1, 0, 1, 1, 0, 0, 0, 0, 0], [1, 1, 0, 1, 1, 0, 0, 0, 0, 1, 1, 0, 1, 1, 0, 1, 0, 0, 0, 0, 0]]","[0.01171875, 0.00390625, 0.00390625, 0.0078125, 0.00390625, 0.96875]",26,415,44,202,430,
leo1_ds_qaoa_R0000043_R0000047_0003,data/miplib_benders/qaoa_problems/nvars_08/leo1_ds_qaoa_R0000043_R0000047_0003.json,8,24,2,ddsim,30,256,ok,531.0142242329894,415.00390625,17.0,"{""C0003539"": 0, ""C0003540"": 0, ""C0003541"": 0, ""C0003572"": 3, ""C0003573"": 1, ""C0003574"": 0, ""row_slack_R0000043"": 7, ""row_slack_R0000047"": 7}",12.0,"{""C0003539"": 0, ""C0003540"": 0, ""C0003541"": 0, ""C0003572"": 0, ""C0003573"": 0, ""C0003574"": 2, ""row_slack_R0000043"": 6, ""row_slack_R0000047"": 6}",1.0,"[[0, 0, 0, 0, 0, 0, 0, 0, 0, 0, 0, 0, 0, 0, 0, 0, 1, 0, 0, 1, 1, 0, 1, 1]]",[1.0],22,492,50,239,480,
leo1_ds_qaoa_R0000047_R0000048_0003,data/miplib_benders/qaoa_problems/nvars_08/leo1_ds_qaoa_R0000047_R0000048_0003.json,8,24,2,ddsim,30,256,ok,524.5357848240528,415.0,17.0,"{""C0003539"": 0, ""C0003540"": 0, ""C0003541"": 0, ""C0003572"": 3, ""C0003573"": 1, ""C0003574"": 0, ""row_slack_R0000047"": 7, ""row_slack_R0000048"": 4}",12.0,"{""C0003539"": 0, ""C0003540"": 0, ""C0003541"": 0, ""C0003572"": 0, ""C0003573"": 0, ""C0003574"": 2, ""row_slack_R0000047"": 6, ""row_slack_R0000048"": 3}",1.0,"[[0, 0, 0, 0, 0, 0, 0, 0, 0, 0, 0, 0, 0, 0, 0, 0, 1, 0, 0, 1, 1, 1, 1, 0]]",[1.0],22,373,50,178,385,
neos8_ds_qaoa_R0001_R0002_0001,data/miplib_benders/qaoa_problems/nvars_08/neos8_ds_qaoa_R0001_R0002_0001.json,8,24,2,ddsim,30,256,ok,450.0139130759053,408.5625,-0.0,"{""C0001"": 0, ""C0002"": 0, ""C0005"": 0, ""C0006"": 0, ""C0009"": 0, ""C0013"": 0, ""row_slack_R0001"": 1, ""row_slack_R0002"": 1}",0.0,"{""C0001"": 0, ""C0002"": 0, ""C0005"": 0, ""C0006"": 0, ""C0009"": 0, ""C0013"": 0, ""row_slack_R0001"": 1, ""row_slack_R0002"": 1}",0.99609375,"[[0, 0, 0, 0, 0, 0, 0, 0, 0, 0, 0, 0, 0, 0, 0, 0, 0, 0, 1, 0, 0, 1, 0, 0], [0, 0, 0, 0, 0, 0, 0, 0, 0, 0, 0, 0, 1, 0, 0, 0, 0, 0, 1, 1, 0, 1, 0, 0]]","[0.99609375, 0.00390625]",27,495,50,238,466,
neos8_ds_qaoa_R0001_R0002_0002,data/miplib_benders/qaoa_problems/nvars_08/neos8_ds_qaoa_R0001_R0002_0002.json,8,24,2,ddsim,30,256,ok,295.1996056649368,408.62109375,-0.0,"{""C0002"": 0, ""C0005"": 0, ""C0006"": 0, ""C0009"": 0, ""C0013"": 0, ""C0014"": 0, ""row_slack_R0001"": 1, ""row_slack_R0002"": 1}",0.0,"{""C0002"": 0, ""C0005"": 0, ""C0006"": 0, ""C0009"": 0, ""C0013"": 0, ""C0014"": 0, ""row_slack_R0001"": 1, ""row_slack_R0002"": 1}",1.0,"[[0, 0, 0, 0, 0, 0, 0, 0, 0, 0, 0, 0, 0, 0, 0, 0, 0, 0, 1, 0, 0, 1, 0, 0]]",[1.0],22,605,50,295,565,
neos8_ds_qaoa_R0001_R0002_0003,data/miplib_benders/qaoa_problems/nvars_08/neos8_ds_qaoa_R0001_R0002_0003.json,8,24,2,ddsim,30,256,ok,325.63341315393336,416.453125,-0.0,"{""C0005"": 0, ""C0006"": 0, ""C0009"": 0, ""C0013"": 0, ""C0014"": 0, ""C0017"": 0, ""row_slack_R0001"": 1, ""row_slack_R0002"": 1}",0.0,"{""C0005"": 0, ""C0006"": 0, ""C0009"": 0, ""C0013"": 0, ""C0014"": 0, ""C0017"": 0, ""row_slack_R0001"": 1, ""row_slack_R0002"": 1}",1.0,"[[0, 0, 0, 0, 0, 0, 0, 0, 0, 0, 0, 0, 0, 0, 0, 0, 0, 0, 1, 0, 0, 1, 0, 0]]",[1.0],28,565,50,277,565,
neos8_ds_qaoa_R0001_R0002_0004,data/miplib_benders/qaoa_problems/nvars_08/neos8_ds_qaoa_R0001_R0002_0004.json,8,24,2,ddsim,30,256,ok,452.71314379107207,417.875,-0.0,"{""C0006"": 0, ""C0009"": 0, ""C0013"": 0, ""C0014"": 0, ""C0017"": 0, ""C0018"": 0, ""row_slack_R0001"": 1, ""row_slack_R0002"": 1}",0.0,"{""C0006"": 0, ""C0009"": 0, ""C0013"": 0, ""C0014"": 0, ""C0017"": 0, ""C0018"": 0, ""row_slack_R0001"": 1, ""row_slack_R0002"": 1}",0.99609375,"[[0, 0, 0, 0, 0, 0, 0, 0, 0, 0, 0, 0, 0, 0, 0, 0, 0, 0, 1, 0, 0, 1, 0, 0], [1, 0, 0, 1, 0, 0, 0, 0, 0, 0, 0, 0, 0, 0, 0, 0, 0, 0, 1, 0, 0, 1, 1, 0]]","[0.99609375, 0.00390625]",28,565,50,277,565,
neos8_ds_qaoa_R0001_R0002_0005,data/miplib_benders/qaoa_problems/nvars_08/neos8_ds_qaoa_R0001_R0002_0005.json,8,24,2,ddsim,30,256,ok,545.447415748029,415.81640625,-0.0,"{""C0009"": 0, ""C0013"": 0, ""C0014"": 0, ""C0017"": 0, ""C0018"": 0, ""C0022"": 0, ""row_slack_R0001"": 1, ""row_slack_R0002"": 1}",0.0,"{""C0009"": 0, ""C0013"": 0, ""C0014"": 0, ""C0017"": 0, ""C0018"": 0, ""C0022"": 0, ""row_slack_R0001"": 1, ""row_slack_R0002"": 1}",1.0,"[[0, 0, 0, 0, 0, 0, 0, 0, 0, 0, 0, 0, 0, 0, 0, 0, 0, 0, 1, 0, 0, 1, 0, 0]]",[1.0],24,452,50,218,462,
neos8_ds_qaoa_R0001_R0002_0006,data/miplib_benders/qaoa_problems/nvars_08/neos8_ds_qaoa_R0001_R0002_0006.json,8,24,2,ddsim,30,256,ok,333.64246470609214,411.9453125,-0.0,"{""C0013"": 0, ""C0014"": 0, ""C0017"": 0, ""C0018"": 0, ""C0022"": 0, ""C0023"": 0, ""row_slack_R0001"": 1, ""row_slack_R0002"": 1}",0.0,"{""C0013"": 0, ""C0014"": 0, ""C0017"": 0, ""C0018"": 0, ""C0022"": 0, ""C0023"": 0, ""row_slack_R0001"": 1, ""row_slack_R0002"": 1}",1.0,"[[0, 0, 0, 0, 0, 0, 0, 0, 0, 0, 0, 0, 0, 0, 0, 0, 0, 0, 1, 0, 0, 1, 0, 0]]",[1.0],28,455,50,220,466,
neos8_ds_qaoa_R0001_R0002_0007,data/miplib_benders/qaoa_problems/nvars_08/neos8_ds_qaoa_R0001_R0002_0007.json,8,24,2,ddsim,30,256,ok,335.76857964799274,426.48828125,-0.0,"{""C0014"": 0, ""C0017"": 0, ""C0018"": 0, ""C0022"": 0, ""C0023"": 0, ""C0024"": 0, ""row_slack_R0001"": 1, ""row_slack_R0002"": 1}",0.0,"{""C0014"": 0, ""C0017"": 0, ""C0018"": 0, ""C0022"": 0, ""C0023"": 0, ""C0024"": 0, ""row_slack_R0001"": 1, ""row_slack_R0002"": 1}",1.0,"[[0, 0, 0, 0, 0, 0, 0, 0, 0, 0, 0, 0, 0, 0, 0, 0, 0, 0, 1, 0, 0, 1, 0, 0]]",[1.0],28,495,50,238,466,
neos8_ds_qaoa_R0001_R0002_0008,data/miplib_benders/qaoa_problems/nvars_08/neos8_ds_qaoa_R0001_R0002_0008.json,8,24,2,ddsim,30,256,ok,370.18371050804853,412.05859375,-0.0,"{""C0017"": 0, ""C0018"": 0, ""C0022"": 0, ""C0023"": 0, ""C0024"": 0, ""C0025"": 0, ""row_slack_R0001"": 1, ""row_slack_R0002"": 1}",0.0,"{""C0017"": 0, ""C0018"": 0, ""C0022"": 0, ""C0023"": 0, ""C0024"": 0, ""C0025"": 0, ""row_slack_R0001"": 1, ""row_slack_R0002"": 1}",1.0,"[[0, 0, 0, 0, 0, 0, 0, 0, 0, 0, 0, 0, 0, 0, 0, 0, 0, 0, 1, 0, 0, 1, 0, 0]]",[1.0],27,605,50,295,565,
neos8_ds_qaoa_R0001_R0002_0009,data/miplib_benders/qaoa_problems/nvars_08/neos8_ds_qaoa_R0001_R0002_0009.json,8,24,2,ddsim,30,256,ok,221.9222093949793,425.484375,-0.0,"{""C0018"": 0, ""C0022"": 0, ""C0023"": 0, ""C0024"": 0, ""C0025"": 0, ""C0026"": 0, ""row_slack_R0001"": 1, ""row_slack_R0002"": 1}",0.0,"{""C0018"": 0, ""C0022"": 0, ""C0023"": 0, ""C0024"": 0, ""C0025"": 0, ""C0026"": 0, ""row_slack_R0001"": 1, ""row_slack_R0002"": 1}",0.99609375,"[[0, 0, 0, 0, 0, 0, 0, 0, 0, 0, 0, 0, 0, 0, 0, 0, 0, 0, 1, 0, 0, 1, 0, 0], [0, 0, 0, 1, 0, 0, 0, 0, 0, 0, 0, 0, 0, 0, 1, 0, 0, 0, 1, 0, 0, 1, 0, 0]]","[0.99609375, 0.00390625]",25,605,50,295,565,
neos8_ds_qaoa_R0001_R0002_R0003_0001,data/miplib_benders/qaoa_problems/nvars_08/neos8_ds_qaoa_R0001_R0002_R0003_0001.json,8,24,3,ddsim,30,256,ok,498.30377776990645,415.59375,-0.0,"{""C0001"": 0, ""C0002"": 0, ""C0005"": 0, ""C0006"": 0, ""C0009"": 0, ""row_slack_R0001"": 1, ""row_slack_R0002"": 1, ""row_slack_R0003"": 1}",0.0,"{""C0001"": 0, ""C0002"": 0, ""C0005"": 0, ""C0006"": 0, ""C0009"": 0, ""row_slack_R0001"": 1, ""row_slack_R0002"": 1, ""row_slack_R0003"": 1}",1.0,"[[0, 0, 0, 0, 0, 0, 0, 0, 0, 0, 0, 0, 0, 0, 0, 1, 0, 0, 1, 0, 0, 1, 0, 0]]",[1.0],22,622,50,286,648,
neos8_ds_qaoa_R0001_R0002_R0003_0002,data/miplib_benders/qaoa_problems/nvars_08/neos8_ds_qaoa_R0001_R0002_R0003_0002.json,8,24,3,ddsim,30,256,ok,415.2070957409451,425.6171875,-0.0,"{""C0002"": 0, ""C0005"": 0, ""C0006"": 0, ""C0009"": 0, ""C0013"": 0, ""row_slack_R0001"": 1, ""row_slack_R0002"": 1, ""row_slack_R0003"": 1}",0.0,"{""C0002"": 0, ""C0005"": 0, ""C0006"": 0, ""C0009"": 0, ""C0013"": 0, ""row_slack_R0001"": 1, ""row_slack_R0002"": 1, ""row_slack_R0003"": 1}",1.0,"[[0, 0, 0, 0, 0, 0, 0, 0, 0, 0, 0, 0, 0, 0, 0, 1, 0, 0, 1, 0, 0, 1, 0, 0]]",[1.0],23,862,50,382,836,
neos8_ds_qaoa_R0001_R0002_R0003_0006,data/miplib_benders/qaoa_problems/nvars_08/neos8_ds_qaoa_R0001_R0002_R0003_0006.json,8,24,3,ddsim,30,256,ok,594.3894846260082,425.02734375,-0.0,"{""C0013"": 0, ""C0014"": 0, ""C0017"": 0, ""C0018"": 0, ""C0022"": 0, ""row_slack_R0001"": 1, ""row_slack_R0002"": 1, ""row_slack_R0003"": 1}",0.0,"{""C0013"": 0, ""C0014"": 0, ""C0017"": 0, ""C0018"": 0, ""C0022"": 0, ""row_slack_R0001"": 1, ""row_slack_R0002"": 1, ""row_slack_R0003"": 1}",1.0,"[[0, 0, 0, 0, 0, 0, 0, 0, 0, 0, 0, 0, 0, 0, 0, 1, 0, 0, 1, 0, 0, 1, 0, 0]]",[1.0],27,626,50,265,669,
neos8_ds_qaoa_R0002_R0003_0001,data/miplib_benders/qaoa_problems/nvars_08/neos8_ds_qaoa_R0002_R0003_0001.json,8,24,2,ddsim,30,256,ok,591.510240473086,416.21875,-0.0,"{""C0001"": 0, ""C0002"": 0, ""C0005"": 0, ""C0006"": 0, ""C0009"": 0, ""C0013"": 0, ""row_slack_R0002"": 1, ""row_slack_R0003"": 1}",0.0,"{""C0001"": 0, ""C0002"": 0, ""C0005"": 0, ""C0006"": 0, ""C0009"": 0, ""C0013"": 0, ""row_slack_R0002"": 1, ""row_slack_R0003"": 1}",1.0,"[[0, 0, 0, 0, 0, 0, 0, 0, 0, 0, 0, 0, 0, 0, 0, 0, 0, 0, 1, 0, 0, 1, 0, 0]]",[1.0],26,415,50,202,466,
neos8_ds_qaoa_R0002_R0003_0002,data/miplib_benders/qaoa_problems/nvars_08/neos8_ds_qaoa_R0002_R0003_0002.json,8,24,2,ddsim,30,256,ok,530.9235295800027,425.2265625,-0.0,"{""C0002"": 0, ""C0005"": 0, ""C0006"": 0, ""C0009"": 0, ""C0013"": 0, ""C0014"": 0, ""row_slack_R0002"": 1, ""row_slack_R0003"": 1}",0.0,"{""C0002"": 0, ""C0005"": 0, ""C0006"": 0, ""C0009"": 0, ""C0013"": 0, ""C0014"": 0, ""row_slack_R0002"": 1, ""row_slack_R0003"": 1}",1.0,"[[0, 0, 0, 0, 0, 0, 0, 0, 0, 0, 0, 0, 0, 0, 0, 0, 0, 0, 1, 0, 0, 1, 0, 0]]",[1.0],20,455,50,220,466,
neos8_ds_qaoa_R0002_R0003_0005,data/miplib_benders/qaoa_problems/nvars_08/neos8_ds_qaoa_R0002_R0003_0005.json,8,24,2,ddsim,30,256,ok,400.75424026406836,424.53125,-0.0,"{""C0009"": 0, ""C0013"": 0, ""C0014"": 0, ""C0017"": 0, ""C0018"": 0, ""C0022"": 0, ""row_slack_R0002"": 1, ""row_slack_R0003"": 1}",0.0,"{""C0009"": 0, ""C0013"": 0, ""C0014"": 0, ""C0017"": 0, ""C0018"": 0, ""C0022"": 0, ""row_slack_R0002"": 1, ""row_slack_R0003"": 1}",1.0,"[[0, 0, 0, 0, 0, 0, 0, 0, 0, 0, 0, 0, 0, 0, 0, 0, 0, 0, 1, 0, 0, 1, 0, 0]]",[1.0],23,605,50,295,567,
neos8_ds_qaoa_R0002_R0003_0006,data/miplib_benders/qaoa_problems/nvars_08/neos8_ds_qaoa_R0002_R0003_0006.json,8,24,2,ddsim,30,256,ok,463.2118384029018,416.25,-0.0,"{""C0013"": 0, ""C0014"": 0, ""C0017"": 0, ""C0018"": 0, ""C0022"": 0, ""C0023"": 0, ""row_slack_R0002"": 1, ""row_slack_R0003"": 1}",0.0,"{""C0013"": 0, ""C0014"": 0, ""C0017"": 0, ""C0018"": 0, ""C0022"": 0, ""C0023"": 0, ""row_slack_R0002"": 1, ""row_slack_R0003"": 1}",1.0,"[[0, 0, 0, 0, 0, 0, 0, 0, 0, 0, 0, 0, 0, 0, 0, 0, 0, 0, 1, 0, 0, 1, 0, 0]]",[1.0],28,455,50,220,466,
neos8_ds_qaoa_R0002_R0003_R0004_0003,data/miplib_benders/qaoa_problems/nvars_08/neos8_ds_qaoa_R0002_R0003_R0004_0003.json,8,24,3,ddsim,30,256,ok,515.4898230549879,415.28515625,-0.0,"{""C0005"": 0, ""C0006"": 0, ""C0009"": 0, ""C0013"": 0, ""C0014"": 0, ""row_slack_R0002"": 1, ""row_slack_R0003"": 1, ""row_slack_R0004"": 1}",0.0,"{""C0005"": 0, ""C0006"": 0, ""C0009"": 0, ""C0013"": 0, ""C0014"": 0, ""row_slack_R0002"": 1, ""row_slack_R0003"": 1, ""row_slack_R0004"": 1}",0.99609375,"[[0, 0, 0, 0, 0, 0, 0, 0, 0, 0, 0, 0, 0, 0, 0, 1, 0, 0, 1, 0, 0, 1, 0, 0], [1, 0, 0, 0, 0, 0, 0, 0, 0, 1, 0, 0, 0, 0, 0, 1, 0, 0, 1, 1, 0, 1, 0, 0]]","[0.99609375, 0.00390625]",25,621,50,286,648,
neos8_ds_qaoa_R0003_R0004_0001,data/miplib_benders/qaoa_problems/nvars_08/neos8_ds_qaoa_R0003_R0004_0001.json,8,24,2,ddsim,30,256,ok,510.2197784349555,409.76953125,-0.0,"{""C0001"": 0, ""C0002"": 0, ""C0005"": 0, ""C0006"": 0, ""C0009"": 0, ""C0013"": 0, ""row_slack_R0003"": 1, ""row_slack_R0004"": 1}",0.0,"{""C0001"": 0, ""C0002"": 0, ""C0005"": 0, ""C0006"": 0, ""C0009"": 0, ""C0013"": 0, ""row_slack_R0003"": 1, ""row_slack_R0004"": 1}",1.0,"[[0, 0, 0, 0, 0, 0, 0, 0, 0, 0, 0, 0, 0, 0, 0, 0, 0, 0, 1, 0, 0, 1, 0, 0]]",[1.0],29,412,50,200,462,
neos8_ds_qaoa_R0003_R0004_0002,data/miplib_benders/qaoa_problems/nvars_08/neos8_ds_qaoa_R0003_R0004_0002.json,8,24,2,ddsim,30,256,ok,467.11803180503193,425.890625,-0.0,"{""C0002"": 0, ""C0005"": 0, ""C0006"": 0, ""C0009"": 0, ""C0013"": 0, ""C0014"": 0, ""row_slack_R0003"": 1, ""row_slack_R0004"": 1}",0.0,"{""C0002"": 0, ""C0005"": 0, ""C0006"": 0, ""C0009"": 0, ""C0013"": 0, ""C0014"": 0, ""row_slack_R0003"": 1, ""row_slack_R0004"": 1}",1.0,"[[0, 0, 0, 0, 0, 0, 0, 0, 0, 0, 0, 0, 0, 0, 0, 0, 0, 0, 1, 0, 0, 1, 0, 0]]",[1.0],26,562,50,275,561,
neos8_ds_qaoa_R0003_R0004_0003,data/miplib_benders/qaoa_problems/nvars_08/neos8_ds_qaoa_R0003_R0004_0003.json,8,24,2,ddsim,30,256,ok,395.11858998506796,449.24609375,-0.0,"{""C0005"": 0, ""C0006"": 0, ""C0009"": 0, ""C0013"": 0, ""C0014"": 0, ""C0022"": 0, ""row_slack_R0003"": 1, ""row_slack_R0004"": 1}",0.0,"{""C0005"": 0, ""C0006"": 0, ""C0009"": 0, ""C0013"": 0, ""C0014"": 0, ""C0022"": 0, ""row_slack_R0003"": 1, ""row_slack_R0004"": 1}",1.0,"[[0, 0, 0, 0, 0, 0, 0, 0, 0, 0, 0, 0, 0, 0, 0, 0, 0, 0, 1, 0, 0, 1, 0, 0]]",[1.0],22,452,50,218,466,
neos8_ds_qaoa_R0003_R0004_0004,data/miplib_benders/qaoa_problems/nvars_08/neos8_ds_qaoa_R0003_R0004_0004.json,8,24,2,ddsim,30,256,ok,477.85514349199366,416.125,-0.0,"{""C0006"": 0, ""C0009"": 0, ""C0013"": 0, ""C0014"": 0, ""C0022"": 0, ""C0023"": 0, ""row_slack_R0003"": 1, ""row_slack_R0004"": 1}",0.0,"{""C0006"": 0, ""C0009"": 0, ""C0013"": 0, ""C0014"": 0, ""C0022"": 0, ""C0023"": 0, ""row_slack_R0003"": 1, ""row_slack_R0004"": 1}",1.0,"[[0, 0, 0, 0, 0, 0, 0, 0, 0, 0, 0, 0, 0, 0, 0, 0, 0, 0, 1, 0, 0, 1, 0, 0]]",[1.0],23,495,50,238,466,
neos8_ds_qaoa_R0003_R0004_0005,data/miplib_benders/qaoa_problems/nvars_08/neos8_ds_qaoa_R0003_R0004_0005.json,8,24,2,ddsim,30,256,ok,322.0199499800801,410.88671875,-0.0,"{""C0009"": 0, ""C0013"": 0, ""C0014"": 0, ""C0022"": 0, ""C0023"": 0, ""C0024"": 0, ""row_slack_R0003"": 1, ""row_slack_R0004"": 1}",0.0,"{""C0009"": 0, ""C0013"": 0, ""C0014"": 0, ""C0022"": 0, ""C0023"": 0, ""C0024"": 0, ""row_slack_R0003"": 1, ""row_slack_R0004"": 1}",1.0,"[[0, 0, 0, 0, 0, 0, 0, 0, 0, 0, 0, 0, 0, 0, 0, 0, 0, 0, 1, 0, 0, 1, 0, 0]]",[1.0],27,605,50,295,565,
neos8_ds_qaoa_R0003_R0004_0006,data/miplib_benders/qaoa_problems/nvars_08/neos8_ds_qaoa_R0003_R0004_0006.json,8,24,2,ddsim,30,256,ok,277.158473990974,411.2734375,-0.0,"{""C0013"": 0, ""C0014"": 0, ""C0022"": 0, ""C0023"": 0, ""C0024"": 0, ""C0025"": 0, ""row_slack_R0003"": 1, ""row_slack_R0004"": 1}",0.0,"{""C0013"": 0, ""C0014"": 0, ""C0022"": 0, ""C0023"": 0, ""C0024"": 0, ""C0025"": 0, ""row_slack_R0003"": 1, ""row_slack_R0004"": 1}",0.99609375,"[[0, 0, 0, 0, 0, 0, 0, 0, 0, 0, 0, 0, 0, 0, 0, 0, 0, 0, 1, 0, 0, 1, 0, 0], [1, 0, 0, 0, 0, 0, 1, 0, 0, 0, 0, 0, 0, 0, 1, 0, 0, 0, 1, 0, 0, 1, 0, 0]]","[0.99609375, 0.00390625]",31,715,50,352,664,
neos8_ds_qaoa_R0004_R0065_0001,data/miplib_benders/qaoa_problems/nvars_08/neos8_ds_qaoa_R0004_R0065_0001.json,8,24,2,ddsim,30,256,ok,492.3374629529426,416.390625,-0.0,"{""C0001"": 0, ""C0002"": 0, ""C0005"": 0, ""C0006"": 0, ""C0009"": 0, ""C0013"": 0, ""row_slack_R0004"": 1, ""row_slack_R0065"": 0}",0.0,"{""C0001"": 0, ""C0002"": 0, ""C0005"": 0, ""C0006"": 0, ""C0009"": 0, ""C0013"": 0, ""row_slack_R0004"": 1, ""row_slack_R0065"": 0}",1.0,"[[0, 0, 0, 0, 0, 0, 0, 0, 0, 0, 0, 0, 0, 0, 0, 0, 0, 0, 1, 0, 0, 0, 0, 0]]",[1.0],21,425,50,206,455,
neos8_ds_qaoa_R0004_R0065_0003,data/miplib_benders/qaoa_problems/nvars_08/neos8_ds_qaoa_R0004_R0065_0003.json,8,24,2,ddsim,30,256,ok,486.2837867899798,408.57421875,-0.0,"{""C0005"": 0, ""C0006"": 0, ""C0009"": 0, ""C0013"": 0, ""C0014"": 0, ""C0017"": 0, ""row_slack_R0004"": 1, ""row_slack_R0065"": 0}",0.0,"{""C0005"": 0, ""C0006"": 0, ""C0009"": 0, ""C0013"": 0, ""C0014"": 0, ""C0017"": 0, ""row_slack_R0004"": 1, ""row_slack_R0065"": 0}",0.984375,"[[0, 0, 0, 0, 0, 0, 0, 0, 0, 0, 0, 0, 0, 0, 0, 0, 0, 0, 1, 0, 0, 0, 0, 0], [0, 0, 0, 0, 0, 0, 0, 0, 0, 1, 0, 0, 0, 0, 0, 0, 0, 0, 1, 0, 1, 0, 0, 0], [0, 0, 0, 0, 0, 0, 0, 0, 0, 1, 0, 0, 0, 0, 0, 0, 0, 0, 1, 1, 0, 0, 0, 0], [0, 0, 0, 0, 0, 0, 0, 0, 0, 1, 0, 1, 0, 0, 0, 0, 0, 0, 1, 0, 0, 0, 0, 0], [1, 0, 0, 0, 0, 0, 0, 0, 0, 1, 0, 0, 0, 0, 0, 0, 0, 1, 1, 0, 0, 0, 0, 0]]","[0.984375, 0.00390625, 0.00390625, 0.00390625, 0.00390625]",31,355,50,170,389,
neos8_ds_qaoa_R0004_R0065_0004,data/miplib_benders/qaoa_problems/nvars_08/neos8_ds_qaoa_R0004_R0065_0004.json,8,24,2,ddsim,30,256,ok,574.6327350990614,416.078125,-0.0,"{""C0006"": 0, ""C0009"": 0, ""C0013"": 0, ""C0014"": 0, ""C0017"": 0, ""C0018"": 0, ""row_slack_R0004"": 1, ""row_slack_R0065"": 0}",0.0,"{""C0006"": 0, ""C0009"": 0, ""C0013"": 0, ""C0014"": 0, ""C0017"": 0, ""C0018"": 0, ""row_slack_R0004"": 1, ""row_slack_R0065"": 0}",1.0,"[[0, 0, 0, 0, 0, 0, 0, 0, 0, 0, 0, 0, 0, 0, 0, 0, 0, 0, 1, 0, 0, 0, 0, 0]]",[1.0],22,465,50,227,488,
neos8_ds_qaoa_R0004_R0065_0005,data/miplib_benders/qaoa_problems/nvars_08/neos8_ds_qaoa_R0004_R0065_0005.json,8,24,2,ddsim,30,256,ok,428.6010663649067,425.34765625,-0.0,"{""C0009"": 0, ""C0013"": 0, ""C0014"": 0, ""C0017"": 0, ""C0018"": 0, ""C0022"": 0, ""row_slack_R0004"": 1, ""row_slack_R0065"": 0}",0.0,"{""C0009"": 0, ""C0013"": 0, ""C0014"": 0, ""C0017"": 0, ""C0018"": 0, ""C0022"": 0, ""row_slack_R0004"": 1, ""row_slack_R0065"": 0}",1.0,"[[0, 0, 0, 0, 0, 0, 0, 0, 0, 0, 0, 0, 0, 0, 0, 0, 0, 0, 1, 0, 0, 0, 0, 0]]",[1.0],22,615,50,302,587,
supportcase6_ds_qaoa_c726_c733_0003,data/miplib_benders/qaoa_problems/nvars_08/supportcase6_ds_qaoa_c726_c733_0003.json,8,24,2,ddsim,30,256,ok,468.17620954604354,411.79296875,296734000.0,"{""B100600(7)"": 0, ""B100602(7)"": 0, ""B100608(7)"": 0, ""B100623(7)"": 1, ""B101029(7)"": 0, ""B101035(7)"": 0, ""B101037(7)"": 0, ""B101043(7)"": 1}",,,,"[[1, 0, 1, 1, 1, 0, 0, 0, 0, 1, 1, 0, 1, 1, 0, 1, 1, 0, 1, 0, 0, 1, 0, 0], [1, 1, 0, 1, 0, 1, 0, 0, 0, 0, 0, 0, 1, 1, 0, 1, 1, 0, 1, 0, 0, 1, 0, 0], [1, 1, 0, 1, 0, 1, 0, 0, 0, 1, 1, 0, 1, 1, 0, 1, 1, 0, 1, 0, 0, 1, 0, 0], [1, 1, 0, 1, 1, 0, 0, 0, 0, 0, 0, 0, 1, 1, 0, 0, 0, 0, 1, 0, 0, 1, 0, 0], [1, 1, 0, 1, 1, 0, 0, 0, 0, 0, 0, 0, 1, 1, 0, 1, 1, 0, 1, 0, 0, 1, 0, 0], [1, 1, 0, 1, 1, 0, 0, 0, 0, 1, 0, 1, 1, 1, 0, 1, 1, 0, 1, 0, 0, 1, 0, 0], [1, 1, 0, 1, 1, 0, 0, 0, 0, 1, 1, 0, 0, 0, 0, 1, 1, 0, 1, 0, 0, 1, 0, 0], [1, 1, 0, 1, 1, 0, 0, 0, 0, 1, 1, 0, 1, 0, 1, 1, 1, 0, 1, 0, 0, 1, 0, 0], [1, 1, 0, 1, 1, 0, 0, 0, 0, 1, 1, 0, 1, 1, 0, 0, 0, 0, 1, 0, 0, 1, 0, 0], [1, 1, 0, 1, 1, 0, 0, 0, 0, 1, 1, 0, 1, 1, 0, 1, 0, 1, 1, 0, 0, 1, 0, 0], [1, 1, 0, 1, 1, 0, 0, 0, 0, 1, 1, 0, 1, 1, 0, 1, 1, 0, 1, 0, 0, 1, 0, 0]]","[0.01171875, 0.00390625, 0.00390625, 0.00390625, 0.0078125, 0.0078125, 0.0078125, 0.01171875, 0.0078125, 0.01171875, 0.921875]",26,455,50,220,466,
supportcase6_ds_qaoa_c726_c733_0004,data/miplib_benders/qaoa_problems/nvars_08/supportcase6_ds_qaoa_c726_c733_0004.json,8,24,2,ddsim,30,256,ok,518.6650917569641,409.953125,296734000.0,"{""B100602(7)"": 0, ""B100608(7)"": 0, ""B100623(7)"": 0, ""B101029(7)"": 0, ""B101035(7)"": 0, ""B101037(7)"": 0, ""B101043(7)"": 1, ""B101058(7)"": 1}",,,,"[[1, 0, 1, 1, 1, 0, 1, 1, 0, 1, 1, 0, 1, 1, 0, 1, 1, 0, 1, 0, 0, 1, 0, 0], [1, 1, 0, 1, 0, 1, 1, 1, 0, 1, 1, 0, 1, 0, 1, 1, 1, 0, 1, 0, 0, 1, 0, 0], [1, 1, 0, 1, 0, 1, 1, 1, 0, 1, 1, 0, 1, 1, 0, 1, 1, 0, 1, 0, 0, 1, 0, 0], [1, 1, 0, 1, 1, 0, 0, 0, 0, 1, 1, 0, 1, 1, 0, 1, 0, 1, 1, 0, 0, 1, 0, 0], [1, 1, 0, 1, 1, 0, 0, 0, 0, 1, 1, 0, 1, 1, 0, 1, 1, 0, 1, 0, 0, 1, 0, 0], [1, 1, 0, 1, 1, 0, 1, 0, 1, 1, 1, 0, 1, 1, 0, 1, 1, 0, 1, 0, 0, 1, 0, 0], [1, 1, 0, 1, 1, 0, 1, 1, 0, 0, 0, 0, 1, 1, 0, 0, 0, 0, 1, 0, 0, 1, 0, 0], [1, 1, 0, 1, 1, 0, 1, 1, 0, 0, 0, 0, 1, 1, 0, 1, 0, 1, 1, 0, 0, 1, 0, 0], [1, 1, 0, 1, 1, 0, 1, 1, 0, 0, 0, 0, 1, 1, 0, 1, 1, 0, 1, 0, 0, 1, 0, 0], [1, 1, 0, 1, 1, 0, 1, 1, 0, 1, 0, 1, 1, 0, 1, 1, 1, 0, 1, 0, 0, 1, 0, 0], [1, 1, 0, 1, 1, 0, 1, 1, 0, 1, 0, 1, 1, 1, 0, 1, 1, 0, 1, 0, 0, 1, 0, 0], [1, 1, 0, 1, 1, 0, 1, 1, 0, 1, 1, 0, 0, 0, 0, 1, 1, 0, 1, 0, 0, 1, 0, 0], [1, 1, 0, 1, 1, 0, 1, 1, 0, 1, 1, 0, 1, 0, 0, 0, 1, 0, 0, 0, 0, 1, 0, 0], [1, 1, 0, 1, 1, 0, 1, 1, 0, 1, 1, 0, 1, 0, 1, 1, 1, 0, 1, 0, 0, 1, 0, 0], [1, 1, 0, 1, 1, 0, 1, 1, 0, 1, 1, 0, 1, 1, 0, 0, 0, 0, 1, 0, 0, 1, 0, 0], [1, 1, 0, 1, 1, 0, 1, 1, 0, 1, 1, 0, 1, 1, 0, 1, 0, 1, 1, 0, 0, 1, 0, 0], [1, 1, 0, 1, 1, 0, 1, 1, 0, 1, 1, 0, 1, 1, 0, 1, 1, 0, 1, 0, 0, 1, 0, 0]]","[0.01171875, 0.00390625, 0.0234375, 0.00390625, 0.02734375, 0.01953125, 0.00390625, 0.00390625, 0.03515625, 0.0078125, 0.01171875, 0.01953125, 0.0078125, 0.0234375, 0.0234375, 0.015625, 0.7578125]",25,342,50,161,363,
supportcase6_ds_qaoa_c726_c733_0005,data/miplib_benders/qaoa_problems/nvars_08/supportcase6_ds_qaoa_c726_c733_0005.json,8,24,2,ddsim,30,256,ok,547.6271952729439,409.7421875,296734000.0,"{""B100608(7)"": 0, ""B100623(7)"": 1, ""B101029(7)"": 0, ""B101035(7)"": 0, ""B101037(7)"": 0, ""B101043(7)"": 1, ""B101058(7)"": 0, ""B101479(7)"": 0}",,,,"[[1, 1, 0, 1, 1, 0, 1, 1, 0, 1, 0, 1, 1, 1, 0, 1, 0, 0, 1, 1, 0, 1, 0, 0], [1, 1, 0, 1, 1, 0, 1, 1, 0, 1, 1, 0, 1, 0, 1, 1, 0, 0, 1, 1, 0, 1, 0, 0], [1, 1, 0, 1, 1, 0, 1, 1, 0, 1, 1, 0, 1, 1, 0, 1, 0, 0, 0, 0, 0, 1, 0, 0], [1, 1, 0, 1, 1, 0, 1, 1, 0, 1, 1, 0, 1, 1, 0, 1, 0, 0, 1, 1, 0, 1, 0, 0]]","[0.0078125, 0.00390625, 0.00390625, 0.984375]",31,342,50,161,363,
supportcase6_ds_qaoa_c733_c745_0004,data/miplib_benders/qaoa_problems/nvars_08/supportcase6_ds_qaoa_c733_c745_0004.json,8,24,2,ddsim,30,256,ok,525.1820109449327,407.40234375,144887000.0,"{""B100608(7)"": 1, ""B101029(7)"": 0, ""B101035(7)"": 0, ""B101037(7)"": 0, ""B101043(7)"": 0, ""B101479(7)"": 0, ""B101485(7)"": 0, ""B101487(7)"": 0}",,,,"[[1, 1, 0, 1, 1, 0, 0, 0, 0, 1, 1, 0, 1, 1, 0, 1, 1, 0, 1, 0, 0, 1, 1, 0], [1, 1, 0, 1, 1, 0, 1, 0, 1, 1, 1, 0, 1, 1, 0, 1, 1, 0, 1, 0, 0, 1, 1, 0], [1, 1, 0, 1, 1, 0, 1, 1, 0, 0, 0, 0, 1, 1, 0, 1, 1, 0, 1, 0, 0, 1, 1, 0], [1, 1, 0, 1, 1, 0, 1, 1, 0, 1, 1, 0, 0, 0, 0, 1, 1, 0, 1, 0, 0, 1, 1, 0], [1, 1, 0, 1, 1, 0, 1, 1, 0, 1, 1, 0, 1, 0, 1, 1, 1, 0, 1, 0, 0, 1, 1, 0], [1, 1, 0, 1, 1, 0, 1, 1, 0, 1, 1, 0, 1, 1, 0, 1, 1, 0, 1, 0, 0, 1, 1, 0]]","[0.00390625, 0.00390625, 0.00390625, 0.00390625, 0.00390625, 0.98046875]",27,149,50,66,263,
supportcase6_ds_qaoa_c745_c747_0002,data/miplib_benders/qaoa_problems/nvars_08/supportcase6_ds_qaoa_c745_c747_0002.json,8,24,2,ddsim,30,256,ok,460.0949762020027,402.60546875,150892000.0,"{""B100594(7)"": 1, ""B100600(7)"": 0, ""B100602(7)"": 0, ""B100608(7)"": 0, ""B100623(7)"": 0, ""B101029(7)"": 0, ""B101035(7)"": 0, ""B101037(7)"": 0}",,,,"[[1, 1, 0, 1, 1, 0, 0, 0, 0, 1, 1, 0, 1, 1, 0, 1, 1, 0, 1, 1, 0, 1, 0, 0], [1, 1, 0, 1, 1, 0, 1, 0, 1, 1, 1, 0, 1, 1, 0, 1, 1, 0, 1, 1, 0, 1, 0, 0], [1, 1, 0, 1, 1, 0, 1, 1, 0, 0, 0, 0, 1, 1, 0, 1, 1, 0, 1, 1, 0, 1, 0, 0], [1, 1, 0, 1, 1, 0, 1, 1, 0, 1, 1, 0, 1, 1, 0, 0, 0, 0, 1, 1, 0, 1, 0, 0], [1, 1, 0, 1, 1, 0, 1, 1, 0, 1, 1, 0, 1, 1, 0, 1, 0, 1, 1, 1, 0, 1, 0, 0], [1, 1, 0, 1, 1, 0, 1, 1, 0, 1, 1, 0, 1, 1, 0, 1, 1, 0, 1, 1, 0, 1, 0, 0]]","[0.00390625, 0.01171875, 0.01171875, 0.0078125, 0.0078125, 0.95703125]",28,269,50,120,263,
supportcase6_ds_qaoa_c745_c747_0003,data/miplib_benders/qaoa_problems/nvars_08/supportcase6_ds_qaoa_c745_c747_0003.json,8,24,2,ddsim,30,256,ok,552.5157472819556,477.91015625,150892000.0,"{""B100600(7)"": 0, ""B100602(7)"": 0, ""B100608(7)"": 0, ""B100623(7)"": 0, ""B101029(7)"": 1, ""B101035(7)"": 0, ""B101037(7)"": 0, ""B101043(7)"": 0}",,,,"[[1, 0, 1, 1, 1, 0, 1, 1, 0, 1, 1, 0, 1, 1, 0, 1, 1, 0, 1, 1, 0, 1, 0, 0], [1, 1, 0, 0, 0, 0, 1, 1, 0, 1, 1, 0, 1, 1, 0, 1, 1, 0, 1, 1, 0, 1, 0, 0], [1, 1, 0, 1, 0, 1, 0, 0, 0, 1, 1, 0, 1, 1, 0, 1, 1, 0, 1, 1, 0, 1, 0, 0], [1, 1, 0, 1, 0, 1, 1, 1, 0, 1, 1, 0, 1, 1, 0, 1, 1, 0, 1, 1, 0, 1, 0, 0], [1, 1, 0, 1, 1, 0, 0, 0, 0, 1, 1, 0, 1, 1, 0, 1, 1, 0, 1, 1, 0, 1, 0, 0], [1, 1, 0, 1, 1, 0, 1, 0, 1, 1, 1, 0, 1, 1, 0, 1, 1, 0, 1, 1, 0, 1, 0, 0], [1, 1, 0, 1, 1, 0, 1, 1, 0, 1, 1, 0, 0, 0, 0, 1, 1, 0, 1, 1, 0, 1, 0, 0], [1, 1, 0, 1, 1, 0, 1, 1, 0, 1, 1, 0, 1, 0, 1, 1, 1, 0, 1, 1, 0, 1, 0, 0], [1, 1, 0, 1, 1, 0, 1, 1, 0, 1, 1, 0, 1, 1, 0, 0, 0, 0, 1, 1, 0, 1, 0, 0], [1, 1, 0, 1, 1, 0, 1, 1, 0, 1, 1, 0, 1, 1, 0, 1, 0, 1, 1, 1, 0, 1, 0, 0], [1, 1, 0, 1, 1, 0, 1, 1, 0, 1, 1, 0, 1, 1, 0, 1, 1, 0, 0, 0, 0, 1, 0, 0], [1, 1, 0, 1, 1, 0, 1, 1, 0, 1, 1, 0, 1, 1, 0, 1, 1, 0, 1, 0, 1, 1, 0, 0], [1, 1, 0, 1, 1, 0, 1, 1, 0, 1, 1, 0, 1, 1, 0, 1, 1, 0, 1, 1, 0, 1, 0, 0]]","[0.015625, 0.00390625, 0.00390625, 0.00390625, 0.015625, 0.01171875, 0.01171875, 0.01171875, 0.01171875, 0.01171875, 0.0078125, 0.00390625, 0.88671875]",29,269,50,120,263,
supportcase6_ds_qaoa_c733_c745_c747_0003,data/miplib_benders/qaoa_problems/nvars_07/supportcase6_ds_qaoa_c733_c745_c747_0003.json,7,21,3,ddsim,30,256,ok,579.2802223670296,467.546875,144887000.0,"{""B100600(7)"": 0, ""B100602(7)"": 0, ""B100608(7)"": 1, ""B100623(7)"": 0, ""B101029(7)"": 0, ""B101035(7)"": 0, ""B101037(7)"": 0}",,,,"[[1, 0, 1, 1, 1, 0, 1, 1, 0, 1, 1, 0, 1, 1, 0, 1, 0, 0, 1, 1, 0], [1, 1, 0, 1, 0, 1, 1, 1, 0, 1, 1, 0, 1, 1, 0, 1, 0, 0, 1, 1, 0], [1, 1, 0, 1, 1, 0, 0, 0, 0, 1, 1, 0, 1, 1, 0, 1, 0, 0, 1, 1, 0], [1, 1, 0, 1, 1, 0, 1, 1, 0, 1, 0, 1, 1, 1, 0, 1, 0, 0, 1, 1, 0], [1, 1, 0, 1, 1, 0, 1, 1, 0, 1, 1, 0, 0, 0, 0, 1, 0, 0, 1, 1, 0], [1, 1, 0, 1, 1, 0, 1, 1, 0, 1, 1, 0, 1, 0, 1, 1, 0, 0, 1, 1, 0], [1, 1, 0, 1, 1, 0, 1, 1, 0, 1, 1, 0, 1, 1, 0, 1, 0, 0, 0, 0, 0], [1, 1, 0, 1, 1, 0, 1, 1, 0, 1, 1, 0, 1, 1, 0, 1, 0, 0, 1, 0, 1], [1, 1, 0, 1, 1, 0, 1, 1, 0, 1, 1, 0, 1, 1, 0, 1, 0, 0, 1, 1, 0]]","[0.0078125, 0.00390625, 0.0078125, 0.015625, 0.00390625, 0.01171875, 0.0078125, 0.015625, 0.92578125]",28,109,44,48,219,
supportcase6_ds_qaoa_c722_c726_c733_0003,data/miplib_benders/qaoa_problems/nvars_07/supportcase6_ds_qaoa_c722_c726_c733_0003.json,7,21,3,ddsim,30,256,ok,622.366609129007,388.765625,134333000.0,"{""B100600(7)"": 0, ""B100602(7)"": 0, ""B100608(7)"": 0, ""B100623(7)"": 0, ""B101029(7)"": 0, ""B101035(7)"": 1, ""B101037(7)"": 0}",,,,"[[1, 0, 0, 1, 1, 0, 1, 1, 0, 1, 1, 0, 1, 1, 0, 0, 0, 0, 1, 1, 0], [1, 0, 1, 1, 0, 1, 1, 1, 0, 1, 1, 0, 1, 1, 0, 1, 0, 0, 1, 1, 0], [1, 0, 1, 1, 1, 0, 0, 0, 0, 1, 0, 1, 1, 1, 0, 1, 0, 0, 1, 1, 0], [1, 0, 1, 1, 1, 0, 1, 1, 0, 1, 1, 0, 0, 0, 0, 1, 0, 0, 1, 1, 0], [1, 0, 1, 1, 1, 0, 1, 1, 0, 1, 1, 0, 1, 0, 1, 1, 0, 0, 1, 1, 0], [1, 0, 1, 1, 1, 0, 1, 1, 0, 1, 1, 0, 1, 1, 0, 1, 0, 0, 1, 0, 1], [1, 0, 1, 1, 1, 0, 1, 1, 0, 1, 1, 0, 1, 1, 0, 1, 0, 0, 1, 1, 0], [1, 1, 0, 0, 1, 0, 1, 1, 0, 1, 1, 0, 1, 1, 0, 1, 0, 0, 1, 0, 0], [1, 1, 0, 1, 0, 0, 1, 1, 0, 0, 1, 0, 1, 1, 0, 1, 0, 0, 1, 1, 0], [1, 1, 0, 1, 0, 1, 1, 1, 0, 1, 0, 1, 1, 1, 0, 1, 0, 0, 1, 1, 0], [1, 1, 0, 1, 0, 1, 1, 1, 0, 1, 1, 0, 1, 1, 0, 1, 0, 0, 1, 1, 0], [1, 1, 0, 1, 1, 0, 1, 0, 1, 1, 1, 0, 1, 0, 1, 1, 0, 0, 1, 1, 0], [1, 1, 0, 1, 1, 0, 1, 0, 1, 1, 1, 0, 1, 1, 0, 1, 0, 0, 1, 1, 0], [1, 1, 0, 1, 1, 0, 1, 1, 0, 0, 0, 0, 1, 1, 0, 1, 0, 0, 0, 0, 0], [1, 1, 0, 1, 1, 0, 1, 1, 0, 0, 0, 0, 1, 1, 0, 1, 0, 0, 1, 1, 0], [1, 1, 0, 1, 1, 0, 1, 1, 0, 1, 0, 1, 0, 0, 0, 1, 0, 0, 1, 0, 1], [1, 1, 0, 1, 1, 0, 1, 1, 0, 1, 0, 1, 1, 1, 0, 1, 0, 0, 0, 0, 0], [1, 1, 0, 1, 1, 0, 1, 1, 0, 1, 0, 1, 1, 1, 0, 1, 0, 0, 1, 1, 0], [1, 1, 0, 1, 1, 0, 1, 1, 0, 1, 1, 0, 0, 0, 0, 1, 0, 0, 1, 1, 0], [1, 1, 0, 1, 1, 0, 1, 1, 0, 1, 1, 0, 1, 0, 0, 1, 0, 0, 0, 1, 0], [1, 1, 0, 1, 1, 0, 1, 1, 0, 1, 1, 0, 1, 0, 1, 1, 0, 0, 1, 1, 0], [1, 1, 0, 1, 1, 0, 1, 1, 0, 1, 1, 0, 1, 1, 0, 1, 0, 0, 0, 0, 0], [1, 1, 0, 1, 1, 0, 1, 1, 0, 1, 1, 0, 1, 1, 0, 1, 0, 0, 1, 0, 1], [1, 1, 0, 1, 1, 0, 1, 1, 0, 1, 1, 0, 1, 1, 0, 1, 0, 0, 1, 1, 0]]","[0.00390625, 0.00390625, 0.00390625, 0.00390625, 0.0078125, 0.00390625, 0.015625, 0.00390625, 0.0078125, 0.00390625, 0.01953125, 0.00390625, 0.03125, 0.0078125, 0.05078125, 0.00390625, 0.00390625, 0.01953125, 0.03125, 0.00390625, 0.02734375, 0.01953125, 0.05078125, 0.66796875]",27,149,44,66,219,
supportcase6_ds_qaoa_c726_c733_c745_0002,data/miplib_benders/qaoa_problems/nvars_07/supportcase6_ds_qaoa_c726_c733_c745_0002.json,7,21,3,ddsim,30,256,ok,709.8068808099488,407.47265625,296734000.0,"{""B100594(7)"": 0, ""B100600(7)"": 0, ""B100602(7)"": 0, ""B100608(7)"": 1, ""B100623(7)"": 1, ""B101029(7)"": 0, ""B101035(7)"": 0}",,,,"[[0, 1, 0, 1, 1, 0, 0, 0, 0, 1, 1, 0, 0, 0, 0, 1, 0, 0, 1, 0, 0], [1, 0, 0, 1, 1, 0, 0, 1, 0, 1, 1, 0, 0, 0, 0, 1, 1, 0, 1, 0, 0], [1, 0, 1, 1, 0, 1, 0, 0, 0, 1, 1, 0, 0, 0, 0, 1, 1, 0, 1, 0, 0], [1, 0, 1, 1, 1, 0, 0, 0, 0, 1, 1, 0, 0, 0, 0, 1, 1, 0, 1, 0, 0], [1, 0, 1, 1, 1, 0, 1, 0, 1, 1, 1, 0, 0, 0, 0, 1, 1, 0, 1, 0, 0], [1, 0, 1, 1, 1, 0, 1, 1, 0, 1, 0, 1, 0, 0, 0, 0, 0, 0, 1, 0, 0], [1, 0, 1, 1, 1, 0, 1, 1, 0, 1, 0, 1, 0, 0, 0, 1, 1, 0, 1, 0, 0], [1, 0, 1, 1, 1, 0, 1, 1, 0, 1, 1, 0, 0, 0, 0, 0, 0, 0, 1, 0, 0], [1, 0, 1, 1, 1, 0, 1, 1, 0, 1, 1, 0, 0, 0, 0, 1, 0, 1, 1, 0, 0], [1, 0, 1, 1, 1, 0, 1, 1, 0, 1, 1, 0, 0, 0, 0, 1, 1, 0, 1, 0, 0], [1, 1, 0, 1, 0, 1, 1, 0, 1, 1, 1, 0, 0, 0, 0, 0, 0, 0, 1, 0, 0], [1, 1, 0, 1, 0, 1, 1, 0, 1, 1, 1, 0, 0, 0, 0, 1, 0, 1, 1, 0, 0], [1, 1, 0, 1, 0, 1, 1, 0, 1, 1, 1, 0, 0, 0, 0, 1, 1, 0, 1, 0, 0], [1, 1, 0, 1, 0, 1, 1, 1, 0, 1, 0, 1, 0, 0, 0, 1, 0, 1, 1, 0, 0], [1, 1, 0, 1, 0, 1, 1, 1, 0, 1, 0, 1, 0, 0, 0, 1, 1, 0, 1, 0, 0], [1, 1, 0, 1, 0, 1, 1, 1, 0, 1, 1, 0, 0, 0, 0, 0, 0, 0, 1, 0, 0], [1, 1, 0, 1, 0, 1, 1, 1, 0, 1, 1, 0, 0, 0, 0, 1, 1, 0, 1, 0, 0], [1, 1, 0, 1, 1, 0, 0, 0, 0, 1, 0, 1, 0, 0, 0, 1, 0, 1, 1, 0, 0], [1, 1, 0, 1, 1, 0, 0, 0, 0, 1, 0, 1, 0, 0, 0, 1, 1, 0, 1, 0, 0], [1, 1, 0, 1, 1, 0, 0, 0, 0, 1, 1, 0, 0, 0, 0, 1, 0, 1, 1, 0, 0], [1, 1, 0, 1, 1, 0, 0, 0, 0, 1, 1, 0, 0, 0, 0, 1, 1, 0, 1, 0, 0], [1, 1, 0, 1, 1, 0, 1, 0, 0, 1, 1, 0, 0, 0, 0, 0, 1, 0, 1, 0, 0], [1, 1, 0, 1, 1, 0, 1, 0, 1, 1, 1, 0, 0, 0, 0, 1, 1, 0, 1, 0, 0], [1, 1, 0, 1, 1, 0, 1, 1, 0, 1, 0, 0, 1, 0, 0, 0, 0, 0, 0, 0, 0], [1, 1, 0, 1, 1, 0, 1, 1, 0, 1, 0, 1, 0, 0, 0, 0, 0, 0, 1, 0, 0], [1, 1, 0, 1, 1, 0, 1, 1, 0, 1, 0, 1, 0, 0, 0, 1, 1, 0, 1, 0, 0], [1, 1, 0, 1, 1, 0, 1, 1, 0, 1, 1, 0, 0, 0, 0, 0, 0, 0, 1, 0, 0], [1, 1, 0, 1, 1, 0, 1, 1, 0, 1, 1, 0, 0, 0, 0, 1, 0, 1, 1, 0, 0], [1, 1, 0, 1, 1, 0, 1, 1, 0, 1, 1, 0, 0, 0, 0, 1, 1, 0, 1, 0, 0]]","[0.00390625, 0.00390625, 0.00390625, 0.01171875, 0.01171875, 0.00390625, 0.01171875, 0.00390625, 0.00390625, 0.0390625, 0.00390625, 0.00390625, 0.00390625, 0.00390625, 0.00390625, 0.0078125, 0.03125, 0.00390625, 0.01171875, 0.00390625, 0.06640625, 0.00390625, 0.05078125, 0.00390625, 0.0078125, 0.05078125, 0.03515625, 0.06640625, 0.5390625]",26,222,44,107,320,
supportcase6_ds_qaoa_c733_c745_c747_0002,data/miplib_benders/qaoa_problems/nvars_07/supportcase6_ds_qaoa_c733_c745_c747_0002.json,7,21,3,ddsim,30,256,ok,815.0936741980258,405.4609375,144887000.0,"{""B100594(7)"": 0, ""B100600(7)"": 0, ""B100602(7)"": 0, ""B100608(7)"": 1, ""B100623(7)"": 0, ""B101029(7)"": 0, ""B101035(7)"": 0}",,,,"[[1, 0, 1, 1, 1, 0, 0, 0, 0, 1, 1, 0, 1, 1, 0, 1, 1, 0, 1, 0, 0], [1, 0, 1, 1, 1, 0, 1, 1, 0, 0, 0, 0, 1, 1, 0, 1, 1, 0, 1, 0, 0], [1, 0, 1, 1, 1, 0, 1, 1, 0, 1, 1, 0, 1, 0, 1, 1, 1, 0, 1, 0, 0], [1, 0, 1, 1, 1, 0, 1, 1, 0, 1, 1, 0, 1, 1, 0, 1, 0, 1, 1, 0, 0], [1, 0, 1, 1, 1, 0, 1, 1, 0, 1, 1, 0, 1, 1, 0, 1, 1, 0, 1, 0, 0], [1, 1, 0, 1, 0, 0, 1, 1, 0, 0, 0, 1, 1, 1, 0, 1, 1, 0, 1, 0, 0], [1, 1, 0, 1, 0, 1, 0, 0, 0, 1, 1, 0, 1, 1, 0, 1, 1, 0, 1, 0, 0], [1, 1, 0, 1, 0, 1, 1, 0, 1, 1, 1, 0, 1, 1, 0, 1, 1, 0, 1, 0, 0], [1, 1, 0, 1, 0, 1, 1, 1, 0, 1, 0, 1, 1, 1, 0, 1, 1, 0, 1, 0, 0], [1, 1, 0, 1, 0, 1, 1, 1, 0, 1, 1, 0, 1, 0, 1, 1, 1, 0, 1, 0, 0], [1, 1, 0, 1, 0, 1, 1, 1, 0, 1, 1, 0, 1, 1, 0, 0, 0, 0, 1, 0, 0], [1, 1, 0, 1, 0, 1, 1, 1, 0, 1, 1, 0, 1, 1, 0, 1, 1, 0, 1, 0, 0], [1, 1, 0, 1, 1, 0, 0, 0, 0, 1, 1, 0, 1, 1, 0, 1, 1, 0, 1, 0, 0], [1, 1, 0, 1, 1, 0, 1, 0, 1, 0, 0, 0, 1, 1, 0, 1, 1, 0, 1, 0, 0], [1, 1, 0, 1, 1, 0, 1, 0, 1, 1, 1, 0, 1, 1, 0, 0, 0, 0, 1, 0, 0], [1, 1, 0, 1, 1, 0, 1, 0, 1, 1, 1, 0, 1, 1, 0, 1, 1, 0, 1, 0, 0], [1, 1, 0, 1, 1, 0, 1, 1, 0, 0, 0, 0, 1, 1, 0, 1, 1, 0, 1, 0, 0], [1, 1, 0, 1, 1, 0, 1, 1, 0, 1, 0, 1, 1, 1, 0, 1, 1, 0, 1, 0, 0], [1, 1, 0, 1, 1, 0, 1, 1, 0, 1, 1, 0, 1, 0, 1, 1, 0, 1, 1, 0, 0], [1, 1, 0, 1, 1, 0, 1, 1, 0, 1, 1, 0, 1, 0, 1, 1, 1, 0, 1, 0, 0], [1, 1, 0, 1, 1, 0, 1, 1, 0, 1, 1, 0, 1, 1, 0, 0, 0, 0, 1, 0, 0], [1, 1, 0, 1, 1, 0, 1, 1, 0, 1, 1, 0, 1, 1, 0, 1, 0, 1, 1, 0, 0], [1, 1, 0, 1, 1, 0, 1, 1, 0, 1, 1, 0, 1, 1, 0, 1, 1, 0, 1, 0, 0]]","[0.00390625, 0.00390625, 0.00390625, 0.00390625, 0.03515625, 0.00390625, 0.00390625, 0.00390625, 0.00390625, 0.00390625, 0.00390625, 0.01953125, 0.01953125, 0.00390625, 0.00390625, 0.02734375, 0.03515625, 0.03515625, 0.00390625, 0.0078125, 0.03125, 0.0390625, 0.69921875]",31,109,44,48,219,
supportcase6_ds_qaoa_c745_c747_0003,data/miplib_benders/qaoa_problems/nvars_07/supportcase6_ds_qaoa_c745_c747_0003.json,7,21,2,ddsim,30,256,ok,419.8060342790559,397.71484375,150892000.0,"{""B100600(7)"": 0, ""B100602(7)"": 0, ""B100608(7)"": 0, ""B100623(7)"": 0, ""B101029(7)"": 1, ""B101035(7)"": 0, ""B101037(7)"": 0}",,,,"[[1, 0, 1, 0, 0, 0, 1, 1, 0, 1, 1, 0, 1, 1, 0, 1, 1, 0, 1, 0, 0], [1, 0, 1, 1, 1, 0, 1, 1, 0, 1, 1, 0, 0, 0, 0, 1, 1, 0, 1, 0, 0], [1, 0, 1, 1, 1, 0, 1, 1, 0, 1, 1, 0, 1, 1, 0, 1, 1, 0, 1, 0, 0], [1, 1, 0, 0, 0, 0, 1, 1, 0, 1, 0, 1, 1, 1, 0, 1, 1, 0, 1, 0, 0], [1, 1, 0, 0, 0, 0, 1, 1, 0, 1, 1, 0, 0, 0, 0, 1, 1, 0, 1, 0, 0], [1, 1, 0, 0, 0, 0, 1, 1, 0, 1, 1, 0, 1, 1, 0, 1, 1, 0, 1, 0, 0], [1, 1, 0, 1, 0, 0, 0, 1, 0, 1, 1, 0, 1, 1, 0, 1, 1, 0, 1, 0, 0], [1, 1, 0, 1, 0, 1, 1, 1, 0, 1, 1, 0, 1, 1, 0, 1, 1, 0, 1, 0, 0], [1, 1, 0, 1, 1, 0, 0, 0, 0, 1, 1, 0, 0, 0, 0, 1, 1, 0, 1, 0, 0], [1, 1, 0, 1, 1, 0, 0, 0, 0, 1, 1, 0, 1, 1, 0, 1, 1, 0, 1, 0, 0], [1, 1, 0, 1, 1, 0, 1, 0, 0, 1, 1, 0, 0, 1, 0, 1, 1, 0, 1, 0, 0], [1, 1, 0, 1, 1, 0, 1, 0, 1, 1, 1, 0, 1, 1, 0, 0, 0, 0, 1, 0, 0], [1, 1, 0, 1, 1, 0, 1, 0, 1, 1, 1, 0, 1, 1, 0, 1, 1, 0, 1, 0, 0], [1, 1, 0, 1, 1, 0, 1, 1, 0, 1, 0, 1, 1, 1, 0, 1, 1, 0, 1, 0, 0], [1, 1, 0, 1, 1, 0, 1, 1, 0, 1, 1, 0, 0, 0, 0, 0, 0, 0, 1, 0, 0], [1, 1, 0, 1, 1, 0, 1, 1, 0, 1, 1, 0, 0, 0, 0, 1, 1, 0, 1, 0, 0], [1, 1, 0, 1, 1, 0, 1, 1, 0, 1, 1, 0, 1, 0, 1, 1, 1, 0, 1, 0, 0], [1, 1, 0, 1, 1, 0, 1, 1, 0, 1, 1, 0, 1, 1, 0, 0, 0, 0, 1, 0, 0], [1, 1, 0, 1, 1, 0, 1, 1, 0, 1, 1, 0, 1, 1, 0, 1, 0, 1, 1, 0, 0], [1, 1, 0, 1, 1, 0, 1, 1, 0, 1, 1, 0, 1, 1, 0, 1, 1, 0, 1, 0, 0]]","[0.00390625, 0.00390625, 0.0234375, 0.0078125, 0.00390625, 0.02734375, 0.00390625, 0.03515625, 0.00390625, 0.046875, 0.00390625, 0.00390625, 0.0234375, 0.0234375, 0.0078125, 0.015625, 0.0234375, 0.02734375, 0.0234375, 0.6875]",26,229,44,102,228,
supportcase6_ds_qaoa_c733_c745_c747_0005,data/miplib_benders/qaoa_problems/nvars_07/supportcase6_ds_qaoa_c733_c745_c747_0005.json,7,21,3,ddsim,30,256,ok,627.7151135379681,405.359375,144887000.0,"{""B100608(7)"": 1, ""B100623(7)"": 0, ""B101029(7)"": 0, ""B101035(7)"": 0, ""B101037(7)"": 0, ""B101043(7)"": 0, ""B101058(7)"": 0}",,,,"[[1, 0, 1, 1, 0, 1, 1, 1, 0, 1, 1, 0, 1, 1, 0, 1, 0, 0, 1, 1, 0], [1, 0, 1, 1, 1, 0, 1, 1, 0, 0, 0, 0, 1, 1, 0, 1, 0, 0, 1, 1, 0], [1, 0, 1, 1, 1, 0, 1, 1, 0, 1, 0, 1, 1, 1, 0, 1, 0, 0, 0, 0, 0], [1, 0, 1, 1, 1, 0, 1, 1, 0, 1, 1, 0, 0, 0, 0, 1, 0, 0, 1, 1, 0], [1, 0, 1, 1, 1, 0, 1, 1, 0, 1, 1, 0, 1, 1, 0, 1, 0, 0, 0, 0, 0], [1, 0, 1, 1, 1, 0, 1, 1, 0, 1, 1, 0, 1, 1, 0, 1, 0, 0, 1, 1, 0], [1, 1, 0, 1, 0, 1, 1, 1, 0, 0, 0, 0, 1, 1, 0, 1, 0, 0, 1, 1, 0], [1, 1, 0, 1, 0, 1, 1, 1, 0, 1, 1, 0, 0, 0, 0, 1, 0, 0, 0, 0, 0], [1, 1, 0, 1, 0, 1, 1, 1, 0, 1, 1, 0, 1, 0, 1, 1, 0, 0, 1, 1, 0], [1, 1, 0, 1, 0, 1, 1, 1, 0, 1, 1, 0, 1, 1, 0, 1, 0, 0, 0, 0, 0], [1, 1, 0, 1, 0, 1, 1, 1, 0, 1, 1, 0, 1, 1, 0, 1, 0, 0, 1, 1, 0], [1, 1, 0, 1, 1, 0, 1, 0, 0, 1, 0, 1, 0, 1, 0, 1, 0, 0, 0, 0, 0], [1, 1, 0, 1, 1, 0, 1, 0, 0, 1, 1, 0, 0, 1, 0, 1, 0, 0, 1, 1, 0], [1, 1, 0, 1, 1, 0, 1, 0, 1, 1, 1, 0, 1, 1, 0, 1, 0, 0, 0, 0, 0], [1, 1, 0, 1, 1, 0, 1, 0, 1, 1, 1, 0, 1, 1, 0, 1, 0, 0, 1, 1, 0], [1, 1, 0, 1, 1, 0, 1, 1, 0, 0, 0, 0, 0, 0, 0, 1, 0, 0, 1, 1, 0], [1, 1, 0, 1, 1, 0, 1, 1, 0, 0, 0, 0, 1, 1, 0, 1, 0, 0, 0, 0, 0], [1, 1, 0, 1, 1, 0, 1, 1, 0, 0, 0, 0, 1, 1, 0, 1, 0, 0, 1, 1, 0], [1, 1, 0, 1, 1, 0, 1, 1, 0, 1, 0, 1, 1, 1, 0, 1, 0, 0, 1, 1, 0], [1, 1, 0, 1, 1, 0, 1, 1, 0, 1, 1, 0, 0, 0, 0, 1, 0, 0, 1, 1, 0], [1, 1, 0, 1, 1, 0, 1, 1, 0, 1, 1, 0, 1, 0, 1, 1, 0, 0, 0, 0, 0], [1, 1, 0, 1, 1, 0, 1, 1, 0, 1, 1, 0, 1, 0, 1, 1, 0, 0, 1, 1, 0], [1, 1, 0, 1, 1, 0, 1, 1, 0, 1, 1, 0, 1, 1, 0, 1, 0, 0, 0, 0, 0], [1, 1, 0, 1, 1, 0, 1, 1, 0, 1, 1, 0, 1, 1, 0, 1, 0, 0, 1, 0, 1], [1, 1, 0, 1, 1, 0, 1, 1, 0, 1, 1, 0, 1, 1, 0, 1, 0, 0, 1, 1, 0]]","[0.00390625, 0.00390625, 0.00390625, 0.01171875, 0.00390625, 0.04296875, 0.00390625, 0.00390625, 0.0078125, 0.00390625, 0.0390625, 0.00390625, 0.00390625, 0.00390625, 0.0546875, 0.0078125, 0.0078125, 0.05078125, 0.04296875, 0.02734375, 0.01171875, 0.03125, 0.03515625, 0.0390625, 0.55078125]",27,109,44,48,219,
supportcase6_ds_qaoa_c733_c745_c747_0004,data/miplib_benders/qaoa_problems/nvars_07/supportcase6_ds_qaoa_c733_c745_c747_0004.json,7,21,3,ddsim,30,256,ok,707.0995550670195,405.421875,144887000.0,"{""B100602(7)"": 0, ""B100608(7)"": 1, ""B100623(7)"": 0, ""B101029(7)"": 0, ""B101035(7)"": 0, ""B101037(7)"": 0, ""B101043(7)"": 0}",,,,"[[0, 0, 1, 1, 1, 0, 1, 1, 0, 1, 1, 0, 1, 1, 0, 1, 0, 0, 1, 0, 0], [1, 0, 0, 1, 1, 0, 1, 0, 1, 0, 1, 0, 0, 0, 0, 1, 1, 0, 1, 0, 0], [1, 0, 0, 1, 1, 0, 1, 1, 0, 0, 1, 0, 1, 1, 0, 1, 1, 0, 1, 0, 0], [1, 0, 1, 1, 0, 1, 1, 1, 0, 1, 1, 0, 1, 1, 0, 1, 1, 0, 1, 0, 0], [1, 0, 1, 1, 1, 0, 1, 0, 1, 1, 1, 0, 1, 1, 0, 1, 1, 0, 1, 0, 0], [1, 0, 1, 1, 1, 0, 1, 1, 0, 0, 0, 0, 1, 1, 0, 1, 1, 0, 1, 0, 0], [1, 0, 1, 1, 1, 0, 1, 1, 0, 1, 1, 0, 0, 0, 0, 1, 1, 0, 1, 0, 0], [1, 0, 1, 1, 1, 0, 1, 1, 0, 1, 1, 0, 1, 0, 0, 1, 1, 0, 0, 0, 0], [1, 0, 1, 1, 1, 0, 1, 1, 0, 1, 1, 0, 1, 1, 0, 0, 0, 0, 1, 0, 0], [1, 0, 1, 1, 1, 0, 1, 1, 0, 1, 1, 0, 1, 1, 0, 1, 0, 1, 1, 0, 0], [1, 0, 1, 1, 1, 0, 1, 1, 0, 1, 1, 0, 1, 1, 0, 1, 1, 0, 1, 0, 0], [1, 1, 0, 1, 0, 0, 1, 1, 0, 0, 0, 0, 0, 1, 0, 1, 1, 0, 1, 0, 0], [1, 1, 0, 1, 0, 0, 1, 1, 0, 1, 1, 0, 0, 1, 0, 1, 1, 0, 1, 0, 0], [1, 1, 0, 1, 0, 1, 1, 1, 0, 0, 0, 0, 1, 1, 0, 1, 1, 0, 1, 0, 0], [1, 1, 0, 1, 0, 1, 1, 1, 0, 1, 0, 1, 0, 0, 0, 1, 1, 0, 1, 0, 0], [1, 1, 0, 1, 0, 1, 1, 1, 0, 1, 0, 1, 1, 1, 0, 1, 1, 0, 1, 0, 0], [1, 1, 0, 1, 0, 1, 1, 1, 0, 1, 1, 0, 1, 1, 0, 0, 0, 0, 1, 0, 0], [1, 1, 0, 1, 0, 1, 1, 1, 0, 1, 1, 0, 1, 1, 0, 1, 1, 0, 1, 0, 0], [1, 1, 0, 1, 1, 0, 1, 0, 1, 1, 0, 0, 1, 1, 0, 0, 1, 0, 1, 0, 0], [1, 1, 0, 1, 1, 0, 1, 0, 1, 1, 0, 1, 1, 1, 0, 1, 1, 0, 1, 0, 0], [1, 1, 0, 1, 1, 0, 1, 0, 1, 1, 1, 0, 1, 0, 1, 1, 1, 0, 1, 0, 0], [1, 1, 0, 1, 1, 0, 1, 0, 1, 1, 1, 0, 1, 1, 0, 0, 0, 0, 1, 0, 0], [1, 1, 0, 1, 1, 0, 1, 0, 1, 1, 1, 0, 1, 1, 0, 1, 1, 0, 1, 0, 0], [1, 1, 0, 1, 1, 0, 1, 1, 0, 0, 0, 0, 0, 0, 0, 0, 0, 0, 1, 0, 0], [1, 1, 0, 1, 1, 0, 1, 1, 0, 0, 0, 0, 0, 0, 0, 1, 1, 0, 1, 0, 0], [1, 1, 0, 1, 1, 0, 1, 1, 0, 0, 0, 0, 1, 0, 0, 1, 1, 0, 0, 0, 0], [1, 1, 0, 1, 1, 0, 1, 1, 0, 0, 0, 0, 1, 0, 1, 1, 1, 0, 1, 0, 0], [1, 1, 0, 1, 1, 0, 1, 1, 0, 0, 0, 0, 1, 1, 0, 0, 0, 0, 1, 0, 0], [1, 1, 0, 1, 1, 0, 1, 1, 0, 0, 0, 0, 1, 1, 0, 1, 1, 0, 1, 0, 0], [1, 1, 0, 1, 1, 0, 1, 1, 0, 1, 0, 0, 1, 1, 0, 0, 1, 0, 1, 0, 0], [1, 1, 0, 1, 1, 0, 1, 1, 0, 1, 0, 1, 0, 0, 0, 1, 1, 0, 1, 0, 0], [1, 1, 0, 1, 1, 0, 1, 1, 0, 1, 0, 1, 1, 1, 0, 0, 0, 0, 1, 0, 0], [1, 1, 0, 1, 1, 0, 1, 1, 0, 1, 0, 1, 1, 1, 0, 1, 1, 0, 1, 0, 0], [1, 1, 0, 1, 1, 0, 1, 1, 0, 1, 1, 0, 0, 0, 0, 1, 0, 1, 1, 0, 0], [1, 1, 0, 1, 1, 0, 1, 1, 0, 1, 1, 0, 0, 0, 0, 1, 1, 0, 1, 0, 0], [1, 1, 0, 1, 1, 0, 1, 1, 0, 1, 1, 0, 1, 0, 0, 1, 1, 0, 0, 0, 0], [1, 1, 0, 1, 1, 0, 1, 1, 0, 1, 1, 0, 1, 0, 1, 1, 0, 1, 1, 0, 0], [1, 1, 0, 1, 1, 0, 1, 1, 0, 1, 1, 0, 1, 0, 1, 1, 1, 0, 1, 0, 0], [1, 1, 0, 1, 1, 0, 1, 1, 0, 1, 1, 0, 1, 1, 0, 0, 0, 0, 1, 0, 0], [1, 1, 0, 1, 1, 0, 1, 1, 0, 1, 1, 0, 1, 1, 0, 1, 0, 1, 1, 0, 0], [1, 1, 0, 1, 1, 0, 1, 1, 0, 1, 1, 0, 1, 1, 0, 1, 1, 0, 1, 0, 0]]","[0.00390625, 0.00390625, 0.00390625, 0.00390625, 0.00390625, 0.00390625, 0.00390625, 0.00390625, 0.00390625, 0.00390625, 0.0390625, 0.00390625, 0.00390625, 0.00390625, 0.00390625, 0.00390625, 0.00390625, 0.0390625, 0.00390625, 0.00390625, 0.00390625, 0.0078125, 0.015625, 0.00390625, 0.00390625, 0.00390625, 0.01171875, 0.00390625, 0.04296875, 0.0078125, 0.0078125, 0.01171875, 0.02734375, 0.00390625, 0.05078125, 0.00390625, 0.0078125, 0.02734375, 0.03515625, 0.0390625, 0.53125]",26,109,44,48,219,
supportcase6_ds_qaoa_c745_c747_0004,data/miplib_benders/qaoa_problems/nvars_07/supportcase6_ds_qaoa_c745_c747_0004.json,7,21,2,ddsim,30,256,ok,567.5323196470272,389.77734375,150892000.0,"{""B100602(7)"": 0, ""B100608(7)"": 0, ""B100623(7)"": 0, ""B101029(7)"": 1, ""B101035(7)"": 0, ""B101037(7)"": 0, ""B101043(7)"": 0}",,,,"[[1, 0, 1, 1, 1, 0, 1, 1, 0, 1, 1, 0, 1, 1, 0, 1, 1, 0, 1, 0, 0], [1, 1, 0, 0, 0, 0, 1, 0, 1, 1, 1, 0, 1, 1, 0, 1, 0, 1, 1, 0, 0], [1, 1, 0, 0, 0, 0, 1, 1, 0, 1, 1, 0, 1, 1, 0, 1, 1, 0, 1, 0, 0], [1, 1, 0, 1, 0, 1, 1, 1, 0, 1, 1, 0, 1, 1, 0, 1, 1, 0, 1, 0, 0], [1, 1, 0, 1, 1, 0, 1, 0, 1, 1, 1, 0, 1, 1, 0, 1, 1, 0, 1, 0, 0], [1, 1, 0, 1, 1, 0, 1, 1, 0, 0, 0, 0, 1, 1, 0, 1, 1, 0, 1, 0, 0], [1, 1, 0, 1, 1, 0, 1, 1, 0, 1, 0, 1, 1, 1, 0, 1, 1, 0, 1, 0, 0], [1, 1, 0, 1, 1, 0, 1, 1, 0, 1, 1, 0, 0, 0, 0, 1, 1, 0, 1, 0, 0], [1, 1, 0, 1, 1, 0, 1, 1, 0, 1, 1, 0, 1, 0, 0, 0, 1, 0, 1, 0, 0], [1, 1, 0, 1, 1, 0, 1, 1, 0, 1, 1, 0, 1, 0, 1, 1, 1, 0, 1, 0, 0], [1, 1, 0, 1, 1, 0, 1, 1, 0, 1, 1, 0, 1, 1, 0, 0, 0, 0, 1, 0, 0], [1, 1, 0, 1, 1, 0, 1, 1, 0, 1, 1, 0, 1, 1, 0, 1, 0, 1, 1, 0, 0], [1, 1, 0, 1, 1, 0, 1, 1, 0, 1, 1, 0, 1, 1, 0, 1, 1, 0, 1, 0, 0]]","[0.0234375, 0.00390625, 0.0234375, 0.01953125, 0.0078125, 0.01953125, 0.01171875, 0.02734375, 0.00390625, 0.015625, 0.00390625, 0.0234375, 0.81640625]",31,229,44,102,228,
supportcase6_ds_qaoa_c745_c747_c759_0001,data/miplib_benders/qaoa_problems/nvars_07/supportcase6_ds_qaoa_c745_c747_c759_0001.json,7,21,3,ddsim,30,256,ok,807.876661421964,405.46484375,150892000.0,"{""B100166(7)"": 0, ""B100594(7)"": 1, ""B100600(7)"": 0, ""B100602(7)"": 0, ""B100608(7)"": 0, ""B100623(7)"": 0, ""B101029(7)"": 0}",,,,"[[1, 0, 1, 1, 0, 1, 1, 1, 0, 1, 1, 0, 1, 1, 0, 1, 1, 0, 1, 0, 0], [1, 0, 1, 1, 1, 0, 1, 1, 0, 1, 1, 0, 1, 1, 0, 0, 0, 0, 1, 0, 0], [1, 0, 1, 1, 1, 0, 1, 1, 0, 1, 1, 0, 1, 1, 0, 1, 0, 1, 1, 0, 0], [1, 0, 1, 1, 1, 0, 1, 1, 0, 1, 1, 0, 1, 1, 0, 1, 1, 0, 1, 0, 0], [1, 1, 0, 1, 0, 0, 1, 1, 0, 1, 1, 0, 1, 1, 0, 1, 1, 0, 0, 0, 0], [1, 1, 0, 1, 0, 1, 1, 0, 1, 0, 0, 0, 1, 1, 0, 1, 0, 1, 1, 0, 0], [1, 1, 0, 1, 0, 1, 1, 1, 0, 0, 0, 0, 1, 1, 0, 1, 1, 0, 1, 0, 0], [1, 1, 0, 1, 0, 1, 1, 1, 0, 1, 0, 1, 1, 1, 0, 1, 1, 0, 1, 0, 0], [1, 1, 0, 1, 0, 1, 1, 1, 0, 1, 1, 0, 1, 1, 0, 0, 0, 0, 1, 0, 0], [1, 1, 0, 1, 0, 1, 1, 1, 0, 1, 1, 0, 1, 1, 0, 1, 1, 0, 1, 0, 0], [1, 1, 0, 1, 1, 0, 1, 0, 1, 0, 0, 0, 1, 1, 0, 1, 1, 0, 1, 0, 0], [1, 1, 0, 1, 1, 0, 1, 0, 1, 1, 0, 1, 1, 1, 0, 1, 1, 0, 1, 0, 0], [1, 1, 0, 1, 1, 0, 1, 0, 1, 1, 1, 0, 1, 1, 0, 1, 0, 1, 1, 0, 0], [1, 1, 0, 1, 1, 0, 1, 0, 1, 1, 1, 0, 1, 1, 0, 1, 1, 0, 1, 0, 0], [1, 1, 0, 1, 1, 0, 1, 1, 0, 0, 0, 0, 1, 1, 0, 0, 0, 0, 1, 0, 0], [1, 1, 0, 1, 1, 0, 1, 1, 0, 0, 0, 0, 1, 1, 0, 1, 1, 0, 1, 0, 0], [1, 1, 0, 1, 1, 0, 1, 1, 0, 1, 0, 0, 0, 1, 0, 1, 1, 0, 1, 0, 0], [1, 1, 0, 1, 1, 0, 1, 1, 0, 1, 0, 1, 0, 0, 0, 1, 1, 0, 1, 0, 0], [1, 1, 0, 1, 1, 0, 1, 1, 0, 1, 0, 1, 1, 0, 1, 1, 1, 0, 1, 0, 0], [1, 1, 0, 1, 1, 0, 1, 1, 0, 1, 0, 1, 1, 1, 0, 1, 1, 0, 1, 0, 0], [1, 1, 0, 1, 1, 0, 1, 1, 0, 1, 1, 0, 0, 0, 0, 0, 0, 0, 1, 0, 0], [1, 1, 0, 1, 1, 0, 1, 1, 0, 1, 1, 0, 0, 0, 0, 1, 1, 0, 1, 0, 0], [1, 1, 0, 1, 1, 0, 1, 1, 0, 1, 1, 0, 1, 0, 1, 1, 1, 0, 1, 0, 0], [1, 1, 0, 1, 1, 0, 1, 1, 0, 1, 1, 0, 1, 1, 0, 0, 0, 0, 1, 0, 0], [1, 1, 0, 1, 1, 0, 1, 1, 0, 1, 1, 0, 1, 1, 0, 1, 0, 1, 1, 0, 0], [1, 1, 0, 1, 1, 0, 1, 1, 0, 1, 1, 0, 1, 1, 0, 1, 1, 0, 1, 0, 0]]","[0.00390625, 0.00390625, 0.00390625, 0.03125, 0.00390625, 0.00390625, 0.00390625, 0.00390625, 0.00390625, 0.05078125, 0.00390625, 0.00390625, 0.00390625, 0.02734375, 0.00390625, 0.05859375, 0.00390625, 0.00390625, 0.00390625, 0.046875, 0.00390625, 0.05078125, 0.0390625, 0.02734375, 0.02734375, 0.578125]",28,109,44,48,219,
ex10_ds_qaoa_NOD26_NOD2X2_0001,data/miplib_benders/qaoa_problems/nvars_08/ex10_ds_qaoa_NOD26_NOD2X2_0001.json,8,24,2,ddsim,30,256,ok,827.8877951790346,407.4609375,1.0,"{""b26_220"": 0, ""b26_222"": 1, ""b26_223"": 0, ""b26_230"": 0, ""b26_240"": 0, ""b26_241"": 0, ""b26_242"": 0, ""b26_243"": 0}",1.0,"{""b26_220"": 0, ""b26_222"": 0, ""b26_223"": 1, ""b26_230"": 0, ""b26_240"": 0, ""b26_241"": 0, ""b26_242"": 0, ""b26_243"": 0}",0.9921875,"[[0, 0, 0, 0, 0, 0, 1, 0, 0, 0, 0, 0, 0, 0, 0, 0, 0, 0, 0, 0, 0, 0, 0, 0], [1, 0, 0, 0, 0, 0, 1, 0, 1, 0, 0, 0, 0, 0, 0, 0, 0, 0, 0, 0, 0, 0, 0, 0], [1, 0, 0, 0, 1, 0, 1, 0, 0, 0, 0, 0, 0, 0, 0, 0, 0, 0, 0, 0, 0, 0, 0, 0]]","[0.9921875, 0.00390625, 0.00390625]",26,189,50,84,263,
ex9_ds_qaoa_NOD2X5_NOD37_0004,data/miplib_benders/qaoa_problems/nvars_08/ex9_ds_qaoa_NOD2X5_NOD37_0004.json,8,24,2,ddsim,30,256,ok,793.3769308190094,407.54296875,1.0,"{""b37_233"": 0, ""b37_240"": 0, ""b37_241"": 0, ""b37_242"": 0, ""b37_243"": 0, ""b37_250"": 0, ""b37_251"": 0, ""b37_252"": 1}",1.0,"{""b37_233"": 0, ""b37_240"": 0, ""b37_241"": 0, ""b37_242"": 0, ""b37_243"": 0, ""b37_250"": 0, ""b37_251"": 0, ""b37_252"": 1}",1.0,"[[0, 0, 0, 0, 0, 0, 0, 0, 0, 0, 0, 0, 0, 0, 0, 0, 0, 0, 0, 0, 0, 1, 0, 0]]",[1.0],21,189,50,84,263,
ex9_ds_qaoa_NOD2X5_NOD37_0005,data/miplib_benders/qaoa_problems/nvars_08/ex9_ds_qaoa_NOD2X5_NOD37_0005.json,8,24,2,ddsim,30,256,ok,1019.5508687479887,403.46875,1.0,"{""b37_240"": 0, ""b37_241"": 0, ""b37_242"": 0, ""b37_243"": 0, ""b37_250"": 0, ""b37_251"": 0, ""b37_252"": 0, ""b37_253"": 1}",1.0,"{""b37_240"": 0, ""b37_241"": 0, ""b37_242"": 0, ""b37_243"": 0, ""b37_250"": 0, ""b37_251"": 0, ""b37_252"": 0, ""b37_253"": 1}",1.0,"[[0, 0, 0, 0, 0, 0, 0, 0, 0, 0, 0, 0, 0, 0, 0, 0, 0, 0, 0, 0, 0, 1, 0, 0]]",[1.0],28,149,50,66,263,
highschool1-aigio_ds_qaoa_spreadEventsUB_SpreadEvents1_108_Th_subeventsNotActive_108_1_1_0004,data/miplib_benders/qaoa_problems/nvars_08/highschool1-aigio_ds_qaoa_spreadEventsUB_SpreadEvents1_108_Th_subeventsNotActive_108_1_1_0004.json,8,24,2,ddsim,30,256,ok,597.9454185260693,409.734375,6.0,"{""row_slack_spreadEventsUB_SpreadEvents1_108_Th"": 0, ""row_slack_subeventsNotActive_108_1_1"": 0, ""y(108#1#1,Th_4)"": 0, ""y(108#1#1,Th_5)"": 0, ""y(108#1#1,Th_6)"": 0, ""y(108#1#2,Th_4)"": 0, ""y(108#1#2,Th_5)"": 0, ""y(108#1#2,Th_6)"": 1}",0.0,"{""row_slack_spreadEventsUB_SpreadEvents1_108_Th"": 1, ""row_slack_subeventsNotActive_108_1_1"": 0, ""y(108#1#1,Th_4)"": 0, ""y(108#1#1,Th_5)"": 0, ""y(108#1#1,Th_6)"": 0, ""y(108#1#2,Th_4)"": 0, ""y(108#1#2,Th_5)"": 0, ""y(108#1#2,Th_6)"": 0}",1.0,"[[0, 0, 0, 0, 0, 0, 0, 0, 0, 0, 0, 0, 0, 0, 0, 0, 0, 0, 1, 0, 0, 0, 0, 0]]",[1.0],24,302,50,143,364,
ex9_ds_qaoa_NOD2X5_NOD37_0006,data/miplib_benders/qaoa_problems/nvars_08/ex9_ds_qaoa_NOD2X5_NOD37_0006.json,8,24,2,ddsim,30,256,ok,894.8163882540539,403.51171875,1.0,"{""b37_241"": 0, ""b37_242"": 0, ""b37_243"": 0, ""b37_250"": 0, ""b37_251"": 0, ""b37_252"": 1, ""b37_253"": 0, ""b37_260"": 0}",1.0,"{""b37_241"": 0, ""b37_242"": 0, ""b37_243"": 0, ""b37_250"": 0, ""b37_251"": 0, ""b37_252"": 0, ""b37_253"": 1, ""b37_260"": 0}",1.0,"[[0, 0, 0, 0, 0, 0, 0, 0, 0, 0, 0, 0, 0, 0, 0, 0, 0, 0, 1, 0, 0, 0, 0, 0]]",[1.0],25,149,50,66,263,
irp_ds_qaoa_R0010_R0015_0001,data/miplib_benders/qaoa_problems/nvars_08/irp_ds_qaoa_R0010_R0015_0001.json,8,24,2,ddsim,30,256,ok,547.0055621180218,403.453125,6154830000.0,"{""C16904"": 1, ""C16905"": 0, ""C16906"": 0, ""C16908"": 0, ""C16909"": 0, ""C16910"": 0, ""C16911"": 0, ""C16912"": 0}",,,,"[[1, 1, 0, 1, 1, 0, 1, 0, 0, 1, 1, 0, 1, 0, 1, 1, 1, 0, 1, 1, 0, 1, 1, 0], [1, 1, 0, 1, 1, 0, 1, 0, 0, 1, 1, 0, 1, 1, 0, 1, 1, 0, 1, 1, 0, 1, 1, 0]]","[0.00390625, 0.99609375]",28,189,50,84,263,
ex9_ds_qaoa_NOD2X5_NOD37_0007,data/miplib_benders/qaoa_problems/nvars_08/ex9_ds_qaoa_NOD2X5_NOD37_0007.json,8,24,2,ddsim,30,256,ok,946.9946980520617,408.265625,1.0,"{""b37_242"": 0, ""b37_243"": 0, ""b37_250"": 0, ""b37_251"": 0, ""b37_252"": 1, ""b37_253"": 0, ""b37_260"": 0, ""b37_261"": 0}",1.0,"{""b37_242"": 0, ""b37_243"": 0, ""b37_250"": 0, ""b37_251"": 0, ""b37_252"": 0, ""b37_253"": 1, ""b37_260"": 0, ""b37_261"": 0}",1.0,"[[0, 0, 0, 0, 0, 0, 0, 0, 0, 0, 0, 0, 0, 0, 0, 1, 0, 0, 0, 0, 0, 0, 0, 0]]",[1.0],25,149,50,66,263,
irp_ds_qaoa_R0020_R0026_0001,data/miplib_benders/qaoa_problems/nvars_08/irp_ds_qaoa_R0020_R0026_0001.json,8,24,2,ddsim,30,256,ok,537.0515797579428,411.86328125,12330050000.0,"{""C16908"": 0, ""C16909"": 0, ""C16910"": 0, ""C16911"": 1, ""C16912"": 0, ""C16913"": 0, ""C16915"": 1, ""C16916"": 0}",,,,"[[1, 0, 1, 1, 0, 1, 1, 1, 0, 1, 1, 0, 1, 1, 0, 1, 0, 0, 0, 0, 0, 1, 0, 0], [1, 0, 1, 1, 1, 0, 0, 0, 0, 1, 1, 0, 1, 1, 0, 1, 0, 0, 0, 0, 0, 1, 0, 0], [1, 0, 1, 1, 1, 0, 1, 1, 0, 1, 1, 0, 0, 0, 0, 1, 0, 0, 0, 0, 0, 1, 0, 0], [1, 0, 1, 1, 1, 0, 1, 1, 0, 1, 1, 0, 1, 1, 0, 1, 0, 0, 0, 0, 0, 1, 0, 0], [1, 1, 0, 1, 0, 1, 1, 1, 0, 0, 0, 0, 1, 1, 0, 1, 0, 0, 0, 0, 0, 1, 0, 0], [1, 1, 0, 1, 0, 1, 1, 1, 0, 1, 0, 1, 1, 1, 0, 1, 0, 0, 0, 0, 0, 1, 0, 0], [1, 1, 0, 1, 0, 1, 1, 1, 0, 1, 1, 0, 1, 1, 0, 1, 0, 0, 0, 0, 0, 1, 0, 0], [1, 1, 0, 1, 1, 0, 0, 0, 0, 0, 0, 0, 1, 1, 0, 1, 0, 0, 0, 0, 0, 1, 0, 0], [1, 1, 0, 1, 1, 0, 0, 0, 0, 1, 1, 0, 0, 0, 0, 1, 0, 0, 0, 0, 0, 1, 0, 0], [1, 1, 0, 1, 1, 0, 0, 0, 0, 1, 1, 0, 1, 1, 0, 1, 0, 0, 0, 0, 0, 1, 0, 0], [1, 1, 0, 1, 1, 0, 1, 0, 1, 1, 1, 0, 0, 0, 0, 1, 0, 0, 0, 0, 0, 1, 0, 0], [1, 1, 0, 1, 1, 0, 1, 0, 1, 1, 1, 0, 1, 1, 0, 1, 0, 0, 0, 0, 0, 1, 0, 0], [1, 1, 0, 1, 1, 0, 1, 1, 0, 0, 0, 0, 1, 1, 0, 1, 0, 0, 0, 0, 0, 1, 0, 0], [1, 1, 0, 1, 1, 0, 1, 1, 0, 1, 0, 0, 0, 1, 0, 1, 0, 0, 0, 0, 0, 1, 0, 0], [1, 1, 0, 1, 1, 0, 1, 1, 0, 1, 0, 1, 0, 0, 0, 1, 0, 0, 0, 0, 0, 1, 0, 0], [1, 1, 0, 1, 1, 0, 1, 1, 0, 1, 0, 1, 1, 0, 0, 0, 0, 0, 0, 0, 0, 1, 0, 0], [1, 1, 0, 1, 1, 0, 1, 1, 0, 1, 0, 1, 1, 1, 0, 1, 0, 0, 0, 0, 0, 1, 0, 0], [1, 1, 0, 1, 1, 0, 1, 1, 0, 1, 1, 0, 0, 0, 0, 1, 0, 0, 0, 0, 0, 1, 0, 0], [1, 1, 0, 1, 1, 0, 1, 1, 0, 1, 1, 0, 1, 0, 1, 1, 0, 0, 0, 0, 0, 1, 0, 0], [1, 1, 0, 1, 1, 0, 1, 1, 0, 1, 1, 0, 1, 1, 0, 1, 0, 0, 0, 0, 0, 1, 0, 0]]","[0.00390625, 0.00390625, 0.00390625, 0.03125, 0.00390625, 0.0078125, 0.0234375, 0.0078125, 0.00390625, 0.02734375, 0.00390625, 0.015625, 0.0234375, 0.00390625, 0.00390625, 0.00390625, 0.02734375, 0.01953125, 0.01953125, 0.76171875]",29,492,50,236,464,
neos8_ds_qaoa_R0001_R0002_R0003_0003,data/miplib_benders/qaoa_problems/nvars_08/neos8_ds_qaoa_R0001_R0002_R0003_0003.json,8,24,3,ddsim,30,256,ok,804.8833248119336,425.67578125,-0.0,"{""C0005"": 0, ""C0006"": 0, ""C0009"": 0, ""C0013"": 0, ""C0014"": 0, ""row_slack_R0001"": 1, ""row_slack_R0002"": 1, ""row_slack_R0003"": 1}",0.0,"{""C0005"": 0, ""C0006"": 0, ""C0009"": 0, ""C0013"": 0, ""C0014"": 0, ""row_slack_R0001"": 1, ""row_slack_R0002"": 1, ""row_slack_R0003"": 1}",1.0,"[[0, 0, 0, 0, 0, 0, 0, 0, 0, 0, 0, 0, 0, 0, 0, 1, 0, 0, 1, 0, 0, 1, 0, 0]]",[1.0],24,609,50,257,665,
neos8_ds_qaoa_R0001_R0002_R0003_0004,data/miplib_benders/qaoa_problems/nvars_08/neos8_ds_qaoa_R0001_R0002_R0003_0004.json,8,24,3,ddsim,30,256,ok,942.6264730769908,426.484375,-0.0,"{""C0006"": 0, ""C0009"": 0, ""C0013"": 0, ""C0014"": 0, ""C0017"": 0, ""row_slack_R0001"": 1, ""row_slack_R0002"": 1, ""row_slack_R0003"": 1}",0.0,"{""C0006"": 0, ""C0009"": 0, ""C0013"": 0, ""C0014"": 0, ""C0017"": 0, ""row_slack_R0001"": 1, ""row_slack_R0002"": 1, ""row_slack_R0003"": 1}",1.0,"[[0, 0, 0, 0, 0, 0, 0, 0, 0, 0, 0, 0, 0, 0, 0, 1, 0, 0, 1, 0, 0, 1, 0, 0]]",[1.0],22,609,50,257,665,
leo1_ds_qaoa_R0000042_R0000043_0003,data/miplib_benders/qaoa_problems/nvars_08/leo1_ds_qaoa_R0000042_R0000043_0003.json,8,24,2,ddsim,30,256,ok,1404.0164378799964,408.68359375,12.0,"{""C0003539"": 0, ""C0003540"": 0, ""C0003541"": 1, ""C0003572"": 1, ""C0003573"": 1, ""C0003574"": 0, ""row_slack_R0000042"": 0, ""row_slack_R0000043"": 7}",6.0,"{""C0003539"": 0, ""C0003540"": 0, ""C0003541"": 2, ""C0003572"": 0, ""C0003573"": 0, ""C0003574"": 0, ""row_slack_R0000042"": 3, ""row_slack_R0000043"": 6}",1.0,"[[0, 0, 0, 0, 0, 0, 0, 1, 0, 0, 0, 0, 0, 0, 0, 0, 0, 0, 1, 1, 0, 0, 1, 1]]",[1.0],27,176,50,81,282,
neos8_ds_qaoa_R0002_R0003_0004,data/miplib_benders/qaoa_problems/nvars_08/neos8_ds_qaoa_R0002_R0003_0004.json,8,24,2,ddsim,30,256,ok,476.5861773379147,411.6953125,-0.0,"{""C0006"": 0, ""C0009"": 0, ""C0013"": 0, ""C0014"": 0, ""C0017"": 0, ""C0018"": 0, ""row_slack_R0002"": 1, ""row_slack_R0003"": 1}",0.0,"{""C0006"": 0, ""C0009"": 0, ""C0013"": 0, ""C0014"": 0, ""C0017"": 0, ""C0018"": 0, ""row_slack_R0002"": 1, ""row_slack_R0003"": 1}",1.0,"[[0, 0, 0, 0, 0, 0, 0, 0, 0, 0, 0, 0, 0, 0, 0, 0, 0, 0, 1, 0, 0, 1, 0, 0]]",[1.0],23,452,50,218,462,
neos8_ds_qaoa_R0001_R0002_R0003_0005,data/miplib_benders/qaoa_problems/nvars_08/neos8_ds_qaoa_R0001_R0002_R0003_0005.json,8,24,3,ddsim,30,256,ok,1286.0764455790631,425.625,-0.0,"{""C0009"": 0, ""C0013"": 0, ""C0014"": 0, ""C0017"": 0, ""C0018"": 0, ""row_slack_R0001"": 1, ""row_slack_R0002"": 1, ""row_slack_R0003"": 1}",0.0,"{""C0009"": 0, ""C0013"": 0, ""C0014"": 0, ""C0017"": 0, ""C0018"": 0, ""row_slack_R0001"": 1, ""row_slack_R0002"": 1, ""row_slack_R0003"": 1}",0.99609375,"[[0, 0, 0, 0, 0, 0, 0, 0, 0, 0, 0, 0, 0, 0, 0, 1, 0, 0, 1, 0, 0, 1, 0, 0], [0, 0, 0, 1, 0, 1, 0, 0, 0, 0, 0, 0, 0, 0, 0, 1, 0, 0, 1, 0, 0, 1, 0, 0]]","[0.99609375, 0.00390625]",30,575,50,240,634,
neos8_ds_qaoa_R0002_R0003_0003,data/miplib_benders/qaoa_problems/nvars_08/neos8_ds_qaoa_R0002_R0003_0003.json,8,24,2,ddsim,30,256,ok,836.9916387259727,411.93359375,-0.0,"{""C0005"": 0, ""C0006"": 0, ""C0009"": 0, ""C0013"": 0, ""C0014"": 0, ""C0017"": 0, ""row_slack_R0002"": 1, ""row_slack_R0003"": 1}",0.0,"{""C0005"": 0, ""C0006"": 0, ""C0009"": 0, ""C0013"": 0, ""C0014"": 0, ""C0017"": 0, ""row_slack_R0002"": 1, ""row_slack_R0003"": 1}",1.0,"[[0, 0, 0, 0, 0, 0, 0, 0, 0, 0, 0, 0, 0, 0, 0, 0, 0, 0, 1, 0, 0, 1, 0, 0]]",[1.0],29,452,50,218,462,
neos8_ds_qaoa_R0002_R0003_R0004_0004,data/miplib_benders/qaoa_problems/nvars_08/neos8_ds_qaoa_R0002_R0003_R0004_0004.json,8,24,3,ddsim,30,256,ok,703.3537434110185,426.73828125,-0.0,"{""C0006"": 0, ""C0009"": 0, ""C0013"": 0, ""C0014"": 0, ""C0017"": 0, ""row_slack_R0002"": 1, ""row_slack_R0003"": 1, ""row_slack_R0004"": 1}",0.0,"{""C0006"": 0, ""C0009"": 0, ""C0013"": 0, ""C0014"": 0, ""C0017"": 0, ""row_slack_R0002"": 1, ""row_slack_R0003"": 1, ""row_slack_R0004"": 1}",1.0,"[[0, 0, 0, 0, 0, 0, 0, 0, 0, 0, 0, 0, 0, 0, 0, 1, 0, 0, 1, 0, 0, 1, 0, 0]]",[1.0],25,771,50,361,749,
neos8_ds_qaoa_R0002_R0003_R0004_0002,data/miplib_benders/qaoa_problems/nvars_08/neos8_ds_qaoa_R0002_R0003_R0004_0002.json,8,24,3,ddsim,30,256,ok,764.0415317119332,426.70703125,-0.0,"{""C0002"": 0, ""C0005"": 0, ""C0006"": 0, ""C0009"": 0, ""C0013"": 0, ""row_slack_R0002"": 1, ""row_slack_R0003"": 1, ""row_slack_R0004"": 1}",0.0,"{""C0002"": 0, ""C0005"": 0, ""C0006"": 0, ""C0009"": 0, ""C0013"": 0, ""row_slack_R0002"": 1, ""row_slack_R0003"": 1, ""row_slack_R0004"": 1}",1.0,"[[0, 0, 0, 0, 0, 0, 0, 0, 0, 0, 0, 0, 0, 0, 0, 1, 0, 0, 1, 0, 0, 1, 0, 0]]",[1.0],26,789,50,333,791,
neos8_ds_qaoa_R0003_R0004_R0065_0002,data/miplib_benders/qaoa_problems/nvars_08/neos8_ds_qaoa_R0003_R0004_R0065_0002.json,8,24,3,ddsim,30,256,ok,839.5750253050355,426.890625,-0.0,"{""C0002"": 0, ""C0005"": 0, ""C0006"": 0, ""C0009"": 0, ""C0013"": 0, ""row_slack_R0003"": 1, ""row_slack_R0004"": 1, ""row_slack_R0065"": 0}",0.0,"{""C0002"": 0, ""C0005"": 0, ""C0006"": 0, ""C0009"": 0, ""C0013"": 0, ""row_slack_R0003"": 1, ""row_slack_R0004"": 1, ""row_slack_R0065"": 0}",1.0,"[[0, 0, 0, 0, 0, 0, 0, 0, 0, 0, 0, 0, 0, 0, 0, 1, 0, 0, 1, 0, 0, 0, 0, 0]]",[1.0],25,708,50,324,701,
neos8_ds_qaoa_R0002_R0003_R0004_0001,data/miplib_benders/qaoa_problems/nvars_08/neos8_ds_qaoa_R0002_R0003_R0004_0001.json,8,24,3,ddsim,30,256,ok,1295.4527516789967,424.20703125,-0.0,"{""C0001"": 0, ""C0002"": 0, ""C0005"": 0, ""C0006"": 0, ""C0009"": 0, ""row_slack_R0002"": 1, ""row_slack_R0003"": 1, ""row_slack_R0004"": 1}",0.0,"{""C0001"": 0, ""C0002"": 0, ""C0005"": 0, ""C0006"": 0, ""C0009"": 0, ""row_slack_R0002"": 1, ""row_slack_R0003"": 1, ""row_slack_R0004"": 1}",0.99609375,"[[0, 0, 0, 0, 0, 0, 0, 0, 0, 0, 0, 0, 0, 0, 0, 1, 0, 0, 1, 0, 0, 1, 0, 0], [0, 0, 0, 0, 0, 0, 1, 0, 0, 0, 0, 0, 0, 0, 0, 0, 0, 0, 1, 0, 0, 1, 0, 0]]","[0.99609375, 0.00390625]",28,622,50,263,665,
neos8_ds_qaoa_R0003_R0004_R0065_0004,data/miplib_benders/qaoa_problems/nvars_08/neos8_ds_qaoa_R0003_R0004_R0065_0004.json,8,24,3,ddsim,30,256,ok,848.1108006410068,426.58984375,-0.0,"{""C0006"": 0, ""C0009"": 0, ""C0013"": 0, ""C0014"": 0, ""C0017"": 0, ""row_slack_R0003"": 1, ""row_slack_R0004"": 1, ""row_slack_R0065"": 0}",0.0,"{""C0006"": 0, ""C0009"": 0, ""C0013"": 0, ""C0014"": 0, ""C0017"": 0, ""row_slack_R0003"": 1, ""row_slack_R0004"": 1, ""row_slack_R0065"": 0}",1.0,"[[0, 0, 0, 0, 0, 0, 0, 0, 0, 0, 0, 0, 0, 0, 0, 1, 0, 0, 1, 0, 0, 0, 0, 0]]",[1.0],21,672,50,311,672,
neos8_ds_qaoa_R0003_R0004_R0065_0003,data/miplib_benders/qaoa_problems/nvars_08/neos8_ds_qaoa_R0003_R0004_R0065_0003.json,8,24,3,ddsim,30,256,ok,1026.1673377819825,423.89453125,-0.0,"{""C0005"": 0, ""C0006"": 0, ""C0009"": 0, ""C0013"": 0, ""C0014"": 0, ""row_slack_R0003"": 1, ""row_slack_R0004"": 1, ""row_slack_R0065"": 0}",0.0,"{""C0005"": 0, ""C0006"": 0, ""C0009"": 0, ""C0013"": 0, ""C0014"": 0, ""row_slack_R0003"": 1, ""row_slack_R0004"": 1, ""row_slack_R0065"": 0}",1.0,"[[0, 0, 0, 0, 0, 0, 0, 0, 0, 0, 0, 0, 0, 0, 0, 1, 0, 0, 1, 0, 0, 0, 0, 0]]",[1.0],25,519,50,234,571,
neos8_ds_qaoa_R0004_R0065_0008,data/miplib_benders/qaoa_problems/nvars_08/neos8_ds_qaoa_R0004_R0065_0008.json,8,24,2,ddsim,30,256,ok,785.8493549689883,411.6875,-0.0,"{""C0017"": 0, ""C0018"": 0, ""C0022"": 0, ""C0023"": 0, ""C0024"": 0, ""C0025"": 0, ""row_slack_R0004"": 1, ""row_slack_R0065"": 0}",0.0,"{""C0017"": 0, ""C0018"": 0, ""C0022"": 0, ""C0023"": 0, ""C0024"": 0, ""C0025"": 0, ""row_slack_R0004"": 1, ""row_slack_R0065"": 0}",0.9921875,"[[0, 0, 0, 0, 0, 0, 0, 0, 0, 0, 0, 0, 0, 0, 0, 0, 0, 0, 1, 0, 0, 0, 0, 0], [0, 0, 0, 0, 0, 0, 0, 0, 0, 1, 0, 1, 0, 0, 0, 0, 0, 0, 1, 0, 0, 0, 0, 0], [1, 0, 0, 0, 0, 0, 0, 0, 0, 1, 0, 0, 0, 0, 0, 0, 0, 1, 1, 0, 0, 0, 0, 0]]","[0.9921875, 0.00390625, 0.00390625]",28,302,50,143,352,
supportcase6_ds_qaoa_c539_c722_0007,data/miplib_benders/qaoa_problems/nvars_08/supportcase6_ds_qaoa_c539_c722_0007.json,8,24,2,ddsim,30,256,ok,665.8943972589914,406.42578125,151847000.0,"{""B101029(7)"": 0, ""B101035(7)"": 0, ""B101037(7)"": 0, ""B101043(7)"": 0, ""B101058(7)"": 1, ""B101479(7)"": 0, ""B101485(7)"": 0, ""B101487(7)"": 0}",,,,"[[1, 0, 1, 1, 1, 0, 0, 0, 0, 1, 1, 0, 1, 0, 0, 1, 1, 0, 1, 1, 0, 1, 1, 0], [1, 0, 1, 1, 1, 0, 1, 0, 1, 1, 1, 0, 1, 0, 0, 1, 1, 0, 1, 1, 0, 1, 1, 0], [1, 0, 1, 1, 1, 0, 1, 1, 0, 0, 0, 0, 1, 0, 0, 1, 1, 0, 1, 1, 0, 1, 1, 0], [1, 0, 1, 1, 1, 0, 1, 1, 0, 1, 0, 1, 1, 0, 0, 1, 1, 0, 1, 1, 0, 1, 1, 0], [1, 0, 1, 1, 1, 0, 1, 1, 0, 1, 1, 0, 1, 0, 0, 1, 1, 0, 1, 1, 0, 1, 1, 0], [1, 1, 0, 0, 0, 0, 1, 0, 1, 1, 1, 0, 1, 0, 0, 1, 1, 0, 1, 1, 0, 1, 1, 0], [1, 1, 0, 0, 0, 0, 1, 1, 0, 1, 0, 1, 1, 0, 0, 1, 1, 0, 1, 1, 0, 1, 1, 0], [1, 1, 0, 0, 0, 0, 1, 1, 0, 1, 1, 0, 1, 0, 0, 1, 1, 0, 1, 1, 0, 1, 1, 0], [1, 1, 0, 1, 0, 1, 1, 1, 0, 1, 1, 0, 1, 0, 0, 1, 1, 0, 1, 0, 1, 0, 0, 0], [1, 1, 0, 1, 0, 1, 1, 1, 0, 1, 1, 0, 1, 0, 0, 1, 1, 0, 1, 1, 0, 0, 0, 0], [1, 1, 0, 1, 0, 1, 1, 1, 0, 1, 1, 0, 1, 0, 0, 1, 1, 0, 1, 1, 0, 1, 1, 0], [1, 1, 0, 1, 1, 0, 0, 0, 0, 1, 1, 0, 1, 0, 0, 1, 1, 0, 1, 1, 0, 1, 0, 1], [1, 1, 0, 1, 1, 0, 0, 0, 0, 1, 1, 0, 1, 0, 0, 1, 1, 0, 1, 1, 0, 1, 1, 0], [1, 1, 0, 1, 1, 0, 1, 0, 1, 1, 1, 0, 1, 0, 0, 1, 1, 0, 1, 1, 0, 1, 1, 0], [1, 1, 0, 1, 1, 0, 1, 1, 0, 0, 0, 0, 1, 0, 0, 1, 0, 1, 1, 1, 0, 1, 1, 0], [1, 1, 0, 1, 1, 0, 1, 1, 0, 0, 0, 0, 1, 0, 0, 1, 1, 0, 1, 1, 0, 1, 1, 0], [1, 1, 0, 1, 1, 0, 1, 1, 0, 1, 0, 1, 1, 0, 0, 1, 1, 0, 1, 1, 0, 1, 0, 1], [1, 1, 0, 1, 1, 0, 1, 1, 0, 1, 0, 1, 1, 0, 0, 1, 1, 0, 1, 1, 0, 1, 1, 0], [1, 1, 0, 1, 1, 0, 1, 1, 0, 1, 1, 0, 1, 0, 0, 0, 1, 0, 1, 1, 0, 1, 0, 0], [1, 1, 0, 1, 1, 0, 1, 1, 0, 1, 1, 0, 1, 0, 0, 1, 0, 1, 1, 1, 0, 1, 1, 0], [1, 1, 0, 1, 1, 0, 1, 1, 0, 1, 1, 0, 1, 0, 0, 1, 1, 0, 0, 0, 0, 1, 0, 1], [1, 1, 0, 1, 1, 0, 1, 1, 0, 1, 1, 0, 1, 0, 0, 1, 1, 0, 0, 0, 0, 1, 1, 0], [1, 1, 0, 1, 1, 0, 1, 1, 0, 1, 1, 0, 1, 0, 0, 1, 1, 0, 1, 0, 1, 1, 1, 0], [1, 1, 0, 1, 1, 0, 1, 1, 0, 1, 1, 0, 1, 0, 0, 1, 1, 0, 1, 1, 0, 0, 0, 0], [1, 1, 0, 1, 1, 0, 1, 1, 0, 1, 1, 0, 1, 0, 0, 1, 1, 0, 1, 1, 0, 1, 0, 1], [1, 1, 0, 1, 1, 0, 1, 1, 0, 1, 1, 0, 1, 0, 0, 1, 1, 0, 1, 1, 0, 1, 1, 0]]","[0.00390625, 0.00390625, 0.00390625, 0.00390625, 0.01953125, 0.00390625, 0.00390625, 0.01953125, 0.00390625, 0.00390625, 0.01953125, 0.00390625, 0.015625, 0.01171875, 0.00390625, 0.02734375, 0.00390625, 0.015625, 0.00390625, 0.01171875, 0.00390625, 0.0390625, 0.02734375, 0.01171875, 0.01953125, 0.7109375]",28,189,50,84,263,
neos8_ds_qaoa_R0004_R0065_0002,data/miplib_benders/qaoa_problems/nvars_08/neos8_ds_qaoa_R0004_R0065_0002.json,8,24,2,ddsim,30,256,ok,1510.7160778169055,424.9296875,-0.0,"{""C0002"": 0, ""C0005"": 0, ""C0006"": 0, ""C0009"": 0, ""C0013"": 0, ""C0014"": 0, ""row_slack_R0004"": 1, ""row_slack_R0065"": 0}",0.0,"{""C0002"": 0, ""C0005"": 0, ""C0006"": 0, ""C0009"": 0, ""C0013"": 0, ""C0014"": 0, ""row_slack_R0004"": 1, ""row_slack_R0065"": 0}",0.9921875,"[[0, 0, 0, 0, 0, 0, 0, 0, 0, 0, 0, 0, 0, 0, 0, 0, 0, 0, 1, 0, 0, 0, 0, 0], [0, 0, 0, 1, 0, 0, 0, 1, 0, 0, 0, 0, 0, 0, 0, 0, 0, 0, 1, 0, 0, 0, 0, 0], [1, 0, 0, 1, 0, 0, 0, 0, 0, 0, 0, 0, 0, 1, 0, 0, 0, 0, 1, 0, 0, 0, 0, 0]]","[0.9921875, 0.00390625, 0.00390625]",30,575,50,281,556,
neos8_ds_qaoa_R0004_R0065_0009,data/miplib_benders/qaoa_problems/nvars_08/neos8_ds_qaoa_R0004_R0065_0009.json,8,24,2,ddsim,30,256,ok,963.9405823630514,412.07421875,-0.0,"{""C0018"": 0, ""C0022"": 0, ""C0023"": 0, ""C0024"": 0, ""C0025"": 0, ""C0026"": 0, ""row_slack_R0004"": 1, ""row_slack_R0065"": 0}",0.0,"{""C0018"": 0, ""C0022"": 0, ""C0023"": 0, ""C0024"": 0, ""C0025"": 0, ""C0026"": 0, ""row_slack_R0004"": 1, ""row_slack_R0065"": 0}",1.0,"[[0, 0, 0, 0, 0, 0, 0, 0, 0, 0, 0, 0, 0, 0, 0, 0, 0, 0, 1, 0, 0, 0, 0, 0]]",[1.0],31,412,50,200,451,
supportcase6_ds_qaoa_c722_c726_0002,data/miplib_benders/qaoa_problems/nvars_08/supportcase6_ds_qaoa_c722_c726_0002.json,8,24,2,ddsim,30,256,ok,848.9020720149856,391.015625,151847000.0,"{""B100594(7)"": 0, ""B100600(7)"": 0, ""B100602(7)"": 0, ""B100608(7)"": 0, ""B100623(7)"": 1, ""B101029(7)"": 0, ""B101035(7)"": 0, ""B101037(7)"": 0}",,,,"[[1, 0, 1, 1, 1, 0, 1, 1, 0, 1, 1, 0, 1, 1, 0, 1, 1, 0, 1, 1, 0, 1, 0, 0], [1, 1, 0, 0, 0, 0, 1, 1, 0, 1, 1, 0, 1, 1, 0, 1, 1, 0, 1, 0, 1, 1, 0, 0], [1, 1, 0, 0, 0, 0, 1, 1, 0, 1, 1, 0, 1, 1, 0, 1, 1, 0, 1, 1, 0, 1, 0, 0], [1, 1, 0, 1, 0, 1, 1, 1, 0, 1, 1, 0, 1, 1, 0, 1, 1, 0, 1, 1, 0, 1, 0, 0], [1, 1, 0, 1, 1, 0, 0, 0, 0, 1, 1, 0, 1, 1, 0, 1, 1, 0, 1, 1, 0, 1, 0, 0], [1, 1, 0, 1, 1, 0, 1, 0, 1, 1, 1, 0, 1, 1, 0, 1, 1, 0, 1, 1, 0, 1, 0, 0], [1, 1, 0, 1, 1, 0, 1, 1, 0, 1, 0, 1, 1, 1, 0, 1, 1, 0, 1, 1, 0, 1, 0, 0], [1, 1, 0, 1, 1, 0, 1, 1, 0, 1, 1, 0, 0, 0, 0, 1, 1, 0, 1, 1, 0, 1, 0, 0], [1, 1, 0, 1, 1, 0, 1, 1, 0, 1, 1, 0, 1, 0, 1, 1, 1, 0, 1, 1, 0, 1, 0, 0], [1, 1, 0, 1, 1, 0, 1, 1, 0, 1, 1, 0, 1, 1, 0, 0, 0, 0, 1, 1, 0, 1, 0, 0], [1, 1, 0, 1, 1, 0, 1, 1, 0, 1, 1, 0, 1, 1, 0, 1, 0, 1, 1, 1, 0, 1, 0, 0], [1, 1, 0, 1, 1, 0, 1, 1, 0, 1, 1, 0, 1, 1, 0, 1, 1, 0, 0, 0, 0, 1, 0, 0], [1, 1, 0, 1, 1, 0, 1, 1, 0, 1, 1, 0, 1, 1, 0, 1, 1, 0, 1, 0, 1, 1, 0, 0], [1, 1, 0, 1, 1, 0, 1, 1, 0, 1, 1, 0, 1, 1, 0, 1, 1, 0, 1, 1, 0, 1, 0, 0]]","[0.01953125, 0.00390625, 0.015625, 0.015625, 0.01953125, 0.0078125, 0.015625, 0.01953125, 0.0078125, 0.01171875, 0.015625, 0.0078125, 0.0078125, 0.83203125]",31,269,50,120,263,
supportcase6_ds_qaoa_c722_c726_0003,data/miplib_benders/qaoa_problems/nvars_08/supportcase6_ds_qaoa_c722_c726_0003.json,8,24,2,ddsim,30,256,ok,862.4859815600794,407.578125,151847000.0,"{""B100600(7)"": 0, ""B100602(7)"": 0, ""B100608(7)"": 0, ""B100623(7)"": 1, ""B101029(7)"": 0, ""B101035(7)"": 0, ""B101037(7)"": 0, ""B101043(7)"": 0}",,,,"[[1, 1, 0, 1, 0, 1, 1, 1, 0, 1, 1, 0, 1, 1, 0, 1, 1, 0, 1, 0, 0, 1, 1, 0], [1, 1, 0, 1, 1, 0, 1, 0, 1, 1, 1, 0, 1, 1, 0, 1, 1, 0, 1, 0, 0, 1, 1, 0], [1, 1, 0, 1, 1, 0, 1, 1, 0, 0, 0, 0, 1, 1, 0, 1, 1, 0, 1, 0, 0, 1, 1, 0], [1, 1, 0, 1, 1, 0, 1, 1, 0, 1, 1, 0, 0, 0, 0, 1, 1, 0, 1, 0, 0, 1, 1, 0], [1, 1, 0, 1, 1, 0, 1, 1, 0, 1, 1, 0, 1, 0, 1, 1, 1, 0, 1, 0, 0, 1, 1, 0], [1, 1, 0, 1, 1, 0, 1, 1, 0, 1, 1, 0, 1, 1, 0, 0, 0, 0, 1, 0, 0, 1, 1, 0], [1, 1, 0, 1, 1, 0, 1, 1, 0, 1, 1, 0, 1, 1, 0, 1, 1, 0, 1, 0, 0, 0, 0, 0], [1, 1, 0, 1, 1, 0, 1, 1, 0, 1, 1, 0, 1, 1, 0, 1, 1, 0, 1, 0, 0, 1, 0, 1], [1, 1, 0, 1, 1, 0, 1, 1, 0, 1, 1, 0, 1, 1, 0, 1, 1, 0, 1, 0, 0, 1, 1, 0]]","[0.0078125, 0.00390625, 0.01171875, 0.0078125, 0.0078125, 0.00390625, 0.0078125, 0.0078125, 0.94140625]",31,229,50,102,263,
supportcase6_ds_qaoa_c722_c726_0001,data/miplib_benders/qaoa_problems/nvars_08/supportcase6_ds_qaoa_c722_c726_0001.json,8,24,2,ddsim,30,256,ok,1669.1005395839456,407.14453125,151847000.0,"{""B100166(7)"": 1, ""B100594(7)"": 0, ""B100600(7)"": 0, ""B100602(7)"": 0, ""B100608(7)"": 0, ""B100623(7)"": 0, ""B101029(7)"": 0, ""B101035(7)"": 0}",,,,"[[1, 0, 1, 1, 1, 0, 1, 1, 0, 1, 1, 0, 1, 1, 0, 1, 1, 0, 1, 0, 1, 1, 0, 0], [1, 0, 1, 1, 1, 0, 1, 1, 0, 1, 1, 0, 1, 1, 0, 1, 1, 0, 1, 1, 0, 1, 0, 0], [1, 1, 0, 0, 0, 0, 1, 1, 0, 1, 1, 0, 1, 1, 0, 1, 1, 0, 1, 1, 0, 1, 0, 0], [1, 1, 0, 1, 0, 0, 0, 1, 0, 1, 1, 0, 1, 1, 0, 1, 1, 0, 1, 1, 0, 1, 0, 0], [1, 1, 0, 1, 0, 1, 1, 1, 0, 1, 1, 0, 1, 1, 0, 1, 1, 0, 0, 0, 0, 1, 0, 0], [1, 1, 0, 1, 0, 1, 1, 1, 0, 1, 1, 0, 1, 1, 0, 1, 1, 0, 1, 1, 0, 1, 0, 0], [1, 1, 0, 1, 1, 0, 0, 0, 0, 1, 1, 0, 1, 1, 0, 1, 1, 0, 1, 1, 0, 1, 0, 0], [1, 1, 0, 1, 1, 0, 1, 0, 0, 0, 1, 0, 1, 1, 0, 1, 1, 0, 1, 1, 0, 1, 0, 0], [1, 1, 0, 1, 1, 0, 1, 0, 1, 1, 1, 0, 1, 1, 0, 1, 1, 0, 1, 1, 0, 1, 0, 0], [1, 1, 0, 1, 1, 0, 1, 1, 0, 0, 0, 0, 1, 1, 0, 1, 1, 0, 1, 1, 0, 1, 0, 0], [1, 1, 0, 1, 1, 0, 1, 1, 0, 1, 0, 1, 1, 1, 0, 1, 1, 0, 1, 1, 0, 1, 0, 0], [1, 1, 0, 1, 1, 0, 1, 1, 0, 1, 1, 0, 1, 0, 1, 1, 0, 1, 1, 1, 0, 1, 0, 0], [1, 1, 0, 1, 1, 0, 1, 1, 0, 1, 1, 0, 1, 0, 1, 1, 1, 0, 1, 1, 0, 1, 0, 0], [1, 1, 0, 1, 1, 0, 1, 1, 0, 1, 1, 0, 1, 1, 0, 0, 0, 0, 1, 1, 0, 1, 0, 0], [1, 1, 0, 1, 1, 0, 1, 1, 0, 1, 1, 0, 1, 1, 0, 1, 0, 1, 1, 1, 0, 1, 0, 0], [1, 1, 0, 1, 1, 0, 1, 1, 0, 1, 1, 0, 1, 1, 0, 1, 1, 0, 0, 0, 0, 1, 0, 0], [1, 1, 0, 1, 1, 0, 1, 1, 0, 1, 1, 0, 1, 1, 0, 1, 1, 0, 1, 0, 1, 1, 0, 0], [1, 1, 0, 1, 1, 0, 1, 1, 0, 1, 1, 0, 1, 1, 0, 1, 1, 0, 1, 1, 0, 1, 0, 0]]","[0.00390625, 0.0234375, 0.0078125, 0.0078125, 0.00390625, 0.01171875, 0.01953125, 0.00390625, 0.01953125, 0.0234375, 0.01171875, 0.00390625, 0.01953125, 0.01171875, 0.01171875, 0.0234375, 0.01953125, 0.7734375]",28,269,50,120,263,
supportcase6_ds_qaoa_c722_c726_0004,data/miplib_benders/qaoa_problems/nvars_08/supportcase6_ds_qaoa_c722_c726_0004.json,8,24,2,ddsim,30,256,ok,1240.7991549069993,408.08984375,151847000.0,"{""B100602(7)"": 0, ""B100608(7)"": 0, ""B100623(7)"": 1, ""B101029(7)"": 0, ""B101035(7)"": 0, ""B101037(7)"": 0, ""B101043(7)"": 0, ""B101058(7)"": 0}",,,,"[[1, 0, 1, 1, 1, 0, 1, 1, 0, 1, 1, 0, 1, 1, 0, 1, 1, 0, 1, 1, 0, 1, 0, 0], [1, 1, 0, 1, 0, 0, 1, 1, 0, 1, 1, 0, 1, 1, 0, 1, 1, 0, 0, 1, 0, 1, 0, 0], [1, 1, 0, 1, 0, 1, 1, 1, 0, 1, 1, 0, 1, 1, 0, 1, 1, 0, 1, 1, 0, 1, 0, 0], [1, 1, 0, 1, 1, 0, 0, 0, 0, 1, 1, 0, 1, 1, 0, 1, 1, 0, 0, 0, 0, 1, 0, 0], [1, 1, 0, 1, 1, 0, 0, 0, 0, 1, 1, 0, 1, 1, 0, 1, 1, 0, 1, 1, 0, 1, 0, 0], [1, 1, 0, 1, 1, 0, 1, 0, 1, 1, 1, 0, 1, 1, 0, 1, 1, 0, 1, 1, 0, 1, 0, 0], [1, 1, 0, 1, 1, 0, 1, 1, 0, 0, 0, 0, 1, 1, 0, 1, 1, 0, 1, 1, 0, 1, 0, 0], [1, 1, 0, 1, 1, 0, 1, 1, 0, 1, 0, 1, 1, 1, 0, 1, 1, 0, 1, 1, 0, 1, 0, 0], [1, 1, 0, 1, 1, 0, 1, 1, 0, 1, 1, 0, 0, 0, 0, 0, 0, 0, 1, 1, 0, 1, 0, 0], [1, 1, 0, 1, 1, 0, 1, 1, 0, 1, 1, 0, 1, 0, 1, 1, 1, 0, 1, 1, 0, 1, 0, 0], [1, 1, 0, 1, 1, 0, 1, 1, 0, 1, 1, 0, 1, 1, 0, 0, 0, 0, 1, 1, 0, 1, 0, 0], [1, 1, 0, 1, 1, 0, 1, 1, 0, 1, 1, 0, 1, 1, 0, 1, 0, 1, 1, 1, 0, 1, 0, 0], [1, 1, 0, 1, 1, 0, 1, 1, 0, 1, 1, 0, 1, 1, 0, 1, 1, 0, 0, 0, 0, 1, 0, 0], [1, 1, 0, 1, 1, 0, 1, 1, 0, 1, 1, 0, 1, 1, 0, 1, 1, 0, 1, 1, 0, 1, 0, 0]]","[0.01953125, 0.00390625, 0.015625, 0.00390625, 0.00390625, 0.01953125, 0.00390625, 0.0078125, 0.00390625, 0.015625, 0.00390625, 0.00390625, 0.01171875, 0.8828125]",29,229,50,102,263,
supportcase6_ds_qaoa_c539_c722_c726_0007,data/miplib_benders/qaoa_problems/nvars_08/supportcase6_ds_qaoa_c539_c722_c726_0007.json,8,24,3,ddsim,30,256,ok,2720.5103333460866,407.30078125,151847000.0,"{""B101029(7)"": 0, ""B101035(7)"": 0, ""B101037(7)"": 0, ""B101043(7)"": 0, ""B101058(7)"": 1, ""B101479(7)"": 0, ""B101485(7)"": 0, ""B101487(7)"": 0}",,,,"[[1, 0, 0, 0, 1, 0, 0, 0, 0, 1, 1, 0, 1, 0, 0, 1, 1, 0, 0, 0, 0, 1, 1, 0], [1, 0, 0, 0, 1, 0, 1, 1, 0, 1, 1, 0, 1, 0, 0, 0, 1, 0, 0, 0, 0, 1, 0, 0], [1, 0, 1, 0, 0, 0, 1, 1, 0, 1, 0, 1, 1, 0, 0, 1, 1, 0, 1, 0, 1, 1, 1, 0], [1, 0, 1, 0, 0, 0, 1, 1, 0, 1, 1, 0, 1, 0, 0, 1, 1, 0, 1, 1, 0, 1, 1, 0], [1, 0, 1, 1, 0, 0, 0, 1, 0, 1, 1, 0, 1, 0, 0, 1, 1, 0, 0, 0, 0, 0, 0, 0], [1, 0, 1, 1, 0, 1, 1, 1, 0, 1, 1, 0, 1, 0, 0, 1, 1, 0, 1, 1, 0, 1, 1, 0], [1, 0, 1, 1, 1, 0, 0, 0, 0, 1, 0, 1, 1, 0, 0, 1, 1, 0, 1, 1, 0, 1, 1, 0], [1, 0, 1, 1, 1, 0, 0, 0, 0, 1, 1, 0, 1, 0, 0, 1, 1, 0, 1, 1, 0, 1, 1, 0], [1, 0, 1, 1, 1, 0, 1, 0, 1, 1, 1, 0, 1, 0, 0, 1, 1, 0, 1, 1, 0, 1, 1, 0], [1, 0, 1, 1, 1, 0, 1, 1, 0, 0, 0, 0, 1, 0, 0, 1, 1, 0, 1, 1, 0, 1, 1, 0], [1, 0, 1, 1, 1, 0, 1, 1, 0, 1, 1, 0, 1, 0, 0, 1, 1, 0, 0, 0, 0, 1, 1, 0], [1, 0, 1, 1, 1, 0, 1, 1, 0, 1, 1, 0, 1, 0, 0, 1, 1, 0, 1, 1, 0, 0, 0, 0], [1, 0, 1, 1, 1, 0, 1, 1, 0, 1, 1, 0, 1, 0, 0, 1, 1, 0, 1, 1, 0, 1, 0, 1], [1, 0, 1, 1, 1, 0, 1, 1, 0, 1, 1, 0, 1, 0, 0, 1, 1, 0, 1, 1, 0, 1, 1, 0], [1, 1, 0, 0, 0, 0, 0, 0, 0, 1, 1, 0, 1, 0, 0, 1, 1, 0, 0, 0, 0, 1, 1, 0], [1, 1, 0, 0, 0, 0, 0, 0, 0, 1, 1, 0, 1, 0, 0, 1, 1, 0, 1, 0, 1, 1, 1, 0], [1, 1, 0, 0, 0, 0, 1, 1, 0, 1, 0, 1, 1, 0, 0, 1, 0, 0, 0, 1, 0, 1, 0, 1], [1, 1, 0, 0, 0, 0, 1, 1, 0, 1, 0, 1, 1, 0, 0, 1, 1, 0, 1, 1, 0, 1, 1, 0], [1, 1, 0, 0, 0, 0, 1, 1, 0, 1, 1, 0, 1, 0, 0, 1, 0, 1, 1, 1, 0, 1, 1, 0], [1, 1, 0, 0, 0, 0, 1, 1, 0, 1, 1, 0, 1, 0, 0, 1, 1, 0, 0, 0, 0, 1, 1, 0], [1, 1, 0, 0, 0, 0, 1, 1, 0, 1, 1, 0, 1, 0, 0, 1, 1, 0, 1, 0, 1, 1, 1, 0], [1, 1, 0, 0, 0, 0, 1, 1, 0, 1, 1, 0, 1, 0, 0, 1, 1, 0, 1, 1, 0, 0, 0, 0], [1, 1, 0, 0, 0, 0, 1, 1, 0, 1, 1, 0, 1, 0, 0, 1, 1, 0, 1, 1, 0, 1, 1, 0], [1, 1, 0, 1, 0, 0, 0, 1, 0, 1, 1, 0, 1, 0, 0, 1, 1, 0, 1, 1, 0, 1, 0, 1], [1, 1, 0, 1, 0, 0, 0, 1, 0, 1, 1, 0, 1, 0, 0, 1, 1, 0, 1, 1, 0, 1, 1, 0], [1, 1, 0, 1, 0, 1, 0, 0, 0, 1, 0, 1, 1, 0, 0, 1, 1, 0, 1, 0, 1, 1, 1, 0], [1, 1, 0, 1, 0, 1, 0, 0, 0, 1, 1, 0, 1, 0, 0, 1, 1, 0, 1, 0, 1, 0, 0, 0], [1, 1, 0, 1, 0, 1, 0, 0, 0, 1, 1, 0, 1, 0, 0, 1, 1, 0, 1, 1, 0, 1, 1, 0], [1, 1, 0, 1, 0, 1, 1, 0, 1, 1, 1, 0, 1, 0, 0, 1, 1, 0, 1, 1, 0, 1, 1, 0], [1, 1, 0, 1, 0, 1, 1, 1, 0, 1, 1, 0, 1, 0, 0, 1, 0, 1, 1, 1, 0, 1, 1, 0], [1, 1, 0, 1, 0, 1, 1, 1, 0, 1, 1, 0, 1, 0, 0, 1, 1, 0, 0, 0, 0, 0, 0, 0], [1, 1, 0, 1, 0, 1, 1, 1, 0, 1, 1, 0, 1, 0, 0, 1, 1, 0, 1, 1, 0, 1, 1, 0], [1, 1, 0, 1, 1, 0, 0, 0, 0, 1, 0, 1, 1, 0, 0, 1, 1, 0, 0, 0, 0, 1, 1, 0], [1, 1, 0, 1, 1, 0, 0, 0, 0, 1, 0, 1, 1, 0, 0, 1, 1, 0, 1, 1, 0, 1, 1, 0], [1, 1, 0, 1, 1, 0, 0, 0, 0, 1, 1, 0, 1, 0, 0, 1, 0, 0, 0, 1, 0, 1, 1, 0], [1, 1, 0, 1, 1, 0, 0, 0, 0, 1, 1, 0, 1, 0, 0, 1, 0, 1, 1, 1, 0, 0, 0, 0], [1, 1, 0, 1, 1, 0, 0, 0, 0, 1, 1, 0, 1, 0, 0, 1, 0, 1, 1, 1, 0, 1, 0, 1], [1, 1, 0, 1, 1, 0, 0, 0, 0, 1, 1, 0, 1, 0, 0, 1, 0, 1, 1, 1, 0, 1, 1, 0], [1, 1, 0, 1, 1, 0, 0, 0, 0, 1, 1, 0, 1, 0, 0, 1, 1, 0, 0, 0, 0, 1, 1, 0], [1, 1, 0, 1, 1, 0, 0, 0, 0, 1, 1, 0, 1, 0, 0, 1, 1, 0, 1, 0, 1, 1, 1, 0], [1, 1, 0, 1, 1, 0, 0, 0, 0, 1, 1, 0, 1, 0, 0, 1, 1, 0, 1, 1, 0, 1, 1, 0], [1, 1, 0, 1, 1, 0, 1, 0, 1, 0, 0, 0, 1, 0, 0, 1, 1, 0, 1, 1, 0, 1, 0, 1], [1, 1, 0, 1, 1, 0, 1, 0, 1, 1, 0, 1, 1, 0, 0, 1, 0, 1, 1, 1, 0, 1, 1, 0], [1, 1, 0, 1, 1, 0, 1, 0, 1, 1, 0, 1, 1, 0, 0, 1, 1, 0, 0, 0, 0, 1, 1, 0], [1, 1, 0, 1, 1, 0, 1, 0, 1, 1, 1, 0, 1, 0, 0, 1, 0, 0, 0, 1, 0, 1, 1, 0], [1, 1, 0, 1, 1, 0, 1, 0, 1, 1, 1, 0, 1, 0, 0, 1, 0, 1, 1, 1, 0, 0, 0, 0], [1, 1, 0, 1, 1, 0, 1, 0, 1, 1, 1, 0, 1, 0, 0, 1, 0, 1, 1, 1, 0, 1, 1, 0], [1, 1, 0, 1, 1, 0, 1, 0, 1, 1, 1, 0, 1, 0, 0, 1, 1, 0, 1, 0, 0, 0, 1, 0], [1, 1, 0, 1, 1, 0, 1, 0, 1, 1, 1, 0, 1, 0, 0, 1, 1, 0, 1, 0, 1, 1, 1, 0], [1, 1, 0, 1, 1, 0, 1, 0, 1, 1, 1, 0, 1, 0, 0, 1, 1, 0, 1, 1, 0, 0, 0, 0], [1, 1, 0, 1, 1, 0, 1, 0, 1, 1, 1, 0, 1, 0, 0, 1, 1, 0, 1, 1, 0, 1, 1, 0], [1, 1, 0, 1, 1, 0, 1, 1, 0, 0, 0, 0, 1, 0, 0, 1, 1, 0, 1, 1, 0, 1, 0, 1], [1, 1, 0, 1, 1, 0, 1, 1, 0, 0, 0, 0, 1, 0, 0, 1, 1, 0, 1, 1, 0, 1, 1, 0], [1, 1, 0, 1, 1, 0, 1, 1, 0, 1, 0, 1, 1, 0, 0, 1, 0, 1, 1, 0, 1, 1, 1, 0], [1, 1, 0, 1, 1, 0, 1, 1, 0, 1, 0, 1, 1, 0, 0, 1, 1, 0, 0, 0, 0, 1, 1, 0], [1, 1, 0, 1, 1, 0, 1, 1, 0, 1, 0, 1, 1, 0, 0, 1, 1, 0, 1, 0, 1, 1, 1, 0], [1, 1, 0, 1, 1, 0, 1, 1, 0, 1, 0, 1, 1, 0, 0, 1, 1, 0, 1, 1, 0, 1, 1, 0], [1, 1, 0, 1, 1, 0, 1, 1, 0, 1, 1, 0, 1, 0, 0, 0, 1, 0, 1, 1, 0, 1, 0, 0], [1, 1, 0, 1, 1, 0, 1, 1, 0, 1, 1, 0, 1, 0, 0, 1, 0, 0, 0, 1, 0, 0, 0, 0], [1, 1, 0, 1, 1, 0, 1, 1, 0, 1, 1, 0, 1, 0, 0, 1, 0, 0, 0, 1, 0, 1, 0, 1], [1, 1, 0, 1, 1, 0, 1, 1, 0, 1, 1, 0, 1, 0, 0, 1, 0, 1, 0, 0, 0, 1, 1, 0], [1, 1, 0, 1, 1, 0, 1, 1, 0, 1, 1, 0, 1, 0, 0, 1, 0, 1, 1, 1, 0, 0, 0, 0], [1, 1, 0, 1, 1, 0, 1, 1, 0, 1, 1, 0, 1, 0, 0, 1, 0, 1, 1, 1, 0, 1, 1, 0], [1, 1, 0, 1, 1, 0, 1, 1, 0, 1, 1, 0, 1, 0, 0, 1, 1, 0, 0, 0, 0, 0, 0, 0], [1, 1, 0, 1, 1, 0, 1, 1, 0, 1, 1, 0, 1, 0, 0, 1, 1, 0, 0, 0, 0, 1, 1, 0], [1, 1, 0, 1, 1, 0, 1, 1, 0, 1, 1, 0, 1, 0, 0, 1, 1, 0, 1, 0, 0, 0, 1, 0], [1, 1, 0, 1, 1, 0, 1, 1, 0, 1, 1, 0, 1, 0, 0, 1, 1, 0, 1, 0, 1, 0, 0, 0], [1, 1, 0, 1, 1, 0, 1, 1, 0, 1, 1, 0, 1, 0, 0, 1, 1, 0, 1, 0, 1, 1, 0, 1], [1, 1, 0, 1, 1, 0, 1, 1, 0, 1, 1, 0, 1, 0, 0, 1, 1, 0, 1, 0, 1, 1, 1, 0], [1, 1, 0, 1, 1, 0, 1, 1, 0, 1, 1, 0, 1, 0, 0, 1, 1, 0, 1, 1, 0, 0, 0, 0], [1, 1, 0, 1, 1, 0, 1, 1, 0, 1, 1, 0, 1, 0, 0, 1, 1, 0, 1, 1, 0, 1, 0, 1], [1, 1, 0, 1, 1, 0, 1, 1, 0, 1, 1, 0, 1, 0, 0, 1, 1, 0, 1, 1, 0, 1, 1, 0]]","[0.00390625, 0.00390625, 0.00390625, 0.00390625, 0.00390625, 0.00390625, 0.00390625, 0.00390625, 0.00390625, 0.00390625, 0.00390625, 0.00390625, 0.00390625, 0.03125, 0.00390625, 0.00390625, 0.00390625, 0.00390625, 0.00390625, 0.0078125, 0.00390625, 0.01171875, 0.046875, 0.00390625, 0.0078125, 0.00390625, 0.00390625, 0.00390625, 0.01171875, 0.00390625, 0.00390625, 0.04296875, 0.0078125, 0.00390625, 0.00390625, 0.0078125, 0.00390625, 0.015625, 0.00390625, 0.0078125, 0.046875, 0.00390625, 0.00390625, 0.00390625, 0.00390625, 0.00390625, 0.00390625, 0.00390625, 0.00390625, 0.00390625, 0.02734375, 0.00390625, 0.00390625, 0.00390625, 0.01171875, 0.00390625, 0.03125, 0.00390625, 0.00390625, 0.0078125, 0.00390625, 0.0078125, 0.04296875, 0.00390625, 0.046875, 0.01171875, 0.00390625, 0.00390625, 0.01953125, 0.03515625, 0.0390625, 0.28515625]",29,149,50,66,254,
supportcase6_ds_qaoa_c722_c726_0005,data/miplib_benders/qaoa_problems/nvars_08/supportcase6_ds_qaoa_c722_c726_0005.json,8,24,2,ddsim,30,256,ok,1378.6936082929606,407.59375,151847000.0,"{""B100608(7)"": 0, ""B100623(7)"": 1, ""B101029(7)"": 0, ""B101035(7)"": 0, ""B101037(7)"": 0, ""B101043(7)"": 0, ""B101058(7)"": 0, ""B101479(7)"": 0}",,,,"[[1, 0, 1, 1, 1, 0, 1, 0, 1, 1, 1, 0, 1, 1, 0, 1, 0, 1, 1, 1, 0, 1, 0, 0], [1, 0, 1, 1, 1, 0, 1, 1, 0, 0, 0, 0, 1, 1, 0, 1, 1, 0, 1, 1, 0, 1, 0, 0], [1, 0, 1, 1, 1, 0, 1, 1, 0, 1, 1, 0, 1, 1, 0, 1, 1, 0, 1, 0, 1, 1, 0, 0], [1, 0, 1, 1, 1, 0, 1, 1, 0, 1, 1, 0, 1, 1, 0, 1, 1, 0, 1, 1, 0, 1, 0, 0], [1, 1, 0, 1, 0, 1, 1, 1, 0, 1, 1, 0, 1, 1, 0, 1, 0, 1, 1, 1, 0, 1, 0, 0], [1, 1, 0, 1, 0, 1, 1, 1, 0, 1, 1, 0, 1, 1, 0, 1, 1, 0, 1, 1, 0, 1, 0, 0], [1, 1, 0, 1, 1, 0, 0, 0, 0, 1, 0, 1, 1, 1, 0, 1, 1, 0, 0, 0, 0, 1, 0, 0], [1, 1, 0, 1, 1, 0, 0, 0, 0, 1, 1, 0, 1, 1, 0, 1, 1, 0, 0, 0, 0, 1, 0, 0], [1, 1, 0, 1, 1, 0, 0, 0, 0, 1, 1, 0, 1, 1, 0, 1, 1, 0, 1, 1, 0, 1, 0, 0], [1, 1, 0, 1, 1, 0, 1, 0, 1, 0, 0, 0, 1, 1, 0, 1, 1, 0, 1, 1, 0, 1, 0, 0], [1, 1, 0, 1, 1, 0, 1, 0, 1, 1, 1, 0, 1, 1, 0, 1, 1, 0, 0, 0, 0, 1, 0, 0], [1, 1, 0, 1, 1, 0, 1, 0, 1, 1, 1, 0, 1, 1, 0, 1, 1, 0, 1, 1, 0, 1, 0, 0], [1, 1, 0, 1, 1, 0, 1, 1, 0, 0, 0, 0, 1, 1, 0, 1, 1, 0, 1, 1, 0, 1, 0, 0], [1, 1, 0, 1, 1, 0, 1, 1, 0, 1, 0, 1, 0, 0, 0, 1, 1, 0, 1, 1, 0, 1, 0, 0], [1, 1, 0, 1, 1, 0, 1, 1, 0, 1, 0, 1, 1, 1, 0, 0, 0, 0, 1, 1, 0, 1, 0, 0], [1, 1, 0, 1, 1, 0, 1, 1, 0, 1, 0, 1, 1, 1, 0, 1, 1, 0, 1, 1, 0, 1, 0, 0], [1, 1, 0, 1, 1, 0, 1, 1, 0, 1, 1, 0, 0, 0, 0, 1, 0, 1, 1, 1, 0, 1, 0, 0], [1, 1, 0, 1, 1, 0, 1, 1, 0, 1, 1, 0, 0, 0, 0, 1, 1, 0, 1, 1, 0, 1, 0, 0], [1, 1, 0, 1, 1, 0, 1, 1, 0, 1, 1, 0, 1, 0, 1, 1, 1, 0, 1, 1, 0, 1, 0, 0], [1, 1, 0, 1, 1, 0, 1, 1, 0, 1, 1, 0, 1, 1, 0, 0, 0, 0, 1, 0, 1, 1, 0, 0], [1, 1, 0, 1, 1, 0, 1, 1, 0, 1, 1, 0, 1, 1, 0, 0, 0, 0, 1, 1, 0, 1, 0, 0], [1, 1, 0, 1, 1, 0, 1, 1, 0, 1, 1, 0, 1, 1, 0, 1, 0, 1, 0, 0, 0, 1, 0, 0], [1, 1, 0, 1, 1, 0, 1, 1, 0, 1, 1, 0, 1, 1, 0, 1, 0, 1, 1, 0, 1, 1, 0, 0], [1, 1, 0, 1, 1, 0, 1, 1, 0, 1, 1, 0, 1, 1, 0, 1, 0, 1, 1, 1, 0, 1, 0, 0], [1, 1, 0, 1, 1, 0, 1, 1, 0, 1, 1, 0, 1, 1, 0, 1, 1, 0, 0, 0, 0, 1, 0, 0], [1, 1, 0, 1, 1, 0, 1, 1, 0, 1, 1, 0, 1, 1, 0, 1, 1, 0, 1, 0, 0, 0, 0, 0], [1, 1, 0, 1, 1, 0, 1, 1, 0, 1, 1, 0, 1, 1, 0, 1, 1, 0, 1, 0, 1, 1, 0, 0], [1, 1, 0, 1, 1, 0, 1, 1, 0, 1, 1, 0, 1, 1, 0, 1, 1, 0, 1, 1, 0, 1, 0, 0]]","[0.00390625, 0.00390625, 0.00390625, 0.01953125, 0.0078125, 0.04296875, 0.00390625, 0.00390625, 0.0078125, 0.00390625, 0.00390625, 0.0234375, 0.0234375, 0.00390625, 0.0078125, 0.01953125, 0.00390625, 0.015625, 0.01171875, 0.00390625, 0.04296875, 0.00390625, 0.00390625, 0.01953125, 0.015625, 0.00390625, 0.01171875, 0.6796875]",27,229,50,102,263,
supportcase6_ds_qaoa_c726_c733_0001,data/miplib_benders/qaoa_problems/nvars_08/supportcase6_ds_qaoa_c726_c733_0001.json,8,24,2,ddsim,30,256,ok,759.7637868199963,408.69921875,296734000.0,"{""B100166(7)"": 1, ""B100594(7)"": 0, ""B100600(7)"": 0, ""B100602(7)"": 0, ""B100608(7)"": 1, ""B100623(7)"": 0, ""B101029(7)"": 0, ""B101035(7)"": 0}",,,,"[[1, 0, 1, 0, 0, 0, 1, 1, 0, 0, 0, 0, 0, 0, 0, 1, 1, 0, 1, 1, 0, 1, 0, 0], [1, 0, 1, 1, 1, 0, 1, 1, 0, 1, 0, 1, 0, 0, 0, 1, 1, 0, 1, 1, 0, 1, 0, 0], [1, 0, 1, 1, 1, 0, 1, 1, 0, 1, 1, 0, 0, 0, 0, 0, 0, 0, 1, 1, 0, 1, 0, 0], [1, 0, 1, 1, 1, 0, 1, 1, 0, 1, 1, 0, 0, 0, 0, 1, 1, 0, 1, 1, 0, 1, 0, 0], [1, 1, 0, 0, 0, 0, 1, 0, 1, 1, 1, 0, 0, 0, 0, 1, 0, 1, 1, 1, 0, 1, 0, 0], [1, 1, 0, 0, 0, 0, 1, 0, 1, 1, 1, 0, 0, 0, 0, 1, 1, 0, 0, 0, 0, 1, 0, 0], [1, 1, 0, 0, 0, 0, 1, 1, 0, 1, 1, 0, 0, 0, 0, 1, 0, 1, 1, 1, 0, 1, 0, 0], [1, 1, 0, 0, 0, 0, 1, 1, 0, 1, 1, 0, 0, 0, 0, 1, 1, 0, 0, 0, 0, 1, 0, 0], [1, 1, 0, 0, 0, 0, 1, 1, 0, 1, 1, 0, 0, 0, 0, 1, 1, 0, 1, 1, 0, 1, 0, 0], [1, 1, 0, 1, 0, 1, 1, 1, 0, 0, 0, 0, 0, 0, 0, 1, 1, 0, 1, 1, 0, 1, 0, 0], [1, 1, 0, 1, 0, 1, 1, 1, 0, 1, 1, 0, 0, 0, 0, 0, 0, 0, 1, 1, 0, 1, 0, 0], [1, 1, 0, 1, 0, 1, 1, 1, 0, 1, 1, 0, 0, 0, 0, 1, 1, 0, 0, 0, 0, 1, 0, 0], [1, 1, 0, 1, 0, 1, 1, 1, 0, 1, 1, 0, 0, 0, 0, 1, 1, 0, 1, 1, 0, 1, 0, 0], [1, 1, 0, 1, 1, 0, 1, 0, 1, 1, 0, 1, 0, 0, 0, 1, 1, 0, 1, 1, 0, 1, 0, 0], [1, 1, 0, 1, 1, 0, 1, 0, 1, 1, 1, 0, 0, 0, 0, 1, 1, 0, 0, 0, 0, 1, 0, 0], [1, 1, 0, 1, 1, 0, 1, 0, 1, 1, 1, 0, 0, 0, 0, 1, 1, 0, 1, 1, 0, 1, 0, 0], [1, 1, 0, 1, 1, 0, 1, 1, 0, 0, 0, 0, 0, 0, 0, 1, 0, 1, 1, 1, 0, 1, 0, 0], [1, 1, 0, 1, 1, 0, 1, 1, 0, 0, 0, 0, 0, 0, 0, 1, 1, 0, 0, 0, 0, 1, 0, 0], [1, 1, 0, 1, 1, 0, 1, 1, 0, 0, 0, 0, 0, 0, 0, 1, 1, 0, 1, 1, 0, 1, 0, 0], [1, 1, 0, 1, 1, 0, 1, 1, 0, 1, 0, 0, 1, 0, 0, 1, 1, 0, 1, 0, 1, 0, 0, 0], [1, 1, 0, 1, 1, 0, 1, 1, 0, 1, 0, 1, 0, 0, 0, 0, 0, 0, 1, 1, 0, 1, 0, 0], [1, 1, 0, 1, 1, 0, 1, 1, 0, 1, 0, 1, 0, 0, 0, 1, 0, 1, 1, 1, 0, 1, 0, 0], [1, 1, 0, 1, 1, 0, 1, 1, 0, 1, 0, 1, 0, 0, 0, 1, 1, 0, 1, 1, 0, 1, 0, 0], [1, 1, 0, 1, 1, 0, 1, 1, 0, 1, 1, 0, 0, 0, 0, 0, 0, 0, 0, 0, 0, 1, 0, 0], [1, 1, 0, 1, 1, 0, 1, 1, 0, 1, 1, 0, 0, 0, 0, 0, 0, 0, 1, 1, 0, 1, 0, 0], [1, 1, 0, 1, 1, 0, 1, 1, 0, 1, 1, 0, 0, 0, 0, 1, 0, 1, 1, 1, 0, 1, 0, 0], [1, 1, 0, 1, 1, 0, 1, 1, 0, 1, 1, 0, 0, 0, 0, 1, 1, 0, 0, 0, 0, 1, 0, 0], [1, 1, 0, 1, 1, 0, 1, 1, 0, 1, 1, 0, 0, 0, 0, 1, 1, 0, 1, 0, 1, 1, 0, 0], [1, 1, 0, 1, 1, 0, 1, 1, 0, 1, 1, 0, 0, 0, 0, 1, 1, 0, 1, 1, 0, 1, 0, 0]]","[0.00390625, 0.00390625, 0.00390625, 0.01953125, 0.00390625, 0.00390625, 0.0078125, 0.00390625, 0.04296875, 0.00390625, 0.00390625, 0.00390625, 0.02734375, 0.00390625, 0.00390625, 0.04296875, 0.0078125, 0.00390625, 0.02734375, 0.00390625, 0.00390625, 0.0078125, 0.02734375, 0.00390625, 0.04296875, 0.0234375, 0.02734375, 0.02734375, 0.609375]",25,342,50,161,364,
supportcase6_ds_qaoa_c726_c733_0002,data/miplib_benders/qaoa_problems/nvars_08/supportcase6_ds_qaoa_c726_c733_0002.json,8,24,2,ddsim,30,256,ok,619.8259817339713,409.578125,296734000.0,"{""B100594(7)"": 0, ""B100600(7)"": 0, ""B100602(7)"": 0, ""B100608(7)"": 1, ""B100623(7)"": 1, ""B101029(7)"": 0, ""B101035(7)"": 0, ""B101037(7)"": 0}",,,,"[[1, 0, 1, 1, 1, 0, 1, 1, 0, 0, 0, 0, 1, 1, 0, 1, 1, 0, 1, 0, 0, 1, 1, 0], [1, 1, 0, 1, 1, 0, 1, 1, 0, 0, 0, 0, 1, 1, 0, 0, 0, 0, 1, 0, 0, 1, 1, 0], [1, 1, 0, 1, 1, 0, 1, 1, 0, 0, 0, 0, 1, 1, 0, 1, 1, 0, 1, 0, 0, 1, 1, 0]]","[0.00390625, 0.00390625, 0.9921875]",28,342,50,161,364,
supportcase6_ds_qaoa_c722_c726_c733_0003,data/miplib_benders/qaoa_problems/nvars_08/supportcase6_ds_qaoa_c722_c726_c733_0003.json,8,24,3,ddsim,30,256,ok,2103.950459975982,408.8203125,134333000.0,"{""B100600(7)"": 1, ""B100602(7)"": 0, ""B100608(7)"": 0, ""B100623(7)"": 0, ""B101029(7)"": 0, ""B101035(7)"": 0, ""B101037(7)"": 0, ""B101043(7)"": 0}",,,,"[[1, 0, 1, 1, 1, 0, 1, 1, 0, 1, 1, 0, 1, 1, 0, 1, 0, 0, 1, 1, 0, 1, 1, 0], [1, 1, 0, 1, 0, 1, 1, 1, 0, 1, 1, 0, 1, 1, 0, 1, 0, 0, 1, 1, 0, 1, 1, 0], [1, 1, 0, 1, 1, 0, 1, 0, 1, 1, 1, 0, 1, 1, 0, 1, 0, 0, 1, 1, 0, 1, 1, 0], [1, 1, 0, 1, 1, 0, 1, 1, 0, 0, 0, 0, 1, 1, 0, 1, 0, 0, 1, 1, 0, 1, 1, 0], [1, 1, 0, 1, 1, 0, 1, 1, 0, 1, 0, 1, 1, 1, 0, 1, 0, 0, 1, 1, 0, 1, 0, 1], [1, 1, 0, 1, 1, 0, 1, 1, 0, 1, 0, 1, 1, 1, 0, 1, 0, 0, 1, 1, 0, 1, 1, 0], [1, 1, 0, 1, 1, 0, 1, 1, 0, 1, 1, 0, 0, 0, 0, 1, 0, 0, 1, 1, 0, 1, 1, 0], [1, 1, 0, 1, 1, 0, 1, 1, 0, 1, 1, 0, 1, 0, 1, 1, 0, 0, 1, 1, 0, 1, 1, 0], [1, 1, 0, 1, 1, 0, 1, 1, 0, 1, 1, 0, 1, 1, 0, 1, 0, 0, 0, 0, 0, 1, 1, 0], [1, 1, 0, 1, 1, 0, 1, 1, 0, 1, 1, 0, 1, 1, 0, 1, 0, 0, 1, 0, 1, 1, 1, 0], [1, 1, 0, 1, 1, 0, 1, 1, 0, 1, 1, 0, 1, 1, 0, 1, 0, 0, 1, 1, 0, 0, 0, 0], [1, 1, 0, 1, 1, 0, 1, 1, 0, 1, 1, 0, 1, 1, 0, 1, 0, 0, 1, 1, 0, 1, 0, 1], [1, 1, 0, 1, 1, 0, 1, 1, 0, 1, 1, 0, 1, 1, 0, 1, 0, 0, 1, 1, 0, 1, 1, 0]]","[0.02734375, 0.03515625, 0.015625, 0.00390625, 0.00390625, 0.01171875, 0.0234375, 0.00390625, 0.01953125, 0.01171875, 0.0234375, 0.015625, 0.8046875]",29,149,50,66,254,
supportcase6_ds_qaoa_c722_c726_c733_0001,data/miplib_benders/qaoa_problems/nvars_08/supportcase6_ds_qaoa_c722_c726_c733_0001.json,8,24,3,ddsim,30,256,ok,2590.5775103539927,407.30078125,134333000.0,"{""B100166(7)"": 0, ""B100594(7)"": 0, ""B100600(7)"": 1, ""B100602(7)"": 0, ""B100608(7)"": 0, ""B100623(7)"": 0, ""B101029(7)"": 0, ""B101035(7)"": 0}",,,,"[[0, 1, 0, 1, 1, 0, 1, 1, 0, 0, 0, 0, 1, 1, 0, 1, 1, 0, 1, 0, 0, 1, 0, 0], [0, 1, 0, 1, 1, 0, 1, 1, 0, 1, 1, 0, 1, 1, 0, 1, 1, 0, 1, 0, 0, 1, 0, 0], [1, 0, 0, 0, 1, 0, 1, 1, 0, 1, 1, 0, 1, 1, 0, 0, 0, 0, 1, 1, 0, 1, 0, 0], [1, 0, 1, 1, 1, 0, 1, 1, 0, 0, 0, 0, 1, 1, 0, 0, 0, 0, 1, 1, 0, 1, 0, 0], [1, 0, 1, 1, 1, 0, 1, 1, 0, 0, 0, 0, 1, 1, 0, 1, 1, 0, 1, 1, 0, 1, 0, 0], [1, 0, 1, 1, 1, 0, 1, 1, 0, 1, 0, 1, 1, 1, 0, 1, 1, 0, 1, 1, 0, 1, 0, 0], [1, 0, 1, 1, 1, 0, 1, 1, 0, 1, 1, 0, 1, 1, 0, 0, 0, 0, 0, 0, 0, 1, 0, 0], [1, 0, 1, 1, 1, 0, 1, 1, 0, 1, 1, 0, 1, 1, 0, 0, 0, 0, 1, 1, 0, 1, 0, 0], [1, 0, 1, 1, 1, 0, 1, 1, 0, 1, 1, 0, 1, 1, 0, 1, 1, 0, 0, 0, 0, 1, 0, 0], [1, 0, 1, 1, 1, 0, 1, 1, 0, 1, 1, 0, 1, 1, 0, 1, 1, 0, 1, 0, 1, 1, 0, 0], [1, 0, 1, 1, 1, 0, 1, 1, 0, 1, 1, 0, 1, 1, 0, 1, 1, 0, 1, 1, 0, 1, 0, 0], [1, 1, 0, 0, 0, 0, 1, 1, 0, 0, 0, 0, 1, 1, 0, 1, 1, 0, 1, 1, 0, 1, 0, 0], [1, 1, 0, 0, 0, 0, 1, 1, 0, 1, 0, 1, 1, 1, 0, 1, 1, 0, 1, 1, 0, 1, 0, 0], [1, 1, 0, 0, 0, 0, 1, 1, 0, 1, 1, 0, 1, 1, 0, 0, 0, 0, 1, 1, 0, 1, 0, 0], [1, 1, 0, 0, 0, 0, 1, 1, 0, 1, 1, 0, 1, 1, 0, 1, 1, 0, 1, 0, 1, 1, 0, 0], [1, 1, 0, 0, 0, 0, 1, 1, 0, 1, 1, 0, 1, 1, 0, 1, 1, 0, 1, 1, 0, 1, 0, 0], [1, 1, 0, 1, 0, 1, 1, 1, 0, 1, 1, 0, 1, 1, 0, 0, 0, 0, 1, 1, 0, 1, 0, 0], [1, 1, 0, 1, 0, 1, 1, 1, 0, 1, 1, 0, 1, 1, 0, 1, 1, 0, 0, 0, 0, 1, 0, 0], [1, 1, 0, 1, 0, 1, 1, 1, 0, 1, 1, 0, 1, 1, 0, 1, 1, 0, 1, 1, 0, 1, 0, 0], [1, 1, 0, 1, 1, 0, 1, 0, 0, 1, 1, 0, 1, 1, 0, 1, 1, 0, 1, 1, 0, 0, 0, 0], [1, 1, 0, 1, 1, 0, 1, 0, 1, 1, 1, 0, 1, 0, 1, 1, 1, 0, 1, 0, 1, 1, 0, 0], [1, 1, 0, 1, 1, 0, 1, 0, 1, 1, 1, 0, 1, 1, 0, 1, 1, 0, 1, 1, 0, 1, 0, 0], [1, 1, 0, 1, 1, 0, 1, 1, 0, 0, 0, 0, 1, 1, 0, 0, 0, 0, 1, 1, 0, 1, 0, 0], [1, 1, 0, 1, 1, 0, 1, 1, 0, 0, 0, 0, 1, 1, 0, 1, 1, 0, 0, 0, 0, 1, 0, 0], [1, 1, 0, 1, 1, 0, 1, 1, 0, 0, 0, 0, 1, 1, 0, 1, 1, 0, 1, 0, 1, 1, 0, 0], [1, 1, 0, 1, 1, 0, 1, 1, 0, 0, 0, 0, 1, 1, 0, 1, 1, 0, 1, 1, 0, 1, 0, 0], [1, 1, 0, 1, 1, 0, 1, 1, 0, 1, 0, 0, 1, 1, 0, 0, 1, 0, 1, 0, 1, 1, 0, 0], [1, 1, 0, 1, 1, 0, 1, 1, 0, 1, 0, 1, 1, 1, 0, 0, 0, 0, 1, 1, 0, 1, 0, 0], [1, 1, 0, 1, 1, 0, 1, 1, 0, 1, 0, 1, 1, 1, 0, 1, 1, 0, 1, 0, 1, 1, 0, 0], [1, 1, 0, 1, 1, 0, 1, 1, 0, 1, 0, 1, 1, 1, 0, 1, 1, 0, 1, 1, 0, 1, 0, 0], [1, 1, 0, 1, 1, 0, 1, 1, 0, 1, 1, 0, 1, 0, 1, 0, 0, 0, 1, 1, 0, 1, 0, 0], [1, 1, 0, 1, 1, 0, 1, 1, 0, 1, 1, 0, 1, 0, 1, 1, 1, 0, 1, 1, 0, 1, 0, 0], [1, 1, 0, 1, 1, 0, 1, 1, 0, 1, 1, 0, 1, 1, 0, 0, 0, 0, 1, 1, 0, 1, 0, 0], [1, 1, 0, 1, 1, 0, 1, 1, 0, 1, 1, 0, 1, 1, 0, 1, 0, 0, 0, 1, 0, 1, 0, 0], [1, 1, 0, 1, 1, 0, 1, 1, 0, 1, 1, 0, 1, 1, 0, 1, 0, 1, 1, 0, 1, 1, 0, 0], [1, 1, 0, 1, 1, 0, 1, 1, 0, 1, 1, 0, 1, 1, 0, 1, 0, 1, 1, 1, 0, 1, 0, 0], [1, 1, 0, 1, 1, 0, 1, 1, 0, 1, 1, 0, 1, 1, 0, 1, 1, 0, 0, 0, 0, 1, 0, 0], [1, 1, 0, 1, 1, 0, 1, 1, 0, 1, 1, 0, 1, 1, 0, 1, 1, 0, 1, 0, 1, 1, 0, 0], [1, 1, 0, 1, 1, 0, 1, 1, 0, 1, 1, 0, 1, 1, 0, 1, 1, 0, 1, 1, 0, 1, 0, 0]]","[0.00390625, 0.0078125, 0.00390625, 0.00390625, 0.0078125, 0.0078125, 0.00390625, 0.00390625, 0.00390625, 0.00390625, 0.01953125, 0.00390625, 0.00390625, 0.00390625, 0.00390625, 0.05078125, 0.00390625, 0.00390625, 0.0390625, 0.00390625, 0.00390625, 0.02734375, 0.00390625, 0.00390625, 0.00390625, 0.02734375, 0.00390625, 0.00390625, 0.00390625, 0.01953125, 0.00390625, 0.015625, 0.01171875, 0.00390625, 0.0078125, 0.01171875, 0.0390625, 0.03125, 0.5859375]",31,189,50,84,254,
supportcase6_ds_qaoa_c726_c733_c745_0002,data/miplib_benders/qaoa_problems/nvars_08/supportcase6_ds_qaoa_c726_c733_c745_0002.json,8,24,3,ddsim,30,256,ok,1226.0646797589725,410.22265625,296734000.0,"{""B100594(7)"": 0, ""B100600(7)"": 0, ""B100602(7)"": 0, ""B100608(7)"": 1, ""B100623(7)"": 1, ""B101029(7)"": 0, ""B101035(7)"": 0, ""B101037(7)"": 0}",,,,"[[1, 0, 1, 1, 0, 1, 1, 1, 0, 1, 1, 0, 0, 0, 0, 1, 1, 0, 1, 0, 0, 1, 1, 0], [1, 0, 1, 1, 1, 0, 1, 1, 0, 1, 1, 0, 0, 0, 0, 1, 1, 0, 1, 0, 0, 1, 0, 1], [1, 0, 1, 1, 1, 0, 1, 1, 0, 1, 1, 0, 0, 0, 0, 1, 1, 0, 1, 0, 0, 1, 1, 0], [1, 1, 0, 1, 0, 0, 1, 1, 0, 1, 1, 0, 0, 0, 0, 1, 1, 0, 0, 0, 0, 1, 1, 0], [1, 1, 0, 1, 0, 1, 1, 1, 0, 1, 0, 1, 0, 0, 0, 1, 1, 0, 1, 0, 0, 1, 1, 0], [1, 1, 0, 1, 0, 1, 1, 1, 0, 1, 1, 0, 0, 0, 0, 1, 1, 0, 1, 0, 0, 1, 1, 0], [1, 1, 0, 1, 1, 0, 0, 0, 0, 1, 1, 0, 0, 0, 0, 0, 0, 0, 1, 0, 0, 1, 1, 0], [1, 1, 0, 1, 1, 0, 0, 0, 0, 1, 1, 0, 0, 0, 0, 1, 1, 0, 1, 0, 0, 1, 1, 0], [1, 1, 0, 1, 1, 0, 1, 0, 1, 1, 1, 0, 0, 0, 0, 1, 1, 0, 1, 0, 0, 1, 0, 1], [1, 1, 0, 1, 1, 0, 1, 0, 1, 1, 1, 0, 0, 0, 0, 1, 1, 0, 1, 0, 0, 1, 1, 0], [1, 1, 0, 1, 1, 0, 1, 1, 0, 1, 0, 1, 0, 0, 0, 1, 1, 0, 1, 0, 0, 1, 1, 0], [1, 1, 0, 1, 1, 0, 1, 1, 0, 1, 1, 0, 0, 0, 0, 0, 0, 0, 1, 0, 0, 1, 0, 1], [1, 1, 0, 1, 1, 0, 1, 1, 0, 1, 1, 0, 0, 0, 0, 0, 0, 0, 1, 0, 0, 1, 1, 0], [1, 1, 0, 1, 1, 0, 1, 1, 0, 1, 1, 0, 0, 0, 0, 1, 0, 1, 1, 0, 0, 0, 0, 0], [1, 1, 0, 1, 1, 0, 1, 1, 0, 1, 1, 0, 0, 0, 0, 1, 0, 1, 1, 0, 0, 1, 1, 0], [1, 1, 0, 1, 1, 0, 1, 1, 0, 1, 1, 0, 0, 0, 0, 1, 1, 0, 1, 0, 0, 0, 0, 0], [1, 1, 0, 1, 1, 0, 1, 1, 0, 1, 1, 0, 0, 0, 0, 1, 1, 0, 1, 0, 0, 1, 0, 1], [1, 1, 0, 1, 1, 0, 1, 1, 0, 1, 1, 0, 0, 0, 0, 1, 1, 0, 1, 0, 0, 1, 1, 0]]","[0.00390625, 0.00390625, 0.01953125, 0.0078125, 0.00390625, 0.0390625, 0.00390625, 0.01953125, 0.00390625, 0.02734375, 0.02734375, 0.00390625, 0.015625, 0.00390625, 0.03125, 0.05078125, 0.0078125, 0.7265625]",31,222,50,107,355,
supportcase6_ds_qaoa_c726_c733_c745_0001,data/miplib_benders/qaoa_problems/nvars_08/supportcase6_ds_qaoa_c726_c733_c745_0001.json,8,24,3,ddsim,30,256,ok,1848.5169902589405,411.5,296734000.0,"{""B100166(7)"": 0, ""B100594(7)"": 0, ""B100600(7)"": 0, ""B100602(7)"": 0, ""B100608(7)"": 1, ""B100623(7)"": 1, ""B101029(7)"": 0, ""B101035(7)"": 0}",,,,"[[1, 0, 1, 0, 1, 0, 1, 1, 0, 1, 1, 0, 0, 0, 0, 1, 1, 0, 1, 0, 0, 1, 0, 0], [1, 0, 1, 1, 0, 0, 1, 1, 0, 0, 1, 0, 0, 0, 0, 1, 1, 0, 0, 0, 0, 1, 0, 0], [1, 0, 1, 1, 0, 1, 1, 1, 0, 1, 1, 0, 0, 0, 0, 1, 1, 0, 1, 1, 0, 1, 0, 0], [1, 0, 1, 1, 1, 0, 1, 0, 1, 1, 1, 0, 0, 0, 0, 1, 1, 0, 1, 1, 0, 1, 0, 0], [1, 0, 1, 1, 1, 0, 1, 1, 0, 0, 0, 0, 0, 0, 0, 1, 1, 0, 1, 1, 0, 1, 0, 0], [1, 0, 1, 1, 1, 0, 1, 1, 0, 1, 0, 1, 0, 0, 0, 1, 1, 0, 1, 0, 1, 1, 0, 0], [1, 0, 1, 1, 1, 0, 1, 1, 0, 1, 0, 1, 0, 0, 0, 1, 1, 0, 1, 1, 0, 1, 0, 0], [1, 0, 1, 1, 1, 0, 1, 1, 0, 1, 1, 0, 0, 0, 0, 1, 1, 0, 1, 0, 1, 1, 0, 0], [1, 0, 1, 1, 1, 0, 1, 1, 0, 1, 1, 0, 0, 0, 0, 1, 1, 0, 1, 1, 0, 1, 0, 0], [1, 1, 0, 1, 0, 0, 1, 1, 0, 0, 1, 0, 0, 0, 0, 1, 1, 0, 1, 1, 0, 1, 0, 0], [1, 1, 0, 1, 0, 1, 1, 1, 0, 1, 1, 0, 0, 0, 0, 1, 0, 1, 1, 1, 0, 1, 0, 0], [1, 1, 0, 1, 0, 1, 1, 1, 0, 1, 1, 0, 0, 0, 0, 1, 1, 0, 0, 0, 0, 1, 0, 0], [1, 1, 0, 1, 0, 1, 1, 1, 0, 1, 1, 0, 0, 0, 0, 1, 1, 0, 1, 1, 0, 1, 0, 0], [1, 1, 0, 1, 1, 0, 1, 0, 1, 0, 0, 0, 0, 0, 0, 1, 1, 0, 1, 1, 0, 1, 0, 0], [1, 1, 0, 1, 1, 0, 1, 0, 1, 1, 1, 0, 0, 0, 0, 0, 0, 0, 1, 1, 0, 1, 0, 0], [1, 1, 0, 1, 1, 0, 1, 0, 1, 1, 1, 0, 0, 0, 0, 1, 1, 0, 0, 0, 0, 1, 0, 0], [1, 1, 0, 1, 1, 0, 1, 0, 1, 1, 1, 0, 0, 0, 0, 1, 1, 0, 1, 1, 0, 1, 0, 0], [1, 1, 0, 1, 1, 0, 1, 1, 0, 0, 0, 0, 0, 0, 0, 0, 0, 0, 1, 1, 0, 1, 0, 0], [1, 1, 0, 1, 1, 0, 1, 1, 0, 0, 0, 0, 0, 0, 0, 1, 1, 0, 1, 0, 1, 1, 0, 0], [1, 1, 0, 1, 1, 0, 1, 1, 0, 0, 0, 0, 0, 0, 0, 1, 1, 0, 1, 1, 0, 1, 0, 0], [1, 1, 0, 1, 1, 0, 1, 1, 0, 1, 0, 0, 0, 0, 0, 1, 1, 0, 0, 1, 0, 1, 0, 0], [1, 1, 0, 1, 1, 0, 1, 1, 0, 1, 0, 1, 0, 0, 0, 1, 0, 1, 0, 0, 0, 1, 0, 0], [1, 1, 0, 1, 1, 0, 1, 1, 0, 1, 0, 1, 0, 0, 0, 1, 1, 0, 0, 0, 0, 1, 0, 0], [1, 1, 0, 1, 1, 0, 1, 1, 0, 1, 0, 1, 0, 0, 0, 1, 1, 0, 1, 1, 0, 1, 0, 0], [1, 1, 0, 1, 1, 0, 1, 1, 0, 1, 1, 0, 0, 0, 0, 0, 0, 0, 0, 0, 0, 1, 0, 0], [1, 1, 0, 1, 1, 0, 1, 1, 0, 1, 1, 0, 0, 0, 0, 0, 0, 0, 1, 1, 0, 1, 0, 0], [1, 1, 0, 1, 1, 0, 1, 1, 0, 1, 1, 0, 0, 0, 0, 1, 0, 1, 1, 0, 1, 1, 0, 0], [1, 1, 0, 1, 1, 0, 1, 1, 0, 1, 1, 0, 0, 0, 0, 1, 0, 1, 1, 1, 0, 1, 0, 0], [1, 1, 0, 1, 1, 0, 1, 1, 0, 1, 1, 0, 0, 0, 0, 1, 1, 0, 0, 0, 0, 1, 0, 0], [1, 1, 0, 1, 1, 0, 1, 1, 0, 1, 1, 0, 0, 0, 0, 1, 1, 0, 1, 0, 1, 1, 0, 0], [1, 1, 0, 1, 1, 0, 1, 1, 0, 1, 1, 0, 0, 0, 0, 1, 1, 0, 1, 1, 0, 1, 0, 0]]","[0.00390625, 0.00390625, 0.00390625, 0.00390625, 0.00390625, 0.00390625, 0.00390625, 0.0078125, 0.0390625, 0.00390625, 0.00390625, 0.00390625, 0.02734375, 0.00390625, 0.0078125, 0.00390625, 0.03125, 0.01171875, 0.00390625, 0.04296875, 0.00390625, 0.00390625, 0.00390625, 0.046875, 0.00390625, 0.0390625, 0.00390625, 0.03515625, 0.01953125, 0.04296875, 0.578125]",28,222,50,107,355,
supportcase6_ds_qaoa_c722_c726_c733_0002,data/miplib_benders/qaoa_problems/nvars_08/supportcase6_ds_qaoa_c722_c726_c733_0002.json,8,24,3,ddsim,30,256,ok,3566.8781350280624,408.80859375,134333000.0,"{""B100594(7)"": 0, ""B100600(7)"": 1, ""B100602(7)"": 0, ""B100608(7)"": 0, ""B100623(7)"": 0, ""B101029(7)"": 0, ""B101035(7)"": 0, ""B101037(7)"": 0}",,,,"[[1, 0, 1, 1, 0, 0, 1, 1, 0, 1, 1, 0, 1, 1, 0, 0, 0, 0, 0, 0, 0, 1, 1, 0], [1, 0, 1, 1, 0, 1, 1, 1, 0, 1, 1, 0, 1, 1, 0, 0, 0, 0, 1, 0, 0, 1, 1, 0], [1, 0, 1, 1, 0, 1, 1, 1, 0, 1, 1, 0, 1, 1, 0, 1, 1, 0, 1, 0, 0, 1, 1, 0], [1, 0, 1, 1, 1, 0, 0, 0, 0, 1, 1, 0, 1, 1, 0, 1, 1, 0, 1, 0, 0, 1, 1, 0], [1, 0, 1, 1, 1, 0, 1, 1, 0, 1, 0, 1, 1, 1, 0, 1, 1, 0, 1, 0, 0, 1, 0, 1], [1, 0, 1, 1, 1, 0, 1, 1, 0, 1, 0, 1, 1, 1, 0, 1, 1, 0, 1, 0, 0, 1, 1, 0], [1, 0, 1, 1, 1, 0, 1, 1, 0, 1, 1, 0, 1, 1, 0, 1, 1, 0, 1, 0, 0, 1, 0, 1], [1, 0, 1, 1, 1, 0, 1, 1, 0, 1, 1, 0, 1, 1, 0, 1, 1, 0, 1, 0, 0, 1, 1, 0], [1, 1, 0, 1, 0, 0, 1, 1, 0, 1, 1, 0, 1, 1, 0, 0, 0, 0, 0, 0, 0, 1, 1, 0], [1, 1, 0, 1, 0, 1, 1, 1, 0, 1, 0, 1, 1, 0, 1, 1, 1, 0, 1, 0, 0, 1, 1, 0], [1, 1, 0, 1, 0, 1, 1, 1, 0, 1, 1, 0, 0, 0, 0, 1, 1, 0, 1, 0, 0, 1, 1, 0], [1, 1, 0, 1, 0, 1, 1, 1, 0, 1, 1, 0, 1, 0, 1, 1, 1, 0, 1, 0, 0, 1, 1, 0], [1, 1, 0, 1, 0, 1, 1, 1, 0, 1, 1, 0, 1, 1, 0, 1, 0, 0, 1, 0, 0, 0, 1, 0], [1, 1, 0, 1, 0, 1, 1, 1, 0, 1, 1, 0, 1, 1, 0, 1, 1, 0, 1, 0, 0, 0, 0, 0], [1, 1, 0, 1, 0, 1, 1, 1, 0, 1, 1, 0, 1, 1, 0, 1, 1, 0, 1, 0, 0, 1, 1, 0], [1, 1, 0, 1, 1, 0, 0, 0, 0, 1, 1, 0, 0, 0, 0, 1, 0, 1, 1, 0, 0, 1, 1, 0], [1, 1, 0, 1, 1, 0, 0, 0, 0, 1, 1, 0, 1, 1, 0, 0, 0, 0, 1, 0, 0, 1, 1, 0], [1, 1, 0, 1, 1, 0, 0, 0, 0, 1, 1, 0, 1, 1, 0, 1, 0, 1, 1, 0, 0, 0, 0, 0], [1, 1, 0, 1, 1, 0, 0, 0, 0, 1, 1, 0, 1, 1, 0, 1, 1, 0, 1, 0, 0, 1, 0, 1], [1, 1, 0, 1, 1, 0, 0, 0, 0, 1, 1, 0, 1, 1, 0, 1, 1, 0, 1, 0, 0, 1, 1, 0], [1, 1, 0, 1, 1, 0, 1, 0, 0, 1, 1, 0, 0, 1, 0, 1, 1, 0, 1, 0, 0, 1, 1, 0], [1, 1, 0, 1, 1, 0, 1, 0, 1, 1, 0, 1, 1, 1, 0, 1, 1, 0, 1, 0, 0, 1, 1, 0], [1, 1, 0, 1, 1, 0, 1, 0, 1, 1, 1, 0, 1, 0, 1, 1, 1, 0, 1, 0, 0, 1, 1, 0], [1, 1, 0, 1, 1, 0, 1, 0, 1, 1, 1, 0, 1, 1, 0, 1, 0, 1, 1, 0, 0, 1, 1, 0], [1, 1, 0, 1, 1, 0, 1, 0, 1, 1, 1, 0, 1, 1, 0, 1, 1, 0, 1, 0, 0, 0, 0, 0], [1, 1, 0, 1, 1, 0, 1, 0, 1, 1, 1, 0, 1, 1, 0, 1, 1, 0, 1, 0, 0, 1, 0, 1], [1, 1, 0, 1, 1, 0, 1, 0, 1, 1, 1, 0, 1, 1, 0, 1, 1, 0, 1, 0, 0, 1, 1, 0], [1, 1, 0, 1, 1, 0, 1, 1, 0, 0, 0, 0, 1, 1, 0, 1, 1, 0, 1, 0, 0, 1, 1, 0], [1, 1, 0, 1, 1, 0, 1, 1, 0, 1, 0, 1, 1, 0, 1, 0, 0, 0, 1, 0, 0, 1, 1, 0], [1, 1, 0, 1, 1, 0, 1, 1, 0, 1, 0, 1, 1, 0, 1, 1, 1, 0, 1, 0, 0, 1, 0, 1], [1, 1, 0, 1, 1, 0, 1, 1, 0, 1, 0, 1, 1, 1, 0, 0, 0, 0, 1, 0, 0, 1, 1, 0], [1, 1, 0, 1, 1, 0, 1, 1, 0, 1, 0, 1, 1, 1, 0, 1, 0, 1, 1, 0, 0, 1, 1, 0], [1, 1, 0, 1, 1, 0, 1, 1, 0, 1, 0, 1, 1, 1, 0, 1, 1, 0, 1, 0, 0, 0, 0, 0], [1, 1, 0, 1, 1, 0, 1, 1, 0, 1, 0, 1, 1, 1, 0, 1, 1, 0, 1, 0, 0, 1, 1, 0], [1, 1, 0, 1, 1, 0, 1, 1, 0, 1, 1, 0, 0, 0, 0, 1, 1, 0, 1, 0, 0, 0, 0, 0], [1, 1, 0, 1, 1, 0, 1, 1, 0, 1, 1, 0, 0, 0, 0, 1, 1, 0, 1, 0, 0, 1, 1, 0], [1, 1, 0, 1, 1, 0, 1, 1, 0, 1, 1, 0, 1, 0, 1, 0, 0, 0, 1, 0, 0, 1, 1, 0], [1, 1, 0, 1, 1, 0, 1, 1, 0, 1, 1, 0, 1, 0, 1, 1, 0, 1, 1, 0, 0, 1, 1, 0], [1, 1, 0, 1, 1, 0, 1, 1, 0, 1, 1, 0, 1, 0, 1, 1, 1, 0, 1, 0, 0, 1, 1, 0], [1, 1, 0, 1, 1, 0, 1, 1, 0, 1, 1, 0, 1, 1, 0, 0, 0, 0, 1, 0, 0, 1, 1, 0], [1, 1, 0, 1, 1, 0, 1, 1, 0, 1, 1, 0, 1, 1, 0, 1, 0, 0, 1, 0, 0, 0, 0, 1], [1, 1, 0, 1, 1, 0, 1, 1, 0, 1, 1, 0, 1, 1, 0, 1, 0, 0, 1, 0, 0, 0, 1, 0], [1, 1, 0, 1, 1, 0, 1, 1, 0, 1, 1, 0, 1, 1, 0, 1, 0, 1, 1, 0, 0, 0, 0, 0], [1, 1, 0, 1, 1, 0, 1, 1, 0, 1, 1, 0, 1, 1, 0, 1, 0, 1, 1, 0, 0, 1, 0, 1], [1, 1, 0, 1, 1, 0, 1, 1, 0, 1, 1, 0, 1, 1, 0, 1, 0, 1, 1, 0, 0, 1, 1, 0], [1, 1, 0, 1, 1, 0, 1, 1, 0, 1, 1, 0, 1, 1, 0, 1, 1, 0, 1, 0, 0, 0, 0, 0], [1, 1, 0, 1, 1, 0, 1, 1, 0, 1, 1, 0, 1, 1, 0, 1, 1, 0, 1, 0, 0, 1, 0, 1], [1, 1, 0, 1, 1, 0, 1, 1, 0, 1, 1, 0, 1, 1, 0, 1, 1, 0, 1, 0, 0, 1, 1, 0]]","[0.00390625, 0.00390625, 0.00390625, 0.00390625, 0.00390625, 0.0078125, 0.00390625, 0.03515625, 0.00390625, 0.00390625, 0.00390625, 0.01171875, 0.00390625, 0.0078125, 0.03125, 0.00390625, 0.00390625, 0.00390625, 0.00390625, 0.03125, 0.00390625, 0.0078125, 0.0078125, 0.0078125, 0.0078125, 0.00390625, 0.02734375, 0.00390625, 0.00390625, 0.00390625, 0.0078125, 0.01171875, 0.00390625, 0.03515625, 0.0078125, 0.02734375, 0.00390625, 0.00390625, 0.015625, 0.0234375, 0.00390625, 0.00390625, 0.00390625, 0.00390625, 0.0234375, 0.03125, 0.0703125, 0.4609375]",27,189,50,84,254,
supportcase6_ds_qaoa_c726_c733_c745_0003,data/miplib_benders/qaoa_problems/nvars_08/supportcase6_ds_qaoa_c726_c733_c745_0003.json,8,24,3,ddsim,30,256,ok,1946.1110161290271,415.83984375,296734000.0,"{""B100600(7)"": 0, ""B100602(7)"": 0, ""B100608(7)"": 1, ""B100623(7)"": 1, ""B101029(7)"": 0, ""B101035(7)"": 0, ""B101037(7)"": 0, ""B101043(7)"": 0}",,,,"[[1, 0, 0, 1, 1, 0, 1, 1, 0, 0, 0, 0, 1, 1, 0, 0, 0, 0, 1, 1, 0, 1, 1, 0], [1, 0, 1, 1, 1, 0, 1, 0, 1, 0, 0, 0, 1, 1, 0, 1, 0, 0, 1, 1, 0, 1, 1, 0], [1, 0, 1, 1, 1, 0, 1, 1, 0, 0, 0, 0, 1, 0, 1, 1, 0, 0, 1, 1, 0, 1, 1, 0], [1, 0, 1, 1, 1, 0, 1, 1, 0, 0, 0, 0, 1, 1, 0, 1, 0, 0, 1, 0, 1, 1, 1, 0], [1, 0, 1, 1, 1, 0, 1, 1, 0, 0, 0, 0, 1, 1, 0, 1, 0, 0, 1, 1, 0, 0, 0, 0], [1, 0, 1, 1, 1, 0, 1, 1, 0, 0, 0, 0, 1, 1, 0, 1, 0, 0, 1, 1, 0, 1, 1, 0], [1, 1, 0, 1, 0, 1, 1, 0, 1, 0, 0, 0, 0, 0, 0, 1, 0, 0, 1, 1, 0, 1, 1, 0], [1, 1, 0, 1, 0, 1, 1, 0, 1, 0, 0, 0, 1, 1, 0, 1, 0, 0, 1, 1, 0, 1, 1, 0], [1, 1, 0, 1, 0, 1, 1, 1, 0, 0, 0, 0, 0, 0, 0, 1, 0, 0, 1, 1, 0, 1, 1, 0], [1, 1, 0, 1, 0, 1, 1, 1, 0, 0, 0, 0, 1, 1, 0, 1, 0, 0, 0, 0, 0, 1, 1, 0], [1, 1, 0, 1, 0, 1, 1, 1, 0, 0, 0, 0, 1, 1, 0, 1, 0, 0, 1, 0, 1, 1, 1, 0], [1, 1, 0, 1, 0, 1, 1, 1, 0, 0, 0, 0, 1, 1, 0, 1, 0, 0, 1, 1, 0, 1, 0, 1], [1, 1, 0, 1, 0, 1, 1, 1, 0, 0, 0, 0, 1, 1, 0, 1, 0, 0, 1, 1, 0, 1, 1, 0], [1, 1, 0, 1, 1, 0, 1, 0, 1, 0, 0, 0, 0, 0, 0, 1, 0, 0, 0, 0, 0, 1, 1, 0], [1, 1, 0, 1, 1, 0, 1, 0, 1, 0, 0, 0, 0, 0, 0, 1, 0, 0, 1, 1, 0, 1, 1, 0], [1, 1, 0, 1, 1, 0, 1, 0, 1, 0, 0, 0, 1, 0, 1, 1, 0, 0, 1, 1, 0, 1, 1, 0], [1, 1, 0, 1, 1, 0, 1, 0, 1, 0, 0, 0, 1, 1, 0, 1, 0, 0, 0, 0, 0, 1, 1, 0], [1, 1, 0, 1, 1, 0, 1, 0, 1, 0, 0, 0, 1, 1, 0, 1, 0, 0, 1, 0, 1, 1, 1, 0], [1, 1, 0, 1, 1, 0, 1, 0, 1, 0, 0, 0, 1, 1, 0, 1, 0, 0, 1, 1, 0, 1, 1, 0], [1, 1, 0, 1, 1, 0, 1, 1, 0, 0, 0, 0, 0, 0, 0, 1, 0, 0, 0, 0, 0, 1, 1, 0], [1, 1, 0, 1, 1, 0, 1, 1, 0, 0, 0, 0, 0, 0, 0, 1, 0, 0, 1, 1, 0, 1, 1, 0], [1, 1, 0, 1, 1, 0, 1, 1, 0, 0, 0, 0, 1, 0, 1, 1, 0, 0, 1, 0, 1, 1, 1, 0], [1, 1, 0, 1, 1, 0, 1, 1, 0, 0, 0, 0, 1, 0, 1, 1, 0, 0, 1, 1, 0, 0, 0, 0], [1, 1, 0, 1, 1, 0, 1, 1, 0, 0, 0, 0, 1, 0, 1, 1, 0, 0, 1, 1, 0, 1, 1, 0], [1, 1, 0, 1, 1, 0, 1, 1, 0, 0, 0, 0, 1, 1, 0, 1, 0, 0, 0, 0, 0, 1, 0, 1], [1, 1, 0, 1, 1, 0, 1, 1, 0, 0, 0, 0, 1, 1, 0, 1, 0, 0, 0, 0, 0, 1, 1, 0], [1, 1, 0, 1, 1, 0, 1, 1, 0, 0, 0, 0, 1, 1, 0, 1, 0, 0, 1, 0, 1, 0, 0, 0], [1, 1, 0, 1, 1, 0, 1, 1, 0, 0, 0, 0, 1, 1, 0, 1, 0, 0, 1, 0, 1, 1, 1, 0], [1, 1, 0, 1, 1, 0, 1, 1, 0, 0, 0, 0, 1, 1, 0, 1, 0, 0, 1, 1, 0, 0, 0, 0], [1, 1, 0, 1, 1, 0, 1, 1, 0, 0, 0, 0, 1, 1, 0, 1, 0, 0, 1, 1, 0, 1, 0, 1], [1, 1, 0, 1, 1, 0, 1, 1, 0, 0, 0, 0, 1, 1, 0, 1, 0, 0, 1, 1, 0, 1, 1, 0]]","[0.00390625, 0.00390625, 0.00390625, 0.00390625, 0.00390625, 0.03515625, 0.00390625, 0.0078125, 0.00390625, 0.00390625, 0.00390625, 0.00390625, 0.03515625, 0.00390625, 0.00390625, 0.00390625, 0.00390625, 0.00390625, 0.03125, 0.00390625, 0.03125, 0.00390625, 0.00390625, 0.03515625, 0.015625, 0.03515625, 0.00390625, 0.04296875, 0.03125, 0.046875, 0.578125]",25,222,50,107,355,
supportcase6_ds_qaoa_c726_c733_c745_0005,data/miplib_benders/qaoa_problems/nvars_08/supportcase6_ds_qaoa_c726_c733_c745_0005.json,8,24,3,ddsim,30,256,ok,1129.163193835062,424.55078125,296734000.0,"{""B100608(7)"": 1, ""B100623(7)"": 0, ""B101029(7)"": 0, ""B101035(7)"": 0, ""B101037(7)"": 0, ""B101043(7)"": 0, ""B101058(7)"": 1, ""B101479(7)"": 0}",,,,"[[1, 0, 1, 1, 1, 0, 1, 1, 0, 1, 1, 0, 1, 0, 1, 1, 0, 0, 1, 0, 0, 1, 1, 0], [1, 0, 1, 1, 1, 0, 1, 1, 0, 1, 1, 0, 1, 1, 0, 1, 0, 0, 1, 0, 0, 1, 1, 0], [1, 1, 0, 1, 0, 0, 1, 1, 0, 0, 0, 0, 1, 1, 0, 1, 0, 0, 0, 0, 0, 1, 1, 0], [1, 1, 0, 1, 0, 1, 1, 1, 0, 1, 0, 1, 1, 1, 0, 1, 0, 0, 1, 0, 0, 1, 1, 0], [1, 1, 0, 1, 0, 1, 1, 1, 0, 1, 1, 0, 1, 1, 0, 1, 0, 0, 1, 0, 0, 1, 1, 0], [1, 1, 0, 1, 1, 0, 1, 0, 1, 0, 0, 0, 1, 1, 0, 1, 0, 0, 1, 0, 0, 1, 1, 0], [1, 1, 0, 1, 1, 0, 1, 0, 1, 1, 1, 0, 1, 1, 0, 1, 0, 0, 1, 0, 0, 1, 1, 0], [1, 1, 0, 1, 1, 0, 1, 1, 0, 0, 0, 0, 1, 1, 0, 1, 0, 0, 1, 0, 0, 1, 0, 1], [1, 1, 0, 1, 1, 0, 1, 1, 0, 0, 0, 0, 1, 1, 0, 1, 0, 0, 1, 0, 0, 1, 1, 0], [1, 1, 0, 1, 1, 0, 1, 1, 0, 1, 0, 0, 1, 1, 0, 0, 0, 0, 0, 0, 0, 1, 1, 0], [1, 1, 0, 1, 1, 0, 1, 1, 0, 1, 0, 1, 1, 1, 0, 1, 0, 0, 1, 0, 0, 0, 0, 0], [1, 1, 0, 1, 1, 0, 1, 1, 0, 1, 0, 1, 1, 1, 0, 1, 0, 0, 1, 0, 0, 1, 1, 0], [1, 1, 0, 1, 1, 0, 1, 1, 0, 1, 1, 0, 0, 0, 0, 1, 0, 0, 1, 0, 0, 1, 1, 0], [1, 1, 0, 1, 1, 0, 1, 1, 0, 1, 1, 0, 1, 0, 1, 1, 0, 0, 1, 0, 0, 1, 1, 0], [1, 1, 0, 1, 1, 0, 1, 1, 0, 1, 1, 0, 1, 1, 0, 1, 0, 0, 1, 0, 0, 0, 0, 0], [1, 1, 0, 1, 1, 0, 1, 1, 0, 1, 1, 0, 1, 1, 0, 1, 0, 0, 1, 0, 0, 1, 0, 1], [1, 1, 0, 1, 1, 0, 1, 1, 0, 1, 1, 0, 1, 1, 0, 1, 0, 0, 1, 0, 0, 1, 1, 0]]","[0.00390625, 0.02734375, 0.00390625, 0.00390625, 0.04296875, 0.00390625, 0.01171875, 0.00390625, 0.02734375, 0.00390625, 0.00390625, 0.03515625, 0.01171875, 0.03125, 0.01953125, 0.01953125, 0.74609375]",30,222,50,107,354,
supportcase6_ds_qaoa_c733_c745_0001,data/miplib_benders/qaoa_problems/nvars_08/supportcase6_ds_qaoa_c733_c745_0001.json,8,24,2,ddsim,30,256,ok,1402.299565076013,408.05078125,144887000.0,"{""B100594(7)"": 0, ""B100600(7)"": 0, ""B100602(7)"": 0, ""B100608(7)"": 1, ""B101029(7)"": 0, ""B101035(7)"": 0, ""B101037(7)"": 0, ""B101043(7)"": 0}",,,,"[[1, 0, 1, 1, 1, 0, 1, 1, 0, 1, 1, 0, 1, 1, 0, 1, 1, 0, 1, 1, 0, 1, 0, 0], [1, 1, 0, 1, 1, 0, 1, 1, 0, 1, 1, 0, 0, 0, 0, 1, 1, 0, 1, 1, 0, 1, 0, 0], [1, 1, 0, 1, 1, 0, 1, 1, 0, 1, 1, 0, 1, 1, 0, 0, 0, 0, 1, 1, 0, 1, 0, 0], [1, 1, 0, 1, 1, 0, 1, 1, 0, 1, 1, 0, 1, 1, 0, 1, 0, 1, 1, 1, 0, 1, 0, 0], [1, 1, 0, 1, 1, 0, 1, 1, 0, 1, 1, 0, 1, 1, 0, 1, 1, 0, 1, 0, 1, 1, 0, 0], [1, 1, 0, 1, 1, 0, 1, 1, 0, 1, 1, 0, 1, 1, 0, 1, 1, 0, 1, 1, 0, 1, 0, 0]]","[0.00390625, 0.0078125, 0.00390625, 0.00390625, 0.00390625, 0.9765625]",31,149,50,66,263,
supportcase6_ds_qaoa_c733_c745_0003,data/miplib_benders/qaoa_problems/nvars_08/supportcase6_ds_qaoa_c733_c745_0003.json,8,24,2,ddsim,30,256,ok,906.7044070999837,408.1796875,144887000.0,"{""B100602(7)"": 0, ""B100608(7)"": 1, ""B101029(7)"": 0, ""B101035(7)"": 0, ""B101037(7)"": 0, ""B101043(7)"": 0, ""B101479(7)"": 0, ""B101485(7)"": 0}",,,,"[[1, 1, 0, 1, 0, 0, 1, 1, 0, 0, 1, 0, 1, 1, 0, 1, 1, 0, 1, 1, 0, 1, 0, 0], [1, 1, 0, 1, 0, 1, 1, 1, 0, 1, 1, 0, 1, 1, 0, 1, 1, 0, 1, 1, 0, 1, 0, 0], [1, 1, 0, 1, 1, 0, 0, 0, 0, 1, 1, 0, 1, 1, 0, 1, 1, 0, 1, 1, 0, 1, 0, 0], [1, 1, 0, 1, 1, 0, 1, 0, 1, 1, 1, 0, 1, 1, 0, 1, 1, 0, 1, 1, 0, 1, 0, 0], [1, 1, 0, 1, 1, 0, 1, 1, 0, 0, 0, 0, 1, 1, 0, 1, 1, 0, 1, 1, 0, 1, 0, 0], [1, 1, 0, 1, 1, 0, 1, 1, 0, 1, 0, 1, 1, 1, 0, 1, 1, 0, 1, 1, 0, 1, 0, 0], [1, 1, 0, 1, 1, 0, 1, 1, 0, 1, 1, 0, 0, 0, 0, 1, 1, 0, 1, 1, 0, 1, 0, 0], [1, 1, 0, 1, 1, 0, 1, 1, 0, 1, 1, 0, 1, 0, 1, 1, 1, 0, 1, 1, 0, 1, 0, 0], [1, 1, 0, 1, 1, 0, 1, 1, 0, 1, 1, 0, 1, 1, 0, 0, 0, 0, 1, 1, 0, 1, 0, 0], [1, 1, 0, 1, 1, 0, 1, 1, 0, 1, 1, 0, 1, 1, 0, 1, 1, 0, 0, 0, 0, 1, 0, 0], [1, 1, 0, 1, 1, 0, 1, 1, 0, 1, 1, 0, 1, 1, 0, 1, 1, 0, 1, 1, 0, 1, 0, 0]]","[0.00390625, 0.0078125, 0.00390625, 0.00390625, 0.00390625, 0.00390625, 0.00390625, 0.0078125, 0.0078125, 0.0078125, 0.9453125]",30,149,50,66,263,
supportcase6_ds_qaoa_c726_c733_c745_0004,data/miplib_benders/qaoa_problems/nvars_08/supportcase6_ds_qaoa_c726_c733_c745_0004.json,8,24,3,ddsim,30,256,ok,2273.2535980850225,479.55859375,296734000.0,"{""B100602(7)"": 0, ""B100608(7)"": 1, ""B100623(7)"": 0, ""B101029(7)"": 0, ""B101035(7)"": 0, ""B101037(7)"": 0, ""B101043(7)"": 0, ""B101058(7)"": 1}",,,,"[[0, 1, 0, 1, 1, 0, 1, 1, 0, 1, 1, 0, 1, 1, 0, 1, 0, 0, 1, 0, 0, 1, 0, 0], [1, 0, 0, 1, 1, 0, 1, 1, 0, 0, 1, 0, 1, 1, 0, 1, 1, 0, 1, 0, 0, 1, 0, 0], [1, 0, 1, 1, 1, 0, 1, 0, 1, 1, 1, 0, 1, 1, 0, 1, 0, 1, 1, 0, 0, 1, 0, 0], [1, 0, 1, 1, 1, 0, 1, 0, 1, 1, 1, 0, 1, 1, 0, 1, 1, 0, 1, 0, 0, 1, 0, 0], [1, 0, 1, 1, 1, 0, 1, 1, 0, 1, 0, 1, 1, 0, 0, 1, 1, 0, 0, 0, 0, 0, 0, 0], [1, 0, 1, 1, 1, 0, 1, 1, 0, 1, 1, 0, 1, 1, 0, 0, 0, 0, 1, 0, 0, 1, 0, 0], [1, 0, 1, 1, 1, 0, 1, 1, 0, 1, 1, 0, 1, 1, 0, 1, 1, 0, 1, 0, 0, 1, 0, 0], [1, 1, 0, 1, 0, 0, 1, 1, 0, 0, 0, 0, 0, 0, 0, 1, 1, 0, 0, 0, 0, 1, 0, 0], [1, 1, 0, 1, 0, 1, 1, 1, 0, 0, 0, 0, 1, 1, 0, 1, 1, 0, 1, 0, 0, 1, 0, 0], [1, 1, 0, 1, 0, 1, 1, 1, 0, 1, 0, 1, 1, 1, 0, 1, 1, 0, 1, 0, 0, 1, 0, 0], [1, 1, 0, 1, 0, 1, 1, 1, 0, 1, 1, 0, 0, 0, 0, 1, 1, 0, 1, 0, 0, 1, 0, 0], [1, 1, 0, 1, 0, 1, 1, 1, 0, 1, 1, 0, 1, 1, 0, 0, 0, 0, 1, 0, 0, 1, 0, 0], [1, 1, 0, 1, 0, 1, 1, 1, 0, 1, 1, 0, 1, 1, 0, 1, 0, 1, 1, 0, 0, 1, 0, 0], [1, 1, 0, 1, 0, 1, 1, 1, 0, 1, 1, 0, 1, 1, 0, 1, 1, 0, 1, 0, 0, 1, 0, 0], [1, 1, 0, 1, 1, 0, 1, 0, 0, 1, 1, 0, 0, 0, 0, 1, 1, 0, 1, 0, 0, 0, 0, 0], [1, 1, 0, 1, 1, 0, 1, 0, 1, 0, 0, 0, 1, 1, 0, 1, 1, 0, 1, 0, 0, 1, 0, 0], [1, 1, 0, 1, 1, 0, 1, 0, 1, 1, 0, 0, 1, 1, 0, 0, 1, 0, 1, 0, 0, 1, 0, 0], [1, 1, 0, 1, 1, 0, 1, 0, 1, 1, 1, 0, 0, 0, 0, 1, 1, 0, 1, 0, 0, 1, 0, 0], [1, 1, 0, 1, 1, 0, 1, 0, 1, 1, 1, 0, 1, 1, 0, 0, 0, 0, 1, 0, 0, 1, 0, 0], [1, 1, 0, 1, 1, 0, 1, 0, 1, 1, 1, 0, 1, 1, 0, 1, 1, 0, 1, 0, 0, 1, 0, 0], [1, 1, 0, 1, 1, 0, 1, 1, 0, 0, 0, 0, 1, 1, 0, 1, 0, 1, 1, 0, 0, 1, 0, 0], [1, 1, 0, 1, 1, 0, 1, 1, 0, 0, 0, 0, 1, 1, 0, 1, 1, 0, 1, 0, 0, 1, 0, 0], [1, 1, 0, 1, 1, 0, 1, 1, 0, 1, 0, 0, 1, 1, 0, 0, 1, 0, 1, 0, 0, 1, 0, 0], [1, 1, 0, 1, 1, 0, 1, 1, 0, 1, 0, 1, 1, 1, 0, 1, 1, 0, 1, 0, 0, 1, 0, 0], [1, 1, 0, 1, 1, 0, 1, 1, 0, 1, 1, 0, 0, 0, 0, 0, 0, 0, 1, 0, 0, 1, 0, 0], [1, 1, 0, 1, 1, 0, 1, 1, 0, 1, 1, 0, 0, 0, 0, 1, 1, 0, 1, 0, 0, 1, 0, 0], [1, 1, 0, 1, 1, 0, 1, 1, 0, 1, 1, 0, 1, 0, 1, 0, 0, 0, 1, 0, 0, 1, 0, 0], [1, 1, 0, 1, 1, 0, 1, 1, 0, 1, 1, 0, 1, 0, 1, 1, 1, 0, 1, 0, 0, 1, 0, 0], [1, 1, 0, 1, 1, 0, 1, 1, 0, 1, 1, 0, 1, 1, 0, 0, 0, 0, 1, 0, 0, 1, 0, 0], [1, 1, 0, 1, 1, 0, 1, 1, 0, 1, 1, 0, 1, 1, 0, 1, 0, 1, 1, 0, 0, 1, 0, 0], [1, 1, 0, 1, 1, 0, 1, 1, 0, 1, 1, 0, 1, 1, 0, 1, 1, 0, 1, 0, 0, 1, 0, 0]]","[0.00390625, 0.0078125, 0.00390625, 0.00390625, 0.00390625, 0.00390625, 0.02734375, 0.00390625, 0.0078125, 0.00390625, 0.00390625, 0.00390625, 0.01171875, 0.0625, 0.0078125, 0.00390625, 0.00390625, 0.00390625, 0.00390625, 0.0390625, 0.01171875, 0.0546875, 0.00390625, 0.01953125, 0.00390625, 0.046875, 0.00390625, 0.03515625, 0.03125, 0.015625, 0.55859375]",31,222,50,107,354,
supportcase6_ds_qaoa_c733_c745_0002,data/miplib_benders/qaoa_problems/nvars_08/supportcase6_ds_qaoa_c733_c745_0002.json,8,24,2,ddsim,30,256,ok,2082.3767572989454,408.19921875,144887000.0,"{""B100600(7)"": 0, ""B100602(7)"": 0, ""B100608(7)"": 1, ""B101029(7)"": 0, ""B101035(7)"": 0, ""B101037(7)"": 0, ""B101043(7)"": 0, ""B101479(7)"": 0}",,,,"[[1, 0, 0, 1, 1, 0, 0, 1, 0, 1, 1, 0, 1, 1, 0, 1, 1, 0, 1, 0, 0, 1, 1, 0], [1, 0, 1, 1, 1, 0, 1, 1, 0, 1, 1, 0, 1, 0, 1, 1, 1, 0, 1, 0, 0, 0, 0, 0], [1, 0, 1, 1, 1, 0, 1, 1, 0, 1, 1, 0, 1, 1, 0, 1, 1, 0, 1, 0, 0, 1, 1, 0], [1, 1, 0, 1, 0, 1, 1, 1, 0, 1, 1, 0, 1, 1, 0, 1, 1, 0, 1, 0, 0, 1, 1, 0], [1, 1, 0, 1, 1, 0, 0, 0, 0, 1, 1, 0, 1, 1, 0, 1, 0, 1, 1, 0, 0, 1, 1, 0], [1, 1, 0, 1, 1, 0, 0, 0, 0, 1, 1, 0, 1, 1, 0, 1, 1, 0, 1, 0, 0, 1, 1, 0], [1, 1, 0, 1, 1, 0, 1, 0, 0, 1, 1, 0, 0, 1, 0, 1, 1, 0, 1, 0, 0, 1, 1, 0], [1, 1, 0, 1, 1, 0, 1, 0, 1, 1, 1, 0, 1, 1, 0, 1, 1, 0, 1, 0, 0, 1, 1, 0], [1, 1, 0, 1, 1, 0, 1, 1, 0, 0, 0, 0, 1, 1, 0, 1, 1, 0, 1, 0, 0, 1, 1, 0], [1, 1, 0, 1, 1, 0, 1, 1, 0, 1, 0, 1, 1, 1, 0, 1, 1, 0, 1, 0, 0, 1, 1, 0], [1, 1, 0, 1, 1, 0, 1, 1, 0, 1, 1, 0, 0, 0, 0, 1, 1, 0, 1, 0, 0, 1, 1, 0], [1, 1, 0, 1, 1, 0, 1, 1, 0, 1, 1, 0, 1, 0, 1, 1, 1, 0, 1, 0, 0, 1, 1, 0], [1, 1, 0, 1, 1, 0, 1, 1, 0, 1, 1, 0, 1, 1, 0, 0, 0, 0, 1, 0, 0, 1, 1, 0], [1, 1, 0, 1, 1, 0, 1, 1, 0, 1, 1, 0, 1, 1, 0, 1, 0, 1, 1, 0, 0, 1, 1, 0], [1, 1, 0, 1, 1, 0, 1, 1, 0, 1, 1, 0, 1, 1, 0, 1, 1, 0, 1, 0, 0, 0, 0, 0], [1, 1, 0, 1, 1, 0, 1, 1, 0, 1, 1, 0, 1, 1, 0, 1, 1, 0, 1, 0, 0, 1, 0, 1], [1, 1, 0, 1, 1, 0, 1, 1, 0, 1, 1, 0, 1, 1, 0, 1, 1, 0, 1, 0, 0, 1, 1, 0]]","[0.00390625, 0.00390625, 0.01953125, 0.01953125, 0.00390625, 0.01171875, 0.00390625, 0.015625, 0.01171875, 0.01171875, 0.01171875, 0.02734375, 0.01953125, 0.01171875, 0.01953125, 0.00390625, 0.80078125]",29,149,50,66,263,
supportcase6_ds_qaoa_c733_c745_c747_0002,data/miplib_benders/qaoa_problems/nvars_08/supportcase6_ds_qaoa_c733_c745_c747_0002.json,8,24,3,ddsim,30,256,ok,1150.236971310107,406.80859375,144887000.0,"{""B100594(7)"": 0, ""B100600(7)"": 0, ""B100602(7)"": 0, ""B100608(7)"": 1, ""B100623(7)"": 0, ""B101029(7)"": 0, ""B101035(7)"": 0, ""B101037(7)"": 0}",,,,"[[1, 1, 0, 1, 0, 1, 1, 1, 0, 1, 1, 0, 1, 1, 0, 1, 1, 0, 1, 0, 0, 1, 1, 0], [1, 1, 0, 1, 1, 0, 0, 0, 0, 1, 1, 0, 1, 1, 0, 1, 1, 0, 1, 0, 0, 1, 1, 0], [1, 1, 0, 1, 1, 0, 1, 0, 1, 1, 1, 0, 1, 1, 0, 1, 1, 0, 1, 0, 0, 1, 1, 0], [1, 1, 0, 1, 1, 0, 1, 1, 0, 1, 0, 1, 1, 1, 0, 1, 1, 0, 1, 0, 0, 1, 1, 0], [1, 1, 0, 1, 1, 0, 1, 1, 0, 1, 1, 0, 1, 1, 0, 1, 1, 0, 1, 0, 0, 1, 0, 1], [1, 1, 0, 1, 1, 0, 1, 1, 0, 1, 1, 0, 1, 1, 0, 1, 1, 0, 1, 0, 0, 1, 1, 0]]","[0.0078125, 0.0078125, 0.00390625, 0.01953125, 0.00390625, 0.95703125]",29,149,50,66,254,
supportcase6_ds_qaoa_c733_c745_c747_0003,data/miplib_benders/qaoa_problems/nvars_08/supportcase6_ds_qaoa_c733_c745_c747_0003.json,8,24,3,ddsim,30,256,ok,1868.9082618890097,407.8046875,144887000.0,"{""B100600(7)"": 0, ""B100602(7)"": 0, ""B100608(7)"": 1, ""B100623(7)"": 0, ""B101029(7)"": 0, ""B101035(7)"": 0, ""B101037(7)"": 0, ""B101043(7)"": 0}",,,,"[[1, 0, 1, 1, 0, 1, 1, 1, 0, 1, 1, 0, 1, 1, 0, 1, 1, 0, 1, 1, 0, 1, 0, 0], [1, 0, 1, 1, 1, 0, 1, 1, 0, 1, 0, 1, 1, 1, 0, 1, 1, 0, 1, 1, 0, 1, 0, 0], [1, 0, 1, 1, 1, 0, 1, 1, 0, 1, 1, 0, 0, 0, 0, 1, 1, 0, 1, 1, 0, 1, 0, 0], [1, 0, 1, 1, 1, 0, 1, 1, 0, 1, 1, 0, 1, 1, 0, 0, 0, 0, 1, 1, 0, 1, 0, 0], [1, 0, 1, 1, 1, 0, 1, 1, 0, 1, 1, 0, 1, 1, 0, 1, 1, 0, 0, 0, 0, 1, 0, 0], [1, 0, 1, 1, 1, 0, 1, 1, 0, 1, 1, 0, 1, 1, 0, 1, 1, 0, 1, 0, 1, 1, 0, 0], [1, 0, 1, 1, 1, 0, 1, 1, 0, 1, 1, 0, 1, 1, 0, 1, 1, 0, 1, 1, 0, 1, 0, 0], [1, 1, 0, 0, 1, 0, 1, 0, 1, 1, 1, 0, 1, 1, 0, 1, 1, 0, 1, 0, 0, 1, 0, 0], [1, 1, 0, 1, 0, 0, 1, 1, 0, 1, 0, 1, 0, 1, 0, 1, 1, 0, 1, 1, 0, 1, 0, 0], [1, 1, 0, 1, 0, 1, 1, 0, 0, 1, 1, 0, 1, 0, 1, 0, 1, 0, 1, 1, 0, 1, 0, 0], [1, 1, 0, 1, 0, 1, 1, 1, 0, 1, 0, 1, 1, 1, 0, 1, 1, 0, 1, 1, 0, 1, 0, 0], [1, 1, 0, 1, 0, 1, 1, 1, 0, 1, 1, 0, 1, 0, 0, 1, 1, 0, 0, 1, 0, 1, 0, 0], [1, 1, 0, 1, 0, 1, 1, 1, 0, 1, 1, 0, 1, 0, 1, 1, 0, 1, 1, 1, 0, 1, 0, 0], [1, 1, 0, 1, 0, 1, 1, 1, 0, 1, 1, 0, 1, 1, 0, 1, 1, 0, 1, 0, 1, 1, 0, 0], [1, 1, 0, 1, 0, 1, 1, 1, 0, 1, 1, 0, 1, 1, 0, 1, 1, 0, 1, 1, 0, 1, 0, 0], [1, 1, 0, 1, 1, 0, 0, 0, 0, 1, 0, 1, 1, 1, 0, 1, 1, 0, 1, 1, 0, 1, 0, 0], [1, 1, 0, 1, 1, 0, 0, 0, 0, 1, 1, 0, 1, 0, 1, 1, 1, 0, 0, 0, 0, 1, 0, 0], [1, 1, 0, 1, 1, 0, 0, 0, 0, 1, 1, 0, 1, 0, 1, 1, 1, 0, 1, 1, 0, 1, 0, 0], [1, 1, 0, 1, 1, 0, 0, 0, 0, 1, 1, 0, 1, 1, 0, 0, 0, 0, 1, 1, 0, 1, 0, 0], [1, 1, 0, 1, 1, 0, 0, 0, 0, 1, 1, 0, 1, 1, 0, 1, 0, 1, 1, 1, 0, 1, 0, 0], [1, 1, 0, 1, 1, 0, 0, 0, 0, 1, 1, 0, 1, 1, 0, 1, 1, 0, 0, 0, 0, 1, 0, 0], [1, 1, 0, 1, 1, 0, 0, 0, 0, 1, 1, 0, 1, 1, 0, 1, 1, 0, 1, 1, 0, 1, 0, 0], [1, 1, 0, 1, 1, 0, 1, 0, 1, 1, 0, 1, 1, 1, 0, 1, 0, 1, 1, 1, 0, 1, 0, 0], [1, 1, 0, 1, 1, 0, 1, 0, 1, 1, 1, 0, 0, 0, 0, 1, 0, 1, 1, 0, 1, 1, 0, 0], [1, 1, 0, 1, 1, 0, 1, 0, 1, 1, 1, 0, 1, 0, 0, 1, 0, 1, 0, 1, 0, 1, 0, 0], [1, 1, 0, 1, 1, 0, 1, 0, 1, 1, 1, 0, 1, 1, 0, 1, 1, 0, 1, 1, 0, 1, 0, 0], [1, 1, 0, 1, 1, 0, 1, 1, 0, 0, 0, 0, 1, 1, 0, 1, 1, 0, 1, 1, 0, 1, 0, 0], [1, 1, 0, 1, 1, 0, 1, 1, 0, 1, 0, 1, 0, 0, 0, 1, 1, 0, 1, 1, 0, 1, 0, 0], [1, 1, 0, 1, 1, 0, 1, 1, 0, 1, 0, 1, 1, 1, 0, 0, 0, 0, 1, 1, 0, 1, 0, 0], [1, 1, 0, 1, 1, 0, 1, 1, 0, 1, 0, 1, 1, 1, 0, 1, 0, 1, 1, 1, 0, 1, 0, 0], [1, 1, 0, 1, 1, 0, 1, 1, 0, 1, 0, 1, 1, 1, 0, 1, 1, 0, 1, 1, 0, 1, 0, 0], [1, 1, 0, 1, 1, 0, 1, 1, 0, 1, 1, 0, 0, 0, 0, 1, 1, 0, 1, 0, 1, 1, 0, 0], [1, 1, 0, 1, 1, 0, 1, 1, 0, 1, 1, 0, 0, 0, 0, 1, 1, 0, 1, 1, 0, 1, 0, 0], [1, 1, 0, 1, 1, 0, 1, 1, 0, 1, 1, 0, 1, 0, 1, 1, 0, 1, 1, 1, 0, 1, 0, 0], [1, 1, 0, 1, 1, 0, 1, 1, 0, 1, 1, 0, 1, 0, 1, 1, 1, 0, 0, 0, 0, 1, 0, 0], [1, 1, 0, 1, 1, 0, 1, 1, 0, 1, 1, 0, 1, 0, 1, 1, 1, 0, 1, 1, 0, 1, 0, 0], [1, 1, 0, 1, 1, 0, 1, 1, 0, 1, 1, 0, 1, 1, 0, 0, 0, 0, 0, 0, 0, 1, 0, 0], [1, 1, 0, 1, 1, 0, 1, 1, 0, 1, 1, 0, 1, 1, 0, 0, 0, 0, 1, 1, 0, 1, 0, 0], [1, 1, 0, 1, 1, 0, 1, 1, 0, 1, 1, 0, 1, 1, 0, 1, 0, 0, 1, 1, 0, 0, 0, 0], [1, 1, 0, 1, 1, 0, 1, 1, 0, 1, 1, 0, 1, 1, 0, 1, 0, 1, 1, 0, 1, 1, 0, 0], [1, 1, 0, 1, 1, 0, 1, 1, 0, 1, 1, 0, 1, 1, 0, 1, 0, 1, 1, 1, 0, 1, 0, 0], [1, 1, 0, 1, 1, 0, 1, 1, 0, 1, 1, 0, 1, 1, 0, 1, 1, 0, 0, 0, 0, 1, 0, 0], [1, 1, 0, 1, 1, 0, 1, 1, 0, 1, 1, 0, 1, 1, 0, 1, 1, 0, 1, 0, 1, 1, 0, 0], [1, 1, 0, 1, 1, 0, 1, 1, 0, 1, 1, 0, 1, 1, 0, 1, 1, 0, 1, 1, 0, 1, 0, 0]]","[0.00390625, 0.00390625, 0.00390625, 0.0078125, 0.00390625, 0.00390625, 0.0234375, 0.00390625, 0.00390625, 0.00390625, 0.00390625, 0.00390625, 0.00390625, 0.0078125, 0.02734375, 0.00390625, 0.00390625, 0.00390625, 0.01171875, 0.00390625, 0.00390625, 0.02734375, 0.00390625, 0.00390625, 0.00390625, 0.02734375, 0.00390625, 0.00390625, 0.00390625, 0.00390625, 0.01953125, 0.00390625, 0.0234375, 0.00390625, 0.00390625, 0.04296875, 0.01171875, 0.02734375, 0.00390625, 0.00390625, 0.04296875, 0.01953125, 0.04296875, 0.52734375]",27,149,50,66,254,
supportcase6_ds_qaoa_c733_c745_c747_0001,data/miplib_benders/qaoa_problems/nvars_08/supportcase6_ds_qaoa_c733_c745_c747_0001.json,8,24,3,ddsim,30,256,ok,2613.368254603003,408.8046875,144887000.0,"{""B100166(7)"": 0, ""B100594(7)"": 0, ""B100600(7)"": 0, ""B100602(7)"": 0, ""B100608(7)"": 1, ""B100623(7)"": 0, ""B101029(7)"": 0, ""B101035(7)"": 0}",,,,"[[1, 0, 1, 1, 1, 0, 1, 1, 0, 1, 1, 0, 1, 1, 0, 1, 1, 0, 1, 1, 0, 1, 0, 0], [1, 1, 0, 1, 0, 1, 1, 1, 0, 1, 0, 1, 1, 1, 0, 1, 1, 0, 1, 1, 0, 1, 0, 0], [1, 1, 0, 1, 0, 1, 1, 1, 0, 1, 1, 0, 1, 1, 0, 1, 1, 0, 1, 1, 0, 1, 0, 0], [1, 1, 0, 1, 1, 0, 1, 0, 1, 1, 1, 0, 1, 1, 0, 1, 0, 1, 1, 1, 0, 1, 0, 0], [1, 1, 0, 1, 1, 0, 1, 0, 1, 1, 1, 0, 1, 1, 0, 1, 1, 0, 1, 1, 0, 1, 0, 0], [1, 1, 0, 1, 1, 0, 1, 1, 0, 0, 0, 0, 1, 1, 0, 1, 0, 1, 1, 1, 0, 1, 0, 0], [1, 1, 0, 1, 1, 0, 1, 1, 0, 0, 0, 0, 1, 1, 0, 1, 1, 0, 1, 1, 0, 1, 0, 0], [1, 1, 0, 1, 1, 0, 1, 1, 0, 1, 0, 1, 1, 1, 0, 1, 1, 0, 1, 1, 0, 1, 0, 0], [1, 1, 0, 1, 1, 0, 1, 1, 0, 1, 1, 0, 0, 0, 0, 1, 0, 1, 1, 1, 0, 1, 0, 0], [1, 1, 0, 1, 1, 0, 1, 1, 0, 1, 1, 0, 0, 0, 0, 1, 1, 0, 1, 1, 0, 1, 0, 0], [1, 1, 0, 1, 1, 0, 1, 1, 0, 1, 1, 0, 1, 0, 1, 1, 1, 0, 1, 1, 0, 1, 0, 0], [1, 1, 0, 1, 1, 0, 1, 1, 0, 1, 1, 0, 1, 1, 0, 0, 0, 0, 1, 1, 0, 1, 0, 0], [1, 1, 0, 1, 1, 0, 1, 1, 0, 1, 1, 0, 1, 1, 0, 1, 0, 1, 1, 1, 0, 1, 0, 0], [1, 1, 0, 1, 1, 0, 1, 1, 0, 1, 1, 0, 1, 1, 0, 1, 1, 0, 0, 0, 0, 1, 0, 0], [1, 1, 0, 1, 1, 0, 1, 1, 0, 1, 1, 0, 1, 1, 0, 1, 1, 0, 1, 0, 1, 1, 0, 0], [1, 1, 0, 1, 1, 0, 1, 1, 0, 1, 1, 0, 1, 1, 0, 1, 1, 0, 1, 1, 0, 1, 0, 0]]","[0.015625, 0.00390625, 0.01953125, 0.00390625, 0.00390625, 0.00390625, 0.03125, 0.01171875, 0.00390625, 0.01171875, 0.015625, 0.03125, 0.00390625, 0.01171875, 0.015625, 0.8125]",31,109,50,48,254,
supportcase6_ds_qaoa_c733_c745_c747_0004,data/miplib_benders/qaoa_problems/nvars_08/supportcase6_ds_qaoa_c733_c745_c747_0004.json,8,24,3,ddsim,30,256,ok,1572.963380269939,410.6796875,144887000.0,"{""B100602(7)"": 0, ""B100608(7)"": 1, ""B100623(7)"": 0, ""B101029(7)"": 0, ""B101035(7)"": 0, ""B101037(7)"": 0, ""B101043(7)"": 0, ""B101058(7)"": 0}",,,,"[[1, 0, 0, 1, 1, 0, 1, 1, 0, 0, 1, 0, 0, 0, 0, 1, 1, 0, 1, 0, 0, 1, 1, 0], [1, 0, 1, 1, 1, 0, 1, 1, 0, 1, 1, 0, 1, 1, 0, 1, 1, 0, 1, 0, 0, 1, 1, 0], [1, 1, 0, 1, 0, 1, 1, 1, 0, 1, 0, 1, 1, 1, 0, 1, 1, 0, 1, 0, 0, 1, 1, 0], [1, 1, 0, 1, 0, 1, 1, 1, 0, 1, 1, 0, 1, 1, 0, 1, 1, 0, 1, 0, 0, 1, 1, 0], [1, 1, 0, 1, 1, 0, 1, 0, 1, 1, 1, 0, 1, 1, 0, 1, 1, 0, 1, 0, 0, 1, 1, 0], [1, 1, 0, 1, 1, 0, 1, 1, 0, 0, 0, 0, 1, 1, 0, 1, 1, 0, 1, 0, 0, 1, 1, 0], [1, 1, 0, 1, 1, 0, 1, 1, 0, 1, 0, 1, 1, 1, 0, 1, 1, 0, 1, 0, 0, 1, 1, 0], [1, 1, 0, 1, 1, 0, 1, 1, 0, 1, 1, 0, 0, 0, 0, 1, 0, 1, 1, 0, 0, 1, 1, 0], [1, 1, 0, 1, 1, 0, 1, 1, 0, 1, 1, 0, 0, 0, 0, 1, 1, 0, 1, 0, 0, 1, 1, 0], [1, 1, 0, 1, 1, 0, 1, 1, 0, 1, 1, 0, 1, 0, 1, 1, 1, 0, 1, 0, 0, 1, 1, 0], [1, 1, 0, 1, 1, 0, 1, 1, 0, 1, 1, 0, 1, 1, 0, 0, 0, 0, 1, 0, 0, 1, 1, 0], [1, 1, 0, 1, 1, 0, 1, 1, 0, 1, 1, 0, 1, 1, 0, 1, 0, 1, 1, 0, 0, 1, 1, 0], [1, 1, 0, 1, 1, 0, 1, 1, 0, 1, 1, 0, 1, 1, 0, 1, 1, 0, 1, 0, 0, 0, 0, 0], [1, 1, 0, 1, 1, 0, 1, 1, 0, 1, 1, 0, 1, 1, 0, 1, 1, 0, 1, 0, 0, 1, 0, 1], [1, 1, 0, 1, 1, 0, 1, 1, 0, 1, 1, 0, 1, 1, 0, 1, 1, 0, 1, 0, 0, 1, 1, 0]]","[0.00390625, 0.0234375, 0.00390625, 0.03125, 0.015625, 0.02734375, 0.015625, 0.00390625, 0.015625, 0.03515625, 0.02734375, 0.01953125, 0.02734375, 0.02734375, 0.72265625]",25,109,50,48,254,
supportcase6_ds_qaoa_c745_c747_0001,data/miplib_benders/qaoa_problems/nvars_08/supportcase6_ds_qaoa_c745_c747_0001.json,8,24,2,ddsim,30,256,ok,600.3088245220715,401.65625,150892000.0,"{""B100166(7)"": 0, ""B100594(7)"": 1, ""B100600(7)"": 0, ""B100602(7)"": 0, ""B100608(7)"": 0, ""B100623(7)"": 0, ""B101029(7)"": 0, ""B101035(7)"": 0}",,,,"[[1, 0, 1, 1, 1, 0, 1, 1, 0, 1, 1, 0, 0, 0, 0, 0, 0, 0, 1, 1, 0, 1, 0, 0], [1, 0, 1, 1, 1, 0, 1, 1, 0, 1, 1, 0, 1, 1, 0, 1, 0, 1, 1, 1, 0, 1, 0, 0], [1, 0, 1, 1, 1, 0, 1, 1, 0, 1, 1, 0, 1, 1, 0, 1, 1, 0, 0, 0, 0, 1, 0, 0], [1, 0, 1, 1, 1, 0, 1, 1, 0, 1, 1, 0, 1, 1, 0, 1, 1, 0, 1, 0, 1, 1, 0, 0], [1, 0, 1, 1, 1, 0, 1, 1, 0, 1, 1, 0, 1, 1, 0, 1, 1, 0, 1, 1, 0, 1, 0, 0], [1, 1, 0, 1, 0, 1, 0, 0, 0, 0, 0, 0, 1, 1, 0, 1, 1, 0, 1, 1, 0, 1, 0, 0], [1, 1, 0, 1, 0, 1, 0, 0, 0, 1, 1, 0, 1, 1, 0, 1, 1, 0, 1, 1, 0, 1, 0, 0], [1, 1, 0, 1, 0, 1, 1, 1, 0, 1, 1, 0, 0, 0, 0, 1, 1, 0, 1, 1, 0, 1, 0, 0], [1, 1, 0, 1, 0, 1, 1, 1, 0, 1, 1, 0, 1, 0, 1, 0, 0, 0, 1, 1, 0, 1, 0, 0], [1, 1, 0, 1, 0, 1, 1, 1, 0, 1, 1, 0, 1, 1, 0, 1, 1, 0, 0, 0, 0, 1, 0, 0], [1, 1, 0, 1, 0, 1, 1, 1, 0, 1, 1, 0, 1, 1, 0, 1, 1, 0, 1, 1, 0, 1, 0, 0], [1, 1, 0, 1, 1, 0, 0, 0, 0, 0, 0, 0, 1, 0, 1, 1, 1, 0, 1, 0, 1, 1, 0, 0], [1, 1, 0, 1, 1, 0, 0, 0, 0, 1, 0, 1, 1, 1, 0, 1, 1, 0, 1, 1, 0, 1, 0, 0], [1, 1, 0, 1, 1, 0, 0, 0, 0, 1, 1, 0, 1, 1, 0, 1, 1, 0, 0, 0, 0, 1, 0, 0], [1, 1, 0, 1, 1, 0, 0, 0, 0, 1, 1, 0, 1, 1, 0, 1, 1, 0, 1, 1, 0, 1, 0, 0], [1, 1, 0, 1, 1, 0, 1, 0, 1, 1, 1, 0, 0, 0, 0, 1, 1, 0, 1, 1, 0, 1, 0, 0], [1, 1, 0, 1, 1, 0, 1, 0, 1, 1, 1, 0, 1, 1, 0, 0, 0, 0, 1, 1, 0, 1, 0, 0], [1, 1, 0, 1, 1, 0, 1, 0, 1, 1, 1, 0, 1, 1, 0, 1, 1, 0, 1, 1, 0, 1, 0, 0], [1, 1, 0, 1, 1, 0, 1, 1, 0, 0, 0, 0, 0, 0, 0, 1, 1, 0, 1, 1, 0, 1, 0, 0], [1, 1, 0, 1, 1, 0, 1, 1, 0, 0, 0, 0, 1, 1, 0, 1, 0, 1, 1, 1, 0, 1, 0, 0], [1, 1, 0, 1, 1, 0, 1, 1, 0, 0, 0, 0, 1, 1, 0, 1, 1, 0, 0, 0, 0, 1, 0, 0], [1, 1, 0, 1, 1, 0, 1, 1, 0, 0, 0, 0, 1, 1, 0, 1, 1, 0, 1, 1, 0, 1, 0, 0], [1, 1, 0, 1, 1, 0, 1, 1, 0, 1, 0, 1, 1, 0, 1, 1, 1, 0, 1, 1, 0, 1, 0, 0], [1, 1, 0, 1, 1, 0, 1, 1, 0, 1, 0, 1, 1, 1, 0, 1, 0, 1, 1, 1, 0, 1, 0, 0], [1, 1, 0, 1, 1, 0, 1, 1, 0, 1, 0, 1, 1, 1, 0, 1, 1, 0, 1, 1, 0, 1, 0, 0], [1, 1, 0, 1, 1, 0, 1, 1, 0, 1, 1, 0, 0, 0, 0, 1, 1, 0, 0, 0, 0, 1, 0, 0], [1, 1, 0, 1, 1, 0, 1, 1, 0, 1, 1, 0, 0, 0, 0, 1, 1, 0, 1, 1, 0, 1, 0, 0], [1, 1, 0, 1, 1, 0, 1, 1, 0, 1, 1, 0, 1, 0, 1, 0, 0, 0, 1, 1, 0, 1, 0, 0], [1, 1, 0, 1, 1, 0, 1, 1, 0, 1, 1, 0, 1, 0, 1, 1, 1, 0, 1, 1, 0, 1, 0, 0], [1, 1, 0, 1, 1, 0, 1, 1, 0, 1, 1, 0, 1, 1, 0, 0, 0, 0, 1, 1, 0, 1, 0, 0], [1, 1, 0, 1, 1, 0, 1, 1, 0, 1, 1, 0, 1, 1, 0, 1, 0, 1, 1, 1, 0, 1, 0, 0], [1, 1, 0, 1, 1, 0, 1, 1, 0, 1, 1, 0, 1, 1, 0, 1, 1, 0, 0, 0, 0, 1, 0, 0], [1, 1, 0, 1, 1, 0, 1, 1, 0, 1, 1, 0, 1, 1, 0, 1, 1, 0, 1, 0, 1, 1, 0, 0], [1, 1, 0, 1, 1, 0, 1, 1, 0, 1, 1, 0, 1, 1, 0, 1, 1, 0, 1, 1, 0, 1, 0, 0]]","[0.00390625, 0.00390625, 0.00390625, 0.00390625, 0.0234375, 0.00390625, 0.00390625, 0.01171875, 0.00390625, 0.00390625, 0.015625, 0.00390625, 0.00390625, 0.00390625, 0.03125, 0.0078125, 0.00390625, 0.03515625, 0.00390625, 0.00390625, 0.00390625, 0.0234375, 0.00390625, 0.0078125, 0.01953125, 0.00390625, 0.03125, 0.00390625, 0.015625, 0.0234375, 0.03515625, 0.03515625, 0.0078125, 0.60546875]",25,229,50,102,263,
supportcase6_ds_qaoa_c745_c747_0004,data/miplib_benders/qaoa_problems/nvars_08/supportcase6_ds_qaoa_c745_c747_0004.json,8,24,2,ddsim,30,256,ok,590.6884076930583,408.10546875,150892000.0,"{""B100602(7)"": 0, ""B100608(7)"": 0, ""B100623(7)"": 0, ""B101029(7)"": 1, ""B101035(7)"": 0, ""B101037(7)"": 0, ""B101043(7)"": 0, ""B101058(7)"": 0}",,,,"[[1, 0, 1, 1, 1, 0, 1, 1, 0, 1, 1, 0, 1, 1, 0, 1, 1, 0, 1, 0, 0, 1, 1, 0], [1, 1, 0, 1, 1, 0, 1, 0, 1, 1, 1, 0, 1, 1, 0, 1, 1, 0, 1, 0, 0, 1, 1, 0], [1, 1, 0, 1, 1, 0, 1, 1, 0, 1, 1, 0, 1, 0, 1, 1, 1, 0, 1, 0, 0, 1, 1, 0], [1, 1, 0, 1, 1, 0, 1, 1, 0, 1, 1, 0, 1, 1, 0, 0, 0, 0, 1, 0, 0, 1, 1, 0], [1, 1, 0, 1, 1, 0, 1, 1, 0, 1, 1, 0, 1, 1, 0, 1, 1, 0, 1, 0, 0, 1, 1, 0]]","[0.0078125, 0.00390625, 0.0078125, 0.0078125, 0.97265625]",31,229,50,102,263,
supportcase6_ds_qaoa_c733_c745_c747_0005,data/miplib_benders/qaoa_problems/nvars_08/supportcase6_ds_qaoa_c733_c745_c747_0005.json,8,24,3,ddsim,30,256,ok,1542.0485914068995,407.96484375,144887000.0,"{""B100608(7)"": 0, ""B100623(7)"": 0, ""B101029(7)"": 0, ""B101035(7)"": 0, ""B101037(7)"": 0, ""B101043(7)"": 1, ""B101058(7)"": 0, ""B101479(7)"": 0}",,,,"[[1, 0, 1, 1, 1, 0, 1, 1, 0, 1, 1, 0, 1, 1, 0, 1, 0, 0, 1, 1, 0, 1, 1, 0], [1, 1, 0, 1, 0, 1, 1, 1, 0, 1, 1, 0, 1, 1, 0, 1, 0, 0, 1, 1, 0, 1, 1, 0], [1, 1, 0, 1, 1, 0, 1, 0, 1, 1, 1, 0, 1, 1, 0, 1, 0, 0, 1, 1, 0, 1, 1, 0], [1, 1, 0, 1, 1, 0, 1, 1, 0, 0, 0, 0, 1, 1, 0, 1, 0, 0, 1, 1, 0, 1, 1, 0], [1, 1, 0, 1, 1, 0, 1, 1, 0, 1, 0, 1, 1, 1, 0, 1, 0, 0, 1, 1, 0, 1, 1, 0], [1, 1, 0, 1, 1, 0, 1, 1, 0, 1, 1, 0, 0, 0, 0, 1, 0, 0, 1, 1, 0, 1, 1, 0], [1, 1, 0, 1, 1, 0, 1, 1, 0, 1, 1, 0, 1, 0, 1, 1, 0, 0, 1, 1, 0, 1, 1, 0], [1, 1, 0, 1, 1, 0, 1, 1, 0, 1, 1, 0, 1, 1, 0, 1, 0, 0, 1, 0, 1, 1, 1, 0], [1, 1, 0, 1, 1, 0, 1, 1, 0, 1, 1, 0, 1, 1, 0, 1, 0, 0, 1, 1, 0, 1, 0, 1], [1, 1, 0, 1, 1, 0, 1, 1, 0, 1, 1, 0, 1, 1, 0, 1, 0, 0, 1, 1, 0, 1, 1, 0]]","[0.0078125, 0.00390625, 0.00390625, 0.0078125, 0.00390625, 0.01171875, 0.00390625, 0.0078125, 0.0078125, 0.94140625]",31,109,50,48,254,
supportcase6_ds_qaoa_c745_c747_0005,data/miplib_benders/qaoa_problems/nvars_08/supportcase6_ds_qaoa_c745_c747_0005.json,8,24,2,ddsim,30,256,ok,666.7586794910021,408.0,150892000.0,"{""B100608(7)"": 0, ""B100623(7)"": 0, ""B101029(7)"": 1, ""B101035(7)"": 0, ""B101037(7)"": 0, ""B101043(7)"": 0, ""B101058(7)"": 0, ""B101479(7)"": 0}",,,,"[[1, 1, 0, 1, 1, 0, 1, 1, 0, 1, 1, 0, 1, 1, 0, 1, 1, 0, 1, 1, 0, 1, 0, 0]]",[1.0],30,229,50,102,263,
supportcase6_ds_qaoa_c745_c747_c759_0002,data/miplib_benders/qaoa_problems/nvars_08/supportcase6_ds_qaoa_c745_c747_c759_0002.json,8,24,3,ddsim,30,256,ok,619.1472024390241,400.8203125,150892000.0,"{""B100594(7)"": 1, ""B100600(7)"": 0, ""B100602(7)"": 0, ""B100608(7)"": 0, ""B100623(7)"": 0, ""B101029(7)"": 0, ""B101035(7)"": 0, ""B101037(7)"": 0}",,,,"[[1, 0, 1, 1, 1, 0, 1, 1, 0, 1, 1, 0, 1, 1, 0, 1, 0, 0, 1, 1, 0, 0, 0, 0], [1, 0, 1, 1, 1, 0, 1, 1, 0, 1, 1, 0, 1, 1, 0, 1, 0, 0, 1, 1, 0, 1, 1, 0], [1, 1, 0, 1, 1, 0, 0, 0, 0, 1, 1, 0, 1, 1, 0, 1, 0, 0, 1, 1, 0, 1, 1, 0], [1, 1, 0, 1, 1, 0, 1, 1, 0, 0, 0, 0, 1, 1, 0, 1, 0, 0, 1, 1, 0, 1, 1, 0], [1, 1, 0, 1, 1, 0, 1, 1, 0, 1, 0, 1, 1, 1, 0, 1, 0, 0, 1, 1, 0, 1, 1, 0], [1, 1, 0, 1, 1, 0, 1, 1, 0, 1, 1, 0, 1, 0, 1, 1, 0, 0, 1, 1, 0, 1, 1, 0], [1, 1, 0, 1, 1, 0, 1, 1, 0, 1, 1, 0, 1, 1, 0, 1, 0, 0, 1, 0, 1, 1, 1, 0], [1, 1, 0, 1, 1, 0, 1, 1, 0, 1, 1, 0, 1, 1, 0, 1, 0, 0, 1, 1, 0, 1, 0, 1], [1, 1, 0, 1, 1, 0, 1, 1, 0, 1, 1, 0, 1, 1, 0, 1, 0, 0, 1, 1, 0, 1, 1, 0]]","[0.00390625, 0.0078125, 0.00390625, 0.00390625, 0.00390625, 0.015625, 0.00390625, 0.0078125, 0.94921875]",27,189,50,84,254,
supportcase6_ds_qaoa_c747_c759_0001,data/miplib_benders/qaoa_problems/nvars_08/supportcase6_ds_qaoa_c747_c759_0001.json,8,24,2,ddsim,30,256,ok,493.66597584902775,476.046875,151847000.0,"{""B100166(7)"": 1, ""B100594(7)"": 0, ""B100600(7)"": 0, ""B100602(7)"": 0, ""B100608(7)"": 0, ""B100623(7)"": 0, ""B101029(7)"": 0, ""B101035(7)"": 0}",,,,"[[1, 0, 1, 1, 1, 0, 1, 1, 0, 1, 1, 0, 1, 1, 0, 1, 1, 0, 1, 0, 0, 1, 1, 0], [1, 1, 0, 0, 0, 0, 1, 1, 0, 1, 1, 0, 1, 1, 0, 1, 1, 0, 1, 0, 0, 1, 1, 0], [1, 1, 0, 1, 0, 1, 1, 1, 0, 1, 1, 0, 1, 1, 0, 1, 1, 0, 1, 0, 0, 1, 1, 0], [1, 1, 0, 1, 1, 0, 1, 1, 0, 0, 0, 0, 1, 1, 0, 1, 1, 0, 1, 0, 0, 1, 1, 0], [1, 1, 0, 1, 1, 0, 1, 1, 0, 1, 0, 1, 1, 1, 0, 1, 1, 0, 1, 0, 0, 1, 1, 0], [1, 1, 0, 1, 1, 0, 1, 1, 0, 1, 1, 0, 0, 0, 0, 1, 1, 0, 1, 0, 0, 1, 1, 0], [1, 1, 0, 1, 1, 0, 1, 1, 0, 1, 1, 0, 1, 0, 1, 1, 1, 0, 1, 0, 0, 1, 1, 0], [1, 1, 0, 1, 1, 0, 1, 1, 0, 1, 1, 0, 1, 1, 0, 0, 0, 0, 1, 0, 0, 0, 0, 0], [1, 1, 0, 1, 1, 0, 1, 1, 0, 1, 1, 0, 1, 1, 0, 1, 1, 0, 1, 0, 0, 0, 0, 0], [1, 1, 0, 1, 1, 0, 1, 1, 0, 1, 1, 0, 1, 1, 0, 1, 1, 0, 1, 0, 0, 1, 0, 1], [1, 1, 0, 1, 1, 0, 1, 1, 0, 1, 1, 0, 1, 1, 0, 1, 1, 0, 1, 0, 0, 1, 1, 0]]","[0.00390625, 0.00390625, 0.0078125, 0.00390625, 0.00390625, 0.0078125, 0.0078125, 0.00390625, 0.00390625, 0.0078125, 0.9453125]",27,149,50,66,263,
supportcase6_ds_qaoa_c747_c759_0002,data/miplib_benders/qaoa_problems/nvars_08/supportcase6_ds_qaoa_c747_c759_0002.json,8,24,2,ddsim,30,256,ok,450.00261401804164,476.625,151847000.0,"{""B100594(7)"": 0, ""B100600(7)"": 0, ""B100602(7)"": 0, ""B100608(7)"": 0, ""B100623(7)"": 1, ""B101029(7)"": 0, ""B101035(7)"": 0, ""B101037(7)"": 0}",,,,"[[1, 0, 1, 1, 1, 0, 1, 1, 0, 1, 1, 0, 1, 1, 0, 1, 0, 0, 1, 1, 0, 1, 0, 1], [1, 1, 0, 1, 1, 0, 0, 0, 0, 1, 1, 0, 1, 1, 0, 1, 0, 0, 1, 1, 0, 1, 1, 0], [1, 1, 0, 1, 1, 0, 1, 0, 1, 1, 1, 0, 1, 1, 0, 1, 0, 0, 1, 0, 1, 1, 1, 0], [1, 1, 0, 1, 1, 0, 1, 1, 0, 0, 0, 0, 1, 1, 0, 1, 0, 0, 1, 1, 0, 1, 1, 0], [1, 1, 0, 1, 1, 0, 1, 1, 0, 1, 1, 0, 1, 0, 1, 1, 0, 0, 1, 1, 0, 1, 1, 0], [1, 1, 0, 1, 1, 0, 1, 1, 0, 1, 1, 0, 1, 1, 0, 1, 0, 0, 0, 0, 0, 1, 1, 0], [1, 1, 0, 1, 1, 0, 1, 1, 0, 1, 1, 0, 1, 1, 0, 1, 0, 0, 1, 0, 1, 1, 1, 0], [1, 1, 0, 1, 1, 0, 1, 1, 0, 1, 1, 0, 1, 1, 0, 1, 0, 0, 1, 1, 0, 0, 0, 0], [1, 1, 0, 1, 1, 0, 1, 1, 0, 1, 1, 0, 1, 1, 0, 1, 0, 0, 1, 1, 0, 1, 0, 1], [1, 1, 0, 1, 1, 0, 1, 1, 0, 1, 1, 0, 1, 1, 0, 1, 0, 0, 1, 1, 0, 1, 1, 0]]","[0.00390625, 0.00390625, 0.00390625, 0.0078125, 0.00390625, 0.00390625, 0.00390625, 0.00390625, 0.00390625, 0.9609375]",29,189,50,84,263,
supportcase6_ds_qaoa_c745_c747_c759_0005,data/miplib_benders/qaoa_problems/nvars_08/supportcase6_ds_qaoa_c745_c747_c759_0005.json,8,24,3,ddsim,30,256,ok,1151.9594933349872,407.66015625,150892000.0,"{""B100608(7)"": 0, ""B100623(7)"": 0, ""B101029(7)"": 1, ""B101035(7)"": 0, ""B101037(7)"": 0, ""B101043(7)"": 0, ""B101058(7)"": 0, ""B101479(7)"": 0}",,,,"[[0, 0, 1, 1, 1, 0, 1, 1, 0, 1, 1, 0, 1, 1, 0, 1, 0, 0, 1, 1, 0, 1, 0, 0], [1, 0, 1, 1, 0, 1, 1, 1, 0, 1, 1, 0, 1, 1, 0, 1, 1, 0, 1, 1, 0, 1, 0, 0], [1, 0, 1, 1, 1, 0, 1, 1, 0, 0, 0, 0, 1, 1, 0, 1, 1, 0, 1, 1, 0, 1, 0, 0], [1, 0, 1, 1, 1, 0, 1, 1, 0, 1, 0, 1, 1, 1, 0, 1, 1, 0, 0, 0, 0, 1, 0, 0], [1, 0, 1, 1, 1, 0, 1, 1, 0, 1, 1, 0, 1, 1, 0, 0, 0, 0, 1, 1, 0, 1, 0, 0], [1, 0, 1, 1, 1, 0, 1, 1, 0, 1, 1, 0, 1, 1, 0, 1, 1, 0, 1, 1, 0, 1, 0, 0], [1, 1, 0, 1, 0, 0, 1, 1, 0, 1, 1, 0, 1, 1, 0, 1, 1, 0, 0, 1, 0, 1, 0, 0], [1, 1, 0, 1, 0, 1, 1, 1, 0, 1, 1, 0, 1, 1, 0, 1, 1, 0, 1, 0, 1, 1, 0, 0], [1, 1, 0, 1, 0, 1, 1, 1, 0, 1, 1, 0, 1, 1, 0, 1, 1, 0, 1, 1, 0, 1, 0, 0], [1, 1, 0, 1, 1, 0, 1, 0, 1, 1, 1, 0, 1, 1, 0, 0, 0, 0, 1, 1, 0, 1, 0, 0], [1, 1, 0, 1, 1, 0, 1, 0, 1, 1, 1, 0, 1, 1, 0, 1, 1, 0, 0, 0, 0, 1, 0, 0], [1, 1, 0, 1, 1, 0, 1, 0, 1, 1, 1, 0, 1, 1, 0, 1, 1, 0, 1, 0, 1, 1, 0, 0], [1, 1, 0, 1, 1, 0, 1, 0, 1, 1, 1, 0, 1, 1, 0, 1, 1, 0, 1, 1, 0, 1, 0, 0], [1, 1, 0, 1, 1, 0, 1, 1, 0, 0, 0, 0, 1, 1, 0, 1, 1, 0, 0, 0, 0, 1, 0, 0], [1, 1, 0, 1, 1, 0, 1, 1, 0, 0, 0, 0, 1, 1, 0, 1, 1, 0, 1, 0, 1, 1, 0, 0], [1, 1, 0, 1, 1, 0, 1, 1, 0, 0, 0, 0, 1, 1, 0, 1, 1, 0, 1, 1, 0, 1, 0, 0], [1, 1, 0, 1, 1, 0, 1, 1, 0, 1, 0, 1, 1, 1, 0, 0, 0, 0, 1, 1, 0, 1, 0, 0], [1, 1, 0, 1, 1, 0, 1, 1, 0, 1, 0, 1, 1, 1, 0, 1, 0, 1, 1, 1, 0, 1, 0, 0], [1, 1, 0, 1, 1, 0, 1, 1, 0, 1, 0, 1, 1, 1, 0, 1, 1, 0, 1, 1, 0, 1, 0, 0], [1, 1, 0, 1, 1, 0, 1, 1, 0, 1, 1, 0, 0, 0, 0, 0, 0, 0, 1, 1, 0, 1, 0, 0], [1, 1, 0, 1, 1, 0, 1, 1, 0, 1, 1, 0, 0, 0, 0, 1, 1, 0, 1, 0, 1, 1, 0, 0], [1, 1, 0, 1, 1, 0, 1, 1, 0, 1, 1, 0, 0, 0, 0, 1, 1, 0, 1, 1, 0, 1, 0, 0], [1, 1, 0, 1, 1, 0, 1, 1, 0, 1, 1, 0, 1, 0, 1, 0, 0, 0, 0, 0, 0, 1, 0, 0], [1, 1, 0, 1, 1, 0, 1, 1, 0, 1, 1, 0, 1, 0, 1, 1, 1, 0, 0, 0, 0, 1, 0, 0], [1, 1, 0, 1, 1, 0, 1, 1, 0, 1, 1, 0, 1, 0, 1, 1, 1, 0, 1, 1, 0, 1, 0, 0], [1, 1, 0, 1, 1, 0, 1, 1, 0, 1, 1, 0, 1, 1, 0, 0, 0, 0, 1, 0, 1, 1, 0, 0], [1, 1, 0, 1, 1, 0, 1, 1, 0, 1, 1, 0, 1, 1, 0, 0, 0, 0, 1, 1, 0, 1, 0, 0], [1, 1, 0, 1, 1, 0, 1, 1, 0, 1, 1, 0, 1, 1, 0, 1, 0, 1, 0, 0, 0, 1, 0, 0], [1, 1, 0, 1, 1, 0, 1, 1, 0, 1, 1, 0, 1, 1, 0, 1, 0, 1, 1, 0, 1, 1, 0, 0], [1, 1, 0, 1, 1, 0, 1, 1, 0, 1, 1, 0, 1, 1, 0, 1, 0, 1, 1, 1, 0, 1, 0, 0], [1, 1, 0, 1, 1, 0, 1, 1, 0, 1, 1, 0, 1, 1, 0, 1, 1, 0, 0, 0, 0, 1, 0, 0], [1, 1, 0, 1, 1, 0, 1, 1, 0, 1, 1, 0, 1, 1, 0, 1, 1, 0, 1, 0, 1, 1, 0, 0], [1, 1, 0, 1, 1, 0, 1, 1, 0, 1, 1, 0, 1, 1, 0, 1, 1, 0, 1, 1, 0, 1, 0, 0]]","[0.00390625, 0.00390625, 0.00390625, 0.00390625, 0.00390625, 0.015625, 0.00390625, 0.00390625, 0.0390625, 0.00390625, 0.00390625, 0.0078125, 0.01953125, 0.00390625, 0.00390625, 0.03515625, 0.00390625, 0.00390625, 0.01953125, 0.0078125, 0.00390625, 0.0234375, 0.00390625, 0.00390625, 0.03125, 0.0078125, 0.03125, 0.00390625, 0.00390625, 0.01953125, 0.0234375, 0.03125, 0.6171875]",29,149,50,66,254,
supportcase6_ds_qaoa_c745_c747_c759_0001,data/miplib_benders/qaoa_problems/nvars_08/supportcase6_ds_qaoa_c745_c747_c759_0001.json,8,24,3,ddsim,30,256,ok,1328.4679225879954,390.6875,150892000.0,"{""B100166(7)"": 0, ""B100594(7)"": 1, ""B100600(7)"": 0, ""B100602(7)"": 0, ""B100608(7)"": 0, ""B100623(7)"": 0, ""B101029(7)"": 0, ""B101035(7)"": 0}",,,,"[[0, 1, 0, 1, 1, 0, 1, 1, 0, 1, 1, 0, 1, 1, 0, 1, 0, 0, 1, 0, 0, 1, 1, 0], [1, 0, 1, 1, 1, 0, 0, 1, 0, 1, 1, 0, 1, 1, 0, 1, 1, 0, 1, 0, 0, 1, 0, 0], [1, 0, 1, 1, 1, 0, 1, 0, 1, 1, 1, 0, 1, 1, 0, 0, 0, 0, 1, 0, 0, 0, 0, 0], [1, 0, 1, 1, 1, 0, 1, 1, 0, 1, 1, 0, 0, 0, 0, 1, 1, 0, 1, 0, 0, 1, 1, 0], [1, 0, 1, 1, 1, 0, 1, 1, 0, 1, 1, 0, 1, 1, 0, 0, 0, 0, 1, 0, 0, 1, 1, 0], [1, 0, 1, 1, 1, 0, 1, 1, 0, 1, 1, 0, 1, 1, 0, 1, 0, 1, 1, 0, 0, 1, 1, 0], [1, 0, 1, 1, 1, 0, 1, 1, 0, 1, 1, 0, 1, 1, 0, 1, 1, 0, 1, 0, 0, 1, 1, 0], [1, 1, 0, 1, 0, 0, 1, 1, 0, 1, 1, 0, 1, 0, 1, 1, 1, 0, 0, 0, 0, 1, 1, 0], [1, 1, 0, 1, 0, 0, 1, 1, 0, 1, 1, 0, 1, 1, 0, 1, 1, 0, 0, 0, 0, 1, 1, 0], [1, 1, 0, 1, 0, 1, 1, 1, 0, 1, 1, 0, 0, 0, 0, 1, 1, 0, 1, 0, 0, 1, 1, 0], [1, 1, 0, 1, 0, 1, 1, 1, 0, 1, 1, 0, 1, 0, 1, 1, 1, 0, 1, 0, 0, 1, 1, 0], [1, 1, 0, 1, 0, 1, 1, 1, 0, 1, 1, 0, 1, 1, 0, 1, 0, 1, 1, 0, 0, 1, 1, 0], [1, 1, 0, 1, 0, 1, 1, 1, 0, 1, 1, 0, 1, 1, 0, 1, 1, 0, 1, 0, 0, 1, 1, 0], [1, 1, 0, 1, 1, 0, 1, 0, 1, 1, 0, 1, 1, 1, 0, 1, 1, 0, 1, 0, 0, 0, 0, 0], [1, 1, 0, 1, 1, 0, 1, 0, 1, 1, 1, 0, 0, 0, 0, 1, 1, 0, 1, 0, 0, 1, 1, 0], [1, 1, 0, 1, 1, 0, 1, 0, 1, 1, 1, 0, 1, 1, 0, 1, 1, 0, 1, 0, 0, 1, 0, 1], [1, 1, 0, 1, 1, 0, 1, 0, 1, 1, 1, 0, 1, 1, 0, 1, 1, 0, 1, 0, 0, 1, 1, 0], [1, 1, 0, 1, 1, 0, 1, 1, 0, 0, 0, 0, 1, 1, 0, 1, 1, 0, 1, 0, 0, 0, 0, 0], [1, 1, 0, 1, 1, 0, 1, 1, 0, 0, 0, 0, 1, 1, 0, 1, 1, 0, 1, 0, 0, 1, 0, 1], [1, 1, 0, 1, 1, 0, 1, 1, 0, 0, 0, 0, 1, 1, 0, 1, 1, 0, 1, 0, 0, 1, 1, 0], [1, 1, 0, 1, 1, 0, 1, 1, 0, 1, 0, 1, 1, 1, 0, 1, 1, 0, 1, 0, 0, 1, 1, 0], [1, 1, 0, 1, 1, 0, 1, 1, 0, 1, 1, 0, 0, 0, 0, 1, 1, 0, 1, 0, 0, 1, 0, 1], [1, 1, 0, 1, 1, 0, 1, 1, 0, 1, 1, 0, 0, 0, 0, 1, 1, 0, 1, 0, 0, 1, 1, 0], [1, 1, 0, 1, 1, 0, 1, 1, 0, 1, 1, 0, 1, 0, 0, 1, 1, 0, 1, 0, 0, 0, 1, 0], [1, 1, 0, 1, 1, 0, 1, 1, 0, 1, 1, 0, 1, 0, 1, 0, 0, 0, 1, 0, 0, 1, 1, 0], [1, 1, 0, 1, 1, 0, 1, 1, 0, 1, 1, 0, 1, 0, 1, 1, 0, 1, 1, 0, 0, 1, 1, 0], [1, 1, 0, 1, 1, 0, 1, 1, 0, 1, 1, 0, 1, 0, 1, 1, 1, 0, 1, 0, 0, 1, 1, 0], [1, 1, 0, 1, 1, 0, 1, 1, 0, 1, 1, 0, 1, 1, 0, 0, 0, 0, 1, 0, 0, 1, 1, 0], [1, 1, 0, 1, 1, 0, 1, 1, 0, 1, 1, 0, 1, 1, 0, 1, 0, 1, 1, 0, 0, 1, 1, 0], [1, 1, 0, 1, 1, 0, 1, 1, 0, 1, 1, 0, 1, 1, 0, 1, 1, 0, 1, 0, 0, 0, 0, 0], [1, 1, 0, 1, 1, 0, 1, 1, 0, 1, 1, 0, 1, 1, 0, 1, 1, 0, 1, 0, 0, 1, 0, 1], [1, 1, 0, 1, 1, 0, 1, 1, 0, 1, 1, 0, 1, 1, 0, 1, 1, 0, 1, 0, 0, 1, 1, 0]]","[0.00390625, 0.00390625, 0.00390625, 0.00390625, 0.00390625, 0.00390625, 0.03515625, 0.00390625, 0.0078125, 0.00390625, 0.00390625, 0.00390625, 0.02734375, 0.00390625, 0.00390625, 0.00390625, 0.03515625, 0.00390625, 0.00390625, 0.02734375, 0.0390625, 0.00390625, 0.0234375, 0.0078125, 0.0078125, 0.00390625, 0.03125, 0.03515625, 0.015625, 0.01953125, 0.02734375, 0.59375]",27,149,50,66,254,
supportcase6_ds_qaoa_c747_c759_0004,data/miplib_benders/qaoa_problems/nvars_08/supportcase6_ds_qaoa_c747_c759_0004.json,8,24,2,ddsim,30,256,ok,660.1319754450815,406.7890625,151847000.0,"{""B100602(7)"": 0, ""B100608(7)"": 0, ""B100623(7)"": 1, ""B101029(7)"": 0, ""B101035(7)"": 0, ""B101037(7)"": 0, ""B101043(7)"": 0, ""B101058(7)"": 0}",,,,"[[1, 0, 0, 0, 1, 0, 1, 1, 0, 1, 1, 0, 1, 1, 0, 1, 1, 0, 0, 0, 0, 1, 0, 0], [1, 0, 0, 0, 1, 0, 1, 1, 0, 1, 1, 0, 1, 1, 0, 1, 1, 0, 1, 1, 0, 1, 0, 0], [1, 0, 1, 1, 1, 0, 1, 1, 0, 1, 1, 0, 1, 1, 0, 1, 1, 0, 1, 1, 0, 1, 0, 0], [1, 1, 0, 0, 0, 0, 1, 1, 0, 1, 1, 0, 1, 1, 0, 1, 1, 0, 1, 1, 0, 1, 0, 0], [1, 1, 0, 1, 0, 0, 1, 1, 0, 1, 1, 0, 0, 1, 0, 1, 1, 0, 1, 1, 0, 1, 0, 0], [1, 1, 0, 1, 0, 1, 1, 0, 1, 1, 1, 0, 1, 1, 0, 1, 1, 0, 1, 1, 0, 1, 0, 0], [1, 1, 0, 1, 0, 1, 1, 1, 0, 1, 0, 1, 1, 1, 0, 1, 1, 0, 0, 0, 0, 1, 0, 0], [1, 1, 0, 1, 0, 1, 1, 1, 0, 1, 1, 0, 1, 1, 0, 1, 1, 0, 1, 1, 0, 1, 0, 0], [1, 1, 0, 1, 1, 0, 1, 0, 1, 1, 0, 1, 1, 1, 0, 1, 1, 0, 1, 0, 1, 1, 0, 0], [1, 1, 0, 1, 1, 0, 1, 0, 1, 1, 1, 0, 1, 1, 0, 1, 1, 0, 1, 1, 0, 1, 0, 0], [1, 1, 0, 1, 1, 0, 1, 1, 0, 0, 0, 0, 0, 0, 0, 1, 1, 0, 1, 1, 0, 1, 0, 0], [1, 1, 0, 1, 1, 0, 1, 1, 0, 0, 0, 0, 1, 0, 1, 1, 1, 0, 1, 1, 0, 1, 0, 0], [1, 1, 0, 1, 1, 0, 1, 1, 0, 0, 0, 0, 1, 1, 0, 1, 1, 0, 1, 1, 0, 1, 0, 0], [1, 1, 0, 1, 1, 0, 1, 1, 0, 1, 0, 1, 1, 0, 0, 0, 1, 0, 1, 1, 0, 1, 0, 0], [1, 1, 0, 1, 1, 0, 1, 1, 0, 1, 0, 1, 1, 1, 0, 1, 1, 0, 1, 1, 0, 1, 0, 0], [1, 1, 0, 1, 1, 0, 1, 1, 0, 1, 1, 0, 0, 0, 0, 1, 1, 0, 1, 1, 0, 1, 0, 0], [1, 1, 0, 1, 1, 0, 1, 1, 0, 1, 1, 0, 1, 0, 1, 0, 0, 0, 1, 1, 0, 1, 0, 0], [1, 1, 0, 1, 1, 0, 1, 1, 0, 1, 1, 0, 1, 0, 1, 1, 0, 1, 1, 1, 0, 1, 0, 0], [1, 1, 0, 1, 1, 0, 1, 1, 0, 1, 1, 0, 1, 0, 1, 1, 1, 0, 1, 1, 0, 1, 0, 0], [1, 1, 0, 1, 1, 0, 1, 1, 0, 1, 1, 0, 1, 1, 0, 0, 0, 0, 0, 0, 0, 1, 0, 0], [1, 1, 0, 1, 1, 0, 1, 1, 0, 1, 1, 0, 1, 1, 0, 0, 0, 0, 1, 1, 0, 1, 0, 0], [1, 1, 0, 1, 1, 0, 1, 1, 0, 1, 1, 0, 1, 1, 0, 1, 0, 1, 1, 1, 0, 1, 0, 0], [1, 1, 0, 1, 1, 0, 1, 1, 0, 1, 1, 0, 1, 1, 0, 1, 1, 0, 0, 0, 0, 1, 0, 0], [1, 1, 0, 1, 1, 0, 1, 1, 0, 1, 1, 0, 1, 1, 0, 1, 1, 0, 1, 0, 1, 1, 0, 0], [1, 1, 0, 1, 1, 0, 1, 1, 0, 1, 1, 0, 1, 1, 0, 1, 1, 0, 1, 1, 0, 1, 0, 0]]","[0.00390625, 0.00390625, 0.015625, 0.015625, 0.00390625, 0.00390625, 0.00390625, 0.0234375, 0.00390625, 0.0234375, 0.00390625, 0.00390625, 0.0078125, 0.00390625, 0.01953125, 0.015625, 0.00390625, 0.00390625, 0.02734375, 0.00390625, 0.03125, 0.00390625, 0.015625, 0.01171875, 0.7421875]",31,189,50,84,263,
supportcase6_ds_qaoa_c747_c759_0005,data/miplib_benders/qaoa_problems/nvars_08/supportcase6_ds_qaoa_c747_c759_0005.json,8,24,2,ddsim,30,256,ok,636.2781507821055,407.16796875,151847000.0,"{""B100608(7)"": 0, ""B100623(7)"": 1, ""B101029(7)"": 0, ""B101035(7)"": 0, ""B101037(7)"": 0, ""B101043(7)"": 0, ""B101058(7)"": 0, ""B101479(7)"": 0}",,,,"[[1, 0, 1, 1, 1, 0, 1, 1, 0, 0, 0, 0, 1, 1, 0, 1, 1, 0, 1, 1, 0, 1, 0, 0], [1, 0, 1, 1, 1, 0, 1, 1, 0, 1, 1, 0, 1, 1, 0, 1, 1, 0, 1, 1, 0, 1, 0, 0], [1, 1, 0, 1, 0, 1, 1, 1, 0, 1, 1, 0, 1, 1, 0, 1, 1, 0, 0, 0, 0, 1, 0, 0], [1, 1, 0, 1, 0, 1, 1, 1, 0, 1, 1, 0, 1, 1, 0, 1, 1, 0, 1, 1, 0, 1, 0, 0], [1, 1, 0, 1, 1, 0, 0, 0, 0, 1, 1, 0, 1, 1, 0, 1, 1, 0, 1, 0, 1, 1, 0, 0], [1, 1, 0, 1, 1, 0, 0, 0, 0, 1, 1, 0, 1, 1, 0, 1, 1, 0, 1, 1, 0, 1, 0, 0], [1, 1, 0, 1, 1, 0, 1, 0, 1, 1, 1, 0, 1, 1, 0, 1, 1, 0, 1, 1, 0, 1, 0, 0], [1, 1, 0, 1, 1, 0, 1, 1, 0, 0, 0, 0, 1, 1, 0, 1, 1, 0, 1, 1, 0, 1, 0, 0], [1, 1, 0, 1, 1, 0, 1, 1, 0, 1, 0, 1, 1, 1, 0, 1, 1, 0, 1, 0, 1, 1, 0, 0], [1, 1, 0, 1, 1, 0, 1, 1, 0, 1, 0, 1, 1, 1, 0, 1, 1, 0, 1, 1, 0, 1, 0, 0], [1, 1, 0, 1, 1, 0, 1, 1, 0, 1, 1, 0, 0, 0, 0, 1, 1, 0, 1, 1, 0, 1, 0, 0], [1, 1, 0, 1, 1, 0, 1, 1, 0, 1, 1, 0, 1, 0, 1, 1, 0, 1, 1, 1, 0, 1, 0, 0], [1, 1, 0, 1, 1, 0, 1, 1, 0, 1, 1, 0, 1, 0, 1, 1, 1, 0, 1, 1, 0, 1, 0, 0], [1, 1, 0, 1, 1, 0, 1, 1, 0, 1, 1, 0, 1, 1, 0, 0, 0, 0, 1, 1, 0, 1, 0, 0], [1, 1, 0, 1, 1, 0, 1, 1, 0, 1, 1, 0, 1, 1, 0, 1, 0, 1, 1, 1, 0, 1, 0, 0], [1, 1, 0, 1, 1, 0, 1, 1, 0, 1, 1, 0, 1, 1, 0, 1, 1, 0, 0, 0, 0, 1, 0, 0], [1, 1, 0, 1, 1, 0, 1, 1, 0, 1, 1, 0, 1, 1, 0, 1, 1, 0, 1, 0, 1, 1, 0, 0], [1, 1, 0, 1, 1, 0, 1, 1, 0, 1, 1, 0, 1, 1, 0, 1, 1, 0, 1, 1, 0, 1, 0, 0]]","[0.00390625, 0.015625, 0.00390625, 0.03515625, 0.00390625, 0.03125, 0.015625, 0.01953125, 0.00390625, 0.02734375, 0.03125, 0.00390625, 0.04296875, 0.02734375, 0.0078125, 0.03125, 0.03125, 0.6640625]",29,149,50,66,263,
supportcase6_ds_qaoa_c759_c762_0001,data/miplib_benders/qaoa_problems/nvars_08/supportcase6_ds_qaoa_c759_c762_0001.json,8,24,2,ddsim,30,256,ok,261.07575400103815,417.3515625,296836000.0,"{""B100166(7)"": 0, ""B100594(7)"": 0, ""B100602(7)"": 0, ""B100608(7)"": 0, ""B100623(7)"": 0, ""B101029(7)"": 1, ""B101037(7)"": 1, ""B101043(7)"": 0}",,,,"[[1, 0, 0, 1, 0, 1, 0, 0, 0, 0, 0, 0, 0, 1, 0, 1, 0, 0, 0, 0, 0, 1, 0, 0], [1, 0, 0, 1, 1, 0, 0, 0, 0, 0, 0, 0, 0, 0, 1, 1, 0, 0, 0, 0, 0, 1, 0, 0], [1, 0, 0, 1, 1, 0, 0, 0, 0, 0, 0, 0, 0, 1, 0, 1, 0, 0, 0, 0, 0, 1, 0, 0], [1, 0, 1, 1, 0, 1, 0, 0, 0, 0, 0, 0, 1, 1, 0, 1, 0, 0, 0, 0, 0, 1, 0, 0], [1, 0, 1, 1, 1, 0, 0, 0, 0, 0, 0, 0, 1, 0, 1, 1, 0, 0, 0, 0, 0, 1, 0, 0], [1, 0, 1, 1, 1, 0, 0, 0, 0, 0, 0, 0, 1, 1, 0, 1, 0, 0, 0, 0, 0, 1, 0, 0], [1, 1, 0, 1, 0, 0, 1, 0, 0, 0, 0, 0, 0, 1, 0, 1, 0, 0, 0, 0, 0, 1, 0, 0], [1, 1, 0, 1, 0, 1, 0, 0, 0, 0, 0, 0, 1, 1, 0, 1, 0, 0, 0, 0, 0, 1, 0, 0], [1, 1, 0, 1, 1, 0, 0, 0, 0, 0, 0, 0, 0, 0, 0, 1, 0, 0, 0, 0, 0, 1, 0, 0], [1, 1, 0, 1, 1, 0, 0, 0, 0, 0, 0, 0, 1, 0, 1, 1, 0, 0, 0, 0, 0, 1, 0, 0], [1, 1, 0, 1, 1, 0, 0, 0, 0, 0, 0, 0, 1, 1, 0, 1, 0, 0, 0, 0, 0, 1, 0, 0]]","[0.00390625, 0.00390625, 0.015625, 0.015625, 0.0078125, 0.06640625, 0.01171875, 0.03515625, 0.0546875, 0.078125, 0.70703125]",31,675,50,334,664,
supportcase6_ds_qaoa_c747_c759_c762_0001,data/miplib_benders/qaoa_problems/nvars_08/supportcase6_ds_qaoa_c747_c759_c762_0001.json,8,24,3,ddsim,30,256,ok,922.0065674649086,412.44921875,151847000.0,"{""B100166(7)"": 0, ""B100594(7)"": 0, ""B100600(7)"": 0, ""B100602(7)"": 0, ""B100608(7)"": 0, ""B100623(7)"": 1, ""B101029(7)"": 0, ""B101035(7)"": 0}",,,,"[[1, 0, 0, 1, 1, 0, 1, 1, 0, 0, 0, 0, 0, 0, 0, 0, 0, 0, 1, 1, 0, 1, 1, 0], [1, 0, 1, 1, 0, 0, 1, 1, 0, 1, 0, 0, 0, 0, 0, 0, 0, 0, 1, 1, 0, 0, 1, 0], [1, 0, 1, 1, 1, 0, 1, 1, 0, 0, 0, 0, 0, 0, 0, 1, 0, 0, 0, 0, 0, 1, 1, 0], [1, 0, 1, 1, 1, 0, 1, 1, 0, 0, 0, 0, 0, 0, 0, 1, 0, 0, 1, 1, 0, 0, 0, 0], [1, 0, 1, 1, 1, 0, 1, 1, 0, 0, 0, 0, 0, 0, 0, 1, 0, 0, 1, 1, 0, 1, 0, 1], [1, 0, 1, 1, 1, 0, 1, 1, 0, 0, 0, 0, 0, 0, 0, 1, 0, 0, 1, 1, 0, 1, 1, 0], [1, 1, 0, 0, 1, 0, 1, 1, 0, 0, 0, 0, 0, 0, 0, 1, 0, 0, 1, 0, 0, 0, 0, 0], [1, 1, 0, 0, 1, 0, 1, 1, 0, 0, 0, 0, 0, 0, 0, 1, 0, 0, 1, 0, 0, 1, 1, 0], [1, 1, 0, 1, 0, 0, 1, 1, 0, 1, 0, 0, 0, 0, 0, 0, 0, 0, 1, 1, 0, 0, 1, 0], [1, 1, 0, 1, 0, 1, 1, 0, 1, 0, 0, 0, 0, 0, 0, 1, 0, 0, 0, 0, 0, 0, 0, 0], [1, 1, 0, 1, 0, 1, 1, 0, 1, 0, 0, 0, 0, 0, 0, 1, 0, 0, 1, 1, 0, 1, 1, 0], [1, 1, 0, 1, 0, 1, 1, 1, 0, 0, 0, 0, 0, 0, 0, 1, 0, 0, 0, 0, 0, 1, 1, 0], [1, 1, 0, 1, 0, 1, 1, 1, 0, 0, 0, 0, 0, 0, 0, 1, 0, 0, 1, 0, 1, 1, 1, 0], [1, 1, 0, 1, 0, 1, 1, 1, 0, 0, 0, 0, 0, 0, 0, 1, 0, 0, 1, 1, 0, 1, 0, 1], [1, 1, 0, 1, 0, 1, 1, 1, 0, 0, 0, 0, 0, 0, 0, 1, 0, 0, 1, 1, 0, 1, 1, 0], [1, 1, 0, 1, 1, 0, 1, 0, 1, 0, 0, 0, 0, 0, 0, 1, 0, 0, 0, 0, 0, 1, 1, 0], [1, 1, 0, 1, 1, 0, 1, 0, 1, 0, 0, 0, 0, 0, 0, 1, 0, 0, 1, 0, 1, 1, 1, 0], [1, 1, 0, 1, 1, 0, 1, 0, 1, 0, 0, 0, 0, 0, 0, 1, 0, 0, 1, 1, 0, 0, 0, 0], [1, 1, 0, 1, 1, 0, 1, 0, 1, 0, 0, 0, 0, 0, 0, 1, 0, 0, 1, 1, 0, 1, 0, 1], [1, 1, 0, 1, 1, 0, 1, 0, 1, 0, 0, 0, 0, 0, 0, 1, 0, 0, 1, 1, 0, 1, 1, 0], [1, 1, 0, 1, 1, 0, 1, 1, 0, 0, 0, 0, 0, 0, 0, 1, 0, 0, 0, 0, 0, 1, 0, 1], [1, 1, 0, 1, 1, 0, 1, 1, 0, 0, 0, 0, 0, 0, 0, 1, 0, 0, 0, 0, 0, 1, 1, 0], [1, 1, 0, 1, 1, 0, 1, 1, 0, 0, 0, 0, 0, 0, 0, 1, 0, 0, 1, 0, 1, 0, 0, 0], [1, 1, 0, 1, 1, 0, 1, 1, 0, 0, 0, 0, 0, 0, 0, 1, 0, 0, 1, 0, 1, 1, 1, 0], [1, 1, 0, 1, 1, 0, 1, 1, 0, 0, 0, 0, 0, 0, 0, 1, 0, 0, 1, 1, 0, 0, 0, 0], [1, 1, 0, 1, 1, 0, 1, 1, 0, 0, 0, 0, 0, 0, 0, 1, 0, 0, 1, 1, 0, 1, 0, 1], [1, 1, 0, 1, 1, 0, 1, 1, 0, 0, 0, 0, 0, 0, 0, 1, 0, 0, 1, 1, 0, 1, 1, 0]]","[0.00390625, 0.00390625, 0.015625, 0.00390625, 0.0078125, 0.02734375, 0.00390625, 0.0078125, 0.00390625, 0.00390625, 0.00390625, 0.0078125, 0.01171875, 0.00390625, 0.04296875, 0.00390625, 0.00390625, 0.00390625, 0.00390625, 0.046875, 0.015625, 0.03125, 0.0078125, 0.0546875, 0.0703125, 0.08203125, 0.5234375]",26,555,50,228,634,
supportcase6_ds_qaoa_c747_c759_c762_0005,data/miplib_benders/qaoa_problems/nvars_08/supportcase6_ds_qaoa_c747_c759_c762_0005.json,8,24,3,ddsim,30,256,ok,836.7662737109931,410.08984375,151847000.0,"{""B100608(7)"": 0, ""B100623(7)"": 1, ""B101029(7)"": 0, ""B101035(7)"": 0, ""B101037(7)"": 0, ""B101043(7)"": 0, ""B101058(7)"": 0, ""B101479(7)"": 0}",,,,"[[0, 1, 0, 1, 1, 0, 1, 1, 0, 0, 0, 0, 1, 1, 0, 1, 0, 0, 1, 0, 0, 1, 1, 0], [1, 0, 0, 1, 1, 0, 1, 1, 0, 0, 0, 0, 0, 1, 0, 1, 1, 0, 1, 0, 0, 1, 1, 0], [1, 0, 1, 1, 0, 1, 1, 1, 0, 0, 0, 0, 1, 1, 0, 1, 1, 0, 1, 0, 0, 1, 1, 0], [1, 0, 1, 1, 1, 0, 1, 1, 0, 0, 0, 0, 1, 0, 1, 1, 1, 0, 1, 0, 0, 1, 1, 0], [1, 0, 1, 1, 1, 0, 1, 1, 0, 0, 0, 0, 1, 1, 0, 1, 1, 0, 1, 0, 0, 1, 1, 0], [1, 1, 0, 1, 0, 0, 1, 1, 0, 1, 0, 0, 0, 1, 0, 1, 1, 0, 1, 0, 0, 0, 1, 0], [1, 1, 0, 1, 0, 1, 1, 1, 0, 0, 0, 0, 0, 0, 0, 1, 1, 0, 1, 0, 0, 0, 0, 0], [1, 1, 0, 1, 0, 1, 1, 1, 0, 0, 0, 0, 0, 0, 0, 1, 1, 0, 1, 0, 0, 1, 1, 0], [1, 1, 0, 1, 0, 1, 1, 1, 0, 0, 0, 0, 1, 1, 0, 1, 1, 0, 1, 0, 0, 0, 0, 0], [1, 1, 0, 1, 0, 1, 1, 1, 0, 0, 0, 0, 1, 1, 0, 1, 1, 0, 1, 0, 0, 1, 1, 0], [1, 1, 0, 1, 1, 0, 1, 0, 1, 0, 0, 0, 1, 1, 0, 1, 1, 0, 1, 0, 0, 0, 0, 0], [1, 1, 0, 1, 1, 0, 1, 0, 1, 0, 0, 0, 1, 1, 0, 1, 1, 0, 1, 0, 0, 1, 0, 1], [1, 1, 0, 1, 1, 0, 1, 0, 1, 0, 0, 0, 1, 1, 0, 1, 1, 0, 1, 0, 0, 1, 1, 0], [1, 1, 0, 1, 1, 0, 1, 1, 0, 0, 0, 0, 0, 0, 0, 1, 1, 0, 1, 0, 0, 0, 0, 0], [1, 1, 0, 1, 1, 0, 1, 1, 0, 0, 0, 0, 0, 0, 0, 1, 1, 0, 1, 0, 0, 1, 1, 0], [1, 1, 0, 1, 1, 0, 1, 1, 0, 0, 0, 0, 1, 0, 1, 1, 1, 0, 1, 0, 0, 1, 1, 0], [1, 1, 0, 1, 1, 0, 1, 1, 0, 0, 0, 0, 1, 1, 0, 0, 0, 0, 1, 0, 0, 0, 0, 0], [1, 1, 0, 1, 1, 0, 1, 1, 0, 0, 0, 0, 1, 1, 0, 0, 0, 0, 1, 0, 0, 1, 1, 0], [1, 1, 0, 1, 1, 0, 1, 1, 0, 0, 0, 0, 1, 1, 0, 1, 0, 1, 1, 0, 0, 1, 1, 0], [1, 1, 0, 1, 1, 0, 1, 1, 0, 0, 0, 0, 1, 1, 0, 1, 1, 0, 1, 0, 0, 0, 0, 0], [1, 1, 0, 1, 1, 0, 1, 1, 0, 0, 0, 0, 1, 1, 0, 1, 1, 0, 1, 0, 0, 1, 0, 1], [1, 1, 0, 1, 1, 0, 1, 1, 0, 0, 0, 0, 1, 1, 0, 1, 1, 0, 1, 0, 0, 1, 1, 0]]","[0.00390625, 0.0078125, 0.00390625, 0.00390625, 0.01953125, 0.00390625, 0.00390625, 0.00390625, 0.00390625, 0.0078125, 0.0078125, 0.00390625, 0.03515625, 0.0078125, 0.046875, 0.02734375, 0.00390625, 0.03515625, 0.0234375, 0.0234375, 0.01171875, 0.7109375]",30,355,50,150,444,
supportcase6_ds_qaoa_c747_c759_c762_0004,data/miplib_benders/qaoa_problems/nvars_08/supportcase6_ds_qaoa_c747_c759_c762_0004.json,8,24,3,ddsim,30,256,ok,1287.2613627230749,410.59765625,151847000.0,"{""B100602(7)"": 0, ""B100608(7)"": 0, ""B100623(7)"": 1, ""B101029(7)"": 0, ""B101035(7)"": 0, ""B101037(7)"": 0, ""B101043(7)"": 0, ""B101058(7)"": 0}",,,,"[[0, 1, 0, 1, 1, 0, 1, 1, 0, 1, 1, 0, 0, 0, 0, 0, 0, 0, 1, 0, 0, 1, 0, 0], [0, 1, 0, 1, 1, 0, 1, 1, 0, 1, 1, 0, 0, 0, 0, 1, 1, 0, 1, 0, 0, 1, 0, 0], [1, 0, 0, 0, 1, 0, 1, 1, 0, 1, 1, 0, 0, 0, 0, 1, 1, 0, 1, 1, 0, 1, 0, 0], [1, 0, 1, 0, 0, 0, 1, 1, 0, 1, 1, 0, 0, 0, 0, 0, 0, 0, 1, 1, 0, 1, 0, 0], [1, 0, 1, 1, 0, 1, 1, 1, 0, 1, 1, 0, 0, 0, 0, 1, 1, 0, 0, 0, 0, 1, 0, 0], [1, 0, 1, 1, 1, 0, 1, 0, 1, 1, 1, 0, 0, 0, 0, 1, 0, 1, 1, 1, 0, 1, 0, 0], [1, 0, 1, 1, 1, 0, 1, 0, 1, 1, 1, 0, 0, 0, 0, 1, 1, 0, 1, 1, 0, 1, 0, 0], [1, 0, 1, 1, 1, 0, 1, 1, 0, 1, 1, 0, 0, 0, 0, 0, 0, 0, 1, 1, 0, 1, 0, 0], [1, 0, 1, 1, 1, 0, 1, 1, 0, 1, 1, 0, 0, 0, 0, 1, 1, 0, 0, 0, 0, 1, 0, 0], [1, 0, 1, 1, 1, 0, 1, 1, 0, 1, 1, 0, 0, 0, 0, 1, 1, 0, 1, 1, 0, 1, 0, 0], [1, 1, 0, 0, 0, 0, 1, 0, 1, 1, 0, 1, 0, 0, 0, 1, 1, 0, 1, 1, 0, 1, 0, 0], [1, 1, 0, 0, 0, 0, 1, 1, 0, 1, 1, 0, 0, 0, 0, 0, 0, 0, 1, 1, 0, 1, 0, 0], [1, 1, 0, 0, 0, 0, 1, 1, 0, 1, 1, 0, 0, 0, 0, 1, 1, 0, 1, 0, 1, 1, 0, 0], [1, 1, 0, 0, 0, 0, 1, 1, 0, 1, 1, 0, 0, 0, 0, 1, 1, 0, 1, 1, 0, 1, 0, 0], [1, 1, 0, 1, 0, 0, 1, 1, 0, 1, 1, 0, 0, 0, 0, 0, 1, 0, 1, 1, 0, 1, 0, 0], [1, 1, 0, 1, 0, 1, 1, 1, 0, 1, 1, 0, 0, 0, 0, 1, 0, 1, 1, 1, 0, 1, 0, 0], [1, 1, 0, 1, 0, 1, 1, 1, 0, 1, 1, 0, 0, 0, 0, 1, 1, 0, 0, 0, 0, 1, 0, 0], [1, 1, 0, 1, 0, 1, 1, 1, 0, 1, 1, 0, 0, 0, 0, 1, 1, 0, 1, 1, 0, 1, 0, 0], [1, 1, 0, 1, 1, 0, 1, 0, 1, 1, 0, 1, 0, 0, 0, 1, 0, 0, 0, 1, 0, 1, 0, 0], [1, 1, 0, 1, 1, 0, 1, 0, 1, 1, 0, 1, 0, 0, 0, 1, 1, 0, 1, 1, 0, 1, 0, 0], [1, 1, 0, 1, 1, 0, 1, 0, 1, 1, 1, 0, 0, 0, 0, 0, 0, 0, 1, 1, 0, 1, 0, 0], [1, 1, 0, 1, 1, 0, 1, 0, 1, 1, 1, 0, 0, 0, 0, 1, 0, 1, 1, 1, 0, 1, 0, 0], [1, 1, 0, 1, 1, 0, 1, 0, 1, 1, 1, 0, 0, 0, 0, 1, 1, 0, 0, 0, 0, 1, 0, 0], [1, 1, 0, 1, 1, 0, 1, 0, 1, 1, 1, 0, 0, 0, 0, 1, 1, 0, 1, 1, 0, 1, 0, 0], [1, 1, 0, 1, 1, 0, 1, 1, 0, 0, 0, 0, 0, 0, 0, 0, 0, 0, 1, 1, 0, 1, 0, 0], [1, 1, 0, 1, 1, 0, 1, 1, 0, 0, 0, 0, 0, 0, 0, 1, 1, 0, 1, 1, 0, 1, 0, 0], [1, 1, 0, 1, 1, 0, 1, 1, 0, 1, 0, 1, 0, 0, 0, 0, 0, 0, 1, 1, 0, 1, 0, 0], [1, 1, 0, 1, 1, 0, 1, 1, 0, 1, 0, 1, 0, 0, 0, 1, 0, 1, 0, 0, 0, 1, 0, 0], [1, 1, 0, 1, 1, 0, 1, 1, 0, 1, 0, 1, 0, 0, 0, 1, 1, 0, 1, 0, 1, 1, 0, 0], [1, 1, 0, 1, 1, 0, 1, 1, 0, 1, 0, 1, 0, 0, 0, 1, 1, 0, 1, 1, 0, 1, 0, 0], [1, 1, 0, 1, 1, 0, 1, 1, 0, 1, 1, 0, 0, 0, 0, 0, 0, 0, 0, 0, 0, 1, 0, 0], [1, 1, 0, 1, 1, 0, 1, 1, 0, 1, 1, 0, 0, 0, 0, 0, 0, 0, 1, 0, 1, 1, 0, 0], [1, 1, 0, 1, 1, 0, 1, 1, 0, 1, 1, 0, 0, 0, 0, 0, 0, 0, 1, 1, 0, 1, 0, 0], [1, 1, 0, 1, 1, 0, 1, 1, 0, 1, 1, 0, 0, 0, 0, 1, 0, 1, 0, 0, 0, 1, 0, 0], [1, 1, 0, 1, 1, 0, 1, 1, 0, 1, 1, 0, 0, 0, 0, 1, 0, 1, 1, 1, 0, 1, 0, 0], [1, 1, 0, 1, 1, 0, 1, 1, 0, 1, 1, 0, 0, 0, 0, 1, 1, 0, 0, 0, 0, 1, 0, 0], [1, 1, 0, 1, 1, 0, 1, 1, 0, 1, 1, 0, 0, 0, 0, 1, 1, 0, 1, 0, 1, 1, 0, 0], [1, 1, 0, 1, 1, 0, 1, 1, 0, 1, 1, 0, 0, 0, 0, 1, 1, 0, 1, 1, 0, 1, 0, 0]]","[0.00390625, 0.00390625, 0.00390625, 0.00390625, 0.00390625, 0.00390625, 0.00390625, 0.00390625, 0.00390625, 0.03515625, 0.00390625, 0.0078125, 0.0078125, 0.046875, 0.00390625, 0.01171875, 0.00390625, 0.0390625, 0.00390625, 0.01171875, 0.00390625, 0.0078125, 0.01171875, 0.03125, 0.00390625, 0.00390625, 0.00390625, 0.00390625, 0.0078125, 0.01171875, 0.00390625, 0.00390625, 0.0546875, 0.00390625, 0.046875, 0.0703125, 0.0390625, 0.4765625]",31,395,50,168,444,
supportcase6_ds_qaoa_c759_c762_0004,data/miplib_benders/qaoa_problems/nvars_08/supportcase6_ds_qaoa_c759_c762_0004.json,8,24,2,ddsim,30,256,ok,368.2017556920182,411.78125,296836000.0,"{""B100608(7)"": 0, ""B100623(7)"": 0, ""B101029(7)"": 0, ""B101037(7)"": 0, ""B101043(7)"": 0, ""B101058(7)"": 0, ""B101479(7)"": 1, ""B101487(7)"": 1}",,,,"[[1, 0, 1, 1, 1, 0, 0, 0, 0, 1, 1, 0, 1, 1, 0, 1, 1, 0, 1, 0, 0, 1, 0, 0], [1, 1, 0, 1, 0, 1, 0, 0, 0, 1, 1, 0, 0, 0, 0, 1, 1, 0, 1, 0, 0, 1, 0, 0], [1, 1, 0, 1, 0, 1, 0, 0, 0, 1, 1, 0, 1, 1, 0, 1, 1, 0, 1, 0, 0, 1, 0, 0], [1, 1, 0, 1, 1, 0, 0, 0, 0, 0, 0, 0, 1, 1, 0, 1, 1, 0, 1, 0, 0, 1, 0, 0], [1, 1, 0, 1, 1, 0, 0, 0, 0, 1, 0, 1, 1, 1, 0, 1, 1, 0, 1, 0, 0, 1, 0, 0], [1, 1, 0, 1, 1, 0, 0, 0, 0, 1, 1, 0, 0, 0, 0, 1, 1, 0, 1, 0, 0, 1, 0, 0], [1, 1, 0, 1, 1, 0, 0, 0, 0, 1, 1, 0, 1, 0, 1, 1, 1, 0, 1, 0, 0, 1, 0, 0], [1, 1, 0, 1, 1, 0, 0, 0, 0, 1, 1, 0, 1, 1, 0, 0, 0, 0, 1, 0, 0, 1, 0, 0], [1, 1, 0, 1, 1, 0, 0, 0, 0, 1, 1, 0, 1, 1, 0, 1, 0, 1, 1, 0, 0, 1, 0, 0], [1, 1, 0, 1, 1, 0, 0, 0, 0, 1, 1, 0, 1, 1, 0, 1, 1, 0, 1, 0, 0, 1, 0, 0]]","[0.0234375, 0.00390625, 0.01171875, 0.015625, 0.0234375, 0.00390625, 0.015625, 0.02734375, 0.01171875, 0.86328125]",29,455,50,220,466,
supportcase6_ds_qaoa_c759_c762_0002,data/miplib_benders/qaoa_problems/nvars_08/supportcase6_ds_qaoa_c759_c762_0002.json,8,24,2,ddsim,30,256,ok,737.2908213239862,424.80078125,296836000.0,"{""B100594(7)"": 0, ""B100602(7)"": 0, ""B100608(7)"": 0, ""B100623(7)"": 0, ""B101029(7)"": 1, ""B101037(7)"": 1, ""B101043(7)"": 0, ""B101058(7)"": 0}",,,,"[[1, 1, 0, 1, 1, 0, 1, 1, 0, 1, 1, 0, 1, 1, 0, 1, 1, 0, 1, 1, 0, 1, 0, 0]]",[1.0],30,455,50,220,461,
supportcase6_ds_qaoa_c759_c762_0003,data/miplib_benders/qaoa_problems/nvars_08/supportcase6_ds_qaoa_c759_c762_0003.json,8,24,2,ddsim,30,256,ok,723.2441166109638,411.7421875,296836000.0,"{""B100602(7)"": 0, ""B100608(7)"": 0, ""B100623(7)"": 0, ""B101029(7)"": 0, ""B101037(7)"": 1, ""B101043(7)"": 0, ""B101058(7)"": 0, ""B101479(7)"": 1}",,,,"[[1, 0, 0, 0, 1, 0, 1, 1, 0, 0, 0, 0, 1, 1, 0, 1, 1, 0, 1, 0, 0, 0, 0, 0], [1, 0, 1, 0, 0, 0, 1, 1, 0, 0, 0, 0, 1, 1, 0, 1, 1, 0, 1, 0, 0, 0, 0, 0], [1, 0, 1, 1, 1, 0, 1, 1, 0, 0, 0, 0, 0, 0, 0, 1, 1, 0, 1, 0, 0, 0, 0, 0], [1, 0, 1, 1, 1, 0, 1, 1, 0, 0, 0, 0, 1, 0, 1, 1, 1, 0, 1, 0, 0, 0, 0, 0], [1, 0, 1, 1, 1, 0, 1, 1, 0, 0, 0, 0, 1, 1, 0, 0, 0, 0, 1, 0, 0, 0, 0, 0], [1, 0, 1, 1, 1, 0, 1, 1, 0, 0, 0, 0, 1, 1, 0, 1, 0, 1, 1, 0, 0, 0, 0, 0], [1, 0, 1, 1, 1, 0, 1, 1, 0, 0, 0, 0, 1, 1, 0, 1, 1, 0, 1, 0, 0, 0, 0, 0], [1, 1, 0, 0, 0, 0, 1, 0, 1, 0, 0, 0, 0, 0, 0, 1, 0, 1, 1, 0, 0, 0, 0, 0], [1, 1, 0, 0, 0, 0, 1, 1, 0, 0, 0, 0, 1, 0, 1, 1, 1, 0, 1, 0, 0, 0, 0, 0], [1, 1, 0, 0, 0, 0, 1, 1, 0, 0, 0, 0, 1, 1, 0, 1, 1, 0, 1, 0, 0, 0, 0, 0], [1, 1, 0, 1, 0, 1, 1, 1, 0, 0, 0, 0, 1, 1, 0, 1, 0, 1, 1, 0, 0, 0, 0, 0], [1, 1, 0, 1, 0, 1, 1, 1, 0, 0, 0, 0, 1, 1, 0, 1, 1, 0, 1, 0, 0, 0, 0, 0], [1, 1, 0, 1, 1, 0, 1, 0, 1, 0, 0, 0, 1, 1, 0, 0, 0, 0, 1, 0, 0, 0, 0, 0], [1, 1, 0, 1, 1, 0, 1, 0, 1, 0, 0, 0, 1, 1, 0, 1, 0, 1, 1, 0, 0, 0, 0, 0], [1, 1, 0, 1, 1, 0, 1, 0, 1, 0, 0, 0, 1, 1, 0, 1, 1, 0, 1, 0, 0, 0, 0, 0], [1, 1, 0, 1, 1, 0, 1, 1, 0, 0, 0, 0, 0, 0, 0, 1, 0, 1, 1, 0, 0, 0, 0, 0], [1, 1, 0, 1, 1, 0, 1, 1, 0, 0, 0, 0, 0, 0, 0, 1, 1, 0, 1, 0, 0, 0, 0, 0], [1, 1, 0, 1, 1, 0, 1, 1, 0, 0, 0, 0, 1, 0, 1, 0, 0, 0, 1, 0, 0, 0, 0, 0], [1, 1, 0, 1, 1, 0, 1, 1, 0, 0, 0, 0, 1, 0, 1, 1, 0, 1, 1, 0, 0, 0, 0, 0], [1, 1, 0, 1, 1, 0, 1, 1, 0, 0, 0, 0, 1, 0, 1, 1, 1, 0, 1, 0, 0, 0, 0, 0], [1, 1, 0, 1, 1, 0, 1, 1, 0, 0, 0, 0, 1, 1, 0, 0, 0, 0, 1, 0, 0, 0, 0, 0], [1, 1, 0, 1, 1, 0, 1, 1, 0, 0, 0, 0, 1, 1, 0, 1, 0, 1, 1, 0, 0, 0, 0, 0], [1, 1, 0, 1, 1, 0, 1, 1, 0, 0, 0, 0, 1, 1, 0, 1, 1, 0, 1, 0, 0, 0, 0, 0]]","[0.00390625, 0.01171875, 0.00390625, 0.00390625, 0.00390625, 0.00390625, 0.01953125, 0.00390625, 0.00390625, 0.04296875, 0.0078125, 0.01953125, 0.00390625, 0.0078125, 0.03515625, 0.0078125, 0.07421875, 0.01171875, 0.00390625, 0.02734375, 0.03125, 0.03515625, 0.6328125]",28,455,50,220,465,
ex10_ds_qaoa_NOD26_NOD2X2_0001,data/miplib_benders/qaoa_problems/nvars_09/ex10_ds_qaoa_NOD26_NOD2X2_0001.json,9,27,2,ddsim,30,256,ok,766.796192558948,408.25,1.0,"{""b26_220"": 0, ""b26_222"": 1, ""b26_223"": 0, ""b26_230"": 0, ""b26_240"": 0, ""b26_241"": 0, ""b26_242"": 0, ""b26_243"": 0, ""b26_250"": 0}",1.0,"{""b26_220"": 0, ""b26_222"": 0, ""b26_223"": 1, ""b26_230"": 0, ""b26_240"": 0, ""b26_241"": 0, ""b26_242"": 0, ""b26_243"": 0, ""b26_250"": 0}",1.0,"[[0, 0, 0, 0, 0, 0, 1, 0, 0, 0, 0, 0, 0, 0, 0, 0, 0, 0, 0, 0, 0, 0, 0, 0, 0, 0, 0]]",[1.0],21,229,56,102,298,
ex9_ds_qaoa_NOD2X5_NOD37_0004,data/miplib_benders/qaoa_problems/nvars_09/ex9_ds_qaoa_NOD2X5_NOD37_0004.json,9,27,2,ddsim,30,256,ok,797.9809817209607,407.15234375,1.0,"{""b37_233"": 0, ""b37_240"": 0, ""b37_241"": 0, ""b37_242"": 0, ""b37_243"": 0, ""b37_250"": 0, ""b37_251"": 0, ""b37_252"": 0, ""b37_253"": 1}",1.0,"{""b37_233"": 0, ""b37_240"": 0, ""b37_241"": 0, ""b37_242"": 0, ""b37_243"": 0, ""b37_250"": 0, ""b37_251"": 0, ""b37_252"": 0, ""b37_253"": 1}",1.0,"[[0, 0, 0, 0, 0, 0, 0, 0, 0, 0, 0, 0, 0, 0, 0, 0, 0, 0, 0, 0, 0, 0, 0, 0, 1, 0, 0]]",[1.0],31,189,56,84,298,
ex9_ds_qaoa_NOD2X5_NOD37_0003,data/miplib_benders/qaoa_problems/nvars_09/ex9_ds_qaoa_NOD2X5_NOD37_0003.json,9,27,2,ddsim,30,256,ok,1139.8187976930058,400.71484375,1.0,"{""b37_230"": 0, ""b37_233"": 0, ""b37_240"": 0, ""b37_241"": 0, ""b37_242"": 0, ""b37_243"": 0, ""b37_250"": 0, ""b37_251"": 0, ""b37_252"": 1}",1.0,"{""b37_230"": 0, ""b37_233"": 0, ""b37_240"": 0, ""b37_241"": 0, ""b37_242"": 0, ""b37_243"": 0, ""b37_250"": 0, ""b37_251"": 0, ""b37_252"": 1}",0.99609375,"[[0, 0, 0, 0, 0, 0, 0, 0, 0, 0, 0, 0, 0, 0, 0, 0, 0, 0, 0, 0, 0, 0, 0, 0, 1, 0, 0], [1, 1, 0, 0, 0, 0, 0, 0, 0, 0, 0, 0, 0, 0, 0, 0, 0, 0, 0, 0, 0, 0, 0, 0, 1, 0, 0]]","[0.99609375, 0.00390625]",30,229,56,102,298,
ex9_ds_qaoa_NOD2X5_NOD37_0005,data/miplib_benders/qaoa_problems/nvars_09/ex9_ds_qaoa_NOD2X5_NOD37_0005.json,9,27,2,ddsim,30,256,ok,1090.1576080790255,411.46484375,1.0,"{""b37_240"": 0, ""b37_241"": 0, ""b37_242"": 0, ""b37_243"": 0, ""b37_250"": 0, ""b37_251"": 0, ""b37_252"": 1, ""b37_253"": 0, ""b37_260"": 0}",1.0,"{""b37_240"": 0, ""b37_241"": 0, ""b37_242"": 0, ""b37_243"": 0, ""b37_250"": 0, ""b37_251"": 0, ""b37_252"": 0, ""b37_253"": 1, ""b37_260"": 0}",1.0,"[[0, 0, 0, 0, 0, 0, 0, 0, 0, 0, 0, 0, 0, 0, 0, 0, 0, 0, 0, 0, 0, 1, 0, 0, 0, 0, 0]]",[1.0],27,189,56,84,298,
ex9_ds_qaoa_NOD2X5_NOD37_0006,data/miplib_benders/qaoa_problems/nvars_09/ex9_ds_qaoa_NOD2X5_NOD37_0006.json,9,27,2,ddsim,30,256,ok,868.7733505510259,412.8828125,1.0,"{""b37_241"": 0, ""b37_242"": 0, ""b37_243"": 0, ""b37_250"": 0, ""b37_251"": 0, ""b37_252"": 1, ""b37_253"": 0, ""b37_260"": 0, ""b37_261"": 0}",1.0,"{""b37_241"": 0, ""b37_242"": 0, ""b37_243"": 0, ""b37_250"": 0, ""b37_251"": 0, ""b37_252"": 0, ""b37_253"": 1, ""b37_260"": 0, ""b37_261"": 0}",1.0,"[[0, 0, 0, 0, 0, 0, 0, 0, 0, 0, 0, 0, 0, 0, 0, 0, 0, 0, 1, 0, 0, 0, 0, 0, 0, 0, 0]]",[1.0],29,189,56,84,298,
highschool1-aigio_ds_qaoa_spreadEventsUB_SpreadEvents1_108_Mo_spreadEventsUB_SpreadEvents1_108_Th_subeventsNotActive_108_1_1_0001,data/miplib_benders/qaoa_problems/nvars_09/highschool1-aigio_ds_qaoa_spreadEventsUB_SpreadEvents1_108_Mo_spreadEventsUB_SpreadEvents1_108_Th_subeventsNotActive_108_1_1_0001.json,9,27,3,ddsim,30,256,ok,836.6779453540221,482.1875,9.0,"{""row_slack_spreadEventsUB_SpreadEvents1_108_Mo"": 0, ""row_slack_spreadEventsUB_SpreadEvents1_108_Th"": 0, ""row_slack_subeventsNotActive_108_1_1"": 2, ""y(108#1#1,Mo_4)"": 0, ""y(108#1#1,Mo_5)"": 0, ""y(108#1#1,Mo_6)"": 1, ""y(108#1#1,Th_4)"": 0, ""y(108#1#1,Th_5)"": 0, ""y(108#1#1,Th_6)"": 1}",0.0,"{""row_slack_spreadEventsUB_SpreadEvents1_108_Mo"": 1, ""row_slack_spreadEventsUB_SpreadEvents1_108_Th"": 1, ""row_slack_subeventsNotActive_108_1_1"": 0, ""y(108#1#1,Mo_4)"": 0, ""y(108#1#1,Mo_5)"": 0, ""y(108#1#1,Mo_6)"": 0, ""y(108#1#1,Th_4)"": 0, ""y(108#1#1,Th_5)"": 0, ""y(108#1#1,Th_6)"": 0}",0.99609375,"[[0, 0, 0, 0, 0, 0, 0, 0, 0, 0, 0, 0, 0, 0, 0, 0, 0, 0, 1, 0, 0, 1, 0, 0, 0, 0, 0], [1, 0, 0, 0, 0, 0, 0, 1, 0, 0, 0, 0, 0, 0, 0, 0, 0, 0, 1, 0, 0, 1, 0, 0, 0, 0, 0]]","[0.99609375, 0.00390625]",29,509,56,227,581,
highschool1-aigio_ds_qaoa_spreadEventsUB_SpreadEvents1_108_Mo_spreadEventsUB_SpreadEvents1_108_Th_subeventsNotActive_108_1_1_0002,data/miplib_benders/qaoa_problems/nvars_09/highschool1-aigio_ds_qaoa_spreadEventsUB_SpreadEvents1_108_Mo_spreadEventsUB_SpreadEvents1_108_Th_subeventsNotActive_108_1_1_0002.json,9,27,3,ddsim,30,256,ok,1245.1936725310516,420.58984375,11.0,"{""row_slack_spreadEventsUB_SpreadEvents1_108_Mo"": 0, ""row_slack_spreadEventsUB_SpreadEvents1_108_Th"": 0, ""row_slack_subeventsNotActive_108_1_1"": 1, ""y(108#1#1,Mo_5)"": 0, ""y(108#1#1,Mo_6)"": 0, ""y(108#1#1,Th_4)"": 0, ""y(108#1#1,Th_5)"": 0, ""y(108#1#1,Th_6)"": 1, ""y(108#1#2,Mo_4)"": 1}",0.0,"{""row_slack_spreadEventsUB_SpreadEvents1_108_Mo"": 1, ""row_slack_spreadEventsUB_SpreadEvents1_108_Th"": 1, ""row_slack_subeventsNotActive_108_1_1"": 0, ""y(108#1#1,Mo_5)"": 0, ""y(108#1#1,Mo_6)"": 0, ""y(108#1#1,Th_4)"": 0, ""y(108#1#1,Th_5)"": 0, ""y(108#1#1,Th_6)"": 0, ""y(108#1#2,Mo_4)"": 0}",1.0,"[[0, 0, 0, 0, 0, 0, 0, 0, 0, 0, 0, 0, 0, 0, 0, 0, 0, 0, 1, 0, 0, 1, 0, 0, 0, 0, 0]]",[1.0],26,509,56,227,581,
highschool1-aigio_ds_qaoa_spreadEventsUB_SpreadEvents1_108_Mo_spreadEventsUB_SpreadEvents1_108_Th_subeventsNotActive_108_1_1_0003,data/miplib_benders/qaoa_problems/nvars_09/highschool1-aigio_ds_qaoa_spreadEventsUB_SpreadEvents1_108_Mo_spreadEventsUB_SpreadEvents1_108_Th_subeventsNotActive_108_1_1_0003.json,9,27,3,ddsim,30,256,ok,1173.8309987549437,428.81640625,10.0,"{""row_slack_spreadEventsUB_SpreadEvents1_108_Mo"": 0, ""row_slack_spreadEventsUB_SpreadEvents1_108_Th"": 0, ""row_slack_subeventsNotActive_108_1_1"": 1, ""y(108#1#1,Mo_6)"": 0, ""y(108#1#1,Th_4)"": 0, ""y(108#1#1,Th_5)"": 0, ""y(108#1#1,Th_6)"": 1, ""y(108#1#2,Mo_4)"": 0, ""y(108#1#2,Mo_5)"": 1}",0.0,"{""row_slack_spreadEventsUB_SpreadEvents1_108_Mo"": 1, ""row_slack_spreadEventsUB_SpreadEvents1_108_Th"": 1, ""row_slack_subeventsNotActive_108_1_1"": 0, ""y(108#1#1,Mo_6)"": 0, ""y(108#1#1,Th_4)"": 0, ""y(108#1#1,Th_5)"": 0, ""y(108#1#1,Th_6)"": 0, ""y(108#1#2,Mo_4)"": 0, ""y(108#1#2,Mo_5)"": 0}",1.0,"[[0, 0, 0, 0, 0, 0, 0, 0, 0, 0, 0, 0, 0, 0, 0, 0, 0, 0, 1, 0, 0, 1, 0, 0, 0, 0, 0]]",[1.0],22,509,56,227,581,
irp_ds_qaoa_R0010_R0015_0001,data/miplib_benders/qaoa_problems/nvars_09/irp_ds_qaoa_R0010_R0015_0001.json,9,27,2,ddsim,30,256,ok,1348.9570993530797,409.30078125,6154830000.0,"{""C16904"": 1, ""C16905"": 0, ""C16906"": 0, ""C16908"": 0, ""C16909"": 0, ""C16910"": 0, ""C16911"": 0, ""C16912"": 0, ""C16913"": 0}",,,,"[[1, 0, 1, 1, 1, 0, 1, 0, 0, 1, 1, 0, 1, 1, 0, 1, 1, 0, 1, 1, 0, 1, 1, 0, 1, 1, 0], [1, 1, 0, 1, 1, 0, 1, 0, 0, 1, 0, 1, 1, 1, 0, 1, 1, 0, 1, 1, 0, 1, 1, 0, 1, 1, 0], [1, 1, 0, 1, 1, 0, 1, 0, 0, 1, 1, 0, 0, 0, 0, 1, 1, 0, 1, 1, 0, 1, 1, 0, 1, 1, 0], [1, 1, 0, 1, 1, 0, 1, 0, 0, 1, 1, 0, 1, 0, 1, 1, 1, 0, 1, 1, 0, 1, 1, 0, 1, 1, 0], [1, 1, 0, 1, 1, 0, 1, 0, 0, 1, 1, 0, 1, 1, 0, 1, 0, 1, 1, 1, 0, 1, 1, 0, 1, 1, 0], [1, 1, 0, 1, 1, 0, 1, 0, 0, 1, 1, 0, 1, 1, 0, 1, 1, 0, 0, 0, 0, 1, 1, 0, 1, 1, 0], [1, 1, 0, 1, 1, 0, 1, 0, 0, 1, 1, 0, 1, 1, 0, 1, 1, 0, 1, 0, 1, 1, 1, 0, 1, 1, 0], [1, 1, 0, 1, 1, 0, 1, 0, 0, 1, 1, 0, 1, 1, 0, 1, 1, 0, 1, 1, 0, 1, 0, 1, 1, 1, 0], [1, 1, 0, 1, 1, 0, 1, 0, 0, 1, 1, 0, 1, 1, 0, 1, 1, 0, 1, 1, 0, 1, 1, 0, 0, 0, 0], [1, 1, 0, 1, 1, 0, 1, 0, 0, 1, 1, 0, 1, 1, 0, 1, 1, 0, 1, 1, 0, 1, 1, 0, 1, 1, 0]]","[0.0078125, 0.00390625, 0.00390625, 0.0078125, 0.00390625, 0.00390625, 0.0078125, 0.00390625, 0.00390625, 0.953125]",31,229,56,102,298,
leo1_ds_qaoa_R0000042_R0000043_R0000047_0003,data/miplib_benders/qaoa_problems/nvars_09/leo1_ds_qaoa_R0000042_R0000043_R0000047_0003.json,9,27,3,ddsim,30,256,ok,1195.9207767500775,428.96484375,12.0,"{""C0003539"": 0, ""C0003540"": 0, ""C0003541"": 1, ""C0003572"": 1, ""C0003573"": 1, ""C0003574"": 0, ""row_slack_R0000042"": 0, ""row_slack_R0000043"": 7, ""row_slack_R0000047"": 1}",9.0,"{""C0003539"": 0, ""C0003540"": 0, ""C0003541"": 1, ""C0003572"": 0, ""C0003573"": 0, ""C0003574"": 1, ""row_slack_R0000042"": 0, ""row_slack_R0000043"": 6, ""row_slack_R0000047"": 0}",1.0,"[[0, 0, 0, 0, 0, 0, 1, 0, 0, 0, 0, 0, 0, 0, 0, 1, 0, 0, 0, 0, 0, 0, 1, 1, 0, 0, 0]]",[1.0],26,413,56,197,507,
leo1_ds_qaoa_R0000090_R0000091_R0000095_0003,data/miplib_benders/qaoa_problems/nvars_09/leo1_ds_qaoa_R0000090_R0000091_R0000095_0003.json,9,27,3,ddsim,30,256,ok,1127.5121922979597,429.76953125,50.0,"{""C0003539"": 0, ""C0003540"": 0, ""C0003541"": 1, ""C0003572"": 0, ""C0003573"": 1, ""C0003574"": 7, ""row_slack_R0000090"": 0, ""row_slack_R0000091"": 7, ""row_slack_R0000095"": 6}",36.0,"{""C0003539"": 0, ""C0003540"": 0, ""C0003541"": 4, ""C0003572"": 0, ""C0003573"": 0, ""C0003574"": 4, ""row_slack_R0000090"": 3, ""row_slack_R0000091"": 6, ""row_slack_R0000095"": 2}",1.0,"[[0, 0, 0, 0, 0, 0, 0, 0, 1, 0, 0, 0, 0, 0, 0, 0, 0, 1, 1, 1, 0, 0, 1, 1, 0, 1, 0]]",[1.0],28,508,56,227,584,
leo1_ds_qaoa_R0000097_R0000335_R0000339_0003,data/miplib_benders/qaoa_problems/nvars_09/leo1_ds_qaoa_R0000097_R0000335_R0000339_0003.json,9,27,3,ddsim,30,256,ok,1130.929854619084,413.828125,9.0,"{""C0003539"": 0, ""C0003540"": 0, ""C0003541"": 1, ""C0003572"": 0, ""C0003573"": 0, ""C0003574"": 1, ""row_slack_R0000097"": 0, ""row_slack_R0000335"": 0, ""row_slack_R0000339"": 0}",9.0,"{""C0003539"": 0, ""C0003540"": 0, ""C0003541"": 1, ""C0003572"": 0, ""C0003573"": 0, ""C0003574"": 1, ""row_slack_R0000097"": 0, ""row_slack_R0000335"": 0, ""row_slack_R0000339"": 0}",1.0,"[[0, 0, 0, 0, 0, 0, 1, 0, 0, 0, 0, 0, 0, 0, 0, 1, 0, 0, 0, 0, 0, 0, 0, 0, 0, 0, 0]]",[1.0],22,415,56,202,488,
leo2_ds_qaoa_R0000090_R0000091_R0000095_0008,data/miplib_benders/qaoa_problems/nvars_09/leo2_ds_qaoa_R0000090_R0000091_R0000095_0008.json,9,27,3,ddsim,30,256,ok,1134.5436113619944,422.7578125,45.0,"{""C0005738"": 0, ""C0005739"": 0, ""C0005740"": 1, ""C0005788"": 0, ""C0005789"": 0, ""C0005790"": 7, ""row_slack_R0000090"": 1, ""row_slack_R0000091"": 7, ""row_slack_R0000095"": 5}",30.0,"{""C0005738"": 0, ""C0005739"": 0, ""C0005740"": 2, ""C0005788"": 0, ""C0005789"": 0, ""C0005790"": 4, ""row_slack_R0000090"": 3, ""row_slack_R0000091"": 6, ""row_slack_R0000095"": 2}",1.0,"[[0, 0, 0, 0, 0, 0, 0, 1, 0, 0, 0, 0, 0, 0, 0, 0, 0, 1, 1, 1, 0, 0, 1, 1, 0, 1, 0]]",[1.0],22,378,56,170,481,
leo1_ds_qaoa_R0000335_R0000339_R0000535_0003,data/miplib_benders/qaoa_problems/nvars_09/leo1_ds_qaoa_R0000335_R0000339_R0000535_0003.json,9,27,3,ddsim,30,256,ok,1198.9137102660025,413.01953125,9.0,"{""C0003539"": 0, ""C0003540"": 0, ""C0003541"": 1, ""C0003572"": 0, ""C0003573"": 0, ""C0003574"": 1, ""row_slack_R0000335"": 0, ""row_slack_R0000339"": 0, ""row_slack_R0000535"": 1}",6.0,"{""C0003539"": 0, ""C0003540"": 0, ""C0003541"": 0, ""C0003572"": 0, ""C0003573"": 0, ""C0003574"": 1, ""row_slack_R0000335"": 1, ""row_slack_R0000339"": 0, ""row_slack_R0000535"": 0}",1.0,"[[0, 0, 0, 0, 0, 0, 0, 0, 0, 0, 0, 0, 0, 0, 0, 1, 0, 0, 1, 0, 0, 0, 0, 0, 0, 0, 0]]",[1.0],25,509,56,227,581,
neos-1456979_ds_qaoa_R0008_R0009_R0046_0001,data/miplib_benders/qaoa_problems/nvars_09/neos-1456979_ds_qaoa_R0008_R0009_R0046_0001.json,9,27,3,ddsim,30,256,ok,707.7711888039485,481.41015625,13.0,"{""C0186"": 0, ""C0191"": 0, ""C0192"": 0, ""C0193"": 0, ""C0194"": 0, ""C0195"": 1, ""C0196"": 0, ""C0197"": 0, ""C0198"": 1}",13.0,"{""C0186"": 0, ""C0191"": 0, ""C0192"": 0, ""C0193"": 0, ""C0194"": 0, ""C0195"": 1, ""C0196"": 0, ""C0197"": 0, ""C0198"": 1}",1.0,"[[0, 0, 0, 0, 0, 0, 0, 0, 0, 0, 0, 0, 0, 0, 0, 1, 0, 0, 0, 0, 0, 0, 0, 0, 1, 0, 0]]",[1.0],26,935,56,466,896,
neos8_ds_qaoa_R0001_R0002_0002,data/miplib_benders/qaoa_problems/nvars_09/neos8_ds_qaoa_R0001_R0002_0002.json,9,27,2,ddsim,30,256,ok,466.12388083408587,416.03515625,-0.0,"{""C0002"": 0, ""C0005"": 0, ""C0006"": 0, ""C0009"": 0, ""C0013"": 0, ""C0014"": 0, ""C0017"": 0, ""row_slack_R0001"": 1, ""row_slack_R0002"": 1}",0.0,"{""C0002"": 0, ""C0005"": 0, ""C0006"": 0, ""C0009"": 0, ""C0013"": 0, ""C0014"": 0, ""C0017"": 0, ""row_slack_R0001"": 1, ""row_slack_R0002"": 1}",1.0,"[[0, 0, 0, 0, 0, 0, 0, 0, 0, 0, 0, 0, 0, 0, 0, 0, 0, 0, 0, 0, 0, 1, 0, 0, 1, 0, 0]]",[1.0],23,605,56,295,600,
neos8_ds_qaoa_R0001_R0002_0001,data/miplib_benders/qaoa_problems/nvars_09/neos8_ds_qaoa_R0001_R0002_0001.json,9,27,2,ddsim,30,256,ok,542.7080085249618,413.015625,-0.0,"{""C0001"": 0, ""C0002"": 0, ""C0005"": 0, ""C0006"": 0, ""C0009"": 0, ""C0013"": 0, ""C0014"": 0, ""row_slack_R0001"": 1, ""row_slack_R0002"": 1}",0.0,"{""C0001"": 0, ""C0002"": 0, ""C0005"": 0, ""C0006"": 0, ""C0009"": 0, ""C0013"": 0, ""C0014"": 0, ""row_slack_R0001"": 1, ""row_slack_R0002"": 1}",1.0,"[[0, 0, 0, 0, 0, 0, 0, 0, 0, 0, 0, 0, 0, 0, 0, 0, 0, 0, 0, 0, 0, 1, 0, 0, 1, 0, 0]]",[1.0],24,645,56,313,600,
neos-5188808-nattai_ds_qaoa_R15181_R15052_0007,data/miplib_benders/qaoa_problems/nvars_09/neos-5188808-nattai_ds_qaoa_R15181_R15052_0007.json,9,27,2,ddsim,30,256,ok,1467.300501805963,434.578125,28.0,"{""C14305"": 7, ""C14306"": 7, ""C14308"": 0, ""C14309"": 0, ""C14310"": 0, ""C14311"": 0, ""C14312"": 1, ""C14313"": 0, ""row_slack_R15052"": 1}",28.0,"{""C14305"": 6, ""C14306"": 7, ""C14308"": 0, ""C14309"": 0, ""C14310"": 0, ""C14311"": 0, ""C14312"": 0, ""C14313"": 1, ""row_slack_R15052"": 4}",1.0,"[[0, 1, 1, 1, 1, 1, 0, 0, 0, 0, 0, 0, 0, 0, 0, 0, 0, 0, 0, 0, 0, 1, 0, 0, 0, 0, 1]]",[1.0],20,823,56,407,795,
neos8_ds_qaoa_R0001_R0002_0003,data/miplib_benders/qaoa_problems/nvars_09/neos8_ds_qaoa_R0001_R0002_0003.json,9,27,2,ddsim,30,256,ok,979.7016390649369,429.046875,-0.0,"{""C0005"": 0, ""C0006"": 0, ""C0009"": 0, ""C0013"": 0, ""C0014"": 0, ""C0017"": 0, ""C0018"": 0, ""row_slack_R0001"": 1, ""row_slack_R0002"": 1}",0.0,"{""C0005"": 0, ""C0006"": 0, ""C0009"": 0, ""C0013"": 0, ""C0014"": 0, ""C0017"": 0, ""C0018"": 0, ""row_slack_R0001"": 1, ""row_slack_R0002"": 1}",1.0,"[[0, 0, 0, 0, 0, 0, 0, 0, 0, 0, 0, 0, 0, 0, 0, 0, 0, 0, 0, 0, 0, 1, 0, 0, 1, 0, 0]]",[1.0],31,605,56,295,600,
neos8_ds_qaoa_R0001_R0002_0004,data/miplib_benders/qaoa_problems/nvars_09/neos8_ds_qaoa_R0001_R0002_0004.json,9,27,2,ddsim,30,256,ok,646.0585759270471,453.984375,-0.0,"{""C0006"": 0, ""C0009"": 0, ""C0013"": 0, ""C0014"": 0, ""C0017"": 0, ""C0018"": 0, ""C0022"": 0, ""row_slack_R0001"": 1, ""row_slack_R0002"": 1}",0.0,"{""C0006"": 0, ""C0009"": 0, ""C0013"": 0, ""C0014"": 0, ""C0017"": 0, ""C0018"": 0, ""C0022"": 0, ""row_slack_R0001"": 1, ""row_slack_R0002"": 1}",0.9765625,"[[0, 0, 0, 0, 0, 0, 0, 0, 0, 0, 0, 0, 0, 0, 0, 0, 0, 0, 0, 0, 0, 1, 0, 0, 1, 0, 0], [0, 0, 0, 1, 0, 0, 0, 0, 0, 0, 0, 0, 0, 0, 0, 0, 0, 0, 0, 0, 0, 0, 0, 0, 1, 0, 0], [0, 0, 0, 1, 1, 0, 0, 0, 0, 0, 0, 0, 0, 0, 0, 0, 0, 0, 0, 0, 0, 1, 0, 0, 1, 0, 0], [1, 0, 0, 0, 0, 0, 0, 0, 0, 0, 0, 0, 0, 0, 0, 0, 0, 1, 0, 0, 0, 1, 0, 0, 1, 0, 0], [1, 0, 0, 1, 0, 0, 0, 0, 0, 0, 0, 0, 0, 0, 0, 0, 0, 0, 0, 0, 0, 1, 0, 0, 1, 1, 0], [1, 0, 0, 1, 0, 0, 0, 0, 0, 0, 0, 1, 0, 0, 0, 0, 0, 0, 0, 0, 0, 1, 0, 0, 1, 0, 0]]","[0.9765625, 0.00390625, 0.00390625, 0.0078125, 0.00390625, 0.00390625]",29,565,56,277,600,
neos8_ds_qaoa_R0001_R0002_0006,data/miplib_benders/qaoa_problems/nvars_09/neos8_ds_qaoa_R0001_R0002_0006.json,9,27,2,ddsim,30,256,ok,636.760793940979,420.94921875,-0.0,"{""C0013"": 0, ""C0014"": 0, ""C0017"": 0, ""C0018"": 0, ""C0022"": 0, ""C0023"": 0, ""C0024"": 0, ""row_slack_R0001"": 1, ""row_slack_R0002"": 1}",0.0,"{""C0013"": 0, ""C0014"": 0, ""C0017"": 0, ""C0018"": 0, ""C0022"": 0, ""C0023"": 0, ""C0024"": 0, ""row_slack_R0001"": 1, ""row_slack_R0002"": 1}",1.0,"[[0, 0, 0, 0, 0, 0, 0, 0, 0, 0, 0, 0, 0, 0, 0, 0, 0, 0, 0, 0, 0, 1, 0, 0, 1, 0, 0]]",[1.0],29,495,56,238,501,
neos8_ds_qaoa_R0001_R0002_R0003_0002,data/miplib_benders/qaoa_problems/nvars_09/neos8_ds_qaoa_R0001_R0002_R0003_0002.json,9,27,3,ddsim,30,256,ok,796.5814879860263,430.0390625,-0.0,"{""C0002"": 0, ""C0005"": 0, ""C0006"": 0, ""C0009"": 0, ""C0013"": 0, ""C0014"": 0, ""row_slack_R0001"": 1, ""row_slack_R0002"": 1, ""row_slack_R0003"": 1}",0.0,"{""C0002"": 0, ""C0005"": 0, ""C0006"": 0, ""C0009"": 0, ""C0013"": 0, ""C0014"": 0, ""row_slack_R0001"": 1, ""row_slack_R0002"": 1, ""row_slack_R0003"": 1}",1.0,"[[0, 0, 0, 0, 0, 0, 0, 0, 0, 0, 0, 0, 0, 0, 0, 0, 0, 0, 1, 0, 0, 1, 0, 0, 1, 0, 0]]",[1.0],24,1102,56,478,1057,
neos8_ds_qaoa_R0001_R0002_R0003_0001,data/miplib_benders/qaoa_problems/nvars_09/neos8_ds_qaoa_R0001_R0002_R0003_0001.json,9,27,3,ddsim,30,256,ok,1103.661770856008,428.84765625,-0.0,"{""C0001"": 0, ""C0002"": 0, ""C0005"": 0, ""C0006"": 0, ""C0009"": 0, ""C0013"": 0, ""row_slack_R0001"": 1, ""row_slack_R0002"": 1, ""row_slack_R0003"": 1}",0.0,"{""C0001"": 0, ""C0002"": 0, ""C0005"": 0, ""C0006"": 0, ""C0009"": 0, ""C0013"": 0, ""row_slack_R0001"": 1, ""row_slack_R0002"": 1, ""row_slack_R0003"": 1}",1.0,"[[0, 0, 0, 0, 0, 0, 0, 0, 0, 0, 0, 0, 0, 0, 0, 0, 0, 0, 1, 0, 0, 1, 0, 0, 1, 0, 0]]",[1.0],24,862,56,382,871,
neos8_ds_qaoa_R0001_R0002_R0003_0004,data/miplib_benders/qaoa_problems/nvars_09/neos8_ds_qaoa_R0001_R0002_R0003_0004.json,9,27,3,ddsim,30,256,ok,1499.9423863199772,429.9140625,-0.0,"{""C0006"": 0, ""C0009"": 0, ""C0013"": 0, ""C0014"": 0, ""C0017"": 0, ""C0018"": 0, ""row_slack_R0001"": 1, ""row_slack_R0002"": 1, ""row_slack_R0003"": 1}",0.0,"{""C0006"": 0, ""C0009"": 0, ""C0013"": 0, ""C0014"": 0, ""C0017"": 0, ""C0018"": 0, ""row_slack_R0001"": 1, ""row_slack_R0002"": 1, ""row_slack_R0003"": 1}",1.0,"[[0, 0, 0, 0, 0, 0, 0, 0, 0, 0, 0, 0, 0, 0, 0, 0, 0, 0, 1, 0, 0, 1, 0, 0, 1, 0, 0]]",[1.0],25,649,56,275,700,
neos8_ds_qaoa_R0001_R0002_R0003_0003,data/miplib_benders/qaoa_problems/nvars_09/neos8_ds_qaoa_R0001_R0002_R0003_0003.json,9,27,3,ddsim,30,256,ok,1739.2725473259343,429.71484375,-0.0,"{""C0005"": 0, ""C0006"": 0, ""C0009"": 0, ""C0013"": 0, ""C0014"": 0, ""C0017"": 0, ""row_slack_R0001"": 1, ""row_slack_R0002"": 1, ""row_slack_R0003"": 1}",0.0,"{""C0005"": 0, ""C0006"": 0, ""C0009"": 0, ""C0013"": 0, ""C0014"": 0, ""C0017"": 0, ""row_slack_R0001"": 1, ""row_slack_R0002"": 1, ""row_slack_R0003"": 1}",1.0,"[[0, 0, 0, 0, 0, 0, 0, 0, 0, 0, 0, 0, 0, 0, 0, 0, 0, 0, 1, 0, 0, 1, 0, 0, 1, 0, 0]]",[1.0],25,649,56,275,700,
neos8_ds_qaoa_R0001_R0002_R0003_0005,data/miplib_benders/qaoa_problems/nvars_09/neos8_ds_qaoa_R0001_R0002_R0003_0005.json,9,27,3,ddsim,30,256,ok,1319.8438861159375,429.65625,-0.0,"{""C0009"": 0, ""C0013"": 0, ""C0014"": 0, ""C0017"": 0, ""C0018"": 0, ""C0022"": 0, ""row_slack_R0001"": 1, ""row_slack_R0002"": 1, ""row_slack_R0003"": 1}",0.0,"{""C0009"": 0, ""C0013"": 0, ""C0014"": 0, ""C0017"": 0, ""C0018"": 0, ""C0022"": 0, ""row_slack_R0001"": 1, ""row_slack_R0002"": 1, ""row_slack_R0003"": 1}",1.0,"[[0, 0, 0, 0, 0, 0, 0, 0, 0, 0, 0, 0, 0, 0, 0, 0, 0, 0, 1, 0, 0, 1, 0, 0, 1, 0, 0]]",[1.0],21,588,56,246,669,
neos8_ds_qaoa_R0001_R0002_R0003_0006,data/miplib_benders/qaoa_problems/nvars_09/neos8_ds_qaoa_R0001_R0002_R0003_0006.json,9,27,3,ddsim,30,256,ok,1138.7148804309545,432.09765625,-0.0,"{""C0013"": 0, ""C0014"": 0, ""C0017"": 0, ""C0018"": 0, ""C0022"": 0, ""C0023"": 0, ""row_slack_R0001"": 1, ""row_slack_R0002"": 1, ""row_slack_R0003"": 1}",0.0,"{""C0013"": 0, ""C0014"": 0, ""C0017"": 0, ""C0018"": 0, ""C0022"": 0, ""C0023"": 0, ""row_slack_R0001"": 1, ""row_slack_R0002"": 1, ""row_slack_R0003"": 1}",0.99609375,"[[0, 0, 0, 0, 0, 0, 0, 0, 0, 0, 0, 0, 0, 0, 0, 0, 0, 0, 1, 0, 0, 1, 0, 0, 1, 0, 0], [1, 0, 0, 0, 0, 1, 0, 0, 0, 0, 0, 0, 0, 0, 0, 0, 0, 0, 1, 0, 0, 1, 0, 0, 1, 0, 0]]","[0.99609375, 0.00390625]",25,802,56,339,832,
neos8_ds_qaoa_R0002_R0003_0001,data/miplib_benders/qaoa_problems/nvars_09/neos8_ds_qaoa_R0002_R0003_0001.json,9,27,2,ddsim,30,256,ok,657.4504145570099,420.1875,-0.0,"{""C0001"": 0, ""C0002"": 0, ""C0005"": 0, ""C0006"": 0, ""C0009"": 0, ""C0013"": 0, ""C0014"": 0, ""row_slack_R0002"": 1, ""row_slack_R0003"": 1}",0.0,"{""C0001"": 0, ""C0002"": 0, ""C0005"": 0, ""C0006"": 0, ""C0009"": 0, ""C0013"": 0, ""C0014"": 0, ""row_slack_R0002"": 1, ""row_slack_R0003"": 1}",1.0,"[[0, 0, 0, 0, 0, 0, 0, 0, 0, 0, 0, 0, 0, 0, 0, 0, 0, 0, 0, 0, 0, 1, 0, 0, 1, 0, 0]]",[1.0],22,455,56,220,501,
neos8_ds_qaoa_R0002_R0003_0002,data/miplib_benders/qaoa_problems/nvars_09/neos8_ds_qaoa_R0002_R0003_0002.json,9,27,2,ddsim,30,256,ok,767.0675473210867,430.6875,-0.0,"{""C0002"": 0, ""C0005"": 0, ""C0006"": 0, ""C0009"": 0, ""C0013"": 0, ""C0014"": 0, ""C0017"": 0, ""row_slack_R0002"": 1, ""row_slack_R0003"": 1}",0.0,"{""C0002"": 0, ""C0005"": 0, ""C0006"": 0, ""C0009"": 0, ""C0013"": 0, ""C0014"": 0, ""C0017"": 0, ""row_slack_R0002"": 1, ""row_slack_R0003"": 1}",1.0,"[[0, 0, 0, 0, 0, 0, 0, 0, 0, 0, 0, 0, 0, 0, 0, 0, 0, 0, 0, 0, 0, 1, 0, 0, 1, 0, 0]]",[1.0],24,455,56,220,501,
neos8_ds_qaoa_R0002_R0003_0003,data/miplib_benders/qaoa_problems/nvars_09/neos8_ds_qaoa_R0002_R0003_0003.json,9,27,2,ddsim,30,256,ok,857.2712115299655,415.9375,-0.0,"{""C0005"": 0, ""C0006"": 0, ""C0009"": 0, ""C0013"": 0, ""C0014"": 0, ""C0017"": 0, ""C0018"": 0, ""row_slack_R0002"": 1, ""row_slack_R0003"": 1}",0.0,"{""C0005"": 0, ""C0006"": 0, ""C0009"": 0, ""C0013"": 0, ""C0014"": 0, ""C0017"": 0, ""C0018"": 0, ""row_slack_R0002"": 1, ""row_slack_R0003"": 1}",0.98046875,"[[0, 0, 0, 0, 0, 0, 0, 0, 0, 0, 0, 0, 0, 0, 0, 0, 0, 0, 0, 0, 0, 1, 0, 0, 1, 0, 0], [0, 0, 0, 0, 0, 0, 1, 0, 0, 0, 0, 0, 0, 0, 0, 0, 0, 0, 0, 0, 0, 1, 0, 0, 0, 0, 0], [0, 0, 0, 0, 0, 0, 1, 0, 0, 0, 0, 0, 0, 0, 0, 0, 0, 0, 0, 0, 0, 1, 0, 0, 1, 1, 0], [0, 0, 0, 0, 0, 0, 1, 0, 1, 0, 0, 0, 0, 0, 0, 0, 0, 0, 0, 0, 0, 1, 0, 0, 1, 0, 0], [1, 0, 0, 0, 0, 0, 0, 0, 0, 0, 0, 0, 0, 0, 0, 0, 0, 1, 0, 0, 0, 1, 0, 0, 1, 0, 0], [1, 0, 0, 0, 0, 0, 1, 0, 0, 0, 1, 0, 0, 0, 0, 0, 0, 0, 0, 0, 0, 1, 0, 0, 1, 0, 0]]","[0.98046875, 0.00390625, 0.00390625, 0.00390625, 0.00390625, 0.00390625]",30,492,56,236,497,
neos8_ds_qaoa_R0002_R0003_0006,data/miplib_benders/qaoa_problems/nvars_09/neos8_ds_qaoa_R0002_R0003_0006.json,9,27,2,ddsim,30,256,ok,886.014382197056,420.07421875,-0.0,"{""C0013"": 0, ""C0014"": 0, ""C0017"": 0, ""C0018"": 0, ""C0022"": 0, ""C0023"": 0, ""C0024"": 0, ""row_slack_R0002"": 1, ""row_slack_R0003"": 1}",0.0,"{""C0013"": 0, ""C0014"": 0, ""C0017"": 0, ""C0018"": 0, ""C0022"": 0, ""C0023"": 0, ""C0024"": 0, ""row_slack_R0002"": 1, ""row_slack_R0003"": 1}",1.0,"[[0, 0, 0, 0, 0, 0, 0, 0, 0, 0, 0, 0, 0, 0, 0, 0, 0, 0, 0, 0, 0, 1, 0, 0, 1, 0, 0]]",[1.0],31,495,56,238,501,
neos8_ds_qaoa_R0002_R0003_R0004_0001,data/miplib_benders/qaoa_problems/nvars_09/neos8_ds_qaoa_R0002_R0003_R0004_0001.json,9,27,3,ddsim,30,256,ok,1229.589516922948,480.32421875,-0.0,"{""C0001"": 0, ""C0002"": 0, ""C0005"": 0, ""C0006"": 0, ""C0009"": 0, ""C0013"": 0, ""row_slack_R0002"": 1, ""row_slack_R0003"": 1, ""row_slack_R0004"": 1}",0.0,"{""C0001"": 0, ""C0002"": 0, ""C0005"": 0, ""C0006"": 0, ""C0009"": 0, ""C0013"": 0, ""row_slack_R0002"": 1, ""row_slack_R0003"": 1, ""row_slack_R0004"": 1}",1.0,"[[0, 0, 0, 0, 0, 0, 0, 0, 0, 0, 0, 0, 0, 0, 0, 0, 0, 0, 1, 0, 0, 1, 0, 0, 1, 0, 0]]",[1.0],27,802,56,339,826,
neos8_ds_qaoa_R0002_R0003_R0004_0002,data/miplib_benders/qaoa_problems/nvars_09/neos8_ds_qaoa_R0002_R0003_R0004_0002.json,9,27,3,ddsim,30,256,ok,1021.195787944016,470.7890625,-0.0,"{""C0002"": 0, ""C0005"": 0, ""C0006"": 0, ""C0009"": 0, ""C0013"": 0, ""C0014"": 0, ""row_slack_R0002"": 1, ""row_slack_R0003"": 1, ""row_slack_R0004"": 1}",0.0,"{""C0002"": 0, ""C0005"": 0, ""C0006"": 0, ""C0009"": 0, ""C0013"": 0, ""C0014"": 0, ""row_slack_R0002"": 1, ""row_slack_R0003"": 1, ""row_slack_R0004"": 1}",1.0,"[[0, 0, 0, 0, 0, 0, 0, 0, 0, 0, 0, 0, 0, 0, 0, 0, 0, 0, 1, 0, 0, 1, 0, 0, 1, 0, 0]]",[1.0],24,969,56,409,952,
neos8_ds_qaoa_R0002_R0003_R0004_0004,data/miplib_benders/qaoa_problems/nvars_09/neos8_ds_qaoa_R0002_R0003_R0004_0004.json,9,27,3,ddsim,30,256,ok,719.4906675620005,430.953125,-0.0,"{""C0006"": 0, ""C0009"": 0, ""C0013"": 0, ""C0014"": 0, ""C0017"": 0, ""C0018"": 0, ""row_slack_R0002"": 1, ""row_slack_R0003"": 1, ""row_slack_R0004"": 1}",0.0,"{""C0006"": 0, ""C0009"": 0, ""C0013"": 0, ""C0014"": 0, ""C0017"": 0, ""C0018"": 0, ""row_slack_R0002"": 1, ""row_slack_R0003"": 1, ""row_slack_R0004"": 1}",1.0,"[[0, 0, 0, 0, 0, 0, 0, 0, 0, 0, 0, 0, 0, 0, 0, 0, 0, 0, 1, 0, 0, 1, 0, 0, 1, 0, 0]]",[1.0],30,921,56,436,885,
neos8_ds_qaoa_R0002_R0003_R0004_0003,data/miplib_benders/qaoa_problems/nvars_09/neos8_ds_qaoa_R0002_R0003_R0004_0003.json,9,27,3,ddsim,30,256,ok,803.6428767699981,482.26171875,-0.0,"{""C0005"": 0, ""C0006"": 0, ""C0009"": 0, ""C0013"": 0, ""C0014"": 0, ""C0017"": 0, ""row_slack_R0002"": 1, ""row_slack_R0003"": 1, ""row_slack_R0004"": 1}",0.0,"{""C0005"": 0, ""C0006"": 0, ""C0009"": 0, ""C0013"": 0, ""C0014"": 0, ""C0017"": 0, ""row_slack_R0002"": 1, ""row_slack_R0003"": 1, ""row_slack_R0004"": 1}",1.0,"[[0, 0, 0, 0, 0, 0, 0, 0, 0, 0, 0, 0, 0, 0, 0, 0, 0, 0, 1, 0, 0, 1, 0, 0, 1, 0, 0]]",[1.0],23,771,56,361,784,
neos8_ds_qaoa_R0002_R0003_R0004_0005,data/miplib_benders/qaoa_problems/nvars_09/neos8_ds_qaoa_R0002_R0003_R0004_0005.json,9,27,3,ddsim,30,256,ok,1053.0415879710345,430.9375,-0.0,"{""C0009"": 0, ""C0013"": 0, ""C0014"": 0, ""C0017"": 0, ""C0018"": 0, ""C0022"": 0, ""row_slack_R0002"": 1, ""row_slack_R0003"": 1, ""row_slack_R0004"": 1}",0.0,"{""C0009"": 0, ""C0013"": 0, ""C0014"": 0, ""C0017"": 0, ""C0018"": 0, ""C0022"": 0, ""row_slack_R0002"": 1, ""row_slack_R0003"": 1, ""row_slack_R0004"": 1}",1.0,"[[0, 0, 0, 0, 0, 0, 0, 0, 0, 0, 0, 0, 0, 0, 0, 0, 0, 0, 1, 0, 0, 1, 0, 0, 1, 0, 0]]",[1.0],26,675,56,334,695,
neos8_ds_qaoa_R0003_R0004_0001,data/miplib_benders/qaoa_problems/nvars_09/neos8_ds_qaoa_R0003_R0004_0001.json,9,27,2,ddsim,30,256,ok,1027.85302366002,420.2265625,-0.0,"{""C0001"": 0, ""C0002"": 0, ""C0005"": 0, ""C0006"": 0, ""C0009"": 0, ""C0013"": 0, ""C0014"": 0, ""row_slack_R0003"": 1, ""row_slack_R0004"": 1}",0.0,"{""C0001"": 0, ""C0002"": 0, ""C0005"": 0, ""C0006"": 0, ""C0009"": 0, ""C0013"": 0, ""C0014"": 0, ""row_slack_R0003"": 1, ""row_slack_R0004"": 1}",1.0,"[[0, 0, 0, 0, 0, 0, 0, 0, 0, 0, 0, 0, 0, 0, 0, 0, 0, 0, 0, 0, 0, 1, 0, 0, 1, 0, 0]]",[1.0],22,562,56,275,596,
neos8_ds_qaoa_R0003_R0004_0002,data/miplib_benders/qaoa_problems/nvars_09/neos8_ds_qaoa_R0003_R0004_0002.json,9,27,2,ddsim,30,256,ok,1001.0847265210468,464.46484375,-0.0,"{""C0002"": 0, ""C0005"": 0, ""C0006"": 0, ""C0009"": 0, ""C0013"": 0, ""C0014"": 0, ""C0022"": 0, ""row_slack_R0003"": 1, ""row_slack_R0004"": 1}",0.0,"{""C0002"": 0, ""C0005"": 0, ""C0006"": 0, ""C0009"": 0, ""C0013"": 0, ""C0014"": 0, ""C0022"": 0, ""row_slack_R0003"": 1, ""row_slack_R0004"": 1}",0.9921875,"[[0, 0, 0, 0, 0, 0, 0, 0, 0, 0, 0, 0, 0, 0, 0, 0, 0, 0, 0, 0, 0, 1, 0, 0, 1, 0, 0], [0, 0, 0, 1, 0, 0, 0, 0, 0, 0, 0, 0, 0, 0, 0, 0, 0, 0, 0, 0, 0, 1, 0, 0, 1, 1, 0], [0, 0, 0, 1, 0, 0, 0, 0, 1, 0, 0, 0, 0, 0, 0, 0, 0, 0, 0, 0, 0, 1, 0, 0, 1, 0, 0]]","[0.9921875, 0.00390625, 0.00390625]",25,602,56,293,596,
neos8_ds_qaoa_R0002_R0003_R0004_0006,data/miplib_benders/qaoa_problems/nvars_09/neos8_ds_qaoa_R0002_R0003_R0004_0006.json,9,27,3,ddsim,30,256,ok,1562.453403203981,428.8828125,-0.0,"{""C0013"": 0, ""C0014"": 0, ""C0017"": 0, ""C0018"": 0, ""C0022"": 0, ""C0023"": 0, ""row_slack_R0002"": 1, ""row_slack_R0003"": 1, ""row_slack_R0004"": 1}",0.0,"{""C0013"": 0, ""C0014"": 0, ""C0017"": 0, ""C0018"": 0, ""C0022"": 0, ""C0023"": 0, ""row_slack_R0002"": 1, ""row_slack_R0003"": 1, ""row_slack_R0004"": 1}",1.0,"[[0, 0, 0, 0, 0, 0, 0, 0, 0, 0, 0, 0, 0, 0, 0, 0, 0, 0, 1, 0, 0, 1, 0, 0, 1, 0, 0]]",[1.0],25,508,56,226,584,
neos8_ds_qaoa_R0003_R0004_0006,data/miplib_benders/qaoa_problems/nvars_09/neos8_ds_qaoa_R0003_R0004_0006.json,9,27,2,ddsim,30,256,ok,360.5410446159076,421.74609375,-0.0,"{""C0013"": 0, ""C0014"": 0, ""C0022"": 0, ""C0023"": 0, ""C0024"": 0, ""C0025"": 0, ""C0026"": 0, ""row_slack_R0003"": 1, ""row_slack_R0004"": 1}",0.0,"{""C0013"": 0, ""C0014"": 0, ""C0022"": 0, ""C0023"": 0, ""C0024"": 0, ""C0025"": 0, ""C0026"": 0, ""row_slack_R0003"": 1, ""row_slack_R0004"": 1}",1.0,"[[0, 0, 0, 0, 0, 0, 0, 0, 0, 0, 0, 0, 0, 0, 0, 0, 0, 0, 0, 0, 0, 1, 0, 0, 1, 0, 0]]",[1.0],24,865,56,427,798,
neos8_ds_qaoa_R0003_R0004_0005,data/miplib_benders/qaoa_problems/nvars_09/neos8_ds_qaoa_R0003_R0004_0005.json,9,27,2,ddsim,30,256,ok,786.361464872025,479.75390625,-0.0,"{""C0009"": 0, ""C0013"": 0, ""C0014"": 0, ""C0022"": 0, ""C0023"": 0, ""C0024"": 0, ""C0025"": 0, ""row_slack_R0003"": 1, ""row_slack_R0004"": 1}",0.0,"{""C0009"": 0, ""C0013"": 0, ""C0014"": 0, ""C0022"": 0, ""C0023"": 0, ""C0024"": 0, ""C0025"": 0, ""row_slack_R0003"": 1, ""row_slack_R0004"": 1}",0.98828125,"[[0, 0, 0, 0, 0, 0, 0, 0, 0, 0, 0, 0, 0, 0, 0, 0, 0, 0, 0, 0, 0, 1, 0, 0, 1, 0, 0], [0, 0, 0, 0, 0, 0, 0, 0, 0, 1, 0, 0, 0, 0, 0, 0, 0, 0, 0, 0, 0, 1, 0, 1, 1, 0, 0], [1, 0, 0, 0, 0, 0, 0, 0, 0, 1, 0, 0, 0, 0, 0, 0, 0, 0, 0, 0, 0, 1, 0, 0, 1, 1, 0]]","[0.98828125, 0.0078125, 0.00390625]",31,755,56,370,699,
neos8_ds_qaoa_R0003_R0004_0003,data/miplib_benders/qaoa_problems/nvars_09/neos8_ds_qaoa_R0003_R0004_0003.json,9,27,2,ddsim,30,256,ok,1105.7859534570016,419.88671875,-0.0,"{""C0005"": 0, ""C0006"": 0, ""C0009"": 0, ""C0013"": 0, ""C0014"": 0, ""C0022"": 0, ""C0023"": 0, ""row_slack_R0003"": 1, ""row_slack_R0004"": 1}",0.0,"{""C0005"": 0, ""C0006"": 0, ""C0009"": 0, ""C0013"": 0, ""C0014"": 0, ""C0022"": 0, ""C0023"": 0, ""row_slack_R0003"": 1, ""row_slack_R0004"": 1}",1.0,"[[0, 0, 0, 0, 0, 0, 0, 0, 0, 0, 0, 0, 0, 0, 0, 0, 0, 0, 0, 0, 0, 1, 0, 0, 1, 0, 0]]",[1.0],25,495,56,238,501,
neos8_ds_qaoa_R0003_R0004_0004,data/miplib_benders/qaoa_problems/nvars_09/neos8_ds_qaoa_R0003_R0004_0004.json,9,27,2,ddsim,30,256,ok,1186.0986520110164,481.1328125,-0.0,"{""C0006"": 0, ""C0009"": 0, ""C0013"": 0, ""C0014"": 0, ""C0022"": 0, ""C0023"": 0, ""C0024"": 0, ""row_slack_R0003"": 1, ""row_slack_R0004"": 1}",0.0,"{""C0006"": 0, ""C0009"": 0, ""C0013"": 0, ""C0014"": 0, ""C0022"": 0, ""C0023"": 0, ""C0024"": 0, ""row_slack_R0003"": 1, ""row_slack_R0004"": 1}",1.0,"[[0, 0, 0, 0, 0, 0, 0, 0, 0, 0, 0, 0, 0, 0, 0, 0, 0, 0, 0, 0, 0, 1, 0, 0, 1, 0, 0]]",[1.0],30,535,56,256,501,
neos8_ds_qaoa_R0003_R0004_R0065_0001,data/miplib_benders/qaoa_problems/nvars_09/neos8_ds_qaoa_R0003_R0004_R0065_0001.json,9,27,3,ddsim,30,256,ok,1107.365061369026,428.265625,-0.0,"{""C0001"": 0, ""C0002"": 0, ""C0005"": 0, ""C0006"": 0, ""C0009"": 0, ""C0013"": 0, ""row_slack_R0003"": 1, ""row_slack_R0004"": 1, ""row_slack_R0065"": 0}",0.0,"{""C0001"": 0, ""C0002"": 0, ""C0005"": 0, ""C0006"": 0, ""C0009"": 0, ""C0013"": 0, ""row_slack_R0003"": 1, ""row_slack_R0004"": 1, ""row_slack_R0065"": 0}",1.0,"[[0, 0, 0, 0, 0, 0, 0, 0, 0, 0, 0, 0, 0, 0, 0, 0, 0, 0, 1, 0, 0, 1, 0, 0, 0, 0, 0]]",[1.0],25,708,56,324,736,
neos8_ds_qaoa_R0003_R0004_R0065_0004,data/miplib_benders/qaoa_problems/nvars_09/neos8_ds_qaoa_R0003_R0004_R0065_0004.json,9,27,3,ddsim,30,256,ok,876.3899933110224,479.69140625,-0.0,"{""C0006"": 0, ""C0009"": 0, ""C0013"": 0, ""C0014"": 0, ""C0017"": 0, ""C0018"": 0, ""row_slack_R0003"": 1, ""row_slack_R0004"": 1, ""row_slack_R0065"": 0}",0.0,"{""C0006"": 0, ""C0009"": 0, ""C0013"": 0, ""C0014"": 0, ""C0017"": 0, ""C0018"": 0, ""row_slack_R0003"": 1, ""row_slack_R0004"": 1, ""row_slack_R0065"": 0}",1.0,"[[0, 0, 0, 0, 0, 0, 0, 0, 0, 0, 0, 0, 0, 0, 0, 0, 0, 0, 1, 0, 0, 1, 0, 0, 0, 0, 0]]",[1.0],21,822,56,386,806,
neos8_ds_qaoa_R0003_R0004_R0065_0002,data/miplib_benders/qaoa_problems/nvars_09/neos8_ds_qaoa_R0003_R0004_R0065_0002.json,9,27,3,ddsim,30,256,ok,1355.834113738034,448.05859375,-0.0,"{""C0002"": 0, ""C0005"": 0, ""C0006"": 0, ""C0009"": 0, ""C0013"": 0, ""C0014"": 0, ""row_slack_R0003"": 1, ""row_slack_R0004"": 1, ""row_slack_R0065"": 0}",0.0,"{""C0002"": 0, ""C0005"": 0, ""C0006"": 0, ""C0009"": 0, ""C0013"": 0, ""C0014"": 0, ""row_slack_R0003"": 1, ""row_slack_R0004"": 1, ""row_slack_R0065"": 0}",1.0,"[[0, 0, 0, 0, 0, 0, 0, 0, 0, 0, 0, 0, 0, 0, 0, 0, 0, 0, 1, 0, 0, 1, 0, 0, 0, 0, 0]]",[1.0],28,948,56,420,922,
neos8_ds_qaoa_R0003_R0004_R0065_0003,data/miplib_benders/qaoa_problems/nvars_09/neos8_ds_qaoa_R0003_R0004_R0065_0003.json,9,27,3,ddsim,30,256,ok,1514.7533544800244,430.77734375,-0.0,"{""C0005"": 0, ""C0006"": 0, ""C0009"": 0, ""C0013"": 0, ""C0014"": 0, ""C0017"": 0, ""row_slack_R0003"": 1, ""row_slack_R0004"": 1, ""row_slack_R0065"": 0}",0.0,"{""C0005"": 0, ""C0006"": 0, ""C0009"": 0, ""C0013"": 0, ""C0014"": 0, ""C0017"": 0, ""row_slack_R0003"": 1, ""row_slack_R0004"": 1, ""row_slack_R0065"": 0}",1.0,"[[0, 0, 0, 0, 0, 0, 0, 0, 0, 0, 0, 0, 0, 0, 0, 0, 0, 0, 1, 0, 0, 1, 0, 0, 0, 0, 0]]",[1.0],24,672,56,311,707,
neos8_ds_qaoa_R0004_R0065_0001,data/miplib_benders/qaoa_problems/nvars_09/neos8_ds_qaoa_R0004_R0065_0001.json,9,27,2,ddsim,30,256,ok,734.0088267020183,428.8203125,-0.0,"{""C0001"": 0, ""C0002"": 0, ""C0005"": 0, ""C0006"": 0, ""C0009"": 0, ""C0013"": 0, ""C0014"": 0, ""row_slack_R0004"": 1, ""row_slack_R0065"": 0}",0.0,"{""C0001"": 0, ""C0002"": 0, ""C0005"": 0, ""C0006"": 0, ""C0009"": 0, ""C0013"": 0, ""C0014"": 0, ""row_slack_R0004"": 1, ""row_slack_R0065"": 0}",1.0,"[[0, 0, 0, 0, 0, 0, 0, 0, 0, 0, 0, 0, 0, 0, 0, 0, 0, 0, 0, 0, 0, 1, 0, 0, 0, 0, 0]]",[1.0],26,575,56,281,591,
neos8_ds_qaoa_R0003_R0004_R0065_0005,data/miplib_benders/qaoa_problems/nvars_09/neos8_ds_qaoa_R0003_R0004_R0065_0005.json,9,27,3,ddsim,30,256,ok,1194.747897116933,430.53125,-0.0,"{""C0009"": 0, ""C0013"": 0, ""C0014"": 0, ""C0017"": 0, ""C0018"": 0, ""C0022"": 0, ""row_slack_R0003"": 1, ""row_slack_R0004"": 1, ""row_slack_R0065"": 0}",0.0,"{""C0009"": 0, ""C0013"": 0, ""C0014"": 0, ""C0017"": 0, ""C0018"": 0, ""C0022"": 0, ""row_slack_R0003"": 1, ""row_slack_R0004"": 1, ""row_slack_R0065"": 0}",1.0,"[[0, 0, 0, 0, 0, 0, 0, 0, 0, 0, 0, 0, 0, 0, 0, 0, 0, 0, 1, 0, 0, 1, 0, 0, 0, 0, 0]]",[1.0],23,822,56,386,804,
neos8_ds_qaoa_R0004_R0065_0002,data/miplib_benders/qaoa_problems/nvars_09/neos8_ds_qaoa_R0004_R0065_0002.json,9,27,2,ddsim,30,256,ok,759.9687101820018,428.8515625,-0.0,"{""C0002"": 0, ""C0005"": 0, ""C0006"": 0, ""C0009"": 0, ""C0013"": 0, ""C0014"": 0, ""C0017"": 0, ""row_slack_R0004"": 1, ""row_slack_R0065"": 0}",0.0,"{""C0002"": 0, ""C0005"": 0, ""C0006"": 0, ""C0009"": 0, ""C0013"": 0, ""C0014"": 0, ""C0017"": 0, ""row_slack_R0004"": 1, ""row_slack_R0065"": 0}",1.0,"[[0, 0, 0, 0, 0, 0, 0, 0, 0, 0, 0, 0, 0, 0, 0, 0, 0, 0, 0, 0, 0, 1, 0, 0, 0, 0, 0]]",[1.0],22,618,56,301,591,
neos8_ds_qaoa_R0003_R0004_R0065_0006,data/miplib_benders/qaoa_problems/nvars_09/neos8_ds_qaoa_R0003_R0004_R0065_0006.json,9,27,3,ddsim,30,256,ok,1149.5869474459905,428.73828125,-0.0,"{""C0013"": 0, ""C0014"": 0, ""C0017"": 0, ""C0018"": 0, ""C0022"": 0, ""C0023"": 0, ""row_slack_R0003"": 1, ""row_slack_R0004"": 1, ""row_slack_R0065"": 0}",0.0,"{""C0013"": 0, ""C0014"": 0, ""C0017"": 0, ""C0018"": 0, ""C0022"": 0, ""C0023"": 0, ""row_slack_R0003"": 1, ""row_slack_R0004"": 1, ""row_slack_R0065"": 0}",0.98046875,"[[0, 0, 0, 0, 0, 0, 0, 0, 0, 0, 0, 0, 0, 0, 0, 0, 0, 0, 1, 0, 0, 1, 0, 0, 0, 0, 0], [0, 0, 0, 0, 0, 0, 0, 0, 0, 0, 0, 0, 1, 1, 0, 0, 0, 0, 1, 0, 0, 1, 0, 0, 0, 0, 0], [0, 0, 0, 0, 0, 0, 1, 0, 0, 0, 0, 0, 1, 0, 0, 0, 0, 0, 1, 0, 1, 1, 0, 0, 0, 0, 0], [0, 0, 0, 0, 0, 0, 1, 0, 0, 0, 0, 0, 1, 0, 0, 0, 0, 0, 1, 1, 0, 1, 0, 0, 0, 0, 0]]","[0.98046875, 0.00390625, 0.0078125, 0.0078125]",31,727,56,317,761,
neos8_ds_qaoa_R0004_R0065_0003,data/miplib_benders/qaoa_problems/nvars_09/neos8_ds_qaoa_R0004_R0065_0003.json,9,27,2,ddsim,30,256,ok,719.4068781000096,420.09765625,-0.0,"{""C0005"": 0, ""C0006"": 0, ""C0009"": 0, ""C0013"": 0, ""C0014"": 0, ""C0017"": 0, ""C0018"": 0, ""row_slack_R0004"": 1, ""row_slack_R0065"": 0}",0.0,"{""C0005"": 0, ""C0006"": 0, ""C0009"": 0, ""C0013"": 0, ""C0014"": 0, ""C0017"": 0, ""C0018"": 0, ""row_slack_R0004"": 1, ""row_slack_R0065"": 0}",1.0,"[[0, 0, 0, 0, 0, 0, 0, 0, 0, 0, 0, 0, 0, 0, 0, 0, 0, 0, 0, 0, 0, 1, 0, 0, 0, 0, 0]]",[1.0],24,505,56,245,523,
neos8_ds_qaoa_R0004_R0065_0004,data/miplib_benders/qaoa_problems/nvars_09/neos8_ds_qaoa_R0004_R0065_0004.json,9,27,2,ddsim,30,256,ok,917.4670527009293,420.26953125,-0.0,"{""C0006"": 0, ""C0009"": 0, ""C0013"": 0, ""C0014"": 0, ""C0017"": 0, ""C0018"": 0, ""C0022"": 0, ""row_slack_R0004"": 1, ""row_slack_R0065"": 0}",0.0,"{""C0006"": 0, ""C0009"": 0, ""C0013"": 0, ""C0014"": 0, ""C0017"": 0, ""C0018"": 0, ""C0022"": 0, ""row_slack_R0004"": 1, ""row_slack_R0065"": 0}",0.99609375,"[[0, 0, 0, 0, 0, 0, 0, 0, 0, 0, 0, 0, 0, 0, 0, 0, 0, 0, 0, 0, 0, 1, 0, 0, 0, 0, 0], [0, 0, 0, 0, 0, 0, 1, 1, 0, 0, 0, 0, 0, 0, 0, 0, 0, 0, 0, 0, 0, 1, 0, 0, 0, 0, 0]]","[0.99609375, 0.00390625]",31,615,56,302,622,
neos8_ds_qaoa_R0004_R0065_0007,data/miplib_benders/qaoa_problems/nvars_09/neos8_ds_qaoa_R0004_R0065_0007.json,9,27,2,ddsim,30,256,ok,968.4126286059618,428.8359375,-0.0,"{""C0014"": 0, ""C0017"": 0, ""C0018"": 0, ""C0022"": 0, ""C0023"": 0, ""C0024"": 0, ""C0025"": 0, ""row_slack_R0004"": 1, ""row_slack_R0065"": 0}",0.0,"{""C0014"": 0, ""C0017"": 0, ""C0018"": 0, ""C0022"": 0, ""C0023"": 0, ""C0024"": 0, ""C0025"": 0, ""row_slack_R0004"": 1, ""row_slack_R0065"": 0}",0.99609375,"[[0, 0, 0, 0, 0, 0, 0, 0, 0, 0, 0, 0, 0, 0, 0, 0, 0, 0, 0, 0, 0, 1, 0, 0, 0, 0, 0], [0, 0, 0, 1, 0, 0, 0, 0, 0, 0, 0, 1, 0, 0, 0, 0, 0, 0, 0, 0, 0, 1, 0, 0, 0, 0, 0]]","[0.99609375, 0.00390625]",28,302,56,143,387,
neos8_ds_qaoa_R0004_R0065_0005,data/miplib_benders/qaoa_problems/nvars_09/neos8_ds_qaoa_R0004_R0065_0005.json,9,27,2,ddsim,30,256,ok,1074.683635315043,428.37109375,-0.0,"{""C0009"": 0, ""C0013"": 0, ""C0014"": 0, ""C0017"": 0, ""C0018"": 0, ""C0022"": 0, ""C0023"": 0, ""row_slack_R0004"": 1, ""row_slack_R0065"": 0}",0.0,"{""C0009"": 0, ""C0013"": 0, ""C0014"": 0, ""C0017"": 0, ""C0018"": 0, ""C0022"": 0, ""C0023"": 0, ""row_slack_R0004"": 1, ""row_slack_R0065"": 0}",1.0,"[[0, 0, 0, 0, 0, 0, 0, 0, 0, 0, 0, 0, 0, 0, 0, 0, 0, 0, 0, 0, 0, 1, 0, 0, 0, 0, 0]]",[1.0],31,655,56,320,622,
neos8_ds_qaoa_R0004_R0065_0008,data/miplib_benders/qaoa_problems/nvars_09/neos8_ds_qaoa_R0004_R0065_0008.json,9,27,2,ddsim,30,256,ok,762.3180263369577,419.90625,-0.0,"{""C0017"": 0, ""C0018"": 0, ""C0022"": 0, ""C0023"": 0, ""C0024"": 0, ""C0025"": 0, ""C0026"": 0, ""row_slack_R0004"": 1, ""row_slack_R0065"": 0}",0.0,"{""C0017"": 0, ""C0018"": 0, ""C0022"": 0, ""C0023"": 0, ""C0024"": 0, ""C0025"": 0, ""C0026"": 0, ""row_slack_R0004"": 1, ""row_slack_R0065"": 0}",0.99609375,"[[0, 0, 0, 0, 0, 0, 0, 0, 0, 0, 0, 0, 0, 0, 0, 0, 0, 0, 0, 0, 0, 1, 0, 0, 0, 0, 0], [1, 0, 0, 0, 0, 0, 0, 0, 0, 1, 0, 0, 0, 0, 0, 0, 0, 0, 0, 1, 0, 1, 0, 0, 0, 0, 0]]","[0.99609375, 0.00390625]",29,452,56,218,486,
supportcase6_ds_qaoa_c722_c726_0001,data/miplib_benders/qaoa_problems/nvars_09/supportcase6_ds_qaoa_c722_c726_0001.json,9,27,2,ddsim,30,256,ok,785.9852523360169,411.5,151847000.0,"{""B100166(7)"": 1, ""B100594(7)"": 0, ""B100600(7)"": 0, ""B100602(7)"": 0, ""B100608(7)"": 0, ""B100623(7)"": 0, ""B101029(7)"": 0, ""B101035(7)"": 0, ""B101037(7)"": 0}",,,,"[[1, 1, 0, 0, 0, 0, 1, 1, 0, 1, 1, 0, 1, 1, 0, 1, 1, 0, 1, 1, 0, 1, 1, 0, 1, 0, 0], [1, 1, 0, 1, 0, 1, 1, 1, 0, 1, 1, 0, 1, 1, 0, 1, 1, 0, 1, 1, 0, 1, 1, 0, 1, 0, 0], [1, 1, 0, 1, 1, 0, 1, 1, 0, 0, 0, 0, 1, 1, 0, 1, 1, 0, 1, 1, 0, 1, 1, 0, 1, 0, 0], [1, 1, 0, 1, 1, 0, 1, 1, 0, 1, 1, 0, 1, 0, 1, 1, 1, 0, 1, 1, 0, 1, 1, 0, 1, 0, 0], [1, 1, 0, 1, 1, 0, 1, 1, 0, 1, 1, 0, 1, 1, 0, 0, 0, 0, 1, 1, 0, 1, 1, 0, 1, 0, 0], [1, 1, 0, 1, 1, 0, 1, 1, 0, 1, 1, 0, 1, 1, 0, 1, 0, 1, 1, 1, 0, 1, 1, 0, 1, 0, 0], [1, 1, 0, 1, 1, 0, 1, 1, 0, 1, 1, 0, 1, 1, 0, 1, 1, 0, 1, 1, 0, 0, 0, 0, 1, 0, 0], [1, 1, 0, 1, 1, 0, 1, 1, 0, 1, 1, 0, 1, 1, 0, 1, 1, 0, 1, 1, 0, 1, 1, 0, 1, 0, 0]]","[0.00390625, 0.00390625, 0.00390625, 0.0078125, 0.00390625, 0.00390625, 0.00390625, 0.96875]",28,309,56,138,298,
supportcase6_ds_qaoa_c539_c722_0006,data/miplib_benders/qaoa_problems/nvars_09/supportcase6_ds_qaoa_c539_c722_0006.json,9,27,2,ddsim,30,256,ok,1196.0436176080257,404.9375,151847000.0,"{""B100623(7)"": 0, ""B101029(7)"": 0, ""B101035(7)"": 0, ""B101037(7)"": 0, ""B101043(7)"": 0, ""B101058(7)"": 1, ""B101479(7)"": 0, ""B101485(7)"": 0, ""B101487(7)"": 0}",,,,"[[1, 1, 0, 1, 1, 0, 1, 1, 0, 1, 1, 0, 1, 1, 0, 1, 0, 0, 1, 1, 0, 1, 1, 0, 1, 1, 0]]",[1.0],29,229,56,102,298,
supportcase6_ds_qaoa_c722_c726_0002,data/miplib_benders/qaoa_problems/nvars_09/supportcase6_ds_qaoa_c722_c726_0002.json,9,27,2,ddsim,30,256,ok,1087.3579308129847,413.00390625,151847000.0,"{""B100594(7)"": 0, ""B100600(7)"": 0, ""B100602(7)"": 0, ""B100608(7)"": 0, ""B100623(7)"": 1, ""B101029(7)"": 0, ""B101035(7)"": 0, ""B101037(7)"": 0, ""B101043(7)"": 0}",,,,"[[1, 1, 0, 0, 0, 0, 1, 1, 0, 1, 1, 0, 1, 1, 0, 1, 1, 0, 1, 1, 0, 1, 0, 0, 1, 1, 0], [1, 1, 0, 1, 1, 0, 0, 0, 0, 1, 1, 0, 1, 1, 0, 1, 1, 0, 1, 1, 0, 1, 0, 0, 1, 1, 0], [1, 1, 0, 1, 1, 0, 1, 1, 0, 1, 1, 0, 0, 0, 0, 1, 1, 0, 1, 1, 0, 1, 0, 0, 1, 1, 0], [1, 1, 0, 1, 1, 0, 1, 1, 0, 1, 1, 0, 1, 0, 1, 1, 1, 0, 1, 1, 0, 1, 0, 0, 1, 1, 0], [1, 1, 0, 1, 1, 0, 1, 1, 0, 1, 1, 0, 1, 1, 0, 0, 0, 0, 1, 1, 0, 1, 0, 0, 1, 1, 0], [1, 1, 0, 1, 1, 0, 1, 1, 0, 1, 1, 0, 1, 1, 0, 1, 0, 1, 1, 1, 0, 1, 0, 0, 1, 1, 0], [1, 1, 0, 1, 1, 0, 1, 1, 0, 1, 1, 0, 1, 1, 0, 1, 1, 0, 1, 1, 0, 1, 0, 0, 1, 0, 1], [1, 1, 0, 1, 1, 0, 1, 1, 0, 1, 1, 0, 1, 1, 0, 1, 1, 0, 1, 1, 0, 1, 0, 0, 1, 1, 0]]","[0.00390625, 0.0078125, 0.00390625, 0.00390625, 0.0078125, 0.00390625, 0.0078125, 0.9609375]",26,269,56,120,298,
supportcase6_ds_qaoa_c722_c726_0003,data/miplib_benders/qaoa_problems/nvars_09/supportcase6_ds_qaoa_c722_c726_0003.json,9,27,2,ddsim,30,256,ok,743.977192949038,412.84765625,151847000.0,"{""B100600(7)"": 0, ""B100602(7)"": 0, ""B100608(7)"": 0, ""B100623(7)"": 1, ""B101029(7)"": 0, ""B101035(7)"": 0, ""B101037(7)"": 0, ""B101043(7)"": 0, ""B101058(7)"": 0}",,,,"[[1, 1, 0, 1, 1, 0, 1, 1, 0, 1, 1, 0, 1, 1, 0, 0, 0, 0, 1, 1, 0, 1, 1, 0, 1, 0, 0], [1, 1, 0, 1, 1, 0, 1, 1, 0, 1, 1, 0, 1, 1, 0, 1, 0, 1, 1, 1, 0, 1, 1, 0, 1, 0, 0], [1, 1, 0, 1, 1, 0, 1, 1, 0, 1, 1, 0, 1, 1, 0, 1, 1, 0, 1, 0, 1, 1, 1, 0, 1, 0, 0], [1, 1, 0, 1, 1, 0, 1, 1, 0, 1, 1, 0, 1, 1, 0, 1, 1, 0, 1, 1, 0, 1, 1, 0, 1, 0, 0]]","[0.0078125, 0.00390625, 0.0078125, 0.98046875]",28,269,56,120,298,
supportcase6_ds_qaoa_c722_c726_0004,data/miplib_benders/qaoa_problems/nvars_09/supportcase6_ds_qaoa_c722_c726_0004.json,9,27,2,ddsim,30,256,ok,860.451343082008,411.2578125,151847000.0,"{""B100602(7)"": 0, ""B100608(7)"": 0, ""B100623(7)"": 1, ""B101029(7)"": 0, ""B101035(7)"": 0, ""B101037(7)"": 0, ""B101043(7)"": 0, ""B101058(7)"": 0, ""B101479(7)"": 0}",,,,"[[1, 0, 1, 1, 1, 0, 1, 1, 0, 1, 1, 0, 1, 1, 0, 1, 1, 0, 1, 1, 0, 1, 1, 0, 1, 0, 0], [1, 1, 0, 1, 0, 1, 1, 1, 0, 1, 1, 0, 1, 1, 0, 1, 1, 0, 1, 1, 0, 1, 1, 0, 1, 0, 0], [1, 1, 0, 1, 1, 0, 0, 0, 0, 1, 1, 0, 1, 1, 0, 1, 1, 0, 1, 1, 0, 1, 1, 0, 1, 0, 0], [1, 1, 0, 1, 1, 0, 1, 0, 1, 1, 1, 0, 1, 1, 0, 1, 1, 0, 0, 0, 0, 1, 1, 0, 1, 0, 0], [1, 1, 0, 1, 1, 0, 1, 0, 1, 1, 1, 0, 1, 1, 0, 1, 1, 0, 1, 1, 0, 1, 1, 0, 1, 0, 0], [1, 1, 0, 1, 1, 0, 1, 1, 0, 0, 0, 0, 1, 1, 0, 1, 1, 0, 1, 1, 0, 0, 0, 0, 1, 0, 0], [1, 1, 0, 1, 1, 0, 1, 1, 0, 0, 0, 0, 1, 1, 0, 1, 1, 0, 1, 1, 0, 1, 1, 0, 1, 0, 0], [1, 1, 0, 1, 1, 0, 1, 1, 0, 1, 1, 0, 0, 0, 0, 1, 1, 0, 1, 1, 0, 1, 1, 0, 1, 0, 0], [1, 1, 0, 1, 1, 0, 1, 1, 0, 1, 1, 0, 1, 0, 1, 1, 1, 0, 1, 1, 0, 1, 1, 0, 1, 0, 0], [1, 1, 0, 1, 1, 0, 1, 1, 0, 1, 1, 0, 1, 1, 0, 0, 0, 0, 1, 1, 0, 1, 1, 0, 1, 0, 0], [1, 1, 0, 1, 1, 0, 1, 1, 0, 1, 1, 0, 1, 1, 0, 1, 0, 1, 1, 0, 1, 1, 1, 0, 1, 0, 0], [1, 1, 0, 1, 1, 0, 1, 1, 0, 1, 1, 0, 1, 1, 0, 1, 0, 1, 1, 1, 0, 1, 1, 0, 1, 0, 0], [1, 1, 0, 1, 1, 0, 1, 1, 0, 1, 1, 0, 1, 1, 0, 1, 1, 0, 0, 0, 0, 1, 1, 0, 1, 0, 0], [1, 1, 0, 1, 1, 0, 1, 1, 0, 1, 1, 0, 1, 1, 0, 1, 1, 0, 1, 0, 1, 1, 1, 0, 1, 0, 0], [1, 1, 0, 1, 1, 0, 1, 1, 0, 1, 1, 0, 1, 1, 0, 1, 1, 0, 1, 1, 0, 0, 0, 0, 1, 0, 0], [1, 1, 0, 1, 1, 0, 1, 1, 0, 1, 1, 0, 1, 1, 0, 1, 1, 0, 1, 1, 0, 1, 0, 1, 1, 0, 0], [1, 1, 0, 1, 1, 0, 1, 1, 0, 1, 1, 0, 1, 1, 0, 1, 1, 0, 1, 1, 0, 1, 1, 0, 1, 0, 0]]","[0.01171875, 0.015625, 0.0078125, 0.00390625, 0.0078125, 0.00390625, 0.015625, 0.00390625, 0.015625, 0.00390625, 0.00390625, 0.01953125, 0.0078125, 0.0078125, 0.01171875, 0.0078125, 0.8515625]",28,269,56,120,298,
supportcase6_ds_qaoa_c539_c722_c726_0006,data/miplib_benders/qaoa_problems/nvars_09/supportcase6_ds_qaoa_c539_c722_c726_0006.json,9,27,3,ddsim,30,256,ok,1882.7040310020093,400.11328125,151847000.0,"{""B100623(7)"": 1, ""B101029(7)"": 0, ""B101035(7)"": 0, ""B101037(7)"": 0, ""B101043(7)"": 0, ""B101058(7)"": 0, ""B101479(7)"": 0, ""B101485(7)"": 0, ""B101487(7)"": 0}",,,,"[[1, 0, 1, 1, 1, 0, 1, 1, 0, 1, 1, 0, 1, 1, 0, 1, 0, 0, 1, 1, 0, 1, 1, 0, 1, 1, 0], [1, 1, 0, 0, 0, 0, 1, 1, 0, 1, 1, 0, 1, 0, 1, 1, 0, 0, 1, 1, 0, 1, 1, 0, 1, 1, 0], [1, 1, 0, 0, 0, 0, 1, 1, 0, 1, 1, 0, 1, 1, 0, 1, 0, 0, 1, 1, 0, 1, 1, 0, 0, 0, 0], [1, 1, 0, 0, 0, 0, 1, 1, 0, 1, 1, 0, 1, 1, 0, 1, 0, 0, 1, 1, 0, 1, 1, 0, 1, 0, 1], [1, 1, 0, 0, 0, 0, 1, 1, 0, 1, 1, 0, 1, 1, 0, 1, 0, 0, 1, 1, 0, 1, 1, 0, 1, 1, 0], [1, 1, 0, 1, 0, 0, 0, 1, 0, 1, 1, 0, 1, 1, 0, 1, 0, 0, 1, 1, 0, 1, 1, 0, 1, 1, 0], [1, 1, 0, 1, 0, 1, 1, 1, 0, 0, 0, 0, 1, 1, 0, 1, 0, 0, 1, 1, 0, 1, 1, 0, 1, 1, 0], [1, 1, 0, 1, 0, 1, 1, 1, 0, 1, 1, 0, 1, 1, 0, 1, 0, 0, 1, 1, 0, 1, 0, 1, 1, 1, 0], [1, 1, 0, 1, 0, 1, 1, 1, 0, 1, 1, 0, 1, 1, 0, 1, 0, 0, 1, 1, 0, 1, 1, 0, 1, 1, 0], [1, 1, 0, 1, 1, 0, 0, 0, 0, 1, 1, 0, 1, 1, 0, 1, 0, 0, 1, 1, 0, 1, 1, 0, 0, 0, 0], [1, 1, 0, 1, 1, 0, 0, 0, 0, 1, 1, 0, 1, 1, 0, 1, 0, 0, 1, 1, 0, 1, 1, 0, 1, 1, 0], [1, 1, 0, 1, 1, 0, 1, 0, 0, 0, 1, 0, 1, 1, 0, 1, 0, 0, 1, 1, 0, 1, 1, 0, 1, 1, 0], [1, 1, 0, 1, 1, 0, 1, 0, 1, 0, 0, 0, 1, 1, 0, 1, 0, 0, 1, 0, 1, 1, 1, 0, 1, 1, 0], [1, 1, 0, 1, 1, 0, 1, 0, 1, 1, 1, 0, 1, 1, 0, 1, 0, 0, 1, 1, 0, 1, 1, 0, 1, 1, 0], [1, 1, 0, 1, 1, 0, 1, 1, 0, 0, 0, 0, 1, 1, 0, 1, 0, 0, 1, 1, 0, 0, 0, 0, 1, 1, 0], [1, 1, 0, 1, 1, 0, 1, 1, 0, 0, 0, 0, 1, 1, 0, 1, 0, 0, 1, 1, 0, 1, 1, 0, 1, 1, 0], [1, 1, 0, 1, 1, 0, 1, 1, 0, 1, 0, 0, 1, 1, 0, 0, 0, 0, 1, 1, 0, 1, 1, 0, 1, 1, 0], [1, 1, 0, 1, 1, 0, 1, 1, 0, 1, 0, 1, 1, 1, 0, 1, 0, 0, 1, 1, 0, 1, 0, 1, 1, 1, 0], [1, 1, 0, 1, 1, 0, 1, 1, 0, 1, 0, 1, 1, 1, 0, 1, 0, 0, 1, 1, 0, 1, 1, 0, 1, 0, 1], [1, 1, 0, 1, 1, 0, 1, 1, 0, 1, 0, 1, 1, 1, 0, 1, 0, 0, 1, 1, 0, 1, 1, 0, 1, 1, 0], [1, 1, 0, 1, 1, 0, 1, 1, 0, 1, 1, 0, 1, 0, 1, 1, 0, 0, 1, 1, 0, 1, 1, 0, 1, 1, 0], [1, 1, 0, 1, 1, 0, 1, 1, 0, 1, 1, 0, 1, 1, 0, 1, 0, 0, 1, 0, 0, 0, 1, 0, 1, 1, 0], [1, 1, 0, 1, 1, 0, 1, 1, 0, 1, 1, 0, 1, 1, 0, 1, 0, 0, 1, 0, 1, 1, 1, 0, 1, 0, 1], [1, 1, 0, 1, 1, 0, 1, 1, 0, 1, 1, 0, 1, 1, 0, 1, 0, 0, 1, 0, 1, 1, 1, 0, 1, 1, 0], [1, 1, 0, 1, 1, 0, 1, 1, 0, 1, 1, 0, 1, 1, 0, 1, 0, 0, 1, 1, 0, 0, 0, 0, 1, 1, 0], [1, 1, 0, 1, 1, 0, 1, 1, 0, 1, 1, 0, 1, 1, 0, 1, 0, 0, 1, 1, 0, 1, 0, 1, 1, 1, 0], [1, 1, 0, 1, 1, 0, 1, 1, 0, 1, 1, 0, 1, 1, 0, 1, 0, 0, 1, 1, 0, 1, 1, 0, 0, 0, 0], [1, 1, 0, 1, 1, 0, 1, 1, 0, 1, 1, 0, 1, 1, 0, 1, 0, 0, 1, 1, 0, 1, 1, 0, 1, 0, 1], [1, 1, 0, 1, 1, 0, 1, 1, 0, 1, 1, 0, 1, 1, 0, 1, 0, 0, 1, 1, 0, 1, 1, 0, 1, 1, 0]]","[0.01953125, 0.00390625, 0.00390625, 0.00390625, 0.01953125, 0.00390625, 0.00390625, 0.00390625, 0.0078125, 0.00390625, 0.03125, 0.00390625, 0.00390625, 0.015625, 0.0078125, 0.01953125, 0.00390625, 0.00390625, 0.00390625, 0.015625, 0.03125, 0.00390625, 0.00390625, 0.0234375, 0.02734375, 0.02734375, 0.015625, 0.0234375, 0.66015625]",27,189,56,84,289,
supportcase6_ds_qaoa_c722_c726_0005,data/miplib_benders/qaoa_problems/nvars_09/supportcase6_ds_qaoa_c722_c726_0005.json,9,27,2,ddsim,30,256,ok,721.2370860180818,411.76171875,151847000.0,"{""B100608(7)"": 0, ""B100623(7)"": 1, ""B101029(7)"": 0, ""B101035(7)"": 0, ""B101037(7)"": 0, ""B101043(7)"": 0, ""B101058(7)"": 0, ""B101479(7)"": 0, ""B101485(7)"": 0}",,,,"[[1, 1, 0, 1, 0, 1, 1, 1, 0, 1, 1, 0, 1, 1, 0, 1, 1, 0, 1, 1, 0, 1, 1, 0, 1, 0, 0], [1, 1, 0, 1, 1, 0, 0, 0, 0, 1, 1, 0, 1, 1, 0, 1, 1, 0, 1, 1, 0, 1, 1, 0, 1, 0, 0], [1, 1, 0, 1, 1, 0, 1, 1, 0, 0, 0, 0, 1, 1, 0, 1, 1, 0, 1, 1, 0, 1, 1, 0, 1, 0, 0], [1, 1, 0, 1, 1, 0, 1, 1, 0, 1, 1, 0, 1, 1, 0, 1, 1, 0, 1, 1, 0, 0, 0, 0, 1, 0, 0], [1, 1, 0, 1, 1, 0, 1, 1, 0, 1, 1, 0, 1, 1, 0, 1, 1, 0, 1, 1, 0, 1, 1, 0, 1, 0, 0]]","[0.01171875, 0.00390625, 0.00390625, 0.00390625, 0.9765625]",29,269,56,120,298,
supportcase6_ds_qaoa_c722_c726_c733_0005,data/miplib_benders/qaoa_problems/nvars_09/supportcase6_ds_qaoa_c722_c726_c733_0005.json,9,27,3,ddsim,30,256,ok,1779.1170336109353,411.60546875,134333000.0,"{""B100608(7)"": 0, ""B100623(7)"": 0, ""B101029(7)"": 0, ""B101035(7)"": 1, ""B101037(7)"": 0, ""B101043(7)"": 0, ""B101058(7)"": 0, ""B101479(7)"": 0, ""B101485(7)"": 0}",,,,"[[1, 0, 1, 1, 0, 1, 1, 1, 0, 1, 1, 0, 1, 1, 0, 1, 1, 0, 1, 1, 0, 1, 1, 0, 1, 0, 0], [1, 0, 1, 1, 1, 0, 1, 1, 0, 1, 0, 1, 1, 1, 0, 1, 1, 0, 1, 1, 0, 1, 1, 0, 1, 0, 0], [1, 0, 1, 1, 1, 0, 1, 1, 0, 1, 1, 0, 0, 0, 0, 1, 0, 1, 1, 1, 0, 1, 1, 0, 1, 0, 0], [1, 0, 1, 1, 1, 0, 1, 1, 0, 1, 1, 0, 1, 1, 0, 1, 1, 0, 1, 1, 0, 1, 1, 0, 1, 0, 0], [1, 1, 0, 1, 0, 1, 1, 1, 0, 1, 1, 0, 0, 0, 0, 1, 1, 0, 1, 1, 0, 1, 1, 0, 1, 0, 0], [1, 1, 0, 1, 0, 1, 1, 1, 0, 1, 1, 0, 1, 1, 0, 1, 1, 0, 1, 1, 0, 0, 0, 0, 1, 0, 0], [1, 1, 0, 1, 0, 1, 1, 1, 0, 1, 1, 0, 1, 1, 0, 1, 1, 0, 1, 1, 0, 1, 1, 0, 1, 0, 0], [1, 1, 0, 1, 1, 0, 0, 0, 0, 1, 1, 0, 1, 0, 1, 1, 1, 0, 1, 1, 0, 1, 0, 1, 1, 0, 0], [1, 1, 0, 1, 1, 0, 0, 0, 0, 1, 1, 0, 1, 0, 1, 1, 1, 0, 1, 1, 0, 1, 1, 0, 1, 0, 0], [1, 1, 0, 1, 1, 0, 0, 0, 0, 1, 1, 0, 1, 1, 0, 1, 1, 0, 1, 1, 0, 1, 1, 0, 1, 0, 0], [1, 1, 0, 1, 1, 0, 1, 0, 1, 1, 1, 0, 1, 1, 0, 0, 0, 0, 1, 1, 0, 1, 0, 1, 1, 0, 0], [1, 1, 0, 1, 1, 0, 1, 0, 1, 1, 1, 0, 1, 1, 0, 1, 1, 0, 1, 1, 0, 0, 0, 0, 1, 0, 0], [1, 1, 0, 1, 1, 0, 1, 0, 1, 1, 1, 0, 1, 1, 0, 1, 1, 0, 1, 1, 0, 1, 1, 0, 1, 0, 0], [1, 1, 0, 1, 1, 0, 1, 1, 0, 1, 0, 1, 1, 1, 0, 1, 1, 0, 1, 1, 0, 1, 0, 1, 1, 0, 0], [1, 1, 0, 1, 1, 0, 1, 1, 0, 1, 0, 1, 1, 1, 0, 1, 1, 0, 1, 1, 0, 1, 1, 0, 1, 0, 0], [1, 1, 0, 1, 1, 0, 1, 1, 0, 1, 1, 0, 0, 0, 0, 1, 1, 0, 1, 1, 0, 1, 1, 0, 1, 0, 0], [1, 1, 0, 1, 1, 0, 1, 1, 0, 1, 1, 0, 1, 0, 1, 0, 0, 0, 1, 1, 0, 1, 1, 0, 1, 0, 0], [1, 1, 0, 1, 1, 0, 1, 1, 0, 1, 1, 0, 1, 0, 1, 1, 1, 0, 1, 1, 0, 1, 1, 0, 1, 0, 0], [1, 1, 0, 1, 1, 0, 1, 1, 0, 1, 1, 0, 1, 1, 0, 0, 0, 0, 1, 1, 0, 1, 1, 0, 1, 0, 0], [1, 1, 0, 1, 1, 0, 1, 1, 0, 1, 1, 0, 1, 1, 0, 1, 0, 1, 0, 0, 0, 1, 1, 0, 1, 0, 0], [1, 1, 0, 1, 1, 0, 1, 1, 0, 1, 1, 0, 1, 1, 0, 1, 0, 1, 1, 0, 1, 1, 1, 0, 1, 0, 0], [1, 1, 0, 1, 1, 0, 1, 1, 0, 1, 1, 0, 1, 1, 0, 1, 0, 1, 1, 1, 0, 1, 1, 0, 1, 0, 0], [1, 1, 0, 1, 1, 0, 1, 1, 0, 1, 1, 0, 1, 1, 0, 1, 1, 0, 0, 0, 0, 1, 0, 1, 1, 0, 0], [1, 1, 0, 1, 1, 0, 1, 1, 0, 1, 1, 0, 1, 1, 0, 1, 1, 0, 0, 0, 0, 1, 1, 0, 1, 0, 0], [1, 1, 0, 1, 1, 0, 1, 1, 0, 1, 1, 0, 1, 1, 0, 1, 1, 0, 1, 0, 1, 1, 1, 0, 1, 0, 0], [1, 1, 0, 1, 1, 0, 1, 1, 0, 1, 1, 0, 1, 1, 0, 1, 1, 0, 1, 1, 0, 0, 0, 0, 1, 0, 0], [1, 1, 0, 1, 1, 0, 1, 1, 0, 1, 1, 0, 1, 1, 0, 1, 1, 0, 1, 1, 0, 1, 0, 1, 1, 0, 0], [1, 1, 0, 1, 1, 0, 1, 1, 0, 1, 1, 0, 1, 1, 0, 1, 1, 0, 1, 1, 0, 1, 1, 0, 1, 0, 0]]","[0.00390625, 0.00390625, 0.00390625, 0.02734375, 0.00390625, 0.00390625, 0.01953125, 0.00390625, 0.00390625, 0.02734375, 0.00390625, 0.00390625, 0.03515625, 0.00390625, 0.0234375, 0.03125, 0.00390625, 0.00390625, 0.01953125, 0.00390625, 0.00390625, 0.0234375, 0.00390625, 0.0234375, 0.0234375, 0.03515625, 0.015625, 0.63671875]",29,189,56,84,289,
supportcase6_ds_qaoa_c722_c726_c733_0003,data/miplib_benders/qaoa_problems/nvars_09/supportcase6_ds_qaoa_c722_c726_c733_0003.json,9,27,3,ddsim,30,256,ok,2100.6094650960295,414.79296875,134333000.0,"{""B100600(7)"": 0, ""B100602(7)"": 0, ""B100608(7)"": 0, ""B100623(7)"": 0, ""B101029(7)"": 0, ""B101035(7)"": 1, ""B101037(7)"": 0, ""B101043(7)"": 0, ""B101058(7)"": 0}",,,,"[[1, 0, 1, 1, 1, 0, 1, 1, 0, 1, 1, 0, 1, 1, 0, 1, 0, 0, 0, 0, 0, 1, 1, 0, 1, 1, 0], [1, 0, 1, 1, 1, 0, 1, 1, 0, 1, 1, 0, 1, 1, 0, 1, 0, 0, 1, 1, 0, 1, 0, 1, 1, 1, 0], [1, 0, 1, 1, 1, 0, 1, 1, 0, 1, 1, 0, 1, 1, 0, 1, 0, 0, 1, 1, 0, 1, 1, 0, 1, 1, 0], [1, 1, 0, 1, 0, 1, 1, 1, 0, 1, 1, 0, 1, 1, 0, 1, 0, 0, 1, 1, 0, 1, 1, 0, 1, 1, 0], [1, 1, 0, 1, 1, 0, 0, 1, 0, 1, 1, 0, 1, 1, 0, 1, 0, 0, 1, 1, 0, 1, 0, 0, 1, 1, 0], [1, 1, 0, 1, 1, 0, 1, 0, 1, 1, 1, 0, 1, 1, 0, 1, 0, 0, 1, 1, 0, 1, 1, 0, 1, 1, 0], [1, 1, 0, 1, 1, 0, 1, 1, 0, 0, 0, 0, 0, 0, 0, 1, 0, 0, 1, 1, 0, 1, 1, 0, 1, 1, 0], [1, 1, 0, 1, 1, 0, 1, 1, 0, 0, 0, 0, 1, 1, 0, 1, 0, 0, 1, 1, 0, 1, 1, 0, 1, 1, 0], [1, 1, 0, 1, 1, 0, 1, 1, 0, 1, 0, 1, 1, 0, 1, 1, 0, 0, 1, 1, 0, 1, 1, 0, 1, 1, 0], [1, 1, 0, 1, 1, 0, 1, 1, 0, 1, 0, 1, 1, 1, 0, 1, 0, 0, 1, 1, 0, 1, 0, 1, 1, 1, 0], [1, 1, 0, 1, 1, 0, 1, 1, 0, 1, 0, 1, 1, 1, 0, 1, 0, 0, 1, 1, 0, 1, 1, 0, 1, 1, 0], [1, 1, 0, 1, 1, 0, 1, 1, 0, 1, 1, 0, 0, 0, 0, 1, 0, 0, 1, 1, 0, 1, 1, 0, 1, 1, 0], [1, 1, 0, 1, 1, 0, 1, 1, 0, 1, 1, 0, 1, 0, 1, 1, 0, 0, 1, 1, 0, 1, 0, 1, 1, 1, 0], [1, 1, 0, 1, 1, 0, 1, 1, 0, 1, 1, 0, 1, 0, 1, 1, 0, 0, 1, 1, 0, 1, 1, 0, 1, 1, 0], [1, 1, 0, 1, 1, 0, 1, 1, 0, 1, 1, 0, 1, 1, 0, 1, 0, 0, 0, 0, 0, 1, 1, 0, 1, 1, 0], [1, 1, 0, 1, 1, 0, 1, 1, 0, 1, 1, 0, 1, 1, 0, 1, 0, 0, 1, 0, 1, 1, 1, 0, 1, 1, 0], [1, 1, 0, 1, 1, 0, 1, 1, 0, 1, 1, 0, 1, 1, 0, 1, 0, 0, 1, 1, 0, 0, 0, 0, 0, 0, 0], [1, 1, 0, 1, 1, 0, 1, 1, 0, 1, 1, 0, 1, 1, 0, 1, 0, 0, 1, 1, 0, 0, 0, 0, 1, 1, 0], [1, 1, 0, 1, 1, 0, 1, 1, 0, 1, 1, 0, 1, 1, 0, 1, 0, 0, 1, 1, 0, 1, 0, 1, 1, 1, 0], [1, 1, 0, 1, 1, 0, 1, 1, 0, 1, 1, 0, 1, 1, 0, 1, 0, 0, 1, 1, 0, 1, 1, 0, 0, 0, 0], [1, 1, 0, 1, 1, 0, 1, 1, 0, 1, 1, 0, 1, 1, 0, 1, 0, 0, 1, 1, 0, 1, 1, 0, 1, 0, 1], [1, 1, 0, 1, 1, 0, 1, 1, 0, 1, 1, 0, 1, 1, 0, 1, 0, 0, 1, 1, 0, 1, 1, 0, 1, 1, 0]]","[0.00390625, 0.00390625, 0.00390625, 0.01171875, 0.00390625, 0.0078125, 0.00390625, 0.015625, 0.00390625, 0.00390625, 0.01171875, 0.01171875, 0.00390625, 0.015625, 0.015625, 0.00390625, 0.00390625, 0.01171875, 0.00390625, 0.01171875, 0.0078125, 0.8359375]",30,189,56,84,289,
supportcase6_ds_qaoa_c722_c726_c733_0002,data/miplib_benders/qaoa_problems/nvars_09/supportcase6_ds_qaoa_c722_c726_c733_0002.json,9,27,3,ddsim,30,256,ok,2339.9348631430184,410.22265625,134333000.0,"{""B100594(7)"": 0, ""B100600(7)"": 1, ""B100602(7)"": 0, ""B100608(7)"": 0, ""B100623(7)"": 0, ""B101029(7)"": 0, ""B101035(7)"": 0, ""B101037(7)"": 0, ""B101043(7)"": 0}",,,,"[[1, 0, 0, 1, 1, 0, 0, 1, 0, 1, 1, 0, 1, 1, 0, 1, 1, 0, 1, 0, 0, 1, 1, 0, 0, 0, 0], [1, 0, 1, 1, 1, 0, 1, 1, 0, 1, 0, 1, 1, 1, 0, 0, 0, 0, 1, 0, 0, 1, 1, 0, 1, 1, 0], [1, 0, 1, 1, 1, 0, 1, 1, 0, 1, 1, 0, 1, 1, 0, 0, 0, 0, 1, 0, 0, 1, 1, 0, 1, 1, 0], [1, 0, 1, 1, 1, 0, 1, 1, 0, 1, 1, 0, 1, 1, 0, 1, 1, 0, 1, 0, 0, 1, 1, 0, 1, 1, 0], [1, 1, 0, 1, 0, 1, 1, 1, 0, 1, 1, 0, 1, 0, 1, 1, 1, 0, 1, 0, 0, 1, 1, 0, 1, 1, 0], [1, 1, 0, 1, 0, 1, 1, 1, 0, 1, 1, 0, 1, 1, 0, 1, 1, 0, 1, 0, 0, 1, 1, 0, 0, 0, 0], [1, 1, 0, 1, 0, 1, 1, 1, 0, 1, 1, 0, 1, 1, 0, 1, 1, 0, 1, 0, 0, 1, 1, 0, 1, 1, 0], [1, 1, 0, 1, 1, 0, 0, 0, 0, 1, 0, 1, 1, 1, 0, 1, 1, 0, 1, 0, 0, 1, 1, 0, 1, 1, 0], [1, 1, 0, 1, 1, 0, 0, 0, 0, 1, 1, 0, 1, 1, 0, 1, 1, 0, 1, 0, 0, 0, 0, 0, 1, 1, 0], [1, 1, 0, 1, 1, 0, 0, 0, 0, 1, 1, 0, 1, 1, 0, 1, 1, 0, 1, 0, 0, 1, 1, 0, 0, 0, 0], [1, 1, 0, 1, 1, 0, 0, 0, 0, 1, 1, 0, 1, 1, 0, 1, 1, 0, 1, 0, 0, 1, 1, 0, 1, 1, 0], [1, 1, 0, 1, 1, 0, 1, 0, 1, 1, 1, 0, 0, 0, 0, 1, 1, 0, 1, 0, 0, 1, 1, 0, 1, 1, 0], [1, 1, 0, 1, 1, 0, 1, 0, 1, 1, 1, 0, 1, 1, 0, 1, 1, 0, 1, 0, 0, 1, 0, 1, 1, 1, 0], [1, 1, 0, 1, 1, 0, 1, 0, 1, 1, 1, 0, 1, 1, 0, 1, 1, 0, 1, 0, 0, 1, 1, 0, 1, 1, 0], [1, 1, 0, 1, 1, 0, 1, 1, 0, 0, 1, 0, 1, 1, 0, 1, 1, 0, 1, 0, 0, 1, 1, 0, 1, 0, 0], [1, 1, 0, 1, 1, 0, 1, 1, 0, 1, 0, 1, 1, 1, 0, 0, 0, 0, 1, 0, 0, 1, 1, 0, 1, 1, 0], [1, 1, 0, 1, 1, 0, 1, 1, 0, 1, 0, 1, 1, 1, 0, 1, 1, 0, 1, 0, 0, 0, 0, 0, 1, 1, 0], [1, 1, 0, 1, 1, 0, 1, 1, 0, 1, 0, 1, 1, 1, 0, 1, 1, 0, 1, 0, 0, 1, 0, 1, 1, 1, 0], [1, 1, 0, 1, 1, 0, 1, 1, 0, 1, 0, 1, 1, 1, 0, 1, 1, 0, 1, 0, 0, 1, 1, 0, 1, 1, 0], [1, 1, 0, 1, 1, 0, 1, 1, 0, 1, 1, 0, 0, 0, 0, 1, 0, 1, 1, 0, 0, 1, 1, 0, 1, 1, 0], [1, 1, 0, 1, 1, 0, 1, 1, 0, 1, 1, 0, 0, 0, 0, 1, 1, 0, 1, 0, 0, 1, 1, 0, 0, 0, 0], [1, 1, 0, 1, 1, 0, 1, 1, 0, 1, 1, 0, 0, 0, 0, 1, 1, 0, 1, 0, 0, 1, 1, 0, 1, 1, 0], [1, 1, 0, 1, 1, 0, 1, 1, 0, 1, 1, 0, 1, 0, 0, 0, 1, 0, 1, 0, 0, 1, 1, 0, 1, 1, 0], [1, 1, 0, 1, 1, 0, 1, 1, 0, 1, 1, 0, 1, 0, 1, 1, 0, 1, 1, 0, 0, 1, 1, 0, 1, 1, 0], [1, 1, 0, 1, 1, 0, 1, 1, 0, 1, 1, 0, 1, 0, 1, 1, 1, 0, 1, 0, 0, 1, 1, 0, 1, 0, 1], [1, 1, 0, 1, 1, 0, 1, 1, 0, 1, 1, 0, 1, 0, 1, 1, 1, 0, 1, 0, 0, 1, 1, 0, 1, 1, 0], [1, 1, 0, 1, 1, 0, 1, 1, 0, 1, 1, 0, 1, 1, 0, 0, 0, 0, 1, 0, 0, 1, 1, 0, 0, 0, 0], [1, 1, 0, 1, 1, 0, 1, 1, 0, 1, 1, 0, 1, 1, 0, 0, 0, 0, 1, 0, 0, 1, 1, 0, 1, 1, 0], [1, 1, 0, 1, 1, 0, 1, 1, 0, 1, 1, 0, 1, 1, 0, 1, 0, 1, 1, 0, 0, 0, 0, 0, 1, 1, 0], [1, 1, 0, 1, 1, 0, 1, 1, 0, 1, 1, 0, 1, 1, 0, 1, 0, 1, 1, 0, 0, 1, 1, 0, 0, 0, 0], [1, 1, 0, 1, 1, 0, 1, 1, 0, 1, 1, 0, 1, 1, 0, 1, 0, 1, 1, 0, 0, 1, 1, 0, 1, 0, 1], [1, 1, 0, 1, 1, 0, 1, 1, 0, 1, 1, 0, 1, 1, 0, 1, 0, 1, 1, 0, 0, 1, 1, 0, 1, 1, 0], [1, 1, 0, 1, 1, 0, 1, 1, 0, 1, 1, 0, 1, 1, 0, 1, 1, 0, 1, 0, 0, 0, 0, 0, 1, 1, 0], [1, 1, 0, 1, 1, 0, 1, 1, 0, 1, 1, 0, 1, 1, 0, 1, 1, 0, 1, 0, 0, 1, 0, 1, 1, 1, 0], [1, 1, 0, 1, 1, 0, 1, 1, 0, 1, 1, 0, 1, 1, 0, 1, 1, 0, 1, 0, 0, 1, 1, 0, 0, 0, 0], [1, 1, 0, 1, 1, 0, 1, 1, 0, 1, 1, 0, 1, 1, 0, 1, 1, 0, 1, 0, 0, 1, 1, 0, 1, 0, 1], [1, 1, 0, 1, 1, 0, 1, 1, 0, 1, 1, 0, 1, 1, 0, 1, 1, 0, 1, 0, 0, 1, 1, 0, 1, 1, 0]]","[0.00390625, 0.00390625, 0.0078125, 0.0234375, 0.00390625, 0.00390625, 0.0234375, 0.00390625, 0.0078125, 0.00390625, 0.02734375, 0.00390625, 0.00390625, 0.03125, 0.00390625, 0.0078125, 0.00390625, 0.00390625, 0.03125, 0.00390625, 0.00390625, 0.03125, 0.00390625, 0.00390625, 0.00390625, 0.03515625, 0.00390625, 0.03125, 0.00390625, 0.00390625, 0.00390625, 0.03125, 0.0234375, 0.02734375, 0.03125, 0.03125, 0.51953125]",31,189,56,84,289,
supportcase6_ds_qaoa_c722_c726_c733_0001,data/miplib_benders/qaoa_problems/nvars_09/supportcase6_ds_qaoa_c722_c726_c733_0001.json,9,27,3,ddsim,30,256,ok,2643.8053261250025,405.1328125,134333000.0,"{""B100166(7)"": 0, ""B100594(7)"": 0, ""B100600(7)"": 1, ""B100602(7)"": 0, ""B100608(7)"": 0, ""B100623(7)"": 0, ""B101029(7)"": 0, ""B101035(7)"": 0, ""B101037(7)"": 0}",,,,"[[1, 0, 1, 1, 0, 1, 1, 0, 1, 1, 1, 0, 1, 1, 0, 1, 1, 0, 1, 1, 0, 1, 0, 0, 1, 1, 0], [1, 0, 1, 1, 0, 1, 1, 1, 0, 1, 1, 0, 1, 1, 0, 1, 1, 0, 1, 1, 0, 1, 0, 0, 1, 1, 0], [1, 0, 1, 1, 1, 0, 1, 1, 0, 1, 0, 1, 1, 1, 0, 1, 0, 1, 1, 1, 0, 1, 0, 0, 1, 1, 0], [1, 0, 1, 1, 1, 0, 1, 1, 0, 1, 1, 0, 1, 1, 0, 0, 0, 0, 1, 1, 0, 1, 0, 0, 1, 1, 0], [1, 0, 1, 1, 1, 0, 1, 1, 0, 1, 1, 0, 1, 1, 0, 1, 1, 0, 0, 0, 0, 1, 0, 0, 1, 1, 0], [1, 0, 1, 1, 1, 0, 1, 1, 0, 1, 1, 0, 1, 1, 0, 1, 1, 0, 1, 1, 0, 1, 0, 0, 1, 0, 1], [1, 0, 1, 1, 1, 0, 1, 1, 0, 1, 1, 0, 1, 1, 0, 1, 1, 0, 1, 1, 0, 1, 0, 0, 1, 1, 0], [1, 1, 0, 0, 0, 0, 1, 1, 0, 0, 0, 0, 1, 1, 0, 1, 1, 0, 1, 1, 0, 1, 0, 0, 1, 1, 0], [1, 1, 0, 0, 0, 0, 1, 1, 0, 1, 0, 1, 1, 1, 0, 0, 0, 0, 1, 1, 0, 1, 0, 0, 1, 1, 0], [1, 1, 0, 0, 0, 0, 1, 1, 0, 1, 0, 1, 1, 1, 0, 1, 1, 0, 1, 1, 0, 1, 0, 0, 1, 1, 0], [1, 1, 0, 0, 0, 0, 1, 1, 0, 1, 1, 0, 1, 1, 0, 1, 1, 0, 0, 0, 0, 1, 0, 0, 1, 1, 0], [1, 1, 0, 0, 0, 0, 1, 1, 0, 1, 1, 0, 1, 1, 0, 1, 1, 0, 1, 0, 1, 1, 0, 0, 1, 1, 0], [1, 1, 0, 0, 0, 0, 1, 1, 0, 1, 1, 0, 1, 1, 0, 1, 1, 0, 1, 1, 0, 1, 0, 0, 0, 0, 0], [1, 1, 0, 0, 0, 0, 1, 1, 0, 1, 1, 0, 1, 1, 0, 1, 1, 0, 1, 1, 0, 1, 0, 0, 1, 1, 0], [1, 1, 0, 1, 0, 0, 1, 1, 0, 0, 1, 0, 1, 1, 0, 1, 1, 0, 1, 1, 0, 1, 0, 0, 1, 0, 1], [1, 1, 0, 1, 0, 1, 1, 0, 1, 1, 1, 0, 1, 1, 0, 1, 1, 0, 0, 0, 0, 1, 0, 0, 1, 1, 0], [1, 1, 0, 1, 0, 1, 1, 0, 1, 1, 1, 0, 1, 1, 0, 1, 1, 0, 1, 1, 0, 1, 0, 0, 1, 1, 0], [1, 1, 0, 1, 0, 1, 1, 1, 0, 0, 0, 0, 1, 1, 0, 1, 1, 0, 0, 0, 0, 1, 0, 0, 1, 1, 0], [1, 1, 0, 1, 0, 1, 1, 1, 0, 1, 1, 0, 1, 1, 0, 1, 1, 0, 1, 0, 1, 1, 0, 0, 1, 0, 1], [1, 1, 0, 1, 0, 1, 1, 1, 0, 1, 1, 0, 1, 1, 0, 1, 1, 0, 1, 0, 1, 1, 0, 0, 1, 1, 0], [1, 1, 0, 1, 0, 1, 1, 1, 0, 1, 1, 0, 1, 1, 0, 1, 1, 0, 1, 1, 0, 1, 0, 0, 1, 0, 1], [1, 1, 0, 1, 0, 1, 1, 1, 0, 1, 1, 0, 1, 1, 0, 1, 1, 0, 1, 1, 0, 1, 0, 0, 1, 1, 0], [1, 1, 0, 1, 1, 0, 1, 0, 1, 0, 0, 0, 1, 1, 0, 1, 0, 1, 1, 1, 0, 1, 0, 0, 1, 1, 0], [1, 1, 0, 1, 1, 0, 1, 0, 1, 1, 1, 0, 1, 1, 0, 1, 0, 1, 1, 1, 0, 1, 0, 0, 1, 1, 0], [1, 1, 0, 1, 1, 0, 1, 0, 1, 1, 1, 0, 1, 1, 0, 1, 1, 0, 1, 1, 0, 1, 0, 0, 1, 1, 0], [1, 1, 0, 1, 1, 0, 1, 1, 0, 0, 0, 0, 1, 1, 0, 1, 1, 0, 1, 1, 0, 1, 0, 0, 0, 0, 0], [1, 1, 0, 1, 1, 0, 1, 1, 0, 0, 0, 0, 1, 1, 0, 1, 1, 0, 1, 1, 0, 1, 0, 0, 1, 1, 0], [1, 1, 0, 1, 1, 0, 1, 1, 0, 1, 0, 1, 1, 0, 1, 1, 1, 0, 1, 1, 0, 1, 0, 0, 1, 1, 0], [1, 1, 0, 1, 1, 0, 1, 1, 0, 1, 0, 1, 1, 1, 0, 0, 0, 0, 1, 1, 0, 1, 0, 0, 1, 1, 0], [1, 1, 0, 1, 1, 0, 1, 1, 0, 1, 0, 1, 1, 1, 0, 1, 1, 0, 1, 0, 0, 1, 0, 0, 0, 0, 1], [1, 1, 0, 1, 1, 0, 1, 1, 0, 1, 0, 1, 1, 1, 0, 1, 1, 0, 1, 1, 0, 1, 0, 0, 0, 0, 0], [1, 1, 0, 1, 1, 0, 1, 1, 0, 1, 0, 1, 1, 1, 0, 1, 1, 0, 1, 1, 0, 1, 0, 0, 1, 0, 1], [1, 1, 0, 1, 1, 0, 1, 1, 0, 1, 0, 1, 1, 1, 0, 1, 1, 0, 1, 1, 0, 1, 0, 0, 1, 1, 0], [1, 1, 0, 1, 1, 0, 1, 1, 0, 1, 1, 0, 0, 0, 0, 1, 1, 0, 1, 1, 0, 1, 0, 0, 1, 1, 0], [1, 1, 0, 1, 1, 0, 1, 1, 0, 1, 1, 0, 1, 0, 1, 1, 0, 1, 1, 1, 0, 1, 0, 0, 1, 1, 0], [1, 1, 0, 1, 1, 0, 1, 1, 0, 1, 1, 0, 1, 0, 1, 1, 1, 0, 1, 1, 0, 1, 0, 0, 0, 0, 0], [1, 1, 0, 1, 1, 0, 1, 1, 0, 1, 1, 0, 1, 0, 1, 1, 1, 0, 1, 1, 0, 1, 0, 0, 1, 0, 1], [1, 1, 0, 1, 1, 0, 1, 1, 0, 1, 1, 0, 1, 0, 1, 1, 1, 0, 1, 1, 0, 1, 0, 0, 1, 1, 0], [1, 1, 0, 1, 1, 0, 1, 1, 0, 1, 1, 0, 1, 1, 0, 0, 0, 0, 0, 0, 0, 1, 0, 0, 1, 1, 0], [1, 1, 0, 1, 1, 0, 1, 1, 0, 1, 1, 0, 1, 1, 0, 0, 0, 0, 1, 1, 0, 1, 0, 0, 1, 1, 0], [1, 1, 0, 1, 1, 0, 1, 1, 0, 1, 1, 0, 1, 1, 0, 1, 0, 1, 1, 0, 1, 1, 0, 0, 1, 0, 1], [1, 1, 0, 1, 1, 0, 1, 1, 0, 1, 1, 0, 1, 1, 0, 1, 0, 1, 1, 0, 1, 1, 0, 0, 1, 1, 0], [1, 1, 0, 1, 1, 0, 1, 1, 0, 1, 1, 0, 1, 1, 0, 1, 0, 1, 1, 1, 0, 1, 0, 0, 1, 1, 0], [1, 1, 0, 1, 1, 0, 1, 1, 0, 1, 1, 0, 1, 1, 0, 1, 1, 0, 0, 0, 0, 1, 0, 0, 0, 0, 0], [1, 1, 0, 1, 1, 0, 1, 1, 0, 1, 1, 0, 1, 1, 0, 1, 1, 0, 0, 0, 0, 1, 0, 0, 1, 0, 1], [1, 1, 0, 1, 1, 0, 1, 1, 0, 1, 1, 0, 1, 1, 0, 1, 1, 0, 0, 0, 0, 1, 0, 0, 1, 1, 0], [1, 1, 0, 1, 1, 0, 1, 1, 0, 1, 1, 0, 1, 1, 0, 1, 1, 0, 1, 0, 1, 1, 0, 0, 0, 0, 0], [1, 1, 0, 1, 1, 0, 1, 1, 0, 1, 1, 0, 1, 1, 0, 1, 1, 0, 1, 0, 1, 1, 0, 0, 1, 0, 1], [1, 1, 0, 1, 1, 0, 1, 1, 0, 1, 1, 0, 1, 1, 0, 1, 1, 0, 1, 0, 1, 1, 0, 0, 1, 1, 0], [1, 1, 0, 1, 1, 0, 1, 1, 0, 1, 1, 0, 1, 1, 0, 1, 1, 0, 1, 1, 0, 1, 0, 0, 0, 0, 0], [1, 1, 0, 1, 1, 0, 1, 1, 0, 1, 1, 0, 1, 1, 0, 1, 1, 0, 1, 1, 0, 1, 0, 0, 1, 0, 1], [1, 1, 0, 1, 1, 0, 1, 1, 0, 1, 1, 0, 1, 1, 0, 1, 1, 0, 1, 1, 0, 1, 0, 0, 1, 1, 0]]","[0.00390625, 0.00390625, 0.00390625, 0.0078125, 0.00390625, 0.00390625, 0.0390625, 0.00390625, 0.00390625, 0.00390625, 0.00390625, 0.00390625, 0.00390625, 0.0625, 0.00390625, 0.00390625, 0.00390625, 0.00390625, 0.00390625, 0.00390625, 0.00390625, 0.03515625, 0.00390625, 0.00390625, 0.0234375, 0.0078125, 0.05078125, 0.00390625, 0.00390625, 0.00390625, 0.00390625, 0.00390625, 0.01953125, 0.00390625, 0.00390625, 0.00390625, 0.00390625, 0.01953125, 0.00390625, 0.03515625, 0.00390625, 0.00390625, 0.0234375, 0.0078125, 0.00390625, 0.03125, 0.00390625, 0.01171875, 0.02734375, 0.03515625, 0.01953125, 0.41015625]",29,229,56,102,289,
supportcase6_ds_qaoa_c726_c733_0001,data/miplib_benders/qaoa_problems/nvars_09/supportcase6_ds_qaoa_c726_c733_0001.json,9,27,2,ddsim,30,256,ok,997.4748174960259,413.55078125,296734000.0,"{""B100166(7)"": 0, ""B100594(7)"": 0, ""B100600(7)"": 0, ""B100602(7)"": 0, ""B100608(7)"": 1, ""B100623(7)"": 1, ""B101029(7)"": 0, ""B101035(7)"": 0, ""B101037(7)"": 0}",,,,"[[1, 0, 1, 1, 1, 0, 1, 1, 0, 1, 1, 0, 0, 0, 0, 1, 1, 0, 1, 1, 0, 1, 0, 0, 1, 1, 0], [1, 1, 0, 1, 0, 1, 1, 1, 0, 1, 1, 0, 0, 0, 0, 1, 1, 0, 1, 1, 0, 1, 0, 0, 1, 1, 0], [1, 1, 0, 1, 1, 0, 1, 0, 1, 1, 1, 0, 0, 0, 0, 1, 1, 0, 1, 1, 0, 1, 0, 0, 1, 1, 0], [1, 1, 0, 1, 1, 0, 1, 1, 0, 0, 0, 0, 0, 0, 0, 1, 1, 0, 1, 1, 0, 1, 0, 0, 1, 1, 0], [1, 1, 0, 1, 1, 0, 1, 1, 0, 1, 0, 1, 0, 0, 0, 1, 1, 0, 1, 1, 0, 1, 0, 0, 1, 1, 0], [1, 1, 0, 1, 1, 0, 1, 1, 0, 1, 1, 0, 0, 0, 0, 0, 0, 0, 1, 1, 0, 1, 0, 0, 1, 1, 0], [1, 1, 0, 1, 1, 0, 1, 1, 0, 1, 1, 0, 0, 0, 0, 1, 1, 0, 0, 0, 0, 1, 0, 0, 1, 1, 0], [1, 1, 0, 1, 1, 0, 1, 1, 0, 1, 1, 0, 0, 0, 0, 1, 1, 0, 1, 0, 1, 1, 0, 0, 1, 1, 0], [1, 1, 0, 1, 1, 0, 1, 1, 0, 1, 1, 0, 0, 0, 0, 1, 1, 0, 1, 1, 0, 1, 0, 0, 0, 0, 0], [1, 1, 0, 1, 1, 0, 1, 1, 0, 1, 1, 0, 0, 0, 0, 1, 1, 0, 1, 1, 0, 1, 0, 0, 1, 0, 1], [1, 1, 0, 1, 1, 0, 1, 1, 0, 1, 1, 0, 0, 0, 0, 1, 1, 0, 1, 1, 0, 1, 0, 0, 1, 1, 0]]","[0.01171875, 0.015625, 0.015625, 0.015625, 0.00390625, 0.00390625, 0.0078125, 0.0078125, 0.015625, 0.01171875, 0.890625]",30,382,56,179,399,
supportcase6_ds_qaoa_c726_c733_c745_0001,data/miplib_benders/qaoa_problems/nvars_09/supportcase6_ds_qaoa_c726_c733_c745_0001.json,9,27,3,ddsim,30,256,ok,1227.2741470589535,427.5546875,296734000.0,"{""B100166(7)"": 0, ""B100594(7)"": 0, ""B100600(7)"": 0, ""B100602(7)"": 0, ""B100608(7)"": 1, ""B100623(7)"": 1, ""B101029(7)"": 0, ""B101035(7)"": 0, ""B101037(7)"": 0}",,,,"[[1, 0, 1, 1, 1, 0, 1, 1, 0, 1, 1, 0, 0, 0, 0, 1, 1, 0, 1, 1, 0, 1, 0, 0, 1, 1, 0], [1, 1, 0, 1, 0, 1, 1, 1, 0, 1, 1, 0, 0, 0, 0, 1, 1, 0, 1, 1, 0, 1, 0, 0, 1, 1, 0], [1, 1, 0, 1, 1, 0, 1, 1, 0, 0, 0, 0, 0, 0, 0, 1, 1, 0, 1, 1, 0, 1, 0, 0, 0, 0, 0], [1, 1, 0, 1, 1, 0, 1, 1, 0, 0, 0, 0, 0, 0, 0, 1, 1, 0, 1, 1, 0, 1, 0, 0, 1, 1, 0], [1, 1, 0, 1, 1, 0, 1, 1, 0, 1, 1, 0, 0, 0, 0, 0, 0, 0, 1, 1, 0, 1, 0, 0, 1, 1, 0], [1, 1, 0, 1, 1, 0, 1, 1, 0, 1, 1, 0, 0, 0, 0, 1, 0, 1, 1, 1, 0, 1, 0, 0, 1, 1, 0], [1, 1, 0, 1, 1, 0, 1, 1, 0, 1, 1, 0, 0, 0, 0, 1, 1, 0, 0, 0, 0, 1, 0, 0, 1, 1, 0], [1, 1, 0, 1, 1, 0, 1, 1, 0, 1, 1, 0, 0, 0, 0, 1, 1, 0, 1, 0, 1, 1, 0, 0, 1, 1, 0], [1, 1, 0, 1, 1, 0, 1, 1, 0, 1, 1, 0, 0, 0, 0, 1, 1, 0, 1, 1, 0, 1, 0, 0, 0, 0, 0], [1, 1, 0, 1, 1, 0, 1, 1, 0, 1, 1, 0, 0, 0, 0, 1, 1, 0, 1, 1, 0, 1, 0, 0, 1, 0, 1], [1, 1, 0, 1, 1, 0, 1, 1, 0, 1, 1, 0, 0, 0, 0, 1, 1, 0, 1, 1, 0, 1, 0, 0, 1, 1, 0]]","[0.00390625, 0.0078125, 0.00390625, 0.00390625, 0.0078125, 0.00390625, 0.01171875, 0.0078125, 0.00390625, 0.0078125, 0.9375]",31,222,56,107,390,
supportcase6_ds_qaoa_c726_c733_c745_0004,data/miplib_benders/qaoa_problems/nvars_09/supportcase6_ds_qaoa_c726_c733_c745_0004.json,9,27,3,ddsim,30,256,ok,1151.720854620915,427.94140625,296734000.0,"{""B100602(7)"": 0, ""B100608(7)"": 1, ""B100623(7)"": 0, ""B101029(7)"": 0, ""B101035(7)"": 0, ""B101037(7)"": 0, ""B101043(7)"": 0, ""B101058(7)"": 1, ""B101479(7)"": 0}",,,,"[[1, 0, 1, 1, 1, 0, 1, 1, 0, 1, 1, 0, 0, 0, 0, 1, 1, 0, 1, 0, 0, 1, 0, 0, 1, 1, 0], [1, 0, 1, 1, 1, 0, 1, 1, 0, 1, 1, 0, 1, 1, 0, 1, 1, 0, 1, 0, 0, 1, 0, 0, 1, 1, 0], [1, 1, 0, 1, 0, 1, 1, 1, 0, 1, 1, 0, 1, 1, 0, 1, 1, 0, 1, 0, 0, 1, 0, 0, 1, 1, 0], [1, 1, 0, 1, 1, 0, 1, 0, 1, 1, 1, 0, 1, 1, 0, 1, 0, 1, 1, 0, 0, 1, 0, 0, 1, 1, 0], [1, 1, 0, 1, 1, 0, 1, 0, 1, 1, 1, 0, 1, 1, 0, 1, 1, 0, 1, 0, 0, 1, 0, 0, 1, 1, 0], [1, 1, 0, 1, 1, 0, 1, 1, 0, 0, 0, 0, 1, 1, 0, 1, 1, 0, 1, 0, 0, 1, 0, 0, 1, 1, 0], [1, 1, 0, 1, 1, 0, 1, 1, 0, 1, 0, 1, 1, 1, 0, 1, 1, 0, 1, 0, 0, 1, 0, 0, 1, 0, 1], [1, 1, 0, 1, 1, 0, 1, 1, 0, 1, 0, 1, 1, 1, 0, 1, 1, 0, 1, 0, 0, 1, 0, 0, 1, 1, 0], [1, 1, 0, 1, 1, 0, 1, 1, 0, 1, 1, 0, 0, 0, 0, 1, 1, 0, 1, 0, 0, 1, 0, 0, 1, 1, 0], [1, 1, 0, 1, 1, 0, 1, 1, 0, 1, 1, 0, 1, 0, 1, 1, 1, 0, 1, 0, 0, 1, 0, 0, 1, 1, 0], [1, 1, 0, 1, 1, 0, 1, 1, 0, 1, 1, 0, 1, 1, 0, 0, 0, 0, 1, 0, 0, 1, 0, 0, 1, 1, 0], [1, 1, 0, 1, 1, 0, 1, 1, 0, 1, 1, 0, 1, 1, 0, 1, 0, 1, 1, 0, 0, 1, 0, 0, 1, 1, 0], [1, 1, 0, 1, 1, 0, 1, 1, 0, 1, 1, 0, 1, 1, 0, 1, 1, 0, 1, 0, 0, 1, 0, 0, 0, 0, 0], [1, 1, 0, 1, 1, 0, 1, 1, 0, 1, 1, 0, 1, 1, 0, 1, 1, 0, 1, 0, 0, 1, 0, 0, 1, 0, 1], [1, 1, 0, 1, 1, 0, 1, 1, 0, 1, 1, 0, 1, 1, 0, 1, 1, 0, 1, 0, 0, 1, 0, 0, 1, 1, 0]]","[0.00390625, 0.01171875, 0.015625, 0.00390625, 0.0234375, 0.00390625, 0.00390625, 0.01953125, 0.00390625, 0.0078125, 0.015625, 0.00390625, 0.0078125, 0.0078125, 0.8671875]",30,222,56,107,389,
supportcase6_ds_qaoa_c726_c733_c745_0002,data/miplib_benders/qaoa_problems/nvars_09/supportcase6_ds_qaoa_c726_c733_c745_0002.json,9,27,3,ddsim,30,256,ok,1948.1131035819417,477.63671875,296734000.0,"{""B100594(7)"": 0, ""B100600(7)"": 0, ""B100602(7)"": 0, ""B100608(7)"": 0, ""B100623(7)"": 1, ""B101029(7)"": 0, ""B101035(7)"": 0, ""B101037(7)"": 0, ""B101043(7)"": 1}",,,,"[[1, 0, 1, 1, 1, 0, 1, 1, 0, 1, 1, 0, 0, 0, 0, 1, 1, 0, 1, 0, 0, 0, 0, 0, 1, 1, 0], [1, 0, 1, 1, 1, 0, 1, 1, 0, 1, 1, 0, 0, 0, 0, 1, 1, 0, 1, 0, 0, 1, 1, 0, 0, 0, 0], [1, 0, 1, 1, 1, 0, 1, 1, 0, 1, 1, 0, 0, 0, 0, 1, 1, 0, 1, 0, 0, 1, 1, 0, 1, 1, 0], [1, 1, 0, 1, 0, 0, 0, 0, 0, 1, 1, 0, 0, 0, 0, 0, 0, 0, 0, 0, 0, 1, 1, 0, 1, 1, 0], [1, 1, 0, 1, 0, 1, 1, 0, 1, 1, 1, 0, 0, 0, 0, 0, 0, 0, 1, 0, 0, 1, 1, 0, 1, 1, 0], [1, 1, 0, 1, 0, 1, 1, 1, 0, 1, 0, 1, 0, 0, 0, 1, 1, 0, 1, 0, 0, 1, 1, 0, 1, 1, 0], [1, 1, 0, 1, 0, 1, 1, 1, 0, 1, 1, 0, 0, 0, 0, 1, 0, 1, 1, 0, 0, 1, 1, 0, 1, 1, 0], [1, 1, 0, 1, 0, 1, 1, 1, 0, 1, 1, 0, 0, 0, 0, 1, 1, 0, 1, 0, 0, 1, 1, 0, 1, 1, 0], [1, 1, 0, 1, 1, 0, 0, 0, 0, 1, 0, 1, 0, 0, 0, 1, 1, 0, 1, 0, 0, 1, 1, 0, 1, 1, 0], [1, 1, 0, 1, 1, 0, 0, 0, 0, 1, 1, 0, 0, 0, 0, 1, 1, 0, 1, 0, 0, 1, 1, 0, 1, 0, 1], [1, 1, 0, 1, 1, 0, 0, 0, 0, 1, 1, 0, 0, 0, 0, 1, 1, 0, 1, 0, 0, 1, 1, 0, 1, 1, 0], [1, 1, 0, 1, 1, 0, 1, 0, 1, 1, 0, 1, 0, 0, 0, 1, 1, 0, 1, 0, 0, 1, 1, 0, 1, 1, 0], [1, 1, 0, 1, 1, 0, 1, 0, 1, 1, 1, 0, 0, 0, 0, 1, 1, 0, 1, 0, 0, 1, 0, 1, 1, 1, 0], [1, 1, 0, 1, 1, 0, 1, 0, 1, 1, 1, 0, 0, 0, 0, 1, 1, 0, 1, 0, 0, 1, 1, 0, 1, 1, 0], [1, 1, 0, 1, 1, 0, 1, 1, 0, 1, 0, 0, 1, 0, 0, 1, 0, 1, 0, 0, 0, 1, 1, 0, 1, 1, 0], [1, 1, 0, 1, 1, 0, 1, 1, 0, 1, 0, 0, 1, 0, 0, 1, 1, 0, 0, 0, 0, 1, 1, 0, 1, 1, 0], [1, 1, 0, 1, 1, 0, 1, 1, 0, 1, 0, 1, 0, 0, 0, 1, 1, 0, 1, 0, 0, 0, 0, 0, 1, 1, 0], [1, 1, 0, 1, 1, 0, 1, 1, 0, 1, 0, 1, 0, 0, 0, 1, 1, 0, 1, 0, 0, 1, 1, 0, 0, 0, 0], [1, 1, 0, 1, 1, 0, 1, 1, 0, 1, 0, 1, 0, 0, 0, 1, 1, 0, 1, 0, 0, 1, 1, 0, 1, 0, 1], [1, 1, 0, 1, 1, 0, 1, 1, 0, 1, 0, 1, 0, 0, 0, 1, 1, 0, 1, 0, 0, 1, 1, 0, 1, 1, 0], [1, 1, 0, 1, 1, 0, 1, 1, 0, 1, 1, 0, 0, 0, 0, 0, 0, 0, 1, 0, 0, 1, 1, 0, 0, 0, 0], [1, 1, 0, 1, 1, 0, 1, 1, 0, 1, 1, 0, 0, 0, 0, 0, 0, 0, 1, 0, 0, 1, 1, 0, 1, 1, 0], [1, 1, 0, 1, 1, 0, 1, 1, 0, 1, 1, 0, 0, 0, 0, 1, 0, 1, 1, 0, 0, 1, 1, 0, 0, 0, 0], [1, 1, 0, 1, 1, 0, 1, 1, 0, 1, 1, 0, 0, 0, 0, 1, 0, 1, 1, 0, 0, 1, 1, 0, 1, 1, 0], [1, 1, 0, 1, 1, 0, 1, 1, 0, 1, 1, 0, 0, 0, 0, 1, 1, 0, 1, 0, 0, 0, 0, 0, 1, 0, 1], [1, 1, 0, 1, 1, 0, 1, 1, 0, 1, 1, 0, 0, 0, 0, 1, 1, 0, 1, 0, 0, 0, 0, 0, 1, 1, 0], [1, 1, 0, 1, 1, 0, 1, 1, 0, 1, 1, 0, 0, 0, 0, 1, 1, 0, 1, 0, 0, 1, 0, 1, 1, 1, 0], [1, 1, 0, 1, 1, 0, 1, 1, 0, 1, 1, 0, 0, 0, 0, 1, 1, 0, 1, 0, 0, 1, 1, 0, 0, 0, 0], [1, 1, 0, 1, 1, 0, 1, 1, 0, 1, 1, 0, 0, 0, 0, 1, 1, 0, 1, 0, 0, 1, 1, 0, 1, 0, 1], [1, 1, 0, 1, 1, 0, 1, 1, 0, 1, 1, 0, 0, 0, 0, 1, 1, 0, 1, 0, 0, 1, 1, 0, 1, 1, 0]]","[0.00390625, 0.00390625, 0.03125, 0.00390625, 0.00390625, 0.00390625, 0.00390625, 0.0234375, 0.00390625, 0.0078125, 0.02734375, 0.00390625, 0.00390625, 0.0078125, 0.00390625, 0.00390625, 0.00390625, 0.00390625, 0.00390625, 0.015625, 0.00390625, 0.03125, 0.0078125, 0.01953125, 0.0078125, 0.0234375, 0.03125, 0.00390625, 0.0078125, 0.6953125]",27,222,56,107,390,
supportcase6_ds_qaoa_c726_c733_c745_0003,data/miplib_benders/qaoa_problems/nvars_09/supportcase6_ds_qaoa_c726_c733_c745_0003.json,9,27,3,ddsim,30,256,ok,2304.076008287957,430.16015625,296734000.0,"{""B100600(7)"": 0, ""B100602(7)"": 0, ""B100608(7)"": 1, ""B100623(7)"": 0, ""B101029(7)"": 0, ""B101035(7)"": 0, ""B101037(7)"": 0, ""B101043(7)"": 0, ""B101058(7)"": 1}",,,,"[[1, 0, 0, 1, 1, 0, 1, 1, 0, 0, 0, 0, 1, 1, 0, 0, 1, 0, 1, 0, 1, 1, 0, 0, 1, 0, 0], [1, 0, 0, 1, 1, 0, 1, 1, 0, 0, 0, 0, 1, 1, 0, 0, 1, 0, 1, 1, 0, 1, 0, 0, 1, 0, 0], [1, 0, 1, 1, 0, 1, 1, 1, 0, 0, 0, 0, 1, 0, 1, 1, 1, 0, 1, 1, 0, 1, 0, 0, 1, 0, 0], [1, 0, 1, 1, 0, 1, 1, 1, 0, 0, 0, 0, 1, 1, 0, 1, 0, 1, 1, 1, 0, 1, 0, 0, 1, 0, 0], [1, 0, 1, 1, 0, 1, 1, 1, 0, 0, 0, 0, 1, 1, 0, 1, 1, 0, 1, 1, 0, 1, 0, 0, 1, 0, 0], [1, 0, 1, 1, 1, 0, 1, 0, 0, 0, 0, 0, 1, 0, 1, 1, 1, 0, 0, 0, 0, 0, 0, 0, 1, 0, 0], [1, 0, 1, 1, 1, 0, 1, 0, 1, 0, 0, 0, 1, 1, 0, 1, 1, 0, 0, 0, 0, 1, 0, 0, 1, 0, 0], [1, 0, 1, 1, 1, 0, 1, 0, 1, 0, 0, 0, 1, 1, 0, 1, 1, 0, 1, 1, 0, 1, 0, 0, 1, 0, 0], [1, 0, 1, 1, 1, 0, 1, 1, 0, 0, 0, 0, 0, 0, 0, 1, 1, 0, 1, 0, 1, 1, 0, 0, 1, 0, 0], [1, 0, 1, 1, 1, 0, 1, 1, 0, 0, 0, 0, 0, 0, 0, 1, 1, 0, 1, 1, 0, 1, 0, 0, 1, 0, 0], [1, 0, 1, 1, 1, 0, 1, 1, 0, 0, 0, 0, 1, 1, 0, 0, 0, 0, 1, 1, 0, 1, 0, 0, 1, 0, 0], [1, 0, 1, 1, 1, 0, 1, 1, 0, 0, 0, 0, 1, 1, 0, 1, 0, 1, 1, 1, 0, 1, 0, 0, 1, 0, 0], [1, 0, 1, 1, 1, 0, 1, 1, 0, 0, 0, 0, 1, 1, 0, 1, 1, 0, 1, 0, 1, 1, 0, 0, 1, 0, 0], [1, 0, 1, 1, 1, 0, 1, 1, 0, 0, 0, 0, 1, 1, 0, 1, 1, 0, 1, 1, 0, 1, 0, 0, 1, 0, 0], [1, 1, 0, 0, 0, 1, 1, 1, 0, 0, 0, 0, 1, 1, 0, 1, 1, 0, 1, 0, 0, 1, 0, 0, 1, 0, 0], [1, 1, 0, 0, 1, 0, 1, 1, 0, 0, 0, 0, 1, 1, 0, 1, 1, 0, 1, 0, 0, 1, 0, 0, 1, 0, 0], [1, 1, 0, 1, 0, 0, 1, 1, 0, 0, 0, 0, 0, 1, 0, 1, 1, 0, 0, 0, 0, 1, 0, 0, 1, 0, 0], [1, 1, 0, 1, 0, 1, 1, 0, 1, 0, 0, 0, 1, 1, 0, 1, 0, 1, 1, 1, 0, 1, 0, 0, 1, 0, 0], [1, 1, 0, 1, 0, 1, 1, 0, 1, 0, 0, 0, 1, 1, 0, 1, 1, 0, 0, 0, 0, 1, 0, 0, 1, 0, 0], [1, 1, 0, 1, 0, 1, 1, 0, 1, 0, 0, 0, 1, 1, 0, 1, 1, 0, 1, 1, 0, 1, 0, 0, 1, 0, 0], [1, 1, 0, 1, 0, 1, 1, 1, 0, 0, 0, 0, 0, 0, 0, 1, 1, 0, 1, 1, 0, 1, 0, 0, 1, 0, 0], [1, 1, 0, 1, 0, 1, 1, 1, 0, 0, 0, 0, 1, 0, 1, 1, 1, 0, 1, 1, 0, 1, 0, 0, 1, 0, 0], [1, 1, 0, 1, 0, 1, 1, 1, 0, 0, 0, 0, 1, 1, 0, 1, 0, 1, 1, 1, 0, 1, 0, 0, 1, 0, 0], [1, 1, 0, 1, 0, 1, 1, 1, 0, 0, 0, 0, 1, 1, 0, 1, 1, 0, 0, 0, 0, 1, 0, 0, 1, 0, 0], [1, 1, 0, 1, 0, 1, 1, 1, 0, 0, 0, 0, 1, 1, 0, 1, 1, 0, 1, 0, 1, 1, 0, 0, 1, 0, 0], [1, 1, 0, 1, 0, 1, 1, 1, 0, 0, 0, 0, 1, 1, 0, 1, 1, 0, 1, 1, 0, 1, 0, 0, 1, 0, 0], [1, 1, 0, 1, 1, 0, 0, 1, 0, 0, 0, 0, 1, 1, 0, 1, 0, 0, 1, 1, 0, 1, 0, 0, 0, 0, 0], [1, 1, 0, 1, 1, 0, 1, 0, 0, 1, 0, 0, 1, 1, 0, 0, 1, 0, 1, 0, 1, 1, 0, 0, 1, 0, 0], [1, 1, 0, 1, 1, 0, 1, 0, 0, 1, 0, 0, 1, 1, 0, 0, 1, 0, 1, 1, 0, 1, 0, 0, 1, 0, 0], [1, 1, 0, 1, 1, 0, 1, 0, 1, 0, 0, 0, 0, 0, 0, 1, 1, 0, 0, 0, 0, 1, 0, 0, 1, 0, 0], [1, 1, 0, 1, 1, 0, 1, 0, 1, 0, 0, 0, 1, 0, 1, 1, 1, 0, 1, 1, 0, 1, 0, 0, 1, 0, 0], [1, 1, 0, 1, 1, 0, 1, 0, 1, 0, 0, 0, 1, 1, 0, 0, 0, 0, 1, 1, 0, 1, 0, 0, 1, 0, 0], [1, 1, 0, 1, 1, 0, 1, 0, 1, 0, 0, 0, 1, 1, 0, 1, 0, 1, 1, 0, 1, 1, 0, 0, 1, 0, 0], [1, 1, 0, 1, 1, 0, 1, 0, 1, 0, 0, 0, 1, 1, 0, 1, 1, 0, 0, 0, 0, 1, 0, 0, 1, 0, 0], [1, 1, 0, 1, 1, 0, 1, 0, 1, 0, 0, 0, 1, 1, 0, 1, 1, 0, 1, 0, 1, 1, 0, 0, 1, 0, 0], [1, 1, 0, 1, 1, 0, 1, 0, 1, 0, 0, 0, 1, 1, 0, 1, 1, 0, 1, 1, 0, 1, 0, 0, 1, 0, 0], [1, 1, 0, 1, 1, 0, 1, 1, 0, 0, 0, 0, 0, 0, 0, 1, 0, 1, 1, 1, 0, 1, 0, 0, 1, 0, 0], [1, 1, 0, 1, 1, 0, 1, 1, 0, 0, 0, 0, 0, 0, 0, 1, 1, 0, 0, 0, 0, 1, 0, 0, 1, 0, 0], [1, 1, 0, 1, 1, 0, 1, 1, 0, 0, 0, 0, 0, 0, 0, 1, 1, 0, 1, 0, 1, 1, 0, 0, 1, 0, 0], [1, 1, 0, 1, 1, 0, 1, 1, 0, 0, 0, 0, 0, 0, 0, 1, 1, 0, 1, 1, 0, 1, 0, 0, 1, 0, 0], [1, 1, 0, 1, 1, 0, 1, 1, 0, 0, 0, 0, 1, 0, 0, 0, 0, 0, 0, 1, 0, 1, 0, 0, 1, 0, 0], [1, 1, 0, 1, 1, 0, 1, 1, 0, 0, 0, 0, 1, 0, 0, 1, 1, 0, 0, 1, 0, 1, 0, 0, 1, 0, 0], [1, 1, 0, 1, 1, 0, 1, 1, 0, 0, 0, 0, 1, 0, 1, 1, 0, 1, 1, 0, 1, 1, 0, 0, 1, 0, 0], [1, 1, 0, 1, 1, 0, 1, 1, 0, 0, 0, 0, 1, 0, 1, 1, 1, 0, 0, 0, 0, 1, 0, 0, 1, 0, 0], [1, 1, 0, 1, 1, 0, 1, 1, 0, 0, 0, 0, 1, 0, 1, 1, 1, 0, 1, 0, 1, 1, 0, 0, 1, 0, 0], [1, 1, 0, 1, 1, 0, 1, 1, 0, 0, 0, 0, 1, 0, 1, 1, 1, 0, 1, 1, 0, 1, 0, 0, 1, 0, 0], [1, 1, 0, 1, 1, 0, 1, 1, 0, 0, 0, 0, 1, 1, 0, 0, 0, 0, 0, 0, 0, 1, 0, 0, 1, 0, 0], [1, 1, 0, 1, 1, 0, 1, 1, 0, 0, 0, 0, 1, 1, 0, 0, 0, 0, 1, 1, 0, 1, 0, 0, 1, 0, 0], [1, 1, 0, 1, 1, 0, 1, 1, 0, 0, 0, 0, 1, 1, 0, 1, 0, 1, 1, 1, 0, 1, 0, 0, 1, 0, 0], [1, 1, 0, 1, 1, 0, 1, 1, 0, 0, 0, 0, 1, 1, 0, 1, 1, 0, 0, 0, 0, 1, 0, 0, 1, 0, 0], [1, 1, 0, 1, 1, 0, 1, 1, 0, 0, 0, 0, 1, 1, 0, 1, 1, 0, 1, 0, 1, 1, 0, 0, 1, 0, 0], [1, 1, 0, 1, 1, 0, 1, 1, 0, 0, 0, 0, 1, 1, 0, 1, 1, 0, 1, 1, 0, 1, 0, 0, 1, 0, 0]]","[0.00390625, 0.01171875, 0.00390625, 0.00390625, 0.0078125, 0.00390625, 0.00390625, 0.00390625, 0.00390625, 0.00390625, 0.0078125, 0.01171875, 0.00390625, 0.0234375, 0.00390625, 0.01171875, 0.00390625, 0.00390625, 0.00390625, 0.0078125, 0.00390625, 0.00390625, 0.00390625, 0.0078125, 0.00390625, 0.02734375, 0.00390625, 0.00390625, 0.015625, 0.00390625, 0.01171875, 0.01171875, 0.00390625, 0.01171875, 0.01171875, 0.0546875, 0.0078125, 0.01171875, 0.00390625, 0.046875, 0.00390625, 0.00390625, 0.00390625, 0.0078125, 0.00390625, 0.05078125, 0.00390625, 0.046875, 0.02734375, 0.04296875, 0.03515625, 0.3828125]",27,375,56,184,492,
supportcase6_ds_qaoa_c733_c745_0001,data/miplib_benders/qaoa_problems/nvars_09/supportcase6_ds_qaoa_c733_c745_0001.json,9,27,2,ddsim,30,256,ok,872.5299936310621,480.49609375,144887000.0,"{""B100594(7)"": 0, ""B100600(7)"": 0, ""B100602(7)"": 0, ""B100608(7)"": 1, ""B101029(7)"": 0, ""B101035(7)"": 0, ""B101037(7)"": 0, ""B101043(7)"": 0, ""B101479(7)"": 0}",,,,"[[1, 0, 1, 1, 1, 0, 1, 1, 0, 1, 1, 0, 1, 1, 0, 1, 1, 0, 1, 1, 0, 1, 0, 0, 1, 1, 0], [1, 1, 0, 1, 0, 1, 1, 1, 0, 1, 1, 0, 0, 0, 0, 1, 1, 0, 1, 1, 0, 1, 0, 0, 1, 1, 0], [1, 1, 0, 1, 0, 1, 1, 1, 0, 1, 1, 0, 1, 1, 0, 1, 1, 0, 1, 1, 0, 1, 0, 0, 1, 1, 0], [1, 1, 0, 1, 1, 0, 0, 0, 0, 1, 1, 0, 1, 1, 0, 1, 1, 0, 1, 1, 0, 1, 0, 0, 1, 1, 0], [1, 1, 0, 1, 1, 0, 1, 0, 1, 1, 1, 0, 1, 1, 0, 1, 1, 0, 1, 1, 0, 1, 0, 0, 1, 1, 0], [1, 1, 0, 1, 1, 0, 1, 1, 0, 0, 0, 0, 1, 1, 0, 1, 1, 0, 1, 1, 0, 1, 0, 0, 1, 1, 0], [1, 1, 0, 1, 1, 0, 1, 1, 0, 1, 0, 1, 1, 1, 0, 1, 1, 0, 1, 1, 0, 1, 0, 0, 1, 1, 0], [1, 1, 0, 1, 1, 0, 1, 1, 0, 1, 1, 0, 0, 0, 0, 1, 1, 0, 1, 1, 0, 1, 0, 0, 1, 1, 0], [1, 1, 0, 1, 1, 0, 1, 1, 0, 1, 1, 0, 1, 0, 1, 1, 1, 0, 1, 1, 0, 1, 0, 0, 1, 1, 0], [1, 1, 0, 1, 1, 0, 1, 1, 0, 1, 1, 0, 1, 1, 0, 0, 0, 0, 1, 1, 0, 1, 0, 0, 1, 1, 0], [1, 1, 0, 1, 1, 0, 1, 1, 0, 1, 1, 0, 1, 1, 0, 1, 0, 1, 1, 1, 0, 1, 0, 0, 1, 1, 0], [1, 1, 0, 1, 1, 0, 1, 1, 0, 1, 1, 0, 1, 1, 0, 1, 1, 0, 0, 0, 0, 1, 0, 0, 1, 1, 0], [1, 1, 0, 1, 1, 0, 1, 1, 0, 1, 1, 0, 1, 1, 0, 1, 1, 0, 1, 0, 1, 1, 0, 0, 1, 1, 0], [1, 1, 0, 1, 1, 0, 1, 1, 0, 1, 1, 0, 1, 1, 0, 1, 1, 0, 1, 1, 0, 1, 0, 0, 0, 0, 0], [1, 1, 0, 1, 1, 0, 1, 1, 0, 1, 1, 0, 1, 1, 0, 1, 1, 0, 1, 1, 0, 1, 0, 0, 1, 1, 0]]","[0.0078125, 0.00390625, 0.0078125, 0.01171875, 0.0078125, 0.015625, 0.01953125, 0.00390625, 0.00390625, 0.01171875, 0.00390625, 0.01171875, 0.0078125, 0.015625, 0.8671875]",27,189,56,84,298,
supportcase6_ds_qaoa_c733_c745_0002,data/miplib_benders/qaoa_problems/nvars_09/supportcase6_ds_qaoa_c733_c745_0002.json,9,27,2,ddsim,30,256,ok,1150.2892447219929,395.08984375,144887000.0,"{""B100600(7)"": 0, ""B100602(7)"": 0, ""B100608(7)"": 0, ""B101029(7)"": 0, ""B101035(7)"": 0, ""B101037(7)"": 0, ""B101043(7)"": 1, ""B101479(7)"": 0, ""B101485(7)"": 0}",,,,"[[1, 0, 1, 1, 1, 0, 1, 1, 0, 1, 1, 0, 1, 1, 0, 1, 1, 0, 1, 1, 0, 1, 1, 0, 1, 0, 0], [1, 1, 0, 1, 0, 1, 1, 1, 0, 1, 1, 0, 1, 1, 0, 1, 1, 0, 1, 1, 0, 1, 1, 0, 1, 0, 0], [1, 1, 0, 1, 1, 0, 1, 0, 1, 1, 1, 0, 1, 1, 0, 1, 1, 0, 1, 1, 0, 1, 1, 0, 1, 0, 0], [1, 1, 0, 1, 1, 0, 1, 1, 0, 0, 0, 0, 1, 1, 0, 1, 1, 0, 1, 1, 0, 1, 1, 0, 1, 0, 0], [1, 1, 0, 1, 1, 0, 1, 1, 0, 1, 0, 0, 1, 1, 0, 0, 1, 0, 0, 0, 0, 1, 1, 0, 1, 0, 0], [1, 1, 0, 1, 1, 0, 1, 1, 0, 1, 0, 1, 1, 1, 0, 1, 1, 0, 1, 1, 0, 1, 1, 0, 1, 0, 0], [1, 1, 0, 1, 1, 0, 1, 1, 0, 1, 1, 0, 0, 0, 0, 1, 1, 0, 1, 1, 0, 1, 0, 1, 1, 0, 0], [1, 1, 0, 1, 1, 0, 1, 1, 0, 1, 1, 0, 1, 1, 0, 0, 0, 0, 1, 1, 0, 1, 1, 0, 1, 0, 0], [1, 1, 0, 1, 1, 0, 1, 1, 0, 1, 1, 0, 1, 1, 0, 1, 0, 1, 1, 1, 0, 1, 1, 0, 1, 0, 0], [1, 1, 0, 1, 1, 0, 1, 1, 0, 1, 1, 0, 1, 1, 0, 1, 1, 0, 0, 0, 0, 1, 1, 0, 1, 0, 0], [1, 1, 0, 1, 1, 0, 1, 1, 0, 1, 1, 0, 1, 1, 0, 1, 1, 0, 1, 0, 1, 1, 1, 0, 1, 0, 0], [1, 1, 0, 1, 1, 0, 1, 1, 0, 1, 1, 0, 1, 1, 0, 1, 1, 0, 1, 1, 0, 0, 0, 0, 1, 0, 0], [1, 1, 0, 1, 1, 0, 1, 1, 0, 1, 1, 0, 1, 1, 0, 1, 1, 0, 1, 1, 0, 1, 1, 0, 1, 0, 0]]","[0.0078125, 0.0078125, 0.00390625, 0.01171875, 0.00390625, 0.015625, 0.00390625, 0.00390625, 0.00390625, 0.015625, 0.015625, 0.00390625, 0.90234375]",29,189,56,84,298,
supportcase6_ds_qaoa_c726_c733_c745_0005,data/miplib_benders/qaoa_problems/nvars_09/supportcase6_ds_qaoa_c726_c733_c745_0005.json,9,27,3,ddsim,30,256,ok,2250.092712656944,479.84375,296734000.0,"{""B100608(7)"": 1, ""B100623(7)"": 0, ""B101029(7)"": 0, ""B101035(7)"": 0, ""B101037(7)"": 0, ""B101043(7)"": 0, ""B101058(7)"": 1, ""B101479(7)"": 0, ""B101485(7)"": 0}",,,,"[[1, 0, 1, 1, 0, 1, 1, 1, 0, 1, 1, 0, 1, 1, 0, 1, 1, 0, 1, 1, 0, 0, 0, 0, 1, 0, 0], [1, 0, 1, 1, 1, 0, 1, 1, 0, 1, 1, 0, 1, 1, 0, 1, 1, 0, 0, 0, 0, 1, 1, 0, 1, 0, 0], [1, 0, 1, 1, 1, 0, 1, 1, 0, 1, 1, 0, 1, 1, 0, 1, 1, 0, 1, 1, 0, 1, 1, 0, 1, 0, 0], [1, 1, 0, 1, 0, 0, 1, 1, 0, 0, 0, 0, 1, 1, 0, 1, 1, 0, 0, 1, 0, 1, 0, 1, 1, 0, 0], [1, 1, 0, 1, 0, 1, 1, 1, 0, 0, 0, 0, 1, 1, 0, 1, 1, 0, 1, 1, 0, 1, 1, 0, 1, 0, 0], [1, 1, 0, 1, 0, 1, 1, 1, 0, 1, 1, 0, 0, 0, 0, 1, 1, 0, 1, 1, 0, 1, 1, 0, 1, 0, 0], [1, 1, 0, 1, 0, 1, 1, 1, 0, 1, 1, 0, 1, 1, 0, 1, 1, 0, 0, 0, 0, 1, 1, 0, 1, 0, 0], [1, 1, 0, 1, 0, 1, 1, 1, 0, 1, 1, 0, 1, 1, 0, 1, 1, 0, 1, 1, 0, 1, 1, 0, 1, 0, 0], [1, 1, 0, 1, 1, 0, 1, 0, 0, 1, 1, 0, 0, 1, 0, 1, 1, 0, 1, 1, 0, 1, 1, 0, 1, 0, 0], [1, 1, 0, 1, 1, 0, 1, 0, 1, 1, 1, 0, 1, 1, 0, 1, 0, 1, 1, 1, 0, 1, 1, 0, 1, 0, 0], [1, 1, 0, 1, 1, 0, 1, 0, 1, 1, 1, 0, 1, 1, 0, 1, 1, 0, 0, 0, 0, 0, 0, 0, 1, 0, 0], [1, 1, 0, 1, 1, 0, 1, 0, 1, 1, 1, 0, 1, 1, 0, 1, 1, 0, 1, 1, 0, 1, 1, 0, 1, 0, 0], [1, 1, 0, 1, 1, 0, 1, 1, 0, 0, 0, 0, 1, 0, 1, 1, 1, 0, 1, 1, 0, 1, 1, 0, 1, 0, 0], [1, 1, 0, 1, 1, 0, 1, 1, 0, 0, 0, 0, 1, 1, 0, 0, 0, 0, 0, 0, 0, 1, 1, 0, 1, 0, 0], [1, 1, 0, 1, 1, 0, 1, 1, 0, 0, 0, 0, 1, 1, 0, 0, 0, 0, 1, 1, 0, 1, 1, 0, 1, 0, 0], [1, 1, 0, 1, 1, 0, 1, 1, 0, 0, 0, 0, 1, 1, 0, 1, 1, 0, 1, 1, 0, 1, 1, 0, 1, 0, 0], [1, 1, 0, 1, 1, 0, 1, 1, 0, 1, 0, 0, 1, 0, 1, 0, 1, 0, 0, 1, 0, 1, 1, 0, 1, 0, 0], [1, 1, 0, 1, 1, 0, 1, 1, 0, 1, 0, 1, 1, 1, 0, 0, 0, 0, 1, 1, 0, 1, 1, 0, 1, 0, 0], [1, 1, 0, 1, 1, 0, 1, 1, 0, 1, 0, 1, 1, 1, 0, 1, 1, 0, 1, 0, 1, 1, 1, 0, 1, 0, 0], [1, 1, 0, 1, 1, 0, 1, 1, 0, 1, 0, 1, 1, 1, 0, 1, 1, 0, 1, 1, 0, 0, 0, 0, 1, 0, 0], [1, 1, 0, 1, 1, 0, 1, 1, 0, 1, 0, 1, 1, 1, 0, 1, 1, 0, 1, 1, 0, 1, 1, 0, 1, 0, 0], [1, 1, 0, 1, 1, 0, 1, 1, 0, 1, 1, 0, 0, 0, 0, 1, 0, 1, 1, 0, 1, 1, 1, 0, 1, 0, 0], [1, 1, 0, 1, 1, 0, 1, 1, 0, 1, 1, 0, 0, 0, 0, 1, 0, 1, 1, 1, 0, 1, 1, 0, 1, 0, 0], [1, 1, 0, 1, 1, 0, 1, 1, 0, 1, 1, 0, 0, 0, 0, 1, 1, 0, 1, 1, 0, 1, 0, 1, 1, 0, 0], [1, 1, 0, 1, 1, 0, 1, 1, 0, 1, 1, 0, 0, 0, 0, 1, 1, 0, 1, 1, 0, 1, 1, 0, 1, 0, 0], [1, 1, 0, 1, 1, 0, 1, 1, 0, 1, 1, 0, 1, 0, 0, 1, 1, 0, 1, 1, 0, 0, 1, 0, 1, 0, 0], [1, 1, 0, 1, 1, 0, 1, 1, 0, 1, 1, 0, 1, 0, 1, 1, 1, 0, 1, 1, 0, 0, 0, 0, 1, 0, 0], [1, 1, 0, 1, 1, 0, 1, 1, 0, 1, 1, 0, 1, 0, 1, 1, 1, 0, 1, 1, 0, 1, 1, 0, 1, 0, 0], [1, 1, 0, 1, 1, 0, 1, 1, 0, 1, 1, 0, 1, 1, 0, 0, 0, 0, 0, 0, 0, 1, 1, 0, 1, 0, 0], [1, 1, 0, 1, 1, 0, 1, 1, 0, 1, 1, 0, 1, 1, 0, 0, 0, 0, 1, 0, 1, 1, 1, 0, 1, 0, 0], [1, 1, 0, 1, 1, 0, 1, 1, 0, 1, 1, 0, 1, 1, 0, 0, 0, 0, 1, 1, 0, 1, 1, 0, 1, 0, 0], [1, 1, 0, 1, 1, 0, 1, 1, 0, 1, 1, 0, 1, 1, 0, 1, 0, 1, 0, 0, 0, 1, 1, 0, 1, 0, 0], [1, 1, 0, 1, 1, 0, 1, 1, 0, 1, 1, 0, 1, 1, 0, 1, 0, 1, 1, 0, 1, 1, 1, 0, 1, 0, 0], [1, 1, 0, 1, 1, 0, 1, 1, 0, 1, 1, 0, 1, 1, 0, 1, 0, 1, 1, 1, 0, 1, 0, 1, 1, 0, 0], [1, 1, 0, 1, 1, 0, 1, 1, 0, 1, 1, 0, 1, 1, 0, 1, 0, 1, 1, 1, 0, 1, 1, 0, 1, 0, 0], [1, 1, 0, 1, 1, 0, 1, 1, 0, 1, 1, 0, 1, 1, 0, 1, 1, 0, 0, 0, 0, 1, 1, 0, 1, 0, 0], [1, 1, 0, 1, 1, 0, 1, 1, 0, 1, 1, 0, 1, 1, 0, 1, 1, 0, 1, 0, 1, 1, 0, 1, 1, 0, 0], [1, 1, 0, 1, 1, 0, 1, 1, 0, 1, 1, 0, 1, 1, 0, 1, 1, 0, 1, 0, 1, 1, 1, 0, 1, 0, 0], [1, 1, 0, 1, 1, 0, 1, 1, 0, 1, 1, 0, 1, 1, 0, 1, 1, 0, 1, 1, 0, 0, 0, 0, 1, 0, 0], [1, 1, 0, 1, 1, 0, 1, 1, 0, 1, 1, 0, 1, 1, 0, 1, 1, 0, 1, 1, 0, 1, 0, 1, 1, 0, 0], [1, 1, 0, 1, 1, 0, 1, 1, 0, 1, 1, 0, 1, 1, 0, 1, 1, 0, 1, 1, 0, 1, 1, 0, 1, 0, 0]]","[0.00390625, 0.00390625, 0.02734375, 0.00390625, 0.00390625, 0.00390625, 0.00390625, 0.01171875, 0.0078125, 0.00390625, 0.00390625, 0.02734375, 0.00390625, 0.00390625, 0.00390625, 0.03515625, 0.00390625, 0.00390625, 0.00390625, 0.00390625, 0.01953125, 0.00390625, 0.00390625, 0.00390625, 0.04296875, 0.00390625, 0.00390625, 0.015625, 0.00390625, 0.00390625, 0.015625, 0.00390625, 0.00390625, 0.00390625, 0.015625, 0.02734375, 0.00390625, 0.04296875, 0.0234375, 0.015625, 0.5703125]",26,375,56,184,487,
supportcase6_ds_qaoa_c733_c745_0003,data/miplib_benders/qaoa_problems/nvars_09/supportcase6_ds_qaoa_c733_c745_0003.json,9,27,2,ddsim,30,256,ok,1470.7928785029799,480.6796875,144887000.0,"{""B100602(7)"": 0, ""B100608(7)"": 1, ""B101029(7)"": 0, ""B101035(7)"": 0, ""B101037(7)"": 0, ""B101043(7)"": 0, ""B101479(7)"": 0, ""B101485(7)"": 0, ""B101487(7)"": 0}",,,,"[[1, 0, 1, 1, 1, 0, 0, 0, 0, 1, 1, 0, 1, 1, 0, 1, 1, 0, 1, 1, 0, 1, 0, 0, 0, 0, 0], [1, 0, 1, 1, 1, 0, 1, 1, 0, 1, 1, 0, 1, 1, 0, 0, 0, 0, 1, 1, 0, 1, 0, 0, 1, 1, 0], [1, 0, 1, 1, 1, 0, 1, 1, 0, 1, 1, 0, 1, 1, 0, 1, 1, 0, 1, 1, 0, 1, 0, 0, 1, 1, 0], [1, 1, 0, 1, 0, 1, 0, 0, 0, 1, 1, 0, 1, 1, 0, 1, 1, 0, 1, 1, 0, 1, 0, 0, 1, 1, 0], [1, 1, 0, 1, 0, 1, 1, 1, 0, 1, 1, 0, 0, 0, 0, 1, 1, 0, 1, 1, 0, 1, 0, 0, 1, 1, 0], [1, 1, 0, 1, 0, 1, 1, 1, 0, 1, 1, 0, 1, 1, 0, 1, 0, 1, 1, 1, 0, 1, 0, 0, 1, 1, 0], [1, 1, 0, 1, 0, 1, 1, 1, 0, 1, 1, 0, 1, 1, 0, 1, 1, 0, 1, 0, 1, 1, 0, 0, 1, 1, 0], [1, 1, 0, 1, 0, 1, 1, 1, 0, 1, 1, 0, 1, 1, 0, 1, 1, 0, 1, 1, 0, 1, 0, 0, 1, 1, 0], [1, 1, 0, 1, 1, 0, 0, 0, 0, 1, 0, 1, 1, 1, 0, 1, 1, 0, 1, 1, 0, 1, 0, 0, 1, 1, 0], [1, 1, 0, 1, 1, 0, 0, 0, 0, 1, 1, 0, 1, 1, 0, 0, 0, 0, 1, 1, 0, 1, 0, 0, 1, 1, 0], [1, 1, 0, 1, 1, 0, 0, 0, 0, 1, 1, 0, 1, 1, 0, 1, 0, 1, 1, 1, 0, 1, 0, 0, 1, 1, 0], [1, 1, 0, 1, 1, 0, 0, 0, 0, 1, 1, 0, 1, 1, 0, 1, 1, 0, 1, 0, 1, 1, 0, 0, 1, 1, 0], [1, 1, 0, 1, 1, 0, 0, 0, 0, 1, 1, 0, 1, 1, 0, 1, 1, 0, 1, 1, 0, 1, 0, 0, 1, 0, 1], [1, 1, 0, 1, 1, 0, 0, 0, 0, 1, 1, 0, 1, 1, 0, 1, 1, 0, 1, 1, 0, 1, 0, 0, 1, 1, 0], [1, 1, 0, 1, 1, 0, 1, 0, 0, 1, 1, 0, 0, 1, 0, 1, 1, 0, 1, 1, 0, 1, 0, 0, 1, 1, 0], [1, 1, 0, 1, 1, 0, 1, 0, 1, 1, 0, 1, 1, 1, 0, 1, 1, 0, 1, 1, 0, 1, 0, 0, 1, 1, 0], [1, 1, 0, 1, 1, 0, 1, 0, 1, 1, 1, 0, 0, 0, 0, 1, 1, 0, 1, 1, 0, 1, 0, 0, 1, 0, 1], [1, 1, 0, 1, 1, 0, 1, 0, 1, 1, 1, 0, 1, 1, 0, 1, 0, 1, 1, 1, 0, 1, 0, 0, 1, 0, 1], [1, 1, 0, 1, 1, 0, 1, 0, 1, 1, 1, 0, 1, 1, 0, 1, 0, 1, 1, 1, 0, 1, 0, 0, 1, 1, 0], [1, 1, 0, 1, 1, 0, 1, 0, 1, 1, 1, 0, 1, 1, 0, 1, 1, 0, 0, 0, 0, 1, 0, 0, 1, 1, 0], [1, 1, 0, 1, 1, 0, 1, 0, 1, 1, 1, 0, 1, 1, 0, 1, 1, 0, 1, 1, 0, 1, 0, 0, 0, 0, 0], [1, 1, 0, 1, 1, 0, 1, 0, 1, 1, 1, 0, 1, 1, 0, 1, 1, 0, 1, 1, 0, 1, 0, 0, 1, 0, 1], [1, 1, 0, 1, 1, 0, 1, 0, 1, 1, 1, 0, 1, 1, 0, 1, 1, 0, 1, 1, 0, 1, 0, 0, 1, 1, 0], [1, 1, 0, 1, 1, 0, 1, 1, 0, 0, 0, 0, 1, 1, 0, 0, 0, 0, 1, 1, 0, 1, 0, 0, 1, 0, 1], [1, 1, 0, 1, 1, 0, 1, 1, 0, 0, 0, 0, 1, 1, 0, 1, 1, 0, 1, 1, 0, 1, 0, 0, 1, 0, 1], [1, 1, 0, 1, 1, 0, 1, 1, 0, 0, 0, 0, 1, 1, 0, 1, 1, 0, 1, 1, 0, 1, 0, 0, 1, 1, 0], [1, 1, 0, 1, 1, 0, 1, 1, 0, 1, 0, 1, 0, 0, 0, 1, 1, 0, 1, 1, 0, 1, 0, 0, 1, 1, 0], [1, 1, 0, 1, 1, 0, 1, 1, 0, 1, 0, 1, 1, 0, 1, 1, 1, 0, 1, 1, 0, 1, 0, 0, 1, 1, 0], [1, 1, 0, 1, 1, 0, 1, 1, 0, 1, 0, 1, 1, 1, 0, 1, 1, 0, 1, 1, 0, 1, 0, 0, 0, 0, 0], [1, 1, 0, 1, 1, 0, 1, 1, 0, 1, 0, 1, 1, 1, 0, 1, 1, 0, 1, 1, 0, 1, 0, 0, 1, 1, 0], [1, 1, 0, 1, 1, 0, 1, 1, 0, 1, 1, 0, 0, 0, 0, 1, 0, 1, 1, 1, 0, 1, 0, 0, 1, 1, 0], [1, 1, 0, 1, 1, 0, 1, 1, 0, 1, 1, 0, 0, 0, 0, 1, 1, 0, 1, 1, 0, 1, 0, 0, 1, 1, 0], [1, 1, 0, 1, 1, 0, 1, 1, 0, 1, 1, 0, 1, 0, 1, 1, 0, 1, 1, 1, 0, 1, 0, 0, 1, 1, 0], [1, 1, 0, 1, 1, 0, 1, 1, 0, 1, 1, 0, 1, 0, 1, 1, 1, 0, 0, 0, 0, 1, 0, 0, 1, 1, 0], [1, 1, 0, 1, 1, 0, 1, 1, 0, 1, 1, 0, 1, 0, 1, 1, 1, 0, 1, 0, 1, 1, 0, 0, 1, 1, 0], [1, 1, 0, 1, 1, 0, 1, 1, 0, 1, 1, 0, 1, 0, 1, 1, 1, 0, 1, 1, 0, 1, 0, 0, 1, 1, 0], [1, 1, 0, 1, 1, 0, 1, 1, 0, 1, 1, 0, 1, 1, 0, 0, 0, 0, 1, 1, 0, 1, 0, 0, 1, 0, 1], [1, 1, 0, 1, 1, 0, 1, 1, 0, 1, 1, 0, 1, 1, 0, 0, 0, 0, 1, 1, 0, 1, 0, 0, 1, 1, 0], [1, 1, 0, 1, 1, 0, 1, 1, 0, 1, 1, 0, 1, 1, 0, 1, 0, 1, 0, 0, 0, 1, 0, 0, 1, 1, 0], [1, 1, 0, 1, 1, 0, 1, 1, 0, 1, 1, 0, 1, 1, 0, 1, 0, 1, 1, 1, 0, 1, 0, 0, 0, 0, 0], [1, 1, 0, 1, 1, 0, 1, 1, 0, 1, 1, 0, 1, 1, 0, 1, 0, 1, 1, 1, 0, 1, 0, 0, 1, 1, 0], [1, 1, 0, 1, 1, 0, 1, 1, 0, 1, 1, 0, 1, 1, 0, 1, 1, 0, 0, 0, 0, 1, 0, 0, 0, 0, 0], [1, 1, 0, 1, 1, 0, 1, 1, 0, 1, 1, 0, 1, 1, 0, 1, 1, 0, 0, 0, 0, 1, 0, 0, 1, 1, 0], [1, 1, 0, 1, 1, 0, 1, 1, 0, 1, 1, 0, 1, 1, 0, 1, 1, 0, 1, 0, 1, 1, 0, 0, 1, 1, 0], [1, 1, 0, 1, 1, 0, 1, 1, 0, 1, 1, 0, 1, 1, 0, 1, 1, 0, 1, 1, 0, 1, 0, 0, 0, 0, 0], [1, 1, 0, 1, 1, 0, 1, 1, 0, 1, 1, 0, 1, 1, 0, 1, 1, 0, 1, 1, 0, 1, 0, 0, 1, 0, 1], [1, 1, 0, 1, 1, 0, 1, 1, 0, 1, 1, 0, 1, 1, 0, 1, 1, 0, 1, 1, 0, 1, 0, 0, 1, 1, 0]]","[0.00390625, 0.00390625, 0.01953125, 0.00390625, 0.00390625, 0.00390625, 0.0078125, 0.0390625, 0.00390625, 0.00390625, 0.00390625, 0.00390625, 0.00390625, 0.0234375, 0.00390625, 0.00390625, 0.00390625, 0.00390625, 0.00390625, 0.00390625, 0.00390625, 0.00390625, 0.03515625, 0.00390625, 0.00390625, 0.03515625, 0.0078125, 0.00390625, 0.0078125, 0.03125, 0.00390625, 0.015625, 0.00390625, 0.00390625, 0.00390625, 0.0390625, 0.0078125, 0.0234375, 0.00390625, 0.00390625, 0.0234375, 0.00390625, 0.0546875, 0.01171875, 0.01953125, 0.01171875, 0.4765625]",27,189,56,84,298,
supportcase6_ds_qaoa_c733_c745_c747_0001,data/miplib_benders/qaoa_problems/nvars_09/supportcase6_ds_qaoa_c733_c745_c747_0001.json,9,27,3,ddsim,30,256,ok,1806.0530879449798,411.73046875,144887000.0,"{""B100166(7)"": 0, ""B100594(7)"": 0, ""B100600(7)"": 0, ""B100602(7)"": 0, ""B100608(7)"": 1, ""B100623(7)"": 0, ""B101029(7)"": 0, ""B101035(7)"": 0, ""B101037(7)"": 0}",,,,"[[1, 0, 1, 1, 0, 1, 1, 1, 0, 1, 1, 0, 1, 1, 0, 1, 1, 0, 1, 0, 1, 1, 0, 0, 1, 1, 0], [1, 0, 1, 1, 0, 1, 1, 1, 0, 1, 1, 0, 1, 1, 0, 1, 1, 0, 1, 1, 0, 1, 0, 0, 1, 1, 0], [1, 0, 1, 1, 1, 0, 1, 1, 0, 1, 1, 0, 1, 1, 0, 1, 1, 0, 1, 1, 0, 1, 0, 0, 1, 1, 0], [1, 1, 0, 1, 0, 1, 1, 1, 0, 1, 1, 0, 1, 1, 0, 0, 0, 0, 1, 1, 0, 1, 0, 0, 1, 1, 0], [1, 1, 0, 1, 0, 1, 1, 1, 0, 1, 1, 0, 1, 1, 0, 1, 0, 1, 1, 1, 0, 1, 0, 0, 1, 1, 0], [1, 1, 0, 1, 0, 1, 1, 1, 0, 1, 1, 0, 1, 1, 0, 1, 1, 0, 0, 0, 0, 1, 0, 0, 1, 1, 0], [1, 1, 0, 1, 0, 1, 1, 1, 0, 1, 1, 0, 1, 1, 0, 1, 1, 0, 1, 1, 0, 1, 0, 0, 0, 0, 0], [1, 1, 0, 1, 0, 1, 1, 1, 0, 1, 1, 0, 1, 1, 0, 1, 1, 0, 1, 1, 0, 1, 0, 0, 1, 1, 0], [1, 1, 0, 1, 1, 0, 1, 0, 1, 0, 0, 0, 1, 1, 0, 1, 1, 0, 1, 1, 0, 1, 0, 0, 1, 1, 0], [1, 1, 0, 1, 1, 0, 1, 0, 1, 1, 1, 0, 1, 1, 0, 1, 1, 0, 0, 0, 0, 1, 0, 0, 1, 1, 0], [1, 1, 0, 1, 1, 0, 1, 0, 1, 1, 1, 0, 1, 1, 0, 1, 1, 0, 1, 1, 0, 1, 0, 0, 1, 1, 0], [1, 1, 0, 1, 1, 0, 1, 1, 0, 0, 0, 0, 1, 0, 1, 1, 1, 0, 1, 1, 0, 1, 0, 0, 1, 1, 0], [1, 1, 0, 1, 1, 0, 1, 1, 0, 0, 0, 0, 1, 1, 0, 1, 1, 0, 0, 0, 0, 1, 0, 0, 1, 1, 0], [1, 1, 0, 1, 1, 0, 1, 1, 0, 0, 0, 0, 1, 1, 0, 1, 1, 0, 1, 1, 0, 1, 0, 0, 1, 1, 0], [1, 1, 0, 1, 1, 0, 1, 1, 0, 1, 0, 1, 1, 1, 0, 1, 1, 0, 1, 1, 0, 1, 0, 0, 1, 1, 0], [1, 1, 0, 1, 1, 0, 1, 1, 0, 1, 1, 0, 0, 0, 0, 1, 0, 1, 1, 1, 0, 1, 0, 0, 1, 1, 0], [1, 1, 0, 1, 1, 0, 1, 1, 0, 1, 1, 0, 0, 0, 0, 1, 1, 0, 1, 1, 0, 1, 0, 0, 1, 1, 0], [1, 1, 0, 1, 1, 0, 1, 1, 0, 1, 1, 0, 1, 0, 0, 1, 1, 0, 1, 1, 0, 0, 0, 0, 1, 1, 0], [1, 1, 0, 1, 1, 0, 1, 1, 0, 1, 1, 0, 1, 0, 1, 1, 1, 0, 1, 1, 0, 1, 0, 0, 1, 1, 0], [1, 1, 0, 1, 1, 0, 1, 1, 0, 1, 1, 0, 1, 1, 0, 0, 0, 0, 1, 1, 0, 1, 0, 0, 0, 0, 0], [1, 1, 0, 1, 1, 0, 1, 1, 0, 1, 1, 0, 1, 1, 0, 0, 0, 0, 1, 1, 0, 1, 0, 0, 1, 1, 0], [1, 1, 0, 1, 1, 0, 1, 1, 0, 1, 1, 0, 1, 1, 0, 1, 0, 1, 1, 0, 1, 1, 0, 0, 1, 1, 0], [1, 1, 0, 1, 1, 0, 1, 1, 0, 1, 1, 0, 1, 1, 0, 1, 0, 1, 1, 1, 0, 1, 0, 0, 1, 1, 0], [1, 1, 0, 1, 1, 0, 1, 1, 0, 1, 1, 0, 1, 1, 0, 1, 1, 0, 0, 0, 0, 1, 0, 0, 1, 1, 0], [1, 1, 0, 1, 1, 0, 1, 1, 0, 1, 1, 0, 1, 1, 0, 1, 1, 0, 1, 0, 1, 1, 0, 0, 1, 1, 0], [1, 1, 0, 1, 1, 0, 1, 1, 0, 1, 1, 0, 1, 1, 0, 1, 1, 0, 1, 1, 0, 1, 0, 0, 0, 0, 0], [1, 1, 0, 1, 1, 0, 1, 1, 0, 1, 1, 0, 1, 1, 0, 1, 1, 0, 1, 1, 0, 1, 0, 0, 1, 0, 1], [1, 1, 0, 1, 1, 0, 1, 1, 0, 1, 1, 0, 1, 1, 0, 1, 1, 0, 1, 1, 0, 1, 0, 0, 1, 1, 0]]","[0.00390625, 0.00390625, 0.02734375, 0.00390625, 0.00390625, 0.00390625, 0.0078125, 0.03125, 0.00390625, 0.00390625, 0.02734375, 0.0078125, 0.00390625, 0.01953125, 0.03125, 0.00390625, 0.0078125, 0.00390625, 0.02734375, 0.00390625, 0.03125, 0.00390625, 0.02734375, 0.03125, 0.0234375, 0.015625, 0.03125, 0.60546875]",26,149,56,66,289,
supportcase6_ds_qaoa_c733_c745_c747_0002,data/miplib_benders/qaoa_problems/nvars_09/supportcase6_ds_qaoa_c733_c745_c747_0002.json,9,27,3,ddsim,30,256,ok,1377.6817693359917,412.609375,144887000.0,"{""B100594(7)"": 0, ""B100600(7)"": 0, ""B100602(7)"": 0, ""B100608(7)"": 1, ""B100623(7)"": 0, ""B101029(7)"": 0, ""B101035(7)"": 0, ""B101037(7)"": 0, ""B101043(7)"": 0}",,,,"[[1, 0, 1, 1, 1, 0, 0, 0, 0, 1, 1, 0, 1, 1, 0, 1, 1, 0, 1, 1, 0, 1, 1, 0, 1, 0, 0], [1, 0, 1, 1, 1, 0, 1, 1, 0, 1, 1, 0, 1, 1, 0, 1, 1, 0, 1, 1, 0, 1, 1, 0, 1, 0, 0], [1, 1, 0, 1, 0, 1, 1, 1, 0, 1, 1, 0, 1, 1, 0, 1, 1, 0, 1, 1, 0, 1, 1, 0, 1, 0, 0], [1, 1, 0, 1, 1, 0, 0, 0, 0, 1, 1, 0, 1, 1, 0, 1, 1, 0, 1, 1, 0, 1, 1, 0, 1, 0, 0], [1, 1, 0, 1, 1, 0, 1, 0, 1, 1, 1, 0, 1, 1, 0, 1, 1, 0, 1, 1, 0, 1, 1, 0, 1, 0, 0], [1, 1, 0, 1, 1, 0, 1, 1, 0, 0, 0, 0, 1, 1, 0, 1, 1, 0, 1, 1, 0, 1, 1, 0, 1, 0, 0], [1, 1, 0, 1, 1, 0, 1, 1, 0, 1, 0, 1, 1, 1, 0, 1, 1, 0, 1, 1, 0, 1, 1, 0, 1, 0, 0], [1, 1, 0, 1, 1, 0, 1, 1, 0, 1, 1, 0, 1, 0, 1, 1, 1, 0, 1, 1, 0, 1, 1, 0, 1, 0, 0], [1, 1, 0, 1, 1, 0, 1, 1, 0, 1, 1, 0, 1, 1, 0, 0, 0, 0, 1, 1, 0, 1, 1, 0, 1, 0, 0], [1, 1, 0, 1, 1, 0, 1, 1, 0, 1, 1, 0, 1, 1, 0, 1, 0, 1, 1, 1, 0, 1, 1, 0, 1, 0, 0], [1, 1, 0, 1, 1, 0, 1, 1, 0, 1, 1, 0, 1, 1, 0, 1, 1, 0, 0, 0, 0, 1, 1, 0, 1, 0, 0], [1, 1, 0, 1, 1, 0, 1, 1, 0, 1, 1, 0, 1, 1, 0, 1, 1, 0, 1, 0, 1, 1, 1, 0, 1, 0, 0], [1, 1, 0, 1, 1, 0, 1, 1, 0, 1, 1, 0, 1, 1, 0, 1, 1, 0, 1, 1, 0, 0, 0, 0, 1, 0, 0], [1, 1, 0, 1, 1, 0, 1, 1, 0, 1, 1, 0, 1, 1, 0, 1, 1, 0, 1, 1, 0, 1, 0, 1, 1, 0, 0], [1, 1, 0, 1, 1, 0, 1, 1, 0, 1, 1, 0, 1, 1, 0, 1, 1, 0, 1, 1, 0, 1, 1, 0, 1, 0, 0]]","[0.00390625, 0.0078125, 0.0078125, 0.01953125, 0.01953125, 0.0078125, 0.0078125, 0.015625, 0.00390625, 0.01171875, 0.015625, 0.00390625, 0.01171875, 0.01171875, 0.8515625]",28,149,56,66,289,
supportcase6_ds_qaoa_c733_c745_c747_0003,data/miplib_benders/qaoa_problems/nvars_09/supportcase6_ds_qaoa_c733_c745_c747_0003.json,9,27,3,ddsim,30,256,ok,1801.8080016960157,412.90625,144887000.0,"{""B100600(7)"": 0, ""B100602(7)"": 0, ""B100608(7)"": 1, ""B100623(7)"": 0, ""B101029(7)"": 0, ""B101035(7)"": 0, ""B101037(7)"": 0, ""B101043(7)"": 0, ""B101058(7)"": 0}",,,,"[[1, 0, 0, 1, 1, 0, 0, 1, 0, 1, 1, 0, 1, 1, 0, 1, 1, 0, 1, 1, 0, 1, 0, 0, 1, 1, 0], [1, 0, 1, 1, 1, 0, 1, 0, 1, 1, 0, 1, 1, 1, 0, 1, 1, 0, 1, 1, 0, 1, 0, 0, 1, 1, 0], [1, 0, 1, 1, 1, 0, 1, 1, 0, 1, 1, 0, 1, 1, 0, 1, 0, 1, 1, 1, 0, 1, 0, 0, 1, 1, 0], [1, 0, 1, 1, 1, 0, 1, 1, 0, 1, 1, 0, 1, 1, 0, 1, 1, 0, 1, 1, 0, 1, 0, 0, 0, 0, 0], [1, 0, 1, 1, 1, 0, 1, 1, 0, 1, 1, 0, 1, 1, 0, 1, 1, 0, 1, 1, 0, 1, 0, 0, 1, 0, 1], [1, 0, 1, 1, 1, 0, 1, 1, 0, 1, 1, 0, 1, 1, 0, 1, 1, 0, 1, 1, 0, 1, 0, 0, 1, 1, 0], [1, 1, 0, 1, 0, 1, 1, 1, 0, 1, 1, 0, 1, 1, 0, 1, 1, 0, 1, 1, 0, 1, 0, 0, 1, 1, 0], [1, 1, 0, 1, 1, 0, 0, 0, 0, 1, 1, 0, 1, 1, 0, 1, 1, 0, 1, 1, 0, 1, 0, 0, 0, 0, 0], [1, 1, 0, 1, 1, 0, 0, 0, 0, 1, 1, 0, 1, 1, 0, 1, 1, 0, 1, 1, 0, 1, 0, 0, 1, 1, 0], [1, 1, 0, 1, 1, 0, 1, 0, 1, 1, 1, 0, 1, 1, 0, 1, 1, 0, 1, 1, 0, 1, 0, 0, 1, 1, 0], [1, 1, 0, 1, 1, 0, 1, 1, 0, 1, 0, 1, 1, 1, 0, 1, 1, 0, 1, 1, 0, 1, 0, 0, 0, 0, 0], [1, 1, 0, 1, 1, 0, 1, 1, 0, 1, 0, 1, 1, 1, 0, 1, 1, 0, 1, 1, 0, 1, 0, 0, 1, 1, 0], [1, 1, 0, 1, 1, 0, 1, 1, 0, 1, 1, 0, 0, 0, 0, 1, 1, 0, 1, 1, 0, 1, 0, 0, 1, 1, 0], [1, 1, 0, 1, 1, 0, 1, 1, 0, 1, 1, 0, 1, 0, 1, 1, 1, 0, 0, 0, 0, 1, 0, 0, 1, 1, 0], [1, 1, 0, 1, 1, 0, 1, 1, 0, 1, 1, 0, 1, 0, 1, 1, 1, 0, 1, 1, 0, 1, 0, 0, 1, 1, 0], [1, 1, 0, 1, 1, 0, 1, 1, 0, 1, 1, 0, 1, 1, 0, 0, 0, 0, 1, 1, 0, 1, 0, 0, 1, 1, 0], [1, 1, 0, 1, 1, 0, 1, 1, 0, 1, 1, 0, 1, 1, 0, 1, 0, 1, 1, 1, 0, 1, 0, 0, 1, 1, 0], [1, 1, 0, 1, 1, 0, 1, 1, 0, 1, 1, 0, 1, 1, 0, 1, 1, 0, 0, 0, 0, 1, 0, 0, 1, 1, 0], [1, 1, 0, 1, 1, 0, 1, 1, 0, 1, 1, 0, 1, 1, 0, 1, 1, 0, 1, 0, 1, 1, 0, 0, 1, 1, 0], [1, 1, 0, 1, 1, 0, 1, 1, 0, 1, 1, 0, 1, 1, 0, 1, 1, 0, 1, 1, 0, 1, 0, 0, 0, 0, 0], [1, 1, 0, 1, 1, 0, 1, 1, 0, 1, 1, 0, 1, 1, 0, 1, 1, 0, 1, 1, 0, 1, 0, 0, 1, 0, 1], [1, 1, 0, 1, 1, 0, 1, 1, 0, 1, 1, 0, 1, 1, 0, 1, 1, 0, 1, 1, 0, 1, 0, 0, 1, 1, 0]]","[0.0078125, 0.00390625, 0.00390625, 0.00390625, 0.00390625, 0.0390625, 0.01171875, 0.00390625, 0.00390625, 0.01171875, 0.00390625, 0.01953125, 0.01171875, 0.0078125, 0.01953125, 0.015625, 0.015625, 0.01953125, 0.015625, 0.01953125, 0.015625, 0.7421875]",30,149,56,66,289,
supportcase6_ds_qaoa_c733_c745_c747_0004,data/miplib_benders/qaoa_problems/nvars_09/supportcase6_ds_qaoa_c733_c745_c747_0004.json,9,27,3,ddsim,30,256,ok,1515.8333589719841,413.2734375,144887000.0,"{""B100602(7)"": 0, ""B100608(7)"": 1, ""B100623(7)"": 0, ""B101029(7)"": 0, ""B101035(7)"": 0, ""B101037(7)"": 0, ""B101043(7)"": 0, ""B101058(7)"": 0, ""B101479(7)"": 0}",,,,"[[1, 0, 1, 1, 0, 1, 1, 1, 0, 1, 1, 0, 1, 1, 0, 1, 1, 0, 1, 0, 0, 1, 1, 0, 1, 1, 0], [1, 0, 1, 1, 1, 0, 1, 1, 0, 1, 1, 0, 1, 1, 0, 0, 0, 0, 1, 0, 0, 1, 1, 0, 1, 1, 0], [1, 0, 1, 1, 1, 0, 1, 1, 0, 1, 1, 0, 1, 1, 0, 1, 0, 0, 1, 0, 0, 1, 1, 0, 0, 1, 0], [1, 0, 1, 1, 1, 0, 1, 1, 0, 1, 1, 0, 1, 1, 0, 1, 1, 0, 1, 0, 0, 1, 1, 0, 1, 1, 0], [1, 1, 0, 1, 0, 1, 1, 1, 0, 1, 1, 0, 1, 1, 0, 0, 0, 0, 1, 0, 0, 1, 1, 0, 1, 1, 0], [1, 1, 0, 1, 0, 1, 1, 1, 0, 1, 1, 0, 1, 1, 0, 1, 1, 0, 1, 0, 0, 1, 1, 0, 0, 0, 0], [1, 1, 0, 1, 0, 1, 1, 1, 0, 1, 1, 0, 1, 1, 0, 1, 1, 0, 1, 0, 0, 1, 1, 0, 1, 1, 0], [1, 1, 0, 1, 1, 0, 1, 0, 1, 1, 1, 0, 1, 1, 0, 1, 1, 0, 1, 0, 0, 1, 1, 0, 1, 1, 0], [1, 1, 0, 1, 1, 0, 1, 1, 0, 0, 0, 0, 1, 1, 0, 1, 1, 0, 1, 0, 0, 0, 0, 0, 1, 1, 0], [1, 1, 0, 1, 1, 0, 1, 1, 0, 0, 0, 0, 1, 1, 0, 1, 1, 0, 1, 0, 0, 1, 1, 0, 1, 1, 0], [1, 1, 0, 1, 1, 0, 1, 1, 0, 1, 0, 1, 1, 0, 1, 1, 1, 0, 1, 0, 0, 1, 1, 0, 1, 1, 0], [1, 1, 0, 1, 1, 0, 1, 1, 0, 1, 0, 1, 1, 1, 0, 1, 1, 0, 1, 0, 0, 1, 1, 0, 1, 1, 0], [1, 1, 0, 1, 1, 0, 1, 1, 0, 1, 1, 0, 0, 0, 0, 1, 1, 0, 1, 0, 0, 1, 1, 0, 1, 1, 0], [1, 1, 0, 1, 1, 0, 1, 1, 0, 1, 1, 0, 1, 0, 1, 0, 0, 0, 1, 0, 0, 1, 1, 0, 1, 1, 0], [1, 1, 0, 1, 1, 0, 1, 1, 0, 1, 1, 0, 1, 0, 1, 1, 1, 0, 1, 0, 0, 1, 1, 0, 1, 1, 0], [1, 1, 0, 1, 1, 0, 1, 1, 0, 1, 1, 0, 1, 1, 0, 0, 0, 0, 1, 0, 0, 1, 1, 0, 1, 1, 0], [1, 1, 0, 1, 1, 0, 1, 1, 0, 1, 1, 0, 1, 1, 0, 1, 0, 1, 1, 0, 0, 1, 0, 1, 1, 1, 0], [1, 1, 0, 1, 1, 0, 1, 1, 0, 1, 1, 0, 1, 1, 0, 1, 0, 1, 1, 0, 0, 1, 1, 0, 1, 0, 1], [1, 1, 0, 1, 1, 0, 1, 1, 0, 1, 1, 0, 1, 1, 0, 1, 0, 1, 1, 0, 0, 1, 1, 0, 1, 1, 0], [1, 1, 0, 1, 1, 0, 1, 1, 0, 1, 1, 0, 1, 1, 0, 1, 1, 0, 1, 0, 0, 0, 0, 0, 1, 1, 0], [1, 1, 0, 1, 1, 0, 1, 1, 0, 1, 1, 0, 1, 1, 0, 1, 1, 0, 1, 0, 0, 1, 0, 1, 1, 1, 0], [1, 1, 0, 1, 1, 0, 1, 1, 0, 1, 1, 0, 1, 1, 0, 1, 1, 0, 1, 0, 0, 1, 1, 0, 1, 0, 1], [1, 1, 0, 1, 1, 0, 1, 1, 0, 1, 1, 0, 1, 1, 0, 1, 1, 0, 1, 0, 0, 1, 1, 0, 1, 1, 0]]","[0.00390625, 0.00390625, 0.00390625, 0.0234375, 0.00390625, 0.00390625, 0.015625, 0.0078125, 0.00390625, 0.0078125, 0.00390625, 0.0234375, 0.0234375, 0.00390625, 0.01171875, 0.015625, 0.00390625, 0.00390625, 0.015625, 0.0078125, 0.0234375, 0.01171875, 0.7734375]",27,149,56,66,289,
supportcase6_ds_qaoa_c745_c747_0001,data/miplib_benders/qaoa_problems/nvars_09/supportcase6_ds_qaoa_c745_c747_0001.json,9,27,2,ddsim,30,256,ok,1332.7794931239914,468.6484375,150892000.0,"{""B100166(7)"": 0, ""B100594(7)"": 1, ""B100600(7)"": 0, ""B100602(7)"": 0, ""B100608(7)"": 0, ""B100623(7)"": 0, ""B101029(7)"": 0, ""B101035(7)"": 0, ""B101037(7)"": 0}",,,,"[[1, 0, 1, 1, 1, 0, 1, 1, 0, 1, 1, 0, 1, 1, 0, 1, 1, 0, 1, 1, 0, 1, 1, 0, 1, 0, 0], [1, 1, 0, 1, 0, 0, 0, 1, 0, 1, 1, 0, 1, 1, 0, 1, 1, 0, 1, 1, 0, 1, 1, 0, 1, 0, 0], [1, 1, 0, 1, 0, 1, 1, 1, 0, 1, 1, 0, 1, 1, 0, 1, 1, 0, 1, 1, 0, 1, 1, 0, 1, 0, 0], [1, 1, 0, 1, 1, 0, 0, 0, 0, 1, 1, 0, 1, 0, 1, 1, 1, 0, 1, 1, 0, 1, 1, 0, 1, 0, 0], [1, 1, 0, 1, 1, 0, 0, 0, 0, 1, 1, 0, 1, 1, 0, 1, 1, 0, 1, 1, 0, 1, 1, 0, 1, 0, 0], [1, 1, 0, 1, 1, 0, 1, 0, 1, 1, 1, 0, 1, 1, 0, 1, 0, 1, 1, 1, 0, 1, 1, 0, 1, 0, 0], [1, 1, 0, 1, 1, 0, 1, 0, 1, 1, 1, 0, 1, 1, 0, 1, 1, 0, 1, 1, 0, 1, 1, 0, 1, 0, 0], [1, 1, 0, 1, 1, 0, 1, 1, 0, 0, 0, 0, 1, 1, 0, 1, 1, 0, 1, 1, 0, 1, 1, 0, 1, 0, 0], [1, 1, 0, 1, 1, 0, 1, 1, 0, 1, 0, 1, 1, 1, 0, 1, 1, 0, 1, 1, 0, 1, 1, 0, 1, 0, 0], [1, 1, 0, 1, 1, 0, 1, 1, 0, 1, 1, 0, 0, 0, 0, 1, 1, 0, 1, 1, 0, 1, 1, 0, 1, 0, 0], [1, 1, 0, 1, 1, 0, 1, 1, 0, 1, 1, 0, 1, 0, 1, 1, 1, 0, 1, 1, 0, 0, 0, 0, 1, 0, 0], [1, 1, 0, 1, 1, 0, 1, 1, 0, 1, 1, 0, 1, 0, 1, 1, 1, 0, 1, 1, 0, 1, 1, 0, 1, 0, 0], [1, 1, 0, 1, 1, 0, 1, 1, 0, 1, 1, 0, 1, 1, 0, 0, 0, 0, 1, 1, 0, 1, 1, 0, 1, 0, 0], [1, 1, 0, 1, 1, 0, 1, 1, 0, 1, 1, 0, 1, 1, 0, 1, 0, 1, 1, 1, 0, 1, 1, 0, 1, 0, 0], [1, 1, 0, 1, 1, 0, 1, 1, 0, 1, 1, 0, 1, 1, 0, 1, 1, 0, 0, 0, 0, 1, 1, 0, 1, 0, 0], [1, 1, 0, 1, 1, 0, 1, 1, 0, 1, 1, 0, 1, 1, 0, 1, 1, 0, 1, 0, 1, 1, 1, 0, 1, 0, 0], [1, 1, 0, 1, 1, 0, 1, 1, 0, 1, 1, 0, 1, 1, 0, 1, 1, 0, 1, 1, 0, 0, 0, 0, 1, 0, 0], [1, 1, 0, 1, 1, 0, 1, 1, 0, 1, 1, 0, 1, 1, 0, 1, 1, 0, 1, 1, 0, 1, 0, 1, 1, 0, 0], [1, 1, 0, 1, 1, 0, 1, 1, 0, 1, 1, 0, 1, 1, 0, 1, 1, 0, 1, 1, 0, 1, 1, 0, 1, 0, 0]]","[0.01171875, 0.00390625, 0.015625, 0.00390625, 0.01171875, 0.00390625, 0.00390625, 0.0078125, 0.00390625, 0.0078125, 0.00390625, 0.015625, 0.01171875, 0.01953125, 0.015625, 0.00390625, 0.00390625, 0.0234375, 0.828125]",31,269,56,120,298,
supportcase6_ds_qaoa_c745_c747_0002,data/miplib_benders/qaoa_problems/nvars_09/supportcase6_ds_qaoa_c745_c747_0002.json,9,27,2,ddsim,30,256,ok,1213.6785963380244,411.18359375,150892000.0,"{""B100594(7)"": 1, ""B100600(7)"": 0, ""B100602(7)"": 0, ""B100608(7)"": 0, ""B100623(7)"": 0, ""B101029(7)"": 0, ""B101035(7)"": 0, ""B101037(7)"": 0, ""B101043(7)"": 0}",,,,"[[1, 0, 0, 0, 1, 0, 1, 1, 0, 1, 1, 0, 1, 1, 0, 1, 1, 0, 1, 1, 0, 1, 1, 0, 1, 0, 0], [1, 0, 1, 1, 1, 0, 1, 1, 0, 1, 1, 0, 1, 1, 0, 1, 1, 0, 1, 0, 1, 1, 1, 0, 1, 0, 0], [1, 0, 1, 1, 1, 0, 1, 1, 0, 1, 1, 0, 1, 1, 0, 1, 1, 0, 1, 1, 0, 1, 1, 0, 1, 0, 0], [1, 1, 0, 0, 0, 0, 1, 0, 1, 1, 1, 0, 1, 1, 0, 1, 1, 0, 1, 1, 0, 1, 1, 0, 1, 0, 0], [1, 1, 0, 0, 0, 0, 1, 1, 0, 1, 1, 0, 1, 0, 1, 1, 1, 0, 1, 1, 0, 1, 1, 0, 1, 0, 0], [1, 1, 0, 0, 0, 0, 1, 1, 0, 1, 1, 0, 1, 1, 0, 1, 1, 0, 1, 1, 0, 1, 1, 0, 1, 0, 0], [1, 1, 0, 1, 0, 1, 1, 1, 0, 1, 1, 0, 1, 1, 0, 1, 1, 0, 1, 1, 0, 1, 1, 0, 1, 0, 0], [1, 1, 0, 1, 1, 0, 0, 0, 0, 1, 1, 0, 1, 1, 0, 0, 0, 0, 1, 1, 0, 1, 1, 0, 1, 0, 0], [1, 1, 0, 1, 1, 0, 0, 0, 0, 1, 1, 0, 1, 1, 0, 1, 0, 1, 1, 1, 0, 1, 1, 0, 1, 0, 0], [1, 1, 0, 1, 1, 0, 0, 0, 0, 1, 1, 0, 1, 1, 0, 1, 1, 0, 1, 1, 0, 1, 1, 0, 1, 0, 0], [1, 1, 0, 1, 1, 0, 1, 0, 1, 1, 1, 0, 1, 0, 1, 1, 1, 0, 1, 1, 0, 1, 1, 0, 1, 0, 0], [1, 1, 0, 1, 1, 0, 1, 0, 1, 1, 1, 0, 1, 1, 0, 1, 1, 0, 1, 1, 0, 1, 0, 1, 1, 0, 0], [1, 1, 0, 1, 1, 0, 1, 0, 1, 1, 1, 0, 1, 1, 0, 1, 1, 0, 1, 1, 0, 1, 1, 0, 1, 0, 0], [1, 1, 0, 1, 1, 0, 1, 1, 0, 0, 0, 0, 1, 1, 0, 1, 1, 0, 1, 1, 0, 1, 1, 0, 1, 0, 0], [1, 1, 0, 1, 1, 0, 1, 1, 0, 1, 0, 1, 1, 1, 0, 1, 1, 0, 1, 1, 0, 1, 1, 0, 1, 0, 0], [1, 1, 0, 1, 1, 0, 1, 1, 0, 1, 1, 0, 1, 0, 1, 1, 0, 1, 1, 1, 0, 1, 1, 0, 1, 0, 0], [1, 1, 0, 1, 1, 0, 1, 1, 0, 1, 1, 0, 1, 0, 1, 1, 1, 0, 1, 1, 0, 1, 1, 0, 1, 0, 0], [1, 1, 0, 1, 1, 0, 1, 1, 0, 1, 1, 0, 1, 1, 0, 0, 0, 0, 1, 1, 0, 1, 1, 0, 1, 0, 0], [1, 1, 0, 1, 1, 0, 1, 1, 0, 1, 1, 0, 1, 1, 0, 1, 0, 1, 1, 0, 1, 1, 1, 0, 1, 0, 0], [1, 1, 0, 1, 1, 0, 1, 1, 0, 1, 1, 0, 1, 1, 0, 1, 0, 1, 1, 1, 0, 1, 0, 1, 1, 0, 0], [1, 1, 0, 1, 1, 0, 1, 1, 0, 1, 1, 0, 1, 1, 0, 1, 0, 1, 1, 1, 0, 1, 1, 0, 1, 0, 0], [1, 1, 0, 1, 1, 0, 1, 1, 0, 1, 1, 0, 1, 1, 0, 1, 1, 0, 0, 0, 0, 1, 1, 0, 1, 0, 0], [1, 1, 0, 1, 1, 0, 1, 1, 0, 1, 1, 0, 1, 1, 0, 1, 1, 0, 1, 0, 1, 1, 1, 0, 1, 0, 0], [1, 1, 0, 1, 1, 0, 1, 1, 0, 1, 1, 0, 1, 1, 0, 1, 1, 0, 1, 1, 0, 0, 0, 0, 1, 0, 0], [1, 1, 0, 1, 1, 0, 1, 1, 0, 1, 1, 0, 1, 1, 0, 1, 1, 0, 1, 1, 0, 1, 0, 1, 1, 0, 0], [1, 1, 0, 1, 1, 0, 1, 1, 0, 1, 1, 0, 1, 1, 0, 1, 1, 0, 1, 1, 0, 1, 1, 0, 1, 0, 0]]","[0.00390625, 0.00390625, 0.0078125, 0.00390625, 0.00390625, 0.0078125, 0.0078125, 0.00390625, 0.00390625, 0.02734375, 0.0078125, 0.00390625, 0.01171875, 0.0234375, 0.015625, 0.00390625, 0.02734375, 0.01171875, 0.00390625, 0.0078125, 0.0078125, 0.0078125, 0.015625, 0.02734375, 0.0234375, 0.7265625]",25,309,56,138,298,
supportcase6_ds_qaoa_c745_c747_0003,data/miplib_benders/qaoa_problems/nvars_09/supportcase6_ds_qaoa_c745_c747_0003.json,9,27,2,ddsim,30,256,ok,1027.6974837210728,411.87109375,150892000.0,"{""B100600(7)"": 0, ""B100602(7)"": 0, ""B100608(7)"": 0, ""B100623(7)"": 0, ""B101029(7)"": 1, ""B101035(7)"": 0, ""B101037(7)"": 0, ""B101043(7)"": 0, ""B101058(7)"": 0}",,,,"[[1, 1, 0, 1, 1, 0, 1, 1, 0, 1, 1, 0, 1, 1, 0, 1, 1, 0, 1, 1, 0, 1, 0, 0, 0, 0, 0], [1, 1, 0, 1, 1, 0, 1, 1, 0, 1, 1, 0, 1, 1, 0, 1, 1, 0, 1, 1, 0, 1, 0, 0, 1, 1, 0]]","[0.00390625, 0.99609375]",31,269,56,120,298,
supportcase6_ds_qaoa_c745_c747_0004,data/miplib_benders/qaoa_problems/nvars_09/supportcase6_ds_qaoa_c745_c747_0004.json,9,27,2,ddsim,30,256,ok,1304.362410502974,411.6640625,150892000.0,"{""B100602(7)"": 0, ""B100608(7)"": 0, ""B100623(7)"": 0, ""B101029(7)"": 1, ""B101035(7)"": 0, ""B101037(7)"": 0, ""B101043(7)"": 0, ""B101058(7)"": 0, ""B101479(7)"": 0}",,,,"[[1, 0, 1, 1, 1, 0, 1, 1, 0, 0, 0, 0, 1, 1, 0, 1, 1, 0, 1, 1, 0, 1, 1, 0, 1, 0, 0], [1, 0, 1, 1, 1, 0, 1, 1, 0, 1, 1, 0, 1, 1, 0, 1, 1, 0, 1, 1, 0, 1, 1, 0, 1, 0, 0], [1, 1, 0, 0, 0, 0, 1, 1, 0, 1, 1, 0, 1, 1, 0, 1, 1, 0, 1, 1, 0, 1, 1, 0, 1, 0, 0], [1, 1, 0, 1, 0, 1, 1, 1, 0, 1, 1, 0, 1, 1, 0, 1, 1, 0, 1, 1, 0, 1, 1, 0, 1, 0, 0], [1, 1, 0, 1, 1, 0, 1, 0, 1, 1, 1, 0, 1, 1, 0, 1, 1, 0, 1, 1, 0, 1, 1, 0, 1, 0, 0], [1, 1, 0, 1, 1, 0, 1, 1, 0, 0, 0, 0, 1, 1, 0, 1, 1, 0, 1, 1, 0, 1, 1, 0, 1, 0, 0], [1, 1, 0, 1, 1, 0, 1, 1, 0, 1, 0, 1, 1, 1, 0, 1, 1, 0, 1, 1, 0, 1, 1, 0, 1, 0, 0], [1, 1, 0, 1, 1, 0, 1, 1, 0, 1, 1, 0, 0, 0, 0, 0, 0, 0, 1, 1, 0, 1, 1, 0, 1, 0, 0], [1, 1, 0, 1, 1, 0, 1, 1, 0, 1, 1, 0, 1, 0, 1, 1, 1, 0, 1, 1, 0, 1, 1, 0, 1, 0, 0], [1, 1, 0, 1, 1, 0, 1, 1, 0, 1, 1, 0, 1, 1, 0, 0, 0, 0, 1, 1, 0, 1, 1, 0, 1, 0, 0], [1, 1, 0, 1, 1, 0, 1, 1, 0, 1, 1, 0, 1, 1, 0, 1, 0, 1, 1, 1, 0, 1, 1, 0, 1, 0, 0], [1, 1, 0, 1, 1, 0, 1, 1, 0, 1, 1, 0, 1, 1, 0, 1, 1, 0, 0, 0, 0, 1, 1, 0, 1, 0, 0], [1, 1, 0, 1, 1, 0, 1, 1, 0, 1, 1, 0, 1, 1, 0, 1, 1, 0, 1, 0, 1, 1, 1, 0, 1, 0, 0], [1, 1, 0, 1, 1, 0, 1, 1, 0, 1, 1, 0, 1, 1, 0, 1, 1, 0, 1, 1, 0, 0, 0, 0, 1, 0, 0], [1, 1, 0, 1, 1, 0, 1, 1, 0, 1, 1, 0, 1, 1, 0, 1, 1, 0, 1, 1, 0, 1, 0, 1, 1, 0, 0], [1, 1, 0, 1, 1, 0, 1, 1, 0, 1, 1, 0, 1, 1, 0, 1, 1, 0, 1, 1, 0, 1, 1, 0, 1, 0, 0]]","[0.00390625, 0.0078125, 0.01953125, 0.01171875, 0.0234375, 0.01171875, 0.0078125, 0.00390625, 0.0078125, 0.0078125, 0.01171875, 0.01171875, 0.01171875, 0.01171875, 0.01171875, 0.8359375]",31,269,56,120,298,
supportcase6_ds_qaoa_c745_c747_0005,data/miplib_benders/qaoa_problems/nvars_09/supportcase6_ds_qaoa_c745_c747_0005.json,9,27,2,ddsim,30,256,ok,1130.0370229840046,479.11328125,150892000.0,"{""B100608(7)"": 0, ""B100623(7)"": 0, ""B101029(7)"": 1, ""B101035(7)"": 0, ""B101037(7)"": 0, ""B101043(7)"": 0, ""B101058(7)"": 0, ""B101479(7)"": 0, ""B101485(7)"": 0}",,,,"[[1, 0, 1, 1, 1, 0, 1, 1, 0, 1, 1, 0, 1, 1, 0, 1, 1, 0, 1, 1, 0, 1, 1, 0, 1, 0, 0], [1, 1, 0, 1, 0, 1, 1, 1, 0, 1, 1, 0, 1, 1, 0, 1, 1, 0, 1, 1, 0, 1, 1, 0, 1, 0, 0], [1, 1, 0, 1, 1, 0, 0, 0, 0, 1, 0, 1, 1, 1, 0, 1, 1, 0, 1, 1, 0, 1, 1, 0, 1, 0, 0], [1, 1, 0, 1, 1, 0, 0, 0, 0, 1, 1, 0, 1, 1, 0, 1, 1, 0, 1, 1, 0, 1, 1, 0, 1, 0, 0], [1, 1, 0, 1, 1, 0, 1, 0, 1, 1, 0, 1, 1, 1, 0, 1, 1, 0, 1, 1, 0, 1, 1, 0, 1, 0, 0], [1, 1, 0, 1, 1, 0, 1, 0, 1, 1, 1, 0, 1, 1, 0, 1, 1, 0, 1, 1, 0, 1, 0, 0, 0, 0, 0], [1, 1, 0, 1, 1, 0, 1, 0, 1, 1, 1, 0, 1, 1, 0, 1, 1, 0, 1, 1, 0, 1, 1, 0, 1, 0, 0], [1, 1, 0, 1, 1, 0, 1, 1, 0, 0, 0, 0, 1, 1, 0, 0, 0, 0, 1, 1, 0, 1, 1, 0, 1, 0, 0], [1, 1, 0, 1, 1, 0, 1, 1, 0, 0, 0, 0, 1, 1, 0, 1, 1, 0, 1, 1, 0, 1, 1, 0, 1, 0, 0], [1, 1, 0, 1, 1, 0, 1, 1, 0, 1, 0, 1, 1, 1, 0, 1, 1, 0, 1, 1, 0, 1, 1, 0, 1, 0, 0], [1, 1, 0, 1, 1, 0, 1, 1, 0, 1, 1, 0, 0, 0, 0, 1, 1, 0, 1, 1, 0, 1, 1, 0, 1, 0, 0], [1, 1, 0, 1, 1, 0, 1, 1, 0, 1, 1, 0, 1, 0, 1, 1, 1, 0, 1, 1, 0, 1, 1, 0, 1, 0, 0], [1, 1, 0, 1, 1, 0, 1, 1, 0, 1, 1, 0, 1, 1, 0, 0, 0, 0, 1, 1, 0, 1, 1, 0, 1, 0, 0], [1, 1, 0, 1, 1, 0, 1, 1, 0, 1, 1, 0, 1, 1, 0, 1, 0, 1, 1, 1, 0, 1, 1, 0, 1, 0, 0], [1, 1, 0, 1, 1, 0, 1, 1, 0, 1, 1, 0, 1, 1, 0, 1, 1, 0, 0, 0, 0, 1, 1, 0, 1, 0, 0], [1, 1, 0, 1, 1, 0, 1, 1, 0, 1, 1, 0, 1, 1, 0, 1, 1, 0, 1, 0, 1, 1, 1, 0, 1, 0, 0], [1, 1, 0, 1, 1, 0, 1, 1, 0, 1, 1, 0, 1, 1, 0, 1, 1, 0, 1, 1, 0, 0, 0, 0, 1, 0, 0], [1, 1, 0, 1, 1, 0, 1, 1, 0, 1, 1, 0, 1, 1, 0, 1, 1, 0, 1, 1, 0, 1, 0, 1, 1, 0, 0], [1, 1, 0, 1, 1, 0, 1, 1, 0, 1, 1, 0, 1, 1, 0, 1, 1, 0, 1, 1, 0, 1, 1, 0, 1, 0, 0]]","[0.0078125, 0.0078125, 0.00390625, 0.00390625, 0.00390625, 0.00390625, 0.015625, 0.00390625, 0.0078125, 0.0078125, 0.01953125, 0.01953125, 0.01953125, 0.00390625, 0.00390625, 0.0078125, 0.01171875, 0.0078125, 0.83984375]",31,269,56,120,298,
supportcase6_ds_qaoa_c745_c747_c759_0001,data/miplib_benders/qaoa_problems/nvars_09/supportcase6_ds_qaoa_c745_c747_c759_0001.json,9,27,3,ddsim,30,256,ok,1307.4590109109413,411.9375,150892000.0,"{""B100166(7)"": 0, ""B100594(7)"": 1, ""B100600(7)"": 0, ""B100602(7)"": 0, ""B100608(7)"": 0, ""B100623(7)"": 0, ""B101029(7)"": 0, ""B101035(7)"": 0, ""B101037(7)"": 0}",,,,"[[1, 0, 1, 1, 1, 0, 1, 1, 0, 1, 1, 0, 1, 1, 0, 1, 1, 0, 1, 0, 0, 1, 1, 0, 1, 1, 0], [1, 1, 0, 1, 0, 1, 1, 1, 0, 1, 1, 0, 1, 1, 0, 1, 1, 0, 1, 0, 0, 1, 1, 0, 1, 1, 0], [1, 1, 0, 1, 1, 0, 1, 0, 1, 1, 1, 0, 1, 1, 0, 1, 1, 0, 1, 0, 0, 1, 1, 0, 1, 1, 0], [1, 1, 0, 1, 1, 0, 1, 1, 0, 0, 0, 0, 1, 1, 0, 1, 1, 0, 1, 0, 0, 1, 1, 0, 1, 1, 0], [1, 1, 0, 1, 1, 0, 1, 1, 0, 1, 0, 1, 1, 1, 0, 1, 1, 0, 1, 0, 0, 1, 1, 0, 1, 0, 1], [1, 1, 0, 1, 1, 0, 1, 1, 0, 1, 0, 1, 1, 1, 0, 1, 1, 0, 1, 0, 0, 1, 1, 0, 1, 1, 0], [1, 1, 0, 1, 1, 0, 1, 1, 0, 1, 1, 0, 0, 0, 0, 1, 1, 0, 1, 0, 0, 1, 1, 0, 1, 1, 0], [1, 1, 0, 1, 1, 0, 1, 1, 0, 1, 1, 0, 1, 0, 1, 1, 1, 0, 1, 0, 0, 1, 1, 0, 1, 1, 0], [1, 1, 0, 1, 1, 0, 1, 1, 0, 1, 1, 0, 1, 1, 0, 0, 0, 0, 1, 0, 0, 1, 1, 0, 1, 1, 0], [1, 1, 0, 1, 1, 0, 1, 1, 0, 1, 1, 0, 1, 1, 0, 1, 0, 1, 1, 0, 0, 1, 1, 0, 1, 1, 0], [1, 1, 0, 1, 1, 0, 1, 1, 0, 1, 1, 0, 1, 1, 0, 1, 1, 0, 1, 0, 0, 1, 0, 1, 0, 0, 0], [1, 1, 0, 1, 1, 0, 1, 1, 0, 1, 1, 0, 1, 1, 0, 1, 1, 0, 1, 0, 0, 1, 0, 1, 1, 1, 0], [1, 1, 0, 1, 1, 0, 1, 1, 0, 1, 1, 0, 1, 1, 0, 1, 1, 0, 1, 0, 0, 1, 1, 0, 0, 0, 0], [1, 1, 0, 1, 1, 0, 1, 1, 0, 1, 1, 0, 1, 1, 0, 1, 1, 0, 1, 0, 0, 1, 1, 0, 1, 1, 0]]","[0.0078125, 0.0078125, 0.015625, 0.0078125, 0.00390625, 0.00390625, 0.01171875, 0.0078125, 0.0078125, 0.00390625, 0.00390625, 0.0078125, 0.01171875, 0.8984375]",28,189,56,84,289,
supportcase6_ds_qaoa_c733_c745_c747_0005,data/miplib_benders/qaoa_problems/nvars_09/supportcase6_ds_qaoa_c733_c745_c747_0005.json,9,27,3,ddsim,30,256,ok,3504.513633193914,412.99609375,144887000.0,"{""B100608(7)"": 1, ""B100623(7)"": 0, ""B101029(7)"": 0, ""B101035(7)"": 0, ""B101037(7)"": 0, ""B101043(7)"": 0, ""B101058(7)"": 0, ""B101479(7)"": 0, ""B101485(7)"": 0}",,,,"[[1, 0, 0, 1, 1, 0, 1, 1, 0, 0, 1, 0, 1, 0, 1, 1, 1, 0, 1, 1, 0, 1, 1, 0, 1, 0, 0], [1, 0, 0, 1, 1, 0, 1, 1, 0, 0, 1, 0, 1, 1, 0, 0, 0, 0, 1, 1, 0, 1, 1, 0, 1, 0, 0], [1, 0, 1, 1, 0, 1, 1, 1, 0, 1, 1, 0, 1, 1, 0, 0, 0, 0, 1, 0, 1, 1, 1, 0, 1, 0, 0], [1, 0, 1, 1, 1, 0, 1, 0, 1, 1, 1, 0, 1, 1, 0, 1, 1, 0, 1, 1, 0, 1, 1, 0, 1, 0, 0], [1, 0, 1, 1, 1, 0, 1, 1, 0, 0, 0, 0, 1, 1, 0, 1, 1, 0, 1, 1, 0, 1, 1, 0, 1, 0, 0], [1, 0, 1, 1, 1, 0, 1, 1, 0, 1, 0, 1, 1, 0, 1, 1, 1, 0, 1, 1, 0, 1, 1, 0, 1, 0, 0], [1, 0, 1, 1, 1, 0, 1, 1, 0, 1, 0, 1, 1, 1, 0, 1, 1, 0, 1, 1, 0, 1, 1, 0, 1, 0, 0], [1, 0, 1, 1, 1, 0, 1, 1, 0, 1, 1, 0, 0, 0, 0, 1, 0, 1, 1, 1, 0, 1, 0, 1, 1, 0, 0], [1, 0, 1, 1, 1, 0, 1, 1, 0, 1, 1, 0, 1, 1, 0, 1, 1, 0, 1, 0, 1, 1, 1, 0, 1, 0, 0], [1, 0, 1, 1, 1, 0, 1, 1, 0, 1, 1, 0, 1, 1, 0, 1, 1, 0, 1, 1, 0, 1, 1, 0, 1, 0, 0], [1, 1, 0, 0, 1, 0, 1, 1, 0, 1, 1, 0, 1, 1, 0, 1, 1, 0, 1, 0, 0, 1, 1, 0, 1, 0, 0], [1, 1, 0, 1, 0, 0, 1, 1, 0, 1, 0, 1, 1, 1, 0, 1, 1, 0, 0, 1, 0, 1, 1, 0, 1, 0, 0], [1, 1, 0, 1, 0, 1, 1, 0, 1, 1, 1, 0, 0, 0, 0, 1, 1, 0, 1, 1, 0, 1, 1, 0, 1, 0, 0], [1, 1, 0, 1, 0, 1, 1, 1, 0, 0, 0, 0, 1, 1, 0, 1, 1, 0, 1, 1, 0, 1, 0, 1, 1, 0, 0], [1, 1, 0, 1, 0, 1, 1, 1, 0, 0, 0, 0, 1, 1, 0, 1, 1, 0, 1, 1, 0, 1, 1, 0, 1, 0, 0], [1, 1, 0, 1, 0, 1, 1, 1, 0, 1, 0, 1, 1, 1, 0, 1, 1, 0, 1, 1, 0, 1, 1, 0, 1, 0, 0], [1, 1, 0, 1, 0, 1, 1, 1, 0, 1, 1, 0, 1, 1, 0, 0, 0, 0, 1, 0, 1, 1, 1, 0, 1, 0, 0], [1, 1, 0, 1, 0, 1, 1, 1, 0, 1, 1, 0, 1, 1, 0, 1, 0, 1, 1, 1, 0, 0, 0, 0, 1, 0, 0], [1, 1, 0, 1, 0, 1, 1, 1, 0, 1, 1, 0, 1, 1, 0, 1, 1, 0, 1, 1, 0, 1, 1, 0, 1, 0, 0], [1, 1, 0, 1, 1, 0, 1, 0, 1, 0, 0, 0, 1, 1, 0, 1, 1, 0, 1, 1, 0, 1, 1, 0, 1, 0, 0], [1, 1, 0, 1, 1, 0, 1, 0, 1, 1, 1, 0, 0, 0, 0, 1, 1, 0, 1, 1, 0, 1, 1, 0, 1, 0, 0], [1, 1, 0, 1, 1, 0, 1, 0, 1, 1, 1, 0, 1, 0, 1, 0, 0, 0, 1, 1, 0, 1, 1, 0, 1, 0, 0], [1, 1, 0, 1, 1, 0, 1, 0, 1, 1, 1, 0, 1, 0, 1, 1, 1, 0, 1, 1, 0, 1, 1, 0, 1, 0, 0], [1, 1, 0, 1, 1, 0, 1, 0, 1, 1, 1, 0, 1, 1, 0, 0, 0, 0, 1, 1, 0, 1, 1, 0, 1, 0, 0], [1, 1, 0, 1, 1, 0, 1, 0, 1, 1, 1, 0, 1, 1, 0, 1, 0, 1, 1, 0, 1, 1, 1, 0, 1, 0, 0], [1, 1, 0, 1, 1, 0, 1, 0, 1, 1, 1, 0, 1, 1, 0, 1, 0, 1, 1, 1, 0, 1, 1, 0, 1, 0, 0], [1, 1, 0, 1, 1, 0, 1, 0, 1, 1, 1, 0, 1, 1, 0, 1, 1, 0, 0, 0, 0, 1, 1, 0, 1, 0, 0], [1, 1, 0, 1, 1, 0, 1, 0, 1, 1, 1, 0, 1, 1, 0, 1, 1, 0, 1, 1, 0, 0, 0, 0, 1, 0, 0], [1, 1, 0, 1, 1, 0, 1, 0, 1, 1, 1, 0, 1, 1, 0, 1, 1, 0, 1, 1, 0, 1, 1, 0, 1, 0, 0], [1, 1, 0, 1, 1, 0, 1, 1, 0, 0, 0, 0, 1, 0, 1, 1, 1, 0, 1, 1, 0, 1, 1, 0, 1, 0, 0], [1, 1, 0, 1, 1, 0, 1, 1, 0, 0, 0, 0, 1, 1, 0, 0, 0, 0, 1, 1, 0, 1, 1, 0, 1, 0, 0], [1, 1, 0, 1, 1, 0, 1, 1, 0, 0, 0, 0, 1, 1, 0, 1, 1, 0, 1, 0, 1, 1, 1, 0, 1, 0, 0], [1, 1, 0, 1, 1, 0, 1, 1, 0, 0, 0, 0, 1, 1, 0, 1, 1, 0, 1, 1, 0, 0, 0, 0, 1, 0, 0], [1, 1, 0, 1, 1, 0, 1, 1, 0, 0, 0, 0, 1, 1, 0, 1, 1, 0, 1, 1, 0, 1, 0, 1, 1, 0, 0], [1, 1, 0, 1, 1, 0, 1, 1, 0, 0, 0, 0, 1, 1, 0, 1, 1, 0, 1, 1, 0, 1, 1, 0, 1, 0, 0], [1, 1, 0, 1, 1, 0, 1, 1, 0, 1, 0, 0, 1, 1, 0, 0, 1, 0, 1, 1, 0, 0, 0, 0, 1, 0, 0], [1, 1, 0, 1, 1, 0, 1, 1, 0, 1, 0, 0, 1, 1, 0, 0, 1, 0, 1, 1, 0, 1, 1, 0, 1, 0, 0], [1, 1, 0, 1, 1, 0, 1, 1, 0, 1, 0, 1, 1, 1, 0, 0, 0, 0, 1, 1, 0, 1, 1, 0, 1, 0, 0], [1, 1, 0, 1, 1, 0, 1, 1, 0, 1, 0, 1, 1, 1, 0, 1, 0, 1, 1, 1, 0, 1, 1, 0, 1, 0, 0], [1, 1, 0, 1, 1, 0, 1, 1, 0, 1, 0, 1, 1, 1, 0, 1, 1, 0, 1, 0, 1, 1, 1, 0, 1, 0, 0], [1, 1, 0, 1, 1, 0, 1, 1, 0, 1, 0, 1, 1, 1, 0, 1, 1, 0, 1, 1, 0, 1, 1, 0, 1, 0, 0], [1, 1, 0, 1, 1, 0, 1, 1, 0, 1, 1, 0, 0, 0, 0, 1, 1, 0, 0, 0, 0, 1, 1, 0, 1, 0, 0], [1, 1, 0, 1, 1, 0, 1, 1, 0, 1, 1, 0, 0, 0, 0, 1, 1, 0, 1, 1, 0, 0, 0, 0, 1, 0, 0], [1, 1, 0, 1, 1, 0, 1, 1, 0, 1, 1, 0, 0, 0, 0, 1, 1, 0, 1, 1, 0, 1, 1, 0, 1, 0, 0], [1, 1, 0, 1, 1, 0, 1, 1, 0, 1, 1, 0, 1, 0, 0, 1, 1, 0, 1, 1, 0, 0, 0, 1, 1, 0, 0], [1, 1, 0, 1, 1, 0, 1, 1, 0, 1, 1, 0, 1, 0, 0, 1, 1, 0, 1, 1, 0, 0, 1, 0, 1, 0, 0], [1, 1, 0, 1, 1, 0, 1, 1, 0, 1, 1, 0, 1, 0, 1, 1, 0, 1, 1, 1, 0, 1, 1, 0, 1, 0, 0], [1, 1, 0, 1, 1, 0, 1, 1, 0, 1, 1, 0, 1, 0, 1, 1, 1, 0, 0, 0, 0, 1, 1, 0, 1, 0, 0], [1, 1, 0, 1, 1, 0, 1, 1, 0, 1, 1, 0, 1, 0, 1, 1, 1, 0, 1, 0, 1, 1, 1, 0, 1, 0, 0], [1, 1, 0, 1, 1, 0, 1, 1, 0, 1, 1, 0, 1, 0, 1, 1, 1, 0, 1, 1, 0, 1, 1, 0, 1, 0, 0], [1, 1, 0, 1, 1, 0, 1, 1, 0, 1, 1, 0, 1, 1, 0, 0, 0, 0, 1, 1, 0, 0, 0, 0, 1, 0, 0], [1, 1, 0, 1, 1, 0, 1, 1, 0, 1, 1, 0, 1, 1, 0, 0, 0, 0, 1, 1, 0, 1, 0, 1, 1, 0, 0], [1, 1, 0, 1, 1, 0, 1, 1, 0, 1, 1, 0, 1, 1, 0, 0, 0, 0, 1, 1, 0, 1, 1, 0, 1, 0, 0], [1, 1, 0, 1, 1, 0, 1, 1, 0, 1, 1, 0, 1, 1, 0, 1, 0, 1, 0, 0, 0, 0, 0, 0, 1, 0, 0], [1, 1, 0, 1, 1, 0, 1, 1, 0, 1, 1, 0, 1, 1, 0, 1, 0, 1, 1, 0, 1, 1, 1, 0, 1, 0, 0], [1, 1, 0, 1, 1, 0, 1, 1, 0, 1, 1, 0, 1, 1, 0, 1, 0, 1, 1, 1, 0, 0, 0, 0, 1, 0, 0], [1, 1, 0, 1, 1, 0, 1, 1, 0, 1, 1, 0, 1, 1, 0, 1, 0, 1, 1, 1, 0, 1, 0, 1, 1, 0, 0], [1, 1, 0, 1, 1, 0, 1, 1, 0, 1, 1, 0, 1, 1, 0, 1, 0, 1, 1, 1, 0, 1, 1, 0, 1, 0, 0], [1, 1, 0, 1, 1, 0, 1, 1, 0, 1, 1, 0, 1, 1, 0, 1, 1, 0, 0, 0, 0, 0, 0, 0, 1, 0, 0], [1, 1, 0, 1, 1, 0, 1, 1, 0, 1, 1, 0, 1, 1, 0, 1, 1, 0, 0, 0, 0, 1, 0, 1, 1, 0, 0], [1, 1, 0, 1, 1, 0, 1, 1, 0, 1, 1, 0, 1, 1, 0, 1, 1, 0, 0, 0, 0, 1, 1, 0, 1, 0, 0], [1, 1, 0, 1, 1, 0, 1, 1, 0, 1, 1, 0, 1, 1, 0, 1, 1, 0, 1, 0, 1, 1, 1, 0, 1, 0, 0], [1, 1, 0, 1, 1, 0, 1, 1, 0, 1, 1, 0, 1, 1, 0, 1, 1, 0, 1, 1, 0, 0, 0, 0, 1, 0, 0], [1, 1, 0, 1, 1, 0, 1, 1, 0, 1, 1, 0, 1, 1, 0, 1, 1, 0, 1, 1, 0, 1, 0, 1, 1, 0, 0], [1, 1, 0, 1, 1, 0, 1, 1, 0, 1, 1, 0, 1, 1, 0, 1, 1, 0, 1, 1, 0, 1, 1, 0, 1, 0, 0]]","[0.00390625, 0.00390625, 0.00390625, 0.00390625, 0.0078125, 0.00390625, 0.00390625, 0.00390625, 0.00390625, 0.01953125, 0.00390625, 0.00390625, 0.00390625, 0.00390625, 0.00390625, 0.0078125, 0.00390625, 0.00390625, 0.03125, 0.00390625, 0.00390625, 0.00390625, 0.00390625, 0.00390625, 0.00390625, 0.00390625, 0.00390625, 0.00390625, 0.0234375, 0.0078125, 0.00390625, 0.00390625, 0.00390625, 0.00390625, 0.0234375, 0.00390625, 0.0078125, 0.00390625, 0.01171875, 0.0078125, 0.03125, 0.00390625, 0.0078125, 0.03515625, 0.00390625, 0.0078125, 0.00390625, 0.01171875, 0.00390625, 0.01953125, 0.00390625, 0.01171875, 0.046875, 0.00390625, 0.00390625, 0.0078125, 0.0078125, 0.03515625, 0.00390625, 0.0078125, 0.03515625, 0.0234375, 0.03515625, 0.0234375, 0.35546875]",30,149,56,66,289,
supportcase6_ds_qaoa_c745_c747_c759_0002,data/miplib_benders/qaoa_problems/nvars_09/supportcase6_ds_qaoa_c745_c747_c759_0002.json,9,27,3,ddsim,30,256,ok,1479.9254216810223,411.22265625,150892000.0,"{""B100594(7)"": 0, ""B100600(7)"": 0, ""B100602(7)"": 0, ""B100608(7)"": 0, ""B100623(7)"": 0, ""B101029(7)"": 1, ""B101035(7)"": 0, ""B101037(7)"": 0, ""B101043(7)"": 0}",,,,"[[1, 0, 1, 1, 1, 0, 1, 1, 0, 1, 1, 0, 1, 1, 0, 1, 0, 0, 1, 1, 0, 1, 1, 0, 1, 1, 0], [1, 1, 0, 1, 0, 1, 1, 1, 0, 1, 1, 0, 1, 1, 0, 1, 0, 0, 1, 1, 0, 1, 1, 0, 1, 1, 0], [1, 1, 0, 1, 1, 0, 0, 0, 0, 1, 1, 0, 1, 1, 0, 1, 0, 0, 1, 1, 0, 1, 1, 0, 1, 1, 0], [1, 1, 0, 1, 1, 0, 1, 0, 1, 1, 1, 0, 1, 1, 0, 1, 0, 0, 1, 1, 0, 1, 0, 0, 0, 1, 0], [1, 1, 0, 1, 1, 0, 1, 0, 1, 1, 1, 0, 1, 1, 0, 1, 0, 0, 1, 1, 0, 1, 1, 0, 1, 1, 0], [1, 1, 0, 1, 1, 0, 1, 1, 0, 0, 0, 0, 1, 1, 0, 1, 0, 0, 1, 1, 0, 1, 1, 0, 1, 1, 0], [1, 1, 0, 1, 1, 0, 1, 1, 0, 1, 0, 1, 1, 0, 1, 1, 0, 0, 1, 1, 0, 1, 1, 0, 1, 1, 0], [1, 1, 0, 1, 1, 0, 1, 1, 0, 1, 0, 1, 1, 1, 0, 1, 0, 0, 1, 1, 0, 1, 1, 0, 0, 0, 0], [1, 1, 0, 1, 1, 0, 1, 1, 0, 1, 0, 1, 1, 1, 0, 1, 0, 0, 1, 1, 0, 1, 1, 0, 1, 1, 0], [1, 1, 0, 1, 1, 0, 1, 1, 0, 1, 1, 0, 1, 0, 1, 1, 0, 0, 1, 1, 0, 0, 0, 0, 1, 1, 0], [1, 1, 0, 1, 1, 0, 1, 1, 0, 1, 1, 0, 1, 0, 1, 1, 0, 0, 1, 1, 0, 1, 1, 0, 1, 1, 0], [1, 1, 0, 1, 1, 0, 1, 1, 0, 1, 1, 0, 1, 1, 0, 1, 0, 0, 0, 0, 0, 1, 1, 0, 1, 1, 0], [1, 1, 0, 1, 1, 0, 1, 1, 0, 1, 1, 0, 1, 1, 0, 1, 0, 0, 1, 0, 1, 1, 1, 0, 1, 1, 0], [1, 1, 0, 1, 1, 0, 1, 1, 0, 1, 1, 0, 1, 1, 0, 1, 0, 0, 1, 1, 0, 1, 1, 0, 0, 0, 0], [1, 1, 0, 1, 1, 0, 1, 1, 0, 1, 1, 0, 1, 1, 0, 1, 0, 0, 1, 1, 0, 1, 1, 0, 1, 0, 1], [1, 1, 0, 1, 1, 0, 1, 1, 0, 1, 1, 0, 1, 1, 0, 1, 0, 0, 1, 1, 0, 1, 1, 0, 1, 1, 0]]","[0.01953125, 0.01171875, 0.00390625, 0.00390625, 0.015625, 0.01171875, 0.00390625, 0.00390625, 0.0078125, 0.00390625, 0.00390625, 0.02734375, 0.00390625, 0.0078125, 0.01171875, 0.859375]",30,229,56,102,289,
supportcase6_ds_qaoa_c747_c759_0001,data/miplib_benders/qaoa_problems/nvars_09/supportcase6_ds_qaoa_c747_c759_0001.json,9,27,2,ddsim,30,256,ok,928.9928114480572,411.4296875,151847000.0,"{""B100166(7)"": 1, ""B100594(7)"": 0, ""B100600(7)"": 0, ""B100602(7)"": 0, ""B100608(7)"": 0, ""B100623(7)"": 0, ""B101029(7)"": 0, ""B101035(7)"": 0, ""B101037(7)"": 0}",,,,"[[1, 0, 1, 1, 1, 0, 1, 1, 0, 1, 1, 0, 1, 1, 0, 1, 0, 1, 1, 0, 0, 1, 1, 0, 1, 1, 0], [1, 0, 1, 1, 1, 0, 1, 1, 0, 1, 1, 0, 1, 1, 0, 1, 1, 0, 1, 0, 0, 1, 1, 0, 1, 1, 0], [1, 1, 0, 0, 0, 0, 1, 1, 0, 1, 1, 0, 1, 1, 0, 1, 1, 0, 1, 0, 0, 1, 1, 0, 1, 1, 0], [1, 1, 0, 1, 0, 1, 1, 1, 0, 1, 1, 0, 1, 1, 0, 1, 1, 0, 1, 0, 0, 1, 1, 0, 1, 1, 0], [1, 1, 0, 1, 1, 0, 1, 0, 1, 1, 1, 0, 1, 1, 0, 1, 1, 0, 1, 0, 0, 1, 0, 1, 1, 1, 0], [1, 1, 0, 1, 1, 0, 1, 0, 1, 1, 1, 0, 1, 1, 0, 1, 1, 0, 1, 0, 0, 1, 1, 0, 1, 1, 0], [1, 1, 0, 1, 1, 0, 1, 1, 0, 0, 0, 0, 1, 1, 0, 1, 1, 0, 1, 0, 0, 1, 1, 0, 0, 0, 0], [1, 1, 0, 1, 1, 0, 1, 1, 0, 0, 0, 0, 1, 1, 0, 1, 1, 0, 1, 0, 0, 1, 1, 0, 1, 1, 0], [1, 1, 0, 1, 1, 0, 1, 1, 0, 1, 0, 1, 1, 0, 1, 1, 1, 0, 1, 0, 0, 1, 1, 0, 1, 1, 0], [1, 1, 0, 1, 1, 0, 1, 1, 0, 1, 0, 1, 1, 1, 0, 1, 1, 0, 1, 0, 0, 1, 1, 0, 1, 1, 0], [1, 1, 0, 1, 1, 0, 1, 1, 0, 1, 1, 0, 0, 0, 0, 1, 1, 0, 1, 0, 0, 1, 1, 0, 1, 0, 1], [1, 1, 0, 1, 1, 0, 1, 1, 0, 1, 1, 0, 0, 0, 0, 1, 1, 0, 1, 0, 0, 1, 1, 0, 1, 1, 0], [1, 1, 0, 1, 1, 0, 1, 1, 0, 1, 1, 0, 1, 0, 1, 1, 1, 0, 1, 0, 0, 1, 1, 0, 1, 1, 0], [1, 1, 0, 1, 1, 0, 1, 1, 0, 1, 1, 0, 1, 1, 0, 0, 0, 0, 1, 0, 0, 1, 1, 0, 1, 1, 0], [1, 1, 0, 1, 1, 0, 1, 1, 0, 1, 1, 0, 1, 1, 0, 1, 0, 1, 1, 0, 0, 1, 1, 0, 1, 0, 1], [1, 1, 0, 1, 1, 0, 1, 1, 0, 1, 1, 0, 1, 1, 0, 1, 0, 1, 1, 0, 0, 1, 1, 0, 1, 1, 0], [1, 1, 0, 1, 1, 0, 1, 1, 0, 1, 1, 0, 1, 1, 0, 1, 1, 0, 1, 0, 0, 0, 0, 0, 1, 1, 0], [1, 1, 0, 1, 1, 0, 1, 1, 0, 1, 1, 0, 1, 1, 0, 1, 1, 0, 1, 0, 0, 1, 0, 1, 1, 1, 0], [1, 1, 0, 1, 1, 0, 1, 1, 0, 1, 1, 0, 1, 1, 0, 1, 1, 0, 1, 0, 0, 1, 1, 0, 0, 0, 0], [1, 1, 0, 1, 1, 0, 1, 1, 0, 1, 1, 0, 1, 1, 0, 1, 1, 0, 1, 0, 0, 1, 1, 0, 1, 0, 1], [1, 1, 0, 1, 1, 0, 1, 1, 0, 1, 1, 0, 1, 1, 0, 1, 1, 0, 1, 0, 0, 1, 1, 0, 1, 1, 0]]","[0.00390625, 0.00390625, 0.00390625, 0.0078125, 0.0078125, 0.015625, 0.00390625, 0.0078125, 0.00390625, 0.015625, 0.00390625, 0.01171875, 0.0078125, 0.015625, 0.00390625, 0.01953125, 0.0078125, 0.0078125, 0.01171875, 0.0234375, 0.8125]",27,189,56,84,298,
supportcase6_ds_qaoa_c745_c747_c759_0005,data/miplib_benders/qaoa_problems/nvars_09/supportcase6_ds_qaoa_c745_c747_c759_0005.json,9,27,3,ddsim,30,256,ok,1513.1237019289983,411.515625,150892000.0,"{""B100608(7)"": 0, ""B100623(7)"": 0, ""B101029(7)"": 1, ""B101035(7)"": 0, ""B101037(7)"": 0, ""B101043(7)"": 0, ""B101058(7)"": 0, ""B101479(7)"": 0, ""B101485(7)"": 0}",,,,"[[1, 0, 1, 1, 0, 1, 1, 1, 0, 1, 1, 0, 1, 1, 0, 1, 1, 0, 1, 1, 0, 1, 0, 0, 1, 1, 0], [1, 0, 1, 1, 1, 0, 1, 1, 0, 1, 1, 0, 1, 1, 0, 1, 1, 0, 1, 1, 0, 1, 0, 0, 0, 0, 0], [1, 0, 1, 1, 1, 0, 1, 1, 0, 1, 1, 0, 1, 1, 0, 1, 1, 0, 1, 1, 0, 1, 0, 0, 1, 1, 0], [1, 1, 0, 1, 0, 1, 1, 1, 0, 1, 1, 0, 1, 1, 0, 1, 0, 1, 1, 1, 0, 1, 0, 0, 1, 1, 0], [1, 1, 0, 1, 1, 0, 1, 0, 1, 0, 0, 0, 1, 1, 0, 1, 1, 0, 1, 1, 0, 1, 0, 0, 1, 1, 0], [1, 1, 0, 1, 1, 0, 1, 0, 1, 1, 1, 0, 1, 1, 0, 1, 1, 0, 1, 1, 0, 1, 0, 0, 1, 1, 0], [1, 1, 0, 1, 1, 0, 1, 1, 0, 0, 0, 0, 1, 1, 0, 1, 1, 0, 1, 1, 0, 1, 0, 0, 1, 1, 0], [1, 1, 0, 1, 1, 0, 1, 1, 0, 1, 0, 1, 1, 1, 0, 1, 1, 0, 1, 1, 0, 1, 0, 0, 1, 1, 0], [1, 1, 0, 1, 1, 0, 1, 1, 0, 1, 1, 0, 0, 0, 0, 1, 1, 0, 1, 1, 0, 1, 0, 0, 1, 1, 0], [1, 1, 0, 1, 1, 0, 1, 1, 0, 1, 1, 0, 1, 0, 1, 1, 1, 0, 1, 1, 0, 1, 0, 0, 1, 1, 0], [1, 1, 0, 1, 1, 0, 1, 1, 0, 1, 1, 0, 1, 1, 0, 0, 0, 0, 1, 1, 0, 1, 0, 0, 1, 1, 0], [1, 1, 0, 1, 1, 0, 1, 1, 0, 1, 1, 0, 1, 1, 0, 1, 0, 0, 1, 1, 0, 1, 0, 0, 0, 1, 0], [1, 1, 0, 1, 1, 0, 1, 1, 0, 1, 1, 0, 1, 1, 0, 1, 0, 1, 1, 1, 0, 1, 0, 0, 1, 1, 0], [1, 1, 0, 1, 1, 0, 1, 1, 0, 1, 1, 0, 1, 1, 0, 1, 1, 0, 0, 0, 0, 1, 0, 0, 1, 1, 0], [1, 1, 0, 1, 1, 0, 1, 1, 0, 1, 1, 0, 1, 1, 0, 1, 1, 0, 1, 0, 1, 1, 0, 0, 1, 1, 0], [1, 1, 0, 1, 1, 0, 1, 1, 0, 1, 1, 0, 1, 1, 0, 1, 1, 0, 1, 1, 0, 1, 0, 0, 0, 0, 0], [1, 1, 0, 1, 1, 0, 1, 1, 0, 1, 1, 0, 1, 1, 0, 1, 1, 0, 1, 1, 0, 1, 0, 0, 1, 0, 1], [1, 1, 0, 1, 1, 0, 1, 1, 0, 1, 1, 0, 1, 1, 0, 1, 1, 0, 1, 1, 0, 1, 0, 0, 1, 1, 0]]","[0.00390625, 0.00390625, 0.015625, 0.00390625, 0.00390625, 0.01953125, 0.02734375, 0.0078125, 0.015625, 0.01953125, 0.02734375, 0.00390625, 0.00390625, 0.01171875, 0.00390625, 0.00390625, 0.00390625, 0.8203125]",29,189,56,84,289,
supportcase6_ds_qaoa_c747_c759_0002,data/miplib_benders/qaoa_problems/nvars_09/supportcase6_ds_qaoa_c747_c759_0002.json,9,27,2,ddsim,30,256,ok,1044.2150172500405,478.18359375,151847000.0,"{""B100594(7)"": 0, ""B100600(7)"": 0, ""B100602(7)"": 0, ""B100608(7)"": 0, ""B100623(7)"": 1, ""B101029(7)"": 0, ""B101035(7)"": 0, ""B101037(7)"": 0, ""B101043(7)"": 0}",,,,"[[1, 1, 0, 1, 0, 1, 1, 1, 0, 1, 1, 0, 1, 1, 0, 1, 0, 0, 1, 1, 0, 1, 1, 0, 1, 1, 0], [1, 1, 0, 1, 1, 0, 0, 0, 0, 1, 1, 0, 1, 1, 0, 1, 0, 0, 1, 1, 0, 1, 1, 0, 1, 1, 0], [1, 1, 0, 1, 1, 0, 1, 0, 1, 1, 1, 0, 1, 1, 0, 1, 0, 0, 1, 1, 0, 1, 1, 0, 1, 1, 0], [1, 1, 0, 1, 1, 0, 1, 1, 0, 1, 1, 0, 0, 0, 0, 1, 0, 0, 1, 1, 0, 1, 1, 0, 1, 1, 0], [1, 1, 0, 1, 1, 0, 1, 1, 0, 1, 1, 0, 1, 1, 0, 1, 0, 0, 0, 0, 0, 1, 1, 0, 1, 1, 0], [1, 1, 0, 1, 1, 0, 1, 1, 0, 1, 1, 0, 1, 1, 0, 1, 0, 0, 1, 1, 0, 1, 0, 1, 1, 1, 0], [1, 1, 0, 1, 1, 0, 1, 1, 0, 1, 1, 0, 1, 1, 0, 1, 0, 0, 1, 1, 0, 1, 1, 0, 0, 0, 0], [1, 1, 0, 1, 1, 0, 1, 1, 0, 1, 1, 0, 1, 1, 0, 1, 0, 0, 1, 1, 0, 1, 1, 0, 1, 0, 1], [1, 1, 0, 1, 1, 0, 1, 1, 0, 1, 1, 0, 1, 1, 0, 1, 0, 0, 1, 1, 0, 1, 1, 0, 1, 1, 0]]","[0.00390625, 0.00390625, 0.00390625, 0.00390625, 0.0078125, 0.0078125, 0.00390625, 0.00390625, 0.9609375]",31,229,56,102,298,
supportcase6_ds_qaoa_c747_c759_0003,data/miplib_benders/qaoa_problems/nvars_09/supportcase6_ds_qaoa_c747_c759_0003.json,9,27,2,ddsim,30,256,ok,1267.4592902159784,411.078125,151847000.0,"{""B100600(7)"": 0, ""B100602(7)"": 0, ""B100608(7)"": 0, ""B100623(7)"": 1, ""B101029(7)"": 0, ""B101035(7)"": 0, ""B101037(7)"": 0, ""B101043(7)"": 0, ""B101058(7)"": 0}",,,,"[[1, 1, 0, 1, 0, 1, 1, 1, 0, 1, 1, 0, 1, 1, 0, 1, 1, 0, 1, 1, 0, 1, 1, 0, 1, 0, 0], [1, 1, 0, 1, 1, 0, 0, 0, 0, 1, 1, 0, 1, 1, 0, 1, 1, 0, 1, 1, 0, 1, 1, 0, 1, 0, 0], [1, 1, 0, 1, 1, 0, 1, 1, 0, 1, 0, 1, 1, 1, 0, 1, 1, 0, 1, 1, 0, 1, 1, 0, 1, 0, 0], [1, 1, 0, 1, 1, 0, 1, 1, 0, 1, 1, 0, 0, 0, 0, 1, 1, 0, 1, 1, 0, 1, 1, 0, 1, 0, 0], [1, 1, 0, 1, 1, 0, 1, 1, 0, 1, 1, 0, 1, 0, 1, 1, 1, 0, 1, 1, 0, 1, 1, 0, 1, 0, 0], [1, 1, 0, 1, 1, 0, 1, 1, 0, 1, 1, 0, 1, 1, 0, 0, 0, 0, 1, 1, 0, 1, 1, 0, 1, 0, 0], [1, 1, 0, 1, 1, 0, 1, 1, 0, 1, 1, 0, 1, 1, 0, 1, 0, 1, 1, 1, 0, 1, 1, 0, 1, 0, 0], [1, 1, 0, 1, 1, 0, 1, 1, 0, 1, 1, 0, 1, 1, 0, 1, 1, 0, 0, 0, 0, 1, 1, 0, 1, 0, 0], [1, 1, 0, 1, 1, 0, 1, 1, 0, 1, 1, 0, 1, 1, 0, 1, 1, 0, 1, 0, 1, 1, 1, 0, 1, 0, 0], [1, 1, 0, 1, 1, 0, 1, 1, 0, 1, 1, 0, 1, 1, 0, 1, 1, 0, 1, 1, 0, 0, 0, 0, 1, 0, 0], [1, 1, 0, 1, 1, 0, 1, 1, 0, 1, 1, 0, 1, 1, 0, 1, 1, 0, 1, 1, 0, 1, 0, 1, 1, 0, 0], [1, 1, 0, 1, 1, 0, 1, 1, 0, 1, 1, 0, 1, 1, 0, 1, 1, 0, 1, 1, 0, 1, 1, 0, 1, 0, 0]]","[0.01171875, 0.01171875, 0.01171875, 0.0078125, 0.00390625, 0.01171875, 0.00390625, 0.0078125, 0.00390625, 0.0078125, 0.00390625, 0.9140625]",30,229,56,102,298,
supportcase6_ds_qaoa_c745_c747_c759_0004,data/miplib_benders/qaoa_problems/nvars_09/supportcase6_ds_qaoa_c745_c747_c759_0004.json,9,27,3,ddsim,30,256,ok,2835.179241043981,412.69140625,150892000.0,"{""B100602(7)"": 0, ""B100608(7)"": 0, ""B100623(7)"": 0, ""B101029(7)"": 1, ""B101035(7)"": 0, ""B101037(7)"": 0, ""B101043(7)"": 0, ""B101058(7)"": 0, ""B101479(7)"": 0}",,,,"[[0, 1, 0, 1, 1, 0, 1, 1, 0, 1, 1, 0, 1, 1, 0, 1, 1, 0, 1, 0, 0, 1, 1, 0, 1, 0, 0], [1, 0, 1, 1, 1, 0, 1, 1, 0, 1, 1, 0, 1, 0, 0, 0, 1, 0, 1, 1, 0, 1, 1, 0, 1, 0, 0], [1, 0, 1, 1, 1, 0, 1, 1, 0, 1, 1, 0, 1, 1, 0, 1, 0, 1, 1, 1, 0, 1, 1, 0, 1, 0, 0], [1, 0, 1, 1, 1, 0, 1, 1, 0, 1, 1, 0, 1, 1, 0, 1, 1, 0, 1, 1, 0, 1, 1, 0, 1, 0, 0], [1, 1, 0, 0, 0, 0, 1, 1, 0, 1, 1, 0, 0, 0, 0, 1, 1, 0, 1, 1, 0, 1, 1, 0, 1, 0, 0], [1, 1, 0, 0, 0, 0, 1, 1, 0, 1, 1, 0, 1, 1, 0, 1, 1, 0, 0, 0, 0, 1, 1, 0, 1, 0, 0], [1, 1, 0, 0, 0, 0, 1, 1, 0, 1, 1, 0, 1, 1, 0, 1, 1, 0, 1, 0, 1, 1, 1, 0, 1, 0, 0], [1, 1, 0, 0, 0, 0, 1, 1, 0, 1, 1, 0, 1, 1, 0, 1, 1, 0, 1, 1, 0, 1, 1, 0, 1, 0, 0], [1, 1, 0, 1, 0, 1, 1, 0, 1, 1, 1, 0, 1, 1, 0, 1, 1, 0, 0, 0, 0, 1, 1, 0, 1, 0, 0], [1, 1, 0, 1, 0, 1, 1, 1, 0, 1, 1, 0, 1, 1, 0, 1, 1, 0, 1, 0, 1, 1, 0, 1, 1, 0, 0], [1, 1, 0, 1, 0, 1, 1, 1, 0, 1, 1, 0, 1, 1, 0, 1, 1, 0, 1, 0, 1, 1, 1, 0, 1, 0, 0], [1, 1, 0, 1, 0, 1, 1, 1, 0, 1, 1, 0, 1, 1, 0, 1, 1, 0, 1, 1, 0, 0, 0, 0, 1, 0, 0], [1, 1, 0, 1, 0, 1, 1, 1, 0, 1, 1, 0, 1, 1, 0, 1, 1, 0, 1, 1, 0, 1, 1, 0, 1, 0, 0], [1, 1, 0, 1, 1, 0, 1, 0, 1, 1, 0, 1, 1, 1, 0, 1, 1, 0, 1, 1, 0, 0, 0, 0, 1, 0, 0], [1, 1, 0, 1, 1, 0, 1, 0, 1, 1, 0, 1, 1, 1, 0, 1, 1, 0, 1, 1, 0, 1, 1, 0, 1, 0, 0], [1, 1, 0, 1, 1, 0, 1, 0, 1, 1, 1, 0, 1, 1, 0, 0, 0, 0, 1, 1, 0, 1, 1, 0, 1, 0, 0], [1, 1, 0, 1, 1, 0, 1, 0, 1, 1, 1, 0, 1, 1, 0, 1, 1, 0, 1, 1, 0, 0, 0, 0, 1, 0, 0], [1, 1, 0, 1, 1, 0, 1, 0, 1, 1, 1, 0, 1, 1, 0, 1, 1, 0, 1, 1, 0, 1, 1, 0, 1, 0, 0], [1, 1, 0, 1, 1, 0, 1, 1, 0, 1, 0, 0, 1, 1, 0, 1, 1, 0, 1, 1, 0, 1, 1, 0, 0, 0, 0], [1, 1, 0, 1, 1, 0, 1, 1, 0, 1, 0, 1, 1, 1, 0, 1, 0, 1, 1, 1, 0, 1, 1, 0, 1, 0, 0], [1, 1, 0, 1, 1, 0, 1, 1, 0, 1, 0, 1, 1, 1, 0, 1, 1, 0, 1, 1, 0, 0, 0, 0, 1, 0, 0], [1, 1, 0, 1, 1, 0, 1, 1, 0, 1, 0, 1, 1, 1, 0, 1, 1, 0, 1, 1, 0, 1, 1, 0, 1, 0, 0], [1, 1, 0, 1, 1, 0, 1, 1, 0, 1, 1, 0, 0, 0, 0, 1, 1, 0, 0, 0, 0, 1, 1, 0, 1, 0, 0], [1, 1, 0, 1, 1, 0, 1, 1, 0, 1, 1, 0, 0, 0, 0, 1, 1, 0, 1, 1, 0, 0, 0, 0, 1, 0, 0], [1, 1, 0, 1, 1, 0, 1, 1, 0, 1, 1, 0, 0, 0, 0, 1, 1, 0, 1, 1, 0, 1, 1, 0, 1, 0, 0], [1, 1, 0, 1, 1, 0, 1, 1, 0, 1, 1, 0, 1, 0, 1, 1, 1, 0, 1, 1, 0, 0, 0, 0, 1, 0, 0], [1, 1, 0, 1, 1, 0, 1, 1, 0, 1, 1, 0, 1, 0, 1, 1, 1, 0, 1, 1, 0, 1, 0, 1, 1, 0, 0], [1, 1, 0, 1, 1, 0, 1, 1, 0, 1, 1, 0, 1, 0, 1, 1, 1, 0, 1, 1, 0, 1, 1, 0, 1, 0, 0], [1, 1, 0, 1, 1, 0, 1, 1, 0, 1, 1, 0, 1, 1, 0, 0, 0, 0, 1, 1, 0, 0, 0, 0, 1, 0, 0], [1, 1, 0, 1, 1, 0, 1, 1, 0, 1, 1, 0, 1, 1, 0, 0, 0, 0, 1, 1, 0, 1, 0, 1, 1, 0, 0], [1, 1, 0, 1, 1, 0, 1, 1, 0, 1, 1, 0, 1, 1, 0, 0, 0, 0, 1, 1, 0, 1, 1, 0, 1, 0, 0], [1, 1, 0, 1, 1, 0, 1, 1, 0, 1, 1, 0, 1, 1, 0, 1, 0, 1, 1, 0, 1, 1, 1, 0, 1, 0, 0], [1, 1, 0, 1, 1, 0, 1, 1, 0, 1, 1, 0, 1, 1, 0, 1, 0, 1, 1, 1, 0, 1, 1, 0, 1, 0, 0], [1, 1, 0, 1, 1, 0, 1, 1, 0, 1, 1, 0, 1, 1, 0, 1, 1, 0, 0, 0, 0, 0, 0, 0, 1, 0, 0], [1, 1, 0, 1, 1, 0, 1, 1, 0, 1, 1, 0, 1, 1, 0, 1, 1, 0, 0, 0, 0, 1, 1, 0, 1, 0, 0], [1, 1, 0, 1, 1, 0, 1, 1, 0, 1, 1, 0, 1, 1, 0, 1, 1, 0, 1, 0, 1, 1, 1, 0, 1, 0, 0], [1, 1, 0, 1, 1, 0, 1, 1, 0, 1, 1, 0, 1, 1, 0, 1, 1, 0, 1, 1, 0, 0, 0, 0, 1, 0, 0], [1, 1, 0, 1, 1, 0, 1, 1, 0, 1, 1, 0, 1, 1, 0, 1, 1, 0, 1, 1, 0, 1, 0, 1, 1, 0, 0], [1, 1, 0, 1, 1, 0, 1, 1, 0, 1, 1, 0, 1, 1, 0, 1, 1, 0, 1, 1, 0, 1, 1, 0, 1, 0, 0]]","[0.00390625, 0.00390625, 0.00390625, 0.02734375, 0.00390625, 0.00390625, 0.00390625, 0.02734375, 0.00390625, 0.00390625, 0.00390625, 0.00390625, 0.02734375, 0.00390625, 0.00390625, 0.00390625, 0.00390625, 0.04296875, 0.00390625, 0.00390625, 0.00390625, 0.0078125, 0.00390625, 0.00390625, 0.0234375, 0.00390625, 0.00390625, 0.01171875, 0.00390625, 0.0078125, 0.01171875, 0.00390625, 0.01171875, 0.00390625, 0.01953125, 0.02734375, 0.04296875, 0.01953125, 0.59765625]",29,189,56,84,289,
supportcase6_ds_qaoa_c747_c759_0005,data/miplib_benders/qaoa_problems/nvars_09/supportcase6_ds_qaoa_c747_c759_0005.json,9,27,2,ddsim,30,256,ok,1118.2333513509948,478.1796875,151847000.0,"{""B100608(7)"": 0, ""B100623(7)"": 1, ""B101029(7)"": 0, ""B101035(7)"": 0, ""B101037(7)"": 0, ""B101043(7)"": 0, ""B101058(7)"": 0, ""B101479(7)"": 0, ""B101485(7)"": 0}",,,,"[[1, 0, 0, 1, 1, 0, 1, 1, 0, 0, 1, 0, 0, 0, 0, 1, 1, 0, 1, 1, 0, 1, 0, 0, 1, 1, 0], [1, 0, 1, 1, 1, 0, 1, 1, 0, 1, 1, 0, 1, 1, 0, 1, 0, 1, 1, 1, 0, 1, 0, 0, 1, 1, 0], [1, 0, 1, 1, 1, 0, 1, 1, 0, 1, 1, 0, 1, 1, 0, 1, 1, 0, 0, 0, 0, 1, 0, 0, 1, 1, 0], [1, 0, 1, 1, 1, 0, 1, 1, 0, 1, 1, 0, 1, 1, 0, 1, 1, 0, 1, 1, 0, 1, 0, 0, 1, 1, 0], [1, 1, 0, 1, 0, 1, 1, 1, 0, 1, 1, 0, 1, 1, 0, 1, 1, 0, 1, 1, 0, 1, 0, 0, 1, 1, 0], [1, 1, 0, 1, 1, 0, 0, 0, 0, 1, 1, 0, 1, 1, 0, 1, 1, 0, 1, 1, 0, 1, 0, 0, 1, 1, 0], [1, 1, 0, 1, 1, 0, 1, 0, 0, 1, 1, 0, 1, 1, 0, 1, 1, 0, 0, 1, 0, 1, 0, 0, 1, 1, 0], [1, 1, 0, 1, 1, 0, 1, 0, 1, 1, 1, 0, 1, 1, 0, 1, 1, 0, 1, 1, 0, 1, 0, 0, 1, 1, 0], [1, 1, 0, 1, 1, 0, 1, 1, 0, 0, 0, 0, 1, 1, 0, 1, 1, 0, 1, 1, 0, 1, 0, 0, 1, 1, 0], [1, 1, 0, 1, 1, 0, 1, 1, 0, 1, 0, 1, 1, 0, 1, 1, 0, 1, 1, 1, 0, 1, 0, 0, 1, 1, 0], [1, 1, 0, 1, 1, 0, 1, 1, 0, 1, 0, 1, 1, 1, 0, 1, 0, 1, 1, 1, 0, 1, 0, 0, 1, 1, 0], [1, 1, 0, 1, 1, 0, 1, 1, 0, 1, 0, 1, 1, 1, 0, 1, 1, 0, 1, 0, 1, 1, 0, 0, 1, 1, 0], [1, 1, 0, 1, 1, 0, 1, 1, 0, 1, 0, 1, 1, 1, 0, 1, 1, 0, 1, 1, 0, 1, 0, 0, 1, 1, 0], [1, 1, 0, 1, 1, 0, 1, 1, 0, 1, 1, 0, 0, 0, 0, 1, 1, 0, 1, 0, 1, 1, 0, 0, 1, 1, 0], [1, 1, 0, 1, 1, 0, 1, 1, 0, 1, 1, 0, 0, 0, 0, 1, 1, 0, 1, 1, 0, 1, 0, 0, 0, 0, 0], [1, 1, 0, 1, 1, 0, 1, 1, 0, 1, 1, 0, 0, 0, 0, 1, 1, 0, 1, 1, 0, 1, 0, 0, 1, 1, 0], [1, 1, 0, 1, 1, 0, 1, 1, 0, 1, 1, 0, 1, 0, 1, 1, 1, 0, 1, 1, 0, 1, 0, 0, 1, 1, 0], [1, 1, 0, 1, 1, 0, 1, 1, 0, 1, 1, 0, 1, 1, 0, 0, 0, 0, 1, 1, 0, 1, 0, 0, 1, 1, 0], [1, 1, 0, 1, 1, 0, 1, 1, 0, 1, 1, 0, 1, 1, 0, 1, 0, 1, 1, 1, 0, 1, 0, 0, 1, 1, 0], [1, 1, 0, 1, 1, 0, 1, 1, 0, 1, 1, 0, 1, 1, 0, 1, 1, 0, 0, 0, 0, 1, 0, 0, 1, 1, 0], [1, 1, 0, 1, 1, 0, 1, 1, 0, 1, 1, 0, 1, 1, 0, 1, 1, 0, 1, 0, 1, 1, 0, 0, 1, 1, 0], [1, 1, 0, 1, 1, 0, 1, 1, 0, 1, 1, 0, 1, 1, 0, 1, 1, 0, 1, 1, 0, 1, 0, 0, 0, 0, 0], [1, 1, 0, 1, 1, 0, 1, 1, 0, 1, 1, 0, 1, 1, 0, 1, 1, 0, 1, 1, 0, 1, 0, 0, 1, 0, 1], [1, 1, 0, 1, 1, 0, 1, 1, 0, 1, 1, 0, 1, 1, 0, 1, 1, 0, 1, 1, 0, 1, 0, 0, 1, 1, 0]]","[0.00390625, 0.00390625, 0.00390625, 0.01171875, 0.00390625, 0.0234375, 0.00390625, 0.015625, 0.0234375, 0.00390625, 0.00390625, 0.00390625, 0.01171875, 0.00390625, 0.0078125, 0.0234375, 0.01953125, 0.015625, 0.01953125, 0.0078125, 0.00390625, 0.0234375, 0.00390625, 0.75390625]",30,189,56,84,298,
supportcase6_ds_qaoa_c747_c759_0004,data/miplib_benders/qaoa_problems/nvars_09/supportcase6_ds_qaoa_c747_c759_0004.json,9,27,2,ddsim,30,256,ok,1905.405914495932,410.66796875,151847000.0,"{""B100602(7)"": 0, ""B100608(7)"": 0, ""B100623(7)"": 1, ""B101029(7)"": 0, ""B101035(7)"": 0, ""B101037(7)"": 0, ""B101043(7)"": 0, ""B101058(7)"": 0, ""B101479(7)"": 0}",,,,"[[0, 1, 0, 1, 1, 0, 1, 1, 0, 1, 1, 0, 1, 0, 1, 1, 1, 0, 1, 0, 0, 1, 1, 0, 1, 0, 0], [1, 0, 1, 1, 1, 0, 1, 1, 0, 1, 1, 0, 0, 0, 0, 1, 1, 0, 1, 1, 0, 1, 1, 0, 1, 0, 0], [1, 0, 1, 1, 1, 0, 1, 1, 0, 1, 1, 0, 1, 1, 0, 0, 0, 0, 1, 1, 0, 0, 0, 0, 1, 0, 0], [1, 0, 1, 1, 1, 0, 1, 1, 0, 1, 1, 0, 1, 1, 0, 0, 0, 0, 1, 1, 0, 1, 1, 0, 1, 0, 0], [1, 0, 1, 1, 1, 0, 1, 1, 0, 1, 1, 0, 1, 1, 0, 1, 1, 0, 0, 0, 0, 1, 1, 0, 1, 0, 0], [1, 0, 1, 1, 1, 0, 1, 1, 0, 1, 1, 0, 1, 1, 0, 1, 1, 0, 1, 1, 0, 1, 1, 0, 1, 0, 0], [1, 1, 0, 0, 0, 0, 1, 0, 1, 1, 1, 0, 1, 1, 0, 1, 1, 0, 1, 1, 0, 1, 1, 0, 1, 0, 0], [1, 1, 0, 0, 0, 0, 1, 1, 0, 0, 0, 0, 1, 1, 0, 1, 1, 0, 1, 1, 0, 1, 1, 0, 1, 0, 0], [1, 1, 0, 0, 0, 0, 1, 1, 0, 1, 0, 1, 1, 1, 0, 1, 1, 0, 1, 1, 0, 1, 1, 0, 1, 0, 0], [1, 1, 0, 0, 0, 0, 1, 1, 0, 1, 1, 0, 0, 0, 0, 1, 1, 0, 1, 1, 0, 1, 1, 0, 1, 0, 0], [1, 1, 0, 0, 0, 0, 1, 1, 0, 1, 1, 0, 1, 0, 1, 1, 0, 1, 1, 0, 1, 1, 1, 0, 1, 0, 0], [1, 1, 0, 0, 0, 0, 1, 1, 0, 1, 1, 0, 1, 0, 1, 1, 1, 0, 1, 1, 0, 1, 1, 0, 1, 0, 0], [1, 1, 0, 0, 0, 0, 1, 1, 0, 1, 1, 0, 1, 1, 0, 1, 1, 0, 0, 0, 0, 1, 1, 0, 1, 0, 0], [1, 1, 0, 0, 0, 0, 1, 1, 0, 1, 1, 0, 1, 1, 0, 1, 1, 0, 1, 0, 1, 0, 0, 0, 1, 0, 0], [1, 1, 0, 0, 0, 0, 1, 1, 0, 1, 1, 0, 1, 1, 0, 1, 1, 0, 1, 0, 1, 1, 1, 0, 1, 0, 0], [1, 1, 0, 0, 0, 0, 1, 1, 0, 1, 1, 0, 1, 1, 0, 1, 1, 0, 1, 1, 0, 1, 1, 0, 1, 0, 0], [1, 1, 0, 1, 0, 0, 1, 1, 0, 1, 0, 1, 0, 1, 0, 1, 1, 0, 1, 1, 0, 1, 1, 0, 1, 0, 0], [1, 1, 0, 1, 0, 0, 1, 1, 0, 1, 1, 0, 0, 1, 0, 0, 0, 0, 1, 1, 0, 1, 1, 0, 1, 0, 0], [1, 1, 0, 1, 0, 0, 1, 1, 0, 1, 1, 0, 0, 1, 0, 1, 1, 0, 1, 1, 0, 1, 1, 0, 1, 0, 0], [1, 1, 0, 1, 0, 1, 1, 1, 0, 1, 0, 1, 1, 1, 0, 1, 1, 0, 1, 1, 0, 1, 1, 0, 1, 0, 0], [1, 1, 0, 1, 0, 1, 1, 1, 0, 1, 1, 0, 0, 0, 0, 1, 0, 1, 1, 1, 0, 1, 0, 1, 1, 0, 0], [1, 1, 0, 1, 0, 1, 1, 1, 0, 1, 1, 0, 1, 0, 0, 0, 1, 0, 1, 1, 0, 1, 1, 0, 1, 0, 0], [1, 1, 0, 1, 0, 1, 1, 1, 0, 1, 1, 0, 1, 1, 0, 0, 0, 0, 1, 1, 0, 1, 1, 0, 1, 0, 0], [1, 1, 0, 1, 0, 1, 1, 1, 0, 1, 1, 0, 1, 1, 0, 1, 1, 0, 1, 0, 1, 1, 1, 0, 1, 0, 0], [1, 1, 0, 1, 0, 1, 1, 1, 0, 1, 1, 0, 1, 1, 0, 1, 1, 0, 1, 1, 0, 1, 1, 0, 1, 0, 0], [1, 1, 0, 1, 1, 0, 1, 0, 1, 0, 0, 0, 1, 1, 0, 1, 1, 0, 1, 1, 0, 1, 1, 0, 1, 0, 0], [1, 1, 0, 1, 1, 0, 1, 0, 1, 1, 1, 0, 1, 1, 0, 0, 0, 0, 1, 1, 0, 1, 1, 0, 1, 0, 0], [1, 1, 0, 1, 1, 0, 1, 0, 1, 1, 1, 0, 1, 1, 0, 1, 1, 0, 1, 0, 1, 1, 1, 0, 1, 0, 0], [1, 1, 0, 1, 1, 0, 1, 0, 1, 1, 1, 0, 1, 1, 0, 1, 1, 0, 1, 1, 0, 0, 0, 0, 1, 0, 0], [1, 1, 0, 1, 1, 0, 1, 0, 1, 1, 1, 0, 1, 1, 0, 1, 1, 0, 1, 1, 0, 1, 0, 1, 1, 0, 0], [1, 1, 0, 1, 1, 0, 1, 0, 1, 1, 1, 0, 1, 1, 0, 1, 1, 0, 1, 1, 0, 1, 1, 0, 1, 0, 0], [1, 1, 0, 1, 1, 0, 1, 1, 0, 0, 0, 0, 0, 0, 0, 1, 1, 0, 1, 1, 0, 1, 1, 0, 1, 0, 0], [1, 1, 0, 1, 1, 0, 1, 1, 0, 0, 0, 0, 1, 1, 0, 1, 1, 0, 1, 1, 0, 0, 0, 0, 1, 0, 0], [1, 1, 0, 1, 1, 0, 1, 1, 0, 0, 0, 0, 1, 1, 0, 1, 1, 0, 1, 1, 0, 1, 1, 0, 1, 0, 0], [1, 1, 0, 1, 1, 0, 1, 1, 0, 1, 0, 1, 0, 0, 0, 1, 1, 0, 1, 1, 0, 1, 1, 0, 1, 0, 0], [1, 1, 0, 1, 1, 0, 1, 1, 0, 1, 0, 1, 1, 0, 1, 1, 0, 1, 1, 1, 0, 1, 1, 0, 1, 0, 0], [1, 1, 0, 1, 1, 0, 1, 1, 0, 1, 0, 1, 1, 0, 1, 1, 1, 0, 1, 1, 0, 1, 1, 0, 1, 0, 0], [1, 1, 0, 1, 1, 0, 1, 1, 0, 1, 0, 1, 1, 1, 0, 1, 1, 0, 1, 1, 0, 0, 0, 0, 1, 0, 0], [1, 1, 0, 1, 1, 0, 1, 1, 0, 1, 0, 1, 1, 1, 0, 1, 1, 0, 1, 1, 0, 1, 1, 0, 1, 0, 0], [1, 1, 0, 1, 1, 0, 1, 1, 0, 1, 1, 0, 0, 0, 0, 0, 0, 0, 1, 1, 0, 1, 1, 0, 1, 0, 0], [1, 1, 0, 1, 1, 0, 1, 1, 0, 1, 1, 0, 0, 0, 0, 1, 0, 1, 1, 1, 0, 1, 1, 0, 1, 0, 0], [1, 1, 0, 1, 1, 0, 1, 1, 0, 1, 1, 0, 0, 0, 0, 1, 1, 0, 0, 0, 0, 1, 1, 0, 1, 0, 0], [1, 1, 0, 1, 1, 0, 1, 1, 0, 1, 1, 0, 0, 0, 0, 1, 1, 0, 1, 1, 0, 1, 1, 0, 1, 0, 0], [1, 1, 0, 1, 1, 0, 1, 1, 0, 1, 1, 0, 1, 0, 0, 0, 1, 0, 1, 1, 0, 1, 1, 0, 1, 0, 0], [1, 1, 0, 1, 1, 0, 1, 1, 0, 1, 1, 0, 1, 0, 1, 1, 0, 1, 1, 1, 0, 1, 1, 0, 1, 0, 0], [1, 1, 0, 1, 1, 0, 1, 1, 0, 1, 1, 0, 1, 0, 1, 1, 1, 0, 1, 1, 0, 1, 0, 1, 1, 0, 0], [1, 1, 0, 1, 1, 0, 1, 1, 0, 1, 1, 0, 1, 0, 1, 1, 1, 0, 1, 1, 0, 1, 1, 0, 1, 0, 0], [1, 1, 0, 1, 1, 0, 1, 1, 0, 1, 1, 0, 1, 1, 0, 0, 0, 0, 1, 0, 1, 1, 1, 0, 1, 0, 0], [1, 1, 0, 1, 1, 0, 1, 1, 0, 1, 1, 0, 1, 1, 0, 0, 0, 0, 1, 1, 0, 0, 0, 0, 1, 0, 0], [1, 1, 0, 1, 1, 0, 1, 1, 0, 1, 1, 0, 1, 1, 0, 0, 0, 0, 1, 1, 0, 1, 1, 0, 1, 0, 0], [1, 1, 0, 1, 1, 0, 1, 1, 0, 1, 1, 0, 1, 1, 0, 1, 0, 1, 1, 0, 1, 1, 1, 0, 1, 0, 0], [1, 1, 0, 1, 1, 0, 1, 1, 0, 1, 1, 0, 1, 1, 0, 1, 0, 1, 1, 1, 0, 1, 0, 0, 0, 0, 0], [1, 1, 0, 1, 1, 0, 1, 1, 0, 1, 1, 0, 1, 1, 0, 1, 0, 1, 1, 1, 0, 1, 1, 0, 1, 0, 0], [1, 1, 0, 1, 1, 0, 1, 1, 0, 1, 1, 0, 1, 1, 0, 1, 1, 0, 0, 0, 0, 1, 0, 1, 1, 0, 0], [1, 1, 0, 1, 1, 0, 1, 1, 0, 1, 1, 0, 1, 1, 0, 1, 1, 0, 0, 0, 0, 1, 1, 0, 1, 0, 0], [1, 1, 0, 1, 1, 0, 1, 1, 0, 1, 1, 0, 1, 1, 0, 1, 1, 0, 1, 0, 1, 0, 0, 0, 1, 0, 0], [1, 1, 0, 1, 1, 0, 1, 1, 0, 1, 1, 0, 1, 1, 0, 1, 1, 0, 1, 0, 1, 1, 0, 1, 1, 0, 0], [1, 1, 0, 1, 1, 0, 1, 1, 0, 1, 1, 0, 1, 1, 0, 1, 1, 0, 1, 0, 1, 1, 1, 0, 1, 0, 0], [1, 1, 0, 1, 1, 0, 1, 1, 0, 1, 1, 0, 1, 1, 0, 1, 1, 0, 1, 1, 0, 0, 0, 0, 1, 0, 0], [1, 1, 0, 1, 1, 0, 1, 1, 0, 1, 1, 0, 1, 1, 0, 1, 1, 0, 1, 1, 0, 1, 0, 0, 0, 0, 0], [1, 1, 0, 1, 1, 0, 1, 1, 0, 1, 1, 0, 1, 1, 0, 1, 1, 0, 1, 1, 0, 1, 0, 1, 1, 0, 0], [1, 1, 0, 1, 1, 0, 1, 1, 0, 1, 1, 0, 1, 1, 0, 1, 1, 0, 1, 1, 0, 1, 1, 0, 1, 0, 0]]","[0.00390625, 0.00390625, 0.00390625, 0.00390625, 0.00390625, 0.0390625, 0.00390625, 0.00390625, 0.00390625, 0.0078125, 0.00390625, 0.00390625, 0.00390625, 0.00390625, 0.00390625, 0.01953125, 0.00390625, 0.00390625, 0.0078125, 0.00390625, 0.00390625, 0.00390625, 0.00390625, 0.00390625, 0.0546875, 0.0078125, 0.00390625, 0.0078125, 0.00390625, 0.00390625, 0.0234375, 0.00390625, 0.00390625, 0.02734375, 0.0078125, 0.00390625, 0.00390625, 0.00390625, 0.02734375, 0.00390625, 0.00390625, 0.015625, 0.0234375, 0.01171875, 0.00390625, 0.00390625, 0.02734375, 0.00390625, 0.00390625, 0.01171875, 0.00390625, 0.00390625, 0.015625, 0.01171875, 0.0234375, 0.00390625, 0.00390625, 0.015625, 0.02734375, 0.00390625, 0.02734375, 0.40625]",28,189,56,84,298,
supportcase6_ds_qaoa_c747_c759_c762_0001,data/miplib_benders/qaoa_problems/nvars_09/supportcase6_ds_qaoa_c747_c759_c762_0001.json,9,27,3,ddsim,30,256,ok,1396.2117091879481,432.28515625,151847000.0,"{""B100166(7)"": 1, ""B100594(7)"": 0, ""B100600(7)"": 0, ""B100602(7)"": 0, ""B100608(7)"": 0, ""B100623(7)"": 0, ""B101029(7)"": 0, ""B101035(7)"": 0, ""B101037(7)"": 0}",,,,"[[0, 1, 0, 1, 1, 0, 0, 1, 0, 0, 0, 0, 0, 0, 0, 1, 0, 0, 1, 0, 0, 1, 1, 0, 1, 0, 0], [1, 0, 0, 1, 1, 0, 1, 1, 0, 0, 0, 0, 0, 0, 0, 0, 0, 0, 1, 1, 0, 1, 1, 0, 0, 0, 0], [1, 0, 1, 1, 0, 1, 1, 1, 0, 0, 0, 0, 0, 0, 0, 1, 0, 0, 1, 1, 0, 1, 1, 0, 0, 0, 0], [1, 0, 1, 1, 1, 0, 1, 0, 1, 0, 0, 0, 0, 0, 0, 1, 0, 0, 1, 1, 0, 1, 0, 1, 0, 0, 0], [1, 0, 1, 1, 1, 0, 1, 0, 1, 0, 0, 0, 0, 0, 0, 1, 0, 0, 1, 1, 0, 1, 1, 0, 0, 0, 0], [1, 0, 1, 1, 1, 0, 1, 1, 0, 0, 0, 0, 0, 0, 0, 1, 0, 0, 0, 0, 0, 1, 1, 0, 0, 0, 0], [1, 0, 1, 1, 1, 0, 1, 1, 0, 0, 0, 0, 0, 0, 0, 1, 0, 0, 1, 0, 1, 1, 0, 1, 0, 0, 0], [1, 0, 1, 1, 1, 0, 1, 1, 0, 0, 0, 0, 0, 0, 0, 1, 0, 0, 1, 0, 1, 1, 1, 0, 0, 0, 0], [1, 0, 1, 1, 1, 0, 1, 1, 0, 0, 0, 0, 0, 0, 0, 1, 0, 0, 1, 1, 0, 0, 0, 0, 0, 0, 0], [1, 0, 1, 1, 1, 0, 1, 1, 0, 0, 0, 0, 0, 0, 0, 1, 0, 0, 1, 1, 0, 1, 0, 1, 0, 0, 0], [1, 0, 1, 1, 1, 0, 1, 1, 0, 0, 0, 0, 0, 0, 0, 1, 0, 0, 1, 1, 0, 1, 1, 0, 0, 0, 0], [1, 1, 0, 1, 0, 0, 1, 1, 0, 1, 0, 0, 0, 0, 0, 0, 0, 0, 1, 1, 0, 0, 1, 0, 0, 0, 0], [1, 1, 0, 1, 0, 0, 1, 1, 0, 1, 0, 0, 0, 0, 0, 1, 1, 0, 1, 1, 0, 0, 1, 0, 0, 0, 0], [1, 1, 0, 1, 0, 1, 0, 1, 0, 0, 0, 0, 0, 0, 0, 1, 0, 0, 1, 1, 0, 1, 0, 0, 0, 0, 0], [1, 1, 0, 1, 0, 1, 1, 0, 1, 0, 0, 0, 0, 0, 0, 1, 0, 0, 1, 1, 0, 1, 0, 1, 0, 0, 0], [1, 1, 0, 1, 0, 1, 1, 0, 1, 0, 0, 0, 0, 0, 0, 1, 0, 0, 1, 1, 0, 1, 1, 0, 0, 0, 0], [1, 1, 0, 1, 0, 1, 1, 1, 0, 0, 0, 0, 0, 0, 0, 1, 0, 0, 0, 0, 0, 0, 0, 0, 0, 0, 0], [1, 1, 0, 1, 0, 1, 1, 1, 0, 0, 0, 0, 0, 0, 0, 1, 0, 0, 0, 0, 0, 1, 1, 0, 0, 0, 0], [1, 1, 0, 1, 0, 1, 1, 1, 0, 0, 0, 0, 0, 0, 0, 1, 0, 0, 1, 0, 1, 1, 1, 0, 0, 0, 0], [1, 1, 0, 1, 0, 1, 1, 1, 0, 0, 0, 0, 0, 0, 0, 1, 0, 0, 1, 1, 0, 1, 0, 1, 0, 0, 0], [1, 1, 0, 1, 0, 1, 1, 1, 0, 0, 0, 0, 0, 0, 0, 1, 0, 0, 1, 1, 0, 1, 1, 0, 0, 0, 0], [1, 1, 0, 1, 1, 0, 1, 0, 1, 0, 0, 0, 0, 0, 0, 1, 0, 0, 0, 0, 0, 0, 0, 0, 0, 0, 0], [1, 1, 0, 1, 1, 0, 1, 0, 1, 0, 0, 0, 0, 0, 0, 1, 0, 0, 1, 0, 1, 1, 1, 0, 0, 0, 0], [1, 1, 0, 1, 1, 0, 1, 0, 1, 0, 0, 0, 0, 0, 0, 1, 0, 0, 1, 1, 0, 0, 0, 0, 0, 0, 0], [1, 1, 0, 1, 1, 0, 1, 0, 1, 0, 0, 0, 0, 0, 0, 1, 0, 0, 1, 1, 0, 1, 1, 0, 0, 0, 0], [1, 1, 0, 1, 1, 0, 1, 1, 0, 0, 0, 0, 0, 0, 0, 1, 0, 0, 0, 0, 0, 0, 0, 0, 0, 0, 0], [1, 1, 0, 1, 1, 0, 1, 1, 0, 0, 0, 0, 0, 0, 0, 1, 0, 0, 0, 0, 0, 1, 1, 0, 0, 0, 0], [1, 1, 0, 1, 1, 0, 1, 1, 0, 0, 0, 0, 0, 0, 0, 1, 0, 0, 1, 0, 1, 1, 0, 1, 0, 0, 0], [1, 1, 0, 1, 1, 0, 1, 1, 0, 0, 0, 0, 0, 0, 0, 1, 0, 0, 1, 0, 1, 1, 1, 0, 0, 0, 0], [1, 1, 0, 1, 1, 0, 1, 1, 0, 0, 0, 0, 0, 0, 0, 1, 0, 0, 1, 1, 0, 0, 0, 0, 0, 0, 0], [1, 1, 0, 1, 1, 0, 1, 1, 0, 0, 0, 0, 0, 0, 0, 1, 0, 0, 1, 1, 0, 1, 0, 1, 0, 0, 0], [1, 1, 0, 1, 1, 0, 1, 1, 0, 0, 0, 0, 0, 0, 0, 1, 0, 0, 1, 1, 0, 1, 1, 0, 0, 0, 0]]","[0.01953125, 0.00390625, 0.00390625, 0.00390625, 0.015625, 0.00390625, 0.00390625, 0.00390625, 0.00390625, 0.01171875, 0.05859375, 0.00390625, 0.00390625, 0.00390625, 0.00390625, 0.0078125, 0.00390625, 0.00390625, 0.00390625, 0.00390625, 0.03515625, 0.00390625, 0.01171875, 0.0078125, 0.046875, 0.0078125, 0.05078125, 0.00390625, 0.05078125, 0.0390625, 0.046875, 0.5234375]",26,801,56,330,859,
supportcase6_ds_qaoa_c747_c759_c762_0005,data/miplib_benders/qaoa_problems/nvars_09/supportcase6_ds_qaoa_c747_c759_c762_0005.json,9,27,3,ddsim,30,256,ok,1248.9931705649942,431.2578125,151847000.0,"{""B100608(7)"": 0, ""B100623(7)"": 1, ""B101029(7)"": 0, ""B101035(7)"": 0, ""B101037(7)"": 0, ""B101043(7)"": 0, ""B101058(7)"": 0, ""B101479(7)"": 0, ""B101485(7)"": 0}",,,,"[[1, 0, 1, 1, 1, 0, 1, 1, 0, 0, 0, 0, 0, 0, 0, 1, 1, 0, 1, 0, 0, 1, 1, 0, 0, 0, 0], [1, 0, 1, 1, 1, 0, 1, 1, 0, 0, 0, 0, 1, 1, 0, 1, 1, 0, 1, 0, 0, 1, 1, 0, 0, 0, 0], [1, 1, 0, 1, 0, 0, 1, 1, 0, 1, 0, 0, 0, 1, 0, 1, 1, 0, 1, 0, 0, 0, 1, 0, 0, 0, 0], [1, 1, 0, 1, 0, 1, 1, 1, 0, 0, 0, 0, 1, 1, 0, 1, 0, 1, 1, 0, 0, 1, 1, 0, 0, 0, 0], [1, 1, 0, 1, 0, 1, 1, 1, 0, 0, 0, 0, 1, 1, 0, 1, 1, 0, 1, 0, 0, 0, 0, 0, 0, 0, 0], [1, 1, 0, 1, 0, 1, 1, 1, 0, 0, 0, 0, 1, 1, 0, 1, 1, 0, 1, 0, 0, 1, 0, 1, 0, 0, 0], [1, 1, 0, 1, 0, 1, 1, 1, 0, 0, 0, 0, 1, 1, 0, 1, 1, 0, 1, 0, 0, 1, 1, 0, 0, 0, 0], [1, 1, 0, 1, 1, 0, 1, 0, 1, 0, 0, 0, 1, 1, 0, 0, 0, 0, 1, 0, 0, 1, 1, 0, 0, 0, 0], [1, 1, 0, 1, 1, 0, 1, 0, 1, 0, 0, 0, 1, 1, 0, 1, 1, 0, 1, 0, 0, 0, 0, 0, 0, 0, 0], [1, 1, 0, 1, 1, 0, 1, 0, 1, 0, 0, 0, 1, 1, 0, 1, 1, 0, 1, 0, 0, 1, 1, 0, 0, 0, 0], [1, 1, 0, 1, 1, 0, 1, 1, 0, 0, 0, 0, 0, 0, 0, 1, 1, 0, 1, 0, 0, 1, 1, 0, 0, 0, 0], [1, 1, 0, 1, 1, 0, 1, 1, 0, 0, 0, 0, 1, 0, 1, 0, 0, 0, 1, 0, 0, 1, 1, 0, 0, 0, 0], [1, 1, 0, 1, 1, 0, 1, 1, 0, 0, 0, 0, 1, 0, 1, 1, 1, 0, 1, 0, 0, 1, 1, 0, 0, 0, 0], [1, 1, 0, 1, 1, 0, 1, 1, 0, 0, 0, 0, 1, 1, 0, 0, 0, 0, 1, 0, 0, 1, 1, 0, 0, 0, 0], [1, 1, 0, 1, 1, 0, 1, 1, 0, 0, 0, 0, 1, 1, 0, 1, 0, 1, 1, 0, 0, 1, 0, 1, 0, 0, 0], [1, 1, 0, 1, 1, 0, 1, 1, 0, 0, 0, 0, 1, 1, 0, 1, 0, 1, 1, 0, 0, 1, 1, 0, 0, 0, 0], [1, 1, 0, 1, 1, 0, 1, 1, 0, 0, 0, 0, 1, 1, 0, 1, 1, 0, 1, 0, 0, 0, 0, 0, 0, 0, 0], [1, 1, 0, 1, 1, 0, 1, 1, 0, 0, 0, 0, 1, 1, 0, 1, 1, 0, 1, 0, 0, 1, 0, 1, 0, 0, 0], [1, 1, 0, 1, 1, 0, 1, 1, 0, 0, 0, 0, 1, 1, 0, 1, 1, 0, 1, 0, 0, 1, 1, 0, 0, 0, 0]]","[0.00390625, 0.04296875, 0.00390625, 0.00390625, 0.00390625, 0.00390625, 0.03125, 0.00390625, 0.01171875, 0.02734375, 0.0234375, 0.00390625, 0.03515625, 0.02734375, 0.00390625, 0.046875, 0.0078125, 0.0234375, 0.69140625]",31,601,56,252,669,
supportcase6_ds_qaoa_c759_c762_0001,data/miplib_benders/qaoa_problems/nvars_09/supportcase6_ds_qaoa_c759_c762_0001.json,9,27,2,ddsim,30,256,ok,875.8220446569612,483.01953125,296836000.0,"{""B100166(7)"": 0, ""B100594(7)"": 0, ""B100602(7)"": 0, ""B100608(7)"": 0, ""B100623(7)"": 0, ""B101029(7)"": 1, ""B101037(7)"": 1, ""B101043(7)"": 0, ""B101058(7)"": 0}",,,,"[[1, 0, 0, 1, 1, 0, 0, 0, 0, 0, 0, 0, 0, 0, 1, 1, 1, 0, 0, 0, 0, 0, 0, 0, 1, 0, 0], [1, 0, 0, 1, 1, 0, 0, 0, 0, 0, 0, 0, 0, 1, 0, 0, 0, 0, 0, 0, 0, 0, 0, 0, 1, 0, 0], [1, 0, 0, 1, 1, 0, 0, 0, 0, 0, 0, 0, 0, 1, 0, 1, 0, 1, 0, 0, 0, 0, 0, 0, 1, 0, 0], [1, 0, 0, 1, 1, 0, 0, 0, 0, 0, 0, 0, 0, 1, 0, 1, 1, 0, 0, 0, 0, 0, 0, 0, 1, 0, 0], [1, 0, 1, 1, 0, 0, 1, 0, 0, 0, 0, 0, 0, 0, 1, 1, 1, 0, 0, 0, 0, 0, 0, 0, 1, 0, 0], [1, 0, 1, 1, 0, 1, 0, 0, 0, 0, 0, 0, 1, 0, 1, 1, 1, 0, 0, 0, 0, 0, 0, 0, 1, 0, 0], [1, 0, 1, 1, 0, 1, 0, 0, 0, 0, 0, 0, 1, 1, 0, 0, 0, 0, 0, 0, 0, 0, 0, 0, 1, 0, 0], [1, 0, 1, 1, 0, 1, 0, 0, 0, 0, 0, 0, 1, 1, 0, 1, 1, 0, 0, 0, 0, 0, 0, 0, 1, 0, 0], [1, 0, 1, 1, 1, 0, 0, 0, 0, 0, 0, 0, 0, 0, 0, 1, 1, 0, 0, 0, 0, 0, 0, 0, 1, 0, 0], [1, 0, 1, 1, 1, 0, 0, 0, 0, 0, 0, 0, 1, 0, 1, 0, 0, 0, 0, 0, 0, 0, 0, 0, 1, 0, 0], [1, 0, 1, 1, 1, 0, 0, 0, 0, 0, 0, 0, 1, 0, 1, 1, 0, 1, 0, 0, 0, 0, 0, 0, 1, 0, 0], [1, 0, 1, 1, 1, 0, 0, 0, 0, 0, 0, 0, 1, 0, 1, 1, 1, 0, 0, 0, 0, 0, 0, 0, 1, 0, 0], [1, 0, 1, 1, 1, 0, 0, 0, 0, 0, 0, 0, 1, 1, 0, 0, 0, 0, 0, 0, 0, 0, 0, 0, 1, 0, 0], [1, 0, 1, 1, 1, 0, 0, 0, 0, 0, 0, 0, 1, 1, 0, 1, 0, 0, 1, 0, 0, 0, 0, 0, 0, 0, 0], [1, 0, 1, 1, 1, 0, 0, 0, 0, 0, 0, 0, 1, 1, 0, 1, 0, 1, 0, 0, 0, 0, 0, 0, 1, 0, 0], [1, 0, 1, 1, 1, 0, 0, 0, 0, 0, 0, 0, 1, 1, 0, 1, 1, 0, 0, 0, 0, 0, 0, 0, 1, 0, 0], [1, 1, 0, 1, 0, 0, 0, 0, 0, 1, 0, 0, 0, 1, 0, 1, 0, 1, 0, 0, 0, 0, 0, 0, 1, 0, 0], [1, 1, 0, 1, 0, 0, 1, 0, 0, 0, 0, 0, 0, 1, 0, 1, 0, 1, 0, 0, 0, 0, 0, 0, 1, 0, 0], [1, 1, 0, 1, 0, 0, 1, 0, 0, 0, 0, 0, 0, 1, 0, 1, 1, 0, 0, 0, 0, 0, 0, 0, 1, 0, 0], [1, 1, 0, 1, 0, 1, 0, 0, 0, 0, 0, 0, 0, 0, 0, 1, 1, 0, 0, 0, 0, 0, 0, 0, 1, 0, 0], [1, 1, 0, 1, 0, 1, 0, 0, 0, 0, 0, 0, 1, 0, 1, 1, 1, 0, 0, 0, 0, 0, 0, 0, 1, 0, 0], [1, 1, 0, 1, 0, 1, 0, 0, 0, 0, 0, 0, 1, 1, 0, 0, 0, 0, 0, 0, 0, 0, 0, 0, 1, 0, 0], [1, 1, 0, 1, 0, 1, 0, 0, 0, 0, 0, 0, 1, 1, 0, 1, 0, 1, 0, 0, 0, 0, 0, 0, 1, 0, 0], [1, 1, 0, 1, 0, 1, 0, 0, 0, 0, 0, 0, 1, 1, 0, 1, 1, 0, 0, 0, 0, 0, 0, 0, 1, 0, 0], [1, 1, 0, 1, 1, 0, 0, 0, 0, 0, 0, 0, 0, 0, 0, 0, 0, 0, 0, 0, 0, 0, 0, 0, 1, 0, 0], [1, 1, 0, 1, 1, 0, 0, 0, 0, 0, 0, 0, 0, 0, 0, 1, 0, 1, 0, 0, 0, 0, 0, 0, 1, 0, 0], [1, 1, 0, 1, 1, 0, 0, 0, 0, 0, 0, 0, 0, 0, 0, 1, 1, 0, 0, 0, 0, 0, 0, 0, 1, 0, 0], [1, 1, 0, 1, 1, 0, 0, 0, 0, 0, 0, 0, 1, 0, 1, 0, 0, 0, 0, 0, 0, 0, 0, 0, 1, 0, 0], [1, 1, 0, 1, 1, 0, 0, 0, 0, 0, 0, 0, 1, 0, 1, 1, 0, 1, 0, 0, 0, 0, 0, 0, 1, 0, 0], [1, 1, 0, 1, 1, 0, 0, 0, 0, 0, 0, 0, 1, 0, 1, 1, 1, 0, 0, 0, 0, 0, 0, 0, 1, 0, 0], [1, 1, 0, 1, 1, 0, 0, 0, 0, 0, 0, 0, 1, 1, 0, 0, 0, 0, 0, 0, 0, 0, 0, 0, 1, 0, 0], [1, 1, 0, 1, 1, 0, 0, 0, 0, 0, 0, 0, 1, 1, 0, 1, 0, 0, 0, 0, 0, 1, 0, 0, 0, 0, 0], [1, 1, 0, 1, 1, 0, 0, 0, 0, 0, 0, 0, 1, 1, 0, 1, 0, 0, 1, 0, 0, 0, 0, 0, 1, 1, 0], [1, 1, 0, 1, 1, 0, 0, 0, 0, 0, 0, 0, 1, 1, 0, 1, 0, 1, 0, 0, 0, 0, 0, 0, 1, 0, 0], [1, 1, 0, 1, 1, 0, 0, 0, 0, 0, 0, 0, 1, 1, 0, 1, 1, 0, 0, 0, 0, 0, 0, 0, 1, 0, 0]]","[0.00390625, 0.0078125, 0.00390625, 0.0234375, 0.00390625, 0.0078125, 0.00390625, 0.00390625, 0.0078125, 0.00390625, 0.01171875, 0.01171875, 0.00390625, 0.0078125, 0.01171875, 0.04296875, 0.00390625, 0.00390625, 0.00390625, 0.00390625, 0.00390625, 0.015625, 0.01171875, 0.046875, 0.0078125, 0.015625, 0.09375, 0.0078125, 0.015625, 0.0390625, 0.0859375, 0.00390625, 0.00390625, 0.04296875, 0.4296875]",27,715,56,352,698,
supportcase6_ds_qaoa_c747_c759_c762_0004,data/miplib_benders/qaoa_problems/nvars_09/supportcase6_ds_qaoa_c747_c759_c762_0004.json,9,27,3,ddsim,30,256,ok,2278.0781284929253,413.86328125,151847000.0,"{""B100602(7)"": 0, ""B100608(7)"": 0, ""B100623(7)"": 1, ""B101029(7)"": 0, ""B101035(7)"": 0, ""B101037(7)"": 0, ""B101043(7)"": 0, ""B101058(7)"": 0, ""B101479(7)"": 0}",,,,"[[1, 0, 1, 1, 1, 0, 1, 1, 0, 1, 1, 0, 0, 0, 0, 1, 1, 0, 1, 0, 1, 1, 0, 0, 0, 0, 0], [1, 0, 1, 1, 1, 0, 1, 1, 0, 1, 1, 0, 0, 0, 0, 1, 1, 0, 1, 1, 0, 1, 0, 0, 1, 1, 0], [1, 1, 0, 0, 0, 0, 1, 1, 0, 1, 0, 1, 0, 0, 0, 1, 1, 0, 1, 1, 0, 1, 0, 0, 1, 1, 0], [1, 1, 0, 0, 0, 0, 1, 1, 0, 1, 1, 0, 0, 0, 0, 1, 1, 0, 1, 1, 0, 1, 0, 0, 1, 1, 0], [1, 1, 0, 1, 0, 0, 1, 1, 0, 1, 1, 0, 0, 0, 0, 0, 1, 0, 1, 1, 0, 1, 0, 0, 1, 1, 0], [1, 1, 0, 1, 0, 1, 1, 0, 1, 1, 1, 0, 0, 0, 0, 1, 1, 0, 1, 1, 0, 1, 0, 0, 1, 1, 0], [1, 1, 0, 1, 0, 1, 1, 1, 0, 1, 1, 0, 0, 0, 0, 1, 0, 1, 1, 1, 0, 1, 0, 0, 1, 1, 0], [1, 1, 0, 1, 0, 1, 1, 1, 0, 1, 1, 0, 0, 0, 0, 1, 1, 0, 1, 0, 1, 1, 0, 0, 1, 0, 1], [1, 1, 0, 1, 0, 1, 1, 1, 0, 1, 1, 0, 0, 0, 0, 1, 1, 0, 1, 0, 1, 1, 0, 0, 1, 1, 0], [1, 1, 0, 1, 0, 1, 1, 1, 0, 1, 1, 0, 0, 0, 0, 1, 1, 0, 1, 1, 0, 1, 0, 0, 0, 0, 0], [1, 1, 0, 1, 0, 1, 1, 1, 0, 1, 1, 0, 0, 0, 0, 1, 1, 0, 1, 1, 0, 1, 0, 0, 1, 1, 0], [1, 1, 0, 1, 1, 0, 1, 0, 1, 1, 1, 0, 0, 0, 0, 0, 0, 0, 1, 1, 0, 1, 0, 0, 0, 0, 0], [1, 1, 0, 1, 1, 0, 1, 0, 1, 1, 1, 0, 0, 0, 0, 0, 0, 0, 1, 1, 0, 1, 0, 0, 1, 1, 0], [1, 1, 0, 1, 1, 0, 1, 0, 1, 1, 1, 0, 0, 0, 0, 1, 1, 0, 1, 0, 1, 1, 0, 0, 1, 1, 0], [1, 1, 0, 1, 1, 0, 1, 0, 1, 1, 1, 0, 0, 0, 0, 1, 1, 0, 1, 1, 0, 1, 0, 0, 1, 0, 1], [1, 1, 0, 1, 1, 0, 1, 0, 1, 1, 1, 0, 0, 0, 0, 1, 1, 0, 1, 1, 0, 1, 0, 0, 1, 1, 0], [1, 1, 0, 1, 1, 0, 1, 1, 0, 1, 0, 1, 0, 0, 0, 0, 0, 0, 1, 1, 0, 1, 0, 0, 1, 1, 0], [1, 1, 0, 1, 1, 0, 1, 1, 0, 1, 0, 1, 0, 0, 0, 1, 1, 0, 1, 0, 1, 1, 0, 0, 1, 1, 0], [1, 1, 0, 1, 1, 0, 1, 1, 0, 1, 0, 1, 0, 0, 0, 1, 1, 0, 1, 1, 0, 1, 0, 0, 1, 1, 0], [1, 1, 0, 1, 1, 0, 1, 1, 0, 1, 1, 0, 0, 0, 0, 0, 0, 0, 1, 1, 0, 1, 0, 0, 0, 0, 0], [1, 1, 0, 1, 1, 0, 1, 1, 0, 1, 1, 0, 0, 0, 0, 0, 0, 0, 1, 1, 0, 1, 0, 0, 1, 1, 0], [1, 1, 0, 1, 1, 0, 1, 1, 0, 1, 1, 0, 0, 0, 0, 1, 0, 1, 1, 1, 0, 1, 0, 0, 1, 1, 0], [1, 1, 0, 1, 1, 0, 1, 1, 0, 1, 1, 0, 0, 0, 0, 1, 1, 0, 0, 0, 0, 1, 0, 0, 1, 0, 1], [1, 1, 0, 1, 1, 0, 1, 1, 0, 1, 1, 0, 0, 0, 0, 1, 1, 0, 0, 0, 0, 1, 0, 0, 1, 1, 0], [1, 1, 0, 1, 1, 0, 1, 1, 0, 1, 1, 0, 0, 0, 0, 1, 1, 0, 1, 0, 1, 1, 0, 0, 1, 1, 0], [1, 1, 0, 1, 1, 0, 1, 1, 0, 1, 1, 0, 0, 0, 0, 1, 1, 0, 1, 1, 0, 1, 0, 0, 0, 0, 0], [1, 1, 0, 1, 1, 0, 1, 1, 0, 1, 1, 0, 0, 0, 0, 1, 1, 0, 1, 1, 0, 1, 0, 0, 1, 0, 1], [1, 1, 0, 1, 1, 0, 1, 1, 0, 1, 1, 0, 0, 0, 0, 1, 1, 0, 1, 1, 0, 1, 0, 0, 1, 1, 0]]","[0.00390625, 0.01953125, 0.00390625, 0.04296875, 0.0078125, 0.00390625, 0.0078125, 0.00390625, 0.00390625, 0.00390625, 0.03515625, 0.00390625, 0.00390625, 0.00390625, 0.00390625, 0.00390625, 0.00390625, 0.00390625, 0.04296875, 0.00390625, 0.01953125, 0.0390625, 0.00390625, 0.03515625, 0.01171875, 0.02734375, 0.05078125, 0.6015625]",29,395,56,168,479,
supportcase6_ds_qaoa_c747_c759_c762_0003,data/miplib_benders/qaoa_problems/nvars_09/supportcase6_ds_qaoa_c747_c759_c762_0003.json,9,27,3,ddsim,30,256,ok,3244.892991282046,414.4453125,151847000.0,"{""B100600(7)"": 0, ""B100602(7)"": 0, ""B100608(7)"": 0, ""B100623(7)"": 1, ""B101029(7)"": 0, ""B101035(7)"": 0, ""B101037(7)"": 0, ""B101043(7)"": 0, ""B101058(7)"": 0}",,,,"[[1, 0, 0, 1, 1, 0, 0, 0, 0, 1, 0, 1, 0, 0, 0, 0, 1, 0, 1, 1, 0, 1, 1, 0, 1, 0, 0], [1, 0, 0, 1, 1, 0, 1, 1, 0, 1, 1, 0, 0, 0, 0, 0, 1, 0, 1, 1, 0, 1, 1, 0, 1, 0, 0], [1, 0, 1, 1, 0, 1, 1, 1, 0, 1, 0, 1, 0, 0, 0, 1, 1, 0, 1, 1, 0, 1, 1, 0, 1, 0, 0], [1, 0, 1, 1, 0, 1, 1, 1, 0, 1, 1, 0, 0, 0, 0, 1, 1, 0, 0, 0, 0, 1, 1, 0, 1, 0, 0], [1, 0, 1, 1, 1, 0, 0, 0, 0, 1, 1, 0, 0, 0, 0, 1, 1, 0, 1, 0, 1, 1, 1, 0, 1, 0, 0], [1, 0, 1, 1, 1, 0, 0, 0, 0, 1, 1, 0, 0, 0, 0, 1, 1, 0, 1, 1, 0, 1, 1, 0, 1, 0, 0], [1, 0, 1, 1, 1, 0, 1, 1, 0, 1, 1, 0, 0, 0, 0, 0, 0, 0, 0, 0, 0, 1, 1, 0, 1, 0, 0], [1, 0, 1, 1, 1, 0, 1, 1, 0, 1, 1, 0, 0, 0, 0, 1, 1, 0, 0, 0, 0, 1, 0, 1, 1, 0, 0], [1, 0, 1, 1, 1, 0, 1, 1, 0, 1, 1, 0, 0, 0, 0, 1, 1, 0, 0, 0, 0, 1, 1, 0, 1, 0, 0], [1, 0, 1, 1, 1, 0, 1, 1, 0, 1, 1, 0, 0, 0, 0, 1, 1, 0, 1, 1, 0, 0, 0, 0, 1, 0, 0], [1, 0, 1, 1, 1, 0, 1, 1, 0, 1, 1, 0, 0, 0, 0, 1, 1, 0, 1, 1, 0, 1, 0, 1, 1, 0, 0], [1, 0, 1, 1, 1, 0, 1, 1, 0, 1, 1, 0, 0, 0, 0, 1, 1, 0, 1, 1, 0, 1, 1, 0, 1, 0, 0], [1, 1, 0, 0, 1, 0, 1, 0, 1, 1, 1, 0, 0, 0, 0, 1, 1, 0, 1, 1, 0, 1, 0, 0, 1, 0, 0], [1, 1, 0, 0, 1, 0, 1, 1, 0, 1, 1, 0, 0, 0, 0, 1, 1, 0, 1, 1, 0, 1, 0, 0, 1, 0, 0], [1, 1, 0, 1, 0, 0, 0, 1, 0, 1, 1, 0, 0, 0, 0, 1, 1, 0, 1, 1, 0, 1, 1, 0, 1, 0, 0], [1, 1, 0, 1, 0, 1, 0, 0, 0, 1, 1, 0, 0, 0, 0, 1, 1, 0, 1, 1, 0, 1, 1, 0, 1, 0, 0], [1, 1, 0, 1, 0, 1, 1, 0, 1, 1, 0, 1, 0, 0, 0, 1, 0, 1, 1, 1, 0, 1, 1, 0, 1, 0, 0], [1, 1, 0, 1, 0, 1, 1, 0, 1, 1, 1, 0, 0, 0, 0, 1, 1, 0, 1, 1, 0, 1, 1, 0, 1, 0, 0], [1, 1, 0, 1, 0, 1, 1, 1, 0, 1, 0, 1, 0, 0, 0, 1, 1, 0, 1, 1, 0, 1, 1, 0, 1, 0, 0], [1, 1, 0, 1, 0, 1, 1, 1, 0, 1, 1, 0, 0, 0, 0, 1, 1, 0, 0, 0, 0, 1, 0, 1, 1, 0, 0], [1, 1, 0, 1, 0, 1, 1, 1, 0, 1, 1, 0, 0, 0, 0, 1, 1, 0, 0, 0, 0, 1, 1, 0, 1, 0, 0], [1, 1, 0, 1, 0, 1, 1, 1, 0, 1, 1, 0, 0, 0, 0, 1, 1, 0, 1, 1, 0, 0, 0, 0, 1, 0, 0], [1, 1, 0, 1, 0, 1, 1, 1, 0, 1, 1, 0, 0, 0, 0, 1, 1, 0, 1, 1, 0, 1, 0, 1, 1, 0, 0], [1, 1, 0, 1, 0, 1, 1, 1, 0, 1, 1, 0, 0, 0, 0, 1, 1, 0, 1, 1, 0, 1, 1, 0, 1, 0, 0], [1, 1, 0, 1, 1, 0, 0, 0, 0, 1, 0, 1, 0, 0, 0, 1, 1, 0, 1, 1, 0, 1, 1, 0, 1, 0, 0], [1, 1, 0, 1, 1, 0, 0, 0, 0, 1, 1, 0, 0, 0, 0, 0, 0, 0, 1, 1, 0, 1, 1, 0, 1, 0, 0], [1, 1, 0, 1, 1, 0, 0, 0, 0, 1, 1, 0, 0, 0, 0, 1, 0, 1, 1, 1, 0, 1, 1, 0, 1, 0, 0], [1, 1, 0, 1, 1, 0, 0, 0, 0, 1, 1, 0, 0, 0, 0, 1, 1, 0, 0, 0, 0, 1, 1, 0, 1, 0, 0], [1, 1, 0, 1, 1, 0, 0, 0, 0, 1, 1, 0, 0, 0, 0, 1, 1, 0, 1, 0, 1, 1, 1, 0, 1, 0, 0], [1, 1, 0, 1, 1, 0, 0, 0, 0, 1, 1, 0, 0, 0, 0, 1, 1, 0, 1, 1, 0, 1, 1, 0, 1, 0, 0], [1, 1, 0, 1, 1, 0, 1, 0, 0, 1, 1, 0, 1, 0, 0, 0, 0, 1, 1, 1, 0, 1, 1, 0, 0, 0, 0], [1, 1, 0, 1, 1, 0, 1, 0, 0, 1, 1, 0, 1, 0, 0, 0, 1, 0, 1, 0, 1, 1, 1, 0, 0, 0, 0], [1, 1, 0, 1, 1, 0, 1, 0, 0, 1, 1, 0, 1, 0, 0, 0, 1, 0, 1, 1, 0, 1, 1, 0, 0, 0, 0], [1, 1, 0, 1, 1, 0, 1, 0, 1, 1, 0, 1, 0, 0, 0, 1, 1, 0, 1, 1, 0, 1, 1, 0, 1, 0, 0], [1, 1, 0, 1, 1, 0, 1, 0, 1, 1, 1, 0, 0, 0, 0, 0, 0, 0, 1, 1, 0, 1, 1, 0, 1, 0, 0], [1, 1, 0, 1, 1, 0, 1, 0, 1, 1, 1, 0, 0, 0, 0, 1, 1, 0, 1, 1, 0, 1, 1, 0, 1, 0, 0], [1, 1, 0, 1, 1, 0, 1, 1, 0, 1, 0, 1, 0, 0, 0, 0, 0, 0, 1, 1, 0, 1, 1, 0, 1, 0, 0], [1, 1, 0, 1, 1, 0, 1, 1, 0, 1, 0, 1, 0, 0, 0, 1, 0, 1, 1, 0, 0, 0, 1, 0, 1, 0, 0], [1, 1, 0, 1, 1, 0, 1, 1, 0, 1, 0, 1, 0, 0, 0, 1, 1, 0, 1, 0, 1, 1, 1, 0, 1, 0, 0], [1, 1, 0, 1, 1, 0, 1, 1, 0, 1, 0, 1, 0, 0, 0, 1, 1, 0, 1, 1, 0, 1, 0, 1, 1, 0, 0], [1, 1, 0, 1, 1, 0, 1, 1, 0, 1, 0, 1, 0, 0, 0, 1, 1, 0, 1, 1, 0, 1, 1, 0, 1, 0, 0], [1, 1, 0, 1, 1, 0, 1, 1, 0, 1, 1, 0, 0, 0, 0, 0, 0, 0, 0, 0, 0, 0, 0, 0, 1, 0, 0], [1, 1, 0, 1, 1, 0, 1, 1, 0, 1, 1, 0, 0, 0, 0, 0, 0, 0, 0, 0, 0, 1, 1, 0, 1, 0, 0], [1, 1, 0, 1, 1, 0, 1, 1, 0, 1, 1, 0, 0, 0, 0, 0, 0, 0, 1, 0, 1, 1, 1, 0, 1, 0, 0], [1, 1, 0, 1, 1, 0, 1, 1, 0, 1, 1, 0, 0, 0, 0, 0, 0, 0, 1, 1, 0, 0, 0, 0, 1, 0, 0], [1, 1, 0, 1, 1, 0, 1, 1, 0, 1, 1, 0, 0, 0, 0, 0, 0, 0, 1, 1, 0, 1, 0, 1, 1, 0, 0], [1, 1, 0, 1, 1, 0, 1, 1, 0, 1, 1, 0, 0, 0, 0, 0, 0, 0, 1, 1, 0, 1, 1, 0, 1, 0, 0], [1, 1, 0, 1, 1, 0, 1, 1, 0, 1, 1, 0, 0, 0, 0, 1, 0, 1, 1, 0, 1, 1, 1, 0, 1, 0, 0], [1, 1, 0, 1, 1, 0, 1, 1, 0, 1, 1, 0, 0, 0, 0, 1, 0, 1, 1, 1, 0, 1, 1, 0, 1, 0, 0], [1, 1, 0, 1, 1, 0, 1, 1, 0, 1, 1, 0, 0, 0, 0, 1, 1, 0, 0, 0, 0, 0, 0, 0, 1, 0, 0], [1, 1, 0, 1, 1, 0, 1, 1, 0, 1, 1, 0, 0, 0, 0, 1, 1, 0, 0, 0, 0, 1, 0, 1, 1, 0, 0], [1, 1, 0, 1, 1, 0, 1, 1, 0, 1, 1, 0, 0, 0, 0, 1, 1, 0, 0, 0, 0, 1, 1, 0, 1, 0, 0], [1, 1, 0, 1, 1, 0, 1, 1, 0, 1, 1, 0, 0, 0, 0, 1, 1, 0, 1, 0, 0, 0, 1, 0, 1, 0, 0], [1, 1, 0, 1, 1, 0, 1, 1, 0, 1, 1, 0, 0, 0, 0, 1, 1, 0, 1, 0, 1, 0, 0, 0, 1, 0, 0], [1, 1, 0, 1, 1, 0, 1, 1, 0, 1, 1, 0, 0, 0, 0, 1, 1, 0, 1, 0, 1, 1, 0, 1, 1, 0, 0], [1, 1, 0, 1, 1, 0, 1, 1, 0, 1, 1, 0, 0, 0, 0, 1, 1, 0, 1, 0, 1, 1, 1, 0, 1, 0, 0], [1, 1, 0, 1, 1, 0, 1, 1, 0, 1, 1, 0, 0, 0, 0, 1, 1, 0, 1, 1, 0, 0, 0, 0, 1, 0, 0], [1, 1, 0, 1, 1, 0, 1, 1, 0, 1, 1, 0, 0, 0, 0, 1, 1, 0, 1, 1, 0, 1, 0, 1, 1, 0, 0], [1, 1, 0, 1, 1, 0, 1, 1, 0, 1, 1, 0, 0, 0, 0, 1, 1, 0, 1, 1, 0, 1, 1, 0, 1, 0, 0]]","[0.00390625, 0.00390625, 0.00390625, 0.00390625, 0.00390625, 0.00390625, 0.00390625, 0.00390625, 0.00390625, 0.00390625, 0.01171875, 0.046875, 0.00390625, 0.00390625, 0.01171875, 0.00390625, 0.00390625, 0.00390625, 0.00390625, 0.00390625, 0.00390625, 0.00390625, 0.00390625, 0.02734375, 0.0078125, 0.00390625, 0.00390625, 0.0078125, 0.00390625, 0.03515625, 0.00390625, 0.00390625, 0.0078125, 0.00390625, 0.01171875, 0.01953125, 0.0078125, 0.00390625, 0.01171875, 0.00390625, 0.0390625, 0.00390625, 0.00390625, 0.0078125, 0.00390625, 0.0078125, 0.04296875, 0.00390625, 0.046875, 0.00390625, 0.0078125, 0.03125, 0.00390625, 0.0078125, 0.00390625, 0.0546875, 0.04296875, 0.03125, 0.3359375]",31,395,56,168,479,
assign1-5-8_ds_qaoa_R0132_R0133_R0002_0001,data/miplib_benders/qaoa_problems/nvars_10/assign1-5-8_ds_qaoa_R0132_R0133_R0002_0001.json,10,30,3,ddsim,30,256,ok,1706.67669973406,437.95703125,21.0,"{""C0033"": 0, ""C0034"": 0, ""C0035"": 0, ""C0036"": 1, ""C0038"": 0, ""C0039"": 0, ""C0040"": 0, ""C0041"": 1, ""C0053"": 1, ""row_slack_R0002"": 2}",12.0,"{""C0033"": 0, ""C0034"": 0, ""C0035"": 0, ""C0036"": 1, ""C0038"": 0, ""C0039"": 0, ""C0040"": 0, ""C0041"": 1, ""C0053"": 0, ""row_slack_R0002"": 5}",1.0,"[[0, 0, 0, 0, 0, 0, 0, 0, 0, 1, 0, 0, 0, 0, 0, 0, 0, 0, 0, 0, 0, 1, 0, 0, 0, 0, 0, 1, 0, 1]]",[1.0],31,1086,62,467,1054,
assign1-5-8_ds_qaoa_R0133_R0002_R0003_0001,data/miplib_benders/qaoa_problems/nvars_10/assign1-5-8_ds_qaoa_R0133_R0002_R0003_0001.json,10,30,3,ddsim,30,256,ok,2352.91361426597,435.8671875,23.0,"{""C0029"": 0, ""C0033"": 1, ""C0034"": 2, ""C0038"": 0, ""C0039"": 0, ""C0040"": 0, ""C0041"": 1, ""C0053"": 1, ""row_slack_R0002"": 0, ""row_slack_R0003"": 1}",7.0,"{""C0029"": 0, ""C0033"": 0, ""C0034"": 0, ""C0038"": 0, ""C0039"": 0, ""C0040"": 0, ""C0041"": 1, ""C0053"": 0, ""row_slack_R0002"": 5, ""row_slack_R0003"": 5}",1.0,"[[0, 0, 0, 0, 0, 0, 0, 0, 0, 0, 0, 0, 0, 0, 0, 0, 0, 0, 1, 0, 0, 0, 0, 0, 1, 0, 1, 1, 0, 1]]",[1.0],30,589,62,284,636,
ex10_ds_qaoa_NOD26_NOD2X2_0001,data/miplib_benders/qaoa_problems/nvars_10/ex10_ds_qaoa_NOD26_NOD2X2_0001.json,10,30,2,ddsim,30,256,ok,1438.6992974280147,483.59765625,1.0,"{""b26_220"": 0, ""b26_222"": 1, ""b26_223"": 0, ""b26_230"": 0, ""b26_240"": 0, ""b26_241"": 0, ""b26_242"": 0, ""b26_243"": 0, ""b26_250"": 0, ""b26_251"": 0}",1.0,"{""b26_220"": 0, ""b26_222"": 0, ""b26_223"": 1, ""b26_230"": 0, ""b26_240"": 0, ""b26_241"": 0, ""b26_242"": 0, ""b26_243"": 0, ""b26_250"": 0, ""b26_251"": 0}",1.0,"[[0, 0, 0, 0, 0, 0, 1, 0, 0, 0, 0, 0, 0, 0, 0, 0, 0, 0, 0, 0, 0, 0, 0, 0, 0, 0, 0, 0, 0, 0]]",[1.0],23,269,62,120,333,
ex9_ds_qaoa_NOD2X5_NOD37_0002,data/miplib_benders/qaoa_problems/nvars_10/ex9_ds_qaoa_NOD2X5_NOD37_0002.json,10,30,2,ddsim,30,256,ok,1302.0975157249486,417.671875,1.0,"{""b37_223"": 0, ""b37_230"": 0, ""b37_233"": 0, ""b37_240"": 0, ""b37_241"": 0, ""b37_242"": 0, ""b37_243"": 0, ""b37_250"": 0, ""b37_251"": 0, ""b37_252"": 1}",1.0,"{""b37_223"": 0, ""b37_230"": 0, ""b37_233"": 0, ""b37_240"": 0, ""b37_241"": 0, ""b37_242"": 0, ""b37_243"": 0, ""b37_250"": 0, ""b37_251"": 0, ""b37_252"": 1}",0.99609375,"[[0, 0, 0, 0, 0, 0, 0, 0, 0, 0, 0, 0, 0, 0, 0, 0, 0, 0, 0, 0, 0, 0, 0, 0, 0, 0, 0, 1, 0, 0], [1, 0, 0, 0, 0, 0, 0, 0, 0, 0, 0, 0, 0, 0, 0, 0, 0, 1, 0, 0, 0, 0, 0, 0, 0, 0, 0, 1, 0, 0]]","[0.99609375, 0.00390625]",26,269,62,120,333,
assign1-5-8_ds_qaoa_R0133_R0002_R0003_0002,data/miplib_benders/qaoa_problems/nvars_10/assign1-5-8_ds_qaoa_R0133_R0002_R0003_0002.json,10,30,3,ddsim,30,256,ok,2622.234927981044,437.7109375,24.0,"{""C0033"": 1, ""C0034"": 1, ""C0038"": 0, ""C0039"": 0, ""C0040"": 0, ""C0041"": 1, ""C0053"": 1, ""C0054"": 1, ""row_slack_R0002"": 0, ""row_slack_R0003"": 0}",6.0,"{""C0033"": 0, ""C0034"": 0, ""C0038"": 0, ""C0039"": 0, ""C0040"": 0, ""C0041"": 1, ""C0053"": 0, ""C0054"": 0, ""row_slack_R0002"": 5, ""row_slack_R0003"": 5}",0.99609375,"[[0, 0, 0, 0, 0, 0, 0, 0, 0, 0, 0, 0, 0, 0, 0, 1, 0, 0, 0, 0, 0, 0, 0, 0, 1, 0, 1, 1, 0, 1], [1, 0, 0, 0, 0, 0, 1, 0, 0, 0, 0, 0, 0, 0, 0, 1, 1, 0, 0, 0, 0, 0, 0, 0, 1, 0, 1, 1, 0, 1]]","[0.99609375, 0.00390625]",27,646,62,296,712,
ex9_ds_qaoa_NOD2X5_NOD37_0003,data/miplib_benders/qaoa_problems/nvars_10/ex9_ds_qaoa_NOD2X5_NOD37_0003.json,10,30,2,ddsim,30,256,ok,1329.6850274580065,401.375,1.0,"{""b37_230"": 0, ""b37_233"": 0, ""b37_240"": 0, ""b37_241"": 0, ""b37_242"": 0, ""b37_243"": 0, ""b37_250"": 0, ""b37_251"": 0, ""b37_252"": 0, ""b37_253"": 1}",1.0,"{""b37_230"": 0, ""b37_233"": 0, ""b37_240"": 0, ""b37_241"": 0, ""b37_242"": 0, ""b37_243"": 0, ""b37_250"": 0, ""b37_251"": 0, ""b37_252"": 0, ""b37_253"": 1}",1.0,"[[0, 0, 0, 0, 0, 0, 0, 0, 0, 0, 0, 0, 0, 0, 0, 0, 0, 0, 0, 0, 0, 0, 0, 0, 0, 0, 0, 1, 0, 0]]",[1.0],24,229,62,102,333,
ex9_ds_qaoa_NOD2X5_NOD37_0004,data/miplib_benders/qaoa_problems/nvars_10/ex9_ds_qaoa_NOD2X5_NOD37_0004.json,10,30,2,ddsim,30,256,ok,1735.4009419840295,418.65234375,1.0,"{""b37_233"": 0, ""b37_240"": 0, ""b37_241"": 0, ""b37_242"": 0, ""b37_243"": 0, ""b37_250"": 0, ""b37_251"": 0, ""b37_252"": 1, ""b37_253"": 0, ""b37_260"": 0}",1.0,"{""b37_233"": 0, ""b37_240"": 0, ""b37_241"": 0, ""b37_242"": 0, ""b37_243"": 0, ""b37_250"": 0, ""b37_251"": 0, ""b37_252"": 0, ""b37_253"": 1, ""b37_260"": 0}",1.0,"[[0, 0, 0, 0, 0, 0, 0, 0, 0, 0, 0, 0, 0, 0, 0, 0, 0, 0, 0, 0, 0, 0, 0, 0, 1, 0, 0, 0, 0, 0]]",[1.0],28,229,62,102,333,
ex9_ds_qaoa_NOD2X5_NOD37_0005,data/miplib_benders/qaoa_problems/nvars_10/ex9_ds_qaoa_NOD2X5_NOD37_0005.json,10,30,2,ddsim,30,256,ok,1395.4705024010036,419.7265625,1.0,"{""b37_240"": 0, ""b37_241"": 0, ""b37_242"": 0, ""b37_243"": 0, ""b37_250"": 0, ""b37_251"": 0, ""b37_252"": 1, ""b37_253"": 0, ""b37_260"": 0, ""b37_261"": 0}",1.0,"{""b37_240"": 0, ""b37_241"": 0, ""b37_242"": 0, ""b37_243"": 0, ""b37_250"": 0, ""b37_251"": 0, ""b37_252"": 0, ""b37_253"": 1, ""b37_260"": 0, ""b37_261"": 0}",1.0,"[[0, 0, 0, 0, 0, 0, 0, 0, 0, 0, 0, 0, 0, 0, 0, 0, 0, 0, 0, 0, 0, 1, 0, 0, 0, 0, 0, 0, 0, 0]]",[1.0],22,229,62,102,333,
highschool1-aigio_ds_qaoa_spreadEventsUB_SpreadEvents1_108_Mo_spreadEventsUB_SpreadEvents1_108_Th_subeventsNotActive_108_1_1_0001,data/miplib_benders/qaoa_problems/nvars_10/highschool1-aigio_ds_qaoa_spreadEventsUB_SpreadEvents1_108_Mo_spreadEventsUB_SpreadEvents1_108_Th_subeventsNotActive_108_1_1_0001.json,10,30,3,ddsim,30,256,ok,1692.521624261979,435.99609375,13.0,"{""row_slack_spreadEventsUB_SpreadEvents1_108_Mo"": 0, ""row_slack_spreadEventsUB_SpreadEvents1_108_Th"": 0, ""row_slack_subeventsNotActive_108_1_1"": 1, ""y(108#1#1,Mo_4)"": 0, ""y(108#1#1,Mo_5)"": 0, ""y(108#1#1,Mo_6)"": 0, ""y(108#1#1,Th_4)"": 0, ""y(108#1#1,Th_5)"": 0, ""y(108#1#1,Th_6)"": 1, ""y(108#1#2,Mo_4)"": 1}",0.0,"{""row_slack_spreadEventsUB_SpreadEvents1_108_Mo"": 1, ""row_slack_spreadEventsUB_SpreadEvents1_108_Th"": 1, ""row_slack_subeventsNotActive_108_1_1"": 0, ""y(108#1#1,Mo_4)"": 0, ""y(108#1#1,Mo_5)"": 0, ""y(108#1#1,Mo_6)"": 0, ""y(108#1#1,Th_4)"": 0, ""y(108#1#1,Th_5)"": 0, ""y(108#1#1,Th_6)"": 0, ""y(108#1#2,Mo_4)"": 0}",0.99609375,"[[0, 0, 0, 0, 0, 0, 0, 0, 0, 0, 0, 0, 0, 0, 0, 0, 0, 0, 0, 0, 0, 1, 0, 0, 1, 0, 0, 0, 0, 0], [0, 0, 0, 0, 0, 0, 0, 0, 0, 1, 0, 0, 0, 1, 0, 0, 0, 0, 0, 0, 0, 1, 0, 0, 1, 0, 0, 0, 0, 0]]","[0.99609375, 0.00390625]",24,509,62,227,616,
highschool1-aigio_ds_qaoa_spreadEventsUB_SpreadEvents1_108_Mo_spreadEventsUB_SpreadEvents1_108_Th_subeventsNotActive_108_1_1_0002,data/miplib_benders/qaoa_problems/nvars_10/highschool1-aigio_ds_qaoa_spreadEventsUB_SpreadEvents1_108_Mo_spreadEventsUB_SpreadEvents1_108_Th_subeventsNotActive_108_1_1_0002.json,10,30,3,ddsim,30,256,ok,1620.7969378450653,435.73046875,12.0,"{""row_slack_spreadEventsUB_SpreadEvents1_108_Mo"": 0, ""row_slack_spreadEventsUB_SpreadEvents1_108_Th"": 0, ""row_slack_subeventsNotActive_108_1_1"": 1, ""y(108#1#1,Mo_5)"": 0, ""y(108#1#1,Mo_6)"": 0, ""y(108#1#1,Th_4)"": 0, ""y(108#1#1,Th_5)"": 0, ""y(108#1#1,Th_6)"": 1, ""y(108#1#2,Mo_4)"": 0, ""y(108#1#2,Mo_5)"": 1}",0.0,"{""row_slack_spreadEventsUB_SpreadEvents1_108_Mo"": 1, ""row_slack_spreadEventsUB_SpreadEvents1_108_Th"": 1, ""row_slack_subeventsNotActive_108_1_1"": 0, ""y(108#1#1,Mo_5)"": 0, ""y(108#1#1,Mo_6)"": 0, ""y(108#1#1,Th_4)"": 0, ""y(108#1#1,Th_5)"": 0, ""y(108#1#1,Th_6)"": 0, ""y(108#1#2,Mo_4)"": 0, ""y(108#1#2,Mo_5)"": 0}",0.99609375,"[[0, 0, 0, 0, 0, 0, 0, 0, 0, 0, 0, 0, 0, 0, 0, 0, 0, 0, 0, 0, 0, 1, 0, 0, 1, 0, 0, 0, 0, 0], [0, 0, 0, 0, 0, 0, 1, 1, 0, 0, 0, 0, 0, 0, 0, 0, 0, 0, 0, 0, 0, 1, 0, 0, 1, 0, 0, 0, 0, 0]]","[0.99609375, 0.00390625]",27,509,62,227,616,
irp_ds_qaoa_R0010_R0015_0001,data/miplib_benders/qaoa_problems/nvars_10/irp_ds_qaoa_R0010_R0015_0001.json,10,30,2,ddsim,30,256,ok,2011.4179369719932,401.4140625,6154830000.0,"{""C16904"": 1, ""C16905"": 0, ""C16906"": 0, ""C16908"": 0, ""C16909"": 0, ""C16910"": 0, ""C16911"": 0, ""C16912"": 0, ""C16913"": 0, ""C16915"": 0}",,,,"[[1, 0, 1, 1, 1, 0, 1, 0, 0, 1, 1, 0, 1, 1, 0, 1, 1, 0, 1, 1, 0, 1, 1, 0, 1, 1, 0, 1, 1, 0], [1, 1, 0, 0, 0, 0, 1, 0, 0, 1, 0, 1, 1, 1, 0, 1, 1, 0, 1, 1, 0, 1, 1, 0, 1, 1, 0, 1, 1, 0], [1, 1, 0, 1, 1, 0, 1, 0, 0, 1, 0, 1, 1, 1, 0, 1, 1, 0, 1, 1, 0, 1, 1, 0, 1, 1, 0, 1, 1, 0], [1, 1, 0, 1, 1, 0, 1, 0, 0, 1, 1, 0, 0, 0, 0, 1, 1, 0, 1, 1, 0, 1, 1, 0, 1, 1, 0, 1, 1, 0], [1, 1, 0, 1, 1, 0, 1, 0, 0, 1, 1, 0, 1, 0, 1, 1, 1, 0, 1, 1, 0, 1, 1, 0, 1, 1, 0, 1, 1, 0], [1, 1, 0, 1, 1, 0, 1, 0, 0, 1, 1, 0, 1, 1, 0, 0, 0, 0, 1, 1, 0, 1, 1, 0, 1, 1, 0, 1, 1, 0], [1, 1, 0, 1, 1, 0, 1, 0, 0, 1, 1, 0, 1, 1, 0, 1, 0, 1, 1, 1, 0, 0, 0, 0, 1, 1, 0, 1, 1, 0], [1, 1, 0, 1, 1, 0, 1, 0, 0, 1, 1, 0, 1, 1, 0, 1, 0, 1, 1, 1, 0, 1, 1, 0, 1, 1, 0, 1, 1, 0], [1, 1, 0, 1, 1, 0, 1, 0, 0, 1, 1, 0, 1, 1, 0, 1, 1, 0, 0, 0, 0, 1, 1, 0, 1, 1, 0, 1, 1, 0], [1, 1, 0, 1, 1, 0, 1, 0, 0, 1, 1, 0, 1, 1, 0, 1, 1, 0, 1, 1, 0, 0, 0, 0, 1, 1, 0, 1, 1, 0], [1, 1, 0, 1, 1, 0, 1, 0, 0, 1, 1, 0, 1, 1, 0, 1, 1, 0, 1, 1, 0, 1, 0, 1, 1, 1, 0, 1, 1, 0], [1, 1, 0, 1, 1, 0, 1, 0, 0, 1, 1, 0, 1, 1, 0, 1, 1, 0, 1, 1, 0, 1, 1, 0, 1, 1, 0, 0, 0, 0], [1, 1, 0, 1, 1, 0, 1, 0, 0, 1, 1, 0, 1, 1, 0, 1, 1, 0, 1, 1, 0, 1, 1, 0, 1, 1, 0, 1, 1, 0]]","[0.00390625, 0.00390625, 0.00390625, 0.00390625, 0.00390625, 0.0078125, 0.00390625, 0.015625, 0.0078125, 0.00390625, 0.00390625, 0.00390625, 0.93359375]",30,269,62,120,333,
leo1_ds_qaoa_R0000090_R0000091_R0000095_0002,data/miplib_benders/qaoa_problems/nvars_10/leo1_ds_qaoa_R0000090_R0000091_R0000095_0002.json,10,30,3,ddsim,30,256,ok,1675.6720901960507,429.86328125,59.0,"{""C0003538"": 0, ""C0003539"": 0, ""C0003540"": 0, ""C0003541"": 1, ""C0003572"": 0, ""C0003573"": 1, ""C0003574"": 7, ""row_slack_R0000090"": 0, ""row_slack_R0000091"": 7, ""row_slack_R0000095"": 6}",44.0,"{""C0003538"": 0, ""C0003539"": 0, ""C0003540"": 0, ""C0003541"": 4, ""C0003572"": 0, ""C0003573"": 0, ""C0003574"": 4, ""row_slack_R0000090"": 3, ""row_slack_R0000091"": 6, ""row_slack_R0000095"": 2}",1.0,"[[0, 0, 0, 0, 0, 0, 0, 0, 0, 0, 0, 1, 0, 0, 0, 0, 0, 0, 0, 0, 1, 1, 1, 0, 0, 1, 1, 0, 1, 0]]",[1.0],22,548,62,245,619,
highschool1-aigio_ds_qaoa_spreadEventsUB_SpreadEvents1_108_Mo_spreadEventsUB_SpreadEvents1_108_Th_subeventsNotActive_108_1_1_0003,data/miplib_benders/qaoa_problems/nvars_10/highschool1-aigio_ds_qaoa_spreadEventsUB_SpreadEvents1_108_Mo_spreadEventsUB_SpreadEvents1_108_Th_subeventsNotActive_108_1_1_0003.json,10,30,3,ddsim,30,256,ok,2643.040441152989,437.5390625,11.0,"{""row_slack_spreadEventsUB_SpreadEvents1_108_Mo"": 0, ""row_slack_spreadEventsUB_SpreadEvents1_108_Th"": 0, ""row_slack_subeventsNotActive_108_1_1"": 1, ""y(108#1#1,Mo_6)"": 0, ""y(108#1#1,Th_4)"": 0, ""y(108#1#1,Th_5)"": 0, ""y(108#1#1,Th_6)"": 1, ""y(108#1#2,Mo_4)"": 0, ""y(108#1#2,Mo_5)"": 0, ""y(108#1#2,Mo_6)"": 1}",0.0,"{""row_slack_spreadEventsUB_SpreadEvents1_108_Mo"": 1, ""row_slack_spreadEventsUB_SpreadEvents1_108_Th"": 1, ""row_slack_subeventsNotActive_108_1_1"": 0, ""y(108#1#1,Mo_6)"": 0, ""y(108#1#1,Th_4)"": 0, ""y(108#1#1,Th_5)"": 0, ""y(108#1#1,Th_6)"": 0, ""y(108#1#2,Mo_4)"": 0, ""y(108#1#2,Mo_5)"": 0, ""y(108#1#2,Mo_6)"": 0}",1.0,"[[0, 0, 0, 0, 0, 0, 0, 0, 0, 0, 0, 0, 0, 0, 0, 0, 0, 0, 0, 0, 0, 1, 0, 0, 1, 0, 0, 0, 0, 0]]",[1.0],29,548,62,244,616,
leo1_ds_qaoa_R0000090_R0000091_R0000095_0003,data/miplib_benders/qaoa_problems/nvars_10/leo1_ds_qaoa_R0000090_R0000091_R0000095_0003.json,10,30,3,ddsim,30,256,ok,2086.8513598410645,438.98046875,58.0,"{""C0003539"": 0, ""C0003540"": 0, ""C0003541"": 1, ""C0003572"": 0, ""C0003573"": 0, ""C0003574"": 1, ""C0003575"": 7, ""row_slack_R0000090"": 0, ""row_slack_R0000091"": 7, ""row_slack_R0000095"": 6}",40.0,"{""C0003539"": 0, ""C0003540"": 0, ""C0003541"": 4, ""C0003572"": 0, ""C0003573"": 0, ""C0003574"": 0, ""C0003575"": 4, ""row_slack_R0000090"": 3, ""row_slack_R0000091"": 6, ""row_slack_R0000095"": 2}",1.0,"[[0, 0, 0, 0, 0, 0, 0, 0, 1, 0, 0, 0, 0, 0, 0, 0, 0, 0, 0, 0, 1, 1, 1, 0, 0, 1, 1, 0, 1, 0]]",[1.0],23,508,62,227,619,
leo1_ds_qaoa_R0000097_R0000335_R0000339_0002,data/miplib_benders/qaoa_problems/nvars_10/leo1_ds_qaoa_R0000097_R0000335_R0000339_0002.json,10,30,3,ddsim,30,256,ok,1661.1899933241075,412.6328125,11.0,"{""C0003538"": 0, ""C0003539"": 0, ""C0003540"": 0, ""C0003541"": 1, ""C0003572"": 0, ""C0003573"": 0, ""C0003574"": 1, ""row_slack_R0000097"": 0, ""row_slack_R0000335"": 0, ""row_slack_R0000339"": 0}",11.0,"{""C0003538"": 0, ""C0003539"": 0, ""C0003540"": 0, ""C0003541"": 1, ""C0003572"": 0, ""C0003573"": 0, ""C0003574"": 1, ""row_slack_R0000097"": 0, ""row_slack_R0000335"": 0, ""row_slack_R0000339"": 0}",1.0,"[[0, 0, 0, 0, 0, 0, 0, 0, 0, 1, 0, 0, 0, 0, 0, 0, 0, 0, 1, 0, 0, 0, 0, 0, 0, 0, 0, 0, 0, 0]]",[1.0],22,455,62,220,523,
leo1_ds_qaoa_R0000097_R0000335_R0000339_0003,data/miplib_benders/qaoa_problems/nvars_10/leo1_ds_qaoa_R0000097_R0000335_R0000339_0003.json,10,30,3,ddsim,30,256,ok,2012.8739467159612,421.90234375,10.0,"{""C0003539"": 0, ""C0003540"": 0, ""C0003541"": 1, ""C0003572"": 0, ""C0003573"": 0, ""C0003574"": 0, ""C0003575"": 1, ""row_slack_R0000097"": 0, ""row_slack_R0000335"": 0, ""row_slack_R0000339"": 0}",10.0,"{""C0003539"": 0, ""C0003540"": 0, ""C0003541"": 1, ""C0003572"": 0, ""C0003573"": 0, ""C0003574"": 0, ""C0003575"": 1, ""row_slack_R0000097"": 0, ""row_slack_R0000335"": 0, ""row_slack_R0000339"": 0}",0.98046875,"[[0, 0, 0, 0, 0, 0, 1, 0, 0, 0, 0, 0, 0, 0, 0, 0, 0, 0, 1, 0, 0, 0, 0, 0, 0, 0, 0, 0, 0, 0], [0, 0, 0, 0, 0, 0, 1, 0, 0, 0, 0, 0, 0, 0, 0, 0, 0, 0, 1, 0, 0, 1, 0, 1, 0, 0, 0, 0, 0, 0], [1, 0, 0, 0, 0, 0, 1, 0, 0, 0, 0, 0, 0, 0, 0, 0, 0, 0, 1, 0, 0, 1, 0, 0, 0, 1, 0, 0, 0, 0], [1, 0, 0, 0, 0, 0, 1, 0, 1, 0, 0, 0, 0, 0, 0, 0, 0, 0, 1, 0, 0, 0, 0, 0, 0, 0, 0, 0, 0, 0], [1, 0, 0, 0, 0, 1, 1, 0, 0, 0, 0, 0, 0, 0, 0, 0, 0, 0, 1, 0, 0, 0, 0, 0, 0, 0, 0, 0, 0, 0], [1, 0, 0, 0, 1, 0, 1, 0, 0, 0, 0, 0, 0, 0, 0, 0, 0, 0, 1, 0, 0, 0, 0, 0, 0, 0, 0, 0, 0, 0]]","[0.98046875, 0.00390625, 0.00390625, 0.00390625, 0.00390625, 0.00390625]",30,415,62,202,523,
leo1_ds_qaoa_R0000335_R0000339_R0000535_0003,data/miplib_benders/qaoa_problems/nvars_10/leo1_ds_qaoa_R0000335_R0000339_R0000535_0003.json,10,30,3,ddsim,30,256,ok,1856.1874696509913,422.83984375,10.0,"{""C0003539"": 0, ""C0003540"": 0, ""C0003541"": 1, ""C0003572"": 0, ""C0003573"": 0, ""C0003574"": 0, ""C0003575"": 1, ""row_slack_R0000335"": 0, ""row_slack_R0000339"": 0, ""row_slack_R0000535"": 1}",7.0,"{""C0003539"": 0, ""C0003540"": 0, ""C0003541"": 0, ""C0003572"": 0, ""C0003573"": 0, ""C0003574"": 0, ""C0003575"": 1, ""row_slack_R0000335"": 1, ""row_slack_R0000339"": 0, ""row_slack_R0000535"": 0}",1.0,"[[0, 0, 0, 0, 0, 0, 0, 0, 0, 0, 0, 0, 0, 0, 0, 0, 0, 0, 1, 0, 0, 1, 0, 0, 0, 0, 0, 0, 0, 0]]",[1.0],23,549,62,245,616,
leo1_ds_qaoa_R0000335_R0000339_R0000535_0002,data/miplib_benders/qaoa_problems/nvars_10/leo1_ds_qaoa_R0000335_R0000339_R0000535_0002.json,10,30,3,ddsim,30,256,ok,2341.4760687289527,487.17578125,11.0,"{""C0003538"": 0, ""C0003539"": 0, ""C0003540"": 0, ""C0003541"": 1, ""C0003572"": 0, ""C0003573"": 0, ""C0003574"": 1, ""row_slack_R0000335"": 0, ""row_slack_R0000339"": 0, ""row_slack_R0000535"": 1}",8.0,"{""C0003538"": 1, ""C0003539"": 0, ""C0003540"": 0, ""C0003541"": 0, ""C0003572"": 0, ""C0003573"": 0, ""C0003574"": 1, ""row_slack_R0000335"": 0, ""row_slack_R0000339"": 0, ""row_slack_R0000535"": 1}",0.0078125,"[[0, 0, 0, 0, 0, 0, 0, 0, 0, 0, 0, 0, 0, 0, 0, 0, 0, 0, 1, 0, 0, 1, 0, 0, 0, 0, 0, 0, 0, 0], [0, 0, 0, 0, 0, 0, 0, 0, 0, 0, 0, 0, 1, 0, 0, 0, 0, 0, 0, 0, 0, 1, 0, 0, 0, 0, 0, 0, 0, 0], [0, 0, 0, 0, 0, 0, 0, 0, 0, 0, 0, 0, 1, 0, 0, 0, 0, 0, 1, 1, 0, 1, 0, 0, 0, 0, 0, 0, 0, 0], [0, 0, 0, 0, 0, 0, 0, 0, 0, 0, 0, 0, 1, 1, 0, 0, 0, 0, 1, 0, 0, 1, 0, 0, 0, 0, 0, 0, 0, 0], [1, 0, 0, 0, 0, 0, 0, 0, 0, 0, 0, 0, 0, 0, 0, 0, 0, 0, 1, 0, 0, 0, 0, 0, 0, 0, 0, 1, 0, 0], [1, 0, 0, 0, 0, 0, 0, 0, 0, 0, 1, 0, 0, 0, 0, 0, 0, 0, 1, 0, 0, 1, 0, 0, 0, 0, 0, 0, 0, 0], [1, 0, 0, 0, 0, 0, 0, 0, 1, 0, 0, 0, 0, 0, 0, 0, 0, 0, 1, 0, 0, 1, 0, 0, 0, 0, 0, 0, 0, 0], [1, 0, 0, 0, 0, 1, 0, 0, 0, 0, 0, 0, 0, 0, 0, 0, 0, 0, 1, 0, 0, 1, 0, 0, 0, 0, 0, 0, 0, 0]]","[0.96484375, 0.00390625, 0.00390625, 0.00390625, 0.0078125, 0.00390625, 0.0078125, 0.00390625]",30,549,62,245,616,
leo2_ds_qaoa_R0000090_R0000091_R0000095_0007,data/miplib_benders/qaoa_problems/nvars_10/leo2_ds_qaoa_R0000090_R0000091_R0000095_0007.json,10,30,3,ddsim,30,256,ok,1950.9161498959875,430.01953125,53.0,"{""C0005737"": 0, ""C0005738"": 0, ""C0005739"": 0, ""C0005740"": 1, ""C0005788"": 0, ""C0005789"": 0, ""C0005790"": 7, ""row_slack_R0000090"": 1, ""row_slack_R0000091"": 7, ""row_slack_R0000095"": 5}",36.0,"{""C0005737"": 0, ""C0005738"": 0, ""C0005739"": 0, ""C0005740"": 2, ""C0005788"": 0, ""C0005789"": 0, ""C0005790"": 4, ""row_slack_R0000090"": 3, ""row_slack_R0000091"": 6, ""row_slack_R0000095"": 2}",1.0,"[[0, 0, 0, 0, 0, 0, 0, 0, 0, 0, 1, 0, 0, 0, 0, 0, 0, 0, 0, 0, 1, 1, 1, 0, 0, 1, 1, 0, 1, 0]]",[1.0],23,418,62,188,516,
neos8_ds_qaoa_R0001_R0002_0001,data/miplib_benders/qaoa_problems/nvars_10/neos8_ds_qaoa_R0001_R0002_0001.json,10,30,2,ddsim,30,256,ok,963.2900400650688,422.6015625,-0.0,"{""C0001"": 0, ""C0002"": 0, ""C0005"": 0, ""C0006"": 0, ""C0009"": 0, ""C0013"": 0, ""C0014"": 0, ""C0017"": 0, ""row_slack_R0001"": 1, ""row_slack_R0002"": 1}",0.0,"{""C0001"": 0, ""C0002"": 0, ""C0005"": 0, ""C0006"": 0, ""C0009"": 0, ""C0013"": 0, ""C0014"": 0, ""C0017"": 0, ""row_slack_R0001"": 1, ""row_slack_R0002"": 1}",1.0,"[[0, 0, 0, 0, 0, 0, 0, 0, 0, 0, 0, 0, 0, 0, 0, 0, 0, 0, 0, 0, 0, 0, 0, 0, 1, 0, 0, 1, 0, 0]]",[1.0],24,645,62,313,635,
neos8_ds_qaoa_R0001_R0002_0002,data/miplib_benders/qaoa_problems/nvars_10/neos8_ds_qaoa_R0001_R0002_0002.json,10,30,2,ddsim,30,256,ok,1791.3453911299584,486.02734375,-0.0,"{""C0002"": 0, ""C0005"": 0, ""C0006"": 0, ""C0009"": 0, ""C0013"": 0, ""C0014"": 0, ""C0017"": 0, ""C0018"": 0, ""row_slack_R0001"": 1, ""row_slack_R0002"": 1}",0.0,"{""C0002"": 0, ""C0005"": 0, ""C0006"": 0, ""C0009"": 0, ""C0013"": 0, ""C0014"": 0, ""C0017"": 0, ""C0018"": 0, ""row_slack_R0001"": 1, ""row_slack_R0002"": 1}",1.0,"[[0, 0, 0, 0, 0, 0, 0, 0, 0, 0, 0, 0, 0, 0, 0, 0, 0, 0, 0, 0, 0, 0, 0, 0, 1, 0, 0, 1, 0, 0]]",[1.0],29,645,62,313,635,
leo2_ds_qaoa_R0000090_R0000091_R0000095_0008,data/miplib_benders/qaoa_problems/nvars_10/leo2_ds_qaoa_R0000090_R0000091_R0000095_0008.json,10,30,3,ddsim,30,256,ok,2725.5107533209957,438.91015625,52.0,"{""C0005738"": 0, ""C0005739"": 0, ""C0005740"": 1, ""C0005788"": 0, ""C0005789"": 0, ""C0005790"": 0, ""C0005791"": 7, ""row_slack_R0000090"": 1, ""row_slack_R0000091"": 7, ""row_slack_R0000095"": 5}",34.0,"{""C0005738"": 0, ""C0005739"": 0, ""C0005740"": 2, ""C0005788"": 0, ""C0005789"": 0, ""C0005790"": 0, ""C0005791"": 4, ""row_slack_R0000090"": 3, ""row_slack_R0000091"": 6, ""row_slack_R0000095"": 2}",1.0,"[[0, 0, 0, 0, 0, 0, 0, 1, 0, 0, 0, 0, 0, 0, 0, 0, 0, 0, 0, 0, 1, 1, 1, 0, 0, 1, 1, 0, 1, 0]]",[1.0],31,378,62,170,516,
neos8_ds_qaoa_R0001_R0002_R0003_0001,data/miplib_benders/qaoa_problems/nvars_10/neos8_ds_qaoa_R0001_R0002_R0003_0001.json,10,30,3,ddsim,30,256,ok,1375.2118800180033,436.5390625,-0.0,"{""C0001"": 0, ""C0002"": 0, ""C0005"": 0, ""C0006"": 0, ""C0009"": 0, ""C0013"": 0, ""C0014"": 0, ""row_slack_R0001"": 1, ""row_slack_R0002"": 1, ""row_slack_R0003"": 1}",0.0,"{""C0001"": 0, ""C0002"": 0, ""C0005"": 0, ""C0006"": 0, ""C0009"": 0, ""C0013"": 0, ""C0014"": 0, ""row_slack_R0001"": 1, ""row_slack_R0002"": 1, ""row_slack_R0003"": 1}",1.0,"[[0, 0, 0, 0, 0, 0, 0, 0, 0, 0, 0, 0, 0, 0, 0, 0, 0, 0, 0, 0, 0, 1, 0, 0, 1, 0, 0, 1, 0, 0]]",[1.0],27,1102,62,478,1092,
neos8_ds_qaoa_R0001_R0002_0003,data/miplib_benders/qaoa_problems/nvars_10/neos8_ds_qaoa_R0001_R0002_0003.json,10,30,2,ddsim,30,256,ok,1681.6598265540088,435.828125,-0.0,"{""C0005"": 0, ""C0006"": 0, ""C0009"": 0, ""C0013"": 0, ""C0014"": 0, ""C0017"": 0, ""C0018"": 0, ""C0022"": 0, ""row_slack_R0001"": 1, ""row_slack_R0002"": 1}",0.0,"{""C0005"": 0, ""C0006"": 0, ""C0009"": 0, ""C0013"": 0, ""C0014"": 0, ""C0017"": 0, ""C0018"": 0, ""C0022"": 0, ""row_slack_R0001"": 1, ""row_slack_R0002"": 1}",1.0,"[[0, 0, 0, 0, 0, 0, 0, 0, 0, 0, 0, 0, 0, 0, 0, 0, 0, 0, 0, 0, 0, 0, 0, 0, 1, 0, 0, 1, 0, 0]]",[1.0],26,605,62,295,635,
neos8_ds_qaoa_R0001_R0002_R0003_0002,data/miplib_benders/qaoa_problems/nvars_10/neos8_ds_qaoa_R0001_R0002_R0003_0002.json,10,30,3,ddsim,30,256,ok,1708.7964292189572,438.140625,-0.0,"{""C0002"": 0, ""C0005"": 0, ""C0006"": 0, ""C0009"": 0, ""C0013"": 0, ""C0014"": 0, ""C0017"": 0, ""row_slack_R0001"": 1, ""row_slack_R0002"": 1, ""row_slack_R0003"": 1}",0.0,"{""C0002"": 0, ""C0005"": 0, ""C0006"": 0, ""C0009"": 0, ""C0013"": 0, ""C0014"": 0, ""C0017"": 0, ""row_slack_R0001"": 1, ""row_slack_R0002"": 1, ""row_slack_R0003"": 1}",1.0,"[[0, 0, 0, 0, 0, 0, 0, 0, 0, 0, 0, 0, 0, 0, 0, 0, 0, 0, 0, 0, 0, 1, 0, 0, 1, 0, 0, 1, 0, 0]]",[1.0],23,1149,62,502,1094,
neos8_ds_qaoa_R0001_R0002_R0003_0005,data/miplib_benders/qaoa_problems/nvars_10/neos8_ds_qaoa_R0001_R0002_R0003_0005.json,10,30,3,ddsim,30,256,ok,2628.2703275749227,437.96484375,-0.0,"{""C0009"": 0, ""C0013"": 0, ""C0014"": 0, ""C0017"": 0, ""C0018"": 0, ""C0022"": 0, ""C0023"": 0, ""row_slack_R0001"": 1, ""row_slack_R0002"": 1, ""row_slack_R0003"": 1}",0.0,"{""C0009"": 0, ""C0013"": 0, ""C0014"": 0, ""C0017"": 0, ""C0018"": 0, ""C0022"": 0, ""C0023"": 0, ""row_slack_R0001"": 1, ""row_slack_R0002"": 1, ""row_slack_R0003"": 1}",1.0,"[[0, 0, 0, 0, 0, 0, 0, 0, 0, 0, 0, 0, 0, 0, 0, 0, 0, 0, 0, 0, 0, 1, 0, 0, 1, 0, 0, 1, 0, 0]]",[1.0],21,768,62,322,832,
neos8_ds_qaoa_R0001_R0002_R0003_0006,data/miplib_benders/qaoa_problems/nvars_10/neos8_ds_qaoa_R0001_R0002_R0003_0006.json,10,30,3,ddsim,30,256,ok,1779.1239224870224,438.24609375,-0.0,"{""C0013"": 0, ""C0014"": 0, ""C0017"": 0, ""C0018"": 0, ""C0022"": 0, ""C0023"": 0, ""C0024"": 0, ""row_slack_R0001"": 1, ""row_slack_R0002"": 1, ""row_slack_R0003"": 1}",0.0,"{""C0013"": 0, ""C0014"": 0, ""C0017"": 0, ""C0018"": 0, ""C0022"": 0, ""C0023"": 0, ""C0024"": 0, ""row_slack_R0001"": 1, ""row_slack_R0002"": 1, ""row_slack_R0003"": 1}",1.0,"[[0, 0, 0, 0, 0, 0, 0, 0, 0, 0, 0, 0, 0, 0, 0, 0, 0, 0, 0, 0, 0, 1, 0, 0, 1, 0, 0, 1, 0, 0]]",[1.0],22,981,62,415,995,
neos8_ds_qaoa_R0001_R0002_R0003_0003,data/miplib_benders/qaoa_problems/nvars_10/neos8_ds_qaoa_R0001_R0002_R0003_0003.json,10,30,3,ddsim,30,256,ok,3375.2252756049857,484.0859375,-0.0,"{""C0005"": 0, ""C0006"": 0, ""C0009"": 0, ""C0013"": 0, ""C0014"": 0, ""C0017"": 0, ""C0018"": 0, ""row_slack_R0001"": 1, ""row_slack_R0002"": 1, ""row_slack_R0003"": 1}",0.0,"{""C0005"": 0, ""C0006"": 0, ""C0009"": 0, ""C0013"": 0, ""C0014"": 0, ""C0017"": 0, ""C0018"": 0, ""row_slack_R0001"": 1, ""row_slack_R0002"": 1, ""row_slack_R0003"": 1}",1.0,"[[0, 0, 0, 0, 0, 0, 0, 0, 0, 0, 0, 0, 0, 0, 0, 0, 0, 0, 0, 0, 0, 1, 0, 0, 1, 0, 0, 1, 0, 0]]",[1.0],28,689,62,293,735,
neos8_ds_qaoa_R0001_R0002_R0003_0004,data/miplib_benders/qaoa_problems/nvars_10/neos8_ds_qaoa_R0001_R0002_R0003_0004.json,10,30,3,ddsim,30,256,ok,3641.2646558498964,436.4609375,-0.0,"{""C0006"": 0, ""C0009"": 0, ""C0013"": 0, ""C0014"": 0, ""C0017"": 0, ""C0018"": 0, ""C0022"": 0, ""row_slack_R0001"": 1, ""row_slack_R0002"": 1, ""row_slack_R0003"": 1}",0.0,"{""C0006"": 0, ""C0009"": 0, ""C0013"": 0, ""C0014"": 0, ""C0017"": 0, ""C0018"": 0, ""C0022"": 0, ""row_slack_R0001"": 1, ""row_slack_R0002"": 1, ""row_slack_R0003"": 1}",0.99609375,"[[0, 0, 0, 0, 0, 0, 0, 0, 0, 0, 0, 0, 0, 0, 0, 0, 0, 0, 0, 0, 0, 1, 0, 0, 1, 0, 0, 1, 0, 0], [0, 0, 0, 1, 1, 0, 0, 0, 0, 0, 0, 0, 0, 0, 0, 0, 0, 0, 0, 0, 0, 1, 0, 0, 1, 0, 0, 1, 0, 0]]","[0.99609375, 0.00390625]",26,649,62,275,735,
neos8_ds_qaoa_R0002_R0003_0001,data/miplib_benders/qaoa_problems/nvars_10/neos8_ds_qaoa_R0002_R0003_0001.json,10,30,2,ddsim,30,256,ok,1279.9779844389996,435.60546875,-0.0,"{""C0001"": 0, ""C0002"": 0, ""C0005"": 0, ""C0006"": 0, ""C0009"": 0, ""C0013"": 0, ""C0014"": 0, ""C0017"": 0, ""row_slack_R0002"": 1, ""row_slack_R0003"": 1}",0.0,"{""C0001"": 0, ""C0002"": 0, ""C0005"": 0, ""C0006"": 0, ""C0009"": 0, ""C0013"": 0, ""C0014"": 0, ""C0017"": 0, ""row_slack_R0002"": 1, ""row_slack_R0003"": 1}",1.0,"[[0, 0, 0, 0, 0, 0, 0, 0, 0, 0, 0, 0, 0, 0, 0, 0, 0, 0, 0, 0, 0, 0, 0, 0, 1, 0, 0, 1, 0, 0]]",[1.0],25,455,62,220,536,
neos8_ds_qaoa_R0002_R0003_0002,data/miplib_benders/qaoa_problems/nvars_10/neos8_ds_qaoa_R0002_R0003_0002.json,10,30,2,ddsim,30,256,ok,1838.8816982330754,437.5859375,-0.0,"{""C0002"": 0, ""C0005"": 0, ""C0006"": 0, ""C0009"": 0, ""C0013"": 0, ""C0014"": 0, ""C0017"": 0, ""C0018"": 0, ""row_slack_R0002"": 1, ""row_slack_R0003"": 1}",0.0,"{""C0002"": 0, ""C0005"": 0, ""C0006"": 0, ""C0009"": 0, ""C0013"": 0, ""C0014"": 0, ""C0017"": 0, ""C0018"": 0, ""row_slack_R0002"": 1, ""row_slack_R0003"": 1}",1.0,"[[0, 0, 0, 0, 0, 0, 0, 0, 0, 0, 0, 0, 0, 0, 0, 0, 0, 0, 0, 0, 0, 0, 0, 0, 1, 0, 0, 1, 0, 0]]",[1.0],21,495,62,238,536,
neos8_ds_qaoa_R0002_R0003_R0004_0003,data/miplib_benders/qaoa_problems/nvars_10/neos8_ds_qaoa_R0002_R0003_R0004_0003.json,10,30,3,ddsim,30,256,ok,1482.4867604719475,436.4140625,-0.0,"{""C0005"": 0, ""C0006"": 0, ""C0009"": 0, ""C0013"": 0, ""C0014"": 0, ""C0017"": 0, ""C0018"": 0, ""row_slack_R0002"": 1, ""row_slack_R0003"": 1, ""row_slack_R0004"": 1}",0.0,"{""C0005"": 0, ""C0006"": 0, ""C0009"": 0, ""C0013"": 0, ""C0014"": 0, ""C0017"": 0, ""C0018"": 0, ""row_slack_R0002"": 1, ""row_slack_R0003"": 1, ""row_slack_R0004"": 1}",0.99609375,"[[0, 0, 0, 0, 0, 0, 0, 0, 0, 0, 0, 0, 0, 0, 0, 0, 0, 0, 0, 0, 0, 1, 0, 0, 1, 0, 0, 1, 0, 0], [0, 0, 0, 0, 0, 0, 1, 0, 0, 1, 0, 0, 0, 0, 0, 0, 0, 0, 0, 0, 0, 1, 0, 1, 1, 0, 0, 1, 0, 0]]","[0.99609375, 0.00390625]",25,921,62,436,920,
neos8_ds_qaoa_R0002_R0003_R0004_0001,data/miplib_benders/qaoa_problems/nvars_10/neos8_ds_qaoa_R0002_R0003_R0004_0001.json,10,30,3,ddsim,30,256,ok,2714.283906926983,436.92578125,-0.0,"{""C0001"": 0, ""C0002"": 0, ""C0005"": 0, ""C0006"": 0, ""C0009"": 0, ""C0013"": 0, ""C0014"": 0, ""row_slack_R0002"": 1, ""row_slack_R0003"": 1, ""row_slack_R0004"": 1}",0.0,"{""C0001"": 0, ""C0002"": 0, ""C0005"": 0, ""C0006"": 0, ""C0009"": 0, ""C0013"": 0, ""C0014"": 0, ""row_slack_R0002"": 1, ""row_slack_R0003"": 1, ""row_slack_R0004"": 1}",1.0,"[[0, 0, 0, 0, 0, 0, 0, 0, 0, 0, 0, 0, 0, 0, 0, 0, 0, 0, 0, 0, 0, 1, 0, 0, 1, 0, 0, 1, 0, 0]]",[1.0],25,982,62,415,987,
neos8_ds_qaoa_R0002_R0003_R0004_0002,data/miplib_benders/qaoa_problems/nvars_10/neos8_ds_qaoa_R0002_R0003_R0004_0002.json,10,30,3,ddsim,30,256,ok,2485.5568780370522,438.453125,-0.0,"{""C0002"": 0, ""C0005"": 0, ""C0006"": 0, ""C0009"": 0, ""C0013"": 0, ""C0014"": 0, ""C0017"": 0, ""row_slack_R0002"": 1, ""row_slack_R0003"": 1, ""row_slack_R0004"": 1}",0.0,"{""C0002"": 0, ""C0005"": 0, ""C0006"": 0, ""C0009"": 0, ""C0013"": 0, ""C0014"": 0, ""C0017"": 0, ""row_slack_R0002"": 1, ""row_slack_R0003"": 1, ""row_slack_R0004"": 1}",1.0,"[[0, 0, 0, 0, 0, 0, 0, 0, 0, 0, 0, 0, 0, 0, 0, 0, 0, 0, 0, 0, 0, 1, 0, 0, 1, 0, 0, 1, 0, 0]]",[1.0],27,1148,62,485,1113,
neos8_ds_qaoa_R0002_R0003_R0004_0004,data/miplib_benders/qaoa_problems/nvars_10/neos8_ds_qaoa_R0002_R0003_R0004_0004.json,10,30,3,ddsim,30,256,ok,1476.227528941934,436.0625,-0.0,"{""C0006"": 0, ""C0009"": 0, ""C0013"": 0, ""C0014"": 0, ""C0017"": 0, ""C0018"": 0, ""C0022"": 0, ""row_slack_R0002"": 1, ""row_slack_R0003"": 1, ""row_slack_R0004"": 1}",0.0,"{""C0006"": 0, ""C0009"": 0, ""C0013"": 0, ""C0014"": 0, ""C0017"": 0, ""C0018"": 0, ""C0022"": 0, ""row_slack_R0002"": 1, ""row_slack_R0003"": 1, ""row_slack_R0004"": 1}",0.98828125,"[[0, 0, 0, 0, 0, 0, 0, 0, 0, 0, 0, 0, 0, 0, 0, 0, 0, 0, 0, 0, 0, 1, 0, 0, 1, 0, 0, 1, 0, 0], [0, 0, 0, 1, 0, 1, 0, 0, 0, 0, 0, 0, 0, 0, 0, 0, 0, 0, 0, 0, 0, 1, 0, 0, 1, 0, 0, 1, 0, 0], [1, 1, 0, 0, 0, 0, 0, 0, 0, 0, 0, 0, 0, 0, 0, 0, 0, 0, 0, 0, 0, 1, 0, 0, 1, 0, 0, 1, 0, 0]]","[0.98828125, 0.00390625, 0.0078125]",30,1077,62,515,1021,
neos8_ds_qaoa_R0002_R0003_R0004_0005,data/miplib_benders/qaoa_problems/nvars_10/neos8_ds_qaoa_R0002_R0003_R0004_0005.json,10,30,3,ddsim,30,256,ok,1293.4953320609638,438.2265625,-0.0,"{""C0009"": 0, ""C0013"": 0, ""C0014"": 0, ""C0017"": 0, ""C0018"": 0, ""C0022"": 0, ""C0023"": 0, ""row_slack_R0002"": 1, ""row_slack_R0003"": 1, ""row_slack_R0004"": 1}",0.0,"{""C0009"": 0, ""C0013"": 0, ""C0014"": 0, ""C0017"": 0, ""C0018"": 0, ""C0022"": 0, ""C0023"": 0, ""row_slack_R0002"": 1, ""row_slack_R0003"": 1, ""row_slack_R0004"": 1}",0.99609375,"[[0, 0, 0, 0, 0, 0, 0, 0, 0, 0, 0, 0, 0, 0, 0, 0, 0, 0, 0, 0, 0, 1, 0, 0, 1, 0, 0, 1, 0, 0], [0, 0, 0, 0, 0, 0, 0, 0, 0, 0, 0, 0, 0, 0, 0, 1, 0, 0, 0, 0, 0, 1, 0, 0, 1, 1, 0, 1, 0, 0]]","[0.99609375, 0.00390625]",30,831,62,413,831,
neos8_ds_qaoa_R0003_R0004_0003,data/miplib_benders/qaoa_problems/nvars_10/neos8_ds_qaoa_R0003_R0004_0003.json,10,30,2,ddsim,30,256,ok,1171.27694501495,435.64453125,-0.0,"{""C0005"": 0, ""C0006"": 0, ""C0009"": 0, ""C0013"": 0, ""C0014"": 0, ""C0022"": 0, ""C0023"": 0, ""C0024"": 0, ""row_slack_R0003"": 1, ""row_slack_R0004"": 1}",0.0,"{""C0005"": 0, ""C0006"": 0, ""C0009"": 0, ""C0013"": 0, ""C0014"": 0, ""C0022"": 0, ""C0023"": 0, ""C0024"": 0, ""row_slack_R0003"": 1, ""row_slack_R0004"": 1}",1.0,"[[0, 0, 0, 0, 0, 0, 0, 0, 0, 0, 0, 0, 0, 0, 0, 0, 0, 0, 0, 0, 0, 0, 0, 0, 1, 0, 0, 1, 0, 0]]",[1.0],25,535,62,256,536,
neos8_ds_qaoa_R0002_R0003_R0004_0006,data/miplib_benders/qaoa_problems/nvars_10/neos8_ds_qaoa_R0002_R0003_R0004_0006.json,10,30,3,ddsim,30,256,ok,1578.2418527620612,436.13671875,-0.0,"{""C0013"": 0, ""C0014"": 0, ""C0017"": 0, ""C0018"": 0, ""C0022"": 0, ""C0023"": 0, ""C0024"": 0, ""row_slack_R0002"": 1, ""row_slack_R0003"": 1, ""row_slack_R0004"": 1}",0.0,"{""C0013"": 0, ""C0014"": 0, ""C0017"": 0, ""C0018"": 0, ""C0022"": 0, ""C0023"": 0, ""C0024"": 0, ""row_slack_R0002"": 1, ""row_slack_R0003"": 1, ""row_slack_R0004"": 1}",1.0,"[[0, 0, 0, 0, 0, 0, 0, 0, 0, 0, 0, 0, 0, 0, 0, 0, 0, 0, 0, 0, 0, 1, 0, 0, 1, 0, 0, 1, 0, 0]]",[1.0],23,658,62,301,718,
neos8_ds_qaoa_R0003_R0004_0005,data/miplib_benders/qaoa_problems/nvars_10/neos8_ds_qaoa_R0003_R0004_0005.json,10,30,2,ddsim,30,256,ok,1030.6785448850133,427.203125,-0.0,"{""C0009"": 0, ""C0013"": 0, ""C0014"": 0, ""C0022"": 0, ""C0023"": 0, ""C0024"": 0, ""C0025"": 0, ""C0026"": 0, ""row_slack_R0003"": 1, ""row_slack_R0004"": 1}",0.0,"{""C0009"": 0, ""C0013"": 0, ""C0014"": 0, ""C0022"": 0, ""C0023"": 0, ""C0024"": 0, ""C0025"": 0, ""C0026"": 0, ""row_slack_R0003"": 1, ""row_slack_R0004"": 1}",0.99609375,"[[0, 0, 0, 0, 0, 0, 0, 0, 0, 0, 0, 0, 0, 0, 0, 0, 0, 0, 0, 0, 0, 0, 0, 0, 1, 0, 0, 1, 0, 0], [1, 0, 0, 0, 0, 1, 0, 0, 0, 0, 0, 0, 0, 0, 0, 0, 0, 0, 0, 0, 0, 0, 0, 0, 1, 0, 0, 1, 0, 0]]","[0.99609375, 0.00390625]",31,905,62,445,833,
neos8_ds_qaoa_R0003_R0004_0004,data/miplib_benders/qaoa_problems/nvars_10/neos8_ds_qaoa_R0003_R0004_0004.json,10,30,2,ddsim,30,256,ok,1688.3652380489511,437.18359375,-0.0,"{""C0006"": 0, ""C0009"": 0, ""C0013"": 0, ""C0014"": 0, ""C0022"": 0, ""C0023"": 0, ""C0024"": 0, ""C0025"": 0, ""row_slack_R0003"": 1, ""row_slack_R0004"": 1}",0.0,"{""C0006"": 0, ""C0009"": 0, ""C0013"": 0, ""C0014"": 0, ""C0022"": 0, ""C0023"": 0, ""C0024"": 0, ""C0025"": 0, ""row_slack_R0003"": 1, ""row_slack_R0004"": 1}",1.0,"[[0, 0, 0, 0, 0, 0, 0, 0, 0, 0, 0, 0, 0, 0, 0, 0, 0, 0, 0, 0, 0, 0, 0, 0, 1, 0, 0, 1, 0, 0]]",[1.0],25,575,62,274,536,
neos8_ds_qaoa_R0003_R0004_R0065_0001,data/miplib_benders/qaoa_problems/nvars_10/neos8_ds_qaoa_R0003_R0004_R0065_0001.json,10,30,3,ddsim,30,256,ok,1882.7291959099239,435.44921875,-0.0,"{""C0001"": 0, ""C0002"": 0, ""C0005"": 0, ""C0006"": 0, ""C0009"": 0, ""C0013"": 0, ""C0014"": 0, ""row_slack_R0003"": 1, ""row_slack_R0004"": 1, ""row_slack_R0065"": 0}",0.0,"{""C0001"": 0, ""C0002"": 0, ""C0005"": 0, ""C0006"": 0, ""C0009"": 0, ""C0013"": 0, ""C0014"": 0, ""row_slack_R0003"": 1, ""row_slack_R0004"": 1, ""row_slack_R0065"": 0}",1.0,"[[0, 0, 0, 0, 0, 0, 0, 0, 0, 0, 0, 0, 0, 0, 0, 0, 0, 0, 0, 0, 0, 1, 0, 0, 1, 0, 0, 0, 0, 0]]",[1.0],22,948,62,420,957,
neos8_ds_qaoa_R0003_R0004_R0065_0002,data/miplib_benders/qaoa_problems/nvars_10/neos8_ds_qaoa_R0003_R0004_R0065_0002.json,10,30,3,ddsim,30,256,ok,1821.2526191460202,437.65234375,-0.0,"{""C0002"": 0, ""C0005"": 0, ""C0006"": 0, ""C0009"": 0, ""C0013"": 0, ""C0014"": 0, ""C0017"": 0, ""row_slack_R0003"": 1, ""row_slack_R0004"": 1, ""row_slack_R0065"": 0}",0.0,"{""C0002"": 0, ""C0005"": 0, ""C0006"": 0, ""C0009"": 0, ""C0013"": 0, ""C0014"": 0, ""C0017"": 0, ""row_slack_R0003"": 1, ""row_slack_R0004"": 1, ""row_slack_R0065"": 0}",1.0,"[[0, 0, 0, 0, 0, 0, 0, 0, 0, 0, 0, 0, 0, 0, 0, 0, 0, 0, 0, 0, 0, 1, 0, 0, 1, 0, 0, 0, 0, 0]]",[1.0],24,1188,62,516,1147,
neos8_ds_qaoa_R0003_R0004_R0065_0003,data/miplib_benders/qaoa_problems/nvars_10/neos8_ds_qaoa_R0003_R0004_R0065_0003.json,10,30,3,ddsim,30,256,ok,1803.5528553889599,437.6796875,-0.0,"{""C0005"": 0, ""C0006"": 0, ""C0009"": 0, ""C0013"": 0, ""C0014"": 0, ""C0017"": 0, ""C0018"": 0, ""row_slack_R0003"": 1, ""row_slack_R0004"": 1, ""row_slack_R0065"": 0}",0.0,"{""C0005"": 0, ""C0006"": 0, ""C0009"": 0, ""C0013"": 0, ""C0014"": 0, ""C0017"": 0, ""C0018"": 0, ""row_slack_R0003"": 1, ""row_slack_R0004"": 1, ""row_slack_R0065"": 0}",1.0,"[[0, 0, 0, 0, 0, 0, 0, 0, 0, 0, 0, 0, 0, 0, 0, 0, 0, 0, 0, 0, 0, 1, 0, 0, 1, 0, 0, 0, 0, 0]]",[1.0],29,822,62,386,841,
neos8_ds_qaoa_R0003_R0004_R0065_0004,data/miplib_benders/qaoa_problems/nvars_10/neos8_ds_qaoa_R0003_R0004_R0065_0004.json,10,30,3,ddsim,30,256,ok,2236.101954748039,437.3203125,-0.0,"{""C0006"": 0, ""C0009"": 0, ""C0013"": 0, ""C0014"": 0, ""C0017"": 0, ""C0018"": 0, ""C0022"": 0, ""row_slack_R0003"": 1, ""row_slack_R0004"": 1, ""row_slack_R0065"": 0}",0.0,"{""C0006"": 0, ""C0009"": 0, ""C0013"": 0, ""C0014"": 0, ""C0017"": 0, ""C0018"": 0, ""C0022"": 0, ""row_slack_R0003"": 1, ""row_slack_R0004"": 1, ""row_slack_R0065"": 0}",1.0,"[[0, 0, 0, 0, 0, 0, 0, 0, 0, 0, 0, 0, 0, 0, 0, 0, 0, 0, 0, 0, 0, 1, 0, 0, 1, 0, 0, 0, 0, 0]]",[1.0],23,1066,62,486,1031,
neos8_ds_qaoa_R0003_R0004_R0065_0005,data/miplib_benders/qaoa_problems/nvars_10/neos8_ds_qaoa_R0003_R0004_R0065_0005.json,10,30,3,ddsim,30,256,ok,1640.1765482309274,438.3203125,-0.0,"{""C0009"": 0, ""C0013"": 0, ""C0014"": 0, ""C0017"": 0, ""C0018"": 0, ""C0022"": 0, ""C0023"": 0, ""row_slack_R0003"": 1, ""row_slack_R0004"": 1, ""row_slack_R0065"": 0}",0.0,"{""C0009"": 0, ""C0013"": 0, ""C0014"": 0, ""C0017"": 0, ""C0018"": 0, ""C0022"": 0, ""C0023"": 0, ""row_slack_R0003"": 1, ""row_slack_R0004"": 1, ""row_slack_R0065"": 0}",0.9921875,"[[0, 0, 0, 0, 0, 0, 0, 0, 0, 0, 0, 0, 0, 0, 0, 0, 0, 0, 0, 0, 0, 1, 0, 0, 1, 0, 0, 0, 0, 0], [0, 0, 0, 1, 0, 0, 0, 0, 1, 0, 0, 0, 0, 0, 0, 0, 0, 0, 0, 0, 0, 1, 0, 0, 1, 0, 0, 0, 0, 0], [1, 0, 0, 1, 0, 0, 0, 0, 0, 0, 1, 0, 0, 0, 0, 0, 0, 0, 0, 0, 0, 1, 0, 0, 1, 0, 0, 0, 0, 0]]","[0.9921875, 0.00390625, 0.00390625]",31,978,62,465,942,
neos8_ds_qaoa_R0004_R0065_0001,data/miplib_benders/qaoa_problems/nvars_10/neos8_ds_qaoa_R0004_R0065_0001.json,10,30,2,ddsim,30,256,ok,2008.642862123088,437.31640625,-0.0,"{""C0001"": 0, ""C0002"": 0, ""C0005"": 0, ""C0006"": 0, ""C0009"": 0, ""C0013"": 0, ""C0014"": 0, ""C0017"": 0, ""row_slack_R0004"": 1, ""row_slack_R0065"": 0}",0.0,"{""C0001"": 0, ""C0002"": 0, ""C0005"": 0, ""C0006"": 0, ""C0009"": 0, ""C0013"": 0, ""C0014"": 0, ""C0017"": 0, ""row_slack_R0004"": 1, ""row_slack_R0065"": 0}",1.0,"[[0, 0, 0, 0, 0, 0, 0, 0, 0, 0, 0, 0, 0, 0, 0, 0, 0, 0, 0, 0, 0, 0, 0, 0, 1, 0, 0, 0, 0, 0]]",[1.0],27,618,62,301,626,
neos8_ds_qaoa_R0004_R0065_0002,data/miplib_benders/qaoa_problems/nvars_10/neos8_ds_qaoa_R0004_R0065_0002.json,10,30,2,ddsim,30,256,ok,1588.6725675440393,437.41015625,-0.0,"{""C0002"": 0, ""C0005"": 0, ""C0006"": 0, ""C0009"": 0, ""C0013"": 0, ""C0014"": 0, ""C0017"": 0, ""C0018"": 0, ""row_slack_R0004"": 1, ""row_slack_R0065"": 0}",0.0,"{""C0002"": 0, ""C0005"": 0, ""C0006"": 0, ""C0009"": 0, ""C0013"": 0, ""C0014"": 0, ""C0017"": 0, ""C0018"": 0, ""row_slack_R0004"": 1, ""row_slack_R0065"": 0}",1.0,"[[0, 0, 0, 0, 0, 0, 0, 0, 0, 0, 0, 0, 0, 0, 0, 0, 0, 0, 0, 0, 0, 0, 0, 0, 1, 0, 0, 0, 0, 0]]",[1.0],22,658,62,319,626,
neos8_ds_qaoa_R0003_R0004_R0065_0006,data/miplib_benders/qaoa_problems/nvars_10/neos8_ds_qaoa_R0003_R0004_R0065_0006.json,10,30,3,ddsim,30,256,ok,2726.565204294049,438.03125,-0.0,"{""C0013"": 0, ""C0014"": 0, ""C0017"": 0, ""C0018"": 0, ""C0022"": 0, ""C0023"": 0, ""C0024"": 0, ""row_slack_R0003"": 1, ""row_slack_R0004"": 1, ""row_slack_R0065"": 0}",0.0,"{""C0013"": 0, ""C0014"": 0, ""C0017"": 0, ""C0018"": 0, ""C0022"": 0, ""C0023"": 0, ""C0024"": 0, ""row_slack_R0003"": 1, ""row_slack_R0004"": 1, ""row_slack_R0065"": 0}",1.0,"[[0, 0, 0, 0, 0, 0, 0, 0, 0, 0, 0, 0, 0, 0, 0, 0, 0, 0, 0, 0, 0, 1, 0, 0, 1, 0, 0, 0, 0, 0]]",[1.0],27,967,62,413,984,
neos8_ds_qaoa_R0004_R0065_0003,data/miplib_benders/qaoa_problems/nvars_10/neos8_ds_qaoa_R0004_R0065_0003.json,10,30,2,ddsim,30,256,ok,1440.8371730000945,436.0234375,-0.0,"{""C0005"": 0, ""C0006"": 0, ""C0009"": 0, ""C0013"": 0, ""C0014"": 0, ""C0017"": 0, ""C0018"": 0, ""C0022"": 0, ""row_slack_R0004"": 1, ""row_slack_R0065"": 0}",0.0,"{""C0005"": 0, ""C0006"": 0, ""C0009"": 0, ""C0013"": 0, ""C0014"": 0, ""C0017"": 0, ""C0018"": 0, ""C0022"": 0, ""row_slack_R0004"": 1, ""row_slack_R0065"": 0}",1.0,"[[0, 0, 0, 0, 0, 0, 0, 0, 0, 0, 0, 0, 0, 0, 0, 0, 0, 0, 0, 0, 0, 0, 0, 0, 1, 0, 0, 0, 0, 0]]",[1.0],25,655,62,320,657,
neos8_ds_qaoa_R0004_R0065_0005,data/miplib_benders/qaoa_problems/nvars_10/neos8_ds_qaoa_R0004_R0065_0005.json,10,30,2,ddsim,30,256,ok,1284.2869421240175,436.0078125,-0.0,"{""C0009"": 0, ""C0013"": 0, ""C0014"": 0, ""C0017"": 0, ""C0018"": 0, ""C0022"": 0, ""C0023"": 0, ""C0024"": 0, ""row_slack_R0004"": 1, ""row_slack_R0065"": 0}",0.0,"{""C0009"": 0, ""C0013"": 0, ""C0014"": 0, ""C0017"": 0, ""C0018"": 0, ""C0022"": 0, ""C0023"": 0, ""C0024"": 0, ""row_slack_R0004"": 1, ""row_slack_R0065"": 0}",0.99609375,"[[0, 0, 0, 0, 0, 0, 0, 0, 0, 0, 0, 0, 0, 0, 0, 0, 0, 0, 0, 0, 0, 0, 0, 0, 1, 0, 0, 0, 0, 0], [0, 0, 0, 1, 0, 0, 0, 0, 0, 0, 0, 0, 0, 0, 0, 0, 0, 0, 0, 0, 0, 0, 0, 1, 1, 0, 0, 0, 0, 0]]","[0.99609375, 0.00390625]",23,695,62,338,657,
neos8_ds_qaoa_R0004_R0065_0004,data/miplib_benders/qaoa_problems/nvars_10/neos8_ds_qaoa_R0004_R0065_0004.json,10,30,2,ddsim,30,256,ok,1538.0680201170035,435.39453125,-0.0,"{""C0006"": 0, ""C0009"": 0, ""C0013"": 0, ""C0014"": 0, ""C0017"": 0, ""C0018"": 0, ""C0022"": 0, ""C0023"": 0, ""row_slack_R0004"": 1, ""row_slack_R0065"": 0}",0.0,"{""C0006"": 0, ""C0009"": 0, ""C0013"": 0, ""C0014"": 0, ""C0017"": 0, ""C0018"": 0, ""C0022"": 0, ""C0023"": 0, ""row_slack_R0004"": 1, ""row_slack_R0065"": 0}",1.0,"[[0, 0, 0, 0, 0, 0, 0, 0, 0, 0, 0, 0, 0, 0, 0, 0, 0, 0, 0, 0, 0, 0, 0, 0, 1, 0, 0, 0, 0, 0]]",[1.0],26,655,62,320,657,
neos8_ds_qaoa_R0004_R0065_0006,data/miplib_benders/qaoa_problems/nvars_10/neos8_ds_qaoa_R0004_R0065_0006.json,10,30,2,ddsim,30,256,ok,1339.0412961270195,434.53515625,-0.0,"{""C0013"": 0, ""C0014"": 0, ""C0017"": 0, ""C0018"": 0, ""C0022"": 0, ""C0023"": 0, ""C0024"": 0, ""C0025"": 0, ""row_slack_R0004"": 1, ""row_slack_R0065"": 0}",0.0,"{""C0013"": 0, ""C0014"": 0, ""C0017"": 0, ""C0018"": 0, ""C0022"": 0, ""C0023"": 0, ""C0024"": 0, ""C0025"": 0, ""row_slack_R0004"": 1, ""row_slack_R0065"": 0}",1.0,"[[0, 0, 0, 0, 0, 0, 0, 0, 0, 0, 0, 0, 0, 0, 0, 0, 0, 0, 0, 0, 0, 0, 0, 0, 1, 0, 0, 0, 0, 0]]",[1.0],25,342,62,161,422,
neos8_ds_qaoa_R0004_R0065_0007,data/miplib_benders/qaoa_problems/nvars_10/neos8_ds_qaoa_R0004_R0065_0007.json,10,30,2,ddsim,30,256,ok,1643.8599277739413,437.0546875,-0.0,"{""C0014"": 0, ""C0017"": 0, ""C0018"": 0, ""C0022"": 0, ""C0023"": 0, ""C0024"": 0, ""C0025"": 0, ""C0026"": 0, ""row_slack_R0004"": 1, ""row_slack_R0065"": 0}",0.0,"{""C0014"": 0, ""C0017"": 0, ""C0018"": 0, ""C0022"": 0, ""C0023"": 0, ""C0024"": 0, ""C0025"": 0, ""C0026"": 0, ""row_slack_R0004"": 1, ""row_slack_R0065"": 0}",1.0,"[[0, 0, 0, 0, 0, 0, 0, 0, 0, 0, 0, 0, 0, 0, 0, 0, 0, 0, 0, 0, 0, 0, 0, 0, 1, 0, 0, 0, 0, 0]]",[1.0],28,452,62,218,521,
supportcase6_ds_qaoa_c539_c722_0005,data/miplib_benders/qaoa_problems/nvars_10/supportcase6_ds_qaoa_c539_c722_0005.json,10,30,2,ddsim,30,256,ok,1933.7468726539519,417.3828125,151847000.0,"{""B100608(7)"": 0, ""B100623(7)"": 0, ""B101029(7)"": 0, ""B101035(7)"": 0, ""B101037(7)"": 0, ""B101043(7)"": 0, ""B101058(7)"": 1, ""B101479(7)"": 0, ""B101485(7)"": 0, ""B101487(7)"": 0}",,,,"[[1, 0, 1, 1, 1, 0, 1, 1, 0, 0, 0, 0, 1, 1, 0, 1, 1, 0, 1, 0, 0, 1, 1, 0, 1, 1, 0, 1, 1, 0], [1, 0, 1, 1, 1, 0, 1, 1, 0, 1, 1, 0, 1, 1, 0, 1, 1, 0, 1, 0, 0, 1, 1, 0, 1, 1, 0, 1, 1, 0], [1, 1, 0, 0, 0, 0, 1, 1, 0, 1, 1, 0, 1, 1, 0, 1, 1, 0, 1, 0, 0, 1, 1, 0, 1, 1, 0, 1, 1, 0], [1, 1, 0, 1, 0, 1, 1, 1, 0, 1, 1, 0, 1, 1, 0, 1, 1, 0, 1, 0, 0, 1, 1, 0, 1, 1, 0, 1, 1, 0], [1, 1, 0, 1, 1, 0, 0, 0, 0, 1, 1, 0, 1, 1, 0, 1, 1, 0, 1, 0, 0, 1, 1, 0, 1, 1, 0, 1, 1, 0], [1, 1, 0, 1, 1, 0, 1, 0, 1, 1, 1, 0, 1, 1, 0, 1, 1, 0, 1, 0, 0, 1, 1, 0, 1, 1, 0, 1, 1, 0], [1, 1, 0, 1, 1, 0, 1, 1, 0, 0, 0, 0, 1, 1, 0, 0, 0, 0, 1, 0, 0, 1, 1, 0, 1, 1, 0, 1, 1, 0], [1, 1, 0, 1, 1, 0, 1, 1, 0, 0, 0, 0, 1, 1, 0, 1, 1, 0, 1, 0, 0, 1, 1, 0, 1, 1, 0, 0, 0, 0], [1, 1, 0, 1, 1, 0, 1, 1, 0, 0, 0, 0, 1, 1, 0, 1, 1, 0, 1, 0, 0, 1, 1, 0, 1, 1, 0, 1, 1, 0], [1, 1, 0, 1, 1, 0, 1, 1, 0, 1, 0, 1, 1, 1, 0, 1, 1, 0, 1, 0, 0, 1, 1, 0, 1, 1, 0, 1, 1, 0], [1, 1, 0, 1, 1, 0, 1, 1, 0, 1, 1, 0, 0, 0, 0, 1, 1, 0, 1, 0, 0, 1, 1, 0, 1, 1, 0, 1, 1, 0], [1, 1, 0, 1, 1, 0, 1, 1, 0, 1, 1, 0, 1, 0, 1, 1, 1, 0, 1, 0, 0, 1, 1, 0, 1, 1, 0, 1, 0, 1], [1, 1, 0, 1, 1, 0, 1, 1, 0, 1, 1, 0, 1, 0, 1, 1, 1, 0, 1, 0, 0, 1, 1, 0, 1, 1, 0, 1, 1, 0], [1, 1, 0, 1, 1, 0, 1, 1, 0, 1, 1, 0, 1, 1, 0, 0, 0, 0, 1, 0, 0, 1, 1, 0, 1, 1, 0, 1, 1, 0], [1, 1, 0, 1, 1, 0, 1, 1, 0, 1, 1, 0, 1, 1, 0, 1, 0, 1, 1, 0, 0, 1, 1, 0, 1, 1, 0, 1, 0, 1], [1, 1, 0, 1, 1, 0, 1, 1, 0, 1, 1, 0, 1, 1, 0, 1, 0, 1, 1, 0, 0, 1, 1, 0, 1, 1, 0, 1, 1, 0], [1, 1, 0, 1, 1, 0, 1, 1, 0, 1, 1, 0, 1, 1, 0, 1, 1, 0, 1, 0, 0, 1, 0, 1, 1, 1, 0, 1, 1, 0], [1, 1, 0, 1, 1, 0, 1, 1, 0, 1, 1, 0, 1, 1, 0, 1, 1, 0, 1, 0, 0, 1, 1, 0, 0, 0, 0, 1, 1, 0], [1, 1, 0, 1, 1, 0, 1, 1, 0, 1, 1, 0, 1, 1, 0, 1, 1, 0, 1, 0, 0, 1, 1, 0, 1, 0, 1, 1, 0, 1], [1, 1, 0, 1, 1, 0, 1, 1, 0, 1, 1, 0, 1, 1, 0, 1, 1, 0, 1, 0, 0, 1, 1, 0, 1, 0, 1, 1, 1, 0], [1, 1, 0, 1, 1, 0, 1, 1, 0, 1, 1, 0, 1, 1, 0, 1, 1, 0, 1, 0, 0, 1, 1, 0, 1, 1, 0, 0, 0, 0], [1, 1, 0, 1, 1, 0, 1, 1, 0, 1, 1, 0, 1, 1, 0, 1, 1, 0, 1, 0, 0, 1, 1, 0, 1, 1, 0, 1, 0, 1], [1, 1, 0, 1, 1, 0, 1, 1, 0, 1, 1, 0, 1, 1, 0, 1, 1, 0, 1, 0, 0, 1, 1, 0, 1, 1, 0, 1, 1, 0]]","[0.00390625, 0.0078125, 0.00390625, 0.015625, 0.0078125, 0.015625, 0.00390625, 0.00390625, 0.00390625, 0.0078125, 0.01171875, 0.00390625, 0.015625, 0.015625, 0.00390625, 0.01171875, 0.01171875, 0.00390625, 0.00390625, 0.0078125, 0.0078125, 0.01171875, 0.81640625]",31,269,62,120,333,
supportcase6_ds_qaoa_c539_c722_c726_0005,data/miplib_benders/qaoa_problems/nvars_10/supportcase6_ds_qaoa_c539_c722_c726_0005.json,10,30,3,ddsim,30,256,ok,2577.039083254058,418.6328125,151847000.0,"{""B100608(7)"": 0, ""B100623(7)"": 1, ""B101029(7)"": 0, ""B101035(7)"": 0, ""B101037(7)"": 0, ""B101043(7)"": 0, ""B101058(7)"": 0, ""B101479(7)"": 0, ""B101485(7)"": 0, ""B101487(7)"": 0}",,,,"[[1, 0, 1, 1, 1, 0, 1, 1, 0, 1, 1, 0, 1, 1, 0, 1, 1, 0, 1, 0, 0, 1, 0, 1, 1, 1, 0, 1, 1, 0], [1, 0, 1, 1, 1, 0, 1, 1, 0, 1, 1, 0, 1, 1, 0, 1, 1, 0, 1, 0, 0, 1, 1, 0, 1, 1, 0, 1, 1, 0], [1, 1, 0, 1, 0, 1, 1, 1, 0, 1, 1, 0, 1, 1, 0, 1, 1, 0, 1, 0, 0, 1, 1, 0, 1, 1, 0, 1, 1, 0], [1, 1, 0, 1, 1, 0, 0, 0, 0, 1, 1, 0, 1, 1, 0, 1, 1, 0, 1, 0, 0, 1, 1, 0, 1, 1, 0, 1, 1, 0], [1, 1, 0, 1, 1, 0, 1, 0, 1, 1, 1, 0, 1, 1, 0, 1, 1, 0, 1, 0, 0, 1, 1, 0, 1, 1, 0, 1, 1, 0], [1, 1, 0, 1, 1, 0, 1, 1, 0, 0, 0, 0, 1, 1, 0, 1, 1, 0, 1, 0, 0, 1, 1, 0, 1, 1, 0, 1, 1, 0], [1, 1, 0, 1, 1, 0, 1, 1, 0, 1, 0, 1, 1, 1, 0, 1, 1, 0, 1, 0, 0, 1, 1, 0, 1, 1, 0, 1, 1, 0], [1, 1, 0, 1, 1, 0, 1, 1, 0, 1, 1, 0, 0, 0, 0, 1, 1, 0, 1, 0, 0, 1, 1, 0, 1, 1, 0, 1, 1, 0], [1, 1, 0, 1, 1, 0, 1, 1, 0, 1, 1, 0, 1, 0, 1, 1, 1, 0, 1, 0, 0, 1, 1, 0, 1, 1, 0, 1, 1, 0], [1, 1, 0, 1, 1, 0, 1, 1, 0, 1, 1, 0, 1, 1, 0, 0, 0, 0, 1, 0, 0, 1, 1, 0, 1, 1, 0, 1, 1, 0], [1, 1, 0, 1, 1, 0, 1, 1, 0, 1, 1, 0, 1, 1, 0, 1, 1, 0, 1, 0, 0, 0, 1, 0, 1, 1, 0, 1, 0, 0], [1, 1, 0, 1, 1, 0, 1, 1, 0, 1, 1, 0, 1, 1, 0, 1, 1, 0, 1, 0, 0, 1, 0, 1, 1, 1, 0, 1, 1, 0], [1, 1, 0, 1, 1, 0, 1, 1, 0, 1, 1, 0, 1, 1, 0, 1, 1, 0, 1, 0, 0, 1, 1, 0, 0, 0, 0, 1, 1, 0], [1, 1, 0, 1, 1, 0, 1, 1, 0, 1, 1, 0, 1, 1, 0, 1, 1, 0, 1, 0, 0, 1, 1, 0, 1, 0, 1, 1, 1, 0], [1, 1, 0, 1, 1, 0, 1, 1, 0, 1, 1, 0, 1, 1, 0, 1, 1, 0, 1, 0, 0, 1, 1, 0, 1, 1, 0, 0, 0, 0], [1, 1, 0, 1, 1, 0, 1, 1, 0, 1, 1, 0, 1, 1, 0, 1, 1, 0, 1, 0, 0, 1, 1, 0, 1, 1, 0, 1, 0, 1], [1, 1, 0, 1, 1, 0, 1, 1, 0, 1, 1, 0, 1, 1, 0, 1, 1, 0, 1, 0, 0, 1, 1, 0, 1, 1, 0, 1, 1, 0]]","[0.00390625, 0.01171875, 0.00390625, 0.01171875, 0.00390625, 0.01171875, 0.015625, 0.01953125, 0.01171875, 0.0078125, 0.00390625, 0.01171875, 0.015625, 0.01171875, 0.0234375, 0.0078125, 0.82421875]",28,189,62,84,324,
supportcase6_ds_qaoa_c722_c726_0001,data/miplib_benders/qaoa_problems/nvars_10/supportcase6_ds_qaoa_c722_c726_0001.json,10,30,2,ddsim,30,256,ok,2057.6302805260057,418.61328125,151847000.0,"{""B100166(7)"": 1, ""B100594(7)"": 0, ""B100600(7)"": 0, ""B100602(7)"": 0, ""B100608(7)"": 0, ""B100623(7)"": 0, ""B101029(7)"": 0, ""B101035(7)"": 0, ""B101037(7)"": 0, ""B101043(7)"": 0}",,,,"[[1, 0, 1, 1, 1, 0, 1, 1, 0, 1, 1, 0, 1, 1, 0, 1, 1, 0, 1, 1, 0, 1, 1, 0, 1, 0, 0, 1, 1, 0], [1, 1, 0, 0, 0, 0, 0, 0, 0, 1, 1, 0, 1, 1, 0, 1, 1, 0, 1, 1, 0, 1, 1, 0, 1, 0, 0, 1, 1, 0], [1, 1, 0, 0, 0, 0, 1, 1, 0, 1, 1, 0, 1, 1, 0, 1, 1, 0, 1, 1, 0, 1, 1, 0, 1, 0, 0, 1, 1, 0], [1, 1, 0, 1, 0, 1, 1, 0, 1, 1, 1, 0, 1, 1, 0, 1, 1, 0, 1, 1, 0, 1, 1, 0, 1, 0, 0, 1, 1, 0], [1, 1, 0, 1, 0, 1, 1, 1, 0, 1, 1, 0, 1, 1, 0, 1, 1, 0, 1, 1, 0, 1, 1, 0, 1, 0, 0, 1, 1, 0], [1, 1, 0, 1, 1, 0, 0, 0, 0, 1, 1, 0, 1, 1, 0, 1, 1, 0, 1, 1, 0, 0, 0, 0, 1, 0, 0, 1, 1, 0], [1, 1, 0, 1, 1, 0, 0, 0, 0, 1, 1, 0, 1, 1, 0, 1, 1, 0, 1, 1, 0, 1, 1, 0, 1, 0, 0, 1, 1, 0], [1, 1, 0, 1, 1, 0, 1, 1, 0, 0, 0, 0, 1, 1, 0, 1, 1, 0, 1, 1, 0, 1, 1, 0, 1, 0, 0, 1, 1, 0], [1, 1, 0, 1, 1, 0, 1, 1, 0, 1, 1, 0, 1, 0, 1, 1, 1, 0, 1, 1, 0, 1, 1, 0, 1, 0, 0, 1, 1, 0], [1, 1, 0, 1, 1, 0, 1, 1, 0, 1, 1, 0, 1, 1, 0, 0, 0, 0, 1, 1, 0, 0, 0, 0, 1, 0, 0, 1, 1, 0], [1, 1, 0, 1, 1, 0, 1, 1, 0, 1, 1, 0, 1, 1, 0, 0, 0, 0, 1, 1, 0, 1, 1, 0, 1, 0, 0, 1, 1, 0], [1, 1, 0, 1, 1, 0, 1, 1, 0, 1, 1, 0, 1, 1, 0, 1, 0, 1, 1, 1, 0, 1, 1, 0, 1, 0, 0, 1, 1, 0], [1, 1, 0, 1, 1, 0, 1, 1, 0, 1, 1, 0, 1, 1, 0, 1, 1, 0, 0, 0, 0, 1, 1, 0, 1, 0, 0, 1, 1, 0], [1, 1, 0, 1, 1, 0, 1, 1, 0, 1, 1, 0, 1, 1, 0, 1, 1, 0, 1, 0, 1, 1, 1, 0, 1, 0, 0, 1, 1, 0], [1, 1, 0, 1, 1, 0, 1, 1, 0, 1, 1, 0, 1, 1, 0, 1, 1, 0, 1, 1, 0, 0, 0, 0, 1, 0, 0, 1, 1, 0], [1, 1, 0, 1, 1, 0, 1, 1, 0, 1, 1, 0, 1, 1, 0, 1, 1, 0, 1, 1, 0, 1, 0, 1, 1, 0, 0, 1, 1, 0], [1, 1, 0, 1, 1, 0, 1, 1, 0, 1, 1, 0, 1, 1, 0, 1, 1, 0, 1, 1, 0, 1, 1, 0, 1, 0, 0, 0, 0, 0], [1, 1, 0, 1, 1, 0, 1, 1, 0, 1, 1, 0, 1, 1, 0, 1, 1, 0, 1, 1, 0, 1, 1, 0, 1, 0, 0, 1, 0, 1], [1, 1, 0, 1, 1, 0, 1, 1, 0, 1, 1, 0, 1, 1, 0, 1, 1, 0, 1, 1, 0, 1, 1, 0, 1, 0, 0, 1, 1, 0]]","[0.00390625, 0.00390625, 0.00390625, 0.00390625, 0.0078125, 0.00390625, 0.0078125, 0.01171875, 0.0078125, 0.00390625, 0.0078125, 0.0078125, 0.0234375, 0.01171875, 0.015625, 0.0078125, 0.01171875, 0.01171875, 0.84375]",31,309,62,138,333,
supportcase6_ds_qaoa_c722_c726_0002,data/miplib_benders/qaoa_problems/nvars_10/supportcase6_ds_qaoa_c722_c726_0002.json,10,30,2,ddsim,30,256,ok,1952.5177803318948,419.58203125,151847000.0,"{""B100594(7)"": 0, ""B100600(7)"": 0, ""B100602(7)"": 0, ""B100608(7)"": 0, ""B100623(7)"": 1, ""B101029(7)"": 0, ""B101035(7)"": 0, ""B101037(7)"": 0, ""B101043(7)"": 0, ""B101058(7)"": 0}",,,,"[[1, 0, 1, 1, 1, 0, 1, 1, 0, 1, 1, 0, 1, 1, 0, 1, 1, 0, 1, 1, 0, 1, 1, 0, 1, 1, 0, 1, 0, 0], [1, 1, 0, 0, 0, 0, 1, 1, 0, 1, 1, 0, 1, 1, 0, 1, 1, 0, 1, 1, 0, 1, 1, 0, 1, 1, 0, 1, 0, 0], [1, 1, 0, 1, 0, 1, 1, 1, 0, 1, 1, 0, 1, 1, 0, 1, 1, 0, 1, 1, 0, 1, 1, 0, 1, 1, 0, 1, 0, 0], [1, 1, 0, 1, 1, 0, 0, 0, 0, 1, 1, 0, 1, 1, 0, 1, 1, 0, 1, 1, 0, 1, 1, 0, 1, 1, 0, 1, 0, 0], [1, 1, 0, 1, 1, 0, 1, 1, 0, 1, 1, 0, 1, 1, 0, 0, 0, 0, 1, 1, 0, 1, 1, 0, 1, 1, 0, 1, 0, 0], [1, 1, 0, 1, 1, 0, 1, 1, 0, 1, 1, 0, 1, 1, 0, 1, 1, 0, 0, 0, 0, 1, 1, 0, 1, 1, 0, 1, 0, 0], [1, 1, 0, 1, 1, 0, 1, 1, 0, 1, 1, 0, 1, 1, 0, 1, 1, 0, 1, 1, 0, 0, 0, 0, 1, 1, 0, 1, 0, 0], [1, 1, 0, 1, 1, 0, 1, 1, 0, 1, 1, 0, 1, 1, 0, 1, 1, 0, 1, 1, 0, 1, 0, 1, 1, 1, 0, 1, 0, 0], [1, 1, 0, 1, 1, 0, 1, 1, 0, 1, 1, 0, 1, 1, 0, 1, 1, 0, 1, 1, 0, 1, 1, 0, 1, 1, 0, 1, 0, 0]]","[0.0078125, 0.00390625, 0.00390625, 0.00390625, 0.0078125, 0.00390625, 0.00390625, 0.00390625, 0.9609375]",30,309,62,138,333,
supportcase6_ds_qaoa_c538_c539_c722_0005,data/miplib_benders/qaoa_problems/nvars_10/supportcase6_ds_qaoa_c538_c539_c722_0005.json,10,30,3,ddsim,30,256,ok,3923.0760653790785,406.6875,151847000.0,"{""B100608(7)"": 0, ""B100623(7)"": 1, ""B101029(7)"": 0, ""B101035(7)"": 0, ""B101037(7)"": 0, ""B101043(7)"": 0, ""B101058(7)"": 0, ""B101479(7)"": 0, ""B101485(7)"": 0, ""B101487(7)"": 0}",,,,"[[1, 0, 1, 1, 0, 0, 1, 1, 0, 1, 1, 0, 1, 1, 0, 1, 1, 0, 1, 1, 0, 1, 1, 0, 1, 1, 0, 1, 1, 0], [1, 1, 0, 1, 0, 0, 1, 0, 1, 1, 1, 0, 1, 1, 0, 1, 1, 0, 1, 1, 0, 1, 1, 0, 1, 1, 0, 1, 1, 0], [1, 1, 0, 1, 0, 0, 1, 1, 0, 0, 0, 0, 1, 0, 1, 1, 1, 0, 1, 1, 0, 1, 0, 1, 1, 1, 0, 1, 1, 0], [1, 1, 0, 1, 0, 0, 1, 1, 0, 1, 0, 1, 1, 1, 0, 1, 1, 0, 1, 1, 0, 1, 1, 0, 1, 1, 0, 1, 1, 0], [1, 1, 0, 1, 0, 0, 1, 1, 0, 1, 1, 0, 0, 0, 0, 1, 1, 0, 1, 1, 0, 1, 1, 0, 1, 1, 0, 1, 1, 0], [1, 1, 0, 1, 0, 0, 1, 1, 0, 1, 1, 0, 1, 0, 1, 1, 1, 0, 1, 1, 0, 1, 1, 0, 1, 0, 1, 1, 1, 0], [1, 1, 0, 1, 0, 0, 1, 1, 0, 1, 1, 0, 1, 0, 1, 1, 1, 0, 1, 1, 0, 1, 1, 0, 1, 1, 0, 1, 1, 0], [1, 1, 0, 1, 0, 0, 1, 1, 0, 1, 1, 0, 1, 1, 0, 0, 0, 0, 1, 1, 0, 1, 1, 0, 1, 1, 0, 1, 1, 0], [1, 1, 0, 1, 0, 0, 1, 1, 0, 1, 1, 0, 1, 1, 0, 1, 0, 1, 0, 0, 0, 1, 1, 0, 1, 1, 0, 1, 1, 0], [1, 1, 0, 1, 0, 0, 1, 1, 0, 1, 1, 0, 1, 1, 0, 1, 0, 1, 1, 1, 0, 1, 1, 0, 1, 1, 0, 1, 1, 0], [1, 1, 0, 1, 0, 0, 1, 1, 0, 1, 1, 0, 1, 1, 0, 1, 1, 0, 0, 0, 0, 1, 1, 0, 1, 1, 0, 1, 1, 0], [1, 1, 0, 1, 0, 0, 1, 1, 0, 1, 1, 0, 1, 1, 0, 1, 1, 0, 1, 1, 0, 1, 0, 1, 1, 1, 0, 1, 1, 0], [1, 1, 0, 1, 0, 0, 1, 1, 0, 1, 1, 0, 1, 1, 0, 1, 1, 0, 1, 1, 0, 1, 1, 0, 0, 0, 0, 1, 1, 0], [1, 1, 0, 1, 0, 0, 1, 1, 0, 1, 1, 0, 1, 1, 0, 1, 1, 0, 1, 1, 0, 1, 1, 0, 1, 0, 1, 1, 1, 0], [1, 1, 0, 1, 0, 0, 1, 1, 0, 1, 1, 0, 1, 1, 0, 1, 1, 0, 1, 1, 0, 1, 1, 0, 1, 1, 0, 0, 0, 0], [1, 1, 0, 1, 0, 0, 1, 1, 0, 1, 1, 0, 1, 1, 0, 1, 1, 0, 1, 1, 0, 1, 1, 0, 1, 1, 0, 1, 0, 1], [1, 1, 0, 1, 0, 0, 1, 1, 0, 1, 1, 0, 1, 1, 0, 1, 1, 0, 1, 1, 0, 1, 1, 0, 1, 1, 0, 1, 1, 0]]","[0.01171875, 0.0078125, 0.00390625, 0.0078125, 0.015625, 0.00390625, 0.00390625, 0.0078125, 0.00390625, 0.0078125, 0.00390625, 0.00390625, 0.0078125, 0.0078125, 0.0078125, 0.01171875, 0.8828125]",29,189,62,84,324,
supportcase6_ds_qaoa_c722_c726_0004,data/miplib_benders/qaoa_problems/nvars_10/supportcase6_ds_qaoa_c722_c726_0004.json,10,30,2,ddsim,30,256,ok,1506.480499450001,408.453125,151847000.0,"{""B100602(7)"": 0, ""B100608(7)"": 0, ""B100623(7)"": 1, ""B101029(7)"": 0, ""B101035(7)"": 0, ""B101037(7)"": 0, ""B101043(7)"": 0, ""B101058(7)"": 0, ""B101479(7)"": 0, ""B101485(7)"": 0}",,,,"[[1, 1, 0, 1, 1, 0, 0, 0, 0, 1, 1, 0, 1, 1, 0, 1, 1, 0, 1, 1, 0, 1, 1, 0, 1, 1, 0, 1, 0, 0], [1, 1, 0, 1, 1, 0, 1, 0, 1, 1, 1, 0, 1, 1, 0, 1, 1, 0, 1, 1, 0, 1, 1, 0, 1, 1, 0, 1, 0, 0], [1, 1, 0, 1, 1, 0, 1, 1, 0, 1, 1, 0, 1, 1, 0, 1, 1, 0, 1, 1, 0, 1, 1, 0, 1, 0, 1, 1, 0, 0], [1, 1, 0, 1, 1, 0, 1, 1, 0, 1, 1, 0, 1, 1, 0, 1, 1, 0, 1, 1, 0, 1, 1, 0, 1, 1, 0, 1, 0, 0]]","[0.00390625, 0.00390625, 0.00390625, 0.98828125]",29,309,62,138,333,
supportcase6_ds_qaoa_c722_c726_0003,data/miplib_benders/qaoa_problems/nvars_10/supportcase6_ds_qaoa_c722_c726_0003.json,10,30,2,ddsim,30,256,ok,1861.191134579014,420.015625,151847000.0,"{""B100600(7)"": 0, ""B100602(7)"": 0, ""B100608(7)"": 0, ""B100623(7)"": 1, ""B101029(7)"": 0, ""B101035(7)"": 0, ""B101037(7)"": 0, ""B101043(7)"": 0, ""B101058(7)"": 0, ""B101479(7)"": 0}",,,,"[[1, 0, 1, 1, 1, 0, 1, 1, 0, 1, 1, 0, 1, 1, 0, 1, 1, 0, 1, 1, 0, 1, 1, 0, 0, 0, 0, 1, 0, 0], [1, 0, 1, 1, 1, 0, 1, 1, 0, 1, 1, 0, 1, 1, 0, 1, 1, 0, 1, 1, 0, 1, 1, 0, 1, 1, 0, 1, 0, 0], [1, 1, 0, 0, 0, 0, 1, 1, 0, 1, 1, 0, 0, 0, 0, 1, 1, 0, 1, 1, 0, 1, 1, 0, 1, 1, 0, 1, 0, 0], [1, 1, 0, 0, 0, 0, 1, 1, 0, 1, 1, 0, 1, 1, 0, 1, 1, 0, 1, 1, 0, 1, 1, 0, 1, 1, 0, 1, 0, 0], [1, 1, 0, 1, 0, 0, 1, 1, 0, 0, 1, 0, 1, 1, 0, 1, 1, 0, 1, 1, 0, 1, 1, 0, 1, 1, 0, 1, 0, 0], [1, 1, 0, 1, 0, 1, 1, 1, 0, 1, 1, 0, 1, 0, 0, 0, 1, 0, 1, 1, 0, 1, 1, 0, 1, 0, 1, 1, 0, 0], [1, 1, 0, 1, 0, 1, 1, 1, 0, 1, 1, 0, 1, 1, 0, 1, 1, 0, 1, 1, 0, 0, 0, 0, 1, 1, 0, 1, 0, 0], [1, 1, 0, 1, 0, 1, 1, 1, 0, 1, 1, 0, 1, 1, 0, 1, 1, 0, 1, 1, 0, 1, 1, 0, 1, 1, 0, 1, 0, 0], [1, 1, 0, 1, 1, 0, 1, 0, 0, 1, 1, 0, 1, 1, 0, 1, 1, 0, 1, 1, 0, 0, 1, 0, 1, 1, 0, 1, 0, 0], [1, 1, 0, 1, 1, 0, 1, 0, 1, 0, 0, 0, 1, 1, 0, 1, 1, 0, 1, 1, 0, 1, 1, 0, 1, 1, 0, 1, 0, 0], [1, 1, 0, 1, 1, 0, 1, 0, 1, 1, 1, 0, 1, 1, 0, 1, 1, 0, 1, 1, 0, 1, 1, 0, 1, 1, 0, 1, 0, 0], [1, 1, 0, 1, 1, 0, 1, 1, 0, 0, 0, 0, 1, 1, 0, 1, 1, 0, 1, 1, 0, 1, 1, 0, 1, 1, 0, 1, 0, 0], [1, 1, 0, 1, 1, 0, 1, 1, 0, 1, 0, 1, 1, 1, 0, 1, 1, 0, 1, 1, 0, 0, 0, 0, 1, 1, 0, 1, 0, 0], [1, 1, 0, 1, 1, 0, 1, 1, 0, 1, 0, 1, 1, 1, 0, 1, 1, 0, 1, 1, 0, 1, 1, 0, 1, 1, 0, 1, 0, 0], [1, 1, 0, 1, 1, 0, 1, 1, 0, 1, 1, 0, 0, 0, 0, 1, 1, 0, 1, 1, 0, 1, 1, 0, 1, 1, 0, 1, 0, 0], [1, 1, 0, 1, 1, 0, 1, 1, 0, 1, 1, 0, 1, 0, 1, 1, 1, 0, 1, 1, 0, 1, 1, 0, 1, 1, 0, 1, 0, 0], [1, 1, 0, 1, 1, 0, 1, 1, 0, 1, 1, 0, 1, 1, 0, 0, 0, 0, 1, 1, 0, 1, 1, 0, 1, 1, 0, 1, 0, 0], [1, 1, 0, 1, 1, 0, 1, 1, 0, 1, 1, 0, 1, 1, 0, 1, 0, 1, 1, 1, 0, 1, 1, 0, 1, 1, 0, 1, 0, 0], [1, 1, 0, 1, 1, 0, 1, 1, 0, 1, 1, 0, 1, 1, 0, 1, 1, 0, 0, 0, 0, 1, 1, 0, 1, 1, 0, 1, 0, 0], [1, 1, 0, 1, 1, 0, 1, 1, 0, 1, 1, 0, 1, 1, 0, 1, 1, 0, 1, 0, 0, 1, 1, 0, 0, 1, 0, 1, 0, 0], [1, 1, 0, 1, 1, 0, 1, 1, 0, 1, 1, 0, 1, 1, 0, 1, 1, 0, 1, 0, 1, 1, 1, 0, 1, 1, 0, 1, 0, 0], [1, 1, 0, 1, 1, 0, 1, 1, 0, 1, 1, 0, 1, 1, 0, 1, 1, 0, 1, 1, 0, 0, 0, 0, 0, 0, 0, 1, 0, 0], [1, 1, 0, 1, 1, 0, 1, 1, 0, 1, 1, 0, 1, 1, 0, 1, 1, 0, 1, 1, 0, 0, 0, 0, 1, 1, 0, 1, 0, 0], [1, 1, 0, 1, 1, 0, 1, 1, 0, 1, 1, 0, 1, 1, 0, 1, 1, 0, 1, 1, 0, 1, 0, 1, 1, 1, 0, 1, 0, 0], [1, 1, 0, 1, 1, 0, 1, 1, 0, 1, 1, 0, 1, 1, 0, 1, 1, 0, 1, 1, 0, 1, 1, 0, 0, 0, 0, 1, 0, 0], [1, 1, 0, 1, 1, 0, 1, 1, 0, 1, 1, 0, 1, 1, 0, 1, 1, 0, 1, 1, 0, 1, 1, 0, 1, 1, 0, 1, 0, 0]]","[0.00390625, 0.01171875, 0.00390625, 0.01953125, 0.00390625, 0.00390625, 0.00390625, 0.01953125, 0.00390625, 0.0078125, 0.01171875, 0.01171875, 0.00390625, 0.02734375, 0.015625, 0.00390625, 0.0078125, 0.01953125, 0.01171875, 0.00390625, 0.015625, 0.00390625, 0.01953125, 0.0234375, 0.015625, 0.72265625]",30,309,62,138,333,
supportcase6_ds_qaoa_c722_c726_0005,data/miplib_benders/qaoa_problems/nvars_10/supportcase6_ds_qaoa_c722_c726_0005.json,10,30,2,ddsim,30,256,ok,1499.5933246850036,418.76953125,151847000.0,"{""B100608(7)"": 0, ""B100623(7)"": 1, ""B101029(7)"": 0, ""B101035(7)"": 0, ""B101037(7)"": 0, ""B101043(7)"": 0, ""B101058(7)"": 0, ""B101479(7)"": 0, ""B101485(7)"": 0, ""B101487(7)"": 0}",,,,"[[1, 0, 1, 1, 1, 0, 1, 1, 0, 1, 1, 0, 1, 1, 0, 1, 1, 0, 1, 1, 0, 1, 1, 0, 1, 1, 0, 1, 0, 0], [1, 1, 0, 1, 0, 1, 1, 1, 0, 1, 1, 0, 1, 1, 0, 1, 1, 0, 1, 1, 0, 1, 1, 0, 1, 1, 0, 1, 0, 0], [1, 1, 0, 1, 1, 0, 0, 0, 0, 1, 1, 0, 1, 1, 0, 1, 1, 0, 1, 1, 0, 1, 1, 0, 1, 1, 0, 1, 0, 0], [1, 1, 0, 1, 1, 0, 1, 0, 1, 1, 1, 0, 1, 1, 0, 1, 1, 0, 1, 1, 0, 1, 1, 0, 1, 1, 0, 1, 0, 0], [1, 1, 0, 1, 1, 0, 1, 1, 0, 0, 0, 0, 1, 1, 0, 1, 1, 0, 1, 1, 0, 1, 1, 0, 1, 1, 0, 1, 0, 0], [1, 1, 0, 1, 1, 0, 1, 1, 0, 1, 0, 1, 1, 1, 0, 1, 1, 0, 1, 1, 0, 1, 1, 0, 1, 1, 0, 1, 0, 0], [1, 1, 0, 1, 1, 0, 1, 1, 0, 1, 1, 0, 0, 0, 0, 1, 1, 0, 1, 1, 0, 1, 1, 0, 1, 1, 0, 1, 0, 0], [1, 1, 0, 1, 1, 0, 1, 1, 0, 1, 1, 0, 1, 1, 0, 0, 0, 0, 1, 1, 0, 1, 1, 0, 1, 1, 0, 1, 0, 0], [1, 1, 0, 1, 1, 0, 1, 1, 0, 1, 1, 0, 1, 1, 0, 1, 0, 1, 1, 1, 0, 1, 1, 0, 1, 1, 0, 1, 0, 0], [1, 1, 0, 1, 1, 0, 1, 1, 0, 1, 1, 0, 1, 1, 0, 1, 1, 0, 0, 0, 0, 1, 1, 0, 1, 1, 0, 1, 0, 0], [1, 1, 0, 1, 1, 0, 1, 1, 0, 1, 1, 0, 1, 1, 0, 1, 1, 0, 1, 0, 1, 1, 1, 0, 0, 0, 0, 1, 0, 0], [1, 1, 0, 1, 1, 0, 1, 1, 0, 1, 1, 0, 1, 1, 0, 1, 1, 0, 1, 0, 1, 1, 1, 0, 1, 1, 0, 1, 0, 0], [1, 1, 0, 1, 1, 0, 1, 1, 0, 1, 1, 0, 1, 1, 0, 1, 1, 0, 1, 1, 0, 1, 0, 1, 1, 1, 0, 1, 0, 0], [1, 1, 0, 1, 1, 0, 1, 1, 0, 1, 1, 0, 1, 1, 0, 1, 1, 0, 1, 1, 0, 1, 1, 0, 0, 0, 0, 1, 0, 0], [1, 1, 0, 1, 1, 0, 1, 1, 0, 1, 1, 0, 1, 1, 0, 1, 1, 0, 1, 1, 0, 1, 1, 0, 1, 0, 1, 1, 0, 0], [1, 1, 0, 1, 1, 0, 1, 1, 0, 1, 1, 0, 1, 1, 0, 1, 1, 0, 1, 1, 0, 1, 1, 0, 1, 1, 0, 1, 0, 0]]","[0.015625, 0.00390625, 0.0078125, 0.01171875, 0.0078125, 0.00390625, 0.00390625, 0.0078125, 0.01171875, 0.00390625, 0.00390625, 0.01171875, 0.0078125, 0.01171875, 0.0078125, 0.87890625]",31,309,62,138,333,
supportcase6_ds_qaoa_c722_c726_c733_0001,data/miplib_benders/qaoa_problems/nvars_10/supportcase6_ds_qaoa_c722_c726_c733_0001.json,10,30,3,ddsim,30,256,ok,2907.0682395440526,482.359375,134333000.0,"{""B100166(7)"": 0, ""B100594(7)"": 0, ""B100600(7)"": 1, ""B100602(7)"": 0, ""B100608(7)"": 0, ""B100623(7)"": 0, ""B101029(7)"": 0, ""B101035(7)"": 0, ""B101037(7)"": 0, ""B101043(7)"": 0}",,,,"[[1, 0, 1, 1, 1, 0, 1, 1, 0, 1, 1, 0, 1, 1, 0, 1, 1, 0, 1, 1, 0, 1, 0, 0, 1, 1, 0, 1, 1, 0], [1, 1, 0, 1, 1, 0, 1, 1, 0, 1, 1, 0, 1, 0, 1, 1, 1, 0, 1, 1, 0, 1, 0, 0, 1, 1, 0, 1, 1, 0], [1, 1, 0, 1, 1, 0, 1, 1, 0, 1, 1, 0, 1, 1, 0, 1, 0, 1, 1, 1, 0, 1, 0, 0, 1, 1, 0, 1, 1, 0], [1, 1, 0, 1, 1, 0, 1, 1, 0, 1, 1, 0, 1, 1, 0, 1, 1, 0, 1, 0, 1, 1, 0, 0, 1, 1, 0, 1, 1, 0], [1, 1, 0, 1, 1, 0, 1, 1, 0, 1, 1, 0, 1, 1, 0, 1, 1, 0, 1, 1, 0, 1, 0, 0, 0, 0, 0, 1, 1, 0], [1, 1, 0, 1, 1, 0, 1, 1, 0, 1, 1, 0, 1, 1, 0, 1, 1, 0, 1, 1, 0, 1, 0, 0, 1, 1, 0, 1, 0, 1], [1, 1, 0, 1, 1, 0, 1, 1, 0, 1, 1, 0, 1, 1, 0, 1, 1, 0, 1, 1, 0, 1, 0, 0, 1, 1, 0, 1, 1, 0]]","[0.00390625, 0.00390625, 0.00390625, 0.00390625, 0.00390625, 0.00390625, 0.9765625]",29,229,62,102,324,
supportcase6_ds_qaoa_c722_c726_c733_0003,data/miplib_benders/qaoa_problems/nvars_10/supportcase6_ds_qaoa_c722_c726_c733_0003.json,10,30,3,ddsim,30,256,ok,2649.829876735923,421.72265625,134333000.0,"{""B100600(7)"": 1, ""B100602(7)"": 0, ""B100608(7)"": 0, ""B100623(7)"": 0, ""B101029(7)"": 0, ""B101035(7)"": 0, ""B101037(7)"": 0, ""B101043(7)"": 0, ""B101058(7)"": 0, ""B101479(7)"": 0}",,,,"[[1, 0, 1, 1, 1, 0, 1, 1, 0, 1, 0, 1, 1, 1, 0, 1, 0, 0, 1, 1, 0, 1, 1, 0, 1, 1, 0, 1, 1, 0], [1, 0, 1, 1, 1, 0, 1, 1, 0, 1, 1, 0, 1, 1, 0, 1, 0, 0, 1, 1, 0, 1, 1, 0, 0, 0, 0, 1, 1, 0], [1, 0, 1, 1, 1, 0, 1, 1, 0, 1, 1, 0, 1, 1, 0, 1, 0, 0, 1, 1, 0, 1, 1, 0, 1, 1, 0, 1, 1, 0], [1, 1, 0, 1, 0, 1, 1, 1, 0, 1, 0, 1, 1, 1, 0, 1, 0, 0, 1, 0, 1, 1, 1, 0, 1, 1, 0, 1, 1, 0], [1, 1, 0, 1, 0, 1, 1, 1, 0, 1, 1, 0, 1, 0, 1, 1, 0, 0, 1, 1, 0, 1, 1, 0, 1, 0, 1, 1, 1, 0], [1, 1, 0, 1, 0, 1, 1, 1, 0, 1, 1, 0, 1, 1, 0, 1, 0, 0, 1, 1, 0, 1, 0, 1, 1, 1, 0, 1, 1, 0], [1, 1, 0, 1, 0, 1, 1, 1, 0, 1, 1, 0, 1, 1, 0, 1, 0, 0, 1, 1, 0, 1, 1, 0, 1, 1, 0, 0, 0, 0], [1, 1, 0, 1, 0, 1, 1, 1, 0, 1, 1, 0, 1, 1, 0, 1, 0, 0, 1, 1, 0, 1, 1, 0, 1, 1, 0, 1, 1, 0], [1, 1, 0, 1, 1, 0, 1, 0, 1, 1, 1, 0, 0, 0, 0, 1, 0, 0, 1, 1, 0, 1, 1, 0, 1, 1, 0, 1, 1, 0], [1, 1, 0, 1, 1, 0, 1, 0, 1, 1, 1, 0, 1, 1, 0, 1, 0, 0, 1, 1, 0, 1, 1, 0, 1, 0, 1, 1, 1, 0], [1, 1, 0, 1, 1, 0, 1, 0, 1, 1, 1, 0, 1, 1, 0, 1, 0, 0, 1, 1, 0, 1, 1, 0, 1, 1, 0, 0, 0, 0], [1, 1, 0, 1, 1, 0, 1, 0, 1, 1, 1, 0, 1, 1, 0, 1, 0, 0, 1, 1, 0, 1, 1, 0, 1, 1, 0, 1, 1, 0], [1, 1, 0, 1, 1, 0, 1, 1, 0, 0, 0, 0, 0, 0, 0, 1, 0, 0, 1, 1, 0, 1, 1, 0, 1, 1, 0, 1, 1, 0], [1, 1, 0, 1, 1, 0, 1, 1, 0, 0, 0, 0, 1, 1, 0, 1, 0, 0, 1, 1, 0, 1, 1, 0, 1, 1, 0, 1, 1, 0], [1, 1, 0, 1, 1, 0, 1, 1, 0, 1, 0, 1, 1, 1, 0, 1, 0, 0, 1, 1, 0, 1, 0, 1, 1, 1, 0, 1, 1, 0], [1, 1, 0, 1, 1, 0, 1, 1, 0, 1, 0, 1, 1, 1, 0, 1, 0, 0, 1, 1, 0, 1, 1, 0, 1, 0, 1, 0, 0, 0], [1, 1, 0, 1, 1, 0, 1, 1, 0, 1, 0, 1, 1, 1, 0, 1, 0, 0, 1, 1, 0, 1, 1, 0, 1, 1, 0, 1, 1, 0], [1, 1, 0, 1, 1, 0, 1, 1, 0, 1, 1, 0, 0, 0, 0, 1, 0, 0, 0, 0, 0, 1, 1, 0, 1, 1, 0, 1, 1, 0], [1, 1, 0, 1, 1, 0, 1, 1, 0, 1, 1, 0, 0, 0, 0, 1, 0, 0, 1, 1, 0, 1, 1, 0, 0, 0, 0, 1, 1, 0], [1, 1, 0, 1, 1, 0, 1, 1, 0, 1, 1, 0, 0, 0, 0, 1, 0, 0, 1, 1, 0, 1, 1, 0, 1, 1, 0, 1, 1, 0], [1, 1, 0, 1, 1, 0, 1, 1, 0, 1, 1, 0, 1, 0, 1, 1, 0, 0, 1, 0, 1, 1, 1, 0, 1, 1, 0, 1, 1, 0], [1, 1, 0, 1, 1, 0, 1, 1, 0, 1, 1, 0, 1, 0, 1, 1, 0, 0, 1, 1, 0, 1, 1, 0, 1, 1, 0, 0, 0, 0], [1, 1, 0, 1, 1, 0, 1, 1, 0, 1, 1, 0, 1, 0, 1, 1, 0, 0, 1, 1, 0, 1, 1, 0, 1, 1, 0, 1, 1, 0], [1, 1, 0, 1, 1, 0, 1, 1, 0, 1, 1, 0, 1, 1, 0, 1, 0, 0, 0, 0, 0, 1, 1, 0, 1, 1, 0, 1, 1, 0], [1, 1, 0, 1, 1, 0, 1, 1, 0, 1, 1, 0, 1, 1, 0, 1, 0, 0, 1, 0, 1, 1, 1, 0, 1, 1, 0, 0, 0, 0], [1, 1, 0, 1, 1, 0, 1, 1, 0, 1, 1, 0, 1, 1, 0, 1, 0, 0, 1, 0, 1, 1, 1, 0, 1, 1, 0, 1, 1, 0], [1, 1, 0, 1, 1, 0, 1, 1, 0, 1, 1, 0, 1, 1, 0, 1, 0, 0, 1, 1, 0, 0, 0, 0, 1, 1, 0, 1, 1, 0], [1, 1, 0, 1, 1, 0, 1, 1, 0, 1, 1, 0, 1, 1, 0, 1, 0, 0, 1, 1, 0, 1, 0, 1, 1, 1, 0, 1, 1, 0], [1, 1, 0, 1, 1, 0, 1, 1, 0, 1, 1, 0, 1, 1, 0, 1, 0, 0, 1, 1, 0, 1, 1, 0, 0, 0, 0, 1, 1, 0], [1, 1, 0, 1, 1, 0, 1, 1, 0, 1, 1, 0, 1, 1, 0, 1, 0, 0, 1, 1, 0, 1, 1, 0, 1, 0, 0, 0, 1, 0], [1, 1, 0, 1, 1, 0, 1, 1, 0, 1, 1, 0, 1, 1, 0, 1, 0, 0, 1, 1, 0, 1, 1, 0, 1, 0, 1, 1, 1, 0], [1, 1, 0, 1, 1, 0, 1, 1, 0, 1, 1, 0, 1, 1, 0, 1, 0, 0, 1, 1, 0, 1, 1, 0, 1, 1, 0, 0, 0, 0], [1, 1, 0, 1, 1, 0, 1, 1, 0, 1, 1, 0, 1, 1, 0, 1, 0, 0, 1, 1, 0, 1, 1, 0, 1, 1, 0, 1, 0, 1], [1, 1, 0, 1, 1, 0, 1, 1, 0, 1, 1, 0, 1, 1, 0, 1, 0, 0, 1, 1, 0, 1, 1, 0, 1, 1, 0, 1, 1, 0]]","[0.00390625, 0.00390625, 0.01953125, 0.00390625, 0.00390625, 0.00390625, 0.0078125, 0.0078125, 0.00390625, 0.00390625, 0.00390625, 0.03125, 0.0078125, 0.01171875, 0.00390625, 0.00390625, 0.015625, 0.00390625, 0.00390625, 0.0078125, 0.00390625, 0.00390625, 0.015625, 0.0234375, 0.00390625, 0.02734375, 0.03125, 0.0078125, 0.00390625, 0.00390625, 0.01953125, 0.04296875, 0.0234375, 0.6328125]",25,229,62,102,324,
supportcase6_ds_qaoa_c722_c726_c733_0004,data/miplib_benders/qaoa_problems/nvars_10/supportcase6_ds_qaoa_c722_c726_c733_0004.json,10,30,3,ddsim,30,256,ok,1926.1354101879988,419.4453125,134333000.0,"{""B100602(7)"": 0, ""B100608(7)"": 0, ""B100623(7)"": 0, ""B101029(7)"": 0, ""B101035(7)"": 1, ""B101037(7)"": 0, ""B101043(7)"": 0, ""B101058(7)"": 0, ""B101479(7)"": 0, ""B101485(7)"": 0}",,,,"[[1, 1, 0, 1, 0, 1, 1, 1, 0, 1, 1, 0, 1, 1, 0, 1, 1, 0, 1, 1, 0, 1, 1, 0, 1, 1, 0, 1, 0, 0], [1, 1, 0, 1, 1, 0, 1, 1, 0, 1, 0, 1, 1, 1, 0, 1, 1, 0, 1, 1, 0, 1, 1, 0, 1, 1, 0, 1, 0, 0], [1, 1, 0, 1, 1, 0, 1, 1, 0, 1, 1, 0, 1, 0, 1, 1, 1, 0, 1, 1, 0, 1, 1, 0, 1, 1, 0, 1, 0, 0], [1, 1, 0, 1, 1, 0, 1, 1, 0, 1, 1, 0, 1, 1, 0, 1, 1, 0, 1, 1, 0, 1, 1, 0, 1, 1, 0, 1, 0, 0]]","[0.01171875, 0.0078125, 0.00390625, 0.9765625]",31,229,62,102,324,
supportcase6_ds_qaoa_c722_c726_c733_0002,data/miplib_benders/qaoa_problems/nvars_10/supportcase6_ds_qaoa_c722_c726_c733_0002.json,10,30,3,ddsim,30,256,ok,3813.45138930704,419.421875,134333000.0,"{""B100594(7)"": 0, ""B100600(7)"": 0, ""B100602(7)"": 0, ""B100608(7)"": 0, ""B100623(7)"": 0, ""B101029(7)"": 0, ""B101035(7)"": 1, ""B101037(7)"": 0, ""B101043(7)"": 0, ""B101058(7)"": 0}",,,,"[[0, 1, 0, 1, 1, 0, 1, 0, 1, 1, 1, 0, 1, 1, 0, 1, 1, 0, 1, 0, 0, 1, 1, 0, 1, 1, 0, 1, 0, 0], [0, 1, 0, 1, 1, 0, 1, 1, 0, 1, 1, 0, 1, 1, 0, 1, 1, 0, 1, 0, 0, 1, 1, 0, 1, 1, 0, 1, 0, 0], [1, 0, 1, 1, 1, 0, 1, 1, 0, 1, 1, 0, 1, 1, 0, 1, 1, 0, 1, 0, 0, 1, 1, 0, 1, 1, 0, 1, 1, 0], [1, 1, 0, 1, 0, 0, 1, 1, 0, 1, 1, 0, 1, 1, 0, 1, 1, 0, 0, 0, 0, 1, 1, 0, 1, 1, 0, 1, 1, 0], [1, 1, 0, 1, 0, 1, 1, 0, 1, 1, 1, 0, 1, 1, 0, 1, 1, 0, 1, 0, 0, 1, 1, 0, 1, 1, 0, 1, 1, 0], [1, 1, 0, 1, 0, 1, 1, 1, 0, 1, 0, 1, 1, 1, 0, 1, 1, 0, 1, 0, 0, 1, 1, 0, 1, 1, 0, 1, 1, 0], [1, 1, 0, 1, 0, 1, 1, 1, 0, 1, 1, 0, 0, 0, 0, 1, 1, 0, 1, 0, 0, 1, 0, 1, 1, 1, 0, 1, 1, 0], [1, 1, 0, 1, 0, 1, 1, 1, 0, 1, 1, 0, 1, 1, 0, 1, 1, 0, 1, 0, 0, 1, 1, 0, 1, 1, 0, 1, 1, 0], [1, 1, 0, 1, 1, 0, 0, 0, 0, 1, 1, 0, 0, 0, 0, 1, 1, 0, 1, 0, 0, 1, 1, 0, 1, 0, 1, 0, 0, 0], [1, 1, 0, 1, 1, 0, 0, 0, 0, 1, 1, 0, 1, 1, 0, 1, 1, 0, 1, 0, 0, 1, 1, 0, 1, 1, 0, 1, 0, 1], [1, 1, 0, 1, 1, 0, 0, 0, 0, 1, 1, 0, 1, 1, 0, 1, 1, 0, 1, 0, 0, 1, 1, 0, 1, 1, 0, 1, 1, 0], [1, 1, 0, 1, 1, 0, 1, 0, 1, 1, 1, 0, 1, 1, 0, 1, 1, 0, 1, 0, 0, 1, 0, 1, 1, 1, 0, 1, 1, 0], [1, 1, 0, 1, 1, 0, 1, 0, 1, 1, 1, 0, 1, 1, 0, 1, 1, 0, 1, 0, 0, 1, 1, 0, 1, 1, 0, 1, 1, 0], [1, 1, 0, 1, 1, 0, 1, 1, 0, 1, 0, 1, 1, 1, 0, 1, 1, 0, 1, 0, 0, 0, 0, 0, 1, 1, 0, 1, 1, 0], [1, 1, 0, 1, 1, 0, 1, 1, 0, 1, 0, 1, 1, 1, 0, 1, 1, 0, 1, 0, 0, 1, 1, 0, 1, 0, 1, 1, 1, 0], [1, 1, 0, 1, 1, 0, 1, 1, 0, 1, 0, 1, 1, 1, 0, 1, 1, 0, 1, 0, 0, 1, 1, 0, 1, 1, 0, 1, 1, 0], [1, 1, 0, 1, 1, 0, 1, 1, 0, 1, 1, 0, 0, 0, 0, 1, 0, 1, 1, 0, 0, 1, 1, 0, 1, 1, 0, 1, 1, 0], [1, 1, 0, 1, 1, 0, 1, 1, 0, 1, 1, 0, 0, 0, 0, 1, 1, 0, 1, 0, 0, 1, 1, 0, 1, 0, 1, 1, 1, 0], [1, 1, 0, 1, 1, 0, 1, 1, 0, 1, 1, 0, 0, 0, 0, 1, 1, 0, 1, 0, 0, 1, 1, 0, 1, 1, 0, 1, 1, 0], [1, 1, 0, 1, 1, 0, 1, 1, 0, 1, 1, 0, 1, 0, 1, 0, 0, 0, 1, 0, 0, 1, 1, 0, 1, 0, 1, 1, 1, 0], [1, 1, 0, 1, 1, 0, 1, 1, 0, 1, 1, 0, 1, 0, 1, 0, 0, 0, 1, 0, 0, 1, 1, 0, 1, 1, 0, 1, 0, 1], [1, 1, 0, 1, 1, 0, 1, 1, 0, 1, 1, 0, 1, 0, 1, 1, 1, 0, 1, 0, 0, 1, 1, 0, 1, 1, 0, 1, 0, 1], [1, 1, 0, 1, 1, 0, 1, 1, 0, 1, 1, 0, 1, 0, 1, 1, 1, 0, 1, 0, 0, 1, 1, 0, 1, 1, 0, 1, 1, 0], [1, 1, 0, 1, 1, 0, 1, 1, 0, 1, 1, 0, 1, 1, 0, 0, 0, 0, 1, 0, 0, 0, 0, 0, 1, 1, 0, 1, 0, 1], [1, 1, 0, 1, 1, 0, 1, 1, 0, 1, 1, 0, 1, 1, 0, 0, 0, 0, 1, 0, 0, 1, 1, 0, 1, 1, 0, 1, 1, 0], [1, 1, 0, 1, 1, 0, 1, 1, 0, 1, 1, 0, 1, 1, 0, 1, 0, 1, 1, 0, 0, 1, 1, 0, 1, 1, 0, 1, 1, 0], [1, 1, 0, 1, 1, 0, 1, 1, 0, 1, 1, 0, 1, 1, 0, 1, 1, 0, 1, 0, 0, 0, 0, 0, 1, 1, 0, 1, 0, 1], [1, 1, 0, 1, 1, 0, 1, 1, 0, 1, 1, 0, 1, 1, 0, 1, 1, 0, 1, 0, 0, 0, 0, 0, 1, 1, 0, 1, 1, 0], [1, 1, 0, 1, 1, 0, 1, 1, 0, 1, 1, 0, 1, 1, 0, 1, 1, 0, 1, 0, 0, 1, 0, 1, 1, 1, 0, 1, 1, 0], [1, 1, 0, 1, 1, 0, 1, 1, 0, 1, 1, 0, 1, 1, 0, 1, 1, 0, 1, 0, 0, 1, 1, 0, 0, 0, 0, 1, 1, 0], [1, 1, 0, 1, 1, 0, 1, 1, 0, 1, 1, 0, 1, 1, 0, 1, 1, 0, 1, 0, 0, 1, 1, 0, 1, 0, 1, 1, 1, 0], [1, 1, 0, 1, 1, 0, 1, 1, 0, 1, 1, 0, 1, 1, 0, 1, 1, 0, 1, 0, 0, 1, 1, 0, 1, 1, 0, 0, 0, 0], [1, 1, 0, 1, 1, 0, 1, 1, 0, 1, 1, 0, 1, 1, 0, 1, 1, 0, 1, 0, 0, 1, 1, 0, 1, 1, 0, 1, 0, 1], [1, 1, 0, 1, 1, 0, 1, 1, 0, 1, 1, 0, 1, 1, 0, 1, 1, 0, 1, 0, 0, 1, 1, 0, 1, 1, 0, 1, 1, 0]]","[0.00390625, 0.00390625, 0.0078125, 0.00390625, 0.00390625, 0.0078125, 0.00390625, 0.01171875, 0.00390625, 0.00390625, 0.0234375, 0.00390625, 0.0234375, 0.00390625, 0.00390625, 0.03125, 0.00390625, 0.0078125, 0.015625, 0.00390625, 0.00390625, 0.00390625, 0.0234375, 0.00390625, 0.02734375, 0.01171875, 0.00390625, 0.015625, 0.015625, 0.02734375, 0.015625, 0.02734375, 0.01953125, 0.625]",31,229,62,102,324,
supportcase6_ds_qaoa_c726_c733_0002,data/miplib_benders/qaoa_problems/nvars_10/supportcase6_ds_qaoa_c726_c733_0002.json,10,30,2,ddsim,30,256,ok,1332.5241076130187,437.3359375,296734000.0,"{""B100594(7)"": 0, ""B100600(7)"": 0, ""B100602(7)"": 0, ""B100608(7)"": 0, ""B100623(7)"": 0, ""B101029(7)"": 0, ""B101035(7)"": 0, ""B101037(7)"": 0, ""B101043(7)"": 1, ""B101058(7)"": 1}",,,,"[[1, 0, 1, 1, 1, 0, 1, 1, 0, 0, 0, 0, 1, 0, 1, 1, 1, 0, 1, 1, 0, 1, 1, 0, 1, 0, 0, 1, 0, 0], [1, 0, 1, 1, 1, 0, 1, 1, 0, 0, 0, 0, 1, 1, 0, 1, 1, 0, 1, 1, 0, 1, 1, 0, 1, 0, 0, 1, 0, 0], [1, 1, 0, 1, 0, 0, 1, 1, 0, 0, 0, 0, 1, 1, 0, 1, 1, 0, 0, 1, 0, 1, 1, 0, 1, 0, 0, 1, 0, 0], [1, 1, 0, 1, 0, 1, 1, 1, 0, 0, 0, 0, 1, 1, 0, 1, 1, 0, 1, 1, 0, 1, 1, 0, 1, 0, 0, 1, 0, 0], [1, 1, 0, 1, 1, 0, 0, 0, 0, 0, 0, 0, 1, 1, 0, 1, 1, 0, 1, 1, 0, 1, 1, 0, 1, 0, 0, 1, 0, 0], [1, 1, 0, 1, 1, 0, 1, 0, 1, 0, 0, 0, 1, 1, 0, 1, 1, 0, 1, 1, 0, 1, 1, 0, 1, 0, 0, 1, 0, 0], [1, 1, 0, 1, 1, 0, 1, 1, 0, 0, 0, 0, 0, 0, 0, 1, 1, 0, 1, 1, 0, 1, 1, 0, 1, 0, 0, 1, 0, 0], [1, 1, 0, 1, 1, 0, 1, 1, 0, 0, 0, 0, 1, 0, 1, 1, 1, 0, 1, 1, 0, 1, 1, 0, 1, 0, 0, 1, 0, 0], [1, 1, 0, 1, 1, 0, 1, 1, 0, 0, 0, 0, 1, 1, 0, 0, 0, 0, 1, 0, 1, 1, 1, 0, 1, 0, 0, 1, 0, 0], [1, 1, 0, 1, 1, 0, 1, 1, 0, 0, 0, 0, 1, 1, 0, 0, 0, 0, 1, 1, 0, 1, 1, 0, 1, 0, 0, 1, 0, 0], [1, 1, 0, 1, 1, 0, 1, 1, 0, 0, 0, 0, 1, 1, 0, 1, 0, 1, 1, 1, 0, 1, 1, 0, 1, 0, 0, 1, 0, 0], [1, 1, 0, 1, 1, 0, 1, 1, 0, 0, 0, 0, 1, 1, 0, 1, 1, 0, 0, 0, 0, 1, 1, 0, 1, 0, 0, 1, 0, 0], [1, 1, 0, 1, 1, 0, 1, 1, 0, 0, 0, 0, 1, 1, 0, 1, 1, 0, 1, 0, 1, 1, 1, 0, 1, 0, 0, 1, 0, 0], [1, 1, 0, 1, 1, 0, 1, 1, 0, 0, 0, 0, 1, 1, 0, 1, 1, 0, 1, 1, 0, 1, 0, 1, 1, 0, 0, 1, 0, 0], [1, 1, 0, 1, 1, 0, 1, 1, 0, 0, 0, 0, 1, 1, 0, 1, 1, 0, 1, 1, 0, 1, 1, 0, 1, 0, 0, 1, 0, 0]]","[0.00390625, 0.015625, 0.00390625, 0.01171875, 0.0078125, 0.01171875, 0.0078125, 0.015625, 0.00390625, 0.0078125, 0.0078125, 0.0078125, 0.0078125, 0.01171875, 0.875]",26,535,62,256,536,
supportcase6_ds_qaoa_c726_c733_0001,data/miplib_benders/qaoa_problems/nvars_10/supportcase6_ds_qaoa_c726_c733_0001.json,10,30,2,ddsim,30,256,ok,1685.2045514259953,435.14453125,296734000.0,"{""B100166(7)"": 0, ""B100594(7)"": 0, ""B100600(7)"": 0, ""B100602(7)"": 0, ""B100608(7)"": 0, ""B100623(7)"": 1, ""B101029(7)"": 0, ""B101035(7)"": 0, ""B101037(7)"": 0, ""B101043(7)"": 1}",,,,"[[1, 0, 1, 1, 1, 0, 1, 1, 0, 1, 1, 0, 0, 0, 0, 1, 1, 0, 1, 1, 0, 1, 1, 0, 1, 0, 0, 1, 0, 0], [1, 1, 0, 0, 0, 0, 1, 1, 0, 1, 1, 0, 0, 0, 0, 1, 1, 0, 1, 1, 0, 1, 1, 0, 1, 0, 0, 1, 0, 0], [1, 1, 0, 1, 1, 0, 1, 1, 0, 1, 1, 0, 0, 0, 0, 1, 0, 1, 1, 1, 0, 1, 1, 0, 1, 0, 0, 1, 0, 0], [1, 1, 0, 1, 1, 0, 1, 1, 0, 1, 1, 0, 0, 0, 0, 1, 1, 0, 0, 0, 0, 1, 1, 0, 1, 0, 0, 1, 0, 0], [1, 1, 0, 1, 1, 0, 1, 1, 0, 1, 1, 0, 0, 0, 0, 1, 1, 0, 1, 1, 0, 1, 1, 0, 1, 0, 0, 1, 0, 0]]","[0.00390625, 0.00390625, 0.0078125, 0.0078125, 0.9765625]",31,535,62,256,536,
supportcase6_ds_qaoa_c722_c726_c733_0005,data/miplib_benders/qaoa_problems/nvars_10/supportcase6_ds_qaoa_c722_c726_c733_0005.json,10,30,3,ddsim,30,256,ok,2817.1715134840924,421.57421875,134333000.0,"{""B100608(7)"": 0, ""B100623(7)"": 0, ""B101029(7)"": 0, ""B101035(7)"": 0, ""B101037(7)"": 0, ""B101043(7)"": 0, ""B101058(7)"": 0, ""B101479(7)"": 0, ""B101485(7)"": 1, ""B101487(7)"": 0}",,,,"[[1, 0, 1, 1, 1, 0, 1, 1, 0, 1, 1, 0, 1, 1, 0, 1, 1, 0, 1, 1, 0, 1, 1, 0, 1, 0, 0, 1, 1, 0], [1, 1, 0, 1, 0, 1, 0, 0, 0, 1, 1, 0, 1, 1, 0, 1, 1, 0, 1, 1, 0, 1, 1, 0, 1, 0, 0, 1, 1, 0], [1, 1, 0, 1, 0, 1, 1, 1, 0, 1, 1, 0, 1, 1, 0, 0, 0, 0, 1, 1, 0, 1, 1, 0, 1, 0, 0, 1, 1, 0], [1, 1, 0, 1, 0, 1, 1, 1, 0, 1, 1, 0, 1, 1, 0, 1, 1, 0, 1, 1, 0, 1, 1, 0, 1, 0, 0, 1, 1, 0], [1, 1, 0, 1, 1, 0, 0, 0, 0, 1, 1, 0, 1, 1, 0, 0, 0, 0, 1, 1, 0, 1, 1, 0, 1, 0, 0, 1, 1, 0], [1, 1, 0, 1, 1, 0, 1, 0, 1, 1, 1, 0, 1, 1, 0, 1, 1, 0, 1, 0, 1, 1, 0, 1, 1, 0, 0, 1, 1, 0], [1, 1, 0, 1, 1, 0, 1, 0, 1, 1, 1, 0, 1, 1, 0, 1, 1, 0, 1, 1, 0, 1, 1, 0, 1, 0, 0, 1, 1, 0], [1, 1, 0, 1, 1, 0, 1, 1, 0, 1, 0, 1, 1, 1, 0, 1, 1, 0, 1, 1, 0, 1, 1, 0, 1, 0, 0, 1, 1, 0], [1, 1, 0, 1, 1, 0, 1, 1, 0, 1, 1, 0, 0, 0, 0, 1, 1, 0, 1, 1, 0, 1, 1, 0, 1, 0, 0, 1, 1, 0], [1, 1, 0, 1, 1, 0, 1, 1, 0, 1, 1, 0, 1, 0, 0, 1, 1, 0, 0, 1, 0, 1, 1, 0, 1, 0, 0, 1, 1, 0], [1, 1, 0, 1, 1, 0, 1, 1, 0, 1, 1, 0, 1, 0, 1, 1, 1, 0, 1, 1, 0, 1, 1, 0, 1, 0, 0, 1, 1, 0], [1, 1, 0, 1, 1, 0, 1, 1, 0, 1, 1, 0, 1, 1, 0, 0, 0, 0, 0, 0, 0, 1, 1, 0, 1, 0, 0, 1, 1, 0], [1, 1, 0, 1, 1, 0, 1, 1, 0, 1, 1, 0, 1, 1, 0, 0, 0, 0, 1, 1, 0, 1, 1, 0, 1, 0, 0, 1, 1, 0], [1, 1, 0, 1, 1, 0, 1, 1, 0, 1, 1, 0, 1, 1, 0, 1, 0, 1, 1, 0, 1, 1, 1, 0, 1, 0, 0, 1, 1, 0], [1, 1, 0, 1, 1, 0, 1, 1, 0, 1, 1, 0, 1, 1, 0, 1, 0, 1, 1, 1, 0, 1, 1, 0, 1, 0, 0, 1, 1, 0], [1, 1, 0, 1, 1, 0, 1, 1, 0, 1, 1, 0, 1, 1, 0, 1, 1, 0, 0, 0, 0, 1, 1, 0, 1, 0, 0, 1, 1, 0], [1, 1, 0, 1, 1, 0, 1, 1, 0, 1, 1, 0, 1, 1, 0, 1, 1, 0, 1, 0, 1, 1, 1, 0, 1, 0, 0, 1, 1, 0], [1, 1, 0, 1, 1, 0, 1, 1, 0, 1, 1, 0, 1, 1, 0, 1, 1, 0, 1, 1, 0, 0, 0, 0, 1, 0, 0, 1, 1, 0], [1, 1, 0, 1, 1, 0, 1, 1, 0, 1, 1, 0, 1, 1, 0, 1, 1, 0, 1, 1, 0, 1, 0, 1, 1, 0, 0, 1, 1, 0], [1, 1, 0, 1, 1, 0, 1, 1, 0, 1, 1, 0, 1, 1, 0, 1, 1, 0, 1, 1, 0, 1, 1, 0, 1, 0, 0, 0, 0, 0], [1, 1, 0, 1, 1, 0, 1, 1, 0, 1, 1, 0, 1, 1, 0, 1, 1, 0, 1, 1, 0, 1, 1, 0, 1, 0, 0, 1, 0, 1], [1, 1, 0, 1, 1, 0, 1, 1, 0, 1, 1, 0, 1, 1, 0, 1, 1, 0, 1, 1, 0, 1, 1, 0, 1, 0, 0, 1, 1, 0]]","[0.00390625, 0.0078125, 0.00390625, 0.015625, 0.00390625, 0.00390625, 0.00390625, 0.015625, 0.0078125, 0.00390625, 0.01953125, 0.00390625, 0.00390625, 0.00390625, 0.0234375, 0.00390625, 0.01953125, 0.01171875, 0.01171875, 0.0078125, 0.0234375, 0.796875]",27,229,62,102,324,
supportcase6_ds_qaoa_c726_c733_c745_0001,data/miplib_benders/qaoa_problems/nvars_10/supportcase6_ds_qaoa_c726_c733_c745_0001.json,10,30,3,ddsim,30,256,ok,2397.833239324973,437.08984375,296734000.0,"{""B100166(7)"": 0, ""B100594(7)"": 0, ""B100600(7)"": 0, ""B100602(7)"": 0, ""B100608(7)"": 0, ""B100623(7)"": 1, ""B101029(7)"": 0, ""B101035(7)"": 0, ""B101037(7)"": 0, ""B101043(7)"": 1}",,,,"[[1, 0, 0, 1, 0, 1, 1, 0, 1, 1, 1, 0, 1, 0, 0, 1, 1, 0, 1, 0, 1, 0, 0, 0, 1, 1, 0, 0, 0, 0], [1, 0, 0, 1, 1, 0, 1, 1, 0, 0, 0, 0, 1, 0, 0, 1, 1, 0, 1, 1, 0, 1, 1, 0, 1, 1, 0, 0, 0, 0], [1, 0, 0, 1, 1, 0, 1, 1, 0, 1, 1, 0, 1, 0, 0, 1, 1, 0, 1, 0, 1, 1, 1, 0, 1, 1, 0, 0, 0, 0], [1, 0, 0, 1, 1, 0, 1, 1, 0, 1, 1, 0, 1, 0, 0, 1, 1, 0, 1, 1, 0, 0, 0, 0, 1, 1, 0, 0, 0, 0], [1, 0, 1, 1, 1, 0, 1, 0, 1, 1, 1, 0, 0, 0, 0, 1, 1, 0, 1, 1, 0, 1, 0, 0, 1, 1, 0, 0, 0, 0], [1, 0, 1, 1, 1, 0, 1, 1, 0, 0, 0, 0, 0, 0, 0, 1, 1, 0, 1, 0, 1, 1, 0, 0, 1, 1, 0, 0, 0, 0], [1, 0, 1, 1, 1, 0, 1, 1, 0, 1, 1, 0, 0, 0, 0, 1, 1, 0, 1, 1, 0, 1, 0, 0, 1, 1, 0, 0, 0, 0], [1, 1, 0, 1, 0, 1, 1, 1, 0, 0, 0, 0, 0, 0, 0, 1, 1, 0, 1, 1, 0, 1, 0, 0, 1, 1, 0, 0, 0, 0], [1, 1, 0, 1, 0, 1, 1, 1, 0, 1, 1, 0, 0, 0, 0, 1, 1, 0, 0, 0, 0, 1, 0, 0, 1, 1, 0, 0, 0, 0], [1, 1, 0, 1, 0, 1, 1, 1, 0, 1, 1, 0, 0, 0, 0, 1, 1, 0, 1, 1, 0, 1, 0, 0, 0, 0, 0, 0, 0, 0], [1, 1, 0, 1, 0, 1, 1, 1, 0, 1, 1, 0, 0, 0, 0, 1, 1, 0, 1, 1, 0, 1, 0, 0, 1, 1, 0, 0, 0, 0], [1, 1, 0, 1, 1, 0, 0, 1, 0, 1, 1, 0, 0, 0, 0, 1, 0, 0, 1, 1, 0, 1, 0, 0, 1, 1, 0, 1, 0, 0], [1, 1, 0, 1, 1, 0, 1, 0, 0, 1, 1, 0, 0, 0, 0, 1, 1, 0, 1, 1, 0, 0, 0, 0, 0, 0, 0, 0, 0, 0], [1, 1, 0, 1, 1, 0, 1, 0, 1, 0, 0, 0, 0, 0, 0, 1, 1, 0, 1, 1, 0, 1, 0, 0, 1, 1, 0, 0, 0, 0], [1, 1, 0, 1, 1, 0, 1, 0, 1, 1, 0, 1, 0, 0, 0, 1, 1, 0, 1, 1, 0, 1, 0, 0, 1, 1, 0, 0, 0, 0], [1, 1, 0, 1, 1, 0, 1, 0, 1, 1, 1, 0, 0, 0, 0, 0, 0, 0, 1, 1, 0, 1, 0, 0, 1, 1, 0, 0, 0, 0], [1, 1, 0, 1, 1, 0, 1, 0, 1, 1, 1, 0, 0, 0, 0, 1, 0, 1, 1, 1, 0, 1, 0, 0, 1, 1, 0, 0, 0, 0], [1, 1, 0, 1, 1, 0, 1, 0, 1, 1, 1, 0, 0, 0, 0, 1, 1, 0, 1, 1, 0, 1, 0, 0, 1, 1, 0, 0, 0, 0], [1, 1, 0, 1, 1, 0, 1, 1, 0, 0, 0, 0, 0, 0, 0, 0, 0, 0, 1, 1, 0, 1, 0, 0, 1, 1, 0, 0, 0, 0], [1, 1, 0, 1, 1, 0, 1, 1, 0, 0, 0, 0, 0, 0, 0, 1, 0, 1, 1, 1, 0, 1, 0, 0, 1, 1, 0, 0, 0, 0], [1, 1, 0, 1, 1, 0, 1, 1, 0, 0, 0, 0, 0, 0, 0, 1, 1, 0, 1, 1, 0, 1, 0, 0, 1, 0, 1, 0, 0, 0], [1, 1, 0, 1, 1, 0, 1, 1, 0, 0, 0, 0, 0, 0, 0, 1, 1, 0, 1, 1, 0, 1, 0, 0, 1, 1, 0, 0, 0, 0], [1, 1, 0, 1, 1, 0, 1, 1, 0, 1, 0, 0, 0, 0, 0, 1, 1, 0, 0, 1, 0, 1, 0, 0, 1, 1, 0, 0, 0, 0], [1, 1, 0, 1, 1, 0, 1, 1, 0, 1, 0, 1, 0, 0, 0, 1, 1, 0, 1, 0, 1, 1, 0, 0, 1, 1, 0, 0, 0, 0], [1, 1, 0, 1, 1, 0, 1, 1, 0, 1, 0, 1, 0, 0, 0, 1, 1, 0, 1, 1, 0, 1, 0, 0, 0, 0, 0, 0, 0, 0], [1, 1, 0, 1, 1, 0, 1, 1, 0, 1, 0, 1, 0, 0, 0, 1, 1, 0, 1, 1, 0, 1, 0, 0, 1, 0, 1, 0, 0, 0], [1, 1, 0, 1, 1, 0, 1, 1, 0, 1, 0, 1, 0, 0, 0, 1, 1, 0, 1, 1, 0, 1, 0, 0, 1, 1, 0, 0, 0, 0], [1, 1, 0, 1, 1, 0, 1, 1, 0, 1, 1, 0, 0, 0, 0, 0, 0, 0, 1, 0, 1, 1, 0, 0, 1, 1, 0, 0, 0, 0], [1, 1, 0, 1, 1, 0, 1, 1, 0, 1, 1, 0, 0, 0, 0, 0, 0, 0, 1, 1, 0, 1, 0, 0, 1, 1, 0, 0, 0, 0], [1, 1, 0, 1, 1, 0, 1, 1, 0, 1, 1, 0, 0, 0, 0, 1, 0, 1, 0, 0, 0, 1, 0, 0, 1, 1, 0, 0, 0, 0], [1, 1, 0, 1, 1, 0, 1, 1, 0, 1, 1, 0, 0, 0, 0, 1, 0, 1, 1, 1, 0, 1, 0, 0, 0, 0, 0, 0, 0, 0], [1, 1, 0, 1, 1, 0, 1, 1, 0, 1, 1, 0, 0, 0, 0, 1, 0, 1, 1, 1, 0, 1, 0, 0, 1, 1, 0, 0, 0, 0], [1, 1, 0, 1, 1, 0, 1, 1, 0, 1, 1, 0, 0, 0, 0, 1, 1, 0, 0, 0, 0, 1, 0, 0, 0, 0, 0, 0, 0, 0], [1, 1, 0, 1, 1, 0, 1, 1, 0, 1, 1, 0, 0, 0, 0, 1, 1, 0, 0, 0, 0, 1, 0, 0, 1, 1, 0, 0, 0, 0], [1, 1, 0, 1, 1, 0, 1, 1, 0, 1, 1, 0, 0, 0, 0, 1, 1, 0, 1, 0, 0, 1, 0, 0, 0, 1, 0, 0, 0, 0], [1, 1, 0, 1, 1, 0, 1, 1, 0, 1, 1, 0, 0, 0, 0, 1, 1, 0, 1, 0, 1, 1, 0, 0, 1, 0, 1, 0, 0, 0], [1, 1, 0, 1, 1, 0, 1, 1, 0, 1, 1, 0, 0, 0, 0, 1, 1, 0, 1, 0, 1, 1, 0, 0, 1, 1, 0, 0, 0, 0], [1, 1, 0, 1, 1, 0, 1, 1, 0, 1, 1, 0, 0, 0, 0, 1, 1, 0, 1, 1, 0, 1, 0, 0, 0, 0, 0, 0, 0, 0], [1, 1, 0, 1, 1, 0, 1, 1, 0, 1, 1, 0, 0, 0, 0, 1, 1, 0, 1, 1, 0, 1, 0, 0, 1, 0, 1, 0, 0, 0], [1, 1, 0, 1, 1, 0, 1, 1, 0, 1, 1, 0, 0, 0, 0, 1, 1, 0, 1, 1, 0, 1, 0, 0, 1, 1, 0, 0, 0, 0]]","[0.00390625, 0.00390625, 0.00390625, 0.00390625, 0.00390625, 0.00390625, 0.01953125, 0.00390625, 0.00390625, 0.00390625, 0.01171875, 0.00390625, 0.00390625, 0.0078125, 0.00390625, 0.00390625, 0.00390625, 0.0234375, 0.00390625, 0.00390625, 0.0078125, 0.02734375, 0.0078125, 0.00390625, 0.00390625, 0.00390625, 0.03515625, 0.00390625, 0.0234375, 0.0078125, 0.00390625, 0.03515625, 0.00390625, 0.0234375, 0.00390625, 0.00390625, 0.0390625, 0.02734375, 0.02734375, 0.58203125]",25,375,62,184,526,
supportcase6_ds_qaoa_c726_c733_c745_0002,data/miplib_benders/qaoa_problems/nvars_10/supportcase6_ds_qaoa_c726_c733_c745_0002.json,10,30,3,ddsim,30,256,ok,2976.131163924001,435.87109375,296734000.0,"{""B100594(7)"": 0, ""B100600(7)"": 0, ""B100602(7)"": 0, ""B100608(7)"": 1, ""B100623(7)"": 0, ""B101029(7)"": 0, ""B101035(7)"": 0, ""B101037(7)"": 0, ""B101043(7)"": 0, ""B101058(7)"": 1}",,,,"[[1, 0, 1, 1, 1, 0, 1, 1, 0, 1, 1, 0, 0, 0, 0, 1, 1, 0, 1, 1, 0, 1, 1, 0, 1, 0, 0, 1, 0, 0], [1, 1, 0, 1, 0, 1, 1, 1, 0, 1, 0, 1, 0, 0, 0, 1, 1, 0, 1, 1, 0, 1, 1, 0, 1, 0, 0, 1, 0, 0], [1, 1, 0, 1, 0, 1, 1, 1, 0, 1, 1, 0, 0, 0, 0, 1, 1, 0, 1, 1, 0, 1, 1, 0, 1, 0, 0, 1, 0, 0], [1, 1, 0, 1, 1, 0, 0, 0, 0, 1, 0, 1, 0, 0, 0, 1, 1, 0, 1, 1, 0, 1, 1, 0, 1, 0, 0, 1, 0, 0], [1, 1, 0, 1, 1, 0, 0, 0, 0, 1, 1, 0, 0, 0, 0, 1, 1, 0, 1, 1, 0, 1, 1, 0, 1, 0, 0, 1, 0, 0], [1, 1, 0, 1, 1, 0, 1, 0, 0, 1, 1, 0, 0, 0, 0, 0, 1, 0, 1, 1, 0, 1, 1, 0, 1, 0, 0, 1, 0, 0], [1, 1, 0, 1, 1, 0, 1, 0, 1, 1, 1, 0, 0, 0, 0, 1, 1, 0, 1, 1, 0, 1, 1, 0, 1, 0, 0, 1, 0, 0], [1, 1, 0, 1, 1, 0, 1, 1, 0, 1, 0, 1, 0, 0, 0, 0, 0, 0, 1, 1, 0, 1, 1, 0, 1, 0, 0, 1, 0, 0], [1, 1, 0, 1, 1, 0, 1, 1, 0, 1, 0, 1, 0, 0, 0, 1, 1, 0, 1, 1, 0, 1, 1, 0, 1, 0, 0, 1, 0, 0], [1, 1, 0, 1, 1, 0, 1, 1, 0, 1, 1, 0, 0, 0, 0, 0, 0, 0, 1, 1, 0, 1, 1, 0, 1, 0, 0, 1, 0, 0], [1, 1, 0, 1, 1, 0, 1, 1, 0, 1, 1, 0, 0, 0, 0, 1, 0, 1, 1, 1, 0, 1, 1, 0, 1, 0, 0, 1, 0, 0], [1, 1, 0, 1, 1, 0, 1, 1, 0, 1, 1, 0, 0, 0, 0, 1, 1, 0, 0, 0, 0, 1, 1, 0, 1, 0, 0, 1, 0, 0], [1, 1, 0, 1, 1, 0, 1, 1, 0, 1, 1, 0, 0, 0, 0, 1, 1, 0, 1, 0, 1, 1, 1, 0, 1, 0, 0, 1, 0, 0], [1, 1, 0, 1, 1, 0, 1, 1, 0, 1, 1, 0, 0, 0, 0, 1, 1, 0, 1, 1, 0, 0, 0, 0, 1, 0, 0, 1, 0, 0], [1, 1, 0, 1, 1, 0, 1, 1, 0, 1, 1, 0, 0, 0, 0, 1, 1, 0, 1, 1, 0, 1, 0, 1, 1, 0, 0, 1, 0, 0], [1, 1, 0, 1, 1, 0, 1, 1, 0, 1, 1, 0, 0, 0, 0, 1, 1, 0, 1, 1, 0, 1, 1, 0, 1, 0, 0, 1, 0, 0]]","[0.0078125, 0.00390625, 0.0078125, 0.00390625, 0.0078125, 0.00390625, 0.0078125, 0.00390625, 0.0078125, 0.0078125, 0.01953125, 0.01171875, 0.00390625, 0.01953125, 0.01171875, 0.87109375]",31,375,62,184,527,
supportcase6_ds_qaoa_c726_c733_c745_0003,data/miplib_benders/qaoa_problems/nvars_10/supportcase6_ds_qaoa_c726_c733_c745_0003.json,10,30,3,ddsim,30,256,ok,3137.7519016370643,437.0078125,296734000.0,"{""B100600(7)"": 0, ""B100602(7)"": 0, ""B100608(7)"": 1, ""B100623(7)"": 0, ""B101029(7)"": 0, ""B101035(7)"": 0, ""B101037(7)"": 0, ""B101043(7)"": 0, ""B101058(7)"": 1, ""B101479(7)"": 0}",,,,"[[1, 0, 1, 1, 1, 0, 1, 1, 0, 0, 0, 0, 0, 0, 0, 1, 1, 0, 1, 1, 0, 1, 0, 0, 1, 0, 0, 1, 1, 0], [1, 0, 1, 1, 1, 0, 1, 1, 0, 0, 0, 0, 1, 1, 0, 1, 1, 0, 1, 0, 1, 1, 0, 0, 1, 0, 0, 1, 1, 0], [1, 0, 1, 1, 1, 0, 1, 1, 0, 0, 0, 0, 1, 1, 0, 1, 1, 0, 1, 1, 0, 1, 0, 0, 1, 0, 0, 1, 1, 0], [1, 1, 0, 1, 0, 1, 1, 1, 0, 0, 0, 0, 1, 1, 0, 1, 1, 0, 1, 1, 0, 1, 0, 0, 1, 0, 0, 1, 1, 0], [1, 1, 0, 1, 1, 0, 1, 0, 0, 1, 0, 0, 1, 1, 0, 0, 1, 0, 1, 1, 0, 1, 0, 0, 1, 0, 0, 1, 1, 0], [1, 1, 0, 1, 1, 0, 1, 0, 1, 0, 0, 0, 1, 1, 0, 1, 1, 0, 1, 1, 0, 1, 0, 0, 1, 0, 0, 1, 1, 0], [1, 1, 0, 1, 1, 0, 1, 1, 0, 0, 0, 0, 0, 0, 0, 1, 1, 0, 1, 1, 0, 1, 0, 0, 1, 0, 0, 1, 1, 0], [1, 1, 0, 1, 1, 0, 1, 1, 0, 0, 0, 0, 1, 0, 0, 1, 1, 0, 0, 1, 0, 1, 0, 0, 1, 0, 0, 1, 1, 0], [1, 1, 0, 1, 1, 0, 1, 1, 0, 0, 0, 0, 1, 0, 1, 1, 1, 0, 1, 1, 0, 1, 0, 0, 1, 0, 0, 1, 1, 0], [1, 1, 0, 1, 1, 0, 1, 1, 0, 0, 0, 0, 1, 1, 0, 0, 0, 0, 1, 1, 0, 1, 0, 0, 1, 0, 0, 1, 1, 0], [1, 1, 0, 1, 1, 0, 1, 1, 0, 0, 0, 0, 1, 1, 0, 1, 0, 1, 1, 1, 0, 1, 0, 0, 1, 0, 0, 1, 1, 0], [1, 1, 0, 1, 1, 0, 1, 1, 0, 0, 0, 0, 1, 1, 0, 1, 1, 0, 0, 0, 0, 1, 0, 0, 1, 0, 0, 1, 1, 0], [1, 1, 0, 1, 1, 0, 1, 1, 0, 0, 0, 0, 1, 1, 0, 1, 1, 0, 1, 0, 1, 1, 0, 0, 1, 0, 0, 1, 0, 1], [1, 1, 0, 1, 1, 0, 1, 1, 0, 0, 0, 0, 1, 1, 0, 1, 1, 0, 1, 0, 1, 1, 0, 0, 1, 0, 0, 1, 1, 0], [1, 1, 0, 1, 1, 0, 1, 1, 0, 0, 0, 0, 1, 1, 0, 1, 1, 0, 1, 1, 0, 1, 0, 0, 1, 0, 0, 0, 0, 0], [1, 1, 0, 1, 1, 0, 1, 1, 0, 0, 0, 0, 1, 1, 0, 1, 1, 0, 1, 1, 0, 1, 0, 0, 1, 0, 0, 1, 0, 1], [1, 1, 0, 1, 1, 0, 1, 1, 0, 0, 0, 0, 1, 1, 0, 1, 1, 0, 1, 1, 0, 1, 0, 0, 1, 0, 0, 1, 1, 0]]","[0.00390625, 0.00390625, 0.01953125, 0.01953125, 0.00390625, 0.0078125, 0.015625, 0.00390625, 0.0078125, 0.0234375, 0.0234375, 0.0078125, 0.00390625, 0.01171875, 0.0078125, 0.01171875, 0.82421875]",25,375,62,184,527,
supportcase6_ds_qaoa_c726_c733_c745_0004,data/miplib_benders/qaoa_problems/nvars_10/supportcase6_ds_qaoa_c726_c733_c745_0004.json,10,30,3,ddsim,30,256,ok,3575.640275817015,437.23046875,296734000.0,"{""B100602(7)"": 0, ""B100608(7)"": 1, ""B100623(7)"": 0, ""B101029(7)"": 0, ""B101035(7)"": 0, ""B101037(7)"": 0, ""B101043(7)"": 0, ""B101058(7)"": 1, ""B101479(7)"": 0, ""B101485(7)"": 0}",,,,"[[1, 0, 1, 1, 1, 0, 1, 1, 0, 1, 1, 0, 1, 1, 0, 1, 1, 0, 1, 1, 0, 1, 1, 0, 1, 1, 0, 1, 0, 0], [1, 1, 0, 1, 0, 1, 1, 1, 0, 1, 1, 0, 1, 1, 0, 1, 1, 0, 1, 1, 0, 1, 1, 0, 1, 1, 0, 1, 0, 0], [1, 1, 0, 1, 1, 0, 1, 0, 1, 1, 1, 0, 1, 1, 0, 1, 1, 0, 1, 1, 0, 1, 1, 0, 1, 1, 0, 1, 0, 0], [1, 1, 0, 1, 1, 0, 1, 1, 0, 0, 0, 0, 1, 1, 0, 1, 1, 0, 1, 1, 0, 1, 1, 0, 1, 1, 0, 1, 0, 0], [1, 1, 0, 1, 1, 0, 1, 1, 0, 1, 0, 1, 1, 1, 0, 1, 1, 0, 1, 1, 0, 1, 1, 0, 1, 1, 0, 1, 0, 0], [1, 1, 0, 1, 1, 0, 1, 1, 0, 1, 1, 0, 0, 0, 0, 1, 1, 0, 1, 1, 0, 1, 1, 0, 1, 1, 0, 1, 0, 0], [1, 1, 0, 1, 1, 0, 1, 1, 0, 1, 1, 0, 1, 0, 1, 1, 1, 0, 1, 1, 0, 1, 1, 0, 1, 1, 0, 1, 0, 0], [1, 1, 0, 1, 1, 0, 1, 1, 0, 1, 1, 0, 1, 1, 0, 0, 0, 0, 1, 1, 0, 1, 1, 0, 1, 1, 0, 1, 0, 0], [1, 1, 0, 1, 1, 0, 1, 1, 0, 1, 1, 0, 1, 1, 0, 1, 0, 1, 1, 1, 0, 1, 1, 0, 1, 1, 0, 1, 0, 0], [1, 1, 0, 1, 1, 0, 1, 1, 0, 1, 1, 0, 1, 1, 0, 1, 1, 0, 0, 0, 0, 1, 1, 0, 1, 1, 0, 1, 0, 0], [1, 1, 0, 1, 1, 0, 1, 1, 0, 1, 1, 0, 1, 1, 0, 1, 1, 0, 1, 0, 1, 0, 0, 0, 1, 1, 0, 1, 0, 0], [1, 1, 0, 1, 1, 0, 1, 1, 0, 1, 1, 0, 1, 1, 0, 1, 1, 0, 1, 0, 1, 1, 1, 0, 1, 1, 0, 1, 0, 0], [1, 1, 0, 1, 1, 0, 1, 1, 0, 1, 1, 0, 1, 1, 0, 1, 1, 0, 1, 1, 0, 0, 0, 0, 1, 1, 0, 1, 0, 0], [1, 1, 0, 1, 1, 0, 1, 1, 0, 1, 1, 0, 1, 1, 0, 1, 1, 0, 1, 1, 0, 1, 0, 1, 1, 1, 0, 1, 0, 0], [1, 1, 0, 1, 1, 0, 1, 1, 0, 1, 1, 0, 1, 1, 0, 1, 1, 0, 1, 1, 0, 1, 1, 0, 0, 0, 0, 1, 0, 0], [1, 1, 0, 1, 1, 0, 1, 1, 0, 1, 1, 0, 1, 1, 0, 1, 1, 0, 1, 1, 0, 1, 1, 0, 1, 0, 1, 1, 0, 0], [1, 1, 0, 1, 1, 0, 1, 1, 0, 1, 1, 0, 1, 1, 0, 1, 1, 0, 1, 1, 0, 1, 1, 0, 1, 1, 0, 1, 0, 0]]","[0.00390625, 0.0078125, 0.00390625, 0.015625, 0.00390625, 0.0078125, 0.01171875, 0.00390625, 0.01171875, 0.0078125, 0.00390625, 0.00390625, 0.01171875, 0.01171875, 0.01953125, 0.00390625, 0.8671875]",29,375,62,184,522,
supportcase6_ds_qaoa_c733_c745_0001,data/miplib_benders/qaoa_problems/nvars_10/supportcase6_ds_qaoa_c733_c745_0001.json,10,30,2,ddsim,30,256,ok,2198.8669845010154,418.45703125,144887000.0,"{""B100594(7)"": 0, ""B100600(7)"": 0, ""B100602(7)"": 0, ""B100608(7)"": 0, ""B101029(7)"": 0, ""B101035(7)"": 0, ""B101037(7)"": 0, ""B101043(7)"": 1, ""B101479(7)"": 0, ""B101485(7)"": 0}",,,,"[[1, 0, 0, 1, 1, 0, 0, 1, 0, 1, 1, 0, 1, 1, 0, 0, 0, 0, 1, 1, 0, 1, 1, 0, 1, 1, 0, 1, 0, 0], [1, 0, 1, 1, 1, 0, 1, 1, 0, 1, 1, 0, 1, 1, 0, 1, 1, 0, 0, 0, 0, 1, 1, 0, 1, 1, 0, 1, 0, 0], [1, 0, 1, 1, 1, 0, 1, 1, 0, 1, 1, 0, 1, 1, 0, 1, 1, 0, 1, 1, 0, 1, 1, 0, 1, 1, 0, 1, 0, 0], [1, 1, 0, 1, 0, 1, 1, 0, 1, 1, 1, 0, 1, 1, 0, 1, 1, 0, 1, 1, 0, 1, 1, 0, 1, 1, 0, 1, 0, 0], [1, 1, 0, 1, 0, 1, 1, 1, 0, 1, 1, 0, 0, 0, 0, 1, 1, 0, 1, 1, 0, 1, 1, 0, 1, 1, 0, 1, 0, 0], [1, 1, 0, 1, 0, 1, 1, 1, 0, 1, 1, 0, 1, 1, 0, 1, 1, 0, 1, 1, 0, 1, 1, 0, 1, 1, 0, 1, 0, 0], [1, 1, 0, 1, 1, 0, 0, 0, 0, 1, 1, 0, 1, 1, 0, 1, 1, 0, 1, 1, 0, 1, 1, 0, 1, 1, 0, 1, 0, 0], [1, 1, 0, 1, 1, 0, 1, 0, 0, 1, 1, 0, 0, 1, 0, 1, 1, 0, 1, 1, 0, 1, 1, 0, 1, 1, 0, 1, 0, 0], [1, 1, 0, 1, 1, 0, 1, 0, 1, 1, 0, 1, 1, 1, 0, 1, 1, 0, 1, 1, 0, 1, 1, 0, 1, 1, 0, 1, 0, 0], [1, 1, 0, 1, 1, 0, 1, 0, 1, 1, 1, 0, 0, 0, 0, 1, 1, 0, 1, 1, 0, 1, 1, 0, 1, 1, 0, 1, 0, 0], [1, 1, 0, 1, 1, 0, 1, 0, 1, 1, 1, 0, 1, 1, 0, 1, 1, 0, 1, 1, 0, 1, 1, 0, 1, 0, 1, 1, 0, 0], [1, 1, 0, 1, 1, 0, 1, 0, 1, 1, 1, 0, 1, 1, 0, 1, 1, 0, 1, 1, 0, 1, 1, 0, 1, 1, 0, 1, 0, 0], [1, 1, 0, 1, 1, 0, 1, 1, 0, 0, 0, 0, 0, 0, 0, 1, 1, 0, 1, 1, 0, 1, 1, 0, 1, 1, 0, 1, 0, 0], [1, 1, 0, 1, 1, 0, 1, 1, 0, 0, 0, 0, 1, 1, 0, 1, 1, 0, 1, 1, 0, 0, 0, 0, 1, 1, 0, 1, 0, 0], [1, 1, 0, 1, 1, 0, 1, 1, 0, 0, 0, 0, 1, 1, 0, 1, 1, 0, 1, 1, 0, 1, 1, 0, 1, 0, 1, 1, 0, 0], [1, 1, 0, 1, 1, 0, 1, 1, 0, 0, 0, 0, 1, 1, 0, 1, 1, 0, 1, 1, 0, 1, 1, 0, 1, 1, 0, 1, 0, 0], [1, 1, 0, 1, 1, 0, 1, 1, 0, 1, 0, 1, 1, 1, 0, 1, 1, 0, 1, 1, 0, 1, 1, 0, 1, 1, 0, 1, 0, 0], [1, 1, 0, 1, 1, 0, 1, 1, 0, 1, 1, 0, 0, 0, 0, 1, 1, 0, 1, 1, 0, 1, 1, 0, 1, 1, 0, 1, 0, 0], [1, 1, 0, 1, 1, 0, 1, 1, 0, 1, 1, 0, 1, 0, 1, 1, 0, 1, 1, 1, 0, 1, 1, 0, 1, 1, 0, 1, 0, 0], [1, 1, 0, 1, 1, 0, 1, 1, 0, 1, 1, 0, 1, 0, 1, 1, 1, 0, 1, 1, 0, 1, 1, 0, 0, 0, 0, 1, 0, 0], [1, 1, 0, 1, 1, 0, 1, 1, 0, 1, 1, 0, 1, 0, 1, 1, 1, 0, 1, 1, 0, 1, 1, 0, 1, 1, 0, 1, 0, 0], [1, 1, 0, 1, 1, 0, 1, 1, 0, 1, 1, 0, 1, 1, 0, 0, 0, 0, 1, 1, 0, 1, 1, 0, 1, 1, 0, 1, 0, 0], [1, 1, 0, 1, 1, 0, 1, 1, 0, 1, 1, 0, 1, 1, 0, 1, 0, 1, 1, 1, 0, 1, 1, 0, 1, 1, 0, 1, 0, 0], [1, 1, 0, 1, 1, 0, 1, 1, 0, 1, 1, 0, 1, 1, 0, 1, 1, 0, 0, 0, 0, 1, 1, 0, 1, 1, 0, 1, 0, 0], [1, 1, 0, 1, 1, 0, 1, 1, 0, 1, 1, 0, 1, 1, 0, 1, 1, 0, 1, 0, 1, 1, 1, 0, 1, 0, 1, 1, 0, 0], [1, 1, 0, 1, 1, 0, 1, 1, 0, 1, 1, 0, 1, 1, 0, 1, 1, 0, 1, 0, 1, 1, 1, 0, 1, 1, 0, 1, 0, 0], [1, 1, 0, 1, 1, 0, 1, 1, 0, 1, 1, 0, 1, 1, 0, 1, 1, 0, 1, 1, 0, 0, 0, 0, 1, 1, 0, 1, 0, 0], [1, 1, 0, 1, 1, 0, 1, 1, 0, 1, 1, 0, 1, 1, 0, 1, 1, 0, 1, 1, 0, 1, 1, 0, 0, 0, 0, 1, 0, 0], [1, 1, 0, 1, 1, 0, 1, 1, 0, 1, 1, 0, 1, 1, 0, 1, 1, 0, 1, 1, 0, 1, 1, 0, 1, 0, 1, 1, 0, 0], [1, 1, 0, 1, 1, 0, 1, 1, 0, 1, 1, 0, 1, 1, 0, 1, 1, 0, 1, 1, 0, 1, 1, 0, 1, 1, 0, 1, 0, 0]]","[0.00390625, 0.00390625, 0.0078125, 0.00390625, 0.00390625, 0.01171875, 0.0078125, 0.00390625, 0.00390625, 0.00390625, 0.00390625, 0.01953125, 0.00390625, 0.00390625, 0.00390625, 0.03125, 0.02734375, 0.01953125, 0.00390625, 0.00390625, 0.0234375, 0.0078125, 0.015625, 0.01171875, 0.00390625, 0.01171875, 0.02734375, 0.0234375, 0.01953125, 0.6796875]",29,189,62,84,333,
supportcase6_ds_qaoa_c733_c745_0002,data/miplib_benders/qaoa_problems/nvars_10/supportcase6_ds_qaoa_c733_c745_0002.json,10,30,2,ddsim,30,256,ok,2726.7818144269986,419.62890625,144887000.0,"{""B100600(7)"": 0, ""B100602(7)"": 0, ""B100608(7)"": 0, ""B101029(7)"": 0, ""B101035(7)"": 0, ""B101037(7)"": 0, ""B101043(7)"": 1, ""B101479(7)"": 0, ""B101485(7)"": 0, ""B101487(7)"": 0}",,,,"[[1, 0, 1, 1, 1, 0, 1, 0, 1, 1, 1, 0, 1, 1, 0, 1, 1, 0, 1, 1, 0, 1, 1, 0, 1, 0, 0, 1, 1, 0], [1, 0, 1, 1, 1, 0, 1, 1, 0, 1, 1, 0, 1, 1, 0, 1, 1, 0, 0, 0, 0, 0, 0, 0, 1, 0, 0, 1, 0, 1], [1, 0, 1, 1, 1, 0, 1, 1, 0, 1, 1, 0, 1, 1, 0, 1, 1, 0, 1, 0, 1, 1, 0, 1, 1, 0, 0, 1, 1, 0], [1, 0, 1, 1, 1, 0, 1, 1, 0, 1, 1, 0, 1, 1, 0, 1, 1, 0, 1, 1, 0, 1, 1, 0, 1, 0, 0, 1, 1, 0], [1, 1, 0, 1, 0, 1, 1, 1, 0, 1, 0, 1, 1, 0, 1, 1, 1, 0, 1, 1, 0, 1, 1, 0, 1, 0, 0, 1, 1, 0], [1, 1, 0, 1, 0, 1, 1, 1, 0, 1, 1, 0, 1, 1, 0, 1, 0, 1, 1, 1, 0, 1, 1, 0, 1, 0, 0, 1, 1, 0], [1, 1, 0, 1, 0, 1, 1, 1, 0, 1, 1, 0, 1, 1, 0, 1, 1, 0, 1, 1, 0, 1, 1, 0, 1, 0, 0, 1, 1, 0], [1, 1, 0, 1, 1, 0, 0, 0, 0, 1, 1, 0, 1, 1, 0, 0, 0, 0, 1, 1, 0, 1, 1, 0, 1, 0, 0, 1, 1, 0], [1, 1, 0, 1, 1, 0, 0, 0, 0, 1, 1, 0, 1, 1, 0, 1, 1, 0, 1, 1, 0, 1, 0, 1, 1, 0, 0, 1, 1, 0], [1, 1, 0, 1, 1, 0, 0, 0, 0, 1, 1, 0, 1, 1, 0, 1, 1, 0, 1, 1, 0, 1, 1, 0, 1, 0, 0, 0, 0, 0], [1, 1, 0, 1, 1, 0, 0, 0, 0, 1, 1, 0, 1, 1, 0, 1, 1, 0, 1, 1, 0, 1, 1, 0, 1, 0, 0, 1, 1, 0], [1, 1, 0, 1, 1, 0, 1, 0, 1, 0, 0, 0, 1, 1, 0, 1, 1, 0, 1, 1, 0, 1, 1, 0, 1, 0, 0, 1, 1, 0], [1, 1, 0, 1, 1, 0, 1, 0, 1, 1, 1, 0, 1, 0, 1, 1, 0, 1, 1, 1, 0, 1, 1, 0, 1, 0, 0, 1, 1, 0], [1, 1, 0, 1, 1, 0, 1, 0, 1, 1, 1, 0, 1, 1, 0, 1, 1, 0, 1, 1, 0, 1, 1, 0, 1, 0, 0, 1, 1, 0], [1, 1, 0, 1, 1, 0, 1, 1, 0, 0, 0, 0, 1, 1, 0, 1, 1, 0, 1, 1, 0, 1, 1, 0, 1, 0, 0, 1, 1, 0], [1, 1, 0, 1, 1, 0, 1, 1, 0, 1, 0, 1, 0, 0, 0, 1, 1, 0, 1, 1, 0, 1, 1, 0, 1, 0, 0, 1, 1, 0], [1, 1, 0, 1, 1, 0, 1, 1, 0, 1, 0, 1, 1, 1, 0, 1, 1, 0, 0, 0, 0, 1, 1, 0, 1, 0, 0, 1, 1, 0], [1, 1, 0, 1, 1, 0, 1, 1, 0, 1, 0, 1, 1, 1, 0, 1, 1, 0, 1, 1, 0, 0, 0, 0, 1, 0, 0, 1, 1, 0], [1, 1, 0, 1, 1, 0, 1, 1, 0, 1, 0, 1, 1, 1, 0, 1, 1, 0, 1, 1, 0, 1, 1, 0, 1, 0, 0, 1, 1, 0], [1, 1, 0, 1, 1, 0, 1, 1, 0, 1, 1, 0, 0, 0, 0, 1, 1, 0, 1, 1, 0, 1, 1, 0, 1, 0, 0, 1, 1, 0], [1, 1, 0, 1, 1, 0, 1, 1, 0, 1, 1, 0, 1, 0, 1, 1, 1, 0, 1, 1, 0, 1, 1, 0, 1, 0, 0, 1, 1, 0], [1, 1, 0, 1, 1, 0, 1, 1, 0, 1, 1, 0, 1, 1, 0, 0, 0, 0, 1, 1, 0, 1, 1, 0, 1, 0, 0, 1, 1, 0], [1, 1, 0, 1, 1, 0, 1, 1, 0, 1, 1, 0, 1, 1, 0, 1, 0, 1, 1, 1, 0, 0, 0, 0, 1, 0, 0, 1, 1, 0], [1, 1, 0, 1, 1, 0, 1, 1, 0, 1, 1, 0, 1, 1, 0, 1, 0, 1, 1, 1, 0, 1, 0, 1, 1, 0, 0, 1, 1, 0], [1, 1, 0, 1, 1, 0, 1, 1, 0, 1, 1, 0, 1, 1, 0, 1, 0, 1, 1, 1, 0, 1, 1, 0, 1, 0, 0, 1, 0, 1], [1, 1, 0, 1, 1, 0, 1, 1, 0, 1, 1, 0, 1, 1, 0, 1, 0, 1, 1, 1, 0, 1, 1, 0, 1, 0, 0, 1, 1, 0], [1, 1, 0, 1, 1, 0, 1, 1, 0, 1, 1, 0, 1, 1, 0, 1, 1, 0, 0, 0, 0, 1, 0, 1, 1, 0, 0, 1, 1, 0], [1, 1, 0, 1, 1, 0, 1, 1, 0, 1, 1, 0, 1, 1, 0, 1, 1, 0, 0, 0, 0, 1, 1, 0, 1, 0, 0, 1, 1, 0], [1, 1, 0, 1, 1, 0, 1, 1, 0, 1, 1, 0, 1, 1, 0, 1, 1, 0, 1, 0, 1, 1, 1, 0, 1, 0, 0, 0, 0, 0], [1, 1, 0, 1, 1, 0, 1, 1, 0, 1, 1, 0, 1, 1, 0, 1, 1, 0, 1, 0, 1, 1, 1, 0, 1, 0, 0, 1, 1, 0], [1, 1, 0, 1, 1, 0, 1, 1, 0, 1, 1, 0, 1, 1, 0, 1, 1, 0, 1, 1, 0, 0, 0, 0, 1, 0, 0, 1, 1, 0], [1, 1, 0, 1, 1, 0, 1, 1, 0, 1, 1, 0, 1, 1, 0, 1, 1, 0, 1, 1, 0, 1, 0, 1, 1, 0, 0, 0, 0, 0], [1, 1, 0, 1, 1, 0, 1, 1, 0, 1, 1, 0, 1, 1, 0, 1, 1, 0, 1, 1, 0, 1, 0, 1, 1, 0, 0, 1, 1, 0], [1, 1, 0, 1, 1, 0, 1, 1, 0, 1, 1, 0, 1, 1, 0, 1, 1, 0, 1, 1, 0, 1, 1, 0, 1, 0, 0, 0, 0, 0], [1, 1, 0, 1, 1, 0, 1, 1, 0, 1, 1, 0, 1, 1, 0, 1, 1, 0, 1, 1, 0, 1, 1, 0, 1, 0, 0, 1, 0, 1], [1, 1, 0, 1, 1, 0, 1, 1, 0, 1, 1, 0, 1, 1, 0, 1, 1, 0, 1, 1, 0, 1, 1, 0, 1, 0, 0, 1, 1, 0]]","[0.00390625, 0.00390625, 0.00390625, 0.01953125, 0.00390625, 0.00390625, 0.0390625, 0.00390625, 0.00390625, 0.00390625, 0.02734375, 0.00390625, 0.00390625, 0.01953125, 0.01171875, 0.0078125, 0.00390625, 0.0078125, 0.01953125, 0.0390625, 0.01953125, 0.015625, 0.00390625, 0.0078125, 0.00390625, 0.02734375, 0.00390625, 0.01953125, 0.00390625, 0.0078125, 0.01953125, 0.00390625, 0.015625, 0.01953125, 0.00390625, 0.58984375]",27,189,62,84,333,
supportcase6_ds_qaoa_c726_c733_c745_0005,data/miplib_benders/qaoa_problems/nvars_10/supportcase6_ds_qaoa_c726_c733_c745_0005.json,10,30,3,ddsim,30,256,ok,4994.699006258044,452.95703125,296734000.0,"{""B100608(7)"": 1, ""B100623(7)"": 0, ""B101029(7)"": 0, ""B101035(7)"": 0, ""B101037(7)"": 0, ""B101043(7)"": 0, ""B101058(7)"": 1, ""B101479(7)"": 0, ""B101485(7)"": 0, ""B101487(7)"": 0}",,,,"[[1, 0, 0, 1, 1, 0, 1, 1, 0, 0, 0, 0, 1, 1, 0, 0, 1, 0, 1, 0, 1, 1, 1, 0, 1, 0, 0, 1, 1, 0], [1, 0, 1, 1, 1, 0, 1, 1, 0, 0, 0, 0, 1, 1, 0, 1, 1, 0, 1, 1, 0, 1, 1, 0, 1, 0, 0, 1, 1, 0], [1, 0, 1, 1, 1, 0, 1, 1, 0, 1, 1, 0, 0, 0, 0, 1, 0, 1, 1, 1, 0, 1, 1, 0, 1, 0, 0, 1, 1, 0], [1, 0, 1, 1, 1, 0, 1, 1, 0, 1, 1, 0, 1, 0, 1, 1, 1, 0, 1, 1, 0, 1, 1, 0, 1, 0, 0, 1, 1, 0], [1, 0, 1, 1, 1, 0, 1, 1, 0, 1, 1, 0, 1, 1, 0, 0, 0, 0, 1, 1, 0, 1, 1, 0, 1, 0, 0, 1, 1, 0], [1, 0, 1, 1, 1, 0, 1, 1, 0, 1, 1, 0, 1, 1, 0, 1, 1, 0, 1, 1, 0, 0, 0, 0, 1, 0, 0, 1, 1, 0], [1, 0, 1, 1, 1, 0, 1, 1, 0, 1, 1, 0, 1, 1, 0, 1, 1, 0, 1, 1, 0, 1, 1, 0, 1, 0, 0, 1, 1, 0], [1, 1, 0, 1, 0, 0, 1, 1, 0, 0, 0, 0, 1, 1, 0, 1, 1, 0, 0, 0, 1, 1, 1, 0, 1, 0, 0, 1, 1, 0], [1, 1, 0, 1, 0, 1, 1, 0, 1, 1, 1, 0, 1, 1, 0, 1, 1, 0, 1, 1, 0, 1, 1, 0, 1, 0, 0, 0, 0, 0], [1, 1, 0, 1, 0, 1, 1, 1, 0, 1, 0, 1, 1, 1, 0, 1, 1, 0, 1, 1, 0, 1, 0, 1, 1, 0, 0, 1, 1, 0], [1, 1, 0, 1, 0, 1, 1, 1, 0, 1, 0, 1, 1, 1, 0, 1, 1, 0, 1, 1, 0, 1, 1, 0, 1, 0, 0, 1, 1, 0], [1, 1, 0, 1, 0, 1, 1, 1, 0, 1, 1, 0, 1, 1, 0, 0, 0, 0, 1, 1, 0, 1, 1, 0, 1, 0, 0, 0, 0, 0], [1, 1, 0, 1, 0, 1, 1, 1, 0, 1, 1, 0, 1, 1, 0, 1, 0, 1, 1, 1, 0, 1, 1, 0, 1, 0, 0, 1, 1, 0], [1, 1, 0, 1, 0, 1, 1, 1, 0, 1, 1, 0, 1, 1, 0, 1, 1, 0, 1, 1, 0, 1, 1, 0, 1, 0, 0, 1, 0, 1], [1, 1, 0, 1, 0, 1, 1, 1, 0, 1, 1, 0, 1, 1, 0, 1, 1, 0, 1, 1, 0, 1, 1, 0, 1, 0, 0, 1, 1, 0], [1, 1, 0, 1, 1, 0, 1, 0, 0, 1, 1, 0, 0, 0, 1, 1, 1, 0, 1, 1, 0, 1, 1, 0, 1, 0, 0, 1, 1, 0], [1, 1, 0, 1, 1, 0, 1, 0, 1, 1, 0, 1, 1, 1, 0, 1, 1, 0, 1, 1, 0, 0, 0, 0, 1, 0, 0, 1, 1, 0], [1, 1, 0, 1, 1, 0, 1, 0, 1, 1, 1, 0, 1, 1, 0, 1, 1, 0, 1, 1, 0, 1, 1, 0, 1, 0, 0, 1, 1, 0], [1, 1, 0, 1, 1, 0, 1, 1, 0, 0, 0, 0, 0, 0, 0, 1, 1, 0, 1, 1, 0, 1, 1, 0, 1, 0, 0, 1, 1, 0], [1, 1, 0, 1, 1, 0, 1, 1, 0, 0, 0, 0, 1, 1, 0, 1, 1, 0, 0, 0, 0, 1, 1, 0, 1, 0, 0, 1, 1, 0], [1, 1, 0, 1, 1, 0, 1, 1, 0, 0, 0, 0, 1, 1, 0, 1, 1, 0, 1, 0, 1, 1, 1, 0, 1, 0, 0, 1, 0, 1], [1, 1, 0, 1, 1, 0, 1, 1, 0, 0, 0, 0, 1, 1, 0, 1, 1, 0, 1, 1, 0, 1, 1, 0, 1, 0, 0, 0, 0, 0], [1, 1, 0, 1, 1, 0, 1, 1, 0, 0, 0, 0, 1, 1, 0, 1, 1, 0, 1, 1, 0, 1, 1, 0, 1, 0, 0, 1, 1, 0], [1, 1, 0, 1, 1, 0, 1, 1, 0, 1, 0, 0, 1, 1, 0, 0, 1, 0, 0, 1, 0, 1, 1, 0, 1, 0, 0, 1, 1, 0], [1, 1, 0, 1, 1, 0, 1, 1, 0, 1, 0, 1, 1, 1, 0, 1, 0, 1, 1, 1, 0, 1, 1, 0, 1, 0, 0, 1, 1, 0], [1, 1, 0, 1, 1, 0, 1, 1, 0, 1, 0, 1, 1, 1, 0, 1, 1, 0, 1, 1, 0, 1, 0, 1, 1, 0, 0, 1, 0, 1], [1, 1, 0, 1, 1, 0, 1, 1, 0, 1, 0, 1, 1, 1, 0, 1, 1, 0, 1, 1, 0, 1, 1, 0, 1, 0, 0, 1, 1, 0], [1, 1, 0, 1, 1, 0, 1, 1, 0, 1, 1, 0, 0, 0, 0, 0, 0, 0, 1, 1, 0, 1, 1, 0, 1, 0, 0, 1, 1, 0], [1, 1, 0, 1, 1, 0, 1, 1, 0, 1, 1, 0, 0, 0, 0, 1, 1, 0, 1, 1, 0, 1, 1, 0, 1, 0, 0, 1, 1, 0], [1, 1, 0, 1, 1, 0, 1, 1, 0, 1, 1, 0, 1, 0, 1, 0, 0, 0, 1, 1, 0, 1, 1, 0, 1, 0, 0, 1, 1, 0], [1, 1, 0, 1, 1, 0, 1, 1, 0, 1, 1, 0, 1, 0, 1, 1, 0, 1, 1, 1, 0, 1, 1, 0, 1, 0, 0, 1, 1, 0], [1, 1, 0, 1, 1, 0, 1, 1, 0, 1, 1, 0, 1, 0, 1, 1, 1, 0, 1, 0, 1, 1, 1, 0, 1, 0, 0, 1, 1, 0], [1, 1, 0, 1, 1, 0, 1, 1, 0, 1, 1, 0, 1, 0, 1, 1, 1, 0, 1, 1, 0, 1, 1, 0, 1, 0, 0, 1, 1, 0], [1, 1, 0, 1, 1, 0, 1, 1, 0, 1, 1, 0, 1, 1, 0, 0, 0, 0, 1, 1, 0, 0, 0, 0, 1, 0, 0, 1, 0, 1], [1, 1, 0, 1, 1, 0, 1, 1, 0, 1, 1, 0, 1, 1, 0, 0, 0, 0, 1, 1, 0, 1, 0, 1, 1, 0, 0, 1, 1, 0], [1, 1, 0, 1, 1, 0, 1, 1, 0, 1, 1, 0, 1, 1, 0, 0, 0, 0, 1, 1, 0, 1, 1, 0, 1, 0, 0, 1, 1, 0], [1, 1, 0, 1, 1, 0, 1, 1, 0, 1, 1, 0, 1, 1, 0, 1, 0, 1, 1, 1, 0, 0, 0, 0, 1, 0, 0, 1, 1, 0], [1, 1, 0, 1, 1, 0, 1, 1, 0, 1, 1, 0, 1, 1, 0, 1, 0, 1, 1, 1, 0, 1, 1, 0, 1, 0, 0, 1, 1, 0], [1, 1, 0, 1, 1, 0, 1, 1, 0, 1, 1, 0, 1, 1, 0, 1, 1, 0, 0, 0, 0, 0, 0, 0, 1, 0, 0, 1, 1, 0], [1, 1, 0, 1, 1, 0, 1, 1, 0, 1, 1, 0, 1, 1, 0, 1, 1, 0, 0, 0, 0, 1, 1, 0, 1, 0, 0, 1, 1, 0], [1, 1, 0, 1, 1, 0, 1, 1, 0, 1, 1, 0, 1, 1, 0, 1, 1, 0, 1, 0, 1, 1, 1, 0, 1, 0, 0, 1, 1, 0], [1, 1, 0, 1, 1, 0, 1, 1, 0, 1, 1, 0, 1, 1, 0, 1, 1, 0, 1, 1, 0, 0, 0, 0, 1, 0, 0, 0, 0, 0], [1, 1, 0, 1, 1, 0, 1, 1, 0, 1, 1, 0, 1, 1, 0, 1, 1, 0, 1, 1, 0, 0, 0, 0, 1, 0, 0, 1, 1, 0], [1, 1, 0, 1, 1, 0, 1, 1, 0, 1, 1, 0, 1, 1, 0, 1, 1, 0, 1, 1, 0, 1, 0, 0, 1, 0, 0, 0, 1, 0], [1, 1, 0, 1, 1, 0, 1, 1, 0, 1, 1, 0, 1, 1, 0, 1, 1, 0, 1, 1, 0, 1, 0, 1, 1, 0, 0, 0, 0, 0], [1, 1, 0, 1, 1, 0, 1, 1, 0, 1, 1, 0, 1, 1, 0, 1, 1, 0, 1, 1, 0, 1, 0, 1, 1, 0, 0, 1, 0, 1], [1, 1, 0, 1, 1, 0, 1, 1, 0, 1, 1, 0, 1, 1, 0, 1, 1, 0, 1, 1, 0, 1, 0, 1, 1, 0, 0, 1, 1, 0], [1, 1, 0, 1, 1, 0, 1, 1, 0, 1, 1, 0, 1, 1, 0, 1, 1, 0, 1, 1, 0, 1, 1, 0, 1, 0, 0, 0, 0, 0], [1, 1, 0, 1, 1, 0, 1, 1, 0, 1, 1, 0, 1, 1, 0, 1, 1, 0, 1, 1, 0, 1, 1, 0, 1, 0, 0, 1, 0, 1], [1, 1, 0, 1, 1, 0, 1, 1, 0, 1, 1, 0, 1, 1, 0, 1, 1, 0, 1, 1, 0, 1, 1, 0, 1, 0, 0, 1, 1, 0]]","[0.00390625, 0.00390625, 0.00390625, 0.00390625, 0.00390625, 0.00390625, 0.01171875, 0.00390625, 0.00390625, 0.00390625, 0.00390625, 0.00390625, 0.00390625, 0.00390625, 0.0234375, 0.00390625, 0.00390625, 0.02734375, 0.00390625, 0.00390625, 0.00390625, 0.00390625, 0.0390625, 0.00390625, 0.0078125, 0.00390625, 0.01171875, 0.00390625, 0.0078125, 0.00390625, 0.0078125, 0.00390625, 0.01953125, 0.00390625, 0.01171875, 0.015625, 0.00390625, 0.02734375, 0.00390625, 0.02734375, 0.01953125, 0.00390625, 0.01953125, 0.00390625, 0.00390625, 0.00390625, 0.03125, 0.046875, 0.0234375, 0.5]",31,375,62,184,522,
supportcase6_ds_qaoa_c733_c745_c747_0002,data/miplib_benders/qaoa_problems/nvars_10/supportcase6_ds_qaoa_c733_c745_c747_0002.json,10,30,3,ddsim,30,256,ok,2113.5565378960455,421.53125,144887000.0,"{""B100594(7)"": 0, ""B100600(7)"": 0, ""B100602(7)"": 0, ""B100608(7)"": 1, ""B100623(7)"": 0, ""B101029(7)"": 0, ""B101035(7)"": 0, ""B101037(7)"": 0, ""B101043(7)"": 0, ""B101058(7)"": 0}",,,,"[[1, 0, 1, 1, 1, 0, 1, 1, 0, 1, 1, 0, 1, 1, 0, 1, 1, 0, 1, 1, 0, 1, 1, 0, 1, 0, 0, 1, 1, 0], [1, 1, 0, 1, 1, 0, 0, 0, 0, 1, 1, 0, 1, 1, 0, 1, 1, 0, 1, 1, 0, 0, 0, 0, 1, 0, 0, 1, 1, 0], [1, 1, 0, 1, 1, 0, 0, 0, 0, 1, 1, 0, 1, 1, 0, 1, 1, 0, 1, 1, 0, 1, 1, 0, 1, 0, 0, 1, 1, 0], [1, 1, 0, 1, 1, 0, 1, 0, 1, 1, 1, 0, 1, 1, 0, 1, 1, 0, 1, 1, 0, 1, 1, 0, 1, 0, 0, 1, 1, 0], [1, 1, 0, 1, 1, 0, 1, 1, 0, 0, 0, 0, 1, 1, 0, 1, 1, 0, 1, 1, 0, 1, 1, 0, 1, 0, 0, 1, 1, 0], [1, 1, 0, 1, 1, 0, 1, 1, 0, 1, 0, 1, 1, 1, 0, 1, 1, 0, 1, 1, 0, 1, 1, 0, 1, 0, 0, 1, 1, 0], [1, 1, 0, 1, 1, 0, 1, 1, 0, 1, 1, 0, 1, 0, 1, 1, 1, 0, 1, 0, 1, 1, 1, 0, 1, 0, 0, 1, 1, 0], [1, 1, 0, 1, 1, 0, 1, 1, 0, 1, 1, 0, 1, 0, 1, 1, 1, 0, 1, 1, 0, 1, 1, 0, 1, 0, 0, 1, 1, 0], [1, 1, 0, 1, 1, 0, 1, 1, 0, 1, 1, 0, 1, 1, 0, 0, 0, 0, 1, 1, 0, 1, 1, 0, 1, 0, 0, 1, 1, 0], [1, 1, 0, 1, 1, 0, 1, 1, 0, 1, 1, 0, 1, 1, 0, 1, 0, 1, 1, 1, 0, 1, 1, 0, 1, 0, 0, 1, 1, 0], [1, 1, 0, 1, 1, 0, 1, 1, 0, 1, 1, 0, 1, 1, 0, 1, 1, 0, 0, 0, 0, 1, 1, 0, 1, 0, 0, 1, 1, 0], [1, 1, 0, 1, 1, 0, 1, 1, 0, 1, 1, 0, 1, 1, 0, 1, 1, 0, 1, 0, 1, 1, 1, 0, 1, 0, 0, 1, 1, 0], [1, 1, 0, 1, 1, 0, 1, 1, 0, 1, 1, 0, 1, 1, 0, 1, 1, 0, 1, 1, 0, 0, 0, 0, 1, 0, 0, 1, 1, 0], [1, 1, 0, 1, 1, 0, 1, 1, 0, 1, 1, 0, 1, 1, 0, 1, 1, 0, 1, 1, 0, 1, 0, 1, 1, 0, 0, 1, 1, 0], [1, 1, 0, 1, 1, 0, 1, 1, 0, 1, 1, 0, 1, 1, 0, 1, 1, 0, 1, 1, 0, 1, 1, 0, 1, 0, 0, 0, 0, 0], [1, 1, 0, 1, 1, 0, 1, 1, 0, 1, 1, 0, 1, 1, 0, 1, 1, 0, 1, 1, 0, 1, 1, 0, 1, 0, 0, 1, 0, 1], [1, 1, 0, 1, 1, 0, 1, 1, 0, 1, 1, 0, 1, 1, 0, 1, 1, 0, 1, 1, 0, 1, 1, 0, 1, 0, 0, 1, 1, 0]]","[0.0078125, 0.00390625, 0.015625, 0.00390625, 0.015625, 0.0078125, 0.00390625, 0.015625, 0.00390625, 0.01171875, 0.0078125, 0.0078125, 0.00390625, 0.00390625, 0.0078125, 0.0078125, 0.87109375]",26,149,62,66,324,
supportcase6_ds_qaoa_c733_c745_c747_0001,data/miplib_benders/qaoa_problems/nvars_10/supportcase6_ds_qaoa_c733_c745_c747_0001.json,10,30,3,ddsim,30,256,ok,2958.6150069329888,421.6171875,144887000.0,"{""B100166(7)"": 0, ""B100594(7)"": 0, ""B100600(7)"": 0, ""B100602(7)"": 0, ""B100608(7)"": 1, ""B100623(7)"": 0, ""B101029(7)"": 0, ""B101035(7)"": 0, ""B101037(7)"": 0, ""B101043(7)"": 0}",,,,"[[1, 0, 1, 1, 1, 0, 1, 1, 0, 1, 1, 0, 1, 1, 0, 1, 1, 0, 1, 1, 0, 1, 1, 0, 1, 1, 0, 1, 0, 0], [1, 1, 0, 1, 1, 0, 1, 1, 0, 1, 0, 1, 1, 1, 0, 1, 1, 0, 1, 1, 0, 1, 1, 0, 1, 1, 0, 1, 0, 0], [1, 1, 0, 1, 1, 0, 1, 1, 0, 1, 1, 0, 1, 1, 0, 1, 0, 1, 1, 1, 0, 1, 1, 0, 1, 1, 0, 1, 0, 0], [1, 1, 0, 1, 1, 0, 1, 1, 0, 1, 1, 0, 1, 1, 0, 1, 1, 0, 0, 0, 0, 1, 1, 0, 1, 1, 0, 1, 0, 0], [1, 1, 0, 1, 1, 0, 1, 1, 0, 1, 1, 0, 1, 1, 0, 1, 1, 0, 1, 0, 1, 1, 1, 0, 1, 1, 0, 1, 0, 0], [1, 1, 0, 1, 1, 0, 1, 1, 0, 1, 1, 0, 1, 1, 0, 1, 1, 0, 1, 1, 0, 1, 1, 0, 1, 0, 1, 1, 0, 0], [1, 1, 0, 1, 1, 0, 1, 1, 0, 1, 1, 0, 1, 1, 0, 1, 1, 0, 1, 1, 0, 1, 1, 0, 1, 1, 0, 1, 0, 0]]","[0.00390625, 0.0078125, 0.0078125, 0.00390625, 0.00390625, 0.0078125, 0.96484375]",30,149,62,66,324,
supportcase6_ds_qaoa_c733_c745_c747_0004,data/miplib_benders/qaoa_problems/nvars_10/supportcase6_ds_qaoa_c733_c745_c747_0004.json,10,30,3,ddsim,30,256,ok,1929.0155266070506,425.6953125,144887000.0,"{""B100602(7)"": 0, ""B100608(7)"": 1, ""B100623(7)"": 0, ""B101029(7)"": 0, ""B101035(7)"": 0, ""B101037(7)"": 0, ""B101043(7)"": 0, ""B101058(7)"": 0, ""B101479(7)"": 0, ""B101485(7)"": 0}",,,,"[[1, 1, 0, 1, 0, 1, 1, 1, 0, 1, 1, 0, 1, 1, 0, 1, 1, 0, 1, 1, 0, 1, 1, 0, 1, 1, 0, 1, 0, 0], [1, 1, 0, 1, 1, 0, 1, 0, 1, 1, 1, 0, 1, 1, 0, 1, 1, 0, 1, 1, 0, 1, 1, 0, 1, 1, 0, 1, 0, 0], [1, 1, 0, 1, 1, 0, 1, 1, 0, 1, 0, 1, 1, 1, 0, 1, 1, 0, 1, 1, 0, 1, 1, 0, 1, 1, 0, 1, 0, 0], [1, 1, 0, 1, 1, 0, 1, 1, 0, 1, 1, 0, 0, 0, 0, 1, 1, 0, 1, 1, 0, 1, 0, 1, 1, 1, 0, 1, 0, 0], [1, 1, 0, 1, 1, 0, 1, 1, 0, 1, 1, 0, 0, 0, 0, 1, 1, 0, 1, 1, 0, 1, 1, 0, 1, 1, 0, 1, 0, 0], [1, 1, 0, 1, 1, 0, 1, 1, 0, 1, 1, 0, 1, 1, 0, 1, 0, 1, 1, 1, 0, 1, 1, 0, 1, 1, 0, 1, 0, 0], [1, 1, 0, 1, 1, 0, 1, 1, 0, 1, 1, 0, 1, 1, 0, 1, 1, 0, 0, 0, 0, 1, 1, 0, 1, 1, 0, 1, 0, 0], [1, 1, 0, 1, 1, 0, 1, 1, 0, 1, 1, 0, 1, 1, 0, 1, 1, 0, 1, 0, 1, 1, 1, 0, 1, 1, 0, 1, 0, 0], [1, 1, 0, 1, 1, 0, 1, 1, 0, 1, 1, 0, 1, 1, 0, 1, 1, 0, 1, 1, 0, 1, 0, 1, 1, 1, 0, 1, 0, 0], [1, 1, 0, 1, 1, 0, 1, 1, 0, 1, 1, 0, 1, 1, 0, 1, 1, 0, 1, 1, 0, 1, 1, 0, 1, 0, 1, 1, 0, 0], [1, 1, 0, 1, 1, 0, 1, 1, 0, 1, 1, 0, 1, 1, 0, 1, 1, 0, 1, 1, 0, 1, 1, 0, 1, 1, 0, 1, 0, 0]]","[0.0078125, 0.00390625, 0.00390625, 0.00390625, 0.00390625, 0.00390625, 0.01171875, 0.00390625, 0.00390625, 0.0078125, 0.9453125]",29,149,62,66,324,
supportcase6_ds_qaoa_c745_c747_0001,data/miplib_benders/qaoa_problems/nvars_10/supportcase6_ds_qaoa_c745_c747_0001.json,10,30,2,ddsim,30,256,ok,1661.5463804299943,418.3125,150892000.0,"{""B100166(7)"": 0, ""B100594(7)"": 1, ""B100600(7)"": 0, ""B100602(7)"": 0, ""B100608(7)"": 0, ""B100623(7)"": 0, ""B101029(7)"": 0, ""B101035(7)"": 0, ""B101037(7)"": 0, ""B101043(7)"": 0}",,,,"[[1, 0, 1, 1, 1, 0, 1, 1, 0, 1, 1, 0, 1, 1, 0, 1, 1, 0, 1, 1, 0, 1, 1, 0, 1, 1, 0, 1, 0, 0], [1, 1, 0, 1, 0, 1, 1, 1, 0, 1, 1, 0, 1, 1, 0, 1, 1, 0, 1, 1, 0, 1, 1, 0, 1, 1, 0, 1, 0, 0], [1, 1, 0, 1, 1, 0, 0, 0, 0, 1, 1, 0, 1, 1, 0, 1, 1, 0, 1, 1, 0, 1, 1, 0, 1, 1, 0, 1, 0, 0], [1, 1, 0, 1, 1, 0, 1, 0, 1, 1, 1, 0, 1, 1, 0, 1, 1, 0, 1, 1, 0, 1, 1, 0, 1, 1, 0, 1, 0, 0], [1, 1, 0, 1, 1, 0, 1, 1, 0, 0, 0, 0, 1, 1, 0, 1, 1, 0, 1, 1, 0, 1, 1, 0, 1, 1, 0, 1, 0, 0], [1, 1, 0, 1, 1, 0, 1, 1, 0, 1, 0, 1, 1, 1, 0, 1, 1, 0, 1, 1, 0, 1, 1, 0, 1, 1, 0, 1, 0, 0], [1, 1, 0, 1, 1, 0, 1, 1, 0, 1, 1, 0, 0, 0, 0, 1, 1, 0, 1, 1, 0, 1, 1, 0, 1, 1, 0, 1, 0, 0], [1, 1, 0, 1, 1, 0, 1, 1, 0, 1, 1, 0, 1, 0, 1, 1, 1, 0, 1, 1, 0, 1, 1, 0, 1, 1, 0, 1, 0, 0], [1, 1, 0, 1, 1, 0, 1, 1, 0, 1, 1, 0, 1, 1, 0, 0, 0, 0, 1, 1, 0, 1, 0, 1, 1, 1, 0, 1, 0, 0], [1, 1, 0, 1, 1, 0, 1, 1, 0, 1, 1, 0, 1, 1, 0, 1, 0, 1, 1, 1, 0, 0, 0, 0, 1, 1, 0, 1, 0, 0], [1, 1, 0, 1, 1, 0, 1, 1, 0, 1, 1, 0, 1, 1, 0, 1, 1, 0, 0, 0, 0, 1, 1, 0, 1, 1, 0, 1, 0, 0], [1, 1, 0, 1, 1, 0, 1, 1, 0, 1, 1, 0, 1, 1, 0, 1, 1, 0, 1, 1, 0, 0, 0, 0, 1, 1, 0, 1, 0, 0], [1, 1, 0, 1, 1, 0, 1, 1, 0, 1, 1, 0, 1, 1, 0, 1, 1, 0, 1, 1, 0, 1, 0, 1, 1, 1, 0, 1, 0, 0], [1, 1, 0, 1, 1, 0, 1, 1, 0, 1, 1, 0, 1, 1, 0, 1, 1, 0, 1, 1, 0, 1, 1, 0, 0, 0, 0, 1, 0, 0], [1, 1, 0, 1, 1, 0, 1, 1, 0, 1, 1, 0, 1, 1, 0, 1, 1, 0, 1, 1, 0, 1, 1, 0, 1, 0, 1, 1, 0, 0], [1, 1, 0, 1, 1, 0, 1, 1, 0, 1, 1, 0, 1, 1, 0, 1, 1, 0, 1, 1, 0, 1, 1, 0, 1, 1, 0, 1, 0, 0]]","[0.0078125, 0.00390625, 0.00390625, 0.00390625, 0.00390625, 0.00390625, 0.0078125, 0.0078125, 0.00390625, 0.00390625, 0.00390625, 0.0078125, 0.00390625, 0.015625, 0.0078125, 0.91015625]",29,309,62,138,333,
supportcase6_ds_qaoa_c733_c745_c747_0003,data/miplib_benders/qaoa_problems/nvars_10/supportcase6_ds_qaoa_c733_c745_c747_0003.json,10,30,3,ddsim,30,256,ok,3693.678426587023,437.90234375,144887000.0,"{""B100600(7)"": 0, ""B100602(7)"": 0, ""B100608(7)"": 1, ""B100623(7)"": 0, ""B101029(7)"": 0, ""B101035(7)"": 0, ""B101037(7)"": 0, ""B101043(7)"": 0, ""B101058(7)"": 0, ""B101479(7)"": 0}",,,,"[[1, 0, 1, 1, 1, 0, 1, 1, 0, 1, 0, 1, 1, 1, 0, 1, 1, 0, 1, 1, 0, 1, 0, 0, 1, 1, 0, 1, 1, 0], [1, 0, 1, 1, 1, 0, 1, 1, 0, 1, 1, 0, 1, 1, 0, 1, 1, 0, 1, 1, 0, 1, 0, 0, 1, 1, 0, 0, 0, 0], [1, 0, 1, 1, 1, 0, 1, 1, 0, 1, 1, 0, 1, 1, 0, 1, 1, 0, 1, 1, 0, 1, 0, 0, 1, 1, 0, 1, 1, 0], [1, 1, 0, 1, 0, 1, 1, 1, 0, 1, 1, 0, 1, 1, 0, 1, 1, 0, 1, 1, 0, 1, 0, 0, 1, 1, 0, 1, 1, 0], [1, 1, 0, 1, 1, 0, 0, 0, 0, 1, 1, 0, 0, 0, 0, 1, 1, 0, 1, 1, 0, 1, 0, 0, 1, 1, 0, 1, 1, 0], [1, 1, 0, 1, 1, 0, 0, 0, 0, 1, 1, 0, 1, 1, 0, 1, 1, 0, 1, 0, 1, 1, 0, 0, 1, 1, 0, 1, 1, 0], [1, 1, 0, 1, 1, 0, 0, 0, 0, 1, 1, 0, 1, 1, 0, 1, 1, 0, 1, 1, 0, 1, 0, 0, 1, 1, 0, 1, 0, 1], [1, 1, 0, 1, 1, 0, 0, 0, 0, 1, 1, 0, 1, 1, 0, 1, 1, 0, 1, 1, 0, 1, 0, 0, 1, 1, 0, 1, 1, 0], [1, 1, 0, 1, 1, 0, 1, 0, 1, 1, 1, 0, 0, 0, 0, 1, 1, 0, 1, 1, 0, 1, 0, 0, 1, 1, 0, 1, 1, 0], [1, 1, 0, 1, 1, 0, 1, 0, 1, 1, 1, 0, 1, 1, 0, 1, 1, 0, 1, 1, 0, 1, 0, 0, 1, 1, 0, 0, 0, 0], [1, 1, 0, 1, 1, 0, 1, 0, 1, 1, 1, 0, 1, 1, 0, 1, 1, 0, 1, 1, 0, 1, 0, 0, 1, 1, 0, 1, 1, 0], [1, 1, 0, 1, 1, 0, 1, 1, 0, 0, 1, 0, 1, 1, 0, 1, 1, 0, 1, 0, 1, 1, 0, 0, 1, 0, 0, 1, 1, 0], [1, 1, 0, 1, 1, 0, 1, 1, 0, 1, 0, 1, 1, 1, 0, 1, 1, 0, 0, 0, 0, 1, 0, 0, 1, 1, 0, 1, 1, 0], [1, 1, 0, 1, 1, 0, 1, 1, 0, 1, 0, 1, 1, 1, 0, 1, 1, 0, 1, 0, 1, 1, 0, 0, 1, 1, 0, 1, 1, 0], [1, 1, 0, 1, 1, 0, 1, 1, 0, 1, 0, 1, 1, 1, 0, 1, 1, 0, 1, 1, 0, 1, 0, 0, 1, 1, 0, 1, 1, 0], [1, 1, 0, 1, 1, 0, 1, 1, 0, 1, 1, 0, 0, 0, 0, 1, 1, 0, 1, 1, 0, 1, 0, 0, 1, 0, 1, 1, 1, 0], [1, 1, 0, 1, 1, 0, 1, 1, 0, 1, 1, 0, 0, 0, 0, 1, 1, 0, 1, 1, 0, 1, 0, 0, 1, 1, 0, 1, 1, 0], [1, 1, 0, 1, 1, 0, 1, 1, 0, 1, 1, 0, 1, 0, 0, 1, 1, 0, 0, 1, 0, 1, 0, 0, 1, 1, 0, 1, 1, 0], [1, 1, 0, 1, 1, 0, 1, 1, 0, 1, 1, 0, 1, 0, 1, 1, 1, 0, 1, 1, 0, 1, 0, 0, 1, 1, 0, 1, 1, 0], [1, 1, 0, 1, 1, 0, 1, 1, 0, 1, 1, 0, 1, 1, 0, 0, 0, 0, 0, 0, 0, 1, 0, 0, 1, 1, 0, 1, 1, 0], [1, 1, 0, 1, 1, 0, 1, 1, 0, 1, 1, 0, 1, 1, 0, 0, 0, 0, 1, 1, 0, 1, 0, 0, 0, 0, 0, 1, 1, 0], [1, 1, 0, 1, 1, 0, 1, 1, 0, 1, 1, 0, 1, 1, 0, 0, 0, 0, 1, 1, 0, 1, 0, 0, 1, 1, 0, 1, 1, 0], [1, 1, 0, 1, 1, 0, 1, 1, 0, 1, 1, 0, 1, 1, 0, 1, 0, 0, 1, 1, 0, 0, 0, 0, 1, 1, 0, 1, 1, 0], [1, 1, 0, 1, 1, 0, 1, 1, 0, 1, 1, 0, 1, 1, 0, 1, 0, 1, 0, 0, 0, 1, 0, 0, 1, 1, 0, 1, 1, 0], [1, 1, 0, 1, 1, 0, 1, 1, 0, 1, 1, 0, 1, 1, 0, 1, 0, 1, 1, 1, 0, 1, 0, 0, 1, 0, 1, 1, 1, 0], [1, 1, 0, 1, 1, 0, 1, 1, 0, 1, 1, 0, 1, 1, 0, 1, 0, 1, 1, 1, 0, 1, 0, 0, 1, 1, 0, 1, 1, 0], [1, 1, 0, 1, 1, 0, 1, 1, 0, 1, 1, 0, 1, 1, 0, 1, 1, 0, 0, 0, 0, 1, 0, 0, 0, 0, 0, 1, 1, 0], [1, 1, 0, 1, 1, 0, 1, 1, 0, 1, 1, 0, 1, 1, 0, 1, 1, 0, 0, 0, 0, 1, 0, 0, 1, 1, 0, 1, 1, 0], [1, 1, 0, 1, 1, 0, 1, 1, 0, 1, 1, 0, 1, 1, 0, 1, 1, 0, 1, 0, 1, 1, 0, 0, 1, 1, 0, 0, 0, 0], [1, 1, 0, 1, 1, 0, 1, 1, 0, 1, 1, 0, 1, 1, 0, 1, 1, 0, 1, 0, 1, 1, 0, 0, 1, 1, 0, 1, 0, 1], [1, 1, 0, 1, 1, 0, 1, 1, 0, 1, 1, 0, 1, 1, 0, 1, 1, 0, 1, 0, 1, 1, 0, 0, 1, 1, 0, 1, 1, 0], [1, 1, 0, 1, 1, 0, 1, 1, 0, 1, 1, 0, 1, 1, 0, 1, 1, 0, 1, 1, 0, 1, 0, 0, 0, 0, 0, 1, 0, 1], [1, 1, 0, 1, 1, 0, 1, 1, 0, 1, 1, 0, 1, 1, 0, 1, 1, 0, 1, 1, 0, 1, 0, 0, 0, 0, 0, 1, 1, 0], [1, 1, 0, 1, 1, 0, 1, 1, 0, 1, 1, 0, 1, 1, 0, 1, 1, 0, 1, 1, 0, 1, 0, 0, 1, 0, 1, 0, 0, 0], [1, 1, 0, 1, 1, 0, 1, 1, 0, 1, 1, 0, 1, 1, 0, 1, 1, 0, 1, 1, 0, 1, 0, 0, 1, 0, 1, 1, 1, 0], [1, 1, 0, 1, 1, 0, 1, 1, 0, 1, 1, 0, 1, 1, 0, 1, 1, 0, 1, 1, 0, 1, 0, 0, 1, 1, 0, 0, 0, 0], [1, 1, 0, 1, 1, 0, 1, 1, 0, 1, 1, 0, 1, 1, 0, 1, 1, 0, 1, 1, 0, 1, 0, 0, 1, 1, 0, 1, 0, 1], [1, 1, 0, 1, 1, 0, 1, 1, 0, 1, 1, 0, 1, 1, 0, 1, 1, 0, 1, 1, 0, 1, 0, 0, 1, 1, 0, 1, 1, 0]]","[0.00390625, 0.00390625, 0.0234375, 0.015625, 0.00390625, 0.00390625, 0.00390625, 0.0390625, 0.00390625, 0.00390625, 0.00390625, 0.00390625, 0.00390625, 0.00390625, 0.03515625, 0.00390625, 0.02734375, 0.00390625, 0.01171875, 0.00390625, 0.00390625, 0.03515625, 0.00390625, 0.00390625, 0.00390625, 0.01953125, 0.00390625, 0.0078125, 0.00390625, 0.00390625, 0.0078125, 0.00390625, 0.01171875, 0.00390625, 0.01953125, 0.0234375, 0.01953125, 0.61328125]",28,149,62,66,324,
supportcase6_ds_qaoa_c745_c747_0003,data/miplib_benders/qaoa_problems/nvars_10/supportcase6_ds_qaoa_c745_c747_0003.json,10,30,2,ddsim,30,256,ok,1352.7280591940507,418.0546875,150892000.0,"{""B100600(7)"": 0, ""B100602(7)"": 0, ""B100608(7)"": 0, ""B100623(7)"": 0, ""B101029(7)"": 1, ""B101035(7)"": 0, ""B101037(7)"": 0, ""B101043(7)"": 0, ""B101058(7)"": 0, ""B101479(7)"": 0}",,,,"[[1, 1, 0, 1, 0, 1, 1, 1, 0, 1, 1, 0, 1, 1, 0, 1, 1, 0, 0, 0, 0, 1, 1, 0, 1, 1, 0, 1, 0, 0], [1, 1, 0, 1, 0, 1, 1, 1, 0, 1, 1, 0, 1, 1, 0, 1, 1, 0, 1, 1, 0, 1, 1, 0, 1, 0, 1, 1, 0, 0], [1, 1, 0, 1, 1, 0, 0, 0, 0, 1, 1, 0, 1, 1, 0, 1, 1, 0, 1, 1, 0, 1, 1, 0, 1, 1, 0, 1, 0, 0], [1, 1, 0, 1, 1, 0, 1, 0, 1, 1, 1, 0, 1, 1, 0, 1, 1, 0, 1, 1, 0, 1, 1, 0, 1, 1, 0, 1, 0, 0], [1, 1, 0, 1, 1, 0, 1, 1, 0, 1, 0, 1, 1, 1, 0, 1, 1, 0, 1, 1, 0, 1, 1, 0, 1, 1, 0, 1, 0, 0], [1, 1, 0, 1, 1, 0, 1, 1, 0, 1, 1, 0, 1, 0, 1, 1, 1, 0, 1, 1, 0, 1, 1, 0, 1, 1, 0, 1, 0, 0], [1, 1, 0, 1, 1, 0, 1, 1, 0, 1, 1, 0, 1, 1, 0, 0, 0, 0, 1, 1, 0, 1, 1, 0, 1, 1, 0, 1, 0, 0], [1, 1, 0, 1, 1, 0, 1, 1, 0, 1, 1, 0, 1, 1, 0, 1, 0, 1, 1, 1, 0, 1, 1, 0, 1, 1, 0, 1, 0, 0], [1, 1, 0, 1, 1, 0, 1, 1, 0, 1, 1, 0, 1, 1, 0, 1, 1, 0, 1, 0, 1, 1, 1, 0, 1, 1, 0, 1, 0, 0], [1, 1, 0, 1, 1, 0, 1, 1, 0, 1, 1, 0, 1, 1, 0, 1, 1, 0, 1, 1, 0, 0, 0, 0, 1, 1, 0, 1, 0, 0], [1, 1, 0, 1, 1, 0, 1, 1, 0, 1, 1, 0, 1, 1, 0, 1, 1, 0, 1, 1, 0, 1, 1, 0, 1, 1, 0, 1, 0, 0]]","[0.00390625, 0.00390625, 0.00390625, 0.00390625, 0.00390625, 0.00390625, 0.01171875, 0.00390625, 0.00390625, 0.00390625, 0.953125]",31,309,62,138,333,
supportcase6_ds_qaoa_c745_c747_0002,data/miplib_benders/qaoa_problems/nvars_10/supportcase6_ds_qaoa_c745_c747_0002.json,10,30,2,ddsim,30,256,ok,2004.9881765090395,419.47265625,150892000.0,"{""B100594(7)"": 1, ""B100600(7)"": 0, ""B100602(7)"": 0, ""B100608(7)"": 0, ""B100623(7)"": 0, ""B101029(7)"": 0, ""B101035(7)"": 0, ""B101037(7)"": 0, ""B101043(7)"": 0, ""B101058(7)"": 0}",,,,"[[1, 0, 1, 1, 1, 0, 0, 0, 0, 1, 1, 0, 1, 1, 0, 1, 1, 0, 1, 1, 0, 1, 1, 0, 1, 0, 0, 1, 1, 0], [1, 0, 1, 1, 1, 0, 1, 1, 0, 1, 1, 0, 1, 1, 0, 1, 1, 0, 1, 1, 0, 1, 1, 0, 1, 0, 0, 1, 1, 0], [1, 1, 0, 0, 0, 0, 1, 1, 0, 1, 1, 0, 1, 1, 0, 0, 0, 0, 1, 1, 0, 1, 1, 0, 1, 0, 0, 1, 1, 0], [1, 1, 0, 0, 0, 0, 1, 1, 0, 1, 1, 0, 1, 1, 0, 1, 1, 0, 1, 1, 0, 1, 1, 0, 1, 0, 0, 1, 1, 0], [1, 1, 0, 1, 0, 1, 1, 1, 0, 1, 1, 0, 1, 1, 0, 1, 1, 0, 1, 1, 0, 1, 1, 0, 1, 0, 0, 1, 1, 0], [1, 1, 0, 1, 1, 0, 0, 0, 0, 1, 1, 0, 1, 1, 0, 1, 1, 0, 1, 1, 0, 1, 1, 0, 1, 0, 0, 1, 1, 0], [1, 1, 0, 1, 1, 0, 1, 0, 1, 1, 1, 0, 1, 1, 0, 1, 1, 0, 1, 1, 0, 1, 1, 0, 1, 0, 0, 1, 1, 0], [1, 1, 0, 1, 1, 0, 1, 1, 0, 0, 0, 0, 1, 1, 0, 1, 1, 0, 1, 1, 0, 1, 1, 0, 1, 0, 0, 1, 1, 0], [1, 1, 0, 1, 1, 0, 1, 1, 0, 1, 0, 1, 1, 1, 0, 1, 1, 0, 1, 1, 0, 1, 1, 0, 1, 0, 0, 1, 1, 0], [1, 1, 0, 1, 1, 0, 1, 1, 0, 1, 1, 0, 1, 0, 1, 1, 1, 0, 1, 1, 0, 1, 1, 0, 1, 0, 0, 1, 1, 0], [1, 1, 0, 1, 1, 0, 1, 1, 0, 1, 1, 0, 1, 1, 0, 0, 0, 0, 1, 1, 0, 1, 1, 0, 1, 0, 0, 1, 1, 0], [1, 1, 0, 1, 1, 0, 1, 1, 0, 1, 1, 0, 1, 1, 0, 1, 0, 1, 1, 1, 0, 1, 1, 0, 1, 0, 0, 1, 1, 0], [1, 1, 0, 1, 1, 0, 1, 1, 0, 1, 1, 0, 1, 1, 0, 1, 1, 0, 0, 0, 0, 1, 1, 0, 1, 0, 0, 1, 1, 0], [1, 1, 0, 1, 1, 0, 1, 1, 0, 1, 1, 0, 1, 1, 0, 1, 1, 0, 1, 0, 1, 1, 1, 0, 1, 0, 0, 1, 1, 0], [1, 1, 0, 1, 1, 0, 1, 1, 0, 1, 1, 0, 1, 1, 0, 1, 1, 0, 1, 1, 0, 0, 0, 0, 1, 0, 0, 1, 1, 0], [1, 1, 0, 1, 1, 0, 1, 1, 0, 1, 1, 0, 1, 1, 0, 1, 1, 0, 1, 1, 0, 1, 0, 1, 1, 0, 0, 1, 1, 0], [1, 1, 0, 1, 1, 0, 1, 1, 0, 1, 1, 0, 1, 1, 0, 1, 1, 0, 1, 1, 0, 1, 1, 0, 1, 0, 0, 0, 0, 0], [1, 1, 0, 1, 1, 0, 1, 1, 0, 1, 1, 0, 1, 1, 0, 1, 1, 0, 1, 1, 0, 1, 1, 0, 1, 0, 0, 1, 1, 0]]","[0.00390625, 0.0078125, 0.0078125, 0.0078125, 0.0078125, 0.00390625, 0.0078125, 0.00390625, 0.01171875, 0.01171875, 0.02734375, 0.00390625, 0.015625, 0.00390625, 0.01953125, 0.0078125, 0.015625, 0.83203125]",29,309,62,138,333,
supportcase6_ds_qaoa_c733_c745_c747_0005,data/miplib_benders/qaoa_problems/nvars_10/supportcase6_ds_qaoa_c733_c745_c747_0005.json,10,30,3,ddsim,30,256,ok,4143.84241507703,421.6015625,144887000.0,"{""B100608(7)"": 1, ""B100623(7)"": 0, ""B101029(7)"": 0, ""B101035(7)"": 0, ""B101037(7)"": 0, ""B101043(7)"": 0, ""B101058(7)"": 0, ""B101479(7)"": 0, ""B101485(7)"": 0, ""B101487(7)"": 0}",,,,"[[1, 0, 1, 1, 1, 0, 1, 1, 0, 1, 1, 0, 0, 0, 0, 1, 1, 0, 1, 1, 0, 1, 1, 0, 1, 0, 0, 1, 0, 1], [1, 0, 1, 1, 1, 0, 1, 1, 0, 1, 1, 0, 1, 1, 0, 1, 0, 1, 0, 0, 0, 1, 1, 0, 1, 0, 0, 1, 1, 0], [1, 0, 1, 1, 1, 0, 1, 1, 0, 1, 1, 0, 1, 1, 0, 1, 1, 0, 1, 0, 1, 1, 1, 0, 1, 0, 0, 1, 1, 0], [1, 0, 1, 1, 1, 0, 1, 1, 0, 1, 1, 0, 1, 1, 0, 1, 1, 0, 1, 1, 0, 0, 0, 0, 1, 0, 0, 1, 1, 0], [1, 0, 1, 1, 1, 0, 1, 1, 0, 1, 1, 0, 1, 1, 0, 1, 1, 0, 1, 1, 0, 1, 0, 1, 1, 0, 0, 1, 1, 0], [1, 0, 1, 1, 1, 0, 1, 1, 0, 1, 1, 0, 1, 1, 0, 1, 1, 0, 1, 1, 0, 1, 1, 0, 1, 0, 0, 1, 1, 0], [1, 1, 0, 1, 0, 1, 1, 0, 1, 1, 1, 0, 1, 1, 0, 1, 1, 0, 1, 0, 1, 1, 1, 0, 1, 0, 0, 1, 1, 0], [1, 1, 0, 1, 0, 1, 1, 1, 0, 1, 0, 1, 0, 0, 0, 1, 1, 0, 1, 0, 1, 1, 1, 0, 1, 0, 0, 1, 1, 0], [1, 1, 0, 1, 0, 1, 1, 1, 0, 1, 1, 0, 1, 1, 0, 1, 1, 0, 1, 1, 0, 1, 1, 0, 1, 0, 0, 1, 0, 1], [1, 1, 0, 1, 0, 1, 1, 1, 0, 1, 1, 0, 1, 1, 0, 1, 1, 0, 1, 1, 0, 1, 1, 0, 1, 0, 0, 1, 1, 0], [1, 1, 0, 1, 1, 0, 1, 0, 0, 1, 1, 0, 0, 1, 0, 1, 1, 0, 1, 1, 0, 1, 1, 0, 1, 0, 0, 0, 0, 0], [1, 1, 0, 1, 1, 0, 1, 0, 1, 0, 0, 0, 1, 1, 0, 1, 1, 0, 1, 1, 0, 0, 0, 0, 1, 0, 0, 1, 1, 0], [1, 1, 0, 1, 1, 0, 1, 0, 1, 1, 1, 0, 1, 1, 0, 1, 0, 1, 1, 1, 0, 1, 1, 0, 1, 0, 0, 1, 1, 0], [1, 1, 0, 1, 1, 0, 1, 0, 1, 1, 1, 0, 1, 1, 0, 1, 1, 0, 1, 1, 0, 1, 1, 0, 1, 0, 0, 1, 1, 0], [1, 1, 0, 1, 1, 0, 1, 1, 0, 0, 0, 0, 1, 1, 0, 1, 0, 1, 1, 1, 0, 1, 0, 1, 1, 0, 0, 1, 1, 0], [1, 1, 0, 1, 1, 0, 1, 1, 0, 0, 0, 0, 1, 1, 0, 1, 1, 0, 1, 1, 0, 1, 1, 0, 1, 0, 0, 1, 1, 0], [1, 1, 0, 1, 1, 0, 1, 1, 0, 1, 0, 0, 1, 1, 0, 0, 1, 0, 1, 1, 0, 1, 1, 0, 1, 0, 0, 1, 1, 0], [1, 1, 0, 1, 1, 0, 1, 1, 0, 1, 0, 1, 1, 1, 0, 1, 0, 1, 1, 1, 0, 1, 1, 0, 1, 0, 0, 1, 1, 0], [1, 1, 0, 1, 1, 0, 1, 1, 0, 1, 0, 1, 1, 1, 0, 1, 1, 0, 1, 1, 0, 1, 1, 0, 1, 0, 0, 1, 1, 0], [1, 1, 0, 1, 1, 0, 1, 1, 0, 1, 1, 0, 0, 0, 0, 1, 1, 0, 0, 0, 0, 1, 1, 0, 1, 0, 0, 1, 1, 0], [1, 1, 0, 1, 1, 0, 1, 1, 0, 1, 1, 0, 0, 0, 0, 1, 1, 0, 1, 1, 0, 1, 0, 1, 1, 0, 0, 1, 1, 0], [1, 1, 0, 1, 1, 0, 1, 1, 0, 1, 1, 0, 0, 0, 0, 1, 1, 0, 1, 1, 0, 1, 1, 0, 1, 0, 0, 0, 0, 0], [1, 1, 0, 1, 1, 0, 1, 1, 0, 1, 1, 0, 0, 0, 0, 1, 1, 0, 1, 1, 0, 1, 1, 0, 1, 0, 0, 1, 1, 0], [1, 1, 0, 1, 1, 0, 1, 1, 0, 1, 1, 0, 1, 0, 1, 1, 0, 1, 1, 1, 0, 1, 1, 0, 1, 0, 0, 1, 0, 1], [1, 1, 0, 1, 1, 0, 1, 1, 0, 1, 1, 0, 1, 0, 1, 1, 1, 0, 1, 1, 0, 1, 1, 0, 1, 0, 0, 1, 1, 0], [1, 1, 0, 1, 1, 0, 1, 1, 0, 1, 1, 0, 1, 1, 0, 0, 0, 0, 1, 1, 0, 1, 0, 1, 1, 0, 0, 1, 1, 0], [1, 1, 0, 1, 1, 0, 1, 1, 0, 1, 1, 0, 1, 1, 0, 0, 0, 0, 1, 1, 0, 1, 1, 0, 1, 0, 0, 0, 0, 0], [1, 1, 0, 1, 1, 0, 1, 1, 0, 1, 1, 0, 1, 1, 0, 0, 0, 0, 1, 1, 0, 1, 1, 0, 1, 0, 0, 1, 1, 0], [1, 1, 0, 1, 1, 0, 1, 1, 0, 1, 1, 0, 1, 1, 0, 1, 0, 1, 1, 1, 0, 1, 0, 1, 1, 0, 0, 0, 0, 0], [1, 1, 0, 1, 1, 0, 1, 1, 0, 1, 1, 0, 1, 1, 0, 1, 0, 1, 1, 1, 0, 1, 0, 1, 1, 0, 0, 1, 1, 0], [1, 1, 0, 1, 1, 0, 1, 1, 0, 1, 1, 0, 1, 1, 0, 1, 0, 1, 1, 1, 0, 1, 1, 0, 1, 0, 0, 1, 1, 0], [1, 1, 0, 1, 1, 0, 1, 1, 0, 1, 1, 0, 1, 1, 0, 1, 1, 0, 0, 0, 0, 0, 0, 0, 1, 0, 0, 1, 1, 0], [1, 1, 0, 1, 1, 0, 1, 1, 0, 1, 1, 0, 1, 1, 0, 1, 1, 0, 0, 0, 0, 1, 1, 0, 1, 0, 0, 1, 0, 1], [1, 1, 0, 1, 1, 0, 1, 1, 0, 1, 1, 0, 1, 1, 0, 1, 1, 0, 0, 0, 0, 1, 1, 0, 1, 0, 0, 1, 1, 0], [1, 1, 0, 1, 1, 0, 1, 1, 0, 1, 1, 0, 1, 1, 0, 1, 1, 0, 1, 0, 1, 1, 1, 0, 1, 0, 0, 1, 1, 0], [1, 1, 0, 1, 1, 0, 1, 1, 0, 1, 1, 0, 1, 1, 0, 1, 1, 0, 1, 1, 0, 0, 0, 0, 1, 0, 0, 1, 1, 0], [1, 1, 0, 1, 1, 0, 1, 1, 0, 1, 1, 0, 1, 1, 0, 1, 1, 0, 1, 1, 0, 1, 0, 1, 1, 0, 0, 1, 1, 0], [1, 1, 0, 1, 1, 0, 1, 1, 0, 1, 1, 0, 1, 1, 0, 1, 1, 0, 1, 1, 0, 1, 1, 0, 1, 0, 0, 0, 0, 0], [1, 1, 0, 1, 1, 0, 1, 1, 0, 1, 1, 0, 1, 1, 0, 1, 1, 0, 1, 1, 0, 1, 1, 0, 1, 0, 0, 1, 0, 1], [1, 1, 0, 1, 1, 0, 1, 1, 0, 1, 1, 0, 1, 1, 0, 1, 1, 0, 1, 1, 0, 1, 1, 0, 1, 0, 0, 1, 1, 0]]","[0.00390625, 0.00390625, 0.00390625, 0.00390625, 0.00390625, 0.02734375, 0.00390625, 0.00390625, 0.00390625, 0.0234375, 0.00390625, 0.00390625, 0.00390625, 0.01171875, 0.00390625, 0.046875, 0.00390625, 0.00390625, 0.015625, 0.0078125, 0.00390625, 0.00390625, 0.01953125, 0.00390625, 0.01953125, 0.00390625, 0.00390625, 0.01953125, 0.00390625, 0.00390625, 0.01171875, 0.00390625, 0.00390625, 0.02734375, 0.02734375, 0.02734375, 0.0234375, 0.015625, 0.03515625, 0.55078125]",28,149,62,66,324,
supportcase6_ds_qaoa_c745_c747_0004,data/miplib_benders/qaoa_problems/nvars_10/supportcase6_ds_qaoa_c745_c747_0004.json,10,30,2,ddsim,30,256,ok,2435.280038216966,419.76171875,150892000.0,"{""B100602(7)"": 0, ""B100608(7)"": 0, ""B100623(7)"": 0, ""B101029(7)"": 1, ""B101035(7)"": 0, ""B101037(7)"": 0, ""B101043(7)"": 0, ""B101058(7)"": 0, ""B101479(7)"": 0, ""B101485(7)"": 0}",,,,"[[1, 0, 0, 0, 1, 0, 1, 1, 0, 1, 1, 0, 1, 1, 0, 1, 1, 0, 1, 0, 1, 1, 1, 0, 1, 1, 0, 1, 0, 0], [1, 0, 1, 1, 1, 0, 1, 1, 0, 1, 1, 0, 1, 1, 0, 1, 1, 0, 1, 1, 0, 1, 1, 0, 1, 1, 0, 1, 0, 0], [1, 1, 0, 1, 0, 1, 1, 1, 0, 1, 1, 0, 1, 1, 0, 1, 1, 0, 1, 1, 0, 1, 1, 0, 1, 1, 0, 1, 0, 0], [1, 1, 0, 1, 1, 0, 1, 0, 1, 1, 1, 0, 1, 1, 0, 1, 1, 0, 1, 1, 0, 1, 1, 0, 1, 1, 0, 1, 0, 0], [1, 1, 0, 1, 1, 0, 1, 1, 0, 0, 0, 0, 1, 1, 0, 1, 1, 0, 1, 0, 1, 1, 1, 0, 1, 1, 0, 1, 0, 0], [1, 1, 0, 1, 1, 0, 1, 1, 0, 0, 0, 0, 1, 1, 0, 1, 1, 0, 1, 1, 0, 1, 1, 0, 1, 1, 0, 1, 0, 0], [1, 1, 0, 1, 1, 0, 1, 1, 0, 1, 0, 1, 1, 1, 0, 1, 1, 0, 1, 1, 0, 1, 1, 0, 1, 1, 0, 1, 0, 0], [1, 1, 0, 1, 1, 0, 1, 1, 0, 1, 1, 0, 0, 0, 0, 1, 1, 0, 1, 1, 0, 1, 1, 0, 1, 1, 0, 1, 0, 0], [1, 1, 0, 1, 1, 0, 1, 1, 0, 1, 1, 0, 1, 0, 1, 1, 1, 0, 1, 1, 0, 1, 1, 0, 1, 1, 0, 1, 0, 0], [1, 1, 0, 1, 1, 0, 1, 1, 0, 1, 1, 0, 1, 1, 0, 0, 0, 0, 1, 1, 0, 1, 1, 0, 1, 1, 0, 1, 0, 0], [1, 1, 0, 1, 1, 0, 1, 1, 0, 1, 1, 0, 1, 1, 0, 1, 0, 1, 1, 1, 0, 1, 1, 0, 1, 1, 0, 1, 0, 0], [1, 1, 0, 1, 1, 0, 1, 1, 0, 1, 1, 0, 1, 1, 0, 1, 1, 0, 0, 0, 0, 1, 1, 0, 1, 1, 0, 1, 0, 0], [1, 1, 0, 1, 1, 0, 1, 1, 0, 1, 1, 0, 1, 1, 0, 1, 1, 0, 1, 0, 1, 1, 1, 0, 1, 1, 0, 1, 0, 0], [1, 1, 0, 1, 1, 0, 1, 1, 0, 1, 1, 0, 1, 1, 0, 1, 1, 0, 1, 1, 0, 0, 0, 0, 1, 1, 0, 1, 0, 0], [1, 1, 0, 1, 1, 0, 1, 1, 0, 1, 1, 0, 1, 1, 0, 1, 1, 0, 1, 1, 0, 1, 1, 0, 0, 0, 0, 1, 0, 0], [1, 1, 0, 1, 1, 0, 1, 1, 0, 1, 1, 0, 1, 1, 0, 1, 1, 0, 1, 1, 0, 1, 1, 0, 1, 0, 1, 1, 0, 0], [1, 1, 0, 1, 1, 0, 1, 1, 0, 1, 1, 0, 1, 1, 0, 1, 1, 0, 1, 1, 0, 1, 1, 0, 1, 1, 0, 1, 0, 0]]","[0.00390625, 0.00390625, 0.0078125, 0.0078125, 0.00390625, 0.00390625, 0.0234375, 0.0078125, 0.00390625, 0.00390625, 0.0078125, 0.01171875, 0.01171875, 0.0078125, 0.01171875, 0.0078125, 0.87109375]",30,309,62,138,333,
supportcase6_ds_qaoa_c745_c747_0005,data/miplib_benders/qaoa_problems/nvars_10/supportcase6_ds_qaoa_c745_c747_0005.json,10,30,2,ddsim,30,256,ok,2209.7510059640044,418.51171875,150892000.0,"{""B100608(7)"": 0, ""B100623(7)"": 0, ""B101029(7)"": 1, ""B101035(7)"": 0, ""B101037(7)"": 0, ""B101043(7)"": 0, ""B101058(7)"": 0, ""B101479(7)"": 0, ""B101485(7)"": 0, ""B101487(7)"": 0}",,,,"[[1, 0, 1, 1, 1, 0, 1, 1, 0, 1, 1, 0, 1, 1, 0, 1, 1, 0, 1, 1, 0, 1, 1, 0, 1, 1, 0, 1, 0, 0], [1, 1, 0, 1, 1, 0, 0, 0, 0, 1, 1, 0, 1, 1, 0, 1, 1, 0, 1, 1, 0, 1, 1, 0, 1, 1, 0, 1, 0, 0], [1, 1, 0, 1, 1, 0, 1, 0, 1, 1, 1, 0, 1, 1, 0, 1, 1, 0, 1, 1, 0, 1, 1, 0, 1, 1, 0, 1, 0, 0], [1, 1, 0, 1, 1, 0, 1, 1, 0, 0, 0, 0, 1, 1, 0, 1, 1, 0, 1, 1, 0, 1, 1, 0, 1, 1, 0, 1, 0, 0], [1, 1, 0, 1, 1, 0, 1, 1, 0, 1, 0, 1, 1, 1, 0, 1, 1, 0, 1, 1, 0, 1, 1, 0, 1, 1, 0, 1, 0, 0], [1, 1, 0, 1, 1, 0, 1, 1, 0, 1, 1, 0, 0, 0, 0, 1, 1, 0, 1, 1, 0, 1, 1, 0, 1, 1, 0, 1, 0, 0], [1, 1, 0, 1, 1, 0, 1, 1, 0, 1, 1, 0, 1, 0, 1, 1, 1, 0, 1, 1, 0, 1, 1, 0, 1, 1, 0, 1, 0, 0], [1, 1, 0, 1, 1, 0, 1, 1, 0, 1, 1, 0, 1, 1, 0, 0, 0, 0, 1, 1, 0, 1, 1, 0, 1, 0, 1, 1, 0, 0], [1, 1, 0, 1, 1, 0, 1, 1, 0, 1, 1, 0, 1, 1, 0, 0, 0, 0, 1, 1, 0, 1, 1, 0, 1, 1, 0, 1, 0, 0], [1, 1, 0, 1, 1, 0, 1, 1, 0, 1, 1, 0, 1, 1, 0, 1, 0, 1, 1, 1, 0, 1, 1, 0, 1, 1, 0, 1, 0, 0], [1, 1, 0, 1, 1, 0, 1, 1, 0, 1, 1, 0, 1, 1, 0, 1, 1, 0, 0, 0, 0, 1, 1, 0, 1, 1, 0, 1, 0, 0], [1, 1, 0, 1, 1, 0, 1, 1, 0, 1, 1, 0, 1, 1, 0, 1, 1, 0, 1, 0, 1, 1, 1, 0, 1, 1, 0, 1, 0, 0], [1, 1, 0, 1, 1, 0, 1, 1, 0, 1, 1, 0, 1, 1, 0, 1, 1, 0, 1, 1, 0, 0, 0, 0, 1, 1, 0, 1, 0, 0], [1, 1, 0, 1, 1, 0, 1, 1, 0, 1, 1, 0, 1, 1, 0, 1, 1, 0, 1, 1, 0, 1, 0, 1, 1, 1, 0, 1, 0, 0], [1, 1, 0, 1, 1, 0, 1, 1, 0, 1, 1, 0, 1, 1, 0, 1, 1, 0, 1, 1, 0, 1, 1, 0, 0, 0, 0, 1, 0, 0], [1, 1, 0, 1, 1, 0, 1, 1, 0, 1, 1, 0, 1, 1, 0, 1, 1, 0, 1, 1, 0, 1, 1, 0, 1, 0, 1, 1, 0, 0], [1, 1, 0, 1, 1, 0, 1, 1, 0, 1, 1, 0, 1, 1, 0, 1, 1, 0, 1, 1, 0, 1, 1, 0, 1, 1, 0, 1, 0, 0]]","[0.0078125, 0.0234375, 0.01171875, 0.01171875, 0.00390625, 0.01171875, 0.01171875, 0.00390625, 0.0078125, 0.01171875, 0.00390625, 0.015625, 0.00390625, 0.01171875, 0.0078125, 0.00390625, 0.84765625]",31,309,62,138,333,
supportcase6_ds_qaoa_c745_c747_c759_0001,data/miplib_benders/qaoa_problems/nvars_10/supportcase6_ds_qaoa_c745_c747_c759_0001.json,10,30,3,ddsim,30,256,ok,2691.5700636879774,476.12109375,150892000.0,"{""B100166(7)"": 0, ""B100594(7)"": 0, ""B100600(7)"": 0, ""B100602(7)"": 0, ""B100608(7)"": 0, ""B100623(7)"": 0, ""B101029(7)"": 1, ""B101035(7)"": 0, ""B101037(7)"": 0, ""B101043(7)"": 0}",,,,"[[1, 0, 1, 1, 1, 0, 1, 1, 0, 1, 0, 1, 1, 1, 0, 1, 1, 0, 1, 0, 0, 1, 1, 0, 1, 1, 0, 1, 1, 0], [1, 0, 1, 1, 1, 0, 1, 1, 0, 1, 1, 0, 1, 1, 0, 1, 1, 0, 1, 0, 0, 1, 1, 0, 1, 1, 0, 1, 1, 0], [1, 1, 0, 1, 0, 1, 1, 1, 0, 1, 1, 0, 1, 1, 0, 1, 1, 0, 1, 0, 0, 1, 1, 0, 1, 1, 0, 1, 1, 0], [1, 1, 0, 1, 1, 0, 1, 0, 1, 1, 1, 0, 1, 1, 0, 1, 1, 0, 1, 0, 0, 1, 1, 0, 1, 1, 0, 1, 1, 0], [1, 1, 0, 1, 1, 0, 1, 1, 0, 0, 0, 0, 1, 1, 0, 1, 1, 0, 1, 0, 0, 1, 1, 0, 1, 1, 0, 1, 1, 0], [1, 1, 0, 1, 1, 0, 1, 1, 0, 1, 0, 1, 1, 1, 0, 1, 1, 0, 1, 0, 0, 1, 1, 0, 1, 1, 0, 1, 1, 0], [1, 1, 0, 1, 1, 0, 1, 1, 0, 1, 1, 0, 0, 0, 0, 1, 1, 0, 1, 0, 0, 1, 1, 0, 1, 1, 0, 1, 1, 0], [1, 1, 0, 1, 1, 0, 1, 1, 0, 1, 1, 0, 1, 0, 1, 1, 1, 0, 1, 0, 0, 1, 1, 0, 1, 1, 0, 1, 1, 0], [1, 1, 0, 1, 1, 0, 1, 1, 0, 1, 1, 0, 1, 1, 0, 0, 0, 0, 1, 0, 0, 1, 1, 0, 1, 1, 0, 1, 1, 0], [1, 1, 0, 1, 1, 0, 1, 1, 0, 1, 1, 0, 1, 1, 0, 1, 0, 1, 1, 0, 0, 1, 1, 0, 1, 1, 0, 1, 1, 0], [1, 1, 0, 1, 1, 0, 1, 1, 0, 1, 1, 0, 1, 1, 0, 1, 1, 0, 1, 0, 0, 0, 0, 0, 1, 1, 0, 1, 1, 0], [1, 1, 0, 1, 1, 0, 1, 1, 0, 1, 1, 0, 1, 1, 0, 1, 1, 0, 1, 0, 0, 1, 0, 1, 1, 1, 0, 1, 1, 0], [1, 1, 0, 1, 1, 0, 1, 1, 0, 1, 1, 0, 1, 1, 0, 1, 1, 0, 1, 0, 0, 1, 1, 0, 0, 0, 0, 1, 1, 0], [1, 1, 0, 1, 1, 0, 1, 1, 0, 1, 1, 0, 1, 1, 0, 1, 1, 0, 1, 0, 0, 1, 1, 0, 1, 0, 1, 1, 1, 0], [1, 1, 0, 1, 1, 0, 1, 1, 0, 1, 1, 0, 1, 1, 0, 1, 1, 0, 1, 0, 0, 1, 1, 0, 1, 1, 0, 0, 0, 0], [1, 1, 0, 1, 1, 0, 1, 1, 0, 1, 1, 0, 1, 1, 0, 1, 1, 0, 1, 0, 0, 1, 1, 0, 1, 1, 0, 1, 0, 1], [1, 1, 0, 1, 1, 0, 1, 1, 0, 1, 1, 0, 1, 1, 0, 1, 1, 0, 1, 0, 0, 1, 1, 0, 1, 1, 0, 1, 1, 0]]","[0.00390625, 0.0078125, 0.0234375, 0.00390625, 0.01171875, 0.0078125, 0.00390625, 0.0078125, 0.0078125, 0.00390625, 0.00390625, 0.01171875, 0.01171875, 0.015625, 0.01171875, 0.00390625, 0.859375]",31,229,62,102,324,
supportcase6_ds_qaoa_c745_c747_c759_0003,data/miplib_benders/qaoa_problems/nvars_10/supportcase6_ds_qaoa_c745_c747_c759_0003.json,10,30,3,ddsim,30,256,ok,2110.345043926034,421.44921875,150892000.0,"{""B100600(7)"": 0, ""B100602(7)"": 0, ""B100608(7)"": 0, ""B100623(7)"": 0, ""B101029(7)"": 1, ""B101035(7)"": 0, ""B101037(7)"": 0, ""B101043(7)"": 0, ""B101058(7)"": 0, ""B101479(7)"": 0}",,,,"[[0, 1, 0, 1, 1, 0, 1, 1, 0, 1, 1, 0, 1, 1, 0, 1, 1, 0, 1, 1, 0, 1, 0, 0, 1, 1, 0, 1, 0, 0], [1, 0, 1, 1, 1, 0, 1, 1, 0, 1, 1, 0, 1, 1, 0, 1, 1, 0, 1, 1, 0, 1, 1, 0, 1, 1, 0, 1, 0, 0], [1, 1, 0, 0, 0, 0, 1, 1, 0, 1, 1, 0, 1, 1, 0, 1, 1, 0, 1, 1, 0, 1, 1, 0, 1, 1, 0, 1, 0, 0], [1, 1, 0, 1, 1, 0, 0, 0, 0, 1, 1, 0, 1, 1, 0, 1, 1, 0, 0, 0, 0, 1, 1, 0, 1, 1, 0, 1, 0, 0], [1, 1, 0, 1, 1, 0, 0, 0, 0, 1, 1, 0, 1, 1, 0, 1, 1, 0, 1, 1, 0, 1, 1, 0, 1, 1, 0, 1, 0, 0], [1, 1, 0, 1, 1, 0, 1, 0, 1, 1, 1, 0, 1, 1, 0, 1, 1, 0, 1, 1, 0, 1, 1, 0, 1, 1, 0, 1, 0, 0], [1, 1, 0, 1, 1, 0, 1, 1, 0, 1, 0, 1, 1, 1, 0, 1, 1, 0, 1, 1, 0, 1, 1, 0, 1, 1, 0, 1, 0, 0], [1, 1, 0, 1, 1, 0, 1, 1, 0, 1, 1, 0, 1, 0, 1, 1, 1, 0, 1, 1, 0, 1, 1, 0, 1, 1, 0, 1, 0, 0], [1, 1, 0, 1, 1, 0, 1, 1, 0, 1, 1, 0, 1, 1, 0, 0, 0, 0, 1, 1, 0, 1, 1, 0, 1, 1, 0, 1, 0, 0], [1, 1, 0, 1, 1, 0, 1, 1, 0, 1, 1, 0, 1, 1, 0, 1, 0, 1, 1, 1, 0, 1, 1, 0, 1, 1, 0, 1, 0, 0], [1, 1, 0, 1, 1, 0, 1, 1, 0, 1, 1, 0, 1, 1, 0, 1, 1, 0, 1, 0, 1, 1, 1, 0, 1, 1, 0, 1, 0, 0], [1, 1, 0, 1, 1, 0, 1, 1, 0, 1, 1, 0, 1, 1, 0, 1, 1, 0, 1, 1, 0, 0, 0, 0, 1, 1, 0, 1, 0, 0], [1, 1, 0, 1, 1, 0, 1, 1, 0, 1, 1, 0, 1, 1, 0, 1, 1, 0, 1, 1, 0, 1, 0, 1, 1, 1, 0, 1, 0, 0], [1, 1, 0, 1, 1, 0, 1, 1, 0, 1, 1, 0, 1, 1, 0, 1, 1, 0, 1, 1, 0, 1, 1, 0, 0, 0, 0, 1, 0, 0], [1, 1, 0, 1, 1, 0, 1, 1, 0, 1, 1, 0, 1, 1, 0, 1, 1, 0, 1, 1, 0, 1, 1, 0, 1, 0, 1, 1, 0, 0], [1, 1, 0, 1, 1, 0, 1, 1, 0, 1, 1, 0, 1, 1, 0, 1, 1, 0, 1, 1, 0, 1, 1, 0, 1, 1, 0, 1, 0, 0]]","[0.00390625, 0.00390625, 0.0078125, 0.00390625, 0.0078125, 0.0078125, 0.0078125, 0.01171875, 0.01171875, 0.0078125, 0.0078125, 0.0078125, 0.00390625, 0.0078125, 0.00390625, 0.89453125]",26,229,62,102,324,
supportcase6_ds_qaoa_c745_c747_c759_0002,data/miplib_benders/qaoa_problems/nvars_10/supportcase6_ds_qaoa_c745_c747_c759_0002.json,10,30,3,ddsim,30,256,ok,3173.015949790948,418.62109375,150892000.0,"{""B100594(7)"": 1, ""B100600(7)"": 0, ""B100602(7)"": 0, ""B100608(7)"": 0, ""B100623(7)"": 0, ""B101029(7)"": 0, ""B101035(7)"": 0, ""B101037(7)"": 0, ""B101043(7)"": 0, ""B101058(7)"": 0}",,,,"[[1, 0, 1, 1, 1, 0, 1, 1, 0, 1, 1, 0, 1, 1, 0, 1, 0, 0, 1, 1, 0, 1, 1, 0, 1, 1, 0, 1, 1, 0], [1, 1, 0, 0, 1, 0, 1, 1, 0, 1, 1, 0, 1, 1, 0, 1, 0, 0, 1, 1, 0, 1, 1, 0, 1, 0, 0, 1, 1, 0], [1, 1, 0, 1, 0, 1, 1, 1, 0, 1, 1, 0, 1, 1, 0, 1, 0, 0, 1, 1, 0, 1, 1, 0, 1, 1, 0, 1, 1, 0], [1, 1, 0, 1, 1, 0, 0, 0, 0, 1, 1, 0, 1, 1, 0, 1, 0, 0, 1, 1, 0, 1, 1, 0, 1, 1, 0, 1, 1, 0], [1, 1, 0, 1, 1, 0, 1, 0, 1, 1, 1, 0, 1, 1, 0, 1, 0, 0, 1, 1, 0, 1, 1, 0, 1, 1, 0, 1, 1, 0], [1, 1, 0, 1, 1, 0, 1, 1, 0, 0, 0, 0, 1, 1, 0, 1, 0, 0, 1, 1, 0, 1, 1, 0, 1, 1, 0, 1, 0, 1], [1, 1, 0, 1, 1, 0, 1, 1, 0, 0, 0, 0, 1, 1, 0, 1, 0, 0, 1, 1, 0, 1, 1, 0, 1, 1, 0, 1, 1, 0], [1, 1, 0, 1, 1, 0, 1, 1, 0, 1, 0, 1, 1, 1, 0, 1, 0, 0, 1, 1, 0, 1, 1, 0, 1, 1, 0, 1, 1, 0], [1, 1, 0, 1, 1, 0, 1, 1, 0, 1, 1, 0, 1, 0, 1, 1, 0, 0, 1, 1, 0, 1, 1, 0, 1, 1, 0, 1, 1, 0], [1, 1, 0, 1, 1, 0, 1, 1, 0, 1, 1, 0, 1, 1, 0, 1, 0, 0, 0, 0, 0, 1, 1, 0, 1, 1, 0, 1, 1, 0], [1, 1, 0, 1, 1, 0, 1, 1, 0, 1, 1, 0, 1, 1, 0, 1, 0, 0, 1, 0, 1, 1, 1, 0, 1, 1, 0, 1, 0, 1], [1, 1, 0, 1, 1, 0, 1, 1, 0, 1, 1, 0, 1, 1, 0, 1, 0, 0, 1, 0, 1, 1, 1, 0, 1, 1, 0, 1, 1, 0], [1, 1, 0, 1, 1, 0, 1, 1, 0, 1, 1, 0, 1, 1, 0, 1, 0, 0, 1, 1, 0, 0, 0, 0, 1, 1, 0, 1, 0, 1], [1, 1, 0, 1, 1, 0, 1, 1, 0, 1, 1, 0, 1, 1, 0, 1, 0, 0, 1, 1, 0, 0, 0, 0, 1, 1, 0, 1, 1, 0], [1, 1, 0, 1, 1, 0, 1, 1, 0, 1, 1, 0, 1, 1, 0, 1, 0, 0, 1, 1, 0, 1, 0, 1, 1, 1, 0, 1, 1, 0], [1, 1, 0, 1, 1, 0, 1, 1, 0, 1, 1, 0, 1, 1, 0, 1, 0, 0, 1, 1, 0, 1, 1, 0, 0, 0, 0, 1, 1, 0], [1, 1, 0, 1, 1, 0, 1, 1, 0, 1, 1, 0, 1, 1, 0, 1, 0, 0, 1, 1, 0, 1, 1, 0, 1, 0, 1, 1, 1, 0], [1, 1, 0, 1, 1, 0, 1, 1, 0, 1, 1, 0, 1, 1, 0, 1, 0, 0, 1, 1, 0, 1, 1, 0, 1, 1, 0, 0, 0, 0], [1, 1, 0, 1, 1, 0, 1, 1, 0, 1, 1, 0, 1, 1, 0, 1, 0, 0, 1, 1, 0, 1, 1, 0, 1, 1, 0, 1, 0, 1], [1, 1, 0, 1, 1, 0, 1, 1, 0, 1, 1, 0, 1, 1, 0, 1, 0, 0, 1, 1, 0, 1, 1, 0, 1, 1, 0, 1, 1, 0]]","[0.01171875, 0.00390625, 0.01171875, 0.0234375, 0.0078125, 0.00390625, 0.0078125, 0.0078125, 0.01171875, 0.015625, 0.00390625, 0.01171875, 0.00390625, 0.01171875, 0.01171875, 0.01171875, 0.01171875, 0.01953125, 0.0234375, 0.78515625]",31,229,62,102,324,
supportcase6_ds_qaoa_c745_c747_c759_0005,data/miplib_benders/qaoa_problems/nvars_10/supportcase6_ds_qaoa_c745_c747_c759_0005.json,10,30,3,ddsim,30,256,ok,2346.769743293058,421.3984375,150892000.0,"{""B100608(7)"": 0, ""B100623(7)"": 0, ""B101029(7)"": 1, ""B101035(7)"": 0, ""B101037(7)"": 0, ""B101043(7)"": 0, ""B101058(7)"": 0, ""B101479(7)"": 0, ""B101485(7)"": 0, ""B101487(7)"": 0}",,,,"[[1, 0, 1, 1, 1, 0, 1, 0, 1, 1, 1, 0, 1, 1, 0, 1, 1, 0, 1, 1, 0, 1, 0, 0, 1, 1, 0, 1, 1, 0], [1, 0, 1, 1, 1, 0, 1, 1, 0, 0, 0, 0, 1, 1, 0, 1, 0, 1, 1, 1, 0, 1, 0, 0, 1, 1, 0, 1, 1, 0], [1, 0, 1, 1, 1, 0, 1, 1, 0, 1, 1, 0, 1, 0, 1, 0, 0, 0, 1, 1, 0, 1, 0, 0, 1, 1, 0, 1, 1, 0], [1, 0, 1, 1, 1, 0, 1, 1, 0, 1, 1, 0, 1, 1, 0, 1, 1, 0, 1, 1, 0, 1, 0, 0, 1, 1, 0, 1, 1, 0], [1, 1, 0, 1, 0, 1, 1, 1, 0, 1, 1, 0, 1, 1, 0, 1, 1, 0, 1, 1, 0, 1, 0, 0, 1, 1, 0, 1, 1, 0], [1, 1, 0, 1, 1, 0, 1, 0, 1, 1, 1, 0, 1, 1, 0, 1, 1, 0, 1, 1, 0, 1, 0, 0, 1, 1, 0, 1, 1, 0], [1, 1, 0, 1, 1, 0, 1, 1, 0, 0, 0, 0, 1, 1, 0, 1, 1, 0, 1, 1, 0, 1, 0, 0, 1, 1, 0, 0, 0, 0], [1, 1, 0, 1, 1, 0, 1, 1, 0, 0, 0, 0, 1, 1, 0, 1, 1, 0, 1, 1, 0, 1, 0, 0, 1, 1, 0, 1, 1, 0], [1, 1, 0, 1, 1, 0, 1, 1, 0, 1, 0, 1, 1, 1, 0, 1, 1, 0, 1, 1, 0, 1, 0, 0, 1, 1, 0, 1, 1, 0], [1, 1, 0, 1, 1, 0, 1, 1, 0, 1, 1, 0, 0, 0, 0, 1, 1, 0, 1, 1, 0, 1, 0, 0, 1, 1, 0, 1, 1, 0], [1, 1, 0, 1, 1, 0, 1, 1, 0, 1, 1, 0, 1, 0, 1, 1, 1, 0, 0, 0, 0, 1, 0, 0, 1, 1, 0, 1, 1, 0], [1, 1, 0, 1, 1, 0, 1, 1, 0, 1, 1, 0, 1, 0, 1, 1, 1, 0, 1, 1, 0, 1, 0, 0, 1, 1, 0, 1, 1, 0], [1, 1, 0, 1, 1, 0, 1, 1, 0, 1, 1, 0, 1, 1, 0, 0, 0, 0, 1, 1, 0, 1, 0, 0, 1, 1, 0, 1, 1, 0], [1, 1, 0, 1, 1, 0, 1, 1, 0, 1, 1, 0, 1, 1, 0, 1, 0, 1, 1, 1, 0, 1, 0, 0, 1, 1, 0, 1, 1, 0], [1, 1, 0, 1, 1, 0, 1, 1, 0, 1, 1, 0, 1, 1, 0, 1, 1, 0, 0, 0, 0, 1, 0, 0, 1, 1, 0, 1, 1, 0], [1, 1, 0, 1, 1, 0, 1, 1, 0, 1, 1, 0, 1, 1, 0, 1, 1, 0, 1, 0, 1, 1, 0, 0, 1, 1, 0, 1, 1, 0], [1, 1, 0, 1, 1, 0, 1, 1, 0, 1, 1, 0, 1, 1, 0, 1, 1, 0, 1, 1, 0, 1, 0, 0, 0, 0, 0, 1, 1, 0], [1, 1, 0, 1, 1, 0, 1, 1, 0, 1, 1, 0, 1, 1, 0, 1, 1, 0, 1, 1, 0, 1, 0, 0, 1, 0, 1, 1, 1, 0], [1, 1, 0, 1, 1, 0, 1, 1, 0, 1, 1, 0, 1, 1, 0, 1, 1, 0, 1, 1, 0, 1, 0, 0, 1, 1, 0, 0, 0, 0], [1, 1, 0, 1, 1, 0, 1, 1, 0, 1, 1, 0, 1, 1, 0, 1, 1, 0, 1, 1, 0, 1, 0, 0, 1, 1, 0, 1, 0, 1], [1, 1, 0, 1, 1, 0, 1, 1, 0, 1, 1, 0, 1, 1, 0, 1, 1, 0, 1, 1, 0, 1, 0, 0, 1, 1, 0, 1, 1, 0]]","[0.00390625, 0.00390625, 0.00390625, 0.0078125, 0.015625, 0.0234375, 0.00390625, 0.0078125, 0.015625, 0.02734375, 0.00390625, 0.0078125, 0.0078125, 0.0078125, 0.01171875, 0.01171875, 0.015625, 0.01953125, 0.0078125, 0.01171875, 0.78125]",30,229,62,102,324,
supportcase6_ds_qaoa_c747_c759_0002,data/miplib_benders/qaoa_problems/nvars_10/supportcase6_ds_qaoa_c747_c759_0002.json,10,30,2,ddsim,30,256,ok,1644.2850766349584,478.29296875,151847000.0,"{""B100594(7)"": 0, ""B100600(7)"": 0, ""B100602(7)"": 0, ""B100608(7)"": 0, ""B100623(7)"": 1, ""B101029(7)"": 0, ""B101035(7)"": 0, ""B101037(7)"": 0, ""B101043(7)"": 0, ""B101058(7)"": 0}",,,,"[[1, 0, 1, 1, 1, 0, 1, 1, 0, 1, 1, 0, 1, 1, 0, 1, 1, 0, 1, 1, 0, 1, 1, 0, 1, 1, 0, 1, 0, 0], [1, 1, 0, 1, 0, 1, 1, 1, 0, 1, 1, 0, 1, 1, 0, 1, 1, 0, 1, 0, 1, 1, 1, 0, 1, 1, 0, 1, 0, 0], [1, 1, 0, 1, 1, 0, 0, 0, 0, 1, 1, 0, 1, 1, 0, 1, 0, 1, 1, 1, 0, 1, 1, 0, 1, 1, 0, 1, 0, 0], [1, 1, 0, 1, 1, 0, 0, 0, 0, 1, 1, 0, 1, 1, 0, 1, 1, 0, 1, 1, 0, 1, 1, 0, 1, 0, 1, 1, 0, 0], [1, 1, 0, 1, 1, 0, 0, 0, 0, 1, 1, 0, 1, 1, 0, 1, 1, 0, 1, 1, 0, 1, 1, 0, 1, 1, 0, 1, 0, 0], [1, 1, 0, 1, 1, 0, 1, 0, 1, 1, 1, 0, 1, 1, 0, 1, 1, 0, 1, 1, 0, 1, 1, 0, 1, 1, 0, 1, 0, 0], [1, 1, 0, 1, 1, 0, 1, 1, 0, 0, 0, 0, 1, 1, 0, 1, 1, 0, 1, 1, 0, 1, 1, 0, 1, 1, 0, 1, 0, 0], [1, 1, 0, 1, 1, 0, 1, 1, 0, 1, 0, 1, 1, 1, 0, 1, 1, 0, 1, 1, 0, 1, 1, 0, 1, 1, 0, 1, 0, 0], [1, 1, 0, 1, 1, 0, 1, 1, 0, 1, 1, 0, 0, 0, 0, 1, 1, 0, 1, 1, 0, 1, 1, 0, 1, 1, 0, 1, 0, 0], [1, 1, 0, 1, 1, 0, 1, 1, 0, 1, 1, 0, 1, 0, 1, 1, 1, 0, 1, 1, 0, 1, 0, 1, 1, 1, 0, 1, 0, 0], [1, 1, 0, 1, 1, 0, 1, 1, 0, 1, 1, 0, 1, 0, 1, 1, 1, 0, 1, 1, 0, 1, 1, 0, 1, 1, 0, 1, 0, 0], [1, 1, 0, 1, 1, 0, 1, 1, 0, 1, 1, 0, 1, 1, 0, 0, 0, 0, 1, 1, 0, 1, 1, 0, 1, 1, 0, 1, 0, 0], [1, 1, 0, 1, 1, 0, 1, 1, 0, 1, 1, 0, 1, 1, 0, 1, 0, 1, 1, 1, 0, 0, 0, 0, 1, 1, 0, 1, 0, 0], [1, 1, 0, 1, 1, 0, 1, 1, 0, 1, 1, 0, 1, 1, 0, 1, 0, 1, 1, 1, 0, 1, 1, 0, 1, 1, 0, 1, 0, 0], [1, 1, 0, 1, 1, 0, 1, 1, 0, 1, 1, 0, 1, 1, 0, 1, 1, 0, 0, 0, 0, 1, 1, 0, 1, 1, 0, 1, 0, 0], [1, 1, 0, 1, 1, 0, 1, 1, 0, 1, 1, 0, 1, 1, 0, 1, 1, 0, 1, 0, 1, 1, 1, 0, 0, 0, 0, 1, 0, 0], [1, 1, 0, 1, 1, 0, 1, 1, 0, 1, 1, 0, 1, 1, 0, 1, 1, 0, 1, 0, 1, 1, 1, 0, 1, 0, 1, 1, 0, 0], [1, 1, 0, 1, 1, 0, 1, 1, 0, 1, 1, 0, 1, 1, 0, 1, 1, 0, 1, 0, 1, 1, 1, 0, 1, 1, 0, 1, 0, 0], [1, 1, 0, 1, 1, 0, 1, 1, 0, 1, 1, 0, 1, 1, 0, 1, 1, 0, 1, 1, 0, 0, 0, 0, 1, 1, 0, 1, 0, 0], [1, 1, 0, 1, 1, 0, 1, 1, 0, 1, 1, 0, 1, 1, 0, 1, 1, 0, 1, 1, 0, 1, 0, 1, 1, 0, 1, 1, 0, 0], [1, 1, 0, 1, 1, 0, 1, 1, 0, 1, 1, 0, 1, 1, 0, 1, 1, 0, 1, 1, 0, 1, 0, 1, 1, 1, 0, 1, 0, 0], [1, 1, 0, 1, 1, 0, 1, 1, 0, 1, 1, 0, 1, 1, 0, 1, 1, 0, 1, 1, 0, 1, 1, 0, 0, 0, 0, 1, 0, 0], [1, 1, 0, 1, 1, 0, 1, 1, 0, 1, 1, 0, 1, 1, 0, 1, 1, 0, 1, 1, 0, 1, 1, 0, 1, 1, 0, 1, 0, 0]]","[0.01171875, 0.00390625, 0.00390625, 0.00390625, 0.015625, 0.0078125, 0.0078125, 0.0078125, 0.01953125, 0.00390625, 0.0078125, 0.00390625, 0.00390625, 0.0078125, 0.015625, 0.00390625, 0.00390625, 0.015625, 0.0078125, 0.00390625, 0.0078125, 0.00390625, 0.828125]",27,229,62,102,333,
supportcase6_ds_qaoa_c747_c759_0001,data/miplib_benders/qaoa_problems/nvars_10/supportcase6_ds_qaoa_c747_c759_0001.json,10,30,2,ddsim,30,256,ok,1812.861789121991,419.56640625,151847000.0,"{""B100166(7)"": 1, ""B100594(7)"": 0, ""B100600(7)"": 0, ""B100602(7)"": 0, ""B100608(7)"": 0, ""B100623(7)"": 0, ""B101029(7)"": 0, ""B101035(7)"": 0, ""B101037(7)"": 0, ""B101043(7)"": 0}",,,,"[[1, 0, 1, 0, 0, 0, 1, 1, 0, 1, 1, 0, 1, 1, 0, 1, 1, 0, 1, 0, 0, 1, 1, 0, 1, 1, 0, 1, 1, 0], [1, 0, 1, 1, 1, 0, 1, 1, 0, 1, 1, 0, 1, 1, 0, 1, 1, 0, 1, 0, 0, 1, 1, 0, 1, 1, 0, 1, 1, 0], [1, 1, 0, 0, 0, 0, 1, 1, 0, 1, 1, 0, 1, 1, 0, 1, 1, 0, 1, 0, 0, 1, 1, 0, 1, 1, 0, 1, 1, 0], [1, 1, 0, 1, 0, 1, 1, 1, 0, 1, 1, 0, 1, 1, 0, 1, 1, 0, 1, 0, 0, 1, 1, 0, 1, 1, 0, 1, 1, 0], [1, 1, 0, 1, 1, 0, 1, 0, 1, 1, 1, 0, 1, 1, 0, 1, 1, 0, 1, 0, 0, 1, 1, 0, 1, 1, 0, 1, 1, 0], [1, 1, 0, 1, 1, 0, 1, 1, 0, 0, 0, 0, 1, 1, 0, 1, 1, 0, 1, 0, 0, 1, 1, 0, 1, 1, 0, 1, 1, 0], [1, 1, 0, 1, 1, 0, 1, 1, 0, 1, 0, 1, 1, 1, 0, 1, 1, 0, 1, 0, 0, 1, 1, 0, 1, 1, 0, 1, 1, 0], [1, 1, 0, 1, 1, 0, 1, 1, 0, 1, 1, 0, 1, 1, 0, 1, 1, 0, 1, 0, 0, 0, 0, 0, 1, 1, 0, 1, 1, 0], [1, 1, 0, 1, 1, 0, 1, 1, 0, 1, 1, 0, 1, 1, 0, 1, 1, 0, 1, 0, 0, 1, 1, 0, 1, 1, 0, 1, 1, 0]]","[0.00390625, 0.00390625, 0.0078125, 0.00390625, 0.00390625, 0.0078125, 0.00390625, 0.0078125, 0.95703125]",30,229,62,102,333,
supportcase6_ds_qaoa_c745_c747_c759_0004,data/miplib_benders/qaoa_problems/nvars_10/supportcase6_ds_qaoa_c745_c747_c759_0004.json,10,30,3,ddsim,30,256,ok,3575.366065533017,439.62890625,150892000.0,"{""B100602(7)"": 0, ""B100608(7)"": 0, ""B100623(7)"": 0, ""B101029(7)"": 0, ""B101035(7)"": 0, ""B101037(7)"": 0, ""B101043(7)"": 0, ""B101058(7)"": 0, ""B101479(7)"": 1, ""B101485(7)"": 0}",,,,"[[1, 0, 1, 1, 0, 1, 1, 1, 0, 1, 1, 0, 1, 1, 0, 1, 1, 0, 1, 1, 0, 1, 1, 0, 1, 0, 0, 1, 1, 0], [1, 0, 1, 1, 1, 0, 1, 1, 0, 1, 1, 0, 0, 0, 0, 1, 1, 0, 1, 1, 0, 1, 1, 0, 1, 0, 0, 1, 1, 0], [1, 0, 1, 1, 1, 0, 1, 1, 0, 1, 1, 0, 1, 1, 0, 1, 1, 0, 1, 1, 0, 1, 1, 0, 1, 0, 0, 1, 1, 0], [1, 1, 0, 0, 0, 0, 1, 1, 0, 1, 1, 0, 1, 1, 0, 1, 1, 0, 1, 1, 0, 1, 1, 0, 1, 0, 0, 1, 1, 0], [1, 1, 0, 1, 0, 1, 1, 1, 0, 1, 1, 0, 1, 1, 0, 1, 1, 0, 1, 1, 0, 1, 0, 1, 1, 0, 0, 1, 1, 0], [1, 1, 0, 1, 0, 1, 1, 1, 0, 1, 1, 0, 1, 1, 0, 1, 1, 0, 1, 1, 0, 1, 1, 0, 1, 0, 0, 1, 1, 0], [1, 1, 0, 1, 1, 0, 1, 0, 1, 1, 1, 0, 1, 1, 0, 1, 1, 0, 1, 1, 0, 1, 1, 0, 1, 0, 0, 1, 1, 0], [1, 1, 0, 1, 1, 0, 1, 1, 0, 1, 0, 0, 1, 1, 0, 1, 1, 0, 1, 1, 0, 1, 1, 0, 0, 0, 0, 1, 1, 0], [1, 1, 0, 1, 1, 0, 1, 1, 0, 1, 0, 1, 1, 1, 0, 0, 0, 0, 1, 1, 0, 1, 1, 0, 1, 0, 0, 1, 1, 0], [1, 1, 0, 1, 1, 0, 1, 1, 0, 1, 0, 1, 1, 1, 0, 1, 1, 0, 1, 1, 0, 1, 1, 0, 1, 0, 0, 1, 1, 0], [1, 1, 0, 1, 1, 0, 1, 1, 0, 1, 1, 0, 0, 0, 0, 1, 1, 0, 1, 1, 0, 1, 1, 0, 1, 0, 0, 1, 1, 0], [1, 1, 0, 1, 1, 0, 1, 1, 0, 1, 1, 0, 1, 0, 1, 1, 0, 1, 1, 1, 0, 1, 1, 0, 1, 0, 0, 1, 1, 0], [1, 1, 0, 1, 1, 0, 1, 1, 0, 1, 1, 0, 1, 0, 1, 1, 1, 0, 1, 1, 0, 1, 1, 0, 1, 0, 0, 1, 1, 0], [1, 1, 0, 1, 1, 0, 1, 1, 0, 1, 1, 0, 1, 1, 0, 0, 0, 0, 1, 1, 0, 1, 1, 0, 1, 0, 0, 1, 1, 0], [1, 1, 0, 1, 1, 0, 1, 1, 0, 1, 1, 0, 1, 1, 0, 1, 0, 1, 1, 0, 1, 1, 1, 0, 1, 0, 0, 1, 0, 1], [1, 1, 0, 1, 1, 0, 1, 1, 0, 1, 1, 0, 1, 1, 0, 1, 0, 1, 1, 1, 0, 1, 1, 0, 1, 0, 0, 1, 1, 0], [1, 1, 0, 1, 1, 0, 1, 1, 0, 1, 1, 0, 1, 1, 0, 1, 1, 0, 0, 0, 0, 1, 1, 0, 1, 0, 0, 1, 1, 0], [1, 1, 0, 1, 1, 0, 1, 1, 0, 1, 1, 0, 1, 1, 0, 1, 1, 0, 1, 0, 1, 1, 0, 1, 1, 0, 0, 1, 1, 0], [1, 1, 0, 1, 1, 0, 1, 1, 0, 1, 1, 0, 1, 1, 0, 1, 1, 0, 1, 0, 1, 1, 1, 0, 1, 0, 0, 1, 1, 0], [1, 1, 0, 1, 1, 0, 1, 1, 0, 1, 1, 0, 1, 1, 0, 1, 1, 0, 1, 1, 0, 0, 0, 0, 1, 0, 0, 1, 1, 0], [1, 1, 0, 1, 1, 0, 1, 1, 0, 1, 1, 0, 1, 1, 0, 1, 1, 0, 1, 1, 0, 1, 0, 1, 1, 0, 0, 1, 1, 0], [1, 1, 0, 1, 1, 0, 1, 1, 0, 1, 1, 0, 1, 1, 0, 1, 1, 0, 1, 1, 0, 1, 1, 0, 1, 0, 0, 0, 0, 0], [1, 1, 0, 1, 1, 0, 1, 1, 0, 1, 1, 0, 1, 1, 0, 1, 1, 0, 1, 1, 0, 1, 1, 0, 1, 0, 0, 1, 0, 1], [1, 1, 0, 1, 1, 0, 1, 1, 0, 1, 1, 0, 1, 1, 0, 1, 1, 0, 1, 1, 0, 1, 1, 0, 1, 0, 0, 1, 1, 0]]","[0.00390625, 0.00390625, 0.03125, 0.0078125, 0.00390625, 0.0234375, 0.01953125, 0.00390625, 0.00390625, 0.02734375, 0.03125, 0.00390625, 0.015625, 0.01171875, 0.00390625, 0.0078125, 0.00390625, 0.00390625, 0.01953125, 0.02734375, 0.02734375, 0.02734375, 0.03125, 0.65625]",30,229,62,102,324,
supportcase6_ds_qaoa_c747_c759_0004,data/miplib_benders/qaoa_problems/nvars_10/supportcase6_ds_qaoa_c747_c759_0004.json,10,30,2,ddsim,30,256,ok,1579.5159448800841,419.5625,151847000.0,"{""B100602(7)"": 0, ""B100608(7)"": 0, ""B100623(7)"": 1, ""B101029(7)"": 0, ""B101035(7)"": 0, ""B101037(7)"": 0, ""B101043(7)"": 0, ""B101058(7)"": 0, ""B101479(7)"": 0, ""B101485(7)"": 0}",,,,"[[1, 0, 1, 1, 1, 0, 1, 1, 0, 1, 1, 0, 1, 1, 0, 1, 1, 0, 1, 1, 0, 1, 1, 0, 1, 0, 0, 1, 1, 0], [1, 1, 0, 0, 0, 0, 1, 1, 0, 1, 1, 0, 1, 1, 0, 1, 1, 0, 1, 1, 0, 1, 1, 0, 1, 0, 0, 1, 1, 0], [1, 1, 0, 1, 0, 1, 1, 0, 1, 1, 1, 0, 1, 1, 0, 1, 1, 0, 1, 1, 0, 1, 1, 0, 1, 0, 0, 1, 1, 0], [1, 1, 0, 1, 1, 0, 1, 0, 0, 0, 1, 0, 1, 1, 0, 1, 1, 0, 1, 1, 0, 1, 1, 0, 1, 0, 0, 1, 1, 0], [1, 1, 0, 1, 1, 0, 1, 0, 1, 1, 1, 0, 1, 1, 0, 1, 1, 0, 1, 1, 0, 1, 1, 0, 1, 0, 0, 1, 1, 0], [1, 1, 0, 1, 1, 0, 1, 1, 0, 0, 0, 0, 1, 1, 0, 1, 1, 0, 1, 1, 0, 1, 1, 0, 1, 0, 0, 1, 1, 0], [1, 1, 0, 1, 1, 0, 1, 1, 0, 1, 0, 1, 1, 1, 0, 1, 1, 0, 1, 1, 0, 1, 1, 0, 1, 0, 0, 1, 1, 0], [1, 1, 0, 1, 1, 0, 1, 1, 0, 1, 1, 0, 0, 0, 0, 1, 1, 0, 1, 1, 0, 1, 1, 0, 1, 0, 0, 1, 1, 0], [1, 1, 0, 1, 1, 0, 1, 1, 0, 1, 1, 0, 1, 0, 1, 1, 1, 0, 1, 1, 0, 1, 1, 0, 1, 0, 0, 1, 1, 0], [1, 1, 0, 1, 1, 0, 1, 1, 0, 1, 1, 0, 1, 1, 0, 0, 0, 0, 1, 1, 0, 1, 1, 0, 1, 0, 0, 1, 1, 0], [1, 1, 0, 1, 1, 0, 1, 1, 0, 1, 1, 0, 1, 1, 0, 1, 0, 1, 1, 0, 1, 1, 1, 0, 1, 0, 0, 1, 1, 0], [1, 1, 0, 1, 1, 0, 1, 1, 0, 1, 1, 0, 1, 1, 0, 1, 0, 1, 1, 1, 0, 1, 1, 0, 1, 0, 0, 1, 1, 0], [1, 1, 0, 1, 1, 0, 1, 1, 0, 1, 1, 0, 1, 1, 0, 1, 1, 0, 0, 0, 0, 1, 1, 0, 1, 0, 0, 1, 1, 0], [1, 1, 0, 1, 1, 0, 1, 1, 0, 1, 1, 0, 1, 1, 0, 1, 1, 0, 1, 0, 1, 1, 1, 0, 1, 0, 0, 1, 1, 0], [1, 1, 0, 1, 1, 0, 1, 1, 0, 1, 1, 0, 1, 1, 0, 1, 1, 0, 1, 1, 0, 0, 0, 0, 1, 0, 0, 1, 1, 0], [1, 1, 0, 1, 1, 0, 1, 1, 0, 1, 1, 0, 1, 1, 0, 1, 1, 0, 1, 1, 0, 1, 0, 1, 1, 0, 0, 1, 1, 0], [1, 1, 0, 1, 1, 0, 1, 1, 0, 1, 1, 0, 1, 1, 0, 1, 1, 0, 1, 1, 0, 1, 1, 0, 1, 0, 0, 0, 0, 0], [1, 1, 0, 1, 1, 0, 1, 1, 0, 1, 1, 0, 1, 1, 0, 1, 1, 0, 1, 1, 0, 1, 1, 0, 1, 0, 0, 1, 0, 1], [1, 1, 0, 1, 1, 0, 1, 1, 0, 1, 1, 0, 1, 1, 0, 1, 1, 0, 1, 1, 0, 1, 1, 0, 1, 0, 0, 1, 1, 0]]","[0.0078125, 0.0078125, 0.00390625, 0.00390625, 0.00390625, 0.0078125, 0.01171875, 0.00390625, 0.01171875, 0.015625, 0.00390625, 0.015625, 0.00390625, 0.01171875, 0.00390625, 0.0078125, 0.01171875, 0.01953125, 0.84375]",30,229,62,102,333,
supportcase6_ds_qaoa_c747_c759_0005,data/miplib_benders/qaoa_problems/nvars_10/supportcase6_ds_qaoa_c747_c759_0005.json,10,30,2,ddsim,30,256,ok,1685.997290099971,419.83984375,151847000.0,"{""B100608(7)"": 0, ""B100623(7)"": 1, ""B101029(7)"": 0, ""B101035(7)"": 0, ""B101037(7)"": 0, ""B101043(7)"": 0, ""B101058(7)"": 0, ""B101479(7)"": 0, ""B101485(7)"": 0, ""B101487(7)"": 0}",,,,"[[1, 0, 1, 1, 1, 0, 1, 1, 0, 1, 1, 0, 1, 1, 0, 1, 1, 0, 1, 1, 0, 1, 0, 0, 1, 1, 0, 1, 1, 0], [1, 1, 0, 1, 0, 1, 1, 1, 0, 1, 1, 0, 1, 1, 0, 1, 1, 0, 1, 1, 0, 1, 0, 0, 1, 1, 0, 1, 1, 0], [1, 1, 0, 1, 1, 0, 0, 0, 0, 1, 1, 0, 1, 1, 0, 1, 1, 0, 1, 1, 0, 1, 0, 0, 1, 1, 0, 1, 1, 0], [1, 1, 0, 1, 1, 0, 1, 0, 1, 1, 1, 0, 1, 1, 0, 1, 1, 0, 1, 1, 0, 1, 0, 0, 1, 1, 0, 1, 1, 0], [1, 1, 0, 1, 1, 0, 1, 1, 0, 0, 0, 0, 1, 1, 0, 1, 1, 0, 1, 1, 0, 1, 0, 0, 1, 1, 0, 1, 1, 0], [1, 1, 0, 1, 1, 0, 1, 1, 0, 1, 0, 1, 1, 1, 0, 1, 1, 0, 1, 1, 0, 1, 0, 0, 1, 1, 0, 1, 1, 0], [1, 1, 0, 1, 1, 0, 1, 1, 0, 1, 1, 0, 0, 0, 0, 1, 1, 0, 1, 1, 0, 1, 0, 0, 1, 1, 0, 1, 1, 0], [1, 1, 0, 1, 1, 0, 1, 1, 0, 1, 1, 0, 1, 0, 1, 1, 1, 0, 1, 1, 0, 1, 0, 0, 1, 1, 0, 1, 1, 0], [1, 1, 0, 1, 1, 0, 1, 1, 0, 1, 1, 0, 1, 1, 0, 0, 0, 0, 1, 1, 0, 1, 0, 0, 1, 1, 0, 1, 1, 0], [1, 1, 0, 1, 1, 0, 1, 1, 0, 1, 1, 0, 1, 1, 0, 1, 0, 1, 1, 1, 0, 1, 0, 0, 1, 1, 0, 1, 1, 0], [1, 1, 0, 1, 1, 0, 1, 1, 0, 1, 1, 0, 1, 1, 0, 1, 1, 0, 0, 0, 0, 1, 0, 0, 1, 1, 0, 1, 1, 0], [1, 1, 0, 1, 1, 0, 1, 1, 0, 1, 1, 0, 1, 1, 0, 1, 1, 0, 1, 0, 1, 1, 0, 0, 1, 1, 0, 1, 1, 0], [1, 1, 0, 1, 1, 0, 1, 1, 0, 1, 1, 0, 1, 1, 0, 1, 1, 0, 1, 1, 0, 1, 0, 0, 0, 0, 0, 1, 1, 0], [1, 1, 0, 1, 1, 0, 1, 1, 0, 1, 1, 0, 1, 1, 0, 1, 1, 0, 1, 1, 0, 1, 0, 0, 1, 0, 1, 1, 1, 0], [1, 1, 0, 1, 1, 0, 1, 1, 0, 1, 1, 0, 1, 1, 0, 1, 1, 0, 1, 1, 0, 1, 0, 0, 1, 1, 0, 0, 0, 0], [1, 1, 0, 1, 1, 0, 1, 1, 0, 1, 1, 0, 1, 1, 0, 1, 1, 0, 1, 1, 0, 1, 0, 0, 1, 1, 0, 1, 0, 1], [1, 1, 0, 1, 1, 0, 1, 1, 0, 1, 1, 0, 1, 1, 0, 1, 1, 0, 1, 1, 0, 1, 0, 0, 1, 1, 0, 1, 1, 0]]","[0.00390625, 0.00390625, 0.01953125, 0.015625, 0.0078125, 0.01171875, 0.0078125, 0.00390625, 0.01171875, 0.0078125, 0.00390625, 0.00390625, 0.01171875, 0.0078125, 0.00390625, 0.0078125, 0.8671875]",28,229,62,102,333,
supportcase6_ds_qaoa_c747_c759_0003,data/miplib_benders/qaoa_problems/nvars_10/supportcase6_ds_qaoa_c747_c759_0003.json,10,30,2,ddsim,30,256,ok,2039.9727761429967,418.43359375,151847000.0,"{""B100600(7)"": 0, ""B100602(7)"": 0, ""B100608(7)"": 0, ""B100623(7)"": 1, ""B101029(7)"": 0, ""B101035(7)"": 0, ""B101037(7)"": 0, ""B101043(7)"": 0, ""B101058(7)"": 0, ""B101479(7)"": 0}",,,,"[[1, 0, 1, 1, 1, 0, 1, 1, 0, 1, 1, 0, 1, 1, 0, 0, 0, 0, 1, 1, 0, 1, 1, 0, 1, 1, 0, 1, 0, 0], [1, 0, 1, 1, 1, 0, 1, 1, 0, 1, 1, 0, 1, 1, 0, 1, 1, 0, 1, 1, 0, 1, 1, 0, 1, 1, 0, 1, 0, 0], [1, 1, 0, 0, 0, 0, 1, 1, 0, 1, 1, 0, 1, 0, 1, 1, 1, 0, 1, 1, 0, 1, 1, 0, 1, 1, 0, 1, 0, 0], [1, 1, 0, 0, 0, 0, 1, 1, 0, 1, 1, 0, 1, 1, 0, 1, 1, 0, 1, 1, 0, 1, 1, 0, 1, 1, 0, 1, 0, 0], [1, 1, 0, 1, 0, 0, 0, 1, 0, 1, 1, 0, 1, 1, 0, 1, 1, 0, 1, 1, 0, 1, 1, 0, 1, 1, 0, 1, 0, 0], [1, 1, 0, 1, 0, 1, 1, 1, 0, 1, 1, 0, 1, 1, 0, 1, 1, 0, 1, 0, 1, 1, 1, 0, 1, 1, 0, 1, 0, 0], [1, 1, 0, 1, 0, 1, 1, 1, 0, 1, 1, 0, 1, 1, 0, 1, 1, 0, 1, 1, 0, 1, 1, 0, 1, 1, 0, 1, 0, 0], [1, 1, 0, 1, 1, 0, 0, 0, 0, 1, 1, 0, 1, 1, 0, 1, 1, 0, 1, 1, 0, 1, 1, 0, 0, 0, 0, 1, 0, 0], [1, 1, 0, 1, 1, 0, 0, 0, 0, 1, 1, 0, 1, 1, 0, 1, 1, 0, 1, 1, 0, 1, 1, 0, 1, 1, 0, 1, 0, 0], [1, 1, 0, 1, 1, 0, 1, 0, 1, 1, 1, 0, 1, 1, 0, 1, 1, 0, 1, 1, 0, 1, 1, 0, 1, 1, 0, 1, 0, 0], [1, 1, 0, 1, 1, 0, 1, 1, 0, 1, 0, 1, 1, 1, 0, 1, 1, 0, 1, 1, 0, 1, 1, 0, 1, 1, 0, 1, 0, 0], [1, 1, 0, 1, 1, 0, 1, 1, 0, 1, 1, 0, 0, 0, 0, 1, 1, 0, 0, 0, 0, 1, 1, 0, 1, 1, 0, 1, 0, 0], [1, 1, 0, 1, 1, 0, 1, 1, 0, 1, 1, 0, 0, 0, 0, 1, 1, 0, 1, 0, 1, 1, 1, 0, 1, 1, 0, 1, 0, 0], [1, 1, 0, 1, 1, 0, 1, 1, 0, 1, 1, 0, 0, 0, 0, 1, 1, 0, 1, 1, 0, 1, 1, 0, 1, 1, 0, 1, 0, 0], [1, 1, 0, 1, 1, 0, 1, 1, 0, 1, 1, 0, 1, 0, 1, 1, 1, 0, 1, 1, 0, 1, 1, 0, 1, 0, 1, 1, 0, 0], [1, 1, 0, 1, 1, 0, 1, 1, 0, 1, 1, 0, 1, 0, 1, 1, 1, 0, 1, 1, 0, 1, 1, 0, 1, 1, 0, 1, 0, 0], [1, 1, 0, 1, 1, 0, 1, 1, 0, 1, 1, 0, 1, 1, 0, 0, 0, 0, 1, 1, 0, 1, 1, 0, 1, 0, 1, 1, 0, 0], [1, 1, 0, 1, 1, 0, 1, 1, 0, 1, 1, 0, 1, 1, 0, 0, 0, 0, 1, 1, 0, 1, 1, 0, 1, 1, 0, 1, 0, 0], [1, 1, 0, 1, 1, 0, 1, 1, 0, 1, 1, 0, 1, 1, 0, 1, 0, 1, 1, 1, 0, 1, 1, 0, 1, 0, 1, 1, 0, 0], [1, 1, 0, 1, 1, 0, 1, 1, 0, 1, 1, 0, 1, 1, 0, 1, 0, 1, 1, 1, 0, 1, 1, 0, 1, 1, 0, 1, 0, 0], [1, 1, 0, 1, 1, 0, 1, 1, 0, 1, 1, 0, 1, 1, 0, 1, 1, 0, 0, 0, 0, 1, 1, 0, 0, 0, 0, 1, 0, 0], [1, 1, 0, 1, 1, 0, 1, 1, 0, 1, 1, 0, 1, 1, 0, 1, 1, 0, 0, 0, 0, 1, 1, 0, 1, 1, 0, 1, 0, 0], [1, 1, 0, 1, 1, 0, 1, 1, 0, 1, 1, 0, 1, 1, 0, 1, 1, 0, 1, 0, 1, 1, 1, 0, 1, 1, 0, 1, 0, 0], [1, 1, 0, 1, 1, 0, 1, 1, 0, 1, 1, 0, 1, 1, 0, 1, 1, 0, 1, 1, 0, 0, 0, 0, 1, 0, 1, 1, 0, 0], [1, 1, 0, 1, 1, 0, 1, 1, 0, 1, 1, 0, 1, 1, 0, 1, 1, 0, 1, 1, 0, 0, 0, 0, 1, 1, 0, 1, 0, 0], [1, 1, 0, 1, 1, 0, 1, 1, 0, 1, 1, 0, 1, 1, 0, 1, 1, 0, 1, 1, 0, 1, 0, 1, 1, 1, 0, 1, 0, 0], [1, 1, 0, 1, 1, 0, 1, 1, 0, 1, 1, 0, 1, 1, 0, 1, 1, 0, 1, 1, 0, 1, 1, 0, 0, 0, 0, 1, 0, 0], [1, 1, 0, 1, 1, 0, 1, 1, 0, 1, 1, 0, 1, 1, 0, 1, 1, 0, 1, 1, 0, 1, 1, 0, 1, 0, 1, 1, 0, 0], [1, 1, 0, 1, 1, 0, 1, 1, 0, 1, 1, 0, 1, 1, 0, 1, 1, 0, 1, 1, 0, 1, 1, 0, 1, 1, 0, 1, 0, 0]]","[0.00390625, 0.015625, 0.00390625, 0.015625, 0.00390625, 0.00390625, 0.00390625, 0.00390625, 0.01953125, 0.01171875, 0.01953125, 0.00390625, 0.00390625, 0.015625, 0.00390625, 0.01171875, 0.00390625, 0.01171875, 0.00390625, 0.0234375, 0.00390625, 0.015625, 0.00390625, 0.00390625, 0.0078125, 0.01953125, 0.01953125, 0.01171875, 0.7265625]",30,229,62,102,333,
supportcase6_ds_qaoa_c747_c759_c762_0001,data/miplib_benders/qaoa_problems/nvars_10/supportcase6_ds_qaoa_c747_c759_c762_0001.json,10,30,3,ddsim,30,256,ok,3636.683425436029,439.515625,151847000.0,"{""B100166(7)"": 1, ""B100594(7)"": 0, ""B100600(7)"": 0, ""B100602(7)"": 0, ""B100608(7)"": 0, ""B100623(7)"": 0, ""B101029(7)"": 0, ""B101035(7)"": 0, ""B101037(7)"": 0, ""B101043(7)"": 0}",,,,"[[0, 0, 1, 1, 0, 1, 0, 1, 0, 0, 0, 0, 0, 0, 0, 1, 0, 0, 1, 0, 0, 1, 1, 0, 1, 0, 0, 0, 0, 0], [0, 0, 1, 1, 1, 0, 0, 1, 0, 0, 0, 0, 0, 0, 0, 1, 0, 0, 1, 0, 0, 1, 1, 0, 1, 0, 0, 0, 0, 0], [0, 1, 0, 1, 1, 0, 0, 0, 0, 0, 0, 0, 0, 0, 0, 1, 0, 0, 1, 0, 0, 0, 1, 0, 1, 0, 0, 0, 0, 0], [0, 1, 0, 1, 1, 0, 0, 1, 0, 0, 0, 0, 0, 0, 0, 1, 0, 0, 1, 0, 0, 0, 0, 0, 0, 0, 0, 1, 0, 0], [0, 1, 0, 1, 1, 0, 0, 1, 0, 0, 0, 0, 0, 0, 0, 1, 0, 0, 1, 0, 0, 1, 1, 0, 0, 0, 0, 1, 0, 0], [1, 0, 0, 1, 1, 0, 1, 1, 0, 0, 0, 0, 0, 0, 0, 0, 0, 0, 1, 1, 0, 1, 1, 0, 0, 0, 0, 0, 0, 0], [1, 0, 1, 1, 0, 0, 1, 0, 1, 1, 0, 0, 0, 0, 0, 0, 0, 0, 1, 1, 0, 0, 1, 0, 0, 0, 0, 0, 0, 0], [1, 0, 1, 1, 0, 0, 1, 1, 0, 1, 0, 0, 0, 0, 0, 1, 1, 0, 1, 1, 0, 0, 1, 0, 0, 0, 0, 0, 0, 0], [1, 0, 1, 1, 0, 1, 1, 1, 0, 0, 0, 0, 0, 0, 0, 1, 0, 0, 1, 0, 1, 1, 1, 0, 0, 0, 0, 0, 0, 0], [1, 0, 1, 1, 1, 0, 1, 0, 1, 0, 0, 0, 0, 0, 0, 1, 0, 0, 0, 0, 0, 1, 0, 1, 0, 0, 0, 0, 0, 0], [1, 0, 1, 1, 1, 0, 1, 0, 1, 0, 0, 0, 0, 0, 0, 1, 0, 0, 0, 0, 0, 1, 1, 0, 0, 0, 0, 0, 0, 0], [1, 0, 1, 1, 1, 0, 1, 0, 1, 0, 0, 0, 0, 0, 0, 1, 0, 0, 1, 1, 0, 1, 1, 0, 0, 0, 0, 0, 0, 0], [1, 0, 1, 1, 1, 0, 1, 1, 0, 0, 0, 0, 0, 0, 0, 1, 0, 0, 0, 0, 0, 1, 1, 0, 0, 0, 0, 0, 0, 0], [1, 0, 1, 1, 1, 0, 1, 1, 0, 0, 0, 0, 0, 0, 0, 1, 0, 0, 1, 1, 0, 0, 0, 0, 0, 0, 0, 0, 0, 0], [1, 0, 1, 1, 1, 0, 1, 1, 0, 0, 0, 0, 0, 0, 0, 1, 0, 0, 1, 1, 0, 1, 0, 1, 0, 0, 0, 0, 0, 0], [1, 0, 1, 1, 1, 0, 1, 1, 0, 0, 0, 0, 0, 0, 0, 1, 0, 0, 1, 1, 0, 1, 1, 0, 0, 0, 0, 0, 0, 0], [1, 1, 0, 1, 0, 0, 1, 1, 0, 1, 0, 0, 0, 0, 0, 0, 0, 0, 1, 1, 0, 0, 1, 0, 0, 0, 0, 0, 0, 0], [1, 1, 0, 1, 0, 1, 1, 1, 0, 0, 0, 0, 0, 0, 0, 1, 0, 0, 0, 0, 0, 1, 1, 0, 0, 0, 0, 0, 0, 0], [1, 1, 0, 1, 0, 1, 1, 1, 0, 0, 0, 0, 0, 0, 0, 1, 0, 0, 1, 0, 1, 0, 0, 0, 0, 0, 0, 0, 0, 0], [1, 1, 0, 1, 0, 1, 1, 1, 0, 0, 0, 0, 0, 0, 0, 1, 0, 0, 1, 0, 1, 1, 1, 0, 0, 0, 0, 0, 0, 0], [1, 1, 0, 1, 0, 1, 1, 1, 0, 0, 0, 0, 0, 0, 0, 1, 0, 0, 1, 1, 0, 1, 1, 0, 0, 0, 0, 0, 0, 0], [1, 1, 0, 1, 1, 0, 0, 1, 0, 0, 0, 0, 0, 0, 0, 1, 0, 0, 1, 1, 0, 1, 0, 0, 0, 0, 0, 0, 0, 0], [1, 1, 0, 1, 1, 0, 1, 0, 0, 0, 0, 0, 0, 0, 0, 1, 0, 0, 1, 1, 0, 0, 1, 0, 0, 0, 0, 0, 0, 0], [1, 1, 0, 1, 1, 0, 1, 0, 1, 0, 0, 0, 0, 0, 0, 1, 0, 0, 0, 0, 0, 1, 1, 0, 0, 0, 0, 0, 0, 0], [1, 1, 0, 1, 1, 0, 1, 0, 1, 0, 0, 0, 0, 0, 0, 1, 0, 0, 1, 1, 0, 0, 0, 0, 0, 0, 0, 0, 0, 0], [1, 1, 0, 1, 1, 0, 1, 0, 1, 0, 0, 0, 0, 0, 0, 1, 0, 0, 1, 1, 0, 1, 0, 1, 0, 0, 0, 0, 0, 0], [1, 1, 0, 1, 1, 0, 1, 0, 1, 0, 0, 0, 0, 0, 0, 1, 0, 0, 1, 1, 0, 1, 1, 0, 0, 0, 0, 0, 0, 0], [1, 1, 0, 1, 1, 0, 1, 1, 0, 0, 0, 0, 0, 0, 0, 1, 0, 0, 0, 0, 0, 0, 0, 0, 0, 0, 0, 0, 0, 0], [1, 1, 0, 1, 1, 0, 1, 1, 0, 0, 0, 0, 0, 0, 0, 1, 0, 0, 0, 0, 0, 1, 0, 1, 0, 0, 0, 0, 0, 0], [1, 1, 0, 1, 1, 0, 1, 1, 0, 0, 0, 0, 0, 0, 0, 1, 0, 0, 0, 0, 0, 1, 1, 0, 0, 0, 0, 0, 0, 0], [1, 1, 0, 1, 1, 0, 1, 1, 0, 0, 0, 0, 0, 0, 0, 1, 0, 0, 1, 0, 1, 1, 1, 0, 0, 0, 0, 0, 0, 0], [1, 1, 0, 1, 1, 0, 1, 1, 0, 0, 0, 0, 0, 0, 0, 1, 0, 0, 1, 1, 0, 0, 0, 0, 0, 0, 0, 0, 0, 0], [1, 1, 0, 1, 1, 0, 1, 1, 0, 0, 0, 0, 0, 0, 0, 1, 0, 0, 1, 1, 0, 1, 0, 1, 0, 0, 0, 0, 0, 0], [1, 1, 0, 1, 1, 0, 1, 1, 0, 0, 0, 0, 0, 0, 0, 1, 0, 0, 1, 1, 0, 1, 1, 0, 0, 0, 0, 0, 0, 0]]","[0.00390625, 0.00390625, 0.00390625, 0.00390625, 0.00390625, 0.0078125, 0.00390625, 0.00390625, 0.0078125, 0.00390625, 0.0078125, 0.0078125, 0.0078125, 0.0078125, 0.00390625, 0.03515625, 0.015625, 0.01171875, 0.00390625, 0.015625, 0.04296875, 0.00390625, 0.01171875, 0.01171875, 0.01171875, 0.0078125, 0.05859375, 0.00390625, 0.00390625, 0.0859375, 0.0390625, 0.04296875, 0.05078125, 0.4609375]",31,1041,62,426,1084,
supportcase6_ds_qaoa_c747_c759_c762_0003,data/miplib_benders/qaoa_problems/nvars_10/supportcase6_ds_qaoa_c747_c759_c762_0003.json,10,30,3,ddsim,30,256,ok,3385.029529031017,437.859375,151847000.0,"{""B100600(7)"": 0, ""B100602(7)"": 0, ""B100608(7)"": 0, ""B100623(7)"": 1, ""B101029(7)"": 0, ""B101035(7)"": 0, ""B101037(7)"": 0, ""B101043(7)"": 0, ""B101058(7)"": 0, ""B101479(7)"": 0}",,,,"[[1, 0, 1, 1, 1, 0, 1, 1, 0, 1, 1, 0, 0, 0, 0, 1, 1, 0, 1, 1, 0, 0, 0, 0, 1, 0, 0, 0, 0, 0], [1, 0, 1, 1, 1, 0, 1, 1, 0, 1, 1, 0, 0, 0, 0, 1, 1, 0, 1, 1, 0, 1, 1, 0, 1, 0, 0, 0, 0, 0], [1, 1, 0, 1, 0, 1, 1, 1, 0, 1, 1, 0, 0, 0, 0, 1, 1, 0, 1, 1, 0, 0, 0, 0, 1, 0, 0, 0, 0, 0], [1, 1, 0, 1, 0, 1, 1, 1, 0, 1, 1, 0, 0, 0, 0, 1, 1, 0, 1, 1, 0, 1, 1, 0, 1, 0, 0, 0, 0, 0], [1, 1, 0, 1, 1, 0, 0, 0, 0, 1, 1, 0, 0, 0, 0, 1, 1, 0, 1, 1, 0, 1, 0, 1, 1, 0, 0, 0, 0, 0], [1, 1, 0, 1, 1, 0, 0, 0, 0, 1, 1, 0, 0, 0, 0, 1, 1, 0, 1, 1, 0, 1, 1, 0, 1, 0, 0, 0, 0, 0], [1, 1, 0, 1, 1, 0, 1, 0, 0, 1, 1, 0, 1, 0, 0, 0, 1, 0, 1, 1, 0, 1, 1, 0, 0, 0, 0, 0, 0, 0], [1, 1, 0, 1, 1, 0, 1, 0, 1, 1, 1, 0, 0, 0, 0, 1, 1, 0, 1, 1, 0, 1, 1, 0, 1, 0, 0, 0, 0, 0], [1, 1, 0, 1, 1, 0, 1, 1, 0, 1, 0, 1, 0, 0, 0, 1, 1, 0, 0, 0, 0, 1, 1, 0, 1, 0, 0, 0, 0, 0], [1, 1, 0, 1, 1, 0, 1, 1, 0, 1, 0, 1, 0, 0, 0, 1, 1, 0, 1, 1, 0, 1, 0, 1, 1, 0, 0, 0, 0, 0], [1, 1, 0, 1, 1, 0, 1, 1, 0, 1, 0, 1, 0, 0, 0, 1, 1, 0, 1, 1, 0, 1, 1, 0, 1, 0, 0, 0, 0, 0], [1, 1, 0, 1, 1, 0, 1, 1, 0, 1, 1, 0, 0, 0, 0, 0, 0, 0, 1, 1, 0, 0, 0, 0, 1, 0, 0, 0, 0, 0], [1, 1, 0, 1, 1, 0, 1, 1, 0, 1, 1, 0, 0, 0, 0, 0, 0, 0, 1, 1, 0, 1, 1, 0, 1, 0, 0, 0, 0, 0], [1, 1, 0, 1, 1, 0, 1, 1, 0, 1, 1, 0, 0, 0, 0, 1, 0, 1, 0, 0, 0, 1, 1, 0, 1, 0, 0, 0, 0, 0], [1, 1, 0, 1, 1, 0, 1, 1, 0, 1, 1, 0, 0, 0, 0, 1, 0, 1, 1, 1, 0, 1, 0, 1, 1, 0, 0, 0, 0, 0], [1, 1, 0, 1, 1, 0, 1, 1, 0, 1, 1, 0, 0, 0, 0, 1, 0, 1, 1, 1, 0, 1, 1, 0, 1, 0, 0, 0, 0, 0], [1, 1, 0, 1, 1, 0, 1, 1, 0, 1, 1, 0, 0, 0, 0, 1, 1, 0, 0, 0, 0, 1, 1, 0, 1, 0, 0, 0, 0, 0], [1, 1, 0, 1, 1, 0, 1, 1, 0, 1, 1, 0, 0, 0, 0, 1, 1, 0, 1, 0, 1, 1, 1, 0, 1, 0, 0, 0, 0, 0], [1, 1, 0, 1, 1, 0, 1, 1, 0, 1, 1, 0, 0, 0, 0, 1, 1, 0, 1, 1, 0, 0, 0, 0, 1, 0, 0, 0, 0, 0], [1, 1, 0, 1, 1, 0, 1, 1, 0, 1, 1, 0, 0, 0, 0, 1, 1, 0, 1, 1, 0, 1, 0, 1, 1, 0, 0, 0, 0, 0], [1, 1, 0, 1, 1, 0, 1, 1, 0, 1, 1, 0, 0, 0, 0, 1, 1, 0, 1, 1, 0, 1, 1, 0, 1, 0, 0, 0, 0, 0]]","[0.00390625, 0.01953125, 0.00390625, 0.00390625, 0.00390625, 0.01171875, 0.00390625, 0.01171875, 0.00390625, 0.00390625, 0.02734375, 0.00390625, 0.01171875, 0.00390625, 0.00390625, 0.01171875, 0.0078125, 0.0390625, 0.0234375, 0.01171875, 0.78515625]",29,641,62,270,704,
supportcase6_ds_qaoa_c747_c759_c762_0004,data/miplib_benders/qaoa_problems/nvars_10/supportcase6_ds_qaoa_c747_c759_c762_0004.json,10,30,3,ddsim,30,256,ok,4003.0683007489424,485.109375,151847000.0,"{""B100602(7)"": 0, ""B100608(7)"": 0, ""B100623(7)"": 1, ""B101029(7)"": 0, ""B101035(7)"": 0, ""B101037(7)"": 0, ""B101043(7)"": 0, ""B101058(7)"": 0, ""B101479(7)"": 0, ""B101485(7)"": 0}",,,,"[[1, 0, 1, 0, 0, 0, 1, 1, 0, 1, 1, 0, 0, 0, 0, 1, 1, 0, 1, 1, 0, 1, 0, 0, 1, 1, 0, 0, 0, 0], [1, 0, 1, 1, 0, 1, 1, 1, 0, 1, 1, 0, 0, 0, 0, 1, 1, 0, 1, 1, 0, 1, 0, 0, 1, 1, 0, 0, 0, 0], [1, 0, 1, 1, 1, 0, 1, 1, 0, 1, 1, 0, 0, 0, 0, 1, 1, 0, 1, 1, 0, 1, 0, 0, 1, 1, 0, 0, 0, 0], [1, 1, 0, 0, 0, 0, 1, 0, 1, 1, 1, 0, 0, 0, 0, 1, 1, 0, 1, 1, 0, 1, 0, 0, 1, 1, 0, 0, 0, 0], [1, 1, 0, 0, 0, 0, 1, 1, 0, 1, 0, 1, 0, 0, 0, 1, 1, 0, 1, 1, 0, 1, 0, 0, 1, 1, 0, 0, 0, 0], [1, 1, 0, 0, 0, 0, 1, 1, 0, 1, 1, 0, 0, 0, 0, 1, 1, 0, 1, 1, 0, 1, 0, 0, 1, 1, 0, 0, 0, 0], [1, 1, 0, 1, 0, 0, 1, 1, 0, 1, 1, 0, 0, 0, 0, 0, 1, 0, 1, 1, 0, 1, 0, 0, 1, 1, 0, 0, 0, 0], [1, 1, 0, 1, 0, 1, 1, 0, 1, 1, 1, 0, 0, 0, 0, 1, 1, 0, 1, 1, 0, 1, 0, 0, 1, 1, 0, 0, 0, 0], [1, 1, 0, 1, 0, 1, 1, 1, 0, 1, 1, 0, 0, 0, 0, 1, 1, 0, 1, 1, 0, 1, 0, 0, 1, 1, 0, 0, 0, 0], [1, 1, 0, 1, 1, 0, 1, 0, 1, 1, 1, 0, 0, 0, 0, 1, 1, 0, 0, 0, 0, 1, 0, 0, 1, 1, 0, 0, 0, 0], [1, 1, 0, 1, 1, 0, 1, 0, 1, 1, 1, 0, 0, 0, 0, 1, 1, 0, 1, 1, 0, 1, 0, 0, 1, 0, 1, 0, 0, 0], [1, 1, 0, 1, 1, 0, 1, 0, 1, 1, 1, 0, 0, 0, 0, 1, 1, 0, 1, 1, 0, 1, 0, 0, 1, 1, 0, 0, 0, 0], [1, 1, 0, 1, 1, 0, 1, 1, 0, 1, 0, 1, 0, 0, 0, 1, 0, 1, 1, 1, 0, 1, 0, 0, 1, 1, 0, 0, 0, 0], [1, 1, 0, 1, 1, 0, 1, 1, 0, 1, 0, 1, 0, 0, 0, 1, 1, 0, 1, 1, 0, 1, 0, 0, 0, 0, 0, 0, 0, 0], [1, 1, 0, 1, 1, 0, 1, 1, 0, 1, 0, 1, 0, 0, 0, 1, 1, 0, 1, 1, 0, 1, 0, 0, 1, 0, 1, 0, 0, 0], [1, 1, 0, 1, 1, 0, 1, 1, 0, 1, 0, 1, 0, 0, 0, 1, 1, 0, 1, 1, 0, 1, 0, 0, 1, 1, 0, 0, 0, 0], [1, 1, 0, 1, 1, 0, 1, 1, 0, 1, 1, 0, 0, 0, 0, 0, 0, 0, 1, 1, 0, 1, 0, 0, 1, 1, 0, 0, 0, 0], [1, 1, 0, 1, 1, 0, 1, 1, 0, 1, 1, 0, 0, 0, 0, 1, 0, 1, 1, 1, 0, 1, 0, 0, 1, 1, 0, 0, 0, 0], [1, 1, 0, 1, 1, 0, 1, 1, 0, 1, 1, 0, 0, 0, 0, 1, 1, 0, 0, 0, 0, 1, 0, 0, 1, 1, 0, 0, 0, 0], [1, 1, 0, 1, 1, 0, 1, 1, 0, 1, 1, 0, 0, 0, 0, 1, 1, 0, 1, 0, 1, 1, 0, 0, 1, 0, 1, 0, 0, 0], [1, 1, 0, 1, 1, 0, 1, 1, 0, 1, 1, 0, 0, 0, 0, 1, 1, 0, 1, 0, 1, 1, 0, 0, 1, 1, 0, 0, 0, 0], [1, 1, 0, 1, 1, 0, 1, 1, 0, 1, 1, 0, 0, 0, 0, 1, 1, 0, 1, 1, 0, 1, 0, 0, 0, 0, 0, 0, 0, 0], [1, 1, 0, 1, 1, 0, 1, 1, 0, 1, 1, 0, 0, 0, 0, 1, 1, 0, 1, 1, 0, 1, 0, 0, 1, 0, 1, 0, 0, 0], [1, 1, 0, 1, 1, 0, 1, 1, 0, 1, 1, 0, 0, 0, 0, 1, 1, 0, 1, 1, 0, 1, 0, 0, 1, 1, 0, 0, 0, 0]]","[0.00390625, 0.00390625, 0.01171875, 0.00390625, 0.00390625, 0.03125, 0.00390625, 0.00390625, 0.02734375, 0.00390625, 0.00390625, 0.01953125, 0.00390625, 0.00390625, 0.00390625, 0.01953125, 0.02734375, 0.03125, 0.01953125, 0.00390625, 0.03125, 0.0234375, 0.0390625, 0.671875]",28,641,62,270,704,
supportcase6_ds_qaoa_c747_c759_c762_0002,data/miplib_benders/qaoa_problems/nvars_10/supportcase6_ds_qaoa_c747_c759_c762_0002.json,10,30,3,ddsim,30,256,ok,5902.105215760996,437.42578125,151847000.0,"{""B100594(7)"": 0, ""B100600(7)"": 0, ""B100602(7)"": 0, ""B100608(7)"": 0, ""B100623(7)"": 1, ""B101029(7)"": 0, ""B101035(7)"": 0, ""B101037(7)"": 0, ""B101043(7)"": 0, ""B101058(7)"": 0}",,,,"[[1, 0, 1, 1, 0, 0, 1, 1, 0, 1, 1, 0, 1, 0, 0, 0, 1, 0, 1, 1, 0, 0, 1, 0, 1, 1, 0, 1, 0, 0], [1, 0, 1, 1, 1, 0, 1, 0, 1, 1, 1, 0, 0, 0, 0, 1, 1, 0, 1, 0, 1, 1, 1, 0, 1, 1, 0, 1, 0, 0], [1, 0, 1, 1, 1, 0, 1, 0, 1, 1, 1, 0, 0, 0, 0, 1, 1, 0, 1, 1, 0, 1, 1, 0, 0, 0, 0, 1, 0, 0], [1, 0, 1, 1, 1, 0, 1, 1, 0, 0, 0, 0, 0, 0, 0, 1, 0, 1, 0, 0, 0, 1, 1, 0, 1, 1, 0, 1, 0, 0], [1, 0, 1, 1, 1, 0, 1, 1, 0, 1, 0, 1, 0, 0, 0, 1, 0, 1, 1, 1, 0, 1, 1, 0, 1, 1, 0, 1, 0, 0], [1, 0, 1, 1, 1, 0, 1, 1, 0, 1, 1, 0, 0, 0, 0, 1, 0, 1, 1, 1, 0, 1, 1, 0, 1, 1, 0, 1, 0, 0], [1, 0, 1, 1, 1, 0, 1, 1, 0, 1, 1, 0, 0, 0, 0, 1, 1, 0, 1, 0, 1, 1, 1, 0, 1, 1, 0, 1, 0, 0], [1, 0, 1, 1, 1, 0, 1, 1, 0, 1, 1, 0, 0, 0, 0, 1, 1, 0, 1, 1, 0, 1, 0, 1, 1, 1, 0, 1, 0, 0], [1, 0, 1, 1, 1, 0, 1, 1, 0, 1, 1, 0, 0, 0, 0, 1, 1, 0, 1, 1, 0, 1, 1, 0, 0, 0, 0, 1, 0, 0], [1, 0, 1, 1, 1, 0, 1, 1, 0, 1, 1, 0, 0, 0, 0, 1, 1, 0, 1, 1, 0, 1, 1, 0, 1, 1, 0, 1, 0, 0], [1, 1, 0, 0, 1, 0, 1, 1, 0, 1, 1, 0, 0, 0, 0, 1, 1, 0, 1, 0, 0, 1, 1, 0, 1, 1, 0, 1, 0, 0], [1, 1, 0, 1, 0, 0, 1, 1, 0, 0, 0, 0, 1, 0, 0, 0, 1, 0, 1, 1, 0, 0, 1, 0, 1, 1, 0, 1, 0, 0], [1, 1, 0, 1, 0, 0, 1, 1, 0, 1, 1, 0, 1, 0, 0, 0, 1, 0, 1, 1, 0, 0, 1, 0, 1, 1, 0, 1, 0, 0], [1, 1, 0, 1, 0, 1, 1, 0, 1, 1, 1, 0, 0, 0, 0, 1, 1, 0, 1, 1, 0, 1, 1, 0, 1, 1, 0, 1, 0, 0], [1, 1, 0, 1, 0, 1, 1, 1, 0, 0, 0, 0, 0, 0, 0, 1, 1, 0, 1, 1, 0, 1, 1, 0, 1, 1, 0, 1, 0, 0], [1, 1, 0, 1, 0, 1, 1, 1, 0, 1, 0, 1, 0, 0, 0, 1, 1, 0, 1, 1, 0, 1, 1, 0, 1, 1, 0, 1, 0, 0], [1, 1, 0, 1, 0, 1, 1, 1, 0, 1, 1, 0, 0, 0, 0, 0, 0, 0, 0, 0, 0, 1, 1, 0, 0, 0, 0, 1, 0, 0], [1, 1, 0, 1, 0, 1, 1, 1, 0, 1, 1, 0, 0, 0, 0, 1, 1, 0, 1, 1, 0, 0, 0, 0, 1, 0, 1, 1, 0, 0], [1, 1, 0, 1, 0, 1, 1, 1, 0, 1, 1, 0, 0, 0, 0, 1, 1, 0, 1, 1, 0, 1, 0, 1, 1, 1, 0, 1, 0, 0], [1, 1, 0, 1, 0, 1, 1, 1, 0, 1, 1, 0, 0, 0, 0, 1, 1, 0, 1, 1, 0, 1, 1, 0, 0, 0, 0, 1, 0, 0], [1, 1, 0, 1, 0, 1, 1, 1, 0, 1, 1, 0, 0, 0, 0, 1, 1, 0, 1, 1, 0, 1, 1, 0, 1, 1, 0, 1, 0, 0], [1, 1, 0, 1, 1, 0, 1, 0, 1, 0, 0, 0, 0, 0, 0, 1, 1, 0, 0, 0, 0, 1, 1, 0, 1, 1, 0, 1, 0, 0], [1, 1, 0, 1, 1, 0, 1, 0, 1, 0, 0, 0, 0, 0, 0, 1, 1, 0, 1, 1, 0, 1, 1, 0, 1, 1, 0, 1, 0, 0], [1, 1, 0, 1, 1, 0, 1, 0, 1, 1, 0, 1, 0, 0, 0, 1, 1, 0, 1, 1, 0, 0, 0, 0, 1, 1, 0, 1, 0, 0], [1, 1, 0, 1, 1, 0, 1, 0, 1, 1, 0, 1, 0, 0, 0, 1, 1, 0, 1, 1, 0, 1, 1, 0, 1, 1, 0, 1, 0, 0], [1, 1, 0, 1, 1, 0, 1, 0, 1, 1, 1, 0, 0, 0, 0, 1, 1, 0, 0, 0, 0, 1, 1, 0, 1, 1, 0, 1, 0, 0], [1, 1, 0, 1, 1, 0, 1, 0, 1, 1, 1, 0, 0, 0, 0, 1, 1, 0, 1, 0, 1, 1, 1, 0, 1, 1, 0, 1, 0, 0], [1, 1, 0, 1, 1, 0, 1, 0, 1, 1, 1, 0, 0, 0, 0, 1, 1, 0, 1, 1, 0, 0, 0, 0, 1, 1, 0, 1, 0, 0], [1, 1, 0, 1, 1, 0, 1, 0, 1, 1, 1, 0, 0, 0, 0, 1, 1, 0, 1, 1, 0, 1, 0, 1, 1, 1, 0, 1, 0, 0], [1, 1, 0, 1, 1, 0, 1, 0, 1, 1, 1, 0, 0, 0, 0, 1, 1, 0, 1, 1, 0, 1, 1, 0, 0, 0, 0, 1, 0, 0], [1, 1, 0, 1, 1, 0, 1, 0, 1, 1, 1, 0, 0, 0, 0, 1, 1, 0, 1, 1, 0, 1, 1, 0, 1, 1, 0, 1, 0, 0], [1, 1, 0, 1, 1, 0, 1, 1, 0, 0, 0, 0, 0, 0, 0, 1, 0, 1, 1, 1, 0, 1, 1, 0, 1, 1, 0, 1, 0, 0], [1, 1, 0, 1, 1, 0, 1, 1, 0, 0, 0, 0, 0, 0, 0, 1, 1, 0, 0, 0, 0, 1, 1, 0, 1, 1, 0, 1, 0, 0], [1, 1, 0, 1, 1, 0, 1, 1, 0, 0, 0, 0, 0, 0, 0, 1, 1, 0, 1, 1, 0, 0, 0, 0, 1, 1, 0, 1, 0, 0], [1, 1, 0, 1, 1, 0, 1, 1, 0, 0, 0, 0, 0, 0, 0, 1, 1, 0, 1, 1, 0, 1, 0, 1, 1, 1, 0, 1, 0, 0], [1, 1, 0, 1, 1, 0, 1, 1, 0, 0, 0, 0, 0, 0, 0, 1, 1, 0, 1, 1, 0, 1, 1, 0, 1, 0, 1, 1, 0, 0], [1, 1, 0, 1, 1, 0, 1, 1, 0, 0, 0, 0, 0, 0, 0, 1, 1, 0, 1, 1, 0, 1, 1, 0, 1, 1, 0, 1, 0, 0], [1, 1, 0, 1, 1, 0, 1, 1, 0, 1, 0, 1, 0, 0, 0, 1, 1, 0, 1, 1, 0, 0, 0, 0, 1, 1, 0, 1, 0, 0], [1, 1, 0, 1, 1, 0, 1, 1, 0, 1, 0, 1, 0, 0, 0, 1, 1, 0, 1, 1, 0, 1, 1, 0, 0, 0, 0, 1, 0, 0], [1, 1, 0, 1, 1, 0, 1, 1, 0, 1, 0, 1, 0, 0, 0, 1, 1, 0, 1, 1, 0, 1, 1, 0, 1, 1, 0, 1, 0, 0], [1, 1, 0, 1, 1, 0, 1, 1, 0, 1, 1, 0, 0, 0, 0, 0, 0, 0, 1, 0, 1, 1, 1, 0, 1, 1, 0, 1, 0, 0], [1, 1, 0, 1, 1, 0, 1, 1, 0, 1, 1, 0, 0, 0, 0, 0, 0, 0, 1, 1, 0, 1, 0, 1, 1, 1, 0, 1, 0, 0], [1, 1, 0, 1, 1, 0, 1, 1, 0, 1, 1, 0, 0, 0, 0, 0, 0, 0, 1, 1, 0, 1, 1, 0, 1, 0, 1, 1, 0, 0], [1, 1, 0, 1, 1, 0, 1, 1, 0, 1, 1, 0, 0, 0, 0, 0, 0, 0, 1, 1, 0, 1, 1, 0, 1, 1, 0, 1, 0, 0], [1, 1, 0, 1, 1, 0, 1, 1, 0, 1, 1, 0, 0, 0, 0, 1, 0, 1, 0, 0, 0, 1, 1, 0, 1, 1, 0, 1, 0, 0], [1, 1, 0, 1, 1, 0, 1, 1, 0, 1, 1, 0, 0, 0, 0, 1, 0, 1, 1, 1, 0, 1, 1, 0, 1, 0, 1, 1, 0, 0], [1, 1, 0, 1, 1, 0, 1, 1, 0, 1, 1, 0, 0, 0, 0, 1, 0, 1, 1, 1, 0, 1, 1, 0, 1, 1, 0, 1, 0, 0], [1, 1, 0, 1, 1, 0, 1, 1, 0, 1, 1, 0, 0, 0, 0, 1, 1, 0, 0, 0, 0, 1, 1, 0, 1, 1, 0, 1, 0, 0], [1, 1, 0, 1, 1, 0, 1, 1, 0, 1, 1, 0, 0, 0, 0, 1, 1, 0, 1, 0, 1, 1, 0, 1, 1, 1, 0, 1, 0, 0], [1, 1, 0, 1, 1, 0, 1, 1, 0, 1, 1, 0, 0, 0, 0, 1, 1, 0, 1, 0, 1, 1, 1, 0, 0, 0, 0, 1, 0, 0], [1, 1, 0, 1, 1, 0, 1, 1, 0, 1, 1, 0, 0, 0, 0, 1, 1, 0, 1, 0, 1, 1, 1, 0, 1, 1, 0, 1, 0, 0], [1, 1, 0, 1, 1, 0, 1, 1, 0, 1, 1, 0, 0, 0, 0, 1, 1, 0, 1, 1, 0, 0, 0, 0, 0, 0, 0, 1, 0, 0], [1, 1, 0, 1, 1, 0, 1, 1, 0, 1, 1, 0, 0, 0, 0, 1, 1, 0, 1, 1, 0, 0, 0, 0, 1, 1, 0, 1, 0, 0], [1, 1, 0, 1, 1, 0, 1, 1, 0, 1, 1, 0, 0, 0, 0, 1, 1, 0, 1, 1, 0, 1, 0, 1, 1, 0, 1, 1, 0, 0], [1, 1, 0, 1, 1, 0, 1, 1, 0, 1, 1, 0, 0, 0, 0, 1, 1, 0, 1, 1, 0, 1, 0, 1, 1, 1, 0, 1, 0, 0], [1, 1, 0, 1, 1, 0, 1, 1, 0, 1, 1, 0, 0, 0, 0, 1, 1, 0, 1, 1, 0, 1, 1, 0, 0, 0, 0, 1, 0, 0], [1, 1, 0, 1, 1, 0, 1, 1, 0, 1, 1, 0, 0, 0, 0, 1, 1, 0, 1, 1, 0, 1, 1, 0, 1, 0, 1, 1, 0, 0], [1, 1, 0, 1, 1, 0, 1, 1, 0, 1, 1, 0, 0, 0, 0, 1, 1, 0, 1, 1, 0, 1, 1, 0, 1, 1, 0, 1, 0, 0]]","[0.0078125, 0.00390625, 0.00390625, 0.00390625, 0.00390625, 0.00390625, 0.00390625, 0.00390625, 0.0078125, 0.01171875, 0.00390625, 0.00390625, 0.00390625, 0.00390625, 0.00390625, 0.00390625, 0.00390625, 0.00390625, 0.00390625, 0.00390625, 0.03515625, 0.00390625, 0.00390625, 0.00390625, 0.00390625, 0.00390625, 0.00390625, 0.0078125, 0.00390625, 0.00390625, 0.03125, 0.00390625, 0.00390625, 0.0078125, 0.00390625, 0.00390625, 0.03125, 0.00390625, 0.00390625, 0.0234375, 0.00390625, 0.00390625, 0.0078125, 0.03125, 0.00390625, 0.0078125, 0.0390625, 0.04296875, 0.00390625, 0.0078125, 0.01171875, 0.00390625, 0.02734375, 0.00390625, 0.015625, 0.00390625, 0.0234375, 0.47265625]",28,638,62,267,704,
supportcase6_ds_qaoa_c747_c759_c762_0005,data/miplib_benders/qaoa_problems/nvars_10/supportcase6_ds_qaoa_c747_c759_c762_0005.json,10,30,3,ddsim,30,256,ok,5923.017810277059,436.16015625,151847000.0,"{""B100608(7)"": 0, ""B100623(7)"": 1, ""B101029(7)"": 0, ""B101035(7)"": 0, ""B101037(7)"": 0, ""B101043(7)"": 0, ""B101058(7)"": 0, ""B101479(7)"": 0, ""B101485(7)"": 0, ""B101487(7)"": 0}",,,,"[[0, 1, 0, 1, 1, 0, 1, 1, 0, 0, 0, 0, 1, 1, 0, 0, 0, 0, 1, 0, 0, 1, 1, 0, 0, 0, 0, 1, 0, 0], [0, 1, 0, 1, 1, 0, 1, 1, 0, 0, 0, 0, 1, 1, 0, 1, 1, 0, 1, 0, 0, 1, 1, 0, 0, 0, 0, 1, 0, 0], [1, 0, 0, 1, 1, 0, 1, 0, 1, 0, 0, 0, 0, 1, 0, 1, 1, 0, 1, 0, 0, 1, 1, 0, 0, 0, 0, 1, 1, 0], [1, 0, 0, 1, 1, 0, 1, 1, 0, 0, 0, 0, 0, 1, 0, 1, 1, 0, 1, 0, 0, 1, 1, 0, 0, 0, 0, 1, 1, 0], [1, 0, 1, 1, 0, 1, 1, 1, 0, 0, 0, 0, 1, 1, 0, 1, 1, 0, 1, 0, 0, 1, 1, 0, 0, 0, 0, 0, 0, 0], [1, 0, 1, 1, 0, 1, 1, 1, 0, 0, 0, 0, 1, 1, 0, 1, 1, 0, 1, 0, 0, 1, 1, 0, 0, 0, 0, 1, 1, 0], [1, 0, 1, 1, 1, 0, 1, 0, 1, 0, 0, 0, 1, 1, 0, 1, 1, 0, 1, 0, 0, 0, 0, 0, 0, 0, 0, 1, 1, 0], [1, 0, 1, 1, 1, 0, 1, 0, 1, 0, 0, 0, 1, 1, 0, 1, 1, 0, 1, 0, 0, 1, 1, 0, 0, 0, 0, 1, 1, 0], [1, 0, 1, 1, 1, 0, 1, 1, 0, 0, 0, 0, 0, 0, 0, 1, 1, 0, 1, 0, 0, 1, 1, 0, 0, 0, 0, 1, 1, 0], [1, 0, 1, 1, 1, 0, 1, 1, 0, 0, 0, 0, 1, 0, 1, 1, 1, 0, 1, 0, 0, 1, 1, 0, 0, 0, 0, 1, 1, 0], [1, 0, 1, 1, 1, 0, 1, 1, 0, 0, 0, 0, 1, 1, 0, 0, 0, 0, 1, 0, 0, 1, 1, 0, 0, 0, 0, 1, 0, 1], [1, 0, 1, 1, 1, 0, 1, 1, 0, 0, 0, 0, 1, 1, 0, 0, 0, 0, 1, 0, 0, 1, 1, 0, 0, 0, 0, 1, 1, 0], [1, 0, 1, 1, 1, 0, 1, 1, 0, 0, 0, 0, 1, 1, 0, 1, 0, 1, 1, 0, 0, 1, 1, 0, 0, 0, 0, 1, 1, 0], [1, 0, 1, 1, 1, 0, 1, 1, 0, 0, 0, 0, 1, 1, 0, 1, 1, 0, 1, 0, 0, 0, 0, 0, 0, 0, 0, 1, 1, 0], [1, 0, 1, 1, 1, 0, 1, 1, 0, 0, 0, 0, 1, 1, 0, 1, 1, 0, 1, 0, 0, 1, 0, 1, 0, 0, 0, 1, 1, 0], [1, 0, 1, 1, 1, 0, 1, 1, 0, 0, 0, 0, 1, 1, 0, 1, 1, 0, 1, 0, 0, 1, 1, 0, 0, 0, 0, 1, 0, 1], [1, 0, 1, 1, 1, 0, 1, 1, 0, 0, 0, 0, 1, 1, 0, 1, 1, 0, 1, 0, 0, 1, 1, 0, 0, 0, 0, 1, 1, 0], [1, 1, 0, 1, 0, 0, 1, 1, 0, 1, 0, 0, 0, 1, 0, 1, 0, 1, 1, 0, 0, 0, 0, 1, 0, 0, 0, 1, 1, 0], [1, 1, 0, 1, 0, 0, 1, 1, 0, 1, 0, 0, 0, 1, 0, 1, 1, 0, 1, 0, 0, 0, 1, 0, 0, 0, 0, 1, 1, 0], [1, 1, 0, 1, 0, 1, 1, 1, 0, 0, 0, 0, 0, 0, 0, 1, 1, 0, 1, 0, 0, 1, 1, 0, 0, 0, 0, 1, 1, 0], [1, 1, 0, 1, 0, 1, 1, 1, 0, 0, 0, 0, 1, 0, 1, 1, 1, 0, 1, 0, 0, 1, 1, 0, 0, 0, 0, 1, 1, 0], [1, 1, 0, 1, 0, 1, 1, 1, 0, 0, 0, 0, 1, 1, 0, 1, 0, 1, 1, 0, 0, 1, 1, 0, 0, 0, 0, 1, 0, 1], [1, 1, 0, 1, 0, 1, 1, 1, 0, 0, 0, 0, 1, 1, 0, 1, 1, 0, 1, 0, 0, 0, 0, 0, 0, 0, 0, 1, 1, 0], [1, 1, 0, 1, 0, 1, 1, 1, 0, 0, 0, 0, 1, 1, 0, 1, 1, 0, 1, 0, 0, 1, 1, 0, 0, 0, 0, 1, 1, 0], [1, 1, 0, 1, 1, 0, 0, 1, 0, 0, 0, 0, 1, 1, 0, 1, 1, 0, 1, 0, 0, 1, 0, 0, 0, 0, 0, 1, 1, 0], [1, 1, 0, 1, 1, 0, 1, 0, 1, 0, 0, 0, 0, 0, 0, 1, 1, 0, 1, 0, 0, 0, 0, 0, 0, 0, 0, 1, 1, 0], [1, 1, 0, 1, 1, 0, 1, 0, 1, 0, 0, 0, 1, 0, 1, 1, 1, 0, 1, 0, 0, 1, 1, 0, 0, 0, 0, 1, 0, 1], [1, 1, 0, 1, 1, 0, 1, 0, 1, 0, 0, 0, 1, 0, 1, 1, 1, 0, 1, 0, 0, 1, 1, 0, 0, 0, 0, 1, 1, 0], [1, 1, 0, 1, 1, 0, 1, 0, 1, 0, 0, 0, 1, 1, 0, 0, 0, 0, 1, 0, 0, 0, 0, 0, 0, 0, 0, 1, 1, 0], [1, 1, 0, 1, 1, 0, 1, 0, 1, 0, 0, 0, 1, 1, 0, 0, 0, 0, 1, 0, 0, 1, 1, 0, 0, 0, 0, 1, 1, 0], [1, 1, 0, 1, 1, 0, 1, 0, 1, 0, 0, 0, 1, 1, 0, 1, 0, 1, 1, 0, 0, 1, 1, 0, 0, 0, 0, 1, 1, 0], [1, 1, 0, 1, 1, 0, 1, 0, 1, 0, 0, 0, 1, 1, 0, 1, 1, 0, 1, 0, 0, 0, 0, 0, 0, 0, 0, 1, 1, 0], [1, 1, 0, 1, 1, 0, 1, 0, 1, 0, 0, 0, 1, 1, 0, 1, 1, 0, 1, 0, 0, 1, 0, 1, 0, 0, 0, 1, 1, 0], [1, 1, 0, 1, 1, 0, 1, 0, 1, 0, 0, 0, 1, 1, 0, 1, 1, 0, 1, 0, 0, 1, 1, 0, 0, 0, 0, 0, 0, 0], [1, 1, 0, 1, 1, 0, 1, 0, 1, 0, 0, 0, 1, 1, 0, 1, 1, 0, 1, 0, 0, 1, 1, 0, 0, 0, 0, 1, 0, 1], [1, 1, 0, 1, 1, 0, 1, 0, 1, 0, 0, 0, 1, 1, 0, 1, 1, 0, 1, 0, 0, 1, 1, 0, 0, 0, 0, 1, 1, 0], [1, 1, 0, 1, 1, 0, 1, 1, 0, 0, 0, 0, 0, 0, 0, 0, 0, 0, 1, 0, 0, 1, 1, 0, 0, 0, 0, 1, 1, 0], [1, 1, 0, 1, 1, 0, 1, 1, 0, 0, 0, 0, 0, 0, 0, 1, 1, 0, 1, 0, 0, 0, 0, 0, 0, 0, 0, 1, 1, 0], [1, 1, 0, 1, 1, 0, 1, 1, 0, 0, 0, 0, 0, 0, 0, 1, 1, 0, 1, 0, 0, 1, 0, 1, 0, 0, 0, 1, 1, 0], [1, 1, 0, 1, 1, 0, 1, 1, 0, 0, 0, 0, 0, 0, 0, 1, 1, 0, 1, 0, 0, 1, 1, 0, 0, 0, 0, 0, 0, 0], [1, 1, 0, 1, 1, 0, 1, 1, 0, 0, 0, 0, 0, 0, 0, 1, 1, 0, 1, 0, 0, 1, 1, 0, 0, 0, 0, 1, 1, 0], [1, 1, 0, 1, 1, 0, 1, 1, 0, 0, 0, 0, 1, 0, 0, 0, 1, 0, 1, 0, 0, 1, 1, 0, 0, 0, 0, 1, 1, 0], [1, 1, 0, 1, 1, 0, 1, 1, 0, 0, 0, 0, 1, 0, 1, 0, 0, 0, 1, 0, 0, 1, 1, 0, 0, 0, 0, 1, 1, 0], [1, 1, 0, 1, 1, 0, 1, 1, 0, 0, 0, 0, 1, 0, 1, 1, 0, 1, 1, 0, 0, 1, 1, 0, 0, 0, 0, 1, 1, 0], [1, 1, 0, 1, 1, 0, 1, 1, 0, 0, 0, 0, 1, 0, 1, 1, 1, 0, 1, 0, 0, 0, 0, 0, 0, 0, 0, 1, 1, 0], [1, 1, 0, 1, 1, 0, 1, 1, 0, 0, 0, 0, 1, 0, 1, 1, 1, 0, 1, 0, 0, 1, 1, 0, 0, 0, 0, 1, 1, 0], [1, 1, 0, 1, 1, 0, 1, 1, 0, 0, 0, 0, 1, 1, 0, 0, 0, 0, 1, 0, 0, 1, 1, 0, 0, 0, 0, 1, 1, 0], [1, 1, 0, 1, 1, 0, 1, 1, 0, 0, 0, 0, 1, 1, 0, 1, 0, 0, 1, 0, 0, 1, 1, 0, 0, 0, 0, 0, 1, 0], [1, 1, 0, 1, 1, 0, 1, 1, 0, 0, 0, 0, 1, 1, 0, 1, 0, 1, 1, 0, 0, 0, 0, 0, 0, 0, 0, 1, 0, 1], [1, 1, 0, 1, 1, 0, 1, 1, 0, 0, 0, 0, 1, 1, 0, 1, 0, 1, 1, 0, 0, 0, 0, 0, 0, 0, 0, 1, 1, 0], [1, 1, 0, 1, 1, 0, 1, 1, 0, 0, 0, 0, 1, 1, 0, 1, 0, 1, 1, 0, 0, 1, 1, 0, 0, 0, 0, 0, 0, 0], [1, 1, 0, 1, 1, 0, 1, 1, 0, 0, 0, 0, 1, 1, 0, 1, 0, 1, 1, 0, 0, 1, 1, 0, 0, 0, 0, 1, 0, 1], [1, 1, 0, 1, 1, 0, 1, 1, 0, 0, 0, 0, 1, 1, 0, 1, 0, 1, 1, 0, 0, 1, 1, 0, 0, 0, 0, 1, 1, 0], [1, 1, 0, 1, 1, 0, 1, 1, 0, 0, 0, 0, 1, 1, 0, 1, 1, 0, 1, 0, 0, 0, 0, 0, 0, 0, 0, 0, 0, 0], [1, 1, 0, 1, 1, 0, 1, 1, 0, 0, 0, 0, 1, 1, 0, 1, 1, 0, 1, 0, 0, 0, 0, 0, 0, 0, 0, 1, 1, 0], [1, 1, 0, 1, 1, 0, 1, 1, 0, 0, 0, 0, 1, 1, 0, 1, 1, 0, 1, 0, 0, 1, 0, 1, 0, 0, 0, 0, 0, 0], [1, 1, 0, 1, 1, 0, 1, 1, 0, 0, 0, 0, 1, 1, 0, 1, 1, 0, 1, 0, 0, 1, 0, 1, 0, 0, 0, 1, 0, 1], [1, 1, 0, 1, 1, 0, 1, 1, 0, 0, 0, 0, 1, 1, 0, 1, 1, 0, 1, 0, 0, 1, 0, 1, 0, 0, 0, 1, 1, 0], [1, 1, 0, 1, 1, 0, 1, 1, 0, 0, 0, 0, 1, 1, 0, 1, 1, 0, 1, 0, 0, 1, 1, 0, 0, 0, 0, 0, 0, 0], [1, 1, 0, 1, 1, 0, 1, 1, 0, 0, 0, 0, 1, 1, 0, 1, 1, 0, 1, 0, 0, 1, 1, 0, 0, 0, 0, 1, 0, 1], [1, 1, 0, 1, 1, 0, 1, 1, 0, 0, 0, 0, 1, 1, 0, 1, 1, 0, 1, 0, 0, 1, 1, 0, 0, 0, 0, 1, 1, 0]]","[0.00390625, 0.0078125, 0.00390625, 0.0078125, 0.00390625, 0.00390625, 0.00390625, 0.00390625, 0.00390625, 0.00390625, 0.00390625, 0.00390625, 0.00390625, 0.01171875, 0.00390625, 0.0078125, 0.02734375, 0.00390625, 0.00390625, 0.0078125, 0.00390625, 0.0078125, 0.0078125, 0.03125, 0.00390625, 0.00390625, 0.00390625, 0.00390625, 0.00390625, 0.00390625, 0.00390625, 0.00390625, 0.01171875, 0.0078125, 0.0078125, 0.0234375, 0.00390625, 0.00390625, 0.00390625, 0.00390625, 0.0546875, 0.00390625, 0.00390625, 0.00390625, 0.0078125, 0.0390625, 0.0390625, 0.00390625, 0.00390625, 0.01171875, 0.0078125, 0.0078125, 0.03125, 0.0078125, 0.0234375, 0.0078125, 0.00390625, 0.03125, 0.046875, 0.03515625, 0.3515625]",28,641,62,270,704,
