[parallel] total=700 done=426 pending=274 jobs=4
[problem] supportcase6_ds_qaoa_c726_c733_c745_0002 path=data/miplib_benders/qaoa_problems/nvars_07/supportcase6_ds_qaoa_c726_c733_c745_0002.json
[input] n_int=7 n_bin=21 n_constr=3
[input] A=[[1, 1, 1, 0, 1, 1, 1], [0, 1, 0, 1, 0, 0, 1], [1, 1, 1, 1, 0, 1, 1]] b=[1, 1, 1] c=[150892000, 134333000, 145944000, 144887000, 151847000, 150892000, 134333000]
[encoding]
  B100594(7) = B100594_7__b0 + 2*B100594_7__b1 + 4*B100594_7__b2
  B100600(7) = B100600_7__b0 + 2*B100600_7__b1 + 4*B100600_7__b2
  B100602(7) = B100602_7__b0 + 2*B100602_7__b1 + 4*B100602_7__b2
  B100608(7) = B100608_7__b0 + 2*B100608_7__b1 + 4*B100608_7__b2
  B100623(7) = B100623_7__b0 + 2*B100623_7__b1 + 4*B100623_7__b2
  B101029(7) = B101029_7__b0 + 2*B101029_7__b1 + 4*B101029_7__b2
  B101035(7) = B101035_7__b0 + 2*B101035_7__b1 + 4*B101035_7__b2
[expanded] A_binary=[[1, 2, 4, 1, 2, 4, 1, 2, 4, 0, 0, 0, 1, 2, 4, 1, 2, 4, 1, 2, 4], [0, 0, 0, 1, 2, 4, 0, 0, 0, 1, 2, 4, 0, 0, 0, 0, 0, 0, 1, 2, 4], [1, 2, 4, 1, 2, 4, 1, 2, 4, 1, 2, 4, 0, 0, 0, 1, 2, 4, 1, 2, 4]] b=[1, 1, 1]
[expanded] lin_constr_mtx=[[1, 2, 4, 1, 2, 4, 1, 2, 4, 0, 0, 0, 1, 2, 4, 1, 2, 4, 1, 2, 4, 1], [0, 0, 0, 1, 2, 4, 0, 0, 0, 1, 2, 4, 0, 0, 0, 0, 0, 0, 1, 2, 4, 1], [1, 2, 4, 1, 2, 4, 1, 2, 4, 1, 2, 4, 0, 0, 0, 1, 2, 4, 1, 2, 4, 1]]
Set parameter Username
[classical] objective=296734000.0 solution={'B100594(7)': 0, 'B100600(7)': 0, 'B100602(7)': 0, 'B100608(7)': 1, 'B100623(7)': 1, 'B101029(7)': 0, 'B101035(7)': 0}
[problem] supportcase6_ds_qaoa_c733_c745_c747_0002 path=data/miplib_benders/qaoa_problems/nvars_07/supportcase6_ds_qaoa_c733_c745_c747_0002.json
[input] n_int=7 n_bin=21 n_constr=3
[input] A=[[0, 1, 0, 1, 0, 0, 1], [1, 1, 1, 1, 0, 1, 1], [1, 1, 1, 1, 1, 1, 1]] b=[1, 1, 1] c=[150892000, 134333000, 145944000, 144887000, 151847000, 150892000, 134333000]
[encoding]
  B100594(7) = B100594_7__b0 + 2*B100594_7__b1 + 4*B100594_7__b2
  B100600(7) = B100600_7__b0 + 2*B100600_7__b1 + 4*B100600_7__b2
  B100602(7) = B100602_7__b0 + 2*B100602_7__b1 + 4*B100602_7__b2
  B100608(7) = B100608_7__b0 + 2*B100608_7__b1 + 4*B100608_7__b2
  B100623(7) = B100623_7__b0 + 2*B100623_7__b1 + 4*B100623_7__b2
  B101029(7) = B101029_7__b0 + 2*B101029_7__b1 + 4*B101029_7__b2
  B101035(7) = B101035_7__b0 + 2*B101035_7__b1 + 4*B101035_7__b2
[expanded] A_binary=[[0, 0, 0, 1, 2, 4, 0, 0, 0, 1, 2, 4, 0, 0, 0, 0, 0, 0, 1, 2, 4], [1, 2, 4, 1, 2, 4, 1, 2, 4, 1, 2, 4, 0, 0, 0, 1, 2, 4, 1, 2, 4], [1, 2, 4, 1, 2, 4, 1, 2, 4, 1, 2, 4, 1, 2, 4, 1, 2, 4, 1, 2, 4]] b=[1, 1, 1]
[expanded] lin_constr_mtx=[[0, 0, 0, 1, 2, 4, 0, 0, 0, 1, 2, 4, 0, 0, 0, 0, 0, 0, 1, 2, 4, 1], [1, 2, 4, 1, 2, 4, 1, 2, 4, 1, 2, 4, 0, 0, 0, 1, 2, 4, 1, 2, 4, 1], [1, 2, 4, 1, 2, 4, 1, 2, 4, 1, 2, 4, 1, 2, 4, 1, 2, 4, 1, 2, 4, 1]]
Set parameter Username
[classical] objective=144887000.0 solution={'B100594(7)': 0, 'B100600(7)': 0, 'B100602(7)': 0, 'B100608(7)': 1, 'B100623(7)': 0, 'B101029(7)': 0, 'B101035(7)': 0}
[circuit] metrics=[222, 44, 107, 320]
[solve] start
[problem] supportcase6_ds_qaoa_c722_c726_c733_0003 path=data/miplib_benders/qaoa_problems/nvars_07/supportcase6_ds_qaoa_c722_c726_c733_0003.json
[input] n_int=7 n_bin=21 n_constr=3
[input] A=[[1, 1, 1, 1, 1, 1, 1], [1, 1, 0, 1, 1, 1, 1], [1, 0, 1, 0, 0, 1, 0]] b=[1, 1, 1] c=[134333000, 145944000, 144887000, 151847000, 150892000, 134333000, 145944000]
[encoding]
  B100600(7) = B100600_7__b0 + 2*B100600_7__b1 + 4*B100600_7__b2
  B100602(7) = B100602_7__b0 + 2*B100602_7__b1 + 4*B100602_7__b2
  B100608(7) = B100608_7__b0 + 2*B100608_7__b1 + 4*B100608_7__b2
  B100623(7) = B100623_7__b0 + 2*B100623_7__b1 + 4*B100623_7__b2
  B101029(7) = B101029_7__b0 + 2*B101029_7__b1 + 4*B101029_7__b2
  B101035(7) = B101035_7__b0 + 2*B101035_7__b1 + 4*B101035_7__b2
  B101037(7) = B101037_7__b0 + 2*B101037_7__b1 + 4*B101037_7__b2
[problem] supportcase6_ds_qaoa_c733_c745_c747_0003 path=data/miplib_benders/qaoa_problems/nvars_07/supportcase6_ds_qaoa_c733_c745_c747_0003.json
[input] n_int=7 n_bin=21 n_constr=3
[input] A=[[1, 0, 1, 0, 0, 1, 0], [1, 1, 1, 0, 1, 1, 1], [1, 1, 1, 1, 1, 1, 1]] b=[1, 1, 1] c=[134333000, 145944000, 144887000, 151847000, 150892000, 134333000, 145944000]
[encoding]
  B100600(7) = B100600_7__b0 + 2*B100600_7__b1 + 4*B100600_7__b2
  B100602(7) = B100602_7__b0 + 2*B100602_7__b1 + 4*B100602_7__b2
  B100608(7) = B100608_7__b0 + 2*B100608_7__b1 + 4*B100608_7__b2
  B100623(7) = B100623_7__b0 + 2*B100623_7__b1 + 4*B100623_7__b2
  B101029(7) = B101029_7__b0 + 2*B101029_7__b1 + 4*B101029_7__b2
  B101035(7) = B101035_7__b0 + 2*B101035_7__b1 + 4*B101035_7__b2
  B101037(7) = B101037_7__b0 + 2*B101037_7__b1 + 4*B101037_7__b2
[expanded] A_binary=[[1, 2, 4, 1, 2, 4, 1, 2, 4, 1, 2, 4, 1, 2, 4, 1, 2, 4, 1, 2, 4], [1, 2, 4, 1, 2, 4, 0, 0, 0, 1, 2, 4, 1, 2, 4, 1, 2, 4, 1, 2, 4], [1, 2, 4, 0, 0, 0, 1, 2, 4, 0, 0, 0, 0, 0, 0, 1, 2, 4, 0, 0, 0]] b=[1, 1, 1]
[expanded] lin_constr_mtx=[[1, 2, 4, 1, 2, 4, 1, 2, 4, 1, 2, 4, 1, 2, 4, 1, 2, 4, 1, 2, 4, 1], [1, 2, 4, 1, 2, 4, 0, 0, 0, 1, 2, 4, 1, 2, 4, 1, 2, 4, 1, 2, 4, 1], [1, 2, 4, 0, 0, 0, 1, 2, 4, 0, 0, 0, 0, 0, 0, 1, 2, 4, 0, 0, 0, 1]]
[expanded] A_binary=[[1, 2, 4, 0, 0, 0, 1, 2, 4, 0, 0, 0, 0, 0, 0, 1, 2, 4, 0, 0, 0], [1, 2, 4, 1, 2, 4, 1, 2, 4, 0, 0, 0, 1, 2, 4, 1, 2, 4, 1, 2, 4], [1, 2, 4, 1, 2, 4, 1, 2, 4, 1, 2, 4, 1, 2, 4, 1, 2, 4, 1, 2, 4]] b=[1, 1, 1]
[expanded] lin_constr_mtx=[[1, 2, 4, 0, 0, 0, 1, 2, 4, 0, 0, 0, 0, 0, 0, 1, 2, 4, 0, 0, 0, 1], [1, 2, 4, 1, 2, 4, 1, 2, 4, 0, 0, 0, 1, 2, 4, 1, 2, 4, 1, 2, 4, 1], [1, 2, 4, 1, 2, 4, 1, 2, 4, 1, 2, 4, 1, 2, 4, 1, 2, 4, 1, 2, 4, 1]]
Set parameter Username
Set parameter Username
[classical] objective=134333000.0 solution={'B100600(7)': 0, 'B100602(7)': 0, 'B100608(7)': 0, 'B100623(7)': 0, 'B101029(7)': 0, 'B101035(7)': 1, 'B101037(7)': 0}
[classical] objective=144887000.0 solution={'B100600(7)': 0, 'B100602(7)': 0, 'B100608(7)': 1, 'B100623(7)': 0, 'B101029(7)': 0, 'B101035(7)': 0, 'B101037(7)': 0}
[circuit] metrics=[109, 44, 48, 219]
[solve] start
[circuit] metrics=[149, 44, 66, 219]
[solve] start
[circuit] metrics=[109, 44, 48, 219]
[solve] start
[solve] states=[[1, 0, 1, 1, 1, 0, 1, 1, 0, 1, 1, 0, 1, 1, 0, 1, 0, 0, 1, 1, 0], [1, 1, 0, 1, 0, 1, 1, 1, 0, 1, 1, 0, 1, 1, 0, 1, 0, 0, 1, 1, 0], [1, 1, 0, 1, 1, 0, 0, 0, 0, 1, 1, 0, 1, 1, 0, 1, 0, 0, 1, 1, 0], [1, 1, 0, 1, 1, 0, 1, 1, 0, 1, 0, 1, 1, 1, 0, 1, 0, 0, 1, 1, 0], [1, 1, 0, 1, 1, 0, 1, 1, 0, 1, 1, 0, 0, 0, 0, 1, 0, 0, 1, 1, 0], [1, 1, 0, 1, 1, 0, 1, 1, 0, 1, 1, 0, 1, 0, 1, 1, 0, 0, 1, 1, 0], [1, 1, 0, 1, 1, 0, 1, 1, 0, 1, 1, 0, 1, 1, 0, 1, 0, 0, 0, 0, 0], [1, 1, 0, 1, 1, 0, 1, 1, 0, 1, 1, 0, 1, 1, 0, 1, 0, 0, 1, 0, 1], [1, 1, 0, 1, 1, 0, 1, 1, 0, 1, 1, 0, 1, 1, 0, 1, 0, 0, 1, 1, 0]]
[solve] probs=[0.0078125, 0.00390625, 0.0078125, 0.015625, 0.00390625, 0.01171875, 0.0078125, 0.015625, 0.92578125]
[choco-best] objective=None probability=None solution=None
[parallel 1/274] path=data/miplib_benders/qaoa_problems/nvars_07/supportcase6_ds_qaoa_c733_c745_c747_0003.json status=ok wall=579.2802223670296 peak_mb=467.546875 choco_obj=
[problem] supportcase6_ds_qaoa_c733_c745_c747_0004 path=data/miplib_benders/qaoa_problems/nvars_07/supportcase6_ds_qaoa_c733_c745_c747_0004.json
[input] n_int=7 n_bin=21 n_constr=3
[input] A=[[0, 1, 0, 0, 1, 0, 1], [1, 1, 0, 1, 1, 1, 1], [1, 1, 1, 1, 1, 1, 1]] b=[1, 1, 1] c=[145944000, 144887000, 151847000, 150892000, 134333000, 145944000, 144887000]
[encoding]
  B100602(7) = B100602_7__b0 + 2*B100602_7__b1 + 4*B100602_7__b2
  B100608(7) = B100608_7__b0 + 2*B100608_7__b1 + 4*B100608_7__b2
  B100623(7) = B100623_7__b0 + 2*B100623_7__b1 + 4*B100623_7__b2
  B101029(7) = B101029_7__b0 + 2*B101029_7__b1 + 4*B101029_7__b2
  B101035(7) = B101035_7__b0 + 2*B101035_7__b1 + 4*B101035_7__b2
  B101037(7) = B101037_7__b0 + 2*B101037_7__b1 + 4*B101037_7__b2
  B101043(7) = B101043_7__b0 + 2*B101043_7__b1 + 4*B101043_7__b2
[expanded] A_binary=[[0, 0, 0, 1, 2, 4, 0, 0, 0, 0, 0, 0, 1, 2, 4, 0, 0, 0, 1, 2, 4], [1, 2, 4, 1, 2, 4, 0, 0, 0, 1, 2, 4, 1, 2, 4, 1, 2, 4, 1, 2, 4], [1, 2, 4, 1, 2, 4, 1, 2, 4, 1, 2, 4, 1, 2, 4, 1, 2, 4, 1, 2, 4]] b=[1, 1, 1]
[expanded] lin_constr_mtx=[[0, 0, 0, 1, 2, 4, 0, 0, 0, 0, 0, 0, 1, 2, 4, 0, 0, 0, 1, 2, 4, 1], [1, 2, 4, 1, 2, 4, 0, 0, 0, 1, 2, 4, 1, 2, 4, 1, 2, 4, 1, 2, 4, 1], [1, 2, 4, 1, 2, 4, 1, 2, 4, 1, 2, 4, 1, 2, 4, 1, 2, 4, 1, 2, 4, 1]]
Set parameter Username
[classical] objective=144887000.0 solution={'B100602(7)': 0, 'B100608(7)': 1, 'B100623(7)': 0, 'B101029(7)': 0, 'B101035(7)': 0, 'B101037(7)': 0, 'B101043(7)': 0}
[circuit] metrics=[109, 44, 48, 219]
[solve] start
[solve] states=[[1, 0, 0, 1, 1, 0, 1, 1, 0, 1, 1, 0, 1, 1, 0, 0, 0, 0, 1, 1, 0], [1, 0, 1, 1, 0, 1, 1, 1, 0, 1, 1, 0, 1, 1, 0, 1, 0, 0, 1, 1, 0], [1, 0, 1, 1, 1, 0, 0, 0, 0, 1, 0, 1, 1, 1, 0, 1, 0, 0, 1, 1, 0], [1, 0, 1, 1, 1, 0, 1, 1, 0, 1, 1, 0, 0, 0, 0, 1, 0, 0, 1, 1, 0], [1, 0, 1, 1, 1, 0, 1, 1, 0, 1, 1, 0, 1, 0, 1, 1, 0, 0, 1, 1, 0], [1, 0, 1, 1, 1, 0, 1, 1, 0, 1, 1, 0, 1, 1, 0, 1, 0, 0, 1, 0, 1], [1, 0, 1, 1, 1, 0, 1, 1, 0, 1, 1, 0, 1, 1, 0, 1, 0, 0, 1, 1, 0], [1, 1, 0, 0, 1, 0, 1, 1, 0, 1, 1, 0, 1, 1, 0, 1, 0, 0, 1, 0, 0], [1, 1, 0, 1, 0, 0, 1, 1, 0, 0, 1, 0, 1, 1, 0, 1, 0, 0, 1, 1, 0], [1, 1, 0, 1, 0, 1, 1, 1, 0, 1, 0, 1, 1, 1, 0, 1, 0, 0, 1, 1, 0], [1, 1, 0, 1, 0, 1, 1, 1, 0, 1, 1, 0, 1, 1, 0, 1, 0, 0, 1, 1, 0], [1, 1, 0, 1, 1, 0, 1, 0, 1, 1, 1, 0, 1, 0, 1, 1, 0, 0, 1, 1, 0], [1, 1, 0, 1, 1, 0, 1, 0, 1, 1, 1, 0, 1, 1, 0, 1, 0, 0, 1, 1, 0], [1, 1, 0, 1, 1, 0, 1, 1, 0, 0, 0, 0, 1, 1, 0, 1, 0, 0, 0, 0, 0], [1, 1, 0, 1, 1, 0, 1, 1, 0, 0, 0, 0, 1, 1, 0, 1, 0, 0, 1, 1, 0], [1, 1, 0, 1, 1, 0, 1, 1, 0, 1, 0, 1, 0, 0, 0, 1, 0, 0, 1, 0, 1], [1, 1, 0, 1, 1, 0, 1, 1, 0, 1, 0, 1, 1, 1, 0, 1, 0, 0, 0, 0, 0], [1, 1, 0, 1, 1, 0, 1, 1, 0, 1, 0, 1, 1, 1, 0, 1, 0, 0, 1, 1, 0], [1, 1, 0, 1, 1, 0, 1, 1, 0, 1, 1, 0, 0, 0, 0, 1, 0, 0, 1, 1, 0], [1, 1, 0, 1, 1, 0, 1, 1, 0, 1, 1, 0, 1, 0, 0, 1, 0, 0, 0, 1, 0], [1, 1, 0, 1, 1, 0, 1, 1, 0, 1, 1, 0, 1, 0, 1, 1, 0, 0, 1, 1, 0], [1, 1, 0, 1, 1, 0, 1, 1, 0, 1, 1, 0, 1, 1, 0, 1, 0, 0, 0, 0, 0], [1, 1, 0, 1, 1, 0, 1, 1, 0, 1, 1, 0, 1, 1, 0, 1, 0, 0, 1, 0, 1], [1, 1, 0, 1, 1, 0, 1, 1, 0, 1, 1, 0, 1, 1, 0, 1, 0, 0, 1, 1, 0]]
[solve] probs=[0.00390625, 0.00390625, 0.00390625, 0.00390625, 0.0078125, 0.00390625, 0.015625, 0.00390625, 0.0078125, 0.00390625, 0.01953125, 0.00390625, 0.03125, 0.0078125, 0.05078125, 0.00390625, 0.00390625, 0.01953125, 0.03125, 0.00390625, 0.02734375, 0.01953125, 0.05078125, 0.66796875]
[choco-best] objective=None probability=None solution=None
[parallel 2/274] path=data/miplib_benders/qaoa_problems/nvars_07/supportcase6_ds_qaoa_c722_c726_c733_0003.json status=ok wall=622.366609129007 peak_mb=388.765625 choco_obj=
[problem] supportcase6_ds_qaoa_c733_c745_c747_0005 path=data/miplib_benders/qaoa_problems/nvars_07/supportcase6_ds_qaoa_c733_c745_c747_0005.json
[input] n_int=7 n_bin=21 n_constr=3
[input] A=[[1, 0, 0, 1, 0, 1, 0], [1, 0, 1, 1, 1, 1, 0], [1, 1, 1, 1, 1, 1, 1]] b=[1, 1, 1] c=[144887000, 151847000, 150892000, 134333000, 145944000, 144887000, 151847000]
[encoding]
  B100608(7) = B100608_7__b0 + 2*B100608_7__b1 + 4*B100608_7__b2
  B100623(7) = B100623_7__b0 + 2*B100623_7__b1 + 4*B100623_7__b2
  B101029(7) = B101029_7__b0 + 2*B101029_7__b1 + 4*B101029_7__b2
  B101035(7) = B101035_7__b0 + 2*B101035_7__b1 + 4*B101035_7__b2
  B101037(7) = B101037_7__b0 + 2*B101037_7__b1 + 4*B101037_7__b2
  B101043(7) = B101043_7__b0 + 2*B101043_7__b1 + 4*B101043_7__b2
  B101058(7) = B101058_7__b0 + 2*B101058_7__b1 + 4*B101058_7__b2
[expanded] A_binary=[[1, 2, 4, 0, 0, 0, 0, 0, 0, 1, 2, 4, 0, 0, 0, 1, 2, 4, 0, 0, 0], [1, 2, 4, 0, 0, 0, 1, 2, 4, 1, 2, 4, 1, 2, 4, 1, 2, 4, 0, 0, 0], [1, 2, 4, 1, 2, 4, 1, 2, 4, 1, 2, 4, 1, 2, 4, 1, 2, 4, 1, 2, 4]] b=[1, 1, 1]
[expanded] lin_constr_mtx=[[1, 2, 4, 0, 0, 0, 0, 0, 0, 1, 2, 4, 0, 0, 0, 1, 2, 4, 0, 0, 0, 1], [1, 2, 4, 0, 0, 0, 1, 2, 4, 1, 2, 4, 1, 2, 4, 1, 2, 4, 0, 0, 0, 1], [1, 2, 4, 1, 2, 4, 1, 2, 4, 1, 2, 4, 1, 2, 4, 1, 2, 4, 1, 2, 4, 1]]
Set parameter Username
[classical] objective=144887000.0 solution={'B100608(7)': 1, 'B100623(7)': 0, 'B101029(7)': 0, 'B101035(7)': 0, 'B101037(7)': 0, 'B101043(7)': 0, 'B101058(7)': 0}
[circuit] metrics=[109, 44, 48, 219]
[solve] start
[solve] states=[[0, 1, 0, 1, 1, 0, 0, 0, 0, 1, 1, 0, 0, 0, 0, 1, 0, 0, 1, 0, 0], [1, 0, 0, 1, 1, 0, 0, 1, 0, 1, 1, 0, 0, 0, 0, 1, 1, 0, 1, 0, 0], [1, 0, 1, 1, 0, 1, 0, 0, 0, 1, 1, 0, 0, 0, 0, 1, 1, 0, 1, 0, 0], [1, 0, 1, 1, 1, 0, 0, 0, 0, 1, 1, 0, 0, 0, 0, 1, 1, 0, 1, 0, 0], [1, 0, 1, 1, 1, 0, 1, 0, 1, 1, 1, 0, 0, 0, 0, 1, 1, 0, 1, 0, 0], [1, 0, 1, 1, 1, 0, 1, 1, 0, 1, 0, 1, 0, 0, 0, 0, 0, 0, 1, 0, 0], [1, 0, 1, 1, 1, 0, 1, 1, 0, 1, 0, 1, 0, 0, 0, 1, 1, 0, 1, 0, 0], [1, 0, 1, 1, 1, 0, 1, 1, 0, 1, 1, 0, 0, 0, 0, 0, 0, 0, 1, 0, 0], [1, 0, 1, 1, 1, 0, 1, 1, 0, 1, 1, 0, 0, 0, 0, 1, 0, 1, 1, 0, 0], [1, 0, 1, 1, 1, 0, 1, 1, 0, 1, 1, 0, 0, 0, 0, 1, 1, 0, 1, 0, 0], [1, 1, 0, 1, 0, 1, 1, 0, 1, 1, 1, 0, 0, 0, 0, 0, 0, 0, 1, 0, 0], [1, 1, 0, 1, 0, 1, 1, 0, 1, 1, 1, 0, 0, 0, 0, 1, 0, 1, 1, 0, 0], [1, 1, 0, 1, 0, 1, 1, 0, 1, 1, 1, 0, 0, 0, 0, 1, 1, 0, 1, 0, 0], [1, 1, 0, 1, 0, 1, 1, 1, 0, 1, 0, 1, 0, 0, 0, 1, 0, 1, 1, 0, 0], [1, 1, 0, 1, 0, 1, 1, 1, 0, 1, 0, 1, 0, 0, 0, 1, 1, 0, 1, 0, 0], [1, 1, 0, 1, 0, 1, 1, 1, 0, 1, 1, 0, 0, 0, 0, 0, 0, 0, 1, 0, 0], [1, 1, 0, 1, 0, 1, 1, 1, 0, 1, 1, 0, 0, 0, 0, 1, 1, 0, 1, 0, 0], [1, 1, 0, 1, 1, 0, 0, 0, 0, 1, 0, 1, 0, 0, 0, 1, 0, 1, 1, 0, 0], [1, 1, 0, 1, 1, 0, 0, 0, 0, 1, 0, 1, 0, 0, 0, 1, 1, 0, 1, 0, 0], [1, 1, 0, 1, 1, 0, 0, 0, 0, 1, 1, 0, 0, 0, 0, 1, 0, 1, 1, 0, 0], [1, 1, 0, 1, 1, 0, 0, 0, 0, 1, 1, 0, 0, 0, 0, 1, 1, 0, 1, 0, 0], [1, 1, 0, 1, 1, 0, 1, 0, 0, 1, 1, 0, 0, 0, 0, 0, 1, 0, 1, 0, 0], [1, 1, 0, 1, 1, 0, 1, 0, 1, 1, 1, 0, 0, 0, 0, 1, 1, 0, 1, 0, 0], [1, 1, 0, 1, 1, 0, 1, 1, 0, 1, 0, 0, 1, 0, 0, 0, 0, 0, 0, 0, 0], [1, 1, 0, 1, 1, 0, 1, 1, 0, 1, 0, 1, 0, 0, 0, 0, 0, 0, 1, 0, 0], [1, 1, 0, 1, 1, 0, 1, 1, 0, 1, 0, 1, 0, 0, 0, 1, 1, 0, 1, 0, 0], [1, 1, 0, 1, 1, 0, 1, 1, 0, 1, 1, 0, 0, 0, 0, 0, 0, 0, 1, 0, 0], [1, 1, 0, 1, 1, 0, 1, 1, 0, 1, 1, 0, 0, 0, 0, 1, 0, 1, 1, 0, 0], [1, 1, 0, 1, 1, 0, 1, 1, 0, 1, 1, 0, 0, 0, 0, 1, 1, 0, 1, 0, 0]]
[solve] probs=[0.00390625, 0.00390625, 0.00390625, 0.01171875, 0.01171875, 0.00390625, 0.01171875, 0.00390625, 0.00390625, 0.0390625, 0.00390625, 0.00390625, 0.00390625, 0.00390625, 0.00390625, 0.0078125, 0.03125, 0.00390625, 0.01171875, 0.00390625, 0.06640625, 0.00390625, 0.05078125, 0.00390625, 0.0078125, 0.05078125, 0.03515625, 0.06640625, 0.5390625]
[choco-best] objective=None probability=None solution=None
[parallel 3/274] path=data/miplib_benders/qaoa_problems/nvars_07/supportcase6_ds_qaoa_c726_c733_c745_0002.json status=ok wall=709.8068808099488 peak_mb=407.47265625 choco_obj=
[problem] supportcase6_ds_qaoa_c745_c747_0003 path=data/miplib_benders/qaoa_problems/nvars_07/supportcase6_ds_qaoa_c745_c747_0003.json
[input] n_int=7 n_bin=21 n_constr=2
[input] A=[[1, 1, 1, 0, 1, 1, 1], [1, 1, 1, 1, 1, 1, 1]] b=[1, 1] c=[134333000, 145944000, 144887000, 151847000, 150892000, 134333000, 145944000]
[encoding]
  B100600(7) = B100600_7__b0 + 2*B100600_7__b1 + 4*B100600_7__b2
  B100602(7) = B100602_7__b0 + 2*B100602_7__b1 + 4*B100602_7__b2
  B100608(7) = B100608_7__b0 + 2*B100608_7__b1 + 4*B100608_7__b2
  B100623(7) = B100623_7__b0 + 2*B100623_7__b1 + 4*B100623_7__b2
  B101029(7) = B101029_7__b0 + 2*B101029_7__b1 + 4*B101029_7__b2
  B101035(7) = B101035_7__b0 + 2*B101035_7__b1 + 4*B101035_7__b2
  B101037(7) = B101037_7__b0 + 2*B101037_7__b1 + 4*B101037_7__b2
[expanded] A_binary=[[1, 2, 4, 1, 2, 4, 1, 2, 4, 0, 0, 0, 1, 2, 4, 1, 2, 4, 1, 2, 4], [1, 2, 4, 1, 2, 4, 1, 2, 4, 1, 2, 4, 1, 2, 4, 1, 2, 4, 1, 2, 4]] b=[1, 1]
[expanded] lin_constr_mtx=[[1, 2, 4, 1, 2, 4, 1, 2, 4, 0, 0, 0, 1, 2, 4, 1, 2, 4, 1, 2, 4, 1], [1, 2, 4, 1, 2, 4, 1, 2, 4, 1, 2, 4, 1, 2, 4, 1, 2, 4, 1, 2, 4, 1]]
Set parameter Username
[classical] objective=150892000.0 solution={'B100600(7)': 0, 'B100602(7)': 0, 'B100608(7)': 0, 'B100623(7)': 0, 'B101029(7)': 1, 'B101035(7)': 0, 'B101037(7)': 0}
[circuit] metrics=[229, 44, 102, 228]
[solve] start
[solve] states=[[1, 0, 1, 1, 1, 0, 0, 0, 0, 1, 1, 0, 1, 1, 0, 1, 1, 0, 1, 0, 0], [1, 0, 1, 1, 1, 0, 1, 1, 0, 0, 0, 0, 1, 1, 0, 1, 1, 0, 1, 0, 0], [1, 0, 1, 1, 1, 0, 1, 1, 0, 1, 1, 0, 1, 0, 1, 1, 1, 0, 1, 0, 0], [1, 0, 1, 1, 1, 0, 1, 1, 0, 1, 1, 0, 1, 1, 0, 1, 0, 1, 1, 0, 0], [1, 0, 1, 1, 1, 0, 1, 1, 0, 1, 1, 0, 1, 1, 0, 1, 1, 0, 1, 0, 0], [1, 1, 0, 1, 0, 0, 1, 1, 0, 0, 0, 1, 1, 1, 0, 1, 1, 0, 1, 0, 0], [1, 1, 0, 1, 0, 1, 0, 0, 0, 1, 1, 0, 1, 1, 0, 1, 1, 0, 1, 0, 0], [1, 1, 0, 1, 0, 1, 1, 0, 1, 1, 1, 0, 1, 1, 0, 1, 1, 0, 1, 0, 0], [1, 1, 0, 1, 0, 1, 1, 1, 0, 1, 0, 1, 1, 1, 0, 1, 1, 0, 1, 0, 0], [1, 1, 0, 1, 0, 1, 1, 1, 0, 1, 1, 0, 1, 0, 1, 1, 1, 0, 1, 0, 0], [1, 1, 0, 1, 0, 1, 1, 1, 0, 1, 1, 0, 1, 1, 0, 0, 0, 0, 1, 0, 0], [1, 1, 0, 1, 0, 1, 1, 1, 0, 1, 1, 0, 1, 1, 0, 1, 1, 0, 1, 0, 0], [1, 1, 0, 1, 1, 0, 0, 0, 0, 1, 1, 0, 1, 1, 0, 1, 1, 0, 1, 0, 0], [1, 1, 0, 1, 1, 0, 1, 0, 1, 0, 0, 0, 1, 1, 0, 1, 1, 0, 1, 0, 0], [1, 1, 0, 1, 1, 0, 1, 0, 1, 1, 1, 0, 1, 1, 0, 0, 0, 0, 1, 0, 0], [1, 1, 0, 1, 1, 0, 1, 0, 1, 1, 1, 0, 1, 1, 0, 1, 1, 0, 1, 0, 0], [1, 1, 0, 1, 1, 0, 1, 1, 0, 0, 0, 0, 1, 1, 0, 1, 1, 0, 1, 0, 0], [1, 1, 0, 1, 1, 0, 1, 1, 0, 1, 0, 1, 1, 1, 0, 1, 1, 0, 1, 0, 0], [1, 1, 0, 1, 1, 0, 1, 1, 0, 1, 1, 0, 1, 0, 1, 1, 0, 1, 1, 0, 0], [1, 1, 0, 1, 1, 0, 1, 1, 0, 1, 1, 0, 1, 0, 1, 1, 1, 0, 1, 0, 0], [1, 1, 0, 1, 1, 0, 1, 1, 0, 1, 1, 0, 1, 1, 0, 0, 0, 0, 1, 0, 0], [1, 1, 0, 1, 1, 0, 1, 1, 0, 1, 1, 0, 1, 1, 0, 1, 0, 1, 1, 0, 0], [1, 1, 0, 1, 1, 0, 1, 1, 0, 1, 1, 0, 1, 1, 0, 1, 1, 0, 1, 0, 0]]
[solve] probs=[0.00390625, 0.00390625, 0.00390625, 0.00390625, 0.03515625, 0.00390625, 0.00390625, 0.00390625, 0.00390625, 0.00390625, 0.00390625, 0.01953125, 0.01953125, 0.00390625, 0.00390625, 0.02734375, 0.03515625, 0.03515625, 0.00390625, 0.0078125, 0.03125, 0.0390625, 0.69921875]
[choco-best] objective=None probability=None solution=None
[parallel 4/274] path=data/miplib_benders/qaoa_problems/nvars_07/supportcase6_ds_qaoa_c733_c745_c747_0002.json status=ok wall=815.0936741980258 peak_mb=405.4609375 choco_obj=
[problem] supportcase6_ds_qaoa_c745_c747_0004 path=data/miplib_benders/qaoa_problems/nvars_07/supportcase6_ds_qaoa_c745_c747_0004.json
[input] n_int=7 n_bin=21 n_constr=2
[input] A=[[1, 1, 0, 1, 1, 1, 1], [1, 1, 1, 1, 1, 1, 1]] b=[1, 1] c=[145944000, 144887000, 151847000, 150892000, 134333000, 145944000, 144887000]
[encoding]
  B100602(7) = B100602_7__b0 + 2*B100602_7__b1 + 4*B100602_7__b2
  B100608(7) = B100608_7__b0 + 2*B100608_7__b1 + 4*B100608_7__b2
  B100623(7) = B100623_7__b0 + 2*B100623_7__b1 + 4*B100623_7__b2
  B101029(7) = B101029_7__b0 + 2*B101029_7__b1 + 4*B101029_7__b2
  B101035(7) = B101035_7__b0 + 2*B101035_7__b1 + 4*B101035_7__b2
  B101037(7) = B101037_7__b0 + 2*B101037_7__b1 + 4*B101037_7__b2
  B101043(7) = B101043_7__b0 + 2*B101043_7__b1 + 4*B101043_7__b2
[expanded] A_binary=[[1, 2, 4, 1, 2, 4, 0, 0, 0, 1, 2, 4, 1, 2, 4, 1, 2, 4, 1, 2, 4], [1, 2, 4, 1, 2, 4, 1, 2, 4, 1, 2, 4, 1, 2, 4, 1, 2, 4, 1, 2, 4]] b=[1, 1]
[expanded] lin_constr_mtx=[[1, 2, 4, 1, 2, 4, 0, 0, 0, 1, 2, 4, 1, 2, 4, 1, 2, 4, 1, 2, 4, 1], [1, 2, 4, 1, 2, 4, 1, 2, 4, 1, 2, 4, 1, 2, 4, 1, 2, 4, 1, 2, 4, 1]]
Set parameter Username
[classical] objective=150892000.0 solution={'B100602(7)': 0, 'B100608(7)': 0, 'B100623(7)': 0, 'B101029(7)': 1, 'B101035(7)': 0, 'B101037(7)': 0, 'B101043(7)': 0}
[circuit] metrics=[229, 44, 102, 228]
[solve] start
[solve] states=[[1, 0, 1, 0, 0, 0, 1, 1, 0, 1, 1, 0, 1, 1, 0, 1, 1, 0, 1, 0, 0], [1, 0, 1, 1, 1, 0, 1, 1, 0, 1, 1, 0, 0, 0, 0, 1, 1, 0, 1, 0, 0], [1, 0, 1, 1, 1, 0, 1, 1, 0, 1, 1, 0, 1, 1, 0, 1, 1, 0, 1, 0, 0], [1, 1, 0, 0, 0, 0, 1, 1, 0, 1, 0, 1, 1, 1, 0, 1, 1, 0, 1, 0, 0], [1, 1, 0, 0, 0, 0, 1, 1, 0, 1, 1, 0, 0, 0, 0, 1, 1, 0, 1, 0, 0], [1, 1, 0, 0, 0, 0, 1, 1, 0, 1, 1, 0, 1, 1, 0, 1, 1, 0, 1, 0, 0], [1, 1, 0, 1, 0, 0, 0, 1, 0, 1, 1, 0, 1, 1, 0, 1, 1, 0, 1, 0, 0], [1, 1, 0, 1, 0, 1, 1, 1, 0, 1, 1, 0, 1, 1, 0, 1, 1, 0, 1, 0, 0], [1, 1, 0, 1, 1, 0, 0, 0, 0, 1, 1, 0, 0, 0, 0, 1, 1, 0, 1, 0, 0], [1, 1, 0, 1, 1, 0, 0, 0, 0, 1, 1, 0, 1, 1, 0, 1, 1, 0, 1, 0, 0], [1, 1, 0, 1, 1, 0, 1, 0, 0, 1, 1, 0, 0, 1, 0, 1, 1, 0, 1, 0, 0], [1, 1, 0, 1, 1, 0, 1, 0, 1, 1, 1, 0, 1, 1, 0, 0, 0, 0, 1, 0, 0], [1, 1, 0, 1, 1, 0, 1, 0, 1, 1, 1, 0, 1, 1, 0, 1, 1, 0, 1, 0, 0], [1, 1, 0, 1, 1, 0, 1, 1, 0, 1, 0, 1, 1, 1, 0, 1, 1, 0, 1, 0, 0], [1, 1, 0, 1, 1, 0, 1, 1, 0, 1, 1, 0, 0, 0, 0, 0, 0, 0, 1, 0, 0], [1, 1, 0, 1, 1, 0, 1, 1, 0, 1, 1, 0, 0, 0, 0, 1, 1, 0, 1, 0, 0], [1, 1, 0, 1, 1, 0, 1, 1, 0, 1, 1, 0, 1, 0, 1, 1, 1, 0, 1, 0, 0], [1, 1, 0, 1, 1, 0, 1, 1, 0, 1, 1, 0, 1, 1, 0, 0, 0, 0, 1, 0, 0], [1, 1, 0, 1, 1, 0, 1, 1, 0, 1, 1, 0, 1, 1, 0, 1, 0, 1, 1, 0, 0], [1, 1, 0, 1, 1, 0, 1, 1, 0, 1, 1, 0, 1, 1, 0, 1, 1, 0, 1, 0, 0]]
[solve] probs=[0.00390625, 0.00390625, 0.0234375, 0.0078125, 0.00390625, 0.02734375, 0.00390625, 0.03515625, 0.00390625, 0.046875, 0.00390625, 0.00390625, 0.0234375, 0.0234375, 0.0078125, 0.015625, 0.0234375, 0.02734375, 0.0234375, 0.6875]
[choco-best] objective=None probability=None solution=None
[parallel 5/274] path=data/miplib_benders/qaoa_problems/nvars_07/supportcase6_ds_qaoa_c745_c747_0003.json status=ok wall=419.8060342790559 peak_mb=397.71484375 choco_obj=
[problem] supportcase6_ds_qaoa_c745_c747_c759_0001 path=data/miplib_benders/qaoa_problems/nvars_07/supportcase6_ds_qaoa_c745_c747_c759_0001.json
[input] n_int=7 n_bin=21 n_constr=3
[input] A=[[0, 1, 1, 1, 1, 0, 1], [1, 1, 1, 1, 1, 1, 1], [1, 1, 0, 0, 0, 1, 1]] b=[1, 1, 1] c=[151847000, 150892000, 134333000, 145944000, 144887000, 151847000, 150892000]
[encoding]
  B100166(7) = B100166_7__b0 + 2*B100166_7__b1 + 4*B100166_7__b2
  B100594(7) = B100594_7__b0 + 2*B100594_7__b1 + 4*B100594_7__b2
  B100600(7) = B100600_7__b0 + 2*B100600_7__b1 + 4*B100600_7__b2
  B100602(7) = B100602_7__b0 + 2*B100602_7__b1 + 4*B100602_7__b2
  B100608(7) = B100608_7__b0 + 2*B100608_7__b1 + 4*B100608_7__b2
  B100623(7) = B100623_7__b0 + 2*B100623_7__b1 + 4*B100623_7__b2
  B101029(7) = B101029_7__b0 + 2*B101029_7__b1 + 4*B101029_7__b2
[expanded] A_binary=[[0, 0, 0, 1, 2, 4, 1, 2, 4, 1, 2, 4, 1, 2, 4, 0, 0, 0, 1, 2, 4], [1, 2, 4, 1, 2, 4, 1, 2, 4, 1, 2, 4, 1, 2, 4, 1, 2, 4, 1, 2, 4], [1, 2, 4, 1, 2, 4, 0, 0, 0, 0, 0, 0, 0, 0, 0, 1, 2, 4, 1, 2, 4]] b=[1, 1, 1]
[expanded] lin_constr_mtx=[[0, 0, 0, 1, 2, 4, 1, 2, 4, 1, 2, 4, 1, 2, 4, 0, 0, 0, 1, 2, 4, 1], [1, 2, 4, 1, 2, 4, 1, 2, 4, 1, 2, 4, 1, 2, 4, 1, 2, 4, 1, 2, 4, 1], [1, 2, 4, 1, 2, 4, 0, 0, 0, 0, 0, 0, 0, 0, 0, 1, 2, 4, 1, 2, 4, 1]]
Set parameter Username
[classical] objective=150892000.0 solution={'B100166(7)': 0, 'B100594(7)': 1, 'B100600(7)': 0, 'B100602(7)': 0, 'B100608(7)': 0, 'B100623(7)': 0, 'B101029(7)': 0}
[circuit] metrics=[109, 44, 48, 219]
[solve] start
[solve] states=[[1, 0, 1, 1, 0, 1, 1, 1, 0, 1, 1, 0, 1, 1, 0, 1, 0, 0, 1, 1, 0], [1, 0, 1, 1, 1, 0, 1, 1, 0, 0, 0, 0, 1, 1, 0, 1, 0, 0, 1, 1, 0], [1, 0, 1, 1, 1, 0, 1, 1, 0, 1, 0, 1, 1, 1, 0, 1, 0, 0, 0, 0, 0], [1, 0, 1, 1, 1, 0, 1, 1, 0, 1, 1, 0, 0, 0, 0, 1, 0, 0, 1, 1, 0], [1, 0, 1, 1, 1, 0, 1, 1, 0, 1, 1, 0, 1, 1, 0, 1, 0, 0, 0, 0, 0], [1, 0, 1, 1, 1, 0, 1, 1, 0, 1, 1, 0, 1, 1, 0, 1, 0, 0, 1, 1, 0], [1, 1, 0, 1, 0, 1, 1, 1, 0, 0, 0, 0, 1, 1, 0, 1, 0, 0, 1, 1, 0], [1, 1, 0, 1, 0, 1, 1, 1, 0, 1, 1, 0, 0, 0, 0, 1, 0, 0, 0, 0, 0], [1, 1, 0, 1, 0, 1, 1, 1, 0, 1, 1, 0, 1, 0, 1, 1, 0, 0, 1, 1, 0], [1, 1, 0, 1, 0, 1, 1, 1, 0, 1, 1, 0, 1, 1, 0, 1, 0, 0, 0, 0, 0], [1, 1, 0, 1, 0, 1, 1, 1, 0, 1, 1, 0, 1, 1, 0, 1, 0, 0, 1, 1, 0], [1, 1, 0, 1, 1, 0, 1, 0, 0, 1, 0, 1, 0, 1, 0, 1, 0, 0, 0, 0, 0], [1, 1, 0, 1, 1, 0, 1, 0, 0, 1, 1, 0, 0, 1, 0, 1, 0, 0, 1, 1, 0], [1, 1, 0, 1, 1, 0, 1, 0, 1, 1, 1, 0, 1, 1, 0, 1, 0, 0, 0, 0, 0], [1, 1, 0, 1, 1, 0, 1, 0, 1, 1, 1, 0, 1, 1, 0, 1, 0, 0, 1, 1, 0], [1, 1, 0, 1, 1, 0, 1, 1, 0, 0, 0, 0, 0, 0, 0, 1, 0, 0, 1, 1, 0], [1, 1, 0, 1, 1, 0, 1, 1, 0, 0, 0, 0, 1, 1, 0, 1, 0, 0, 0, 0, 0], [1, 1, 0, 1, 1, 0, 1, 1, 0, 0, 0, 0, 1, 1, 0, 1, 0, 0, 1, 1, 0], [1, 1, 0, 1, 1, 0, 1, 1, 0, 1, 0, 1, 1, 1, 0, 1, 0, 0, 1, 1, 0], [1, 1, 0, 1, 1, 0, 1, 1, 0, 1, 1, 0, 0, 0, 0, 1, 0, 0, 1, 1, 0], [1, 1, 0, 1, 1, 0, 1, 1, 0, 1, 1, 0, 1, 0, 1, 1, 0, 0, 0, 0, 0], [1, 1, 0, 1, 1, 0, 1, 1, 0, 1, 1, 0, 1, 0, 1, 1, 0, 0, 1, 1, 0], [1, 1, 0, 1, 1, 0, 1, 1, 0, 1, 1, 0, 1, 1, 0, 1, 0, 0, 0, 0, 0], [1, 1, 0, 1, 1, 0, 1, 1, 0, 1, 1, 0, 1, 1, 0, 1, 0, 0, 1, 0, 1], [1, 1, 0, 1, 1, 0, 1, 1, 0, 1, 1, 0, 1, 1, 0, 1, 0, 0, 1, 1, 0]]
[solve] probs=[0.00390625, 0.00390625, 0.00390625, 0.01171875, 0.00390625, 0.04296875, 0.00390625, 0.00390625, 0.0078125, 0.00390625, 0.0390625, 0.00390625, 0.00390625, 0.00390625, 0.0546875, 0.0078125, 0.0078125, 0.05078125, 0.04296875, 0.02734375, 0.01171875, 0.03125, 0.03515625, 0.0390625, 0.55078125]
[choco-best] objective=None probability=None solution=None
[parallel 6/274] path=data/miplib_benders/qaoa_problems/nvars_07/supportcase6_ds_qaoa_c733_c745_c747_0005.json status=ok wall=627.7151135379681 peak_mb=405.359375 choco_obj=
[problem] ex10_ds_qaoa_NOD26_NOD2X2_0001 path=data/miplib_benders/qaoa_problems/nvars_08/ex10_ds_qaoa_NOD26_NOD2X2_0001.json
[input] n_int=8 n_bin=24 n_constr=2
[input] A=[[1, 1, 1, 1, 1, 1, 1, 1], [1, 1, 1, 0, 0, 0, 0, 0]] b=[1, 1] c=[1, 1, 1, 1, 1, 1, 1, 1]
[encoding]
  b26_220 = b26_220_b0 + 2*b26_220_b1 + 4*b26_220_b2
  b26_222 = b26_222_b0 + 2*b26_222_b1 + 4*b26_222_b2
  b26_223 = b26_223_b0 + 2*b26_223_b1 + 4*b26_223_b2
  b26_230 = b26_230_b0 + 2*b26_230_b1 + 4*b26_230_b2
  b26_240 = b26_240_b0 + 2*b26_240_b1 + 4*b26_240_b2
  b26_241 = b26_241_b0 + 2*b26_241_b1 + 4*b26_241_b2
  b26_242 = b26_242_b0 + 2*b26_242_b1 + 4*b26_242_b2
  b26_243 = b26_243_b0 + 2*b26_243_b1 + 4*b26_243_b2
[expanded] A_binary=[[1, 2, 4, 1, 2, 4, 1, 2, 4, 1, 2, 4, 1, 2, 4, 1, 2, 4, 1, 2, 4, 1, 2, 4], [1, 2, 4, 1, 2, 4, 1, 2, 4, 0, 0, 0, 0, 0, 0, 0, 0, 0, 0, 0, 0, 0, 0, 0]] b=[1, 1]
[expanded] lin_constr_mtx=[[1, 2, 4, 1, 2, 4, 1, 2, 4, 1, 2, 4, 1, 2, 4, 1, 2, 4, 1, 2, 4, 1, 2, 4, 1], [1, 2, 4, 1, 2, 4, 1, 2, 4, 0, 0, 0, 0, 0, 0, 0, 0, 0, 0, 0, 0, 0, 0, 0, 1]]
Set parameter Username
[classical] objective=1.0 solution={'b26_220': 0, 'b26_222': 1, 'b26_223': 0, 'b26_230': 0, 'b26_240': 0, 'b26_241': 0, 'b26_242': 0, 'b26_243': 0}
[circuit] metrics=[189, 50, 84, 263]
[solve] start
[solve] states=[[0, 0, 1, 1, 1, 0, 1, 1, 0, 1, 1, 0, 1, 1, 0, 1, 0, 0, 1, 0, 0], [1, 0, 0, 1, 1, 0, 1, 0, 1, 0, 1, 0, 0, 0, 0, 1, 1, 0, 1, 0, 0], [1, 0, 0, 1, 1, 0, 1, 1, 0, 0, 1, 0, 1, 1, 0, 1, 1, 0, 1, 0, 0], [1, 0, 1, 1, 0, 1, 1, 1, 0, 1, 1, 0, 1, 1, 0, 1, 1, 0, 1, 0, 0], [1, 0, 1, 1, 1, 0, 1, 0, 1, 1, 1, 0, 1, 1, 0, 1, 1, 0, 1, 0, 0], [1, 0, 1, 1, 1, 0, 1, 1, 0, 0, 0, 0, 1, 1, 0, 1, 1, 0, 1, 0, 0], [1, 0, 1, 1, 1, 0, 1, 1, 0, 1, 1, 0, 0, 0, 0, 1, 1, 0, 1, 0, 0], [1, 0, 1, 1, 1, 0, 1, 1, 0, 1, 1, 0, 1, 0, 0, 1, 1, 0, 0, 0, 0], [1, 0, 1, 1, 1, 0, 1, 1, 0, 1, 1, 0, 1, 1, 0, 0, 0, 0, 1, 0, 0], [1, 0, 1, 1, 1, 0, 1, 1, 0, 1, 1, 0, 1, 1, 0, 1, 0, 1, 1, 0, 0], [1, 0, 1, 1, 1, 0, 1, 1, 0, 1, 1, 0, 1, 1, 0, 1, 1, 0, 1, 0, 0], [1, 1, 0, 1, 0, 0, 1, 1, 0, 0, 0, 0, 0, 1, 0, 1, 1, 0, 1, 0, 0], [1, 1, 0, 1, 0, 0, 1, 1, 0, 1, 1, 0, 0, 1, 0, 1, 1, 0, 1, 0, 0], [1, 1, 0, 1, 0, 1, 1, 1, 0, 0, 0, 0, 1, 1, 0, 1, 1, 0, 1, 0, 0], [1, 1, 0, 1, 0, 1, 1, 1, 0, 1, 0, 1, 0, 0, 0, 1, 1, 0, 1, 0, 0], [1, 1, 0, 1, 0, 1, 1, 1, 0, 1, 0, 1, 1, 1, 0, 1, 1, 0, 1, 0, 0], [1, 1, 0, 1, 0, 1, 1, 1, 0, 1, 1, 0, 1, 1, 0, 0, 0, 0, 1, 0, 0], [1, 1, 0, 1, 0, 1, 1, 1, 0, 1, 1, 0, 1, 1, 0, 1, 1, 0, 1, 0, 0], [1, 1, 0, 1, 1, 0, 1, 0, 1, 1, 0, 0, 1, 1, 0, 0, 1, 0, 1, 0, 0], [1, 1, 0, 1, 1, 0, 1, 0, 1, 1, 0, 1, 1, 1, 0, 1, 1, 0, 1, 0, 0], [1, 1, 0, 1, 1, 0, 1, 0, 1, 1, 1, 0, 1, 0, 1, 1, 1, 0, 1, 0, 0], [1, 1, 0, 1, 1, 0, 1, 0, 1, 1, 1, 0, 1, 1, 0, 0, 0, 0, 1, 0, 0], [1, 1, 0, 1, 1, 0, 1, 0, 1, 1, 1, 0, 1, 1, 0, 1, 1, 0, 1, 0, 0], [1, 1, 0, 1, 1, 0, 1, 1, 0, 0, 0, 0, 0, 0, 0, 0, 0, 0, 1, 0, 0], [1, 1, 0, 1, 1, 0, 1, 1, 0, 0, 0, 0, 0, 0, 0, 1, 1, 0, 1, 0, 0], [1, 1, 0, 1, 1, 0, 1, 1, 0, 0, 0, 0, 1, 0, 0, 1, 1, 0, 0, 0, 0], [1, 1, 0, 1, 1, 0, 1, 1, 0, 0, 0, 0, 1, 0, 1, 1, 1, 0, 1, 0, 0], [1, 1, 0, 1, 1, 0, 1, 1, 0, 0, 0, 0, 1, 1, 0, 0, 0, 0, 1, 0, 0], [1, 1, 0, 1, 1, 0, 1, 1, 0, 0, 0, 0, 1, 1, 0, 1, 1, 0, 1, 0, 0], [1, 1, 0, 1, 1, 0, 1, 1, 0, 1, 0, 0, 1, 1, 0, 0, 1, 0, 1, 0, 0], [1, 1, 0, 1, 1, 0, 1, 1, 0, 1, 0, 1, 0, 0, 0, 1, 1, 0, 1, 0, 0], [1, 1, 0, 1, 1, 0, 1, 1, 0, 1, 0, 1, 1, 1, 0, 0, 0, 0, 1, 0, 0], [1, 1, 0, 1, 1, 0, 1, 1, 0, 1, 0, 1, 1, 1, 0, 1, 1, 0, 1, 0, 0], [1, 1, 0, 1, 1, 0, 1, 1, 0, 1, 1, 0, 0, 0, 0, 1, 0, 1, 1, 0, 0], [1, 1, 0, 1, 1, 0, 1, 1, 0, 1, 1, 0, 0, 0, 0, 1, 1, 0, 1, 0, 0], [1, 1, 0, 1, 1, 0, 1, 1, 0, 1, 1, 0, 1, 0, 0, 1, 1, 0, 0, 0, 0], [1, 1, 0, 1, 1, 0, 1, 1, 0, 1, 1, 0, 1, 0, 1, 1, 0, 1, 1, 0, 0], [1, 1, 0, 1, 1, 0, 1, 1, 0, 1, 1, 0, 1, 0, 1, 1, 1, 0, 1, 0, 0], [1, 1, 0, 1, 1, 0, 1, 1, 0, 1, 1, 0, 1, 1, 0, 0, 0, 0, 1, 0, 0], [1, 1, 0, 1, 1, 0, 1, 1, 0, 1, 1, 0, 1, 1, 0, 1, 0, 1, 1, 0, 0], [1, 1, 0, 1, 1, 0, 1, 1, 0, 1, 1, 0, 1, 1, 0, 1, 1, 0, 1, 0, 0]]
[solve] probs=[0.00390625, 0.00390625, 0.00390625, 0.00390625, 0.00390625, 0.00390625, 0.00390625, 0.00390625, 0.00390625, 0.00390625, 0.0390625, 0.00390625, 0.00390625, 0.00390625, 0.00390625, 0.00390625, 0.00390625, 0.0390625, 0.00390625, 0.00390625, 0.00390625, 0.0078125, 0.015625, 0.00390625, 0.00390625, 0.00390625, 0.01171875, 0.00390625, 0.04296875, 0.0078125, 0.0078125, 0.01171875, 0.02734375, 0.00390625, 0.05078125, 0.00390625, 0.0078125, 0.02734375, 0.03515625, 0.0390625, 0.53125]
[choco-best] objective=None probability=None solution=None
[parallel 7/274] path=data/miplib_benders/qaoa_problems/nvars_07/supportcase6_ds_qaoa_c733_c745_c747_0004.json status=ok wall=707.0995550670195 peak_mb=405.421875 choco_obj=
[problem] ex9_ds_qaoa_NOD2X5_NOD37_0004 path=data/miplib_benders/qaoa_problems/nvars_08/ex9_ds_qaoa_NOD2X5_NOD37_0004.json
[input] n_int=8 n_bin=24 n_constr=2
[input] A=[[0, 0, 0, 0, 0, 1, 1, 1], [1, 1, 1, 1, 1, 1, 1, 1]] b=[1, 1] c=[1, 1, 1, 1, 1, 1, 1, 1]
[encoding]
  b37_233 = b37_233_b0 + 2*b37_233_b1 + 4*b37_233_b2
  b37_240 = b37_240_b0 + 2*b37_240_b1 + 4*b37_240_b2
  b37_241 = b37_241_b0 + 2*b37_241_b1 + 4*b37_241_b2
  b37_242 = b37_242_b0 + 2*b37_242_b1 + 4*b37_242_b2
  b37_243 = b37_243_b0 + 2*b37_243_b1 + 4*b37_243_b2
  b37_250 = b37_250_b0 + 2*b37_250_b1 + 4*b37_250_b2
  b37_251 = b37_251_b0 + 2*b37_251_b1 + 4*b37_251_b2
  b37_252 = b37_252_b0 + 2*b37_252_b1 + 4*b37_252_b2
[expanded] A_binary=[[0, 0, 0, 0, 0, 0, 0, 0, 0, 0, 0, 0, 0, 0, 0, 1, 2, 4, 1, 2, 4, 1, 2, 4], [1, 2, 4, 1, 2, 4, 1, 2, 4, 1, 2, 4, 1, 2, 4, 1, 2, 4, 1, 2, 4, 1, 2, 4]] b=[1, 1]
[expanded] lin_constr_mtx=[[0, 0, 0, 0, 0, 0, 0, 0, 0, 0, 0, 0, 0, 0, 0, 1, 2, 4, 1, 2, 4, 1, 2, 4, 1], [1, 2, 4, 1, 2, 4, 1, 2, 4, 1, 2, 4, 1, 2, 4, 1, 2, 4, 1, 2, 4, 1, 2, 4, 1]]
Set parameter Username
[classical] objective=1.0 solution={'b37_233': 0, 'b37_240': 0, 'b37_241': 0, 'b37_242': 0, 'b37_243': 0, 'b37_250': 0, 'b37_251': 0, 'b37_252': 1}
[circuit] metrics=[189, 50, 84, 263]
[solve] start
[solve] states=[[1, 0, 1, 1, 1, 0, 1, 1, 0, 1, 1, 0, 1, 1, 0, 1, 1, 0, 1, 0, 0], [1, 1, 0, 0, 0, 0, 1, 0, 1, 1, 1, 0, 1, 1, 0, 1, 0, 1, 1, 0, 0], [1, 1, 0, 0, 0, 0, 1, 1, 0, 1, 1, 0, 1, 1, 0, 1, 1, 0, 1, 0, 0], [1, 1, 0, 1, 0, 1, 1, 1, 0, 1, 1, 0, 1, 1, 0, 1, 1, 0, 1, 0, 0], [1, 1, 0, 1, 1, 0, 1, 0, 1, 1, 1, 0, 1, 1, 0, 1, 1, 0, 1, 0, 0], [1, 1, 0, 1, 1, 0, 1, 1, 0, 0, 0, 0, 1, 1, 0, 1, 1, 0, 1, 0, 0], [1, 1, 0, 1, 1, 0, 1, 1, 0, 1, 0, 1, 1, 1, 0, 1, 1, 0, 1, 0, 0], [1, 1, 0, 1, 1, 0, 1, 1, 0, 1, 1, 0, 0, 0, 0, 1, 1, 0, 1, 0, 0], [1, 1, 0, 1, 1, 0, 1, 1, 0, 1, 1, 0, 1, 0, 0, 0, 1, 0, 1, 0, 0], [1, 1, 0, 1, 1, 0, 1, 1, 0, 1, 1, 0, 1, 0, 1, 1, 1, 0, 1, 0, 0], [1, 1, 0, 1, 1, 0, 1, 1, 0, 1, 1, 0, 1, 1, 0, 0, 0, 0, 1, 0, 0], [1, 1, 0, 1, 1, 0, 1, 1, 0, 1, 1, 0, 1, 1, 0, 1, 0, 1, 1, 0, 0], [1, 1, 0, 1, 1, 0, 1, 1, 0, 1, 1, 0, 1, 1, 0, 1, 1, 0, 1, 0, 0]]
[solve] probs=[0.0234375, 0.00390625, 0.0234375, 0.01953125, 0.0078125, 0.01953125, 0.01171875, 0.02734375, 0.00390625, 0.015625, 0.00390625, 0.0234375, 0.81640625]
[choco-best] objective=None probability=None solution=None
[parallel 8/274] path=data/miplib_benders/qaoa_problems/nvars_07/supportcase6_ds_qaoa_c745_c747_0004.json status=ok wall=567.5323196470272 peak_mb=389.77734375 choco_obj=
[problem] ex9_ds_qaoa_NOD2X5_NOD37_0005 path=data/miplib_benders/qaoa_problems/nvars_08/ex9_ds_qaoa_NOD2X5_NOD37_0005.json
[input] n_int=8 n_bin=24 n_constr=2
[input] A=[[0, 0, 0, 0, 1, 1, 1, 1], [1, 1, 1, 1, 1, 1, 1, 1]] b=[1, 1] c=[1, 1, 1, 1, 1, 1, 1, 1]
[encoding]
  b37_240 = b37_240_b0 + 2*b37_240_b1 + 4*b37_240_b2
  b37_241 = b37_241_b0 + 2*b37_241_b1 + 4*b37_241_b2
  b37_242 = b37_242_b0 + 2*b37_242_b1 + 4*b37_242_b2
  b37_243 = b37_243_b0 + 2*b37_243_b1 + 4*b37_243_b2
  b37_250 = b37_250_b0 + 2*b37_250_b1 + 4*b37_250_b2
  b37_251 = b37_251_b0 + 2*b37_251_b1 + 4*b37_251_b2
  b37_252 = b37_252_b0 + 2*b37_252_b1 + 4*b37_252_b2
  b37_253 = b37_253_b0 + 2*b37_253_b1 + 4*b37_253_b2
[expanded] A_binary=[[0, 0, 0, 0, 0, 0, 0, 0, 0, 0, 0, 0, 1, 2, 4, 1, 2, 4, 1, 2, 4, 1, 2, 4], [1, 2, 4, 1, 2, 4, 1, 2, 4, 1, 2, 4, 1, 2, 4, 1, 2, 4, 1, 2, 4, 1, 2, 4]] b=[1, 1]
[expanded] lin_constr_mtx=[[0, 0, 0, 0, 0, 0, 0, 0, 0, 0, 0, 0, 1, 2, 4, 1, 2, 4, 1, 2, 4, 1, 2, 4, 1], [1, 2, 4, 1, 2, 4, 1, 2, 4, 1, 2, 4, 1, 2, 4, 1, 2, 4, 1, 2, 4, 1, 2, 4, 1]]
Set parameter Username
[classical] objective=1.0 solution={'b37_240': 0, 'b37_241': 0, 'b37_242': 0, 'b37_243': 0, 'b37_250': 0, 'b37_251': 0, 'b37_252': 0, 'b37_253': 1}
[circuit] metrics=[149, 50, 66, 263]
[solve] start
[solve] states=[[1, 0, 1, 1, 0, 1, 1, 1, 0, 1, 1, 0, 1, 1, 0, 1, 1, 0, 1, 0, 0], [1, 0, 1, 1, 1, 0, 1, 1, 0, 1, 1, 0, 1, 1, 0, 0, 0, 0, 1, 0, 0], [1, 0, 1, 1, 1, 0, 1, 1, 0, 1, 1, 0, 1, 1, 0, 1, 0, 1, 1, 0, 0], [1, 0, 1, 1, 1, 0, 1, 1, 0, 1, 1, 0, 1, 1, 0, 1, 1, 0, 1, 0, 0], [1, 1, 0, 1, 0, 0, 1, 1, 0, 1, 1, 0, 1, 1, 0, 1, 1, 0, 0, 0, 0], [1, 1, 0, 1, 0, 1, 1, 0, 1, 0, 0, 0, 1, 1, 0, 1, 0, 1, 1, 0, 0], [1, 1, 0, 1, 0, 1, 1, 1, 0, 0, 0, 0, 1, 1, 0, 1, 1, 0, 1, 0, 0], [1, 1, 0, 1, 0, 1, 1, 1, 0, 1, 0, 1, 1, 1, 0, 1, 1, 0, 1, 0, 0], [1, 1, 0, 1, 0, 1, 1, 1, 0, 1, 1, 0, 1, 1, 0, 0, 0, 0, 1, 0, 0], [1, 1, 0, 1, 0, 1, 1, 1, 0, 1, 1, 0, 1, 1, 0, 1, 1, 0, 1, 0, 0], [1, 1, 0, 1, 1, 0, 1, 0, 1, 0, 0, 0, 1, 1, 0, 1, 1, 0, 1, 0, 0], [1, 1, 0, 1, 1, 0, 1, 0, 1, 1, 0, 1, 1, 1, 0, 1, 1, 0, 1, 0, 0], [1, 1, 0, 1, 1, 0, 1, 0, 1, 1, 1, 0, 1, 1, 0, 1, 0, 1, 1, 0, 0], [1, 1, 0, 1, 1, 0, 1, 0, 1, 1, 1, 0, 1, 1, 0, 1, 1, 0, 1, 0, 0], [1, 1, 0, 1, 1, 0, 1, 1, 0, 0, 0, 0, 1, 1, 0, 0, 0, 0, 1, 0, 0], [1, 1, 0, 1, 1, 0, 1, 1, 0, 0, 0, 0, 1, 1, 0, 1, 1, 0, 1, 0, 0], [1, 1, 0, 1, 1, 0, 1, 1, 0, 1, 0, 0, 0, 1, 0, 1, 1, 0, 1, 0, 0], [1, 1, 0, 1, 1, 0, 1, 1, 0, 1, 0, 1, 0, 0, 0, 1, 1, 0, 1, 0, 0], [1, 1, 0, 1, 1, 0, 1, 1, 0, 1, 0, 1, 1, 0, 1, 1, 1, 0, 1, 0, 0], [1, 1, 0, 1, 1, 0, 1, 1, 0, 1, 0, 1, 1, 1, 0, 1, 1, 0, 1, 0, 0], [1, 1, 0, 1, 1, 0, 1, 1, 0, 1, 1, 0, 0, 0, 0, 0, 0, 0, 1, 0, 0], [1, 1, 0, 1, 1, 0, 1, 1, 0, 1, 1, 0, 0, 0, 0, 1, 1, 0, 1, 0, 0], [1, 1, 0, 1, 1, 0, 1, 1, 0, 1, 1, 0, 1, 0, 1, 1, 1, 0, 1, 0, 0], [1, 1, 0, 1, 1, 0, 1, 1, 0, 1, 1, 0, 1, 1, 0, 0, 0, 0, 1, 0, 0], [1, 1, 0, 1, 1, 0, 1, 1, 0, 1, 1, 0, 1, 1, 0, 1, 0, 1, 1, 0, 0], [1, 1, 0, 1, 1, 0, 1, 1, 0, 1, 1, 0, 1, 1, 0, 1, 1, 0, 1, 0, 0]]
[solve] probs=[0.00390625, 0.00390625, 0.00390625, 0.03125, 0.00390625, 0.00390625, 0.00390625, 0.00390625, 0.00390625, 0.05078125, 0.00390625, 0.00390625, 0.00390625, 0.02734375, 0.00390625, 0.05859375, 0.00390625, 0.00390625, 0.00390625, 0.046875, 0.00390625, 0.05078125, 0.0390625, 0.02734375, 0.02734375, 0.578125]
[choco-best] objective=None probability=None solution=None
[parallel 9/274] path=data/miplib_benders/qaoa_problems/nvars_07/supportcase6_ds_qaoa_c745_c747_c759_0001.json status=ok wall=807.876661421964 peak_mb=405.46484375 choco_obj=
[problem] ex9_ds_qaoa_NOD2X5_NOD37_0006 path=data/miplib_benders/qaoa_problems/nvars_08/ex9_ds_qaoa_NOD2X5_NOD37_0006.json
[input] n_int=8 n_bin=24 n_constr=2
[input] A=[[0, 0, 0, 1, 1, 1, 1, 0], [1, 1, 1, 1, 1, 1, 1, 1]] b=[1, 1] c=[1, 1, 1, 1, 1, 1, 1, 1]
[encoding]
  b37_241 = b37_241_b0 + 2*b37_241_b1 + 4*b37_241_b2
  b37_242 = b37_242_b0 + 2*b37_242_b1 + 4*b37_242_b2
  b37_243 = b37_243_b0 + 2*b37_243_b1 + 4*b37_243_b2
  b37_250 = b37_250_b0 + 2*b37_250_b1 + 4*b37_250_b2
  b37_251 = b37_251_b0 + 2*b37_251_b1 + 4*b37_251_b2
  b37_252 = b37_252_b0 + 2*b37_252_b1 + 4*b37_252_b2
  b37_253 = b37_253_b0 + 2*b37_253_b1 + 4*b37_253_b2
  b37_260 = b37_260_b0 + 2*b37_260_b1 + 4*b37_260_b2
[expanded] A_binary=[[0, 0, 0, 0, 0, 0, 0, 0, 0, 1, 2, 4, 1, 2, 4, 1, 2, 4, 1, 2, 4, 0, 0, 0], [1, 2, 4, 1, 2, 4, 1, 2, 4, 1, 2, 4, 1, 2, 4, 1, 2, 4, 1, 2, 4, 1, 2, 4]] b=[1, 1]
[expanded] lin_constr_mtx=[[0, 0, 0, 0, 0, 0, 0, 0, 0, 1, 2, 4, 1, 2, 4, 1, 2, 4, 1, 2, 4, 0, 0, 0, 1], [1, 2, 4, 1, 2, 4, 1, 2, 4, 1, 2, 4, 1, 2, 4, 1, 2, 4, 1, 2, 4, 1, 2, 4, 1]]
Set parameter Username
[classical] objective=1.0 solution={'b37_241': 0, 'b37_242': 0, 'b37_243': 0, 'b37_250': 0, 'b37_251': 0, 'b37_252': 1, 'b37_253': 0, 'b37_260': 0}
[circuit] metrics=[149, 50, 66, 263]
[solve] start
[solve] states=[[0, 0, 0, 0, 0, 0, 1, 0, 0, 0, 0, 0, 0, 0, 0, 0, 0, 0, 0, 0, 0, 0, 0, 0], [1, 0, 0, 0, 0, 0, 1, 0, 1, 0, 0, 0, 0, 0, 0, 0, 0, 0, 0, 0, 0, 0, 0, 0], [1, 0, 0, 0, 1, 0, 1, 0, 0, 0, 0, 0, 0, 0, 0, 0, 0, 0, 0, 0, 0, 0, 0, 0]]
[solve] probs=[0.9921875, 0.00390625, 0.00390625]
[choco-best] objective=1.0 probability=0.9921875 solution={'b26_220': 0, 'b26_222': 0, 'b26_223': 1, 'b26_230': 0, 'b26_240': 0, 'b26_241': 0, 'b26_242': 0, 'b26_243': 0}
[parallel 10/274] path=data/miplib_benders/qaoa_problems/nvars_08/ex10_ds_qaoa_NOD26_NOD2X2_0001.json status=ok wall=827.8877951790346 peak_mb=407.4609375 choco_obj=1.0
[solve] states=[[0, 0, 0, 0, 0, 0, 0, 0, 0, 0, 0, 0, 0, 0, 0, 0, 0, 0, 0, 0, 0, 1, 0, 0]]
[solve] probs=[1.0]
[choco-best] objective=1.0 probability=1.0 solution={'b37_233': 0, 'b37_240': 0, 'b37_241': 0, 'b37_242': 0, 'b37_243': 0, 'b37_250': 0, 'b37_251': 0, 'b37_252': 1}
[problem] ex9_ds_qaoa_NOD2X5_NOD37_0007 path=data/miplib_benders/qaoa_problems/nvars_08/ex9_ds_qaoa_NOD2X5_NOD37_0007.json
[input] n_int=8 n_bin=24 n_constr=2
[input] A=[[0, 0, 1, 1, 1, 1, 0, 0], [1, 1, 1, 1, 1, 1, 1, 1]] b=[1, 1] c=[1, 1, 1, 1, 1, 1, 1, 1]
[encoding]
  b37_242 = b37_242_b0 + 2*b37_242_b1 + 4*b37_242_b2
  b37_243 = b37_243_b0 + 2*b37_243_b1 + 4*b37_243_b2
  b37_250 = b37_250_b0 + 2*b37_250_b1 + 4*b37_250_b2
  b37_251 = b37_251_b0 + 2*b37_251_b1 + 4*b37_251_b2
  b37_252 = b37_252_b0 + 2*b37_252_b1 + 4*b37_252_b2
  b37_253 = b37_253_b0 + 2*b37_253_b1 + 4*b37_253_b2
  b37_260 = b37_260_b0 + 2*b37_260_b1 + 4*b37_260_b2
  b37_261 = b37_261_b0 + 2*b37_261_b1 + 4*b37_261_b2
[expanded] A_binary=[[0, 0, 0, 0, 0, 0, 1, 2, 4, 1, 2, 4, 1, 2, 4, 1, 2, 4, 0, 0, 0, 0, 0, 0], [1, 2, 4, 1, 2, 4, 1, 2, 4, 1, 2, 4, 1, 2, 4, 1, 2, 4, 1, 2, 4, 1, 2, 4]] b=[1, 1]
[expanded] lin_constr_mtx=[[0, 0, 0, 0, 0, 0, 1, 2, 4, 1, 2, 4, 1, 2, 4, 1, 2, 4, 0, 0, 0, 0, 0, 0, 1], [1, 2, 4, 1, 2, 4, 1, 2, 4, 1, 2, 4, 1, 2, 4, 1, 2, 4, 1, 2, 4, 1, 2, 4, 1]]
Set parameter Username
[classical] objective=1.0 solution={'b37_242': 0, 'b37_243': 0, 'b37_250': 0, 'b37_251': 0, 'b37_252': 1, 'b37_253': 0, 'b37_260': 0, 'b37_261': 0}
[parallel 11/274] path=data/miplib_benders/qaoa_problems/nvars_08/ex9_ds_qaoa_NOD2X5_NOD37_0004.json status=ok wall=793.3769308190094 peak_mb=407.54296875 choco_obj=1.0
[circuit] metrics=[149, 50, 66, 263]
[solve] start
[problem] highschool1-aigio_ds_qaoa_spreadEventsUB_SpreadEvents1_108_Th_subeventsNotActive_108_1_1_0004 path=data/miplib_benders/qaoa_problems/nvars_08/highschool1-aigio_ds_qaoa_spreadEventsUB_SpreadEvents1_108_Th_subeventsNotActive_108_1_1_0004.json
[input] n_int=8 n_bin=24 n_constr=2
[input] A=[[1, 1, 1, 1, 1, 1, 1, 0], [-1, -1, -1, 0, 0, 0, 0, 1]] b=[1, 0] c=[1, 2, 3, 4, 5, 6, 0, 0]
[encoding]
  y(108#1#1,Th_4) = y_108_1_1_Th_4__b0 + 2*y_108_1_1_Th_4__b1 + 4*y_108_1_1_Th_4__b2
  y(108#1#1,Th_5) = y_108_1_1_Th_5__b0 + 2*y_108_1_1_Th_5__b1 + 4*y_108_1_1_Th_5__b2
  y(108#1#1,Th_6) = y_108_1_1_Th_6__b0 + 2*y_108_1_1_Th_6__b1 + 4*y_108_1_1_Th_6__b2
  y(108#1#2,Th_4) = y_108_1_2_Th_4__b0 + 2*y_108_1_2_Th_4__b1 + 4*y_108_1_2_Th_4__b2
  y(108#1#2,Th_5) = y_108_1_2_Th_5__b0 + 2*y_108_1_2_Th_5__b1 + 4*y_108_1_2_Th_5__b2
  y(108#1#2,Th_6) = y_108_1_2_Th_6__b0 + 2*y_108_1_2_Th_6__b1 + 4*y_108_1_2_Th_6__b2
  row_slack_spreadEventsUB_SpreadEvents1_108_Th = row_slack_spreadEventsUB_SpreadEvents1_108_Th_b0 + 2*row_slack_spreadEventsUB_SpreadEvents1_108_Th_b1 + 4*row_slack_spreadEventsUB_SpreadEvents1_108_Th_b2
  row_slack_subeventsNotActive_108_1_1 = row_slack_subeventsNotActive_108_1_1_b0 + 2*row_slack_subeventsNotActive_108_1_1_b1 + 4*row_slack_subeventsNotActive_108_1_1_b2
[expanded] A_binary=[[1, 2, 4, 1, 2, 4, 1, 2, 4, 1, 2, 4, 1, 2, 4, 1, 2, 4, 1, 2, 4, 0, 0, 0], [-1, -2, -4, -1, -2, -4, -1, -2, -4, 0, 0, 0, 0, 0, 0, 0, 0, 0, 0, 0, 0, 1, 2, 4]] b=[1, 0]
[expanded] lin_constr_mtx=[[1, 2, 4, 1, 2, 4, 1, 2, 4, 1, 2, 4, 1, 2, 4, 1, 2, 4, 1, 2, 4, 0, 0, 0, 1], [-1, -2, -4, -1, -2, -4, -1, -2, -4, 0, 0, 0, 0, 0, 0, 0, 0, 0, 0, 0, 0, 1, 2, 4, 0]]
Set parameter Username
[classical] objective=6.0 solution={'y(108#1#1,Th_4)': 0, 'y(108#1#1,Th_5)': 0, 'y(108#1#1,Th_6)': 0, 'y(108#1#2,Th_4)': 0, 'y(108#1#2,Th_5)': 0, 'y(108#1#2,Th_6)': 1, 'row_slack_spreadEventsUB_SpreadEvents1_108_Th': 0, 'row_slack_subeventsNotActive_108_1_1': 0}
[circuit] metrics=[302, 50, 143, 364]
[solve] start
[solve] states=[[0, 0, 0, 0, 0, 0, 0, 0, 0, 0, 0, 0, 0, 0, 0, 0, 0, 0, 0, 0, 0, 1, 0, 0]]
[solve] probs=[1.0]
[choco-best] objective=1.0 probability=1.0 solution={'b37_240': 0, 'b37_241': 0, 'b37_242': 0, 'b37_243': 0, 'b37_250': 0, 'b37_251': 0, 'b37_252': 0, 'b37_253': 1}
[parallel 12/274] path=data/miplib_benders/qaoa_problems/nvars_08/ex9_ds_qaoa_NOD2X5_NOD37_0005.json status=ok wall=1019.5508687479887 peak_mb=403.46875 choco_obj=1.0
[problem] irp_ds_qaoa_R0010_R0015_0001 path=data/miplib_benders/qaoa_problems/nvars_08/irp_ds_qaoa_R0010_R0015_0001.json
[input] n_int=8 n_bin=24 n_constr=2
[input] A=[[1, 1, 1, 1, 1, 1, 1, 1], [1, 1, 1, 0, 0, 0, 0, 0]] b=[1, 1] c=[6154830000, 5674930000, 5627280000, 5861240000, 6049200000, 5946950000, 6340890000, 5861380000]
[encoding]
  C16904 = C16904_b0 + 2*C16904_b1 + 4*C16904_b2
  C16905 = C16905_b0 + 2*C16905_b1 + 4*C16905_b2
  C16906 = C16906_b0 + 2*C16906_b1 + 4*C16906_b2
  C16908 = C16908_b0 + 2*C16908_b1 + 4*C16908_b2
  C16909 = C16909_b0 + 2*C16909_b1 + 4*C16909_b2
  C16910 = C16910_b0 + 2*C16910_b1 + 4*C16910_b2
  C16911 = C16911_b0 + 2*C16911_b1 + 4*C16911_b2
  C16912 = C16912_b0 + 2*C16912_b1 + 4*C16912_b2
[expanded] A_binary=[[1, 2, 4, 1, 2, 4, 1, 2, 4, 1, 2, 4, 1, 2, 4, 1, 2, 4, 1, 2, 4, 1, 2, 4], [1, 2, 4, 1, 2, 4, 1, 2, 4, 0, 0, 0, 0, 0, 0, 0, 0, 0, 0, 0, 0, 0, 0, 0]] b=[1, 1]
[expanded] lin_constr_mtx=[[1, 2, 4, 1, 2, 4, 1, 2, 4, 1, 2, 4, 1, 2, 4, 1, 2, 4, 1, 2, 4, 1, 2, 4, 1], [1, 2, 4, 1, 2, 4, 1, 2, 4, 0, 0, 0, 0, 0, 0, 0, 0, 0, 0, 0, 0, 0, 0, 0, 1]]
Set parameter Username
[classical] objective=6154830000.0 solution={'C16904': 1, 'C16905': 0, 'C16906': 0, 'C16908': 0, 'C16909': 0, 'C16910': 0, 'C16911': 0, 'C16912': 0}
[circuit] metrics=[189, 50, 84, 263]
[solve] start
[solve] states=[[0, 0, 0, 0, 0, 0, 0, 0, 0, 0, 0, 0, 0, 0, 0, 0, 0, 0, 1, 0, 0, 0, 0, 0]]
[solve] probs=[1.0]
[choco-best] objective=0.0 probability=1.0 solution={'y(108#1#1,Th_4)': 0, 'y(108#1#1,Th_5)': 0, 'y(108#1#1,Th_6)': 0, 'y(108#1#2,Th_4)': 0, 'y(108#1#2,Th_5)': 0, 'y(108#1#2,Th_6)': 0, 'row_slack_spreadEventsUB_SpreadEvents1_108_Th': 1, 'row_slack_subeventsNotActive_108_1_1': 0}
[parallel 13/274] path=data/miplib_benders/qaoa_problems/nvars_08/highschool1-aigio_ds_qaoa_spreadEventsUB_SpreadEvents1_108_Th_subeventsNotActive_108_1_1_0004.json status=ok wall=597.9454185260693 peak_mb=409.734375 choco_obj=0.0
[problem] irp_ds_qaoa_R0020_R0026_0001 path=data/miplib_benders/qaoa_problems/nvars_08/irp_ds_qaoa_R0020_R0026_0001.json
[input] n_int=8 n_bin=24 n_constr=2
[input] A=[[1, 1, 1, 1, 1, 1, 0, 0], [1, 0, 0, 0, 0, 0, 1, 1]] b=[1, 1] c=[5861240000, 6049200000, 5946950000, 6340890000, 5861380000, 5813350000, 5989160000, 5886900000]
[encoding]
  C16908 = C16908_b0 + 2*C16908_b1 + 4*C16908_b2
  C16909 = C16909_b0 + 2*C16909_b1 + 4*C16909_b2
  C16910 = C16910_b0 + 2*C16910_b1 + 4*C16910_b2
  C16911 = C16911_b0 + 2*C16911_b1 + 4*C16911_b2
  C16912 = C16912_b0 + 2*C16912_b1 + 4*C16912_b2
  C16913 = C16913_b0 + 2*C16913_b1 + 4*C16913_b2
  C16915 = C16915_b0 + 2*C16915_b1 + 4*C16915_b2
  C16916 = C16916_b0 + 2*C16916_b1 + 4*C16916_b2
[expanded] A_binary=[[1, 2, 4, 1, 2, 4, 1, 2, 4, 1, 2, 4, 1, 2, 4, 1, 2, 4, 0, 0, 0, 0, 0, 0], [1, 2, 4, 0, 0, 0, 0, 0, 0, 0, 0, 0, 0, 0, 0, 0, 0, 0, 1, 2, 4, 1, 2, 4]] b=[1, 1]
[expanded] lin_constr_mtx=[[1, 2, 4, 1, 2, 4, 1, 2, 4, 1, 2, 4, 1, 2, 4, 1, 2, 4, 0, 0, 0, 0, 0, 0, 1], [1, 2, 4, 0, 0, 0, 0, 0, 0, 0, 0, 0, 0, 0, 0, 0, 0, 0, 1, 2, 4, 1, 2, 4, 1]]
Set parameter Username
[classical] objective=12330050000.0 solution={'C16908': 0, 'C16909': 0, 'C16910': 0, 'C16911': 1, 'C16912': 0, 'C16913': 0, 'C16915': 1, 'C16916': 0}
[circuit] metrics=[492, 50, 236, 464]
[solve] start
[solve] states=[[0, 0, 0, 0, 0, 0, 0, 0, 0, 0, 0, 0, 0, 0, 0, 0, 0, 0, 1, 0, 0, 0, 0, 0]]
[solve] probs=[1.0]
[choco-best] objective=1.0 probability=1.0 solution={'b37_241': 0, 'b37_242': 0, 'b37_243': 0, 'b37_250': 0, 'b37_251': 0, 'b37_252': 0, 'b37_253': 1, 'b37_260': 0}
[parallel 14/274] path=data/miplib_benders/qaoa_problems/nvars_08/ex9_ds_qaoa_NOD2X5_NOD37_0006.json status=ok wall=894.8163882540539 peak_mb=403.51171875 choco_obj=1.0
[problem] leo1_ds_qaoa_R0000042_R0000043_0003 path=data/miplib_benders/qaoa_problems/nvars_08/leo1_ds_qaoa_R0000042_R0000043_0003.json
[input] n_int=8 n_bin=24 n_constr=2
[input] A=[[-3, -3, -3, 0, 0, 0, 1, 0], [-6, -6, -6, -3, -4, -6, 0, 1]] b=[-3, -6] c=[1, 2, 3, 4, 5, 6, 0, 0]
[encoding]
  C0003539 = C0003539_b0 + 2*C0003539_b1 + 4*C0003539_b2
  C0003540 = C0003540_b0 + 2*C0003540_b1 + 4*C0003540_b2
  C0003541 = C0003541_b0 + 2*C0003541_b1 + 4*C0003541_b2
  C0003572 = C0003572_b0 + 2*C0003572_b1 + 4*C0003572_b2
  C0003573 = C0003573_b0 + 2*C0003573_b1 + 4*C0003573_b2
  C0003574 = C0003574_b0 + 2*C0003574_b1 + 4*C0003574_b2
  row_slack_R0000042 = row_slack_R0000042_b0 + 2*row_slack_R0000042_b1 + 4*row_slack_R0000042_b2
  row_slack_R0000043 = row_slack_R0000043_b0 + 2*row_slack_R0000043_b1 + 4*row_slack_R0000043_b2
[expanded] A_binary=[[-3, -6, -12, -3, -6, -12, -3, -6, -12, 0, 0, 0, 0, 0, 0, 0, 0, 0, 1, 2, 4, 0, 0, 0], [-6, -12, -24, -6, -12, -24, -6, -12, -24, -3, -6, -12, -4, -8, -16, -6, -12, -24, 0, 0, 0, 1, 2, 4]] b=[-3, -6]
[expanded] lin_constr_mtx=[[-3, -6, -12, -3, -6, -12, -3, -6, -12, 0, 0, 0, 0, 0, 0, 0, 0, 0, 1, 2, 4, 0, 0, 0, -3], [-6, -12, -24, -6, -12, -24, -6, -12, -24, -3, -6, -12, -4, -8, -16, -6, -12, -24, 0, 0, 0, 1, 2, 4, -6]]
Set parameter Username
[classical] objective=12.0 solution={'C0003539': 0, 'C0003540': 0, 'C0003541': 1, 'C0003572': 1, 'C0003573': 1, 'C0003574': 0, 'row_slack_R0000042': 0, 'row_slack_R0000043': 7}
[circuit] metrics=[176, 50, 81, 282]
[solve] start
[solve] states=[[1, 1, 0, 1, 1, 0, 1, 0, 0, 1, 1, 0, 1, 0, 1, 1, 1, 0, 1, 1, 0, 1, 1, 0], [1, 1, 0, 1, 1, 0, 1, 0, 0, 1, 1, 0, 1, 1, 0, 1, 1, 0, 1, 1, 0, 1, 1, 0]]
[solve] probs=[0.00390625, 0.99609375]
[choco-best] objective=None probability=None solution=None
[parallel 15/274] path=data/miplib_benders/qaoa_problems/nvars_08/irp_ds_qaoa_R0010_R0015_0001.json status=ok wall=547.0055621180218 peak_mb=403.453125 choco_obj=
[problem] neos8_ds_qaoa_R0001_R0002_R0003_0003 path=data/miplib_benders/qaoa_problems/nvars_08/neos8_ds_qaoa_R0001_R0002_R0003_0003.json
[input] n_int=8 n_bin=24 n_constr=3
[input] A=[[1, 1, 1, 0, 0, 1, 0, 0], [1, 1, 0, 1, 1, 0, 1, 0], [0, 0, 1, 1, 1, 0, 0, 1]] b=[1, 1, 1] c=[-2300, -2200, -2450, -2600, -2700, 0, 0, 0]
[encoding]
  C0005 = C0005_b0 + 2*C0005_b1 + 4*C0005_b2
  C0006 = C0006_b0 + 2*C0006_b1 + 4*C0006_b2
  C0009 = C0009_b0 + 2*C0009_b1 + 4*C0009_b2
  C0013 = C0013_b0 + 2*C0013_b1 + 4*C0013_b2
  C0014 = C0014_b0 + 2*C0014_b1 + 4*C0014_b2
  row_slack_R0001 = row_slack_R0001_b0 + 2*row_slack_R0001_b1 + 4*row_slack_R0001_b2
  row_slack_R0002 = row_slack_R0002_b0 + 2*row_slack_R0002_b1 + 4*row_slack_R0002_b2
  row_slack_R0003 = row_slack_R0003_b0 + 2*row_slack_R0003_b1 + 4*row_slack_R0003_b2
[expanded] A_binary=[[1, 2, 4, 1, 2, 4, 1, 2, 4, 0, 0, 0, 0, 0, 0, 1, 2, 4, 0, 0, 0, 0, 0, 0], [1, 2, 4, 1, 2, 4, 0, 0, 0, 1, 2, 4, 1, 2, 4, 0, 0, 0, 1, 2, 4, 0, 0, 0], [0, 0, 0, 0, 0, 0, 1, 2, 4, 1, 2, 4, 1, 2, 4, 0, 0, 0, 0, 0, 0, 1, 2, 4]] b=[1, 1, 1]
[expanded] lin_constr_mtx=[[1, 2, 4, 1, 2, 4, 1, 2, 4, 0, 0, 0, 0, 0, 0, 1, 2, 4, 0, 0, 0, 0, 0, 0, 1], [1, 2, 4, 1, 2, 4, 0, 0, 0, 1, 2, 4, 1, 2, 4, 0, 0, 0, 1, 2, 4, 0, 0, 0, 1], [0, 0, 0, 0, 0, 0, 1, 2, 4, 1, 2, 4, 1, 2, 4, 0, 0, 0, 0, 0, 0, 1, 2, 4, 1]]
Set parameter Username
[classical] objective=-0.0 solution={'C0005': 0, 'C0006': 0, 'C0009': 0, 'C0013': 0, 'C0014': 0, 'row_slack_R0001': 1, 'row_slack_R0002': 1, 'row_slack_R0003': 1}
[circuit] metrics=[609, 50, 257, 665]
[solve] start
[solve] states=[[0, 0, 0, 0, 0, 0, 0, 0, 0, 0, 0, 0, 0, 0, 0, 1, 0, 0, 0, 0, 0, 0, 0, 0]]
[solve] probs=[1.0]
[choco-best] objective=1.0 probability=1.0 solution={'b37_242': 0, 'b37_243': 0, 'b37_250': 0, 'b37_251': 0, 'b37_252': 0, 'b37_253': 1, 'b37_260': 0, 'b37_261': 0}
[parallel 16/274] path=data/miplib_benders/qaoa_problems/nvars_08/ex9_ds_qaoa_NOD2X5_NOD37_0007.json status=ok wall=946.9946980520617 peak_mb=408.265625 choco_obj=1.0
[problem] neos8_ds_qaoa_R0001_R0002_R0003_0004 path=data/miplib_benders/qaoa_problems/nvars_08/neos8_ds_qaoa_R0001_R0002_R0003_0004.json
[input] n_int=8 n_bin=24 n_constr=3
[input] A=[[1, 1, 0, 0, 1, 1, 0, 0], [1, 0, 1, 1, 1, 0, 1, 0], [0, 1, 1, 1, 0, 0, 0, 1]] b=[1, 1, 1] c=[-2200, -2450, -2600, -2700, -1500, 0, 0, 0]
[encoding]
  C0006 = C0006_b0 + 2*C0006_b1 + 4*C0006_b2
  C0009 = C0009_b0 + 2*C0009_b1 + 4*C0009_b2
  C0013 = C0013_b0 + 2*C0013_b1 + 4*C0013_b2
  C0014 = C0014_b0 + 2*C0014_b1 + 4*C0014_b2
  C0017 = C0017_b0 + 2*C0017_b1 + 4*C0017_b2
  row_slack_R0001 = row_slack_R0001_b0 + 2*row_slack_R0001_b1 + 4*row_slack_R0001_b2
  row_slack_R0002 = row_slack_R0002_b0 + 2*row_slack_R0002_b1 + 4*row_slack_R0002_b2
  row_slack_R0003 = row_slack_R0003_b0 + 2*row_slack_R0003_b1 + 4*row_slack_R0003_b2
[expanded] A_binary=[[1, 2, 4, 1, 2, 4, 0, 0, 0, 0, 0, 0, 1, 2, 4, 1, 2, 4, 0, 0, 0, 0, 0, 0], [1, 2, 4, 0, 0, 0, 1, 2, 4, 1, 2, 4, 1, 2, 4, 0, 0, 0, 1, 2, 4, 0, 0, 0], [0, 0, 0, 1, 2, 4, 1, 2, 4, 1, 2, 4, 0, 0, 0, 0, 0, 0, 0, 0, 0, 1, 2, 4]] b=[1, 1, 1]
[expanded] lin_constr_mtx=[[1, 2, 4, 1, 2, 4, 0, 0, 0, 0, 0, 0, 1, 2, 4, 1, 2, 4, 0, 0, 0, 0, 0, 0, 1], [1, 2, 4, 0, 0, 0, 1, 2, 4, 1, 2, 4, 1, 2, 4, 0, 0, 0, 1, 2, 4, 0, 0, 0, 1], [0, 0, 0, 1, 2, 4, 1, 2, 4, 1, 2, 4, 0, 0, 0, 0, 0, 0, 0, 0, 0, 1, 2, 4, 1]]
Set parameter Username
[classical] objective=-0.0 solution={'C0006': 0, 'C0009': 0, 'C0013': 0, 'C0014': 0, 'C0017': 0, 'row_slack_R0001': 1, 'row_slack_R0002': 1, 'row_slack_R0003': 1}
[circuit] metrics=[609, 50, 257, 665]
[solve] start
[solve] states=[[1, 0, 1, 1, 0, 1, 1, 1, 0, 1, 1, 0, 1, 1, 0, 1, 0, 0, 0, 0, 0, 1, 0, 0], [1, 0, 1, 1, 1, 0, 0, 0, 0, 1, 1, 0, 1, 1, 0, 1, 0, 0, 0, 0, 0, 1, 0, 0], [1, 0, 1, 1, 1, 0, 1, 1, 0, 1, 1, 0, 0, 0, 0, 1, 0, 0, 0, 0, 0, 1, 0, 0], [1, 0, 1, 1, 1, 0, 1, 1, 0, 1, 1, 0, 1, 1, 0, 1, 0, 0, 0, 0, 0, 1, 0, 0], [1, 1, 0, 1, 0, 1, 1, 1, 0, 0, 0, 0, 1, 1, 0, 1, 0, 0, 0, 0, 0, 1, 0, 0], [1, 1, 0, 1, 0, 1, 1, 1, 0, 1, 0, 1, 1, 1, 0, 1, 0, 0, 0, 0, 0, 1, 0, 0], [1, 1, 0, 1, 0, 1, 1, 1, 0, 1, 1, 0, 1, 1, 0, 1, 0, 0, 0, 0, 0, 1, 0, 0], [1, 1, 0, 1, 1, 0, 0, 0, 0, 0, 0, 0, 1, 1, 0, 1, 0, 0, 0, 0, 0, 1, 0, 0], [1, 1, 0, 1, 1, 0, 0, 0, 0, 1, 1, 0, 0, 0, 0, 1, 0, 0, 0, 0, 0, 1, 0, 0], [1, 1, 0, 1, 1, 0, 0, 0, 0, 1, 1, 0, 1, 1, 0, 1, 0, 0, 0, 0, 0, 1, 0, 0], [1, 1, 0, 1, 1, 0, 1, 0, 1, 1, 1, 0, 0, 0, 0, 1, 0, 0, 0, 0, 0, 1, 0, 0], [1, 1, 0, 1, 1, 0, 1, 0, 1, 1, 1, 0, 1, 1, 0, 1, 0, 0, 0, 0, 0, 1, 0, 0], [1, 1, 0, 1, 1, 0, 1, 1, 0, 0, 0, 0, 1, 1, 0, 1, 0, 0, 0, 0, 0, 1, 0, 0], [1, 1, 0, 1, 1, 0, 1, 1, 0, 1, 0, 0, 0, 1, 0, 1, 0, 0, 0, 0, 0, 1, 0, 0], [1, 1, 0, 1, 1, 0, 1, 1, 0, 1, 0, 1, 0, 0, 0, 1, 0, 0, 0, 0, 0, 1, 0, 0], [1, 1, 0, 1, 1, 0, 1, 1, 0, 1, 0, 1, 1, 0, 0, 0, 0, 0, 0, 0, 0, 1, 0, 0], [1, 1, 0, 1, 1, 0, 1, 1, 0, 1, 0, 1, 1, 1, 0, 1, 0, 0, 0, 0, 0, 1, 0, 0], [1, 1, 0, 1, 1, 0, 1, 1, 0, 1, 1, 0, 0, 0, 0, 1, 0, 0, 0, 0, 0, 1, 0, 0], [1, 1, 0, 1, 1, 0, 1, 1, 0, 1, 1, 0, 1, 0, 1, 1, 0, 0, 0, 0, 0, 1, 0, 0], [1, 1, 0, 1, 1, 0, 1, 1, 0, 1, 1, 0, 1, 1, 0, 1, 0, 0, 0, 0, 0, 1, 0, 0]]
[solve] probs=[0.00390625, 0.00390625, 0.00390625, 0.03125, 0.00390625, 0.0078125, 0.0234375, 0.0078125, 0.00390625, 0.02734375, 0.00390625, 0.015625, 0.0234375, 0.00390625, 0.00390625, 0.00390625, 0.02734375, 0.01953125, 0.01953125, 0.76171875]
[choco-best] objective=None probability=None solution=None
[parallel 17/274] path=data/miplib_benders/qaoa_problems/nvars_08/irp_ds_qaoa_R0020_R0026_0001.json status=ok wall=537.0515797579428 peak_mb=411.86328125 choco_obj=
[problem] neos8_ds_qaoa_R0001_R0002_R0003_0005 path=data/miplib_benders/qaoa_problems/nvars_08/neos8_ds_qaoa_R0001_R0002_R0003_0005.json
[input] n_int=8 n_bin=24 n_constr=3
[input] A=[[1, 0, 0, 1, 1, 1, 0, 0], [0, 1, 1, 1, 1, 0, 1, 0], [1, 1, 1, 0, 0, 0, 0, 1]] b=[1, 1, 1] c=[-2450, -2600, -2700, -1500, -1400, 0, 0, 0]
[encoding]
  C0009 = C0009_b0 + 2*C0009_b1 + 4*C0009_b2
  C0013 = C0013_b0 + 2*C0013_b1 + 4*C0013_b2
  C0014 = C0014_b0 + 2*C0014_b1 + 4*C0014_b2
  C0017 = C0017_b0 + 2*C0017_b1 + 4*C0017_b2
  C0018 = C0018_b0 + 2*C0018_b1 + 4*C0018_b2
  row_slack_R0001 = row_slack_R0001_b0 + 2*row_slack_R0001_b1 + 4*row_slack_R0001_b2
  row_slack_R0002 = row_slack_R0002_b0 + 2*row_slack_R0002_b1 + 4*row_slack_R0002_b2
  row_slack_R0003 = row_slack_R0003_b0 + 2*row_slack_R0003_b1 + 4*row_slack_R0003_b2
[expanded] A_binary=[[1, 2, 4, 0, 0, 0, 0, 0, 0, 1, 2, 4, 1, 2, 4, 1, 2, 4, 0, 0, 0, 0, 0, 0], [0, 0, 0, 1, 2, 4, 1, 2, 4, 1, 2, 4, 1, 2, 4, 0, 0, 0, 1, 2, 4, 0, 0, 0], [1, 2, 4, 1, 2, 4, 1, 2, 4, 0, 0, 0, 0, 0, 0, 0, 0, 0, 0, 0, 0, 1, 2, 4]] b=[1, 1, 1]
[expanded] lin_constr_mtx=[[1, 2, 4, 0, 0, 0, 0, 0, 0, 1, 2, 4, 1, 2, 4, 1, 2, 4, 0, 0, 0, 0, 0, 0, 1], [0, 0, 0, 1, 2, 4, 1, 2, 4, 1, 2, 4, 1, 2, 4, 0, 0, 0, 1, 2, 4, 0, 0, 0, 1], [1, 2, 4, 1, 2, 4, 1, 2, 4, 0, 0, 0, 0, 0, 0, 0, 0, 0, 0, 0, 0, 1, 2, 4, 1]]
Set parameter Username
[classical] objective=-0.0 solution={'C0009': 0, 'C0013': 0, 'C0014': 0, 'C0017': 0, 'C0018': 0, 'row_slack_R0001': 1, 'row_slack_R0002': 1, 'row_slack_R0003': 1}
[circuit] metrics=[575, 50, 240, 634]
[solve] start
[solve] states=[[0, 0, 0, 0, 0, 0, 0, 0, 0, 0, 0, 0, 0, 0, 0, 1, 0, 0, 1, 0, 0, 1, 0, 0]]
[solve] probs=[1.0]
[choco-best] objective=0.0 probability=1.0 solution={'C0005': 0, 'C0006': 0, 'C0009': 0, 'C0013': 0, 'C0014': 0, 'row_slack_R0001': 1, 'row_slack_R0002': 1, 'row_slack_R0003': 1}
[parallel 18/274] path=data/miplib_benders/qaoa_problems/nvars_08/neos8_ds_qaoa_R0001_R0002_R0003_0003.json status=ok wall=804.8833248119336 peak_mb=425.67578125 choco_obj=0.0
[problem] neos8_ds_qaoa_R0002_R0003_0003 path=data/miplib_benders/qaoa_problems/nvars_08/neos8_ds_qaoa_R0002_R0003_0003.json
[input] n_int=8 n_bin=24 n_constr=2
[input] A=[[1, 1, 0, 1, 1, 1, 1, 0], [0, 0, 1, 1, 1, 0, 0, 1]] b=[1, 1] c=[-2300, -2200, -2450, -2600, -2700, -1500, 0, 0]
[encoding]
  C0005 = C0005_b0 + 2*C0005_b1 + 4*C0005_b2
  C0006 = C0006_b0 + 2*C0006_b1 + 4*C0006_b2
  C0009 = C0009_b0 + 2*C0009_b1 + 4*C0009_b2
  C0013 = C0013_b0 + 2*C0013_b1 + 4*C0013_b2
  C0014 = C0014_b0 + 2*C0014_b1 + 4*C0014_b2
  C0017 = C0017_b0 + 2*C0017_b1 + 4*C0017_b2
  row_slack_R0002 = row_slack_R0002_b0 + 2*row_slack_R0002_b1 + 4*row_slack_R0002_b2
  row_slack_R0003 = row_slack_R0003_b0 + 2*row_slack_R0003_b1 + 4*row_slack_R0003_b2
[expanded] A_binary=[[1, 2, 4, 1, 2, 4, 0, 0, 0, 1, 2, 4, 1, 2, 4, 1, 2, 4, 1, 2, 4, 0, 0, 0], [0, 0, 0, 0, 0, 0, 1, 2, 4, 1, 2, 4, 1, 2, 4, 0, 0, 0, 0, 0, 0, 1, 2, 4]] b=[1, 1]
[expanded] lin_constr_mtx=[[1, 2, 4, 1, 2, 4, 0, 0, 0, 1, 2, 4, 1, 2, 4, 1, 2, 4, 1, 2, 4, 0, 0, 0, 1], [0, 0, 0, 0, 0, 0, 1, 2, 4, 1, 2, 4, 1, 2, 4, 0, 0, 0, 0, 0, 0, 1, 2, 4, 1]]
Set parameter Username
[classical] objective=-0.0 solution={'C0005': 0, 'C0006': 0, 'C0009': 0, 'C0013': 0, 'C0014': 0, 'C0017': 0, 'row_slack_R0002': 1, 'row_slack_R0003': 1}
[circuit] metrics=[452, 50, 218, 462]
[solve] start
[solve] states=[[0, 0, 0, 0, 0, 0, 0, 0, 0, 0, 0, 0, 0, 0, 0, 1, 0, 0, 1, 0, 0, 1, 0, 0]]
[solve] probs=[1.0]
[choco-best] objective=0.0 probability=1.0 solution={'C0006': 0, 'C0009': 0, 'C0013': 0, 'C0014': 0, 'C0017': 0, 'row_slack_R0001': 1, 'row_slack_R0002': 1, 'row_slack_R0003': 1}
[parallel 19/274] path=data/miplib_benders/qaoa_problems/nvars_08/neos8_ds_qaoa_R0001_R0002_R0003_0004.json status=ok wall=942.6264730769908 peak_mb=426.484375 choco_obj=0.0
[problem] neos8_ds_qaoa_R0002_R0003_0004 path=data/miplib_benders/qaoa_problems/nvars_08/neos8_ds_qaoa_R0002_R0003_0004.json
[input] n_int=8 n_bin=24 n_constr=2
[input] A=[[1, 0, 1, 1, 1, 1, 1, 0], [0, 1, 1, 1, 0, 0, 0, 1]] b=[1, 1] c=[-2200, -2450, -2600, -2700, -1500, -1400, 0, 0]
[encoding]
  C0006 = C0006_b0 + 2*C0006_b1 + 4*C0006_b2
  C0009 = C0009_b0 + 2*C0009_b1 + 4*C0009_b2
  C0013 = C0013_b0 + 2*C0013_b1 + 4*C0013_b2
  C0014 = C0014_b0 + 2*C0014_b1 + 4*C0014_b2
  C0017 = C0017_b0 + 2*C0017_b1 + 4*C0017_b2
  C0018 = C0018_b0 + 2*C0018_b1 + 4*C0018_b2
  row_slack_R0002 = row_slack_R0002_b0 + 2*row_slack_R0002_b1 + 4*row_slack_R0002_b2
  row_slack_R0003 = row_slack_R0003_b0 + 2*row_slack_R0003_b1 + 4*row_slack_R0003_b2
[expanded] A_binary=[[1, 2, 4, 0, 0, 0, 1, 2, 4, 1, 2, 4, 1, 2, 4, 1, 2, 4, 1, 2, 4, 0, 0, 0], [0, 0, 0, 1, 2, 4, 1, 2, 4, 1, 2, 4, 0, 0, 0, 0, 0, 0, 0, 0, 0, 1, 2, 4]] b=[1, 1]
[expanded] lin_constr_mtx=[[1, 2, 4, 0, 0, 0, 1, 2, 4, 1, 2, 4, 1, 2, 4, 1, 2, 4, 1, 2, 4, 0, 0, 0, 1], [0, 0, 0, 1, 2, 4, 1, 2, 4, 1, 2, 4, 0, 0, 0, 0, 0, 0, 0, 0, 0, 1, 2, 4, 1]]
Set parameter Username
[classical] objective=-0.0 solution={'C0006': 0, 'C0009': 0, 'C0013': 0, 'C0014': 0, 'C0017': 0, 'C0018': 0, 'row_slack_R0002': 1, 'row_slack_R0003': 1}
[circuit] metrics=[452, 50, 218, 462]
[solve] start
[solve] states=[[0, 0, 0, 0, 0, 0, 0, 1, 0, 0, 0, 0, 0, 0, 0, 0, 0, 0, 1, 1, 0, 0, 1, 1]]
[solve] probs=[1.0]
[choco-best] objective=6.0 probability=1.0 solution={'C0003539': 0, 'C0003540': 0, 'C0003541': 2, 'C0003572': 0, 'C0003573': 0, 'C0003574': 0, 'row_slack_R0000042': 3, 'row_slack_R0000043': 6}
[parallel 20/274] path=data/miplib_benders/qaoa_problems/nvars_08/leo1_ds_qaoa_R0000042_R0000043_0003.json status=ok wall=1404.0164378799964 peak_mb=408.68359375 choco_obj=6.0
[problem] neos8_ds_qaoa_R0002_R0003_R0004_0001 path=data/miplib_benders/qaoa_problems/nvars_08/neos8_ds_qaoa_R0002_R0003_R0004_0001.json
[input] n_int=8 n_bin=24 n_constr=3
[input] A=[[1, 1, 1, 1, 0, 1, 0, 0], [1, 1, 0, 0, 1, 0, 1, 0], [0, 0, 1, 1, 1, 0, 0, 1]] b=[1, 1, 1] c=[-2000, -1900, -2300, -2200, -2450, 0, 0, 0]
[encoding]
  C0001 = C0001_b0 + 2*C0001_b1 + 4*C0001_b2
  C0002 = C0002_b0 + 2*C0002_b1 + 4*C0002_b2
  C0005 = C0005_b0 + 2*C0005_b1 + 4*C0005_b2
  C0006 = C0006_b0 + 2*C0006_b1 + 4*C0006_b2
  C0009 = C0009_b0 + 2*C0009_b1 + 4*C0009_b2
  row_slack_R0002 = row_slack_R0002_b0 + 2*row_slack_R0002_b1 + 4*row_slack_R0002_b2
  row_slack_R0003 = row_slack_R0003_b0 + 2*row_slack_R0003_b1 + 4*row_slack_R0003_b2
  row_slack_R0004 = row_slack_R0004_b0 + 2*row_slack_R0004_b1 + 4*row_slack_R0004_b2
[expanded] A_binary=[[1, 2, 4, 1, 2, 4, 1, 2, 4, 1, 2, 4, 0, 0, 0, 1, 2, 4, 0, 0, 0, 0, 0, 0], [1, 2, 4, 1, 2, 4, 0, 0, 0, 0, 0, 0, 1, 2, 4, 0, 0, 0, 1, 2, 4, 0, 0, 0], [0, 0, 0, 0, 0, 0, 1, 2, 4, 1, 2, 4, 1, 2, 4, 0, 0, 0, 0, 0, 0, 1, 2, 4]] b=[1, 1, 1]
[expanded] lin_constr_mtx=[[1, 2, 4, 1, 2, 4, 1, 2, 4, 1, 2, 4, 0, 0, 0, 1, 2, 4, 0, 0, 0, 0, 0, 0, 1], [1, 2, 4, 1, 2, 4, 0, 0, 0, 0, 0, 0, 1, 2, 4, 0, 0, 0, 1, 2, 4, 0, 0, 0, 1], [0, 0, 0, 0, 0, 0, 1, 2, 4, 1, 2, 4, 1, 2, 4, 0, 0, 0, 0, 0, 0, 1, 2, 4, 1]]
Set parameter Username
[classical] objective=-0.0 solution={'C0001': 0, 'C0002': 0, 'C0005': 0, 'C0006': 0, 'C0009': 0, 'row_slack_R0002': 1, 'row_slack_R0003': 1, 'row_slack_R0004': 1}
[circuit] metrics=[622, 50, 263, 665]
[solve] start
[solve] states=[[0, 0, 0, 0, 0, 0, 0, 0, 0, 0, 0, 0, 0, 0, 0, 0, 0, 0, 1, 0, 0, 1, 0, 0]]
[solve] probs=[1.0]
[choco-best] objective=0.0 probability=1.0 solution={'C0006': 0, 'C0009': 0, 'C0013': 0, 'C0014': 0, 'C0017': 0, 'C0018': 0, 'row_slack_R0002': 1, 'row_slack_R0003': 1}
[parallel 21/274] path=data/miplib_benders/qaoa_problems/nvars_08/neos8_ds_qaoa_R0002_R0003_0004.json status=ok wall=476.5861773379147 peak_mb=411.6953125 choco_obj=0.0
[problem] neos8_ds_qaoa_R0002_R0003_R0004_0002 path=data/miplib_benders/qaoa_problems/nvars_08/neos8_ds_qaoa_R0002_R0003_R0004_0002.json
[input] n_int=8 n_bin=24 n_constr=3
[input] A=[[1, 1, 1, 0, 1, 1, 0, 0], [1, 0, 0, 1, 1, 0, 1, 0], [0, 1, 1, 1, 1, 0, 0, 1]] b=[1, 1, 1] c=[-1900, -2300, -2200, -2450, -2600, 0, 0, 0]
[encoding]
  C0002 = C0002_b0 + 2*C0002_b1 + 4*C0002_b2
  C0005 = C0005_b0 + 2*C0005_b1 + 4*C0005_b2
  C0006 = C0006_b0 + 2*C0006_b1 + 4*C0006_b2
  C0009 = C0009_b0 + 2*C0009_b1 + 4*C0009_b2
  C0013 = C0013_b0 + 2*C0013_b1 + 4*C0013_b2
  row_slack_R0002 = row_slack_R0002_b0 + 2*row_slack_R0002_b1 + 4*row_slack_R0002_b2
  row_slack_R0003 = row_slack_R0003_b0 + 2*row_slack_R0003_b1 + 4*row_slack_R0003_b2
  row_slack_R0004 = row_slack_R0004_b0 + 2*row_slack_R0004_b1 + 4*row_slack_R0004_b2
[expanded] A_binary=[[1, 2, 4, 1, 2, 4, 1, 2, 4, 0, 0, 0, 1, 2, 4, 1, 2, 4, 0, 0, 0, 0, 0, 0], [1, 2, 4, 0, 0, 0, 0, 0, 0, 1, 2, 4, 1, 2, 4, 0, 0, 0, 1, 2, 4, 0, 0, 0], [0, 0, 0, 1, 2, 4, 1, 2, 4, 1, 2, 4, 1, 2, 4, 0, 0, 0, 0, 0, 0, 1, 2, 4]] b=[1, 1, 1]
[expanded] lin_constr_mtx=[[1, 2, 4, 1, 2, 4, 1, 2, 4, 0, 0, 0, 1, 2, 4, 1, 2, 4, 0, 0, 0, 0, 0, 0, 1], [1, 2, 4, 0, 0, 0, 0, 0, 0, 1, 2, 4, 1, 2, 4, 0, 0, 0, 1, 2, 4, 0, 0, 0, 1], [0, 0, 0, 1, 2, 4, 1, 2, 4, 1, 2, 4, 1, 2, 4, 0, 0, 0, 0, 0, 0, 1, 2, 4, 1]]
Set parameter Username
[classical] objective=-0.0 solution={'C0002': 0, 'C0005': 0, 'C0006': 0, 'C0009': 0, 'C0013': 0, 'row_slack_R0002': 1, 'row_slack_R0003': 1, 'row_slack_R0004': 1}
[circuit] metrics=[789, 50, 333, 791]
[solve] start
[solve] states=[[0, 0, 0, 0, 0, 0, 0, 0, 0, 0, 0, 0, 0, 0, 0, 1, 0, 0, 1, 0, 0, 1, 0, 0], [0, 0, 0, 1, 0, 1, 0, 0, 0, 0, 0, 0, 0, 0, 0, 1, 0, 0, 1, 0, 0, 1, 0, 0]]
[solve] probs=[0.99609375, 0.00390625]
[choco-best] objective=0.0 probability=0.99609375 solution={'C0009': 0, 'C0013': 0, 'C0014': 0, 'C0017': 0, 'C0018': 0, 'row_slack_R0001': 1, 'row_slack_R0002': 1, 'row_slack_R0003': 1}
[parallel 22/274] path=data/miplib_benders/qaoa_problems/nvars_08/neos8_ds_qaoa_R0001_R0002_R0003_0005.json status=ok wall=1286.0764455790631 peak_mb=425.625 choco_obj=0.0
[problem] neos8_ds_qaoa_R0002_R0003_R0004_0004 path=data/miplib_benders/qaoa_problems/nvars_08/neos8_ds_qaoa_R0002_R0003_R0004_0004.json
[input] n_int=8 n_bin=24 n_constr=3
[input] A=[[1, 0, 1, 1, 1, 1, 0, 0], [0, 1, 1, 1, 0, 0, 1, 0], [1, 1, 1, 1, 0, 0, 0, 1]] b=[1, 1, 1] c=[-2200, -2450, -2600, -2700, -1500, 0, 0, 0]
[encoding]
  C0006 = C0006_b0 + 2*C0006_b1 + 4*C0006_b2
  C0009 = C0009_b0 + 2*C0009_b1 + 4*C0009_b2
  C0013 = C0013_b0 + 2*C0013_b1 + 4*C0013_b2
  C0014 = C0014_b0 + 2*C0014_b1 + 4*C0014_b2
  C0017 = C0017_b0 + 2*C0017_b1 + 4*C0017_b2
  row_slack_R0002 = row_slack_R0002_b0 + 2*row_slack_R0002_b1 + 4*row_slack_R0002_b2
  row_slack_R0003 = row_slack_R0003_b0 + 2*row_slack_R0003_b1 + 4*row_slack_R0003_b2
  row_slack_R0004 = row_slack_R0004_b0 + 2*row_slack_R0004_b1 + 4*row_slack_R0004_b2
[expanded] A_binary=[[1, 2, 4, 0, 0, 0, 1, 2, 4, 1, 2, 4, 1, 2, 4, 1, 2, 4, 0, 0, 0, 0, 0, 0], [0, 0, 0, 1, 2, 4, 1, 2, 4, 1, 2, 4, 0, 0, 0, 0, 0, 0, 1, 2, 4, 0, 0, 0], [1, 2, 4, 1, 2, 4, 1, 2, 4, 1, 2, 4, 0, 0, 0, 0, 0, 0, 0, 0, 0, 1, 2, 4]] b=[1, 1, 1]
[expanded] lin_constr_mtx=[[1, 2, 4, 0, 0, 0, 1, 2, 4, 1, 2, 4, 1, 2, 4, 1, 2, 4, 0, 0, 0, 0, 0, 0, 1], [0, 0, 0, 1, 2, 4, 1, 2, 4, 1, 2, 4, 0, 0, 0, 0, 0, 0, 1, 2, 4, 0, 0, 0, 1], [1, 2, 4, 1, 2, 4, 1, 2, 4, 1, 2, 4, 0, 0, 0, 0, 0, 0, 0, 0, 0, 1, 2, 4, 1]]
Set parameter Username
[classical] objective=-0.0 solution={'C0006': 0, 'C0009': 0, 'C0013': 0, 'C0014': 0, 'C0017': 0, 'row_slack_R0002': 1, 'row_slack_R0003': 1, 'row_slack_R0004': 1}
[circuit] metrics=[771, 50, 361, 749]
[solve] start
[solve] states=[[0, 0, 0, 0, 0, 0, 0, 0, 0, 0, 0, 0, 0, 0, 0, 0, 0, 0, 1, 0, 0, 1, 0, 0]]
[solve] probs=[1.0]
[choco-best] objective=0.0 probability=1.0 solution={'C0005': 0, 'C0006': 0, 'C0009': 0, 'C0013': 0, 'C0014': 0, 'C0017': 0, 'row_slack_R0002': 1, 'row_slack_R0003': 1}
[parallel 23/274] path=data/miplib_benders/qaoa_problems/nvars_08/neos8_ds_qaoa_R0002_R0003_0003.json status=ok wall=836.9916387259727 peak_mb=411.93359375 choco_obj=0.0
[problem] neos8_ds_qaoa_R0003_R0004_R0065_0002 path=data/miplib_benders/qaoa_problems/nvars_08/neos8_ds_qaoa_R0003_R0004_R0065_0002.json
[input] n_int=8 n_bin=24 n_constr=3
[input] A=[[1, 0, 0, 1, 1, 1, 0, 0], [0, 1, 1, 1, 1, 0, 1, 0], [3, 3, 3, 3, 0, 0, 0, 1]] b=[1, 1, 0] c=[-1900, -2300, -2200, -2450, -2600, 0, 0, 0]
[encoding]
  C0002 = C0002_b0 + 2*C0002_b1 + 4*C0002_b2
  C0005 = C0005_b0 + 2*C0005_b1 + 4*C0005_b2
  C0006 = C0006_b0 + 2*C0006_b1 + 4*C0006_b2
  C0009 = C0009_b0 + 2*C0009_b1 + 4*C0009_b2
  C0013 = C0013_b0 + 2*C0013_b1 + 4*C0013_b2
  row_slack_R0003 = row_slack_R0003_b0 + 2*row_slack_R0003_b1 + 4*row_slack_R0003_b2
  row_slack_R0004 = row_slack_R0004_b0 + 2*row_slack_R0004_b1 + 4*row_slack_R0004_b2
  row_slack_R0065 = row_slack_R0065_b0 + 2*row_slack_R0065_b1 + 4*row_slack_R0065_b2
[expanded] A_binary=[[1, 2, 4, 0, 0, 0, 0, 0, 0, 1, 2, 4, 1, 2, 4, 1, 2, 4, 0, 0, 0, 0, 0, 0], [0, 0, 0, 1, 2, 4, 1, 2, 4, 1, 2, 4, 1, 2, 4, 0, 0, 0, 1, 2, 4, 0, 0, 0], [3, 6, 12, 3, 6, 12, 3, 6, 12, 3, 6, 12, 0, 0, 0, 0, 0, 0, 0, 0, 0, 1, 2, 4]] b=[1, 1, 0]
[expanded] lin_constr_mtx=[[1, 2, 4, 0, 0, 0, 0, 0, 0, 1, 2, 4, 1, 2, 4, 1, 2, 4, 0, 0, 0, 0, 0, 0, 1], [0, 0, 0, 1, 2, 4, 1, 2, 4, 1, 2, 4, 1, 2, 4, 0, 0, 0, 1, 2, 4, 0, 0, 0, 1], [3, 6, 12, 3, 6, 12, 3, 6, 12, 3, 6, 12, 0, 0, 0, 0, 0, 0, 0, 0, 0, 1, 2, 4, 0]]
Set parameter Username
[classical] objective=-0.0 solution={'C0002': 0, 'C0005': 0, 'C0006': 0, 'C0009': 0, 'C0013': 0, 'row_slack_R0003': 1, 'row_slack_R0004': 1, 'row_slack_R0065': 0}
[circuit] metrics=[708, 50, 324, 701]
[solve] start
[solve] states=[[0, 0, 0, 0, 0, 0, 0, 0, 0, 0, 0, 0, 0, 0, 0, 1, 0, 0, 1, 0, 0, 1, 0, 0]]
[solve] probs=[1.0]
[choco-best] objective=0.0 probability=1.0 solution={'C0006': 0, 'C0009': 0, 'C0013': 0, 'C0014': 0, 'C0017': 0, 'row_slack_R0002': 1, 'row_slack_R0003': 1, 'row_slack_R0004': 1}
[parallel 24/274] path=data/miplib_benders/qaoa_problems/nvars_08/neos8_ds_qaoa_R0002_R0003_R0004_0004.json status=ok wall=703.3537434110185 peak_mb=426.73828125 choco_obj=0.0
[problem] neos8_ds_qaoa_R0003_R0004_R0065_0003 path=data/miplib_benders/qaoa_problems/nvars_08/neos8_ds_qaoa_R0003_R0004_R0065_0003.json
[input] n_int=8 n_bin=24 n_constr=3
[input] A=[[0, 0, 1, 1, 1, 1, 0, 0], [1, 1, 1, 1, 1, 0, 1, 0], [3, 3, 3, 0, 0, 0, 0, 1]] b=[1, 1, 0] c=[-2300, -2200, -2450, -2600, -2700, 0, 0, 0]
[encoding]
  C0005 = C0005_b0 + 2*C0005_b1 + 4*C0005_b2
  C0006 = C0006_b0 + 2*C0006_b1 + 4*C0006_b2
  C0009 = C0009_b0 + 2*C0009_b1 + 4*C0009_b2
  C0013 = C0013_b0 + 2*C0013_b1 + 4*C0013_b2
  C0014 = C0014_b0 + 2*C0014_b1 + 4*C0014_b2
  row_slack_R0003 = row_slack_R0003_b0 + 2*row_slack_R0003_b1 + 4*row_slack_R0003_b2
  row_slack_R0004 = row_slack_R0004_b0 + 2*row_slack_R0004_b1 + 4*row_slack_R0004_b2
  row_slack_R0065 = row_slack_R0065_b0 + 2*row_slack_R0065_b1 + 4*row_slack_R0065_b2
[expanded] A_binary=[[0, 0, 0, 0, 0, 0, 1, 2, 4, 1, 2, 4, 1, 2, 4, 1, 2, 4, 0, 0, 0, 0, 0, 0], [1, 2, 4, 1, 2, 4, 1, 2, 4, 1, 2, 4, 1, 2, 4, 0, 0, 0, 1, 2, 4, 0, 0, 0], [3, 6, 12, 3, 6, 12, 3, 6, 12, 0, 0, 0, 0, 0, 0, 0, 0, 0, 0, 0, 0, 1, 2, 4]] b=[1, 1, 0]
[expanded] lin_constr_mtx=[[0, 0, 0, 0, 0, 0, 1, 2, 4, 1, 2, 4, 1, 2, 4, 1, 2, 4, 0, 0, 0, 0, 0, 0, 1], [1, 2, 4, 1, 2, 4, 1, 2, 4, 1, 2, 4, 1, 2, 4, 0, 0, 0, 1, 2, 4, 0, 0, 0, 1], [3, 6, 12, 3, 6, 12, 3, 6, 12, 0, 0, 0, 0, 0, 0, 0, 0, 0, 0, 0, 0, 1, 2, 4, 0]]
Set parameter Username
[classical] objective=-0.0 solution={'C0005': 0, 'C0006': 0, 'C0009': 0, 'C0013': 0, 'C0014': 0, 'row_slack_R0003': 1, 'row_slack_R0004': 1, 'row_slack_R0065': 0}
[circuit] metrics=[519, 50, 234, 571]
[solve] start
[solve] states=[[0, 0, 0, 0, 0, 0, 0, 0, 0, 0, 0, 0, 0, 0, 0, 1, 0, 0, 1, 0, 0, 1, 0, 0]]
[solve] probs=[1.0]
[choco-best] objective=0.0 probability=1.0 solution={'C0002': 0, 'C0005': 0, 'C0006': 0, 'C0009': 0, 'C0013': 0, 'row_slack_R0002': 1, 'row_slack_R0003': 1, 'row_slack_R0004': 1}
[parallel 25/274] path=data/miplib_benders/qaoa_problems/nvars_08/neos8_ds_qaoa_R0002_R0003_R0004_0002.json status=ok wall=764.0415317119332 peak_mb=426.70703125 choco_obj=0.0
[problem] neos8_ds_qaoa_R0003_R0004_R0065_0004 path=data/miplib_benders/qaoa_problems/nvars_08/neos8_ds_qaoa_R0003_R0004_R0065_0004.json
[input] n_int=8 n_bin=24 n_constr=3
[input] A=[[0, 1, 1, 1, 0, 1, 0, 0], [1, 1, 1, 1, 0, 0, 1, 0], [3, 3, 0, 0, 3, 0, 0, 1]] b=[1, 1, 0] c=[-2200, -2450, -2600, -2700, -1500, 0, 0, 0]
[encoding]
  C0006 = C0006_b0 + 2*C0006_b1 + 4*C0006_b2
  C0009 = C0009_b0 + 2*C0009_b1 + 4*C0009_b2
  C0013 = C0013_b0 + 2*C0013_b1 + 4*C0013_b2
  C0014 = C0014_b0 + 2*C0014_b1 + 4*C0014_b2
  C0017 = C0017_b0 + 2*C0017_b1 + 4*C0017_b2
  row_slack_R0003 = row_slack_R0003_b0 + 2*row_slack_R0003_b1 + 4*row_slack_R0003_b2
  row_slack_R0004 = row_slack_R0004_b0 + 2*row_slack_R0004_b1 + 4*row_slack_R0004_b2
  row_slack_R0065 = row_slack_R0065_b0 + 2*row_slack_R0065_b1 + 4*row_slack_R0065_b2
[expanded] A_binary=[[0, 0, 0, 1, 2, 4, 1, 2, 4, 1, 2, 4, 0, 0, 0, 1, 2, 4, 0, 0, 0, 0, 0, 0], [1, 2, 4, 1, 2, 4, 1, 2, 4, 1, 2, 4, 0, 0, 0, 0, 0, 0, 1, 2, 4, 0, 0, 0], [3, 6, 12, 3, 6, 12, 0, 0, 0, 0, 0, 0, 3, 6, 12, 0, 0, 0, 0, 0, 0, 1, 2, 4]] b=[1, 1, 0]
[expanded] lin_constr_mtx=[[0, 0, 0, 1, 2, 4, 1, 2, 4, 1, 2, 4, 0, 0, 0, 1, 2, 4, 0, 0, 0, 0, 0, 0, 1], [1, 2, 4, 1, 2, 4, 1, 2, 4, 1, 2, 4, 0, 0, 0, 0, 0, 0, 1, 2, 4, 0, 0, 0, 1], [3, 6, 12, 3, 6, 12, 0, 0, 0, 0, 0, 0, 3, 6, 12, 0, 0, 0, 0, 0, 0, 1, 2, 4, 0]]
Set parameter Username
[classical] objective=-0.0 solution={'C0006': 0, 'C0009': 0, 'C0013': 0, 'C0014': 0, 'C0017': 0, 'row_slack_R0003': 1, 'row_slack_R0004': 1, 'row_slack_R0065': 0}
[circuit] metrics=[672, 50, 311, 672]
[solve] start
[solve] states=[[0, 0, 0, 0, 0, 0, 0, 0, 0, 0, 0, 0, 0, 0, 0, 1, 0, 0, 1, 0, 0, 0, 0, 0]]
[solve] probs=[1.0]
[choco-best] objective=0.0 probability=1.0 solution={'C0002': 0, 'C0005': 0, 'C0006': 0, 'C0009': 0, 'C0013': 0, 'row_slack_R0003': 1, 'row_slack_R0004': 1, 'row_slack_R0065': 0}
[parallel 26/274] path=data/miplib_benders/qaoa_problems/nvars_08/neos8_ds_qaoa_R0003_R0004_R0065_0002.json status=ok wall=839.5750253050355 peak_mb=426.890625 choco_obj=0.0
[problem] neos8_ds_qaoa_R0004_R0065_0002 path=data/miplib_benders/qaoa_problems/nvars_08/neos8_ds_qaoa_R0004_R0065_0002.json
[input] n_int=8 n_bin=24 n_constr=2
[input] A=[[0, 1, 1, 1, 1, 1, 1, 0], [3, 3, 3, 3, 0, 0, 0, 1]] b=[1, 0] c=[-1900, -2300, -2200, -2450, -2600, -2700, 0, 0]
[encoding]
  C0002 = C0002_b0 + 2*C0002_b1 + 4*C0002_b2
  C0005 = C0005_b0 + 2*C0005_b1 + 4*C0005_b2
  C0006 = C0006_b0 + 2*C0006_b1 + 4*C0006_b2
  C0009 = C0009_b0 + 2*C0009_b1 + 4*C0009_b2
  C0013 = C0013_b0 + 2*C0013_b1 + 4*C0013_b2
  C0014 = C0014_b0 + 2*C0014_b1 + 4*C0014_b2
  row_slack_R0004 = row_slack_R0004_b0 + 2*row_slack_R0004_b1 + 4*row_slack_R0004_b2
  row_slack_R0065 = row_slack_R0065_b0 + 2*row_slack_R0065_b1 + 4*row_slack_R0065_b2
[expanded] A_binary=[[0, 0, 0, 1, 2, 4, 1, 2, 4, 1, 2, 4, 1, 2, 4, 1, 2, 4, 1, 2, 4, 0, 0, 0], [3, 6, 12, 3, 6, 12, 3, 6, 12, 3, 6, 12, 0, 0, 0, 0, 0, 0, 0, 0, 0, 1, 2, 4]] b=[1, 0]
[expanded] lin_constr_mtx=[[0, 0, 0, 1, 2, 4, 1, 2, 4, 1, 2, 4, 1, 2, 4, 1, 2, 4, 1, 2, 4, 0, 0, 0, 1], [3, 6, 12, 3, 6, 12, 3, 6, 12, 3, 6, 12, 0, 0, 0, 0, 0, 0, 0, 0, 0, 1, 2, 4, 0]]
Set parameter Username
[classical] objective=-0.0 solution={'C0002': 0, 'C0005': 0, 'C0006': 0, 'C0009': 0, 'C0013': 0, 'C0014': 0, 'row_slack_R0004': 1, 'row_slack_R0065': 0}
[circuit] metrics=[575, 50, 281, 556]
[solve] start
[solve] states=[[0, 0, 0, 0, 0, 0, 0, 0, 0, 0, 0, 0, 0, 0, 0, 1, 0, 0, 1, 0, 0, 1, 0, 0], [0, 0, 0, 0, 0, 0, 1, 0, 0, 0, 0, 0, 0, 0, 0, 0, 0, 0, 1, 0, 0, 1, 0, 0]]
[solve] probs=[0.99609375, 0.00390625]
[choco-best] objective=0.0 probability=0.99609375 solution={'C0001': 0, 'C0002': 0, 'C0005': 0, 'C0006': 0, 'C0009': 0, 'row_slack_R0002': 1, 'row_slack_R0003': 1, 'row_slack_R0004': 1}
[parallel 27/274] path=data/miplib_benders/qaoa_problems/nvars_08/neos8_ds_qaoa_R0002_R0003_R0004_0001.json status=ok wall=1295.4527516789967 peak_mb=424.20703125 choco_obj=0.0
[problem] neos8_ds_qaoa_R0004_R0065_0008 path=data/miplib_benders/qaoa_problems/nvars_08/neos8_ds_qaoa_R0004_R0065_0008.json
[input] n_int=8 n_bin=24 n_constr=2
[input] A=[[0, 0, 0, 1, 1, 1, 1, 0], [3, 3, 3, 0, 0, 3, 0, 1]] b=[1, 0] c=[-1500, -1400, -1600, -1500, -1500, -1450, 0, 0]
[encoding]
  C0017 = C0017_b0 + 2*C0017_b1 + 4*C0017_b2
  C0018 = C0018_b0 + 2*C0018_b1 + 4*C0018_b2
  C0022 = C0022_b0 + 2*C0022_b1 + 4*C0022_b2
  C0023 = C0023_b0 + 2*C0023_b1 + 4*C0023_b2
  C0024 = C0024_b0 + 2*C0024_b1 + 4*C0024_b2
  C0025 = C0025_b0 + 2*C0025_b1 + 4*C0025_b2
  row_slack_R0004 = row_slack_R0004_b0 + 2*row_slack_R0004_b1 + 4*row_slack_R0004_b2
  row_slack_R0065 = row_slack_R0065_b0 + 2*row_slack_R0065_b1 + 4*row_slack_R0065_b2
[expanded] A_binary=[[0, 0, 0, 0, 0, 0, 0, 0, 0, 1, 2, 4, 1, 2, 4, 1, 2, 4, 1, 2, 4, 0, 0, 0], [3, 6, 12, 3, 6, 12, 3, 6, 12, 0, 0, 0, 0, 0, 0, 3, 6, 12, 0, 0, 0, 1, 2, 4]] b=[1, 0]
[expanded] lin_constr_mtx=[[0, 0, 0, 0, 0, 0, 0, 0, 0, 1, 2, 4, 1, 2, 4, 1, 2, 4, 1, 2, 4, 0, 0, 0, 1], [3, 6, 12, 3, 6, 12, 3, 6, 12, 0, 0, 0, 0, 0, 0, 3, 6, 12, 0, 0, 0, 1, 2, 4, 0]]
Set parameter Username
[classical] objective=-0.0 solution={'C0017': 0, 'C0018': 0, 'C0022': 0, 'C0023': 0, 'C0024': 0, 'C0025': 0, 'row_slack_R0004': 1, 'row_slack_R0065': 0}
[circuit] metrics=[302, 50, 143, 352]
[solve] start
[solve] states=[[0, 0, 0, 0, 0, 0, 0, 0, 0, 0, 0, 0, 0, 0, 0, 1, 0, 0, 1, 0, 0, 0, 0, 0]]
[solve] probs=[1.0]
[choco-best] objective=0.0 probability=1.0 solution={'C0006': 0, 'C0009': 0, 'C0013': 0, 'C0014': 0, 'C0017': 0, 'row_slack_R0003': 1, 'row_slack_R0004': 1, 'row_slack_R0065': 0}
[parallel 28/274] path=data/miplib_benders/qaoa_problems/nvars_08/neos8_ds_qaoa_R0003_R0004_R0065_0004.json status=ok wall=848.1108006410068 peak_mb=426.58984375 choco_obj=0.0
[problem] neos8_ds_qaoa_R0004_R0065_0009 path=data/miplib_benders/qaoa_problems/nvars_08/neos8_ds_qaoa_R0004_R0065_0009.json
[input] n_int=8 n_bin=24 n_constr=2
[input] A=[[0, 0, 1, 1, 1, 1, 1, 0], [3, 3, 0, 0, 3, 3, 0, 1]] b=[1, 0] c=[-1400, -1600, -1500, -1500, -1450, -1850, 0, 0]
[encoding]
  C0018 = C0018_b0 + 2*C0018_b1 + 4*C0018_b2
  C0022 = C0022_b0 + 2*C0022_b1 + 4*C0022_b2
  C0023 = C0023_b0 + 2*C0023_b1 + 4*C0023_b2
  C0024 = C0024_b0 + 2*C0024_b1 + 4*C0024_b2
  C0025 = C0025_b0 + 2*C0025_b1 + 4*C0025_b2
  C0026 = C0026_b0 + 2*C0026_b1 + 4*C0026_b2
  row_slack_R0004 = row_slack_R0004_b0 + 2*row_slack_R0004_b1 + 4*row_slack_R0004_b2
  row_slack_R0065 = row_slack_R0065_b0 + 2*row_slack_R0065_b1 + 4*row_slack_R0065_b2
[expanded] A_binary=[[0, 0, 0, 0, 0, 0, 1, 2, 4, 1, 2, 4, 1, 2, 4, 1, 2, 4, 1, 2, 4, 0, 0, 0], [3, 6, 12, 3, 6, 12, 0, 0, 0, 0, 0, 0, 3, 6, 12, 3, 6, 12, 0, 0, 0, 1, 2, 4]] b=[1, 0]
[expanded] lin_constr_mtx=[[0, 0, 0, 0, 0, 0, 1, 2, 4, 1, 2, 4, 1, 2, 4, 1, 2, 4, 1, 2, 4, 0, 0, 0, 1], [3, 6, 12, 3, 6, 12, 0, 0, 0, 0, 0, 0, 3, 6, 12, 3, 6, 12, 0, 0, 0, 1, 2, 4, 0]]
Set parameter Username
[classical] objective=-0.0 solution={'C0018': 0, 'C0022': 0, 'C0023': 0, 'C0024': 0, 'C0025': 0, 'C0026': 0, 'row_slack_R0004': 1, 'row_slack_R0065': 0}
[circuit] metrics=[412, 50, 200, 451]
[solve] start
[solve] states=[[0, 0, 0, 0, 0, 0, 0, 0, 0, 0, 0, 0, 0, 0, 0, 1, 0, 0, 1, 0, 0, 0, 0, 0]]
[solve] probs=[1.0]
[choco-best] objective=0.0 probability=1.0 solution={'C0005': 0, 'C0006': 0, 'C0009': 0, 'C0013': 0, 'C0014': 0, 'row_slack_R0003': 1, 'row_slack_R0004': 1, 'row_slack_R0065': 0}
[parallel 29/274] path=data/miplib_benders/qaoa_problems/nvars_08/neos8_ds_qaoa_R0003_R0004_R0065_0003.json status=ok wall=1026.1673377819825 peak_mb=423.89453125 choco_obj=0.0
[problem] supportcase6_ds_qaoa_c539_c722_0007 path=data/miplib_benders/qaoa_problems/nvars_08/supportcase6_ds_qaoa_c539_c722_0007.json
[input] n_int=8 n_bin=24 n_constr=2
[input] A=[[0, 0, 0, 0, 0, -1, -1, -1], [1, 1, 1, 1, 1, 1, 1, 1]] b=[0, 1] c=[150892000, 134333000, 145944000, 144887000, 151847000, 150892000, 134333000, 145944000]
[encoding]
  B101029(7) = B101029_7__b0 + 2*B101029_7__b1 + 4*B101029_7__b2
  B101035(7) = B101035_7__b0 + 2*B101035_7__b1 + 4*B101035_7__b2
  B101037(7) = B101037_7__b0 + 2*B101037_7__b1 + 4*B101037_7__b2
  B101043(7) = B101043_7__b0 + 2*B101043_7__b1 + 4*B101043_7__b2
  B101058(7) = B101058_7__b0 + 2*B101058_7__b1 + 4*B101058_7__b2
  B101479(7) = B101479_7__b0 + 2*B101479_7__b1 + 4*B101479_7__b2
  B101485(7) = B101485_7__b0 + 2*B101485_7__b1 + 4*B101485_7__b2
  B101487(7) = B101487_7__b0 + 2*B101487_7__b1 + 4*B101487_7__b2
[expanded] A_binary=[[0, 0, 0, 0, 0, 0, 0, 0, 0, 0, 0, 0, 0, 0, 0, -1, -2, -4, -1, -2, -4, -1, -2, -4], [1, 2, 4, 1, 2, 4, 1, 2, 4, 1, 2, 4, 1, 2, 4, 1, 2, 4, 1, 2, 4, 1, 2, 4]] b=[0, 1]
[expanded] lin_constr_mtx=[[0, 0, 0, 0, 0, 0, 0, 0, 0, 0, 0, 0, 0, 0, 0, -1, -2, -4, -1, -2, -4, -1, -2, -4, 0], [1, 2, 4, 1, 2, 4, 1, 2, 4, 1, 2, 4, 1, 2, 4, 1, 2, 4, 1, 2, 4, 1, 2, 4, 1]]
Set parameter Username
[classical] objective=151847000.0 solution={'B101029(7)': 0, 'B101035(7)': 0, 'B101037(7)': 0, 'B101043(7)': 0, 'B101058(7)': 1, 'B101479(7)': 0, 'B101485(7)': 0, 'B101487(7)': 0}
[circuit] metrics=[189, 50, 84, 263]
[solve] start
[solve] states=[[0, 0, 0, 0, 0, 0, 0, 0, 0, 0, 0, 0, 0, 0, 0, 0, 0, 0, 1, 0, 0, 0, 0, 0], [0, 0, 0, 0, 0, 0, 0, 0, 0, 1, 0, 1, 0, 0, 0, 0, 0, 0, 1, 0, 0, 0, 0, 0], [1, 0, 0, 0, 0, 0, 0, 0, 0, 1, 0, 0, 0, 0, 0, 0, 0, 1, 1, 0, 0, 0, 0, 0]]
[solve] probs=[0.9921875, 0.00390625, 0.00390625]
[choco-best] objective=0.0 probability=0.9921875 solution={'C0017': 0, 'C0018': 0, 'C0022': 0, 'C0023': 0, 'C0024': 0, 'C0025': 0, 'row_slack_R0004': 1, 'row_slack_R0065': 0}
[parallel 30/274] path=data/miplib_benders/qaoa_problems/nvars_08/neos8_ds_qaoa_R0004_R0065_0008.json status=ok wall=785.8493549689883 peak_mb=411.6875 choco_obj=0.0
[problem] supportcase6_ds_qaoa_c539_c722_c726_0007 path=data/miplib_benders/qaoa_problems/nvars_08/supportcase6_ds_qaoa_c539_c722_c726_0007.json
[input] n_int=8 n_bin=24 n_constr=3
[input] A=[[0, 0, 0, 0, 0, -1, -1, -1], [1, 1, 1, 1, 1, 1, 1, 1], [1, 1, 1, 0, 1, 1, 1, 1]] b=[0, 1, 1] c=[150892000, 134333000, 145944000, 144887000, 151847000, 150892000, 134333000, 145944000]
[encoding]
  B101029(7) = B101029_7__b0 + 2*B101029_7__b1 + 4*B101029_7__b2
  B101035(7) = B101035_7__b0 + 2*B101035_7__b1 + 4*B101035_7__b2
  B101037(7) = B101037_7__b0 + 2*B101037_7__b1 + 4*B101037_7__b2
  B101043(7) = B101043_7__b0 + 2*B101043_7__b1 + 4*B101043_7__b2
  B101058(7) = B101058_7__b0 + 2*B101058_7__b1 + 4*B101058_7__b2
  B101479(7) = B101479_7__b0 + 2*B101479_7__b1 + 4*B101479_7__b2
  B101485(7) = B101485_7__b0 + 2*B101485_7__b1 + 4*B101485_7__b2
  B101487(7) = B101487_7__b0 + 2*B101487_7__b1 + 4*B101487_7__b2
[expanded] A_binary=[[0, 0, 0, 0, 0, 0, 0, 0, 0, 0, 0, 0, 0, 0, 0, -1, -2, -4, -1, -2, -4, -1, -2, -4], [1, 2, 4, 1, 2, 4, 1, 2, 4, 1, 2, 4, 1, 2, 4, 1, 2, 4, 1, 2, 4, 1, 2, 4], [1, 2, 4, 1, 2, 4, 1, 2, 4, 0, 0, 0, 1, 2, 4, 1, 2, 4, 1, 2, 4, 1, 2, 4]] b=[0, 1, 1]
[expanded] lin_constr_mtx=[[0, 0, 0, 0, 0, 0, 0, 0, 0, 0, 0, 0, 0, 0, 0, -1, -2, -4, -1, -2, -4, -1, -2, -4, 0], [1, 2, 4, 1, 2, 4, 1, 2, 4, 1, 2, 4, 1, 2, 4, 1, 2, 4, 1, 2, 4, 1, 2, 4, 1], [1, 2, 4, 1, 2, 4, 1, 2, 4, 0, 0, 0, 1, 2, 4, 1, 2, 4, 1, 2, 4, 1, 2, 4, 1]]
Set parameter Username
[classical] objective=151847000.0 solution={'B101029(7)': 0, 'B101035(7)': 0, 'B101037(7)': 0, 'B101043(7)': 0, 'B101058(7)': 1, 'B101479(7)': 0, 'B101485(7)': 0, 'B101487(7)': 0}
[circuit] metrics=[149, 50, 66, 254]
[solve] start
[solve] states=[[1, 0, 1, 1, 1, 0, 0, 0, 0, 1, 1, 0, 1, 0, 0, 1, 1, 0, 1, 1, 0, 1, 1, 0], [1, 0, 1, 1, 1, 0, 1, 0, 1, 1, 1, 0, 1, 0, 0, 1, 1, 0, 1, 1, 0, 1, 1, 0], [1, 0, 1, 1, 1, 0, 1, 1, 0, 0, 0, 0, 1, 0, 0, 1, 1, 0, 1, 1, 0, 1, 1, 0], [1, 0, 1, 1, 1, 0, 1, 1, 0, 1, 0, 1, 1, 0, 0, 1, 1, 0, 1, 1, 0, 1, 1, 0], [1, 0, 1, 1, 1, 0, 1, 1, 0, 1, 1, 0, 1, 0, 0, 1, 1, 0, 1, 1, 0, 1, 1, 0], [1, 1, 0, 0, 0, 0, 1, 0, 1, 1, 1, 0, 1, 0, 0, 1, 1, 0, 1, 1, 0, 1, 1, 0], [1, 1, 0, 0, 0, 0, 1, 1, 0, 1, 0, 1, 1, 0, 0, 1, 1, 0, 1, 1, 0, 1, 1, 0], [1, 1, 0, 0, 0, 0, 1, 1, 0, 1, 1, 0, 1, 0, 0, 1, 1, 0, 1, 1, 0, 1, 1, 0], [1, 1, 0, 1, 0, 1, 1, 1, 0, 1, 1, 0, 1, 0, 0, 1, 1, 0, 1, 0, 1, 0, 0, 0], [1, 1, 0, 1, 0, 1, 1, 1, 0, 1, 1, 0, 1, 0, 0, 1, 1, 0, 1, 1, 0, 0, 0, 0], [1, 1, 0, 1, 0, 1, 1, 1, 0, 1, 1, 0, 1, 0, 0, 1, 1, 0, 1, 1, 0, 1, 1, 0], [1, 1, 0, 1, 1, 0, 0, 0, 0, 1, 1, 0, 1, 0, 0, 1, 1, 0, 1, 1, 0, 1, 0, 1], [1, 1, 0, 1, 1, 0, 0, 0, 0, 1, 1, 0, 1, 0, 0, 1, 1, 0, 1, 1, 0, 1, 1, 0], [1, 1, 0, 1, 1, 0, 1, 0, 1, 1, 1, 0, 1, 0, 0, 1, 1, 0, 1, 1, 0, 1, 1, 0], [1, 1, 0, 1, 1, 0, 1, 1, 0, 0, 0, 0, 1, 0, 0, 1, 0, 1, 1, 1, 0, 1, 1, 0], [1, 1, 0, 1, 1, 0, 1, 1, 0, 0, 0, 0, 1, 0, 0, 1, 1, 0, 1, 1, 0, 1, 1, 0], [1, 1, 0, 1, 1, 0, 1, 1, 0, 1, 0, 1, 1, 0, 0, 1, 1, 0, 1, 1, 0, 1, 0, 1], [1, 1, 0, 1, 1, 0, 1, 1, 0, 1, 0, 1, 1, 0, 0, 1, 1, 0, 1, 1, 0, 1, 1, 0], [1, 1, 0, 1, 1, 0, 1, 1, 0, 1, 1, 0, 1, 0, 0, 0, 1, 0, 1, 1, 0, 1, 0, 0], [1, 1, 0, 1, 1, 0, 1, 1, 0, 1, 1, 0, 1, 0, 0, 1, 0, 1, 1, 1, 0, 1, 1, 0], [1, 1, 0, 1, 1, 0, 1, 1, 0, 1, 1, 0, 1, 0, 0, 1, 1, 0, 0, 0, 0, 1, 0, 1], [1, 1, 0, 1, 1, 0, 1, 1, 0, 1, 1, 0, 1, 0, 0, 1, 1, 0, 0, 0, 0, 1, 1, 0], [1, 1, 0, 1, 1, 0, 1, 1, 0, 1, 1, 0, 1, 0, 0, 1, 1, 0, 1, 0, 1, 1, 1, 0], [1, 1, 0, 1, 1, 0, 1, 1, 0, 1, 1, 0, 1, 0, 0, 1, 1, 0, 1, 1, 0, 0, 0, 0], [1, 1, 0, 1, 1, 0, 1, 1, 0, 1, 1, 0, 1, 0, 0, 1, 1, 0, 1, 1, 0, 1, 0, 1], [1, 1, 0, 1, 1, 0, 1, 1, 0, 1, 1, 0, 1, 0, 0, 1, 1, 0, 1, 1, 0, 1, 1, 0]]
[solve] probs=[0.00390625, 0.00390625, 0.00390625, 0.00390625, 0.01953125, 0.00390625, 0.00390625, 0.01953125, 0.00390625, 0.00390625, 0.01953125, 0.00390625, 0.015625, 0.01171875, 0.00390625, 0.02734375, 0.00390625, 0.015625, 0.00390625, 0.01171875, 0.00390625, 0.0390625, 0.02734375, 0.01171875, 0.01953125, 0.7109375]
[choco-best] objective=None probability=None solution=None
[parallel 31/274] path=data/miplib_benders/qaoa_problems/nvars_08/supportcase6_ds_qaoa_c539_c722_0007.json status=ok wall=665.8943972589914 peak_mb=406.42578125 choco_obj=
[problem] supportcase6_ds_qaoa_c722_c726_0001 path=data/miplib_benders/qaoa_problems/nvars_08/supportcase6_ds_qaoa_c722_c726_0001.json
[input] n_int=8 n_bin=24 n_constr=2
[input] A=[[1, 1, 1, 1, 1, 1, 1, 1], [1, 1, 1, 1, 0, 1, 1, 1]] b=[1, 1] c=[151847000, 150892000, 134333000, 145944000, 144887000, 151847000, 150892000, 134333000]
[encoding]
  B100166(7) = B100166_7__b0 + 2*B100166_7__b1 + 4*B100166_7__b2
  B100594(7) = B100594_7__b0 + 2*B100594_7__b1 + 4*B100594_7__b2
  B100600(7) = B100600_7__b0 + 2*B100600_7__b1 + 4*B100600_7__b2
  B100602(7) = B100602_7__b0 + 2*B100602_7__b1 + 4*B100602_7__b2
  B100608(7) = B100608_7__b0 + 2*B100608_7__b1 + 4*B100608_7__b2
  B100623(7) = B100623_7__b0 + 2*B100623_7__b1 + 4*B100623_7__b2
  B101029(7) = B101029_7__b0 + 2*B101029_7__b1 + 4*B101029_7__b2
  B101035(7) = B101035_7__b0 + 2*B101035_7__b1 + 4*B101035_7__b2
[expanded] A_binary=[[1, 2, 4, 1, 2, 4, 1, 2, 4, 1, 2, 4, 1, 2, 4, 1, 2, 4, 1, 2, 4, 1, 2, 4], [1, 2, 4, 1, 2, 4, 1, 2, 4, 1, 2, 4, 0, 0, 0, 1, 2, 4, 1, 2, 4, 1, 2, 4]] b=[1, 1]
[expanded] lin_constr_mtx=[[1, 2, 4, 1, 2, 4, 1, 2, 4, 1, 2, 4, 1, 2, 4, 1, 2, 4, 1, 2, 4, 1, 2, 4, 1], [1, 2, 4, 1, 2, 4, 1, 2, 4, 1, 2, 4, 0, 0, 0, 1, 2, 4, 1, 2, 4, 1, 2, 4, 1]]
Set parameter Username
[classical] objective=151847000.0 solution={'B100166(7)': 1, 'B100594(7)': 0, 'B100600(7)': 0, 'B100602(7)': 0, 'B100608(7)': 0, 'B100623(7)': 0, 'B101029(7)': 0, 'B101035(7)': 0}
[circuit] metrics=[269, 50, 120, 263]
[solve] start
[solve] states=[[0, 0, 0, 0, 0, 0, 0, 0, 0, 0, 0, 0, 0, 0, 0, 0, 0, 0, 1, 0, 0, 0, 0, 0], [0, 0, 0, 1, 0, 0, 0, 1, 0, 0, 0, 0, 0, 0, 0, 0, 0, 0, 1, 0, 0, 0, 0, 0], [1, 0, 0, 1, 0, 0, 0, 0, 0, 0, 0, 0, 0, 1, 0, 0, 0, 0, 1, 0, 0, 0, 0, 0]]
[solve] probs=[0.9921875, 0.00390625, 0.00390625]
[choco-best] objective=0.0 probability=0.9921875 solution={'C0002': 0, 'C0005': 0, 'C0006': 0, 'C0009': 0, 'C0013': 0, 'C0014': 0, 'row_slack_R0004': 1, 'row_slack_R0065': 0}
[parallel 32/274] path=data/miplib_benders/qaoa_problems/nvars_08/neos8_ds_qaoa_R0004_R0065_0002.json status=ok wall=1510.7160778169055 peak_mb=424.9296875 choco_obj=0.0
[problem] supportcase6_ds_qaoa_c722_c726_0002 path=data/miplib_benders/qaoa_problems/nvars_08/supportcase6_ds_qaoa_c722_c726_0002.json
[input] n_int=8 n_bin=24 n_constr=2
[input] A=[[1, 1, 1, 1, 1, 1, 1, 1], [1, 1, 1, 0, 1, 1, 1, 1]] b=[1, 1] c=[150892000, 134333000, 145944000, 144887000, 151847000, 150892000, 134333000, 145944000]
[encoding]
  B100594(7) = B100594_7__b0 + 2*B100594_7__b1 + 4*B100594_7__b2
  B100600(7) = B100600_7__b0 + 2*B100600_7__b1 + 4*B100600_7__b2
  B100602(7) = B100602_7__b0 + 2*B100602_7__b1 + 4*B100602_7__b2
  B100608(7) = B100608_7__b0 + 2*B100608_7__b1 + 4*B100608_7__b2
  B100623(7) = B100623_7__b0 + 2*B100623_7__b1 + 4*B100623_7__b2
  B101029(7) = B101029_7__b0 + 2*B101029_7__b1 + 4*B101029_7__b2
  B101035(7) = B101035_7__b0 + 2*B101035_7__b1 + 4*B101035_7__b2
  B101037(7) = B101037_7__b0 + 2*B101037_7__b1 + 4*B101037_7__b2
[expanded] A_binary=[[1, 2, 4, 1, 2, 4, 1, 2, 4, 1, 2, 4, 1, 2, 4, 1, 2, 4, 1, 2, 4, 1, 2, 4], [1, 2, 4, 1, 2, 4, 1, 2, 4, 0, 0, 0, 1, 2, 4, 1, 2, 4, 1, 2, 4, 1, 2, 4]] b=[1, 1]
[expanded] lin_constr_mtx=[[1, 2, 4, 1, 2, 4, 1, 2, 4, 1, 2, 4, 1, 2, 4, 1, 2, 4, 1, 2, 4, 1, 2, 4, 1], [1, 2, 4, 1, 2, 4, 1, 2, 4, 0, 0, 0, 1, 2, 4, 1, 2, 4, 1, 2, 4, 1, 2, 4, 1]]
Set parameter Username
[classical] objective=151847000.0 solution={'B100594(7)': 0, 'B100600(7)': 0, 'B100602(7)': 0, 'B100608(7)': 0, 'B100623(7)': 1, 'B101029(7)': 0, 'B101035(7)': 0, 'B101037(7)': 0}
[circuit] metrics=[269, 50, 120, 263]
[solve] start
[solve] states=[[0, 0, 0, 0, 0, 0, 0, 0, 0, 0, 0, 0, 0, 0, 0, 0, 0, 0, 1, 0, 0, 0, 0, 0]]
[solve] probs=[1.0]
[choco-best] objective=0.0 probability=1.0 solution={'C0018': 0, 'C0022': 0, 'C0023': 0, 'C0024': 0, 'C0025': 0, 'C0026': 0, 'row_slack_R0004': 1, 'row_slack_R0065': 0}
[parallel 33/274] path=data/miplib_benders/qaoa_problems/nvars_08/neos8_ds_qaoa_R0004_R0065_0009.json status=ok wall=963.9405823630514 peak_mb=412.07421875 choco_obj=0.0
[problem] supportcase6_ds_qaoa_c722_c726_0003 path=data/miplib_benders/qaoa_problems/nvars_08/supportcase6_ds_qaoa_c722_c726_0003.json
[input] n_int=8 n_bin=24 n_constr=2
[input] A=[[1, 1, 1, 1, 1, 1, 1, 1], [1, 1, 0, 1, 1, 1, 1, 0]] b=[1, 1] c=[134333000, 145944000, 144887000, 151847000, 150892000, 134333000, 145944000, 144887000]
[encoding]
  B100600(7) = B100600_7__b0 + 2*B100600_7__b1 + 4*B100600_7__b2
  B100602(7) = B100602_7__b0 + 2*B100602_7__b1 + 4*B100602_7__b2
  B100608(7) = B100608_7__b0 + 2*B100608_7__b1 + 4*B100608_7__b2
  B100623(7) = B100623_7__b0 + 2*B100623_7__b1 + 4*B100623_7__b2
  B101029(7) = B101029_7__b0 + 2*B101029_7__b1 + 4*B101029_7__b2
  B101035(7) = B101035_7__b0 + 2*B101035_7__b1 + 4*B101035_7__b2
  B101037(7) = B101037_7__b0 + 2*B101037_7__b1 + 4*B101037_7__b2
  B101043(7) = B101043_7__b0 + 2*B101043_7__b1 + 4*B101043_7__b2
[expanded] A_binary=[[1, 2, 4, 1, 2, 4, 1, 2, 4, 1, 2, 4, 1, 2, 4, 1, 2, 4, 1, 2, 4, 1, 2, 4], [1, 2, 4, 1, 2, 4, 0, 0, 0, 1, 2, 4, 1, 2, 4, 1, 2, 4, 1, 2, 4, 0, 0, 0]] b=[1, 1]
[expanded] lin_constr_mtx=[[1, 2, 4, 1, 2, 4, 1, 2, 4, 1, 2, 4, 1, 2, 4, 1, 2, 4, 1, 2, 4, 1, 2, 4, 1], [1, 2, 4, 1, 2, 4, 0, 0, 0, 1, 2, 4, 1, 2, 4, 1, 2, 4, 1, 2, 4, 0, 0, 0, 1]]
Set parameter Username
[classical] objective=151847000.0 solution={'B100600(7)': 0, 'B100602(7)': 0, 'B100608(7)': 0, 'B100623(7)': 1, 'B101029(7)': 0, 'B101035(7)': 0, 'B101037(7)': 0, 'B101043(7)': 0}
[circuit] metrics=[229, 50, 102, 263]
[solve] start
[solve] states=[[1, 0, 1, 1, 1, 0, 1, 1, 0, 1, 1, 0, 1, 1, 0, 1, 1, 0, 1, 1, 0, 1, 0, 0], [1, 1, 0, 0, 0, 0, 1, 1, 0, 1, 1, 0, 1, 1, 0, 1, 1, 0, 1, 0, 1, 1, 0, 0], [1, 1, 0, 0, 0, 0, 1, 1, 0, 1, 1, 0, 1, 1, 0, 1, 1, 0, 1, 1, 0, 1, 0, 0], [1, 1, 0, 1, 0, 1, 1, 1, 0, 1, 1, 0, 1, 1, 0, 1, 1, 0, 1, 1, 0, 1, 0, 0], [1, 1, 0, 1, 1, 0, 0, 0, 0, 1, 1, 0, 1, 1, 0, 1, 1, 0, 1, 1, 0, 1, 0, 0], [1, 1, 0, 1, 1, 0, 1, 0, 1, 1, 1, 0, 1, 1, 0, 1, 1, 0, 1, 1, 0, 1, 0, 0], [1, 1, 0, 1, 1, 0, 1, 1, 0, 1, 0, 1, 1, 1, 0, 1, 1, 0, 1, 1, 0, 1, 0, 0], [1, 1, 0, 1, 1, 0, 1, 1, 0, 1, 1, 0, 0, 0, 0, 1, 1, 0, 1, 1, 0, 1, 0, 0], [1, 1, 0, 1, 1, 0, 1, 1, 0, 1, 1, 0, 1, 0, 1, 1, 1, 0, 1, 1, 0, 1, 0, 0], [1, 1, 0, 1, 1, 0, 1, 1, 0, 1, 1, 0, 1, 1, 0, 0, 0, 0, 1, 1, 0, 1, 0, 0], [1, 1, 0, 1, 1, 0, 1, 1, 0, 1, 1, 0, 1, 1, 0, 1, 0, 1, 1, 1, 0, 1, 0, 0], [1, 1, 0, 1, 1, 0, 1, 1, 0, 1, 1, 0, 1, 1, 0, 1, 1, 0, 0, 0, 0, 1, 0, 0], [1, 1, 0, 1, 1, 0, 1, 1, 0, 1, 1, 0, 1, 1, 0, 1, 1, 0, 1, 0, 1, 1, 0, 0], [1, 1, 0, 1, 1, 0, 1, 1, 0, 1, 1, 0, 1, 1, 0, 1, 1, 0, 1, 1, 0, 1, 0, 0]]
[solve] probs=[0.01953125, 0.00390625, 0.015625, 0.015625, 0.01953125, 0.0078125, 0.015625, 0.01953125, 0.0078125, 0.01171875, 0.015625, 0.0078125, 0.0078125, 0.83203125]
[choco-best] objective=None probability=None solution=None
[parallel 34/274] path=data/miplib_benders/qaoa_problems/nvars_08/supportcase6_ds_qaoa_c722_c726_0002.json status=ok wall=848.9020720149856 peak_mb=391.015625 choco_obj=
[problem] supportcase6_ds_qaoa_c722_c726_0004 path=data/miplib_benders/qaoa_problems/nvars_08/supportcase6_ds_qaoa_c722_c726_0004.json
[input] n_int=8 n_bin=24 n_constr=2
[input] A=[[1, 1, 1, 1, 1, 1, 1, 1], [1, 0, 1, 1, 1, 1, 0, 1]] b=[1, 1] c=[145944000, 144887000, 151847000, 150892000, 134333000, 145944000, 144887000, 151847000]
[encoding]
  B100602(7) = B100602_7__b0 + 2*B100602_7__b1 + 4*B100602_7__b2
  B100608(7) = B100608_7__b0 + 2*B100608_7__b1 + 4*B100608_7__b2
  B100623(7) = B100623_7__b0 + 2*B100623_7__b1 + 4*B100623_7__b2
  B101029(7) = B101029_7__b0 + 2*B101029_7__b1 + 4*B101029_7__b2
  B101035(7) = B101035_7__b0 + 2*B101035_7__b1 + 4*B101035_7__b2
  B101037(7) = B101037_7__b0 + 2*B101037_7__b1 + 4*B101037_7__b2
  B101043(7) = B101043_7__b0 + 2*B101043_7__b1 + 4*B101043_7__b2
  B101058(7) = B101058_7__b0 + 2*B101058_7__b1 + 4*B101058_7__b2
[expanded] A_binary=[[1, 2, 4, 1, 2, 4, 1, 2, 4, 1, 2, 4, 1, 2, 4, 1, 2, 4, 1, 2, 4, 1, 2, 4], [1, 2, 4, 0, 0, 0, 1, 2, 4, 1, 2, 4, 1, 2, 4, 1, 2, 4, 0, 0, 0, 1, 2, 4]] b=[1, 1]
[expanded] lin_constr_mtx=[[1, 2, 4, 1, 2, 4, 1, 2, 4, 1, 2, 4, 1, 2, 4, 1, 2, 4, 1, 2, 4, 1, 2, 4, 1], [1, 2, 4, 0, 0, 0, 1, 2, 4, 1, 2, 4, 1, 2, 4, 1, 2, 4, 0, 0, 0, 1, 2, 4, 1]]
Set parameter Username
[classical] objective=151847000.0 solution={'B100602(7)': 0, 'B100608(7)': 0, 'B100623(7)': 1, 'B101029(7)': 0, 'B101035(7)': 0, 'B101037(7)': 0, 'B101043(7)': 0, 'B101058(7)': 0}
[circuit] metrics=[229, 50, 102, 263]
[solve] start
[solve] states=[[1, 1, 0, 1, 0, 1, 1, 1, 0, 1, 1, 0, 1, 1, 0, 1, 1, 0, 1, 0, 0, 1, 1, 0], [1, 1, 0, 1, 1, 0, 1, 0, 1, 1, 1, 0, 1, 1, 0, 1, 1, 0, 1, 0, 0, 1, 1, 0], [1, 1, 0, 1, 1, 0, 1, 1, 0, 0, 0, 0, 1, 1, 0, 1, 1, 0, 1, 0, 0, 1, 1, 0], [1, 1, 0, 1, 1, 0, 1, 1, 0, 1, 1, 0, 0, 0, 0, 1, 1, 0, 1, 0, 0, 1, 1, 0], [1, 1, 0, 1, 1, 0, 1, 1, 0, 1, 1, 0, 1, 0, 1, 1, 1, 0, 1, 0, 0, 1, 1, 0], [1, 1, 0, 1, 1, 0, 1, 1, 0, 1, 1, 0, 1, 1, 0, 0, 0, 0, 1, 0, 0, 1, 1, 0], [1, 1, 0, 1, 1, 0, 1, 1, 0, 1, 1, 0, 1, 1, 0, 1, 1, 0, 1, 0, 0, 0, 0, 0], [1, 1, 0, 1, 1, 0, 1, 1, 0, 1, 1, 0, 1, 1, 0, 1, 1, 0, 1, 0, 0, 1, 0, 1], [1, 1, 0, 1, 1, 0, 1, 1, 0, 1, 1, 0, 1, 1, 0, 1, 1, 0, 1, 0, 0, 1, 1, 0]]
[solve] probs=[0.0078125, 0.00390625, 0.01171875, 0.0078125, 0.0078125, 0.00390625, 0.0078125, 0.0078125, 0.94140625]
[choco-best] objective=None probability=None solution=None
[parallel 35/274] path=data/miplib_benders/qaoa_problems/nvars_08/supportcase6_ds_qaoa_c722_c726_0003.json status=ok wall=862.4859815600794 peak_mb=407.578125 choco_obj=
[problem] supportcase6_ds_qaoa_c722_c726_0005 path=data/miplib_benders/qaoa_problems/nvars_08/supportcase6_ds_qaoa_c722_c726_0005.json
[input] n_int=8 n_bin=24 n_constr=2
[input] A=[[1, 1, 1, 1, 1, 1, 1, 1], [0, 1, 1, 1, 1, 0, 1, 1]] b=[1, 1] c=[144887000, 151847000, 150892000, 134333000, 145944000, 144887000, 151847000, 150892000]
[encoding]
  B100608(7) = B100608_7__b0 + 2*B100608_7__b1 + 4*B100608_7__b2
  B100623(7) = B100623_7__b0 + 2*B100623_7__b1 + 4*B100623_7__b2
  B101029(7) = B101029_7__b0 + 2*B101029_7__b1 + 4*B101029_7__b2
  B101035(7) = B101035_7__b0 + 2*B101035_7__b1 + 4*B101035_7__b2
  B101037(7) = B101037_7__b0 + 2*B101037_7__b1 + 4*B101037_7__b2
  B101043(7) = B101043_7__b0 + 2*B101043_7__b1 + 4*B101043_7__b2
  B101058(7) = B101058_7__b0 + 2*B101058_7__b1 + 4*B101058_7__b2
  B101479(7) = B101479_7__b0 + 2*B101479_7__b1 + 4*B101479_7__b2
[expanded] A_binary=[[1, 2, 4, 1, 2, 4, 1, 2, 4, 1, 2, 4, 1, 2, 4, 1, 2, 4, 1, 2, 4, 1, 2, 4], [0, 0, 0, 1, 2, 4, 1, 2, 4, 1, 2, 4, 1, 2, 4, 0, 0, 0, 1, 2, 4, 1, 2, 4]] b=[1, 1]
[expanded] lin_constr_mtx=[[1, 2, 4, 1, 2, 4, 1, 2, 4, 1, 2, 4, 1, 2, 4, 1, 2, 4, 1, 2, 4, 1, 2, 4, 1], [0, 0, 0, 1, 2, 4, 1, 2, 4, 1, 2, 4, 1, 2, 4, 0, 0, 0, 1, 2, 4, 1, 2, 4, 1]]
Set parameter Username
[classical] objective=151847000.0 solution={'B100608(7)': 0, 'B100623(7)': 1, 'B101029(7)': 0, 'B101035(7)': 0, 'B101037(7)': 0, 'B101043(7)': 0, 'B101058(7)': 0, 'B101479(7)': 0}
[circuit] metrics=[229, 50, 102, 263]
[solve] start
[solve] states=[[1, 0, 1, 1, 1, 0, 1, 1, 0, 1, 1, 0, 1, 1, 0, 1, 1, 0, 1, 0, 1, 1, 0, 0], [1, 0, 1, 1, 1, 0, 1, 1, 0, 1, 1, 0, 1, 1, 0, 1, 1, 0, 1, 1, 0, 1, 0, 0], [1, 1, 0, 0, 0, 0, 1, 1, 0, 1, 1, 0, 1, 1, 0, 1, 1, 0, 1, 1, 0, 1, 0, 0], [1, 1, 0, 1, 0, 0, 0, 1, 0, 1, 1, 0, 1, 1, 0, 1, 1, 0, 1, 1, 0, 1, 0, 0], [1, 1, 0, 1, 0, 1, 1, 1, 0, 1, 1, 0, 1, 1, 0, 1, 1, 0, 0, 0, 0, 1, 0, 0], [1, 1, 0, 1, 0, 1, 1, 1, 0, 1, 1, 0, 1, 1, 0, 1, 1, 0, 1, 1, 0, 1, 0, 0], [1, 1, 0, 1, 1, 0, 0, 0, 0, 1, 1, 0, 1, 1, 0, 1, 1, 0, 1, 1, 0, 1, 0, 0], [1, 1, 0, 1, 1, 0, 1, 0, 0, 0, 1, 0, 1, 1, 0, 1, 1, 0, 1, 1, 0, 1, 0, 0], [1, 1, 0, 1, 1, 0, 1, 0, 1, 1, 1, 0, 1, 1, 0, 1, 1, 0, 1, 1, 0, 1, 0, 0], [1, 1, 0, 1, 1, 0, 1, 1, 0, 0, 0, 0, 1, 1, 0, 1, 1, 0, 1, 1, 0, 1, 0, 0], [1, 1, 0, 1, 1, 0, 1, 1, 0, 1, 0, 1, 1, 1, 0, 1, 1, 0, 1, 1, 0, 1, 0, 0], [1, 1, 0, 1, 1, 0, 1, 1, 0, 1, 1, 0, 1, 0, 1, 1, 0, 1, 1, 1, 0, 1, 0, 0], [1, 1, 0, 1, 1, 0, 1, 1, 0, 1, 1, 0, 1, 0, 1, 1, 1, 0, 1, 1, 0, 1, 0, 0], [1, 1, 0, 1, 1, 0, 1, 1, 0, 1, 1, 0, 1, 1, 0, 0, 0, 0, 1, 1, 0, 1, 0, 0], [1, 1, 0, 1, 1, 0, 1, 1, 0, 1, 1, 0, 1, 1, 0, 1, 0, 1, 1, 1, 0, 1, 0, 0], [1, 1, 0, 1, 1, 0, 1, 1, 0, 1, 1, 0, 1, 1, 0, 1, 1, 0, 0, 0, 0, 1, 0, 0], [1, 1, 0, 1, 1, 0, 1, 1, 0, 1, 1, 0, 1, 1, 0, 1, 1, 0, 1, 0, 1, 1, 0, 0], [1, 1, 0, 1, 1, 0, 1, 1, 0, 1, 1, 0, 1, 1, 0, 1, 1, 0, 1, 1, 0, 1, 0, 0]]
[solve] probs=[0.00390625, 0.0234375, 0.0078125, 0.0078125, 0.00390625, 0.01171875, 0.01953125, 0.00390625, 0.01953125, 0.0234375, 0.01171875, 0.00390625, 0.01953125, 0.01171875, 0.01171875, 0.0234375, 0.01953125, 0.7734375]
[choco-best] objective=None probability=None solution=None
[parallel 36/274] path=data/miplib_benders/qaoa_problems/nvars_08/supportcase6_ds_qaoa_c722_c726_0001.json status=ok wall=1669.1005395839456 peak_mb=407.14453125 choco_obj=
[problem] supportcase6_ds_qaoa_c722_c726_c733_0001 path=data/miplib_benders/qaoa_problems/nvars_08/supportcase6_ds_qaoa_c722_c726_c733_0001.json
[input] n_int=8 n_bin=24 n_constr=3
[input] A=[[1, 1, 1, 1, 1, 1, 1, 1], [1, 1, 1, 1, 0, 1, 1, 1], [0, 0, 1, 0, 1, 0, 0, 1]] b=[1, 1, 1] c=[151847000, 150892000, 134333000, 145944000, 144887000, 151847000, 150892000, 134333000]
[encoding]
  B100166(7) = B100166_7__b0 + 2*B100166_7__b1 + 4*B100166_7__b2
  B100594(7) = B100594_7__b0 + 2*B100594_7__b1 + 4*B100594_7__b2
  B100600(7) = B100600_7__b0 + 2*B100600_7__b1 + 4*B100600_7__b2
  B100602(7) = B100602_7__b0 + 2*B100602_7__b1 + 4*B100602_7__b2
  B100608(7) = B100608_7__b0 + 2*B100608_7__b1 + 4*B100608_7__b2
  B100623(7) = B100623_7__b0 + 2*B100623_7__b1 + 4*B100623_7__b2
  B101029(7) = B101029_7__b0 + 2*B101029_7__b1 + 4*B101029_7__b2
  B101035(7) = B101035_7__b0 + 2*B101035_7__b1 + 4*B101035_7__b2
[expanded] A_binary=[[1, 2, 4, 1, 2, 4, 1, 2, 4, 1, 2, 4, 1, 2, 4, 1, 2, 4, 1, 2, 4, 1, 2, 4], [1, 2, 4, 1, 2, 4, 1, 2, 4, 1, 2, 4, 0, 0, 0, 1, 2, 4, 1, 2, 4, 1, 2, 4], [0, 0, 0, 0, 0, 0, 1, 2, 4, 0, 0, 0, 1, 2, 4, 0, 0, 0, 0, 0, 0, 1, 2, 4]] b=[1, 1, 1]
[expanded] lin_constr_mtx=[[1, 2, 4, 1, 2, 4, 1, 2, 4, 1, 2, 4, 1, 2, 4, 1, 2, 4, 1, 2, 4, 1, 2, 4, 1], [1, 2, 4, 1, 2, 4, 1, 2, 4, 1, 2, 4, 0, 0, 0, 1, 2, 4, 1, 2, 4, 1, 2, 4, 1], [0, 0, 0, 0, 0, 0, 1, 2, 4, 0, 0, 0, 1, 2, 4, 0, 0, 0, 0, 0, 0, 1, 2, 4, 1]]
Set parameter Username
[classical] objective=134333000.0 solution={'B100166(7)': 0, 'B100594(7)': 0, 'B100600(7)': 1, 'B100602(7)': 0, 'B100608(7)': 0, 'B100623(7)': 0, 'B101029(7)': 0, 'B101035(7)': 0}
[circuit] metrics=[189, 50, 84, 254]
[solve] start
[solve] states=[[1, 0, 1, 1, 1, 0, 1, 1, 0, 1, 1, 0, 1, 1, 0, 1, 1, 0, 1, 1, 0, 1, 0, 0], [1, 1, 0, 1, 0, 0, 1, 1, 0, 1, 1, 0, 1, 1, 0, 1, 1, 0, 0, 1, 0, 1, 0, 0], [1, 1, 0, 1, 0, 1, 1, 1, 0, 1, 1, 0, 1, 1, 0, 1, 1, 0, 1, 1, 0, 1, 0, 0], [1, 1, 0, 1, 1, 0, 0, 0, 0, 1, 1, 0, 1, 1, 0, 1, 1, 0, 0, 0, 0, 1, 0, 0], [1, 1, 0, 1, 1, 0, 0, 0, 0, 1, 1, 0, 1, 1, 0, 1, 1, 0, 1, 1, 0, 1, 0, 0], [1, 1, 0, 1, 1, 0, 1, 0, 1, 1, 1, 0, 1, 1, 0, 1, 1, 0, 1, 1, 0, 1, 0, 0], [1, 1, 0, 1, 1, 0, 1, 1, 0, 0, 0, 0, 1, 1, 0, 1, 1, 0, 1, 1, 0, 1, 0, 0], [1, 1, 0, 1, 1, 0, 1, 1, 0, 1, 0, 1, 1, 1, 0, 1, 1, 0, 1, 1, 0, 1, 0, 0], [1, 1, 0, 1, 1, 0, 1, 1, 0, 1, 1, 0, 0, 0, 0, 0, 0, 0, 1, 1, 0, 1, 0, 0], [1, 1, 0, 1, 1, 0, 1, 1, 0, 1, 1, 0, 1, 0, 1, 1, 1, 0, 1, 1, 0, 1, 0, 0], [1, 1, 0, 1, 1, 0, 1, 1, 0, 1, 1, 0, 1, 1, 0, 0, 0, 0, 1, 1, 0, 1, 0, 0], [1, 1, 0, 1, 1, 0, 1, 1, 0, 1, 1, 0, 1, 1, 0, 1, 0, 1, 1, 1, 0, 1, 0, 0], [1, 1, 0, 1, 1, 0, 1, 1, 0, 1, 1, 0, 1, 1, 0, 1, 1, 0, 0, 0, 0, 1, 0, 0], [1, 1, 0, 1, 1, 0, 1, 1, 0, 1, 1, 0, 1, 1, 0, 1, 1, 0, 1, 1, 0, 1, 0, 0]]
[solve] probs=[0.01953125, 0.00390625, 0.015625, 0.00390625, 0.00390625, 0.01953125, 0.00390625, 0.0078125, 0.00390625, 0.015625, 0.00390625, 0.00390625, 0.01171875, 0.8828125]
[choco-best] objective=None probability=None solution=None
[parallel 37/274] path=data/miplib_benders/qaoa_problems/nvars_08/supportcase6_ds_qaoa_c722_c726_0004.json status=ok wall=1240.7991549069993 peak_mb=408.08984375 choco_obj=
[problem] supportcase6_ds_qaoa_c722_c726_c733_0002 path=data/miplib_benders/qaoa_problems/nvars_08/supportcase6_ds_qaoa_c722_c726_c733_0002.json
[input] n_int=8 n_bin=24 n_constr=3
[input] A=[[1, 1, 1, 1, 1, 1, 1, 1], [1, 1, 1, 0, 1, 1, 1, 1], [0, 1, 0, 1, 0, 0, 1, 0]] b=[1, 1, 1] c=[150892000, 134333000, 145944000, 144887000, 151847000, 150892000, 134333000, 145944000]
[encoding]
  B100594(7) = B100594_7__b0 + 2*B100594_7__b1 + 4*B100594_7__b2
  B100600(7) = B100600_7__b0 + 2*B100600_7__b1 + 4*B100600_7__b2
  B100602(7) = B100602_7__b0 + 2*B100602_7__b1 + 4*B100602_7__b2
  B100608(7) = B100608_7__b0 + 2*B100608_7__b1 + 4*B100608_7__b2
  B100623(7) = B100623_7__b0 + 2*B100623_7__b1 + 4*B100623_7__b2
  B101029(7) = B101029_7__b0 + 2*B101029_7__b1 + 4*B101029_7__b2
  B101035(7) = B101035_7__b0 + 2*B101035_7__b1 + 4*B101035_7__b2
  B101037(7) = B101037_7__b0 + 2*B101037_7__b1 + 4*B101037_7__b2
[expanded] A_binary=[[1, 2, 4, 1, 2, 4, 1, 2, 4, 1, 2, 4, 1, 2, 4, 1, 2, 4, 1, 2, 4, 1, 2, 4], [1, 2, 4, 1, 2, 4, 1, 2, 4, 0, 0, 0, 1, 2, 4, 1, 2, 4, 1, 2, 4, 1, 2, 4], [0, 0, 0, 1, 2, 4, 0, 0, 0, 1, 2, 4, 0, 0, 0, 0, 0, 0, 1, 2, 4, 0, 0, 0]] b=[1, 1, 1]
[expanded] lin_constr_mtx=[[1, 2, 4, 1, 2, 4, 1, 2, 4, 1, 2, 4, 1, 2, 4, 1, 2, 4, 1, 2, 4, 1, 2, 4, 1], [1, 2, 4, 1, 2, 4, 1, 2, 4, 0, 0, 0, 1, 2, 4, 1, 2, 4, 1, 2, 4, 1, 2, 4, 1], [0, 0, 0, 1, 2, 4, 0, 0, 0, 1, 2, 4, 0, 0, 0, 0, 0, 0, 1, 2, 4, 0, 0, 0, 1]]
Set parameter Username
[classical] objective=134333000.0 solution={'B100594(7)': 0, 'B100600(7)': 1, 'B100602(7)': 0, 'B100608(7)': 0, 'B100623(7)': 0, 'B101029(7)': 0, 'B101035(7)': 0, 'B101037(7)': 0}
[solve] states=[[1, 0, 0, 0, 1, 0, 0, 0, 0, 1, 1, 0, 1, 0, 0, 1, 1, 0, 0, 0, 0, 1, 1, 0], [1, 0, 0, 0, 1, 0, 1, 1, 0, 1, 1, 0, 1, 0, 0, 0, 1, 0, 0, 0, 0, 1, 0, 0], [1, 0, 1, 0, 0, 0, 1, 1, 0, 1, 0, 1, 1, 0, 0, 1, 1, 0, 1, 0, 1, 1, 1, 0], [1, 0, 1, 0, 0, 0, 1, 1, 0, 1, 1, 0, 1, 0, 0, 1, 1, 0, 1, 1, 0, 1, 1, 0], [1, 0, 1, 1, 0, 0, 0, 1, 0, 1, 1, 0, 1, 0, 0, 1, 1, 0, 0, 0, 0, 0, 0, 0], [1, 0, 1, 1, 0, 1, 1, 1, 0, 1, 1, 0, 1, 0, 0, 1, 1, 0, 1, 1, 0, 1, 1, 0], [1, 0, 1, 1, 1, 0, 0, 0, 0, 1, 0, 1, 1, 0, 0, 1, 1, 0, 1, 1, 0, 1, 1, 0], [1, 0, 1, 1, 1, 0, 0, 0, 0, 1, 1, 0, 1, 0, 0, 1, 1, 0, 1, 1, 0, 1, 1, 0], [1, 0, 1, 1, 1, 0, 1, 0, 1, 1, 1, 0, 1, 0, 0, 1, 1, 0, 1, 1, 0, 1, 1, 0], [1, 0, 1, 1, 1, 0, 1, 1, 0, 0, 0, 0, 1, 0, 0, 1, 1, 0, 1, 1, 0, 1, 1, 0], [1, 0, 1, 1, 1, 0, 1, 1, 0, 1, 1, 0, 1, 0, 0, 1, 1, 0, 0, 0, 0, 1, 1, 0], [1, 0, 1, 1, 1, 0, 1, 1, 0, 1, 1, 0, 1, 0, 0, 1, 1, 0, 1, 1, 0, 0, 0, 0], [1, 0, 1, 1, 1, 0, 1, 1, 0, 1, 1, 0, 1, 0, 0, 1, 1, 0, 1, 1, 0, 1, 0, 1], [1, 0, 1, 1, 1, 0, 1, 1, 0, 1, 1, 0, 1, 0, 0, 1, 1, 0, 1, 1, 0, 1, 1, 0], [1, 1, 0, 0, 0, 0, 0, 0, 0, 1, 1, 0, 1, 0, 0, 1, 1, 0, 0, 0, 0, 1, 1, 0], [1, 1, 0, 0, 0, 0, 0, 0, 0, 1, 1, 0, 1, 0, 0, 1, 1, 0, 1, 0, 1, 1, 1, 0], [1, 1, 0, 0, 0, 0, 1, 1, 0, 1, 0, 1, 1, 0, 0, 1, 0, 0, 0, 1, 0, 1, 0, 1], [1, 1, 0, 0, 0, 0, 1, 1, 0, 1, 0, 1, 1, 0, 0, 1, 1, 0, 1, 1, 0, 1, 1, 0], [1, 1, 0, 0, 0, 0, 1, 1, 0, 1, 1, 0, 1, 0, 0, 1, 0, 1, 1, 1, 0, 1, 1, 0], [1, 1, 0, 0, 0, 0, 1, 1, 0, 1, 1, 0, 1, 0, 0, 1, 1, 0, 0, 0, 0, 1, 1, 0], [1, 1, 0, 0, 0, 0, 1, 1, 0, 1, 1, 0, 1, 0, 0, 1, 1, 0, 1, 0, 1, 1, 1, 0], [1, 1, 0, 0, 0, 0, 1, 1, 0, 1, 1, 0, 1, 0, 0, 1, 1, 0, 1, 1, 0, 0, 0, 0], [1, 1, 0, 0, 0, 0, 1, 1, 0, 1, 1, 0, 1, 0, 0, 1, 1, 0, 1, 1, 0, 1, 1, 0], [1, 1, 0, 1, 0, 0, 0, 1, 0, 1, 1, 0, 1, 0, 0, 1, 1, 0, 1, 1, 0, 1, 0, 1], [1, 1, 0, 1, 0, 0, 0, 1, 0, 1, 1, 0, 1, 0, 0, 1, 1, 0, 1, 1, 0, 1, 1, 0], [1, 1, 0, 1, 0, 1, 0, 0, 0, 1, 0, 1, 1, 0, 0, 1, 1, 0, 1, 0, 1, 1, 1, 0], [1, 1, 0, 1, 0, 1, 0, 0, 0, 1, 1, 0, 1, 0, 0, 1, 1, 0, 1, 0, 1, 0, 0, 0], [1, 1, 0, 1, 0, 1, 0, 0, 0, 1, 1, 0, 1, 0, 0, 1, 1, 0, 1, 1, 0, 1, 1, 0], [1, 1, 0, 1, 0, 1, 1, 0, 1, 1, 1, 0, 1, 0, 0, 1, 1, 0, 1, 1, 0, 1, 1, 0], [1, 1, 0, 1, 0, 1, 1, 1, 0, 1, 1, 0, 1, 0, 0, 1, 0, 1, 1, 1, 0, 1, 1, 0], [1, 1, 0, 1, 0, 1, 1, 1, 0, 1, 1, 0, 1, 0, 0, 1, 1, 0, 0, 0, 0, 0, 0, 0], [1, 1, 0, 1, 0, 1, 1, 1, 0, 1, 1, 0, 1, 0, 0, 1, 1, 0, 1, 1, 0, 1, 1, 0], [1, 1, 0, 1, 1, 0, 0, 0, 0, 1, 0, 1, 1, 0, 0, 1, 1, 0, 0, 0, 0, 1, 1, 0], [1, 1, 0, 1, 1, 0, 0, 0, 0, 1, 0, 1, 1, 0, 0, 1, 1, 0, 1, 1, 0, 1, 1, 0], [1, 1, 0, 1, 1, 0, 0, 0, 0, 1, 1, 0, 1, 0, 0, 1, 0, 0, 0, 1, 0, 1, 1, 0], [1, 1, 0, 1, 1, 0, 0, 0, 0, 1, 1, 0, 1, 0, 0, 1, 0, 1, 1, 1, 0, 0, 0, 0], [1, 1, 0, 1, 1, 0, 0, 0, 0, 1, 1, 0, 1, 0, 0, 1, 0, 1, 1, 1, 0, 1, 0, 1], [1, 1, 0, 1, 1, 0, 0, 0, 0, 1, 1, 0, 1, 0, 0, 1, 0, 1, 1, 1, 0, 1, 1, 0], [1, 1, 0, 1, 1, 0, 0, 0, 0, 1, 1, 0, 1, 0, 0, 1, 1, 0, 0, 0, 0, 1, 1, 0], [1, 1, 0, 1, 1, 0, 0, 0, 0, 1, 1, 0, 1, 0, 0, 1, 1, 0, 1, 0, 1, 1, 1, 0], [1, 1, 0, 1, 1, 0, 0, 0, 0, 1, 1, 0, 1, 0, 0, 1, 1, 0, 1, 1, 0, 1, 1, 0], [1, 1, 0, 1, 1, 0, 1, 0, 1, 0, 0, 0, 1, 0, 0, 1, 1, 0, 1, 1, 0, 1, 0, 1], [1, 1, 0, 1, 1, 0, 1, 0, 1, 1, 0, 1, 1, 0, 0, 1, 0, 1, 1, 1, 0, 1, 1, 0], [1, 1, 0, 1, 1, 0, 1, 0, 1, 1, 0, 1, 1, 0, 0, 1, 1, 0, 0, 0, 0, 1, 1, 0], [1, 1, 0, 1, 1, 0, 1, 0, 1, 1, 1, 0, 1, 0, 0, 1, 0, 0, 0, 1, 0, 1, 1, 0], [1, 1, 0, 1, 1, 0, 1, 0, 1, 1, 1, 0, 1, 0, 0, 1, 0, 1, 1, 1, 0, 0, 0, 0], [1, 1, 0, 1, 1, 0, 1, 0, 1, 1, 1, 0, 1, 0, 0, 1, 0, 1, 1, 1, 0, 1, 1, 0], [1, 1, 0, 1, 1, 0, 1, 0, 1, 1, 1, 0, 1, 0, 0, 1, 1, 0, 1, 0, 0, 0, 1, 0], [1, 1, 0, 1, 1, 0, 1, 0, 1, 1, 1, 0, 1, 0, 0, 1, 1, 0, 1, 0, 1, 1, 1, 0], [1, 1, 0, 1, 1, 0, 1, 0, 1, 1, 1, 0, 1, 0, 0, 1, 1, 0, 1, 1, 0, 0, 0, 0], [1, 1, 0, 1, 1, 0, 1, 0, 1, 1, 1, 0, 1, 0, 0, 1, 1, 0, 1, 1, 0, 1, 1, 0], [1, 1, 0, 1, 1, 0, 1, 1, 0, 0, 0, 0, 1, 0, 0, 1, 1, 0, 1, 1, 0, 1, 0, 1], [1, 1, 0, 1, 1, 0, 1, 1, 0, 0, 0, 0, 1, 0, 0, 1, 1, 0, 1, 1, 0, 1, 1, 0], [1, 1, 0, 1, 1, 0, 1, 1, 0, 1, 0, 1, 1, 0, 0, 1, 0, 1, 1, 0, 1, 1, 1, 0], [1, 1, 0, 1, 1, 0, 1, 1, 0, 1, 0, 1, 1, 0, 0, 1, 1, 0, 0, 0, 0, 1, 1, 0], [1, 1, 0, 1, 1, 0, 1, 1, 0, 1, 0, 1, 1, 0, 0, 1, 1, 0, 1, 0, 1, 1, 1, 0], [1, 1, 0, 1, 1, 0, 1, 1, 0, 1, 0, 1, 1, 0, 0, 1, 1, 0, 1, 1, 0, 1, 1, 0], [1, 1, 0, 1, 1, 0, 1, 1, 0, 1, 1, 0, 1, 0, 0, 0, 1, 0, 1, 1, 0, 1, 0, 0], [1, 1, 0, 1, 1, 0, 1, 1, 0, 1, 1, 0, 1, 0, 0, 1, 0, 0, 0, 1, 0, 0, 0, 0], [1, 1, 0, 1, 1, 0, 1, 1, 0, 1, 1, 0, 1, 0, 0, 1, 0, 0, 0, 1, 0, 1, 0, 1], [1, 1, 0, 1, 1, 0, 1, 1, 0, 1, 1, 0, 1, 0, 0, 1, 0, 1, 0, 0, 0, 1, 1, 0], [1, 1, 0, 1, 1, 0, 1, 1, 0, 1, 1, 0, 1, 0, 0, 1, 0, 1, 1, 1, 0, 0, 0, 0], [1, 1, 0, 1, 1, 0, 1, 1, 0, 1, 1, 0, 1, 0, 0, 1, 0, 1, 1, 1, 0, 1, 1, 0], [1, 1, 0, 1, 1, 0, 1, 1, 0, 1, 1, 0, 1, 0, 0, 1, 1, 0, 0, 0, 0, 0, 0, 0], [1, 1, 0, 1, 1, 0, 1, 1, 0, 1, 1, 0, 1, 0, 0, 1, 1, 0, 0, 0, 0, 1, 1, 0], [1, 1, 0, 1, 1, 0, 1, 1, 0, 1, 1, 0, 1, 0, 0, 1, 1, 0, 1, 0, 0, 0, 1, 0], [1, 1, 0, 1, 1, 0, 1, 1, 0, 1, 1, 0, 1, 0, 0, 1, 1, 0, 1, 0, 1, 0, 0, 0], [1, 1, 0, 1, 1, 0, 1, 1, 0, 1, 1, 0, 1, 0, 0, 1, 1, 0, 1, 0, 1, 1, 0, 1], [1, 1, 0, 1, 1, 0, 1, 1, 0, 1, 1, 0, 1, 0, 0, 1, 1, 0, 1, 0, 1, 1, 1, 0], [1, 1, 0, 1, 1, 0, 1, 1, 0, 1, 1, 0, 1, 0, 0, 1, 1, 0, 1, 1, 0, 0, 0, 0], [1, 1, 0, 1, 1, 0, 1, 1, 0, 1, 1, 0, 1, 0, 0, 1, 1, 0, 1, 1, 0, 1, 0, 1], [1, 1, 0, 1, 1, 0, 1, 1, 0, 1, 1, 0, 1, 0, 0, 1, 1, 0, 1, 1, 0, 1, 1, 0]]
[solve] probs=[0.00390625, 0.00390625, 0.00390625, 0.00390625, 0.00390625, 0.00390625, 0.00390625, 0.00390625, 0.00390625, 0.00390625, 0.00390625, 0.00390625, 0.00390625, 0.03125, 0.00390625, 0.00390625, 0.00390625, 0.00390625, 0.00390625, 0.0078125, 0.00390625, 0.01171875, 0.046875, 0.00390625, 0.0078125, 0.00390625, 0.00390625, 0.00390625, 0.01171875, 0.00390625, 0.00390625, 0.04296875, 0.0078125, 0.00390625, 0.00390625, 0.0078125, 0.00390625, 0.015625, 0.00390625, 0.0078125, 0.046875, 0.00390625, 0.00390625, 0.00390625, 0.00390625, 0.00390625, 0.00390625, 0.00390625, 0.00390625, 0.00390625, 0.02734375, 0.00390625, 0.00390625, 0.00390625, 0.01171875, 0.00390625, 0.03125, 0.00390625, 0.00390625, 0.0078125, 0.00390625, 0.0078125, 0.04296875, 0.00390625, 0.046875, 0.01171875, 0.00390625, 0.00390625, 0.01953125, 0.03515625, 0.0390625, 0.28515625]
[choco-best] objective=None probability=None solution=None
[circuit] metrics=[189, 50, 84, 254]
[solve] start
[parallel 38/274] path=data/miplib_benders/qaoa_problems/nvars_08/supportcase6_ds_qaoa_c539_c722_c726_0007.json status=ok wall=2720.5103333460866 peak_mb=407.30078125 choco_obj=
[problem] supportcase6_ds_qaoa_c722_c726_c733_0003 path=data/miplib_benders/qaoa_problems/nvars_08/supportcase6_ds_qaoa_c722_c726_c733_0003.json
[input] n_int=8 n_bin=24 n_constr=3
[input] A=[[1, 1, 1, 1, 1, 1, 1, 1], [1, 1, 0, 1, 1, 1, 1, 0], [1, 0, 1, 0, 0, 1, 0, 1]] b=[1, 1, 1] c=[134333000, 145944000, 144887000, 151847000, 150892000, 134333000, 145944000, 144887000]
[encoding]
  B100600(7) = B100600_7__b0 + 2*B100600_7__b1 + 4*B100600_7__b2
  B100602(7) = B100602_7__b0 + 2*B100602_7__b1 + 4*B100602_7__b2
  B100608(7) = B100608_7__b0 + 2*B100608_7__b1 + 4*B100608_7__b2
  B100623(7) = B100623_7__b0 + 2*B100623_7__b1 + 4*B100623_7__b2
  B101029(7) = B101029_7__b0 + 2*B101029_7__b1 + 4*B101029_7__b2
  B101035(7) = B101035_7__b0 + 2*B101035_7__b1 + 4*B101035_7__b2
  B101037(7) = B101037_7__b0 + 2*B101037_7__b1 + 4*B101037_7__b2
  B101043(7) = B101043_7__b0 + 2*B101043_7__b1 + 4*B101043_7__b2
[expanded] A_binary=[[1, 2, 4, 1, 2, 4, 1, 2, 4, 1, 2, 4, 1, 2, 4, 1, 2, 4, 1, 2, 4, 1, 2, 4], [1, 2, 4, 1, 2, 4, 0, 0, 0, 1, 2, 4, 1, 2, 4, 1, 2, 4, 1, 2, 4, 0, 0, 0], [1, 2, 4, 0, 0, 0, 1, 2, 4, 0, 0, 0, 0, 0, 0, 1, 2, 4, 0, 0, 0, 1, 2, 4]] b=[1, 1, 1]
[expanded] lin_constr_mtx=[[1, 2, 4, 1, 2, 4, 1, 2, 4, 1, 2, 4, 1, 2, 4, 1, 2, 4, 1, 2, 4, 1, 2, 4, 1], [1, 2, 4, 1, 2, 4, 0, 0, 0, 1, 2, 4, 1, 2, 4, 1, 2, 4, 1, 2, 4, 0, 0, 0, 1], [1, 2, 4, 0, 0, 0, 1, 2, 4, 0, 0, 0, 0, 0, 0, 1, 2, 4, 0, 0, 0, 1, 2, 4, 1]]
Set parameter Username
[classical] objective=134333000.0 solution={'B100600(7)': 1, 'B100602(7)': 0, 'B100608(7)': 0, 'B100623(7)': 0, 'B101029(7)': 0, 'B101035(7)': 0, 'B101037(7)': 0, 'B101043(7)': 0}
[circuit] metrics=[149, 50, 66, 254]
[solve] start
[solve] states=[[1, 0, 1, 1, 1, 0, 1, 0, 1, 1, 1, 0, 1, 1, 0, 1, 0, 1, 1, 1, 0, 1, 0, 0], [1, 0, 1, 1, 1, 0, 1, 1, 0, 0, 0, 0, 1, 1, 0, 1, 1, 0, 1, 1, 0, 1, 0, 0], [1, 0, 1, 1, 1, 0, 1, 1, 0, 1, 1, 0, 1, 1, 0, 1, 1, 0, 1, 0, 1, 1, 0, 0], [1, 0, 1, 1, 1, 0, 1, 1, 0, 1, 1, 0, 1, 1, 0, 1, 1, 0, 1, 1, 0, 1, 0, 0], [1, 1, 0, 1, 0, 1, 1, 1, 0, 1, 1, 0, 1, 1, 0, 1, 0, 1, 1, 1, 0, 1, 0, 0], [1, 1, 0, 1, 0, 1, 1, 1, 0, 1, 1, 0, 1, 1, 0, 1, 1, 0, 1, 1, 0, 1, 0, 0], [1, 1, 0, 1, 1, 0, 0, 0, 0, 1, 0, 1, 1, 1, 0, 1, 1, 0, 0, 0, 0, 1, 0, 0], [1, 1, 0, 1, 1, 0, 0, 0, 0, 1, 1, 0, 1, 1, 0, 1, 1, 0, 0, 0, 0, 1, 0, 0], [1, 1, 0, 1, 1, 0, 0, 0, 0, 1, 1, 0, 1, 1, 0, 1, 1, 0, 1, 1, 0, 1, 0, 0], [1, 1, 0, 1, 1, 0, 1, 0, 1, 0, 0, 0, 1, 1, 0, 1, 1, 0, 1, 1, 0, 1, 0, 0], [1, 1, 0, 1, 1, 0, 1, 0, 1, 1, 1, 0, 1, 1, 0, 1, 1, 0, 0, 0, 0, 1, 0, 0], [1, 1, 0, 1, 1, 0, 1, 0, 1, 1, 1, 0, 1, 1, 0, 1, 1, 0, 1, 1, 0, 1, 0, 0], [1, 1, 0, 1, 1, 0, 1, 1, 0, 0, 0, 0, 1, 1, 0, 1, 1, 0, 1, 1, 0, 1, 0, 0], [1, 1, 0, 1, 1, 0, 1, 1, 0, 1, 0, 1, 0, 0, 0, 1, 1, 0, 1, 1, 0, 1, 0, 0], [1, 1, 0, 1, 1, 0, 1, 1, 0, 1, 0, 1, 1, 1, 0, 0, 0, 0, 1, 1, 0, 1, 0, 0], [1, 1, 0, 1, 1, 0, 1, 1, 0, 1, 0, 1, 1, 1, 0, 1, 1, 0, 1, 1, 0, 1, 0, 0], [1, 1, 0, 1, 1, 0, 1, 1, 0, 1, 1, 0, 0, 0, 0, 1, 0, 1, 1, 1, 0, 1, 0, 0], [1, 1, 0, 1, 1, 0, 1, 1, 0, 1, 1, 0, 0, 0, 0, 1, 1, 0, 1, 1, 0, 1, 0, 0], [1, 1, 0, 1, 1, 0, 1, 1, 0, 1, 1, 0, 1, 0, 1, 1, 1, 0, 1, 1, 0, 1, 0, 0], [1, 1, 0, 1, 1, 0, 1, 1, 0, 1, 1, 0, 1, 1, 0, 0, 0, 0, 1, 0, 1, 1, 0, 0], [1, 1, 0, 1, 1, 0, 1, 1, 0, 1, 1, 0, 1, 1, 0, 0, 0, 0, 1, 1, 0, 1, 0, 0], [1, 1, 0, 1, 1, 0, 1, 1, 0, 1, 1, 0, 1, 1, 0, 1, 0, 1, 0, 0, 0, 1, 0, 0], [1, 1, 0, 1, 1, 0, 1, 1, 0, 1, 1, 0, 1, 1, 0, 1, 0, 1, 1, 0, 1, 1, 0, 0], [1, 1, 0, 1, 1, 0, 1, 1, 0, 1, 1, 0, 1, 1, 0, 1, 0, 1, 1, 1, 0, 1, 0, 0], [1, 1, 0, 1, 1, 0, 1, 1, 0, 1, 1, 0, 1, 1, 0, 1, 1, 0, 0, 0, 0, 1, 0, 0], [1, 1, 0, 1, 1, 0, 1, 1, 0, 1, 1, 0, 1, 1, 0, 1, 1, 0, 1, 0, 0, 0, 0, 0], [1, 1, 0, 1, 1, 0, 1, 1, 0, 1, 1, 0, 1, 1, 0, 1, 1, 0, 1, 0, 1, 1, 0, 0], [1, 1, 0, 1, 1, 0, 1, 1, 0, 1, 1, 0, 1, 1, 0, 1, 1, 0, 1, 1, 0, 1, 0, 0]]
[solve] probs=[0.00390625, 0.00390625, 0.00390625, 0.01953125, 0.0078125, 0.04296875, 0.00390625, 0.00390625, 0.0078125, 0.00390625, 0.00390625, 0.0234375, 0.0234375, 0.00390625, 0.0078125, 0.01953125, 0.00390625, 0.015625, 0.01171875, 0.00390625, 0.04296875, 0.00390625, 0.00390625, 0.01953125, 0.015625, 0.00390625, 0.01171875, 0.6796875]
[choco-best] objective=None probability=None solution=None
[parallel 39/274] path=data/miplib_benders/qaoa_problems/nvars_08/supportcase6_ds_qaoa_c722_c726_0005.json status=ok wall=1378.6936082929606 peak_mb=407.59375 choco_obj=
[problem] supportcase6_ds_qaoa_c726_c733_0001 path=data/miplib_benders/qaoa_problems/nvars_08/supportcase6_ds_qaoa_c726_c733_0001.json
[input] n_int=8 n_bin=24 n_constr=2
[input] A=[[1, 1, 1, 1, 0, 1, 1, 1], [0, 0, 1, 0, 1, 0, 0, 1]] b=[1, 1] c=[151847000, 150892000, 134333000, 145944000, 144887000, 151847000, 150892000, 134333000]
[encoding]
  B100166(7) = B100166_7__b0 + 2*B100166_7__b1 + 4*B100166_7__b2
  B100594(7) = B100594_7__b0 + 2*B100594_7__b1 + 4*B100594_7__b2
  B100600(7) = B100600_7__b0 + 2*B100600_7__b1 + 4*B100600_7__b2
  B100602(7) = B100602_7__b0 + 2*B100602_7__b1 + 4*B100602_7__b2
  B100608(7) = B100608_7__b0 + 2*B100608_7__b1 + 4*B100608_7__b2
  B100623(7) = B100623_7__b0 + 2*B100623_7__b1 + 4*B100623_7__b2
  B101029(7) = B101029_7__b0 + 2*B101029_7__b1 + 4*B101029_7__b2
  B101035(7) = B101035_7__b0 + 2*B101035_7__b1 + 4*B101035_7__b2
[expanded] A_binary=[[1, 2, 4, 1, 2, 4, 1, 2, 4, 1, 2, 4, 0, 0, 0, 1, 2, 4, 1, 2, 4, 1, 2, 4], [0, 0, 0, 0, 0, 0, 1, 2, 4, 0, 0, 0, 1, 2, 4, 0, 0, 0, 0, 0, 0, 1, 2, 4]] b=[1, 1]
[expanded] lin_constr_mtx=[[1, 2, 4, 1, 2, 4, 1, 2, 4, 1, 2, 4, 0, 0, 0, 1, 2, 4, 1, 2, 4, 1, 2, 4, 1], [0, 0, 0, 0, 0, 0, 1, 2, 4, 0, 0, 0, 1, 2, 4, 0, 0, 0, 0, 0, 0, 1, 2, 4, 1]]
Set parameter Username
[classical] objective=296734000.0 solution={'B100166(7)': 1, 'B100594(7)': 0, 'B100600(7)': 0, 'B100602(7)': 0, 'B100608(7)': 1, 'B100623(7)': 0, 'B101029(7)': 0, 'B101035(7)': 0}
[circuit] metrics=[342, 50, 161, 364]
[solve] start
[solve] states=[[1, 0, 1, 0, 0, 0, 1, 1, 0, 0, 0, 0, 0, 0, 0, 1, 1, 0, 1, 1, 0, 1, 0, 0], [1, 0, 1, 1, 1, 0, 1, 1, 0, 1, 0, 1, 0, 0, 0, 1, 1, 0, 1, 1, 0, 1, 0, 0], [1, 0, 1, 1, 1, 0, 1, 1, 0, 1, 1, 0, 0, 0, 0, 0, 0, 0, 1, 1, 0, 1, 0, 0], [1, 0, 1, 1, 1, 0, 1, 1, 0, 1, 1, 0, 0, 0, 0, 1, 1, 0, 1, 1, 0, 1, 0, 0], [1, 1, 0, 0, 0, 0, 1, 0, 1, 1, 1, 0, 0, 0, 0, 1, 0, 1, 1, 1, 0, 1, 0, 0], [1, 1, 0, 0, 0, 0, 1, 0, 1, 1, 1, 0, 0, 0, 0, 1, 1, 0, 0, 0, 0, 1, 0, 0], [1, 1, 0, 0, 0, 0, 1, 1, 0, 1, 1, 0, 0, 0, 0, 1, 0, 1, 1, 1, 0, 1, 0, 0], [1, 1, 0, 0, 0, 0, 1, 1, 0, 1, 1, 0, 0, 0, 0, 1, 1, 0, 0, 0, 0, 1, 0, 0], [1, 1, 0, 0, 0, 0, 1, 1, 0, 1, 1, 0, 0, 0, 0, 1, 1, 0, 1, 1, 0, 1, 0, 0], [1, 1, 0, 1, 0, 1, 1, 1, 0, 0, 0, 0, 0, 0, 0, 1, 1, 0, 1, 1, 0, 1, 0, 0], [1, 1, 0, 1, 0, 1, 1, 1, 0, 1, 1, 0, 0, 0, 0, 0, 0, 0, 1, 1, 0, 1, 0, 0], [1, 1, 0, 1, 0, 1, 1, 1, 0, 1, 1, 0, 0, 0, 0, 1, 1, 0, 0, 0, 0, 1, 0, 0], [1, 1, 0, 1, 0, 1, 1, 1, 0, 1, 1, 0, 0, 0, 0, 1, 1, 0, 1, 1, 0, 1, 0, 0], [1, 1, 0, 1, 1, 0, 1, 0, 1, 1, 0, 1, 0, 0, 0, 1, 1, 0, 1, 1, 0, 1, 0, 0], [1, 1, 0, 1, 1, 0, 1, 0, 1, 1, 1, 0, 0, 0, 0, 1, 1, 0, 0, 0, 0, 1, 0, 0], [1, 1, 0, 1, 1, 0, 1, 0, 1, 1, 1, 0, 0, 0, 0, 1, 1, 0, 1, 1, 0, 1, 0, 0], [1, 1, 0, 1, 1, 0, 1, 1, 0, 0, 0, 0, 0, 0, 0, 1, 0, 1, 1, 1, 0, 1, 0, 0], [1, 1, 0, 1, 1, 0, 1, 1, 0, 0, 0, 0, 0, 0, 0, 1, 1, 0, 0, 0, 0, 1, 0, 0], [1, 1, 0, 1, 1, 0, 1, 1, 0, 0, 0, 0, 0, 0, 0, 1, 1, 0, 1, 1, 0, 1, 0, 0], [1, 1, 0, 1, 1, 0, 1, 1, 0, 1, 0, 0, 1, 0, 0, 1, 1, 0, 1, 0, 1, 0, 0, 0], [1, 1, 0, 1, 1, 0, 1, 1, 0, 1, 0, 1, 0, 0, 0, 0, 0, 0, 1, 1, 0, 1, 0, 0], [1, 1, 0, 1, 1, 0, 1, 1, 0, 1, 0, 1, 0, 0, 0, 1, 0, 1, 1, 1, 0, 1, 0, 0], [1, 1, 0, 1, 1, 0, 1, 1, 0, 1, 0, 1, 0, 0, 0, 1, 1, 0, 1, 1, 0, 1, 0, 0], [1, 1, 0, 1, 1, 0, 1, 1, 0, 1, 1, 0, 0, 0, 0, 0, 0, 0, 0, 0, 0, 1, 0, 0], [1, 1, 0, 1, 1, 0, 1, 1, 0, 1, 1, 0, 0, 0, 0, 0, 0, 0, 1, 1, 0, 1, 0, 0], [1, 1, 0, 1, 1, 0, 1, 1, 0, 1, 1, 0, 0, 0, 0, 1, 0, 1, 1, 1, 0, 1, 0, 0], [1, 1, 0, 1, 1, 0, 1, 1, 0, 1, 1, 0, 0, 0, 0, 1, 1, 0, 0, 0, 0, 1, 0, 0], [1, 1, 0, 1, 1, 0, 1, 1, 0, 1, 1, 0, 0, 0, 0, 1, 1, 0, 1, 0, 1, 1, 0, 0], [1, 1, 0, 1, 1, 0, 1, 1, 0, 1, 1, 0, 0, 0, 0, 1, 1, 0, 1, 1, 0, 1, 0, 0]]
[solve] probs=[0.00390625, 0.00390625, 0.00390625, 0.01953125, 0.00390625, 0.00390625, 0.0078125, 0.00390625, 0.04296875, 0.00390625, 0.00390625, 0.00390625, 0.02734375, 0.00390625, 0.00390625, 0.04296875, 0.0078125, 0.00390625, 0.02734375, 0.00390625, 0.00390625, 0.0078125, 0.02734375, 0.00390625, 0.04296875, 0.0234375, 0.02734375, 0.02734375, 0.609375]
[choco-best] objective=None probability=None solution=None
[parallel 40/274] path=data/miplib_benders/qaoa_problems/nvars_08/supportcase6_ds_qaoa_c726_c733_0001.json status=ok wall=759.7637868199963 peak_mb=408.69921875 choco_obj=
[problem] supportcase6_ds_qaoa_c726_c733_0002 path=data/miplib_benders/qaoa_problems/nvars_08/supportcase6_ds_qaoa_c726_c733_0002.json
[input] n_int=8 n_bin=24 n_constr=2
[input] A=[[1, 1, 1, 0, 1, 1, 1, 1], [0, 1, 0, 1, 0, 0, 1, 0]] b=[1, 1] c=[150892000, 134333000, 145944000, 144887000, 151847000, 150892000, 134333000, 145944000]
[encoding]
  B100594(7) = B100594_7__b0 + 2*B100594_7__b1 + 4*B100594_7__b2
  B100600(7) = B100600_7__b0 + 2*B100600_7__b1 + 4*B100600_7__b2
  B100602(7) = B100602_7__b0 + 2*B100602_7__b1 + 4*B100602_7__b2
  B100608(7) = B100608_7__b0 + 2*B100608_7__b1 + 4*B100608_7__b2
  B100623(7) = B100623_7__b0 + 2*B100623_7__b1 + 4*B100623_7__b2
  B101029(7) = B101029_7__b0 + 2*B101029_7__b1 + 4*B101029_7__b2
  B101035(7) = B101035_7__b0 + 2*B101035_7__b1 + 4*B101035_7__b2
  B101037(7) = B101037_7__b0 + 2*B101037_7__b1 + 4*B101037_7__b2
[expanded] A_binary=[[1, 2, 4, 1, 2, 4, 1, 2, 4, 0, 0, 0, 1, 2, 4, 1, 2, 4, 1, 2, 4, 1, 2, 4], [0, 0, 0, 1, 2, 4, 0, 0, 0, 1, 2, 4, 0, 0, 0, 0, 0, 0, 1, 2, 4, 0, 0, 0]] b=[1, 1]
[expanded] lin_constr_mtx=[[1, 2, 4, 1, 2, 4, 1, 2, 4, 0, 0, 0, 1, 2, 4, 1, 2, 4, 1, 2, 4, 1, 2, 4, 1], [0, 0, 0, 1, 2, 4, 0, 0, 0, 1, 2, 4, 0, 0, 0, 0, 0, 0, 1, 2, 4, 0, 0, 0, 1]]
Set parameter Username
[classical] objective=296734000.0 solution={'B100594(7)': 0, 'B100600(7)': 0, 'B100602(7)': 0, 'B100608(7)': 1, 'B100623(7)': 1, 'B101029(7)': 0, 'B101035(7)': 0, 'B101037(7)': 0}
[circuit] metrics=[342, 50, 161, 364]
[solve] start
[solve] states=[[1, 0, 1, 1, 1, 0, 1, 1, 0, 0, 0, 0, 1, 1, 0, 1, 1, 0, 1, 0, 0, 1, 1, 0], [1, 1, 0, 1, 1, 0, 1, 1, 0, 0, 0, 0, 1, 1, 0, 0, 0, 0, 1, 0, 0, 1, 1, 0], [1, 1, 0, 1, 1, 0, 1, 1, 0, 0, 0, 0, 1, 1, 0, 1, 1, 0, 1, 0, 0, 1, 1, 0]]
[solve] probs=[0.00390625, 0.00390625, 0.9921875]
[choco-best] objective=None probability=None solution=None
[parallel 41/274] path=data/miplib_benders/qaoa_problems/nvars_08/supportcase6_ds_qaoa_c726_c733_0002.json status=ok wall=619.8259817339713 peak_mb=409.578125 choco_obj=
[problem] supportcase6_ds_qaoa_c726_c733_c745_0001 path=data/miplib_benders/qaoa_problems/nvars_08/supportcase6_ds_qaoa_c726_c733_c745_0001.json
[input] n_int=8 n_bin=24 n_constr=3
[input] A=[[1, 1, 1, 1, 0, 1, 1, 1], [0, 0, 1, 0, 1, 0, 0, 1], [0, 1, 1, 1, 1, 0, 1, 1]] b=[1, 1, 1] c=[151847000, 150892000, 134333000, 145944000, 144887000, 151847000, 150892000, 134333000]
[encoding]
  B100166(7) = B100166_7__b0 + 2*B100166_7__b1 + 4*B100166_7__b2
  B100594(7) = B100594_7__b0 + 2*B100594_7__b1 + 4*B100594_7__b2
  B100600(7) = B100600_7__b0 + 2*B100600_7__b1 + 4*B100600_7__b2
  B100602(7) = B100602_7__b0 + 2*B100602_7__b1 + 4*B100602_7__b2
  B100608(7) = B100608_7__b0 + 2*B100608_7__b1 + 4*B100608_7__b2
  B100623(7) = B100623_7__b0 + 2*B100623_7__b1 + 4*B100623_7__b2
  B101029(7) = B101029_7__b0 + 2*B101029_7__b1 + 4*B101029_7__b2
  B101035(7) = B101035_7__b0 + 2*B101035_7__b1 + 4*B101035_7__b2
[expanded] A_binary=[[1, 2, 4, 1, 2, 4, 1, 2, 4, 1, 2, 4, 0, 0, 0, 1, 2, 4, 1, 2, 4, 1, 2, 4], [0, 0, 0, 0, 0, 0, 1, 2, 4, 0, 0, 0, 1, 2, 4, 0, 0, 0, 0, 0, 0, 1, 2, 4], [0, 0, 0, 1, 2, 4, 1, 2, 4, 1, 2, 4, 1, 2, 4, 0, 0, 0, 1, 2, 4, 1, 2, 4]] b=[1, 1, 1]
[expanded] lin_constr_mtx=[[1, 2, 4, 1, 2, 4, 1, 2, 4, 1, 2, 4, 0, 0, 0, 1, 2, 4, 1, 2, 4, 1, 2, 4, 1], [0, 0, 0, 0, 0, 0, 1, 2, 4, 0, 0, 0, 1, 2, 4, 0, 0, 0, 0, 0, 0, 1, 2, 4, 1], [0, 0, 0, 1, 2, 4, 1, 2, 4, 1, 2, 4, 1, 2, 4, 0, 0, 0, 1, 2, 4, 1, 2, 4, 1]]
Set parameter Username
[classical] objective=296734000.0 solution={'B100166(7)': 0, 'B100594(7)': 0, 'B100600(7)': 0, 'B100602(7)': 0, 'B100608(7)': 1, 'B100623(7)': 1, 'B101029(7)': 0, 'B101035(7)': 0}
[circuit] metrics=[222, 50, 107, 355]
[solve] start
[solve] states=[[1, 0, 1, 1, 1, 0, 1, 1, 0, 1, 1, 0, 1, 1, 0, 1, 0, 0, 1, 1, 0, 1, 1, 0], [1, 1, 0, 1, 0, 1, 1, 1, 0, 1, 1, 0, 1, 1, 0, 1, 0, 0, 1, 1, 0, 1, 1, 0], [1, 1, 0, 1, 1, 0, 1, 0, 1, 1, 1, 0, 1, 1, 0, 1, 0, 0, 1, 1, 0, 1, 1, 0], [1, 1, 0, 1, 1, 0, 1, 1, 0, 0, 0, 0, 1, 1, 0, 1, 0, 0, 1, 1, 0, 1, 1, 0], [1, 1, 0, 1, 1, 0, 1, 1, 0, 1, 0, 1, 1, 1, 0, 1, 0, 0, 1, 1, 0, 1, 0, 1], [1, 1, 0, 1, 1, 0, 1, 1, 0, 1, 0, 1, 1, 1, 0, 1, 0, 0, 1, 1, 0, 1, 1, 0], [1, 1, 0, 1, 1, 0, 1, 1, 0, 1, 1, 0, 0, 0, 0, 1, 0, 0, 1, 1, 0, 1, 1, 0], [1, 1, 0, 1, 1, 0, 1, 1, 0, 1, 1, 0, 1, 0, 1, 1, 0, 0, 1, 1, 0, 1, 1, 0], [1, 1, 0, 1, 1, 0, 1, 1, 0, 1, 1, 0, 1, 1, 0, 1, 0, 0, 0, 0, 0, 1, 1, 0], [1, 1, 0, 1, 1, 0, 1, 1, 0, 1, 1, 0, 1, 1, 0, 1, 0, 0, 1, 0, 1, 1, 1, 0], [1, 1, 0, 1, 1, 0, 1, 1, 0, 1, 1, 0, 1, 1, 0, 1, 0, 0, 1, 1, 0, 0, 0, 0], [1, 1, 0, 1, 1, 0, 1, 1, 0, 1, 1, 0, 1, 1, 0, 1, 0, 0, 1, 1, 0, 1, 0, 1], [1, 1, 0, 1, 1, 0, 1, 1, 0, 1, 1, 0, 1, 1, 0, 1, 0, 0, 1, 1, 0, 1, 1, 0]]
[solve] probs=[0.02734375, 0.03515625, 0.015625, 0.00390625, 0.00390625, 0.01171875, 0.0234375, 0.00390625, 0.01953125, 0.01171875, 0.0234375, 0.015625, 0.8046875]
[choco-best] objective=None probability=None solution=None
[parallel 42/274] path=data/miplib_benders/qaoa_problems/nvars_08/supportcase6_ds_qaoa_c722_c726_c733_0003.json status=ok wall=2103.950459975982 peak_mb=408.8203125 choco_obj=
[problem] supportcase6_ds_qaoa_c726_c733_c745_0002 path=data/miplib_benders/qaoa_problems/nvars_08/supportcase6_ds_qaoa_c726_c733_c745_0002.json
[input] n_int=8 n_bin=24 n_constr=3
[input] A=[[1, 1, 1, 0, 1, 1, 1, 1], [0, 1, 0, 1, 0, 0, 1, 0], [1, 1, 1, 1, 0, 1, 1, 1]] b=[1, 1, 1] c=[150892000, 134333000, 145944000, 144887000, 151847000, 150892000, 134333000, 145944000]
[encoding]
  B100594(7) = B100594_7__b0 + 2*B100594_7__b1 + 4*B100594_7__b2
  B100600(7) = B100600_7__b0 + 2*B100600_7__b1 + 4*B100600_7__b2
  B100602(7) = B100602_7__b0 + 2*B100602_7__b1 + 4*B100602_7__b2
  B100608(7) = B100608_7__b0 + 2*B100608_7__b1 + 4*B100608_7__b2
  B100623(7) = B100623_7__b0 + 2*B100623_7__b1 + 4*B100623_7__b2
  B101029(7) = B101029_7__b0 + 2*B101029_7__b1 + 4*B101029_7__b2
  B101035(7) = B101035_7__b0 + 2*B101035_7__b1 + 4*B101035_7__b2
  B101037(7) = B101037_7__b0 + 2*B101037_7__b1 + 4*B101037_7__b2
[expanded] A_binary=[[1, 2, 4, 1, 2, 4, 1, 2, 4, 0, 0, 0, 1, 2, 4, 1, 2, 4, 1, 2, 4, 1, 2, 4], [0, 0, 0, 1, 2, 4, 0, 0, 0, 1, 2, 4, 0, 0, 0, 0, 0, 0, 1, 2, 4, 0, 0, 0], [1, 2, 4, 1, 2, 4, 1, 2, 4, 1, 2, 4, 0, 0, 0, 1, 2, 4, 1, 2, 4, 1, 2, 4]] b=[1, 1, 1]
[expanded] lin_constr_mtx=[[1, 2, 4, 1, 2, 4, 1, 2, 4, 0, 0, 0, 1, 2, 4, 1, 2, 4, 1, 2, 4, 1, 2, 4, 1], [0, 0, 0, 1, 2, 4, 0, 0, 0, 1, 2, 4, 0, 0, 0, 0, 0, 0, 1, 2, 4, 0, 0, 0, 1], [1, 2, 4, 1, 2, 4, 1, 2, 4, 1, 2, 4, 0, 0, 0, 1, 2, 4, 1, 2, 4, 1, 2, 4, 1]]
Set parameter Username
[classical] objective=296734000.0 solution={'B100594(7)': 0, 'B100600(7)': 0, 'B100602(7)': 0, 'B100608(7)': 1, 'B100623(7)': 1, 'B101029(7)': 0, 'B101035(7)': 0, 'B101037(7)': 0}
[circuit] metrics=[222, 50, 107, 355]
[solve] start
[solve] states=[[0, 1, 0, 1, 1, 0, 1, 1, 0, 0, 0, 0, 1, 1, 0, 1, 1, 0, 1, 0, 0, 1, 0, 0], [0, 1, 0, 1, 1, 0, 1, 1, 0, 1, 1, 0, 1, 1, 0, 1, 1, 0, 1, 0, 0, 1, 0, 0], [1, 0, 0, 0, 1, 0, 1, 1, 0, 1, 1, 0, 1, 1, 0, 0, 0, 0, 1, 1, 0, 1, 0, 0], [1, 0, 1, 1, 1, 0, 1, 1, 0, 0, 0, 0, 1, 1, 0, 0, 0, 0, 1, 1, 0, 1, 0, 0], [1, 0, 1, 1, 1, 0, 1, 1, 0, 0, 0, 0, 1, 1, 0, 1, 1, 0, 1, 1, 0, 1, 0, 0], [1, 0, 1, 1, 1, 0, 1, 1, 0, 1, 0, 1, 1, 1, 0, 1, 1, 0, 1, 1, 0, 1, 0, 0], [1, 0, 1, 1, 1, 0, 1, 1, 0, 1, 1, 0, 1, 1, 0, 0, 0, 0, 0, 0, 0, 1, 0, 0], [1, 0, 1, 1, 1, 0, 1, 1, 0, 1, 1, 0, 1, 1, 0, 0, 0, 0, 1, 1, 0, 1, 0, 0], [1, 0, 1, 1, 1, 0, 1, 1, 0, 1, 1, 0, 1, 1, 0, 1, 1, 0, 0, 0, 0, 1, 0, 0], [1, 0, 1, 1, 1, 0, 1, 1, 0, 1, 1, 0, 1, 1, 0, 1, 1, 0, 1, 0, 1, 1, 0, 0], [1, 0, 1, 1, 1, 0, 1, 1, 0, 1, 1, 0, 1, 1, 0, 1, 1, 0, 1, 1, 0, 1, 0, 0], [1, 1, 0, 0, 0, 0, 1, 1, 0, 0, 0, 0, 1, 1, 0, 1, 1, 0, 1, 1, 0, 1, 0, 0], [1, 1, 0, 0, 0, 0, 1, 1, 0, 1, 0, 1, 1, 1, 0, 1, 1, 0, 1, 1, 0, 1, 0, 0], [1, 1, 0, 0, 0, 0, 1, 1, 0, 1, 1, 0, 1, 1, 0, 0, 0, 0, 1, 1, 0, 1, 0, 0], [1, 1, 0, 0, 0, 0, 1, 1, 0, 1, 1, 0, 1, 1, 0, 1, 1, 0, 1, 0, 1, 1, 0, 0], [1, 1, 0, 0, 0, 0, 1, 1, 0, 1, 1, 0, 1, 1, 0, 1, 1, 0, 1, 1, 0, 1, 0, 0], [1, 1, 0, 1, 0, 1, 1, 1, 0, 1, 1, 0, 1, 1, 0, 0, 0, 0, 1, 1, 0, 1, 0, 0], [1, 1, 0, 1, 0, 1, 1, 1, 0, 1, 1, 0, 1, 1, 0, 1, 1, 0, 0, 0, 0, 1, 0, 0], [1, 1, 0, 1, 0, 1, 1, 1, 0, 1, 1, 0, 1, 1, 0, 1, 1, 0, 1, 1, 0, 1, 0, 0], [1, 1, 0, 1, 1, 0, 1, 0, 0, 1, 1, 0, 1, 1, 0, 1, 1, 0, 1, 1, 0, 0, 0, 0], [1, 1, 0, 1, 1, 0, 1, 0, 1, 1, 1, 0, 1, 0, 1, 1, 1, 0, 1, 0, 1, 1, 0, 0], [1, 1, 0, 1, 1, 0, 1, 0, 1, 1, 1, 0, 1, 1, 0, 1, 1, 0, 1, 1, 0, 1, 0, 0], [1, 1, 0, 1, 1, 0, 1, 1, 0, 0, 0, 0, 1, 1, 0, 0, 0, 0, 1, 1, 0, 1, 0, 0], [1, 1, 0, 1, 1, 0, 1, 1, 0, 0, 0, 0, 1, 1, 0, 1, 1, 0, 0, 0, 0, 1, 0, 0], [1, 1, 0, 1, 1, 0, 1, 1, 0, 0, 0, 0, 1, 1, 0, 1, 1, 0, 1, 0, 1, 1, 0, 0], [1, 1, 0, 1, 1, 0, 1, 1, 0, 0, 0, 0, 1, 1, 0, 1, 1, 0, 1, 1, 0, 1, 0, 0], [1, 1, 0, 1, 1, 0, 1, 1, 0, 1, 0, 0, 1, 1, 0, 0, 1, 0, 1, 0, 1, 1, 0, 0], [1, 1, 0, 1, 1, 0, 1, 1, 0, 1, 0, 1, 1, 1, 0, 0, 0, 0, 1, 1, 0, 1, 0, 0], [1, 1, 0, 1, 1, 0, 1, 1, 0, 1, 0, 1, 1, 1, 0, 1, 1, 0, 1, 0, 1, 1, 0, 0], [1, 1, 0, 1, 1, 0, 1, 1, 0, 1, 0, 1, 1, 1, 0, 1, 1, 0, 1, 1, 0, 1, 0, 0], [1, 1, 0, 1, 1, 0, 1, 1, 0, 1, 1, 0, 1, 0, 1, 0, 0, 0, 1, 1, 0, 1, 0, 0], [1, 1, 0, 1, 1, 0, 1, 1, 0, 1, 1, 0, 1, 0, 1, 1, 1, 0, 1, 1, 0, 1, 0, 0], [1, 1, 0, 1, 1, 0, 1, 1, 0, 1, 1, 0, 1, 1, 0, 0, 0, 0, 1, 1, 0, 1, 0, 0], [1, 1, 0, 1, 1, 0, 1, 1, 0, 1, 1, 0, 1, 1, 0, 1, 0, 0, 0, 1, 0, 1, 0, 0], [1, 1, 0, 1, 1, 0, 1, 1, 0, 1, 1, 0, 1, 1, 0, 1, 0, 1, 1, 0, 1, 1, 0, 0], [1, 1, 0, 1, 1, 0, 1, 1, 0, 1, 1, 0, 1, 1, 0, 1, 0, 1, 1, 1, 0, 1, 0, 0], [1, 1, 0, 1, 1, 0, 1, 1, 0, 1, 1, 0, 1, 1, 0, 1, 1, 0, 0, 0, 0, 1, 0, 0], [1, 1, 0, 1, 1, 0, 1, 1, 0, 1, 1, 0, 1, 1, 0, 1, 1, 0, 1, 0, 1, 1, 0, 0], [1, 1, 0, 1, 1, 0, 1, 1, 0, 1, 1, 0, 1, 1, 0, 1, 1, 0, 1, 1, 0, 1, 0, 0]]
[solve] probs=[0.00390625, 0.0078125, 0.00390625, 0.00390625, 0.0078125, 0.0078125, 0.00390625, 0.00390625, 0.00390625, 0.00390625, 0.01953125, 0.00390625, 0.00390625, 0.00390625, 0.00390625, 0.05078125, 0.00390625, 0.00390625, 0.0390625, 0.00390625, 0.00390625, 0.02734375, 0.00390625, 0.00390625, 0.00390625, 0.02734375, 0.00390625, 0.00390625, 0.00390625, 0.01953125, 0.00390625, 0.015625, 0.01171875, 0.00390625, 0.0078125, 0.01171875, 0.0390625, 0.03125, 0.5859375]
[choco-best] objective=None probability=None solution=None
[parallel 43/274] path=data/miplib_benders/qaoa_problems/nvars_08/supportcase6_ds_qaoa_c722_c726_c733_0001.json status=ok wall=2590.5775103539927 peak_mb=407.30078125 choco_obj=
[problem] supportcase6_ds_qaoa_c726_c733_c745_0003 path=data/miplib_benders/qaoa_problems/nvars_08/supportcase6_ds_qaoa_c726_c733_c745_0003.json
[input] n_int=8 n_bin=24 n_constr=3
[input] A=[[1, 1, 0, 1, 1, 1, 1, 0], [1, 0, 1, 0, 0, 1, 0, 1], [1, 1, 1, 0, 1, 1, 1, 1]] b=[1, 1, 1] c=[134333000, 145944000, 144887000, 151847000, 150892000, 134333000, 145944000, 144887000]
[encoding]
  B100600(7) = B100600_7__b0 + 2*B100600_7__b1 + 4*B100600_7__b2
  B100602(7) = B100602_7__b0 + 2*B100602_7__b1 + 4*B100602_7__b2
  B100608(7) = B100608_7__b0 + 2*B100608_7__b1 + 4*B100608_7__b2
  B100623(7) = B100623_7__b0 + 2*B100623_7__b1 + 4*B100623_7__b2
  B101029(7) = B101029_7__b0 + 2*B101029_7__b1 + 4*B101029_7__b2
  B101035(7) = B101035_7__b0 + 2*B101035_7__b1 + 4*B101035_7__b2
  B101037(7) = B101037_7__b0 + 2*B101037_7__b1 + 4*B101037_7__b2
  B101043(7) = B101043_7__b0 + 2*B101043_7__b1 + 4*B101043_7__b2
[expanded] A_binary=[[1, 2, 4, 1, 2, 4, 0, 0, 0, 1, 2, 4, 1, 2, 4, 1, 2, 4, 1, 2, 4, 0, 0, 0], [1, 2, 4, 0, 0, 0, 1, 2, 4, 0, 0, 0, 0, 0, 0, 1, 2, 4, 0, 0, 0, 1, 2, 4], [1, 2, 4, 1, 2, 4, 1, 2, 4, 0, 0, 0, 1, 2, 4, 1, 2, 4, 1, 2, 4, 1, 2, 4]] b=[1, 1, 1]
[expanded] lin_constr_mtx=[[1, 2, 4, 1, 2, 4, 0, 0, 0, 1, 2, 4, 1, 2, 4, 1, 2, 4, 1, 2, 4, 0, 0, 0, 1], [1, 2, 4, 0, 0, 0, 1, 2, 4, 0, 0, 0, 0, 0, 0, 1, 2, 4, 0, 0, 0, 1, 2, 4, 1], [1, 2, 4, 1, 2, 4, 1, 2, 4, 0, 0, 0, 1, 2, 4, 1, 2, 4, 1, 2, 4, 1, 2, 4, 1]]
Set parameter Username
[classical] objective=296734000.0 solution={'B100600(7)': 0, 'B100602(7)': 0, 'B100608(7)': 1, 'B100623(7)': 1, 'B101029(7)': 0, 'B101035(7)': 0, 'B101037(7)': 0, 'B101043(7)': 0}
[circuit] metrics=[222, 50, 107, 355]
[solve] start
[solve] states=[[1, 0, 1, 1, 0, 1, 1, 1, 0, 1, 1, 0, 0, 0, 0, 1, 1, 0, 1, 0, 0, 1, 1, 0], [1, 0, 1, 1, 1, 0, 1, 1, 0, 1, 1, 0, 0, 0, 0, 1, 1, 0, 1, 0, 0, 1, 0, 1], [1, 0, 1, 1, 1, 0, 1, 1, 0, 1, 1, 0, 0, 0, 0, 1, 1, 0, 1, 0, 0, 1, 1, 0], [1, 1, 0, 1, 0, 0, 1, 1, 0, 1, 1, 0, 0, 0, 0, 1, 1, 0, 0, 0, 0, 1, 1, 0], [1, 1, 0, 1, 0, 1, 1, 1, 0, 1, 0, 1, 0, 0, 0, 1, 1, 0, 1, 0, 0, 1, 1, 0], [1, 1, 0, 1, 0, 1, 1, 1, 0, 1, 1, 0, 0, 0, 0, 1, 1, 0, 1, 0, 0, 1, 1, 0], [1, 1, 0, 1, 1, 0, 0, 0, 0, 1, 1, 0, 0, 0, 0, 0, 0, 0, 1, 0, 0, 1, 1, 0], [1, 1, 0, 1, 1, 0, 0, 0, 0, 1, 1, 0, 0, 0, 0, 1, 1, 0, 1, 0, 0, 1, 1, 0], [1, 1, 0, 1, 1, 0, 1, 0, 1, 1, 1, 0, 0, 0, 0, 1, 1, 0, 1, 0, 0, 1, 0, 1], [1, 1, 0, 1, 1, 0, 1, 0, 1, 1, 1, 0, 0, 0, 0, 1, 1, 0, 1, 0, 0, 1, 1, 0], [1, 1, 0, 1, 1, 0, 1, 1, 0, 1, 0, 1, 0, 0, 0, 1, 1, 0, 1, 0, 0, 1, 1, 0], [1, 1, 0, 1, 1, 0, 1, 1, 0, 1, 1, 0, 0, 0, 0, 0, 0, 0, 1, 0, 0, 1, 0, 1], [1, 1, 0, 1, 1, 0, 1, 1, 0, 1, 1, 0, 0, 0, 0, 0, 0, 0, 1, 0, 0, 1, 1, 0], [1, 1, 0, 1, 1, 0, 1, 1, 0, 1, 1, 0, 0, 0, 0, 1, 0, 1, 1, 0, 0, 0, 0, 0], [1, 1, 0, 1, 1, 0, 1, 1, 0, 1, 1, 0, 0, 0, 0, 1, 0, 1, 1, 0, 0, 1, 1, 0], [1, 1, 0, 1, 1, 0, 1, 1, 0, 1, 1, 0, 0, 0, 0, 1, 1, 0, 1, 0, 0, 0, 0, 0], [1, 1, 0, 1, 1, 0, 1, 1, 0, 1, 1, 0, 0, 0, 0, 1, 1, 0, 1, 0, 0, 1, 0, 1], [1, 1, 0, 1, 1, 0, 1, 1, 0, 1, 1, 0, 0, 0, 0, 1, 1, 0, 1, 0, 0, 1, 1, 0]]
[solve] probs=[0.00390625, 0.00390625, 0.01953125, 0.0078125, 0.00390625, 0.0390625, 0.00390625, 0.01953125, 0.00390625, 0.02734375, 0.02734375, 0.00390625, 0.015625, 0.00390625, 0.03125, 0.05078125, 0.0078125, 0.7265625]
[choco-best] objective=None probability=None solution=None
[parallel 44/274] path=data/miplib_benders/qaoa_problems/nvars_08/supportcase6_ds_qaoa_c726_c733_c745_0002.json status=ok wall=1226.0646797589725 peak_mb=410.22265625 choco_obj=
[problem] supportcase6_ds_qaoa_c726_c733_c745_0004 path=data/miplib_benders/qaoa_problems/nvars_08/supportcase6_ds_qaoa_c726_c733_c745_0004.json
[input] n_int=8 n_bin=24 n_constr=3
[input] A=[[1, 0, 1, 1, 1, 1, 0, 1], [0, 1, 0, 0, 1, 0, 1, 0], [1, 1, 0, 1, 1, 1, 1, 0]] b=[1, 1, 1] c=[145944000, 144887000, 151847000, 150892000, 134333000, 145944000, 144887000, 151847000]
[encoding]
  B100602(7) = B100602_7__b0 + 2*B100602_7__b1 + 4*B100602_7__b2
  B100608(7) = B100608_7__b0 + 2*B100608_7__b1 + 4*B100608_7__b2
  B100623(7) = B100623_7__b0 + 2*B100623_7__b1 + 4*B100623_7__b2
  B101029(7) = B101029_7__b0 + 2*B101029_7__b1 + 4*B101029_7__b2
  B101035(7) = B101035_7__b0 + 2*B101035_7__b1 + 4*B101035_7__b2
  B101037(7) = B101037_7__b0 + 2*B101037_7__b1 + 4*B101037_7__b2
  B101043(7) = B101043_7__b0 + 2*B101043_7__b1 + 4*B101043_7__b2
  B101058(7) = B101058_7__b0 + 2*B101058_7__b1 + 4*B101058_7__b2
[expanded] A_binary=[[1, 2, 4, 0, 0, 0, 1, 2, 4, 1, 2, 4, 1, 2, 4, 1, 2, 4, 0, 0, 0, 1, 2, 4], [0, 0, 0, 1, 2, 4, 0, 0, 0, 0, 0, 0, 1, 2, 4, 0, 0, 0, 1, 2, 4, 0, 0, 0], [1, 2, 4, 1, 2, 4, 0, 0, 0, 1, 2, 4, 1, 2, 4, 1, 2, 4, 1, 2, 4, 0, 0, 0]] b=[1, 1, 1]
[expanded] lin_constr_mtx=[[1, 2, 4, 0, 0, 0, 1, 2, 4, 1, 2, 4, 1, 2, 4, 1, 2, 4, 0, 0, 0, 1, 2, 4, 1], [0, 0, 0, 1, 2, 4, 0, 0, 0, 0, 0, 0, 1, 2, 4, 0, 0, 0, 1, 2, 4, 0, 0, 0, 1], [1, 2, 4, 1, 2, 4, 0, 0, 0, 1, 2, 4, 1, 2, 4, 1, 2, 4, 1, 2, 4, 0, 0, 0, 1]]
Set parameter Username
[classical] objective=296734000.0 solution={'B100602(7)': 0, 'B100608(7)': 1, 'B100623(7)': 0, 'B101029(7)': 0, 'B101035(7)': 0, 'B101037(7)': 0, 'B101043(7)': 0, 'B101058(7)': 1}
[circuit] metrics=[222, 50, 107, 354]
[solve] start
[solve] states=[[1, 0, 1, 0, 1, 0, 1, 1, 0, 1, 1, 0, 0, 0, 0, 1, 1, 0, 1, 0, 0, 1, 0, 0], [1, 0, 1, 1, 0, 0, 1, 1, 0, 0, 1, 0, 0, 0, 0, 1, 1, 0, 0, 0, 0, 1, 0, 0], [1, 0, 1, 1, 0, 1, 1, 1, 0, 1, 1, 0, 0, 0, 0, 1, 1, 0, 1, 1, 0, 1, 0, 0], [1, 0, 1, 1, 1, 0, 1, 0, 1, 1, 1, 0, 0, 0, 0, 1, 1, 0, 1, 1, 0, 1, 0, 0], [1, 0, 1, 1, 1, 0, 1, 1, 0, 0, 0, 0, 0, 0, 0, 1, 1, 0, 1, 1, 0, 1, 0, 0], [1, 0, 1, 1, 1, 0, 1, 1, 0, 1, 0, 1, 0, 0, 0, 1, 1, 0, 1, 0, 1, 1, 0, 0], [1, 0, 1, 1, 1, 0, 1, 1, 0, 1, 0, 1, 0, 0, 0, 1, 1, 0, 1, 1, 0, 1, 0, 0], [1, 0, 1, 1, 1, 0, 1, 1, 0, 1, 1, 0, 0, 0, 0, 1, 1, 0, 1, 0, 1, 1, 0, 0], [1, 0, 1, 1, 1, 0, 1, 1, 0, 1, 1, 0, 0, 0, 0, 1, 1, 0, 1, 1, 0, 1, 0, 0], [1, 1, 0, 1, 0, 0, 1, 1, 0, 0, 1, 0, 0, 0, 0, 1, 1, 0, 1, 1, 0, 1, 0, 0], [1, 1, 0, 1, 0, 1, 1, 1, 0, 1, 1, 0, 0, 0, 0, 1, 0, 1, 1, 1, 0, 1, 0, 0], [1, 1, 0, 1, 0, 1, 1, 1, 0, 1, 1, 0, 0, 0, 0, 1, 1, 0, 0, 0, 0, 1, 0, 0], [1, 1, 0, 1, 0, 1, 1, 1, 0, 1, 1, 0, 0, 0, 0, 1, 1, 0, 1, 1, 0, 1, 0, 0], [1, 1, 0, 1, 1, 0, 1, 0, 1, 0, 0, 0, 0, 0, 0, 1, 1, 0, 1, 1, 0, 1, 0, 0], [1, 1, 0, 1, 1, 0, 1, 0, 1, 1, 1, 0, 0, 0, 0, 0, 0, 0, 1, 1, 0, 1, 0, 0], [1, 1, 0, 1, 1, 0, 1, 0, 1, 1, 1, 0, 0, 0, 0, 1, 1, 0, 0, 0, 0, 1, 0, 0], [1, 1, 0, 1, 1, 0, 1, 0, 1, 1, 1, 0, 0, 0, 0, 1, 1, 0, 1, 1, 0, 1, 0, 0], [1, 1, 0, 1, 1, 0, 1, 1, 0, 0, 0, 0, 0, 0, 0, 0, 0, 0, 1, 1, 0, 1, 0, 0], [1, 1, 0, 1, 1, 0, 1, 1, 0, 0, 0, 0, 0, 0, 0, 1, 1, 0, 1, 0, 1, 1, 0, 0], [1, 1, 0, 1, 1, 0, 1, 1, 0, 0, 0, 0, 0, 0, 0, 1, 1, 0, 1, 1, 0, 1, 0, 0], [1, 1, 0, 1, 1, 0, 1, 1, 0, 1, 0, 0, 0, 0, 0, 1, 1, 0, 0, 1, 0, 1, 0, 0], [1, 1, 0, 1, 1, 0, 1, 1, 0, 1, 0, 1, 0, 0, 0, 1, 0, 1, 0, 0, 0, 1, 0, 0], [1, 1, 0, 1, 1, 0, 1, 1, 0, 1, 0, 1, 0, 0, 0, 1, 1, 0, 0, 0, 0, 1, 0, 0], [1, 1, 0, 1, 1, 0, 1, 1, 0, 1, 0, 1, 0, 0, 0, 1, 1, 0, 1, 1, 0, 1, 0, 0], [1, 1, 0, 1, 1, 0, 1, 1, 0, 1, 1, 0, 0, 0, 0, 0, 0, 0, 0, 0, 0, 1, 0, 0], [1, 1, 0, 1, 1, 0, 1, 1, 0, 1, 1, 0, 0, 0, 0, 0, 0, 0, 1, 1, 0, 1, 0, 0], [1, 1, 0, 1, 1, 0, 1, 1, 0, 1, 1, 0, 0, 0, 0, 1, 0, 1, 1, 0, 1, 1, 0, 0], [1, 1, 0, 1, 1, 0, 1, 1, 0, 1, 1, 0, 0, 0, 0, 1, 0, 1, 1, 1, 0, 1, 0, 0], [1, 1, 0, 1, 1, 0, 1, 1, 0, 1, 1, 0, 0, 0, 0, 1, 1, 0, 0, 0, 0, 1, 0, 0], [1, 1, 0, 1, 1, 0, 1, 1, 0, 1, 1, 0, 0, 0, 0, 1, 1, 0, 1, 0, 1, 1, 0, 0], [1, 1, 0, 1, 1, 0, 1, 1, 0, 1, 1, 0, 0, 0, 0, 1, 1, 0, 1, 1, 0, 1, 0, 0]]
[solve] probs=[0.00390625, 0.00390625, 0.00390625, 0.00390625, 0.00390625, 0.00390625, 0.00390625, 0.0078125, 0.0390625, 0.00390625, 0.00390625, 0.00390625, 0.02734375, 0.00390625, 0.0078125, 0.00390625, 0.03125, 0.01171875, 0.00390625, 0.04296875, 0.00390625, 0.00390625, 0.00390625, 0.046875, 0.00390625, 0.0390625, 0.00390625, 0.03515625, 0.01953125, 0.04296875, 0.578125]
[choco-best] objective=None probability=None solution=None
[parallel 45/274] path=data/miplib_benders/qaoa_problems/nvars_08/supportcase6_ds_qaoa_c726_c733_c745_0001.json status=ok wall=1848.5169902589405 peak_mb=411.5 choco_obj=
[problem] supportcase6_ds_qaoa_c726_c733_c745_0005 path=data/miplib_benders/qaoa_problems/nvars_08/supportcase6_ds_qaoa_c726_c733_c745_0005.json
[input] n_int=8 n_bin=24 n_constr=3
[input] A=[[0, 1, 1, 1, 1, 0, 1, 1], [1, 0, 0, 1, 0, 1, 0, 0], [1, 0, 1, 1, 1, 1, 0, 1]] b=[1, 1, 1] c=[144887000, 151847000, 150892000, 134333000, 145944000, 144887000, 151847000, 150892000]
[encoding]
  B100608(7) = B100608_7__b0 + 2*B100608_7__b1 + 4*B100608_7__b2
  B100623(7) = B100623_7__b0 + 2*B100623_7__b1 + 4*B100623_7__b2
  B101029(7) = B101029_7__b0 + 2*B101029_7__b1 + 4*B101029_7__b2
  B101035(7) = B101035_7__b0 + 2*B101035_7__b1 + 4*B101035_7__b2
  B101037(7) = B101037_7__b0 + 2*B101037_7__b1 + 4*B101037_7__b2
  B101043(7) = B101043_7__b0 + 2*B101043_7__b1 + 4*B101043_7__b2
  B101058(7) = B101058_7__b0 + 2*B101058_7__b1 + 4*B101058_7__b2
  B101479(7) = B101479_7__b0 + 2*B101479_7__b1 + 4*B101479_7__b2
[expanded] A_binary=[[0, 0, 0, 1, 2, 4, 1, 2, 4, 1, 2, 4, 1, 2, 4, 0, 0, 0, 1, 2, 4, 1, 2, 4], [1, 2, 4, 0, 0, 0, 0, 0, 0, 1, 2, 4, 0, 0, 0, 1, 2, 4, 0, 0, 0, 0, 0, 0], [1, 2, 4, 0, 0, 0, 1, 2, 4, 1, 2, 4, 1, 2, 4, 1, 2, 4, 0, 0, 0, 1, 2, 4]] b=[1, 1, 1]
[expanded] lin_constr_mtx=[[0, 0, 0, 1, 2, 4, 1, 2, 4, 1, 2, 4, 1, 2, 4, 0, 0, 0, 1, 2, 4, 1, 2, 4, 1], [1, 2, 4, 0, 0, 0, 0, 0, 0, 1, 2, 4, 0, 0, 0, 1, 2, 4, 0, 0, 0, 0, 0, 0, 1], [1, 2, 4, 0, 0, 0, 1, 2, 4, 1, 2, 4, 1, 2, 4, 1, 2, 4, 0, 0, 0, 1, 2, 4, 1]]
Set parameter Username
[classical] objective=296734000.0 solution={'B100608(7)': 1, 'B100623(7)': 0, 'B101029(7)': 0, 'B101035(7)': 0, 'B101037(7)': 0, 'B101043(7)': 0, 'B101058(7)': 1, 'B101479(7)': 0}
[circuit] metrics=[222, 50, 107, 354]
[solve] start
[solve] states=[[1, 0, 1, 1, 0, 0, 1, 1, 0, 1, 1, 0, 1, 1, 0, 0, 0, 0, 0, 0, 0, 1, 1, 0], [1, 0, 1, 1, 0, 1, 1, 1, 0, 1, 1, 0, 1, 1, 0, 0, 0, 0, 1, 0, 0, 1, 1, 0], [1, 0, 1, 1, 0, 1, 1, 1, 0, 1, 1, 0, 1, 1, 0, 1, 1, 0, 1, 0, 0, 1, 1, 0], [1, 0, 1, 1, 1, 0, 0, 0, 0, 1, 1, 0, 1, 1, 0, 1, 1, 0, 1, 0, 0, 1, 1, 0], [1, 0, 1, 1, 1, 0, 1, 1, 0, 1, 0, 1, 1, 1, 0, 1, 1, 0, 1, 0, 0, 1, 0, 1], [1, 0, 1, 1, 1, 0, 1, 1, 0, 1, 0, 1, 1, 1, 0, 1, 1, 0, 1, 0, 0, 1, 1, 0], [1, 0, 1, 1, 1, 0, 1, 1, 0, 1, 1, 0, 1, 1, 0, 1, 1, 0, 1, 0, 0, 1, 0, 1], [1, 0, 1, 1, 1, 0, 1, 1, 0, 1, 1, 0, 1, 1, 0, 1, 1, 0, 1, 0, 0, 1, 1, 0], [1, 1, 0, 1, 0, 0, 1, 1, 0, 1, 1, 0, 1, 1, 0, 0, 0, 0, 0, 0, 0, 1, 1, 0], [1, 1, 0, 1, 0, 1, 1, 1, 0, 1, 0, 1, 1, 0, 1, 1, 1, 0, 1, 0, 0, 1, 1, 0], [1, 1, 0, 1, 0, 1, 1, 1, 0, 1, 1, 0, 0, 0, 0, 1, 1, 0, 1, 0, 0, 1, 1, 0], [1, 1, 0, 1, 0, 1, 1, 1, 0, 1, 1, 0, 1, 0, 1, 1, 1, 0, 1, 0, 0, 1, 1, 0], [1, 1, 0, 1, 0, 1, 1, 1, 0, 1, 1, 0, 1, 1, 0, 1, 0, 0, 1, 0, 0, 0, 1, 0], [1, 1, 0, 1, 0, 1, 1, 1, 0, 1, 1, 0, 1, 1, 0, 1, 1, 0, 1, 0, 0, 0, 0, 0], [1, 1, 0, 1, 0, 1, 1, 1, 0, 1, 1, 0, 1, 1, 0, 1, 1, 0, 1, 0, 0, 1, 1, 0], [1, 1, 0, 1, 1, 0, 0, 0, 0, 1, 1, 0, 0, 0, 0, 1, 0, 1, 1, 0, 0, 1, 1, 0], [1, 1, 0, 1, 1, 0, 0, 0, 0, 1, 1, 0, 1, 1, 0, 0, 0, 0, 1, 0, 0, 1, 1, 0], [1, 1, 0, 1, 1, 0, 0, 0, 0, 1, 1, 0, 1, 1, 0, 1, 0, 1, 1, 0, 0, 0, 0, 0], [1, 1, 0, 1, 1, 0, 0, 0, 0, 1, 1, 0, 1, 1, 0, 1, 1, 0, 1, 0, 0, 1, 0, 1], [1, 1, 0, 1, 1, 0, 0, 0, 0, 1, 1, 0, 1, 1, 0, 1, 1, 0, 1, 0, 0, 1, 1, 0], [1, 1, 0, 1, 1, 0, 1, 0, 0, 1, 1, 0, 0, 1, 0, 1, 1, 0, 1, 0, 0, 1, 1, 0], [1, 1, 0, 1, 1, 0, 1, 0, 1, 1, 0, 1, 1, 1, 0, 1, 1, 0, 1, 0, 0, 1, 1, 0], [1, 1, 0, 1, 1, 0, 1, 0, 1, 1, 1, 0, 1, 0, 1, 1, 1, 0, 1, 0, 0, 1, 1, 0], [1, 1, 0, 1, 1, 0, 1, 0, 1, 1, 1, 0, 1, 1, 0, 1, 0, 1, 1, 0, 0, 1, 1, 0], [1, 1, 0, 1, 1, 0, 1, 0, 1, 1, 1, 0, 1, 1, 0, 1, 1, 0, 1, 0, 0, 0, 0, 0], [1, 1, 0, 1, 1, 0, 1, 0, 1, 1, 1, 0, 1, 1, 0, 1, 1, 0, 1, 0, 0, 1, 0, 1], [1, 1, 0, 1, 1, 0, 1, 0, 1, 1, 1, 0, 1, 1, 0, 1, 1, 0, 1, 0, 0, 1, 1, 0], [1, 1, 0, 1, 1, 0, 1, 1, 0, 0, 0, 0, 1, 1, 0, 1, 1, 0, 1, 0, 0, 1, 1, 0], [1, 1, 0, 1, 1, 0, 1, 1, 0, 1, 0, 1, 1, 0, 1, 0, 0, 0, 1, 0, 0, 1, 1, 0], [1, 1, 0, 1, 1, 0, 1, 1, 0, 1, 0, 1, 1, 0, 1, 1, 1, 0, 1, 0, 0, 1, 0, 1], [1, 1, 0, 1, 1, 0, 1, 1, 0, 1, 0, 1, 1, 1, 0, 0, 0, 0, 1, 0, 0, 1, 1, 0], [1, 1, 0, 1, 1, 0, 1, 1, 0, 1, 0, 1, 1, 1, 0, 1, 0, 1, 1, 0, 0, 1, 1, 0], [1, 1, 0, 1, 1, 0, 1, 1, 0, 1, 0, 1, 1, 1, 0, 1, 1, 0, 1, 0, 0, 0, 0, 0], [1, 1, 0, 1, 1, 0, 1, 1, 0, 1, 0, 1, 1, 1, 0, 1, 1, 0, 1, 0, 0, 1, 1, 0], [1, 1, 0, 1, 1, 0, 1, 1, 0, 1, 1, 0, 0, 0, 0, 1, 1, 0, 1, 0, 0, 0, 0, 0], [1, 1, 0, 1, 1, 0, 1, 1, 0, 1, 1, 0, 0, 0, 0, 1, 1, 0, 1, 0, 0, 1, 1, 0], [1, 1, 0, 1, 1, 0, 1, 1, 0, 1, 1, 0, 1, 0, 1, 0, 0, 0, 1, 0, 0, 1, 1, 0], [1, 1, 0, 1, 1, 0, 1, 1, 0, 1, 1, 0, 1, 0, 1, 1, 0, 1, 1, 0, 0, 1, 1, 0], [1, 1, 0, 1, 1, 0, 1, 1, 0, 1, 1, 0, 1, 0, 1, 1, 1, 0, 1, 0, 0, 1, 1, 0], [1, 1, 0, 1, 1, 0, 1, 1, 0, 1, 1, 0, 1, 1, 0, 0, 0, 0, 1, 0, 0, 1, 1, 0], [1, 1, 0, 1, 1, 0, 1, 1, 0, 1, 1, 0, 1, 1, 0, 1, 0, 0, 1, 0, 0, 0, 0, 1], [1, 1, 0, 1, 1, 0, 1, 1, 0, 1, 1, 0, 1, 1, 0, 1, 0, 0, 1, 0, 0, 0, 1, 0], [1, 1, 0, 1, 1, 0, 1, 1, 0, 1, 1, 0, 1, 1, 0, 1, 0, 1, 1, 0, 0, 0, 0, 0], [1, 1, 0, 1, 1, 0, 1, 1, 0, 1, 1, 0, 1, 1, 0, 1, 0, 1, 1, 0, 0, 1, 0, 1], [1, 1, 0, 1, 1, 0, 1, 1, 0, 1, 1, 0, 1, 1, 0, 1, 0, 1, 1, 0, 0, 1, 1, 0], [1, 1, 0, 1, 1, 0, 1, 1, 0, 1, 1, 0, 1, 1, 0, 1, 1, 0, 1, 0, 0, 0, 0, 0], [1, 1, 0, 1, 1, 0, 1, 1, 0, 1, 1, 0, 1, 1, 0, 1, 1, 0, 1, 0, 0, 1, 0, 1], [1, 1, 0, 1, 1, 0, 1, 1, 0, 1, 1, 0, 1, 1, 0, 1, 1, 0, 1, 0, 0, 1, 1, 0]]
[solve] probs=[0.00390625, 0.00390625, 0.00390625, 0.00390625, 0.00390625, 0.0078125, 0.00390625, 0.03515625, 0.00390625, 0.00390625, 0.00390625, 0.01171875, 0.00390625, 0.0078125, 0.03125, 0.00390625, 0.00390625, 0.00390625, 0.00390625, 0.03125, 0.00390625, 0.0078125, 0.0078125, 0.0078125, 0.0078125, 0.00390625, 0.02734375, 0.00390625, 0.00390625, 0.00390625, 0.0078125, 0.01171875, 0.00390625, 0.03515625, 0.0078125, 0.02734375, 0.00390625, 0.00390625, 0.015625, 0.0234375, 0.00390625, 0.00390625, 0.00390625, 0.00390625, 0.0234375, 0.03125, 0.0703125, 0.4609375]
[choco-best] objective=None probability=None solution=None
[parallel 46/274] path=data/miplib_benders/qaoa_problems/nvars_08/supportcase6_ds_qaoa_c722_c726_c733_0002.json status=ok wall=3566.8781350280624 peak_mb=408.80859375 choco_obj=
[problem] supportcase6_ds_qaoa_c733_c745_0001 path=data/miplib_benders/qaoa_problems/nvars_08/supportcase6_ds_qaoa_c733_c745_0001.json
[input] n_int=8 n_bin=24 n_constr=2
[input] A=[[0, 1, 0, 1, 0, 1, 0, 1], [1, 1, 1, 1, 1, 1, 1, 1]] b=[1, 1] c=[150892000, 134333000, 145944000, 144887000, 150892000, 134333000, 145944000, 144887000]
[encoding]
  B100594(7) = B100594_7__b0 + 2*B100594_7__b1 + 4*B100594_7__b2
  B100600(7) = B100600_7__b0 + 2*B100600_7__b1 + 4*B100600_7__b2
  B100602(7) = B100602_7__b0 + 2*B100602_7__b1 + 4*B100602_7__b2
  B100608(7) = B100608_7__b0 + 2*B100608_7__b1 + 4*B100608_7__b2
  B101029(7) = B101029_7__b0 + 2*B101029_7__b1 + 4*B101029_7__b2
  B101035(7) = B101035_7__b0 + 2*B101035_7__b1 + 4*B101035_7__b2
  B101037(7) = B101037_7__b0 + 2*B101037_7__b1 + 4*B101037_7__b2
  B101043(7) = B101043_7__b0 + 2*B101043_7__b1 + 4*B101043_7__b2
[expanded] A_binary=[[0, 0, 0, 1, 2, 4, 0, 0, 0, 1, 2, 4, 0, 0, 0, 1, 2, 4, 0, 0, 0, 1, 2, 4], [1, 2, 4, 1, 2, 4, 1, 2, 4, 1, 2, 4, 1, 2, 4, 1, 2, 4, 1, 2, 4, 1, 2, 4]] b=[1, 1]
[expanded] lin_constr_mtx=[[0, 0, 0, 1, 2, 4, 0, 0, 0, 1, 2, 4, 0, 0, 0, 1, 2, 4, 0, 0, 0, 1, 2, 4, 1], [1, 2, 4, 1, 2, 4, 1, 2, 4, 1, 2, 4, 1, 2, 4, 1, 2, 4, 1, 2, 4, 1, 2, 4, 1]]
Set parameter Username
[classical] objective=144887000.0 solution={'B100594(7)': 0, 'B100600(7)': 0, 'B100602(7)': 0, 'B100608(7)': 1, 'B101029(7)': 0, 'B101035(7)': 0, 'B101037(7)': 0, 'B101043(7)': 0}
[circuit] metrics=[149, 50, 66, 263]
[solve] start
[solve] states=[[1, 0, 0, 1, 1, 0, 1, 1, 0, 0, 0, 0, 1, 1, 0, 0, 0, 0, 1, 1, 0, 1, 1, 0], [1, 0, 1, 1, 1, 0, 1, 0, 1, 0, 0, 0, 1, 1, 0, 1, 0, 0, 1, 1, 0, 1, 1, 0], [1, 0, 1, 1, 1, 0, 1, 1, 0, 0, 0, 0, 1, 0, 1, 1, 0, 0, 1, 1, 0, 1, 1, 0], [1, 0, 1, 1, 1, 0, 1, 1, 0, 0, 0, 0, 1, 1, 0, 1, 0, 0, 1, 0, 1, 1, 1, 0], [1, 0, 1, 1, 1, 0, 1, 1, 0, 0, 0, 0, 1, 1, 0, 1, 0, 0, 1, 1, 0, 0, 0, 0], [1, 0, 1, 1, 1, 0, 1, 1, 0, 0, 0, 0, 1, 1, 0, 1, 0, 0, 1, 1, 0, 1, 1, 0], [1, 1, 0, 1, 0, 1, 1, 0, 1, 0, 0, 0, 0, 0, 0, 1, 0, 0, 1, 1, 0, 1, 1, 0], [1, 1, 0, 1, 0, 1, 1, 0, 1, 0, 0, 0, 1, 1, 0, 1, 0, 0, 1, 1, 0, 1, 1, 0], [1, 1, 0, 1, 0, 1, 1, 1, 0, 0, 0, 0, 0, 0, 0, 1, 0, 0, 1, 1, 0, 1, 1, 0], [1, 1, 0, 1, 0, 1, 1, 1, 0, 0, 0, 0, 1, 1, 0, 1, 0, 0, 0, 0, 0, 1, 1, 0], [1, 1, 0, 1, 0, 1, 1, 1, 0, 0, 0, 0, 1, 1, 0, 1, 0, 0, 1, 0, 1, 1, 1, 0], [1, 1, 0, 1, 0, 1, 1, 1, 0, 0, 0, 0, 1, 1, 0, 1, 0, 0, 1, 1, 0, 1, 0, 1], [1, 1, 0, 1, 0, 1, 1, 1, 0, 0, 0, 0, 1, 1, 0, 1, 0, 0, 1, 1, 0, 1, 1, 0], [1, 1, 0, 1, 1, 0, 1, 0, 1, 0, 0, 0, 0, 0, 0, 1, 0, 0, 0, 0, 0, 1, 1, 0], [1, 1, 0, 1, 1, 0, 1, 0, 1, 0, 0, 0, 0, 0, 0, 1, 0, 0, 1, 1, 0, 1, 1, 0], [1, 1, 0, 1, 1, 0, 1, 0, 1, 0, 0, 0, 1, 0, 1, 1, 0, 0, 1, 1, 0, 1, 1, 0], [1, 1, 0, 1, 1, 0, 1, 0, 1, 0, 0, 0, 1, 1, 0, 1, 0, 0, 0, 0, 0, 1, 1, 0], [1, 1, 0, 1, 1, 0, 1, 0, 1, 0, 0, 0, 1, 1, 0, 1, 0, 0, 1, 0, 1, 1, 1, 0], [1, 1, 0, 1, 1, 0, 1, 0, 1, 0, 0, 0, 1, 1, 0, 1, 0, 0, 1, 1, 0, 1, 1, 0], [1, 1, 0, 1, 1, 0, 1, 1, 0, 0, 0, 0, 0, 0, 0, 1, 0, 0, 0, 0, 0, 1, 1, 0], [1, 1, 0, 1, 1, 0, 1, 1, 0, 0, 0, 0, 0, 0, 0, 1, 0, 0, 1, 1, 0, 1, 1, 0], [1, 1, 0, 1, 1, 0, 1, 1, 0, 0, 0, 0, 1, 0, 1, 1, 0, 0, 1, 0, 1, 1, 1, 0], [1, 1, 0, 1, 1, 0, 1, 1, 0, 0, 0, 0, 1, 0, 1, 1, 0, 0, 1, 1, 0, 0, 0, 0], [1, 1, 0, 1, 1, 0, 1, 1, 0, 0, 0, 0, 1, 0, 1, 1, 0, 0, 1, 1, 0, 1, 1, 0], [1, 1, 0, 1, 1, 0, 1, 1, 0, 0, 0, 0, 1, 1, 0, 1, 0, 0, 0, 0, 0, 1, 0, 1], [1, 1, 0, 1, 1, 0, 1, 1, 0, 0, 0, 0, 1, 1, 0, 1, 0, 0, 0, 0, 0, 1, 1, 0], [1, 1, 0, 1, 1, 0, 1, 1, 0, 0, 0, 0, 1, 1, 0, 1, 0, 0, 1, 0, 1, 0, 0, 0], [1, 1, 0, 1, 1, 0, 1, 1, 0, 0, 0, 0, 1, 1, 0, 1, 0, 0, 1, 0, 1, 1, 1, 0], [1, 1, 0, 1, 1, 0, 1, 1, 0, 0, 0, 0, 1, 1, 0, 1, 0, 0, 1, 1, 0, 0, 0, 0], [1, 1, 0, 1, 1, 0, 1, 1, 0, 0, 0, 0, 1, 1, 0, 1, 0, 0, 1, 1, 0, 1, 0, 1], [1, 1, 0, 1, 1, 0, 1, 1, 0, 0, 0, 0, 1, 1, 0, 1, 0, 0, 1, 1, 0, 1, 1, 0]]
[solve] probs=[0.00390625, 0.00390625, 0.00390625, 0.00390625, 0.00390625, 0.03515625, 0.00390625, 0.0078125, 0.00390625, 0.00390625, 0.00390625, 0.00390625, 0.03515625, 0.00390625, 0.00390625, 0.00390625, 0.00390625, 0.00390625, 0.03125, 0.00390625, 0.03125, 0.00390625, 0.00390625, 0.03515625, 0.015625, 0.03515625, 0.00390625, 0.04296875, 0.03125, 0.046875, 0.578125]
[choco-best] objective=None probability=None solution=None
[parallel 47/274] path=data/miplib_benders/qaoa_problems/nvars_08/supportcase6_ds_qaoa_c726_c733_c745_0003.json status=ok wall=1946.1110161290271 peak_mb=415.83984375 choco_obj=
[problem] supportcase6_ds_qaoa_c733_c745_0002 path=data/miplib_benders/qaoa_problems/nvars_08/supportcase6_ds_qaoa_c733_c745_0002.json
[input] n_int=8 n_bin=24 n_constr=2
[input] A=[[1, 0, 1, 0, 1, 0, 1, 0], [1, 1, 1, 1, 1, 1, 1, 1]] b=[1, 1] c=[134333000, 145944000, 144887000, 150892000, 134333000, 145944000, 144887000, 150892000]
[encoding]
  B100600(7) = B100600_7__b0 + 2*B100600_7__b1 + 4*B100600_7__b2
  B100602(7) = B100602_7__b0 + 2*B100602_7__b1 + 4*B100602_7__b2
  B100608(7) = B100608_7__b0 + 2*B100608_7__b1 + 4*B100608_7__b2
  B101029(7) = B101029_7__b0 + 2*B101029_7__b1 + 4*B101029_7__b2
  B101035(7) = B101035_7__b0 + 2*B101035_7__b1 + 4*B101035_7__b2
  B101037(7) = B101037_7__b0 + 2*B101037_7__b1 + 4*B101037_7__b2
  B101043(7) = B101043_7__b0 + 2*B101043_7__b1 + 4*B101043_7__b2
  B101479(7) = B101479_7__b0 + 2*B101479_7__b1 + 4*B101479_7__b2
[expanded] A_binary=[[1, 2, 4, 0, 0, 0, 1, 2, 4, 0, 0, 0, 1, 2, 4, 0, 0, 0, 1, 2, 4, 0, 0, 0], [1, 2, 4, 1, 2, 4, 1, 2, 4, 1, 2, 4, 1, 2, 4, 1, 2, 4, 1, 2, 4, 1, 2, 4]] b=[1, 1]
[expanded] lin_constr_mtx=[[1, 2, 4, 0, 0, 0, 1, 2, 4, 0, 0, 0, 1, 2, 4, 0, 0, 0, 1, 2, 4, 0, 0, 0, 1], [1, 2, 4, 1, 2, 4, 1, 2, 4, 1, 2, 4, 1, 2, 4, 1, 2, 4, 1, 2, 4, 1, 2, 4, 1]]
Set parameter Username
[classical] objective=144887000.0 solution={'B100600(7)': 0, 'B100602(7)': 0, 'B100608(7)': 1, 'B101029(7)': 0, 'B101035(7)': 0, 'B101037(7)': 0, 'B101043(7)': 0, 'B101479(7)': 0}
[circuit] metrics=[149, 50, 66, 263]
[solve] start
[solve] states=[[1, 0, 1, 1, 1, 0, 1, 1, 0, 1, 1, 0, 1, 0, 1, 1, 0, 0, 1, 0, 0, 1, 1, 0], [1, 0, 1, 1, 1, 0, 1, 1, 0, 1, 1, 0, 1, 1, 0, 1, 0, 0, 1, 0, 0, 1, 1, 0], [1, 1, 0, 1, 0, 0, 1, 1, 0, 0, 0, 0, 1, 1, 0, 1, 0, 0, 0, 0, 0, 1, 1, 0], [1, 1, 0, 1, 0, 1, 1, 1, 0, 1, 0, 1, 1, 1, 0, 1, 0, 0, 1, 0, 0, 1, 1, 0], [1, 1, 0, 1, 0, 1, 1, 1, 0, 1, 1, 0, 1, 1, 0, 1, 0, 0, 1, 0, 0, 1, 1, 0], [1, 1, 0, 1, 1, 0, 1, 0, 1, 0, 0, 0, 1, 1, 0, 1, 0, 0, 1, 0, 0, 1, 1, 0], [1, 1, 0, 1, 1, 0, 1, 0, 1, 1, 1, 0, 1, 1, 0, 1, 0, 0, 1, 0, 0, 1, 1, 0], [1, 1, 0, 1, 1, 0, 1, 1, 0, 0, 0, 0, 1, 1, 0, 1, 0, 0, 1, 0, 0, 1, 0, 1], [1, 1, 0, 1, 1, 0, 1, 1, 0, 0, 0, 0, 1, 1, 0, 1, 0, 0, 1, 0, 0, 1, 1, 0], [1, 1, 0, 1, 1, 0, 1, 1, 0, 1, 0, 0, 1, 1, 0, 0, 0, 0, 0, 0, 0, 1, 1, 0], [1, 1, 0, 1, 1, 0, 1, 1, 0, 1, 0, 1, 1, 1, 0, 1, 0, 0, 1, 0, 0, 0, 0, 0], [1, 1, 0, 1, 1, 0, 1, 1, 0, 1, 0, 1, 1, 1, 0, 1, 0, 0, 1, 0, 0, 1, 1, 0], [1, 1, 0, 1, 1, 0, 1, 1, 0, 1, 1, 0, 0, 0, 0, 1, 0, 0, 1, 0, 0, 1, 1, 0], [1, 1, 0, 1, 1, 0, 1, 1, 0, 1, 1, 0, 1, 0, 1, 1, 0, 0, 1, 0, 0, 1, 1, 0], [1, 1, 0, 1, 1, 0, 1, 1, 0, 1, 1, 0, 1, 1, 0, 1, 0, 0, 1, 0, 0, 0, 0, 0], [1, 1, 0, 1, 1, 0, 1, 1, 0, 1, 1, 0, 1, 1, 0, 1, 0, 0, 1, 0, 0, 1, 0, 1], [1, 1, 0, 1, 1, 0, 1, 1, 0, 1, 1, 0, 1, 1, 0, 1, 0, 0, 1, 0, 0, 1, 1, 0]]
[solve] probs=[0.00390625, 0.02734375, 0.00390625, 0.00390625, 0.04296875, 0.00390625, 0.01171875, 0.00390625, 0.02734375, 0.00390625, 0.00390625, 0.03515625, 0.01171875, 0.03125, 0.01953125, 0.01953125, 0.74609375]
[choco-best] objective=None probability=None solution=None
[parallel 48/274] path=data/miplib_benders/qaoa_problems/nvars_08/supportcase6_ds_qaoa_c726_c733_c745_0005.json status=ok wall=1129.163193835062 peak_mb=424.55078125 choco_obj=
[problem] supportcase6_ds_qaoa_c733_c745_0003 path=data/miplib_benders/qaoa_problems/nvars_08/supportcase6_ds_qaoa_c733_c745_0003.json
[input] n_int=8 n_bin=24 n_constr=2
[input] A=[[0, 1, 0, 1, 0, 1, 0, 1], [1, 1, 1, 1, 1, 1, 1, 1]] b=[1, 1] c=[145944000, 144887000, 150892000, 134333000, 145944000, 144887000, 150892000, 134333000]
[encoding]
  B100602(7) = B100602_7__b0 + 2*B100602_7__b1 + 4*B100602_7__b2
  B100608(7) = B100608_7__b0 + 2*B100608_7__b1 + 4*B100608_7__b2
  B101029(7) = B101029_7__b0 + 2*B101029_7__b1 + 4*B101029_7__b2
  B101035(7) = B101035_7__b0 + 2*B101035_7__b1 + 4*B101035_7__b2
  B101037(7) = B101037_7__b0 + 2*B101037_7__b1 + 4*B101037_7__b2
  B101043(7) = B101043_7__b0 + 2*B101043_7__b1 + 4*B101043_7__b2
  B101479(7) = B101479_7__b0 + 2*B101479_7__b1 + 4*B101479_7__b2
  B101485(7) = B101485_7__b0 + 2*B101485_7__b1 + 4*B101485_7__b2
[expanded] A_binary=[[0, 0, 0, 1, 2, 4, 0, 0, 0, 1, 2, 4, 0, 0, 0, 1, 2, 4, 0, 0, 0, 1, 2, 4], [1, 2, 4, 1, 2, 4, 1, 2, 4, 1, 2, 4, 1, 2, 4, 1, 2, 4, 1, 2, 4, 1, 2, 4]] b=[1, 1]
[expanded] lin_constr_mtx=[[0, 0, 0, 1, 2, 4, 0, 0, 0, 1, 2, 4, 0, 0, 0, 1, 2, 4, 0, 0, 0, 1, 2, 4, 1], [1, 2, 4, 1, 2, 4, 1, 2, 4, 1, 2, 4, 1, 2, 4, 1, 2, 4, 1, 2, 4, 1, 2, 4, 1]]
Set parameter Username
[classical] objective=144887000.0 solution={'B100602(7)': 0, 'B100608(7)': 1, 'B101029(7)': 0, 'B101035(7)': 0, 'B101037(7)': 0, 'B101043(7)': 0, 'B101479(7)': 0, 'B101485(7)': 0}
[circuit] metrics=[149, 50, 66, 263]
[solve] start
[solve] states=[[1, 0, 1, 1, 1, 0, 1, 1, 0, 1, 1, 0, 1, 1, 0, 1, 1, 0, 1, 1, 0, 1, 0, 0], [1, 1, 0, 1, 1, 0, 1, 1, 0, 1, 1, 0, 0, 0, 0, 1, 1, 0, 1, 1, 0, 1, 0, 0], [1, 1, 0, 1, 1, 0, 1, 1, 0, 1, 1, 0, 1, 1, 0, 0, 0, 0, 1, 1, 0, 1, 0, 0], [1, 1, 0, 1, 1, 0, 1, 1, 0, 1, 1, 0, 1, 1, 0, 1, 0, 1, 1, 1, 0, 1, 0, 0], [1, 1, 0, 1, 1, 0, 1, 1, 0, 1, 1, 0, 1, 1, 0, 1, 1, 0, 1, 0, 1, 1, 0, 0], [1, 1, 0, 1, 1, 0, 1, 1, 0, 1, 1, 0, 1, 1, 0, 1, 1, 0, 1, 1, 0, 1, 0, 0]]
[solve] probs=[0.00390625, 0.0078125, 0.00390625, 0.00390625, 0.00390625, 0.9765625]
[choco-best] objective=None probability=None solution=None
[parallel 49/274] path=data/miplib_benders/qaoa_problems/nvars_08/supportcase6_ds_qaoa_c733_c745_0001.json status=ok wall=1402.299565076013 peak_mb=408.05078125 choco_obj=
[problem] supportcase6_ds_qaoa_c733_c745_c747_0001 path=data/miplib_benders/qaoa_problems/nvars_08/supportcase6_ds_qaoa_c733_c745_c747_0001.json
[input] n_int=8 n_bin=24 n_constr=3
[input] A=[[0, 0, 1, 0, 1, 0, 0, 1], [0, 1, 1, 1, 1, 0, 1, 1], [1, 1, 1, 1, 1, 1, 1, 1]] b=[1, 1, 1] c=[151847000, 150892000, 134333000, 145944000, 144887000, 151847000, 150892000, 134333000]
[encoding]
  B100166(7) = B100166_7__b0 + 2*B100166_7__b1 + 4*B100166_7__b2
  B100594(7) = B100594_7__b0 + 2*B100594_7__b1 + 4*B100594_7__b2
  B100600(7) = B100600_7__b0 + 2*B100600_7__b1 + 4*B100600_7__b2
  B100602(7) = B100602_7__b0 + 2*B100602_7__b1 + 4*B100602_7__b2
  B100608(7) = B100608_7__b0 + 2*B100608_7__b1 + 4*B100608_7__b2
  B100623(7) = B100623_7__b0 + 2*B100623_7__b1 + 4*B100623_7__b2
  B101029(7) = B101029_7__b0 + 2*B101029_7__b1 + 4*B101029_7__b2
  B101035(7) = B101035_7__b0 + 2*B101035_7__b1 + 4*B101035_7__b2
[expanded] A_binary=[[0, 0, 0, 0, 0, 0, 1, 2, 4, 0, 0, 0, 1, 2, 4, 0, 0, 0, 0, 0, 0, 1, 2, 4], [0, 0, 0, 1, 2, 4, 1, 2, 4, 1, 2, 4, 1, 2, 4, 0, 0, 0, 1, 2, 4, 1, 2, 4], [1, 2, 4, 1, 2, 4, 1, 2, 4, 1, 2, 4, 1, 2, 4, 1, 2, 4, 1, 2, 4, 1, 2, 4]] b=[1, 1, 1]
[expanded] lin_constr_mtx=[[0, 0, 0, 0, 0, 0, 1, 2, 4, 0, 0, 0, 1, 2, 4, 0, 0, 0, 0, 0, 0, 1, 2, 4, 1], [0, 0, 0, 1, 2, 4, 1, 2, 4, 1, 2, 4, 1, 2, 4, 0, 0, 0, 1, 2, 4, 1, 2, 4, 1], [1, 2, 4, 1, 2, 4, 1, 2, 4, 1, 2, 4, 1, 2, 4, 1, 2, 4, 1, 2, 4, 1, 2, 4, 1]]
Set parameter Username
[classical] objective=144887000.0 solution={'B100166(7)': 0, 'B100594(7)': 0, 'B100600(7)': 0, 'B100602(7)': 0, 'B100608(7)': 1, 'B100623(7)': 0, 'B101029(7)': 0, 'B101035(7)': 0}
[circuit] metrics=[109, 50, 48, 254]
[solve] start
[solve] states=[[1, 1, 0, 1, 0, 0, 1, 1, 0, 0, 1, 0, 1, 1, 0, 1, 1, 0, 1, 1, 0, 1, 0, 0], [1, 1, 0, 1, 0, 1, 1, 1, 0, 1, 1, 0, 1, 1, 0, 1, 1, 0, 1, 1, 0, 1, 0, 0], [1, 1, 0, 1, 1, 0, 0, 0, 0, 1, 1, 0, 1, 1, 0, 1, 1, 0, 1, 1, 0, 1, 0, 0], [1, 1, 0, 1, 1, 0, 1, 0, 1, 1, 1, 0, 1, 1, 0, 1, 1, 0, 1, 1, 0, 1, 0, 0], [1, 1, 0, 1, 1, 0, 1, 1, 0, 0, 0, 0, 1, 1, 0, 1, 1, 0, 1, 1, 0, 1, 0, 0], [1, 1, 0, 1, 1, 0, 1, 1, 0, 1, 0, 1, 1, 1, 0, 1, 1, 0, 1, 1, 0, 1, 0, 0], [1, 1, 0, 1, 1, 0, 1, 1, 0, 1, 1, 0, 0, 0, 0, 1, 1, 0, 1, 1, 0, 1, 0, 0], [1, 1, 0, 1, 1, 0, 1, 1, 0, 1, 1, 0, 1, 0, 1, 1, 1, 0, 1, 1, 0, 1, 0, 0], [1, 1, 0, 1, 1, 0, 1, 1, 0, 1, 1, 0, 1, 1, 0, 0, 0, 0, 1, 1, 0, 1, 0, 0], [1, 1, 0, 1, 1, 0, 1, 1, 0, 1, 1, 0, 1, 1, 0, 1, 1, 0, 0, 0, 0, 1, 0, 0], [1, 1, 0, 1, 1, 0, 1, 1, 0, 1, 1, 0, 1, 1, 0, 1, 1, 0, 1, 1, 0, 1, 0, 0]]
[solve] probs=[0.00390625, 0.0078125, 0.00390625, 0.00390625, 0.00390625, 0.00390625, 0.00390625, 0.0078125, 0.0078125, 0.0078125, 0.9453125]
[choco-best] objective=None probability=None solution=None
[parallel 50/274] path=data/miplib_benders/qaoa_problems/nvars_08/supportcase6_ds_qaoa_c733_c745_0003.json status=ok wall=906.7044070999837 peak_mb=408.1796875 choco_obj=
[problem] supportcase6_ds_qaoa_c733_c745_c747_0002 path=data/miplib_benders/qaoa_problems/nvars_08/supportcase6_ds_qaoa_c733_c745_c747_0002.json
[input] n_int=8 n_bin=24 n_constr=3
[input] A=[[0, 1, 0, 1, 0, 0, 1, 0], [1, 1, 1, 1, 0, 1, 1, 1], [1, 1, 1, 1, 1, 1, 1, 1]] b=[1, 1, 1] c=[150892000, 134333000, 145944000, 144887000, 151847000, 150892000, 134333000, 145944000]
[encoding]
  B100594(7) = B100594_7__b0 + 2*B100594_7__b1 + 4*B100594_7__b2
  B100600(7) = B100600_7__b0 + 2*B100600_7__b1 + 4*B100600_7__b2
  B100602(7) = B100602_7__b0 + 2*B100602_7__b1 + 4*B100602_7__b2
  B100608(7) = B100608_7__b0 + 2*B100608_7__b1 + 4*B100608_7__b2
  B100623(7) = B100623_7__b0 + 2*B100623_7__b1 + 4*B100623_7__b2
  B101029(7) = B101029_7__b0 + 2*B101029_7__b1 + 4*B101029_7__b2
  B101035(7) = B101035_7__b0 + 2*B101035_7__b1 + 4*B101035_7__b2
  B101037(7) = B101037_7__b0 + 2*B101037_7__b1 + 4*B101037_7__b2
[expanded] A_binary=[[0, 0, 0, 1, 2, 4, 0, 0, 0, 1, 2, 4, 0, 0, 0, 0, 0, 0, 1, 2, 4, 0, 0, 0], [1, 2, 4, 1, 2, 4, 1, 2, 4, 1, 2, 4, 0, 0, 0, 1, 2, 4, 1, 2, 4, 1, 2, 4], [1, 2, 4, 1, 2, 4, 1, 2, 4, 1, 2, 4, 1, 2, 4, 1, 2, 4, 1, 2, 4, 1, 2, 4]] b=[1, 1, 1]
[expanded] lin_constr_mtx=[[0, 0, 0, 1, 2, 4, 0, 0, 0, 1, 2, 4, 0, 0, 0, 0, 0, 0, 1, 2, 4, 0, 0, 0, 1], [1, 2, 4, 1, 2, 4, 1, 2, 4, 1, 2, 4, 0, 0, 0, 1, 2, 4, 1, 2, 4, 1, 2, 4, 1], [1, 2, 4, 1, 2, 4, 1, 2, 4, 1, 2, 4, 1, 2, 4, 1, 2, 4, 1, 2, 4, 1, 2, 4, 1]]
Set parameter Username
[classical] objective=144887000.0 solution={'B100594(7)': 0, 'B100600(7)': 0, 'B100602(7)': 0, 'B100608(7)': 1, 'B100623(7)': 0, 'B101029(7)': 0, 'B101035(7)': 0, 'B101037(7)': 0}
[circuit] metrics=[149, 50, 66, 254]
[solve] start
[solve] states=[[0, 1, 0, 1, 1, 0, 1, 1, 0, 1, 1, 0, 1, 1, 0, 1, 0, 0, 1, 0, 0, 1, 0, 0], [1, 0, 0, 1, 1, 0, 1, 1, 0, 0, 1, 0, 1, 1, 0, 1, 1, 0, 1, 0, 0, 1, 0, 0], [1, 0, 1, 1, 1, 0, 1, 0, 1, 1, 1, 0, 1, 1, 0, 1, 0, 1, 1, 0, 0, 1, 0, 0], [1, 0, 1, 1, 1, 0, 1, 0, 1, 1, 1, 0, 1, 1, 0, 1, 1, 0, 1, 0, 0, 1, 0, 0], [1, 0, 1, 1, 1, 0, 1, 1, 0, 1, 0, 1, 1, 0, 0, 1, 1, 0, 0, 0, 0, 0, 0, 0], [1, 0, 1, 1, 1, 0, 1, 1, 0, 1, 1, 0, 1, 1, 0, 0, 0, 0, 1, 0, 0, 1, 0, 0], [1, 0, 1, 1, 1, 0, 1, 1, 0, 1, 1, 0, 1, 1, 0, 1, 1, 0, 1, 0, 0, 1, 0, 0], [1, 1, 0, 1, 0, 0, 1, 1, 0, 0, 0, 0, 0, 0, 0, 1, 1, 0, 0, 0, 0, 1, 0, 0], [1, 1, 0, 1, 0, 1, 1, 1, 0, 0, 0, 0, 1, 1, 0, 1, 1, 0, 1, 0, 0, 1, 0, 0], [1, 1, 0, 1, 0, 1, 1, 1, 0, 1, 0, 1, 1, 1, 0, 1, 1, 0, 1, 0, 0, 1, 0, 0], [1, 1, 0, 1, 0, 1, 1, 1, 0, 1, 1, 0, 0, 0, 0, 1, 1, 0, 1, 0, 0, 1, 0, 0], [1, 1, 0, 1, 0, 1, 1, 1, 0, 1, 1, 0, 1, 1, 0, 0, 0, 0, 1, 0, 0, 1, 0, 0], [1, 1, 0, 1, 0, 1, 1, 1, 0, 1, 1, 0, 1, 1, 0, 1, 0, 1, 1, 0, 0, 1, 0, 0], [1, 1, 0, 1, 0, 1, 1, 1, 0, 1, 1, 0, 1, 1, 0, 1, 1, 0, 1, 0, 0, 1, 0, 0], [1, 1, 0, 1, 1, 0, 1, 0, 0, 1, 1, 0, 0, 0, 0, 1, 1, 0, 1, 0, 0, 0, 0, 0], [1, 1, 0, 1, 1, 0, 1, 0, 1, 0, 0, 0, 1, 1, 0, 1, 1, 0, 1, 0, 0, 1, 0, 0], [1, 1, 0, 1, 1, 0, 1, 0, 1, 1, 0, 0, 1, 1, 0, 0, 1, 0, 1, 0, 0, 1, 0, 0], [1, 1, 0, 1, 1, 0, 1, 0, 1, 1, 1, 0, 0, 0, 0, 1, 1, 0, 1, 0, 0, 1, 0, 0], [1, 1, 0, 1, 1, 0, 1, 0, 1, 1, 1, 0, 1, 1, 0, 0, 0, 0, 1, 0, 0, 1, 0, 0], [1, 1, 0, 1, 1, 0, 1, 0, 1, 1, 1, 0, 1, 1, 0, 1, 1, 0, 1, 0, 0, 1, 0, 0], [1, 1, 0, 1, 1, 0, 1, 1, 0, 0, 0, 0, 1, 1, 0, 1, 0, 1, 1, 0, 0, 1, 0, 0], [1, 1, 0, 1, 1, 0, 1, 1, 0, 0, 0, 0, 1, 1, 0, 1, 1, 0, 1, 0, 0, 1, 0, 0], [1, 1, 0, 1, 1, 0, 1, 1, 0, 1, 0, 0, 1, 1, 0, 0, 1, 0, 1, 0, 0, 1, 0, 0], [1, 1, 0, 1, 1, 0, 1, 1, 0, 1, 0, 1, 1, 1, 0, 1, 1, 0, 1, 0, 0, 1, 0, 0], [1, 1, 0, 1, 1, 0, 1, 1, 0, 1, 1, 0, 0, 0, 0, 0, 0, 0, 1, 0, 0, 1, 0, 0], [1, 1, 0, 1, 1, 0, 1, 1, 0, 1, 1, 0, 0, 0, 0, 1, 1, 0, 1, 0, 0, 1, 0, 0], [1, 1, 0, 1, 1, 0, 1, 1, 0, 1, 1, 0, 1, 0, 1, 0, 0, 0, 1, 0, 0, 1, 0, 0], [1, 1, 0, 1, 1, 0, 1, 1, 0, 1, 1, 0, 1, 0, 1, 1, 1, 0, 1, 0, 0, 1, 0, 0], [1, 1, 0, 1, 1, 0, 1, 1, 0, 1, 1, 0, 1, 1, 0, 0, 0, 0, 1, 0, 0, 1, 0, 0], [1, 1, 0, 1, 1, 0, 1, 1, 0, 1, 1, 0, 1, 1, 0, 1, 0, 1, 1, 0, 0, 1, 0, 0], [1, 1, 0, 1, 1, 0, 1, 1, 0, 1, 1, 0, 1, 1, 0, 1, 1, 0, 1, 0, 0, 1, 0, 0]]
[solve] probs=[0.00390625, 0.0078125, 0.00390625, 0.00390625, 0.00390625, 0.00390625, 0.02734375, 0.00390625, 0.0078125, 0.00390625, 0.00390625, 0.00390625, 0.01171875, 0.0625, 0.0078125, 0.00390625, 0.00390625, 0.00390625, 0.00390625, 0.0390625, 0.01171875, 0.0546875, 0.00390625, 0.01953125, 0.00390625, 0.046875, 0.00390625, 0.03515625, 0.03125, 0.015625, 0.55859375]
[choco-best] objective=None probability=None solution=None
[parallel 51/274] path=data/miplib_benders/qaoa_problems/nvars_08/supportcase6_ds_qaoa_c726_c733_c745_0004.json status=ok wall=2273.2535980850225 peak_mb=479.55859375 choco_obj=
[problem] supportcase6_ds_qaoa_c733_c745_c747_0003 path=data/miplib_benders/qaoa_problems/nvars_08/supportcase6_ds_qaoa_c733_c745_c747_0003.json
[input] n_int=8 n_bin=24 n_constr=3
[input] A=[[1, 0, 1, 0, 0, 1, 0, 1], [1, 1, 1, 0, 1, 1, 1, 1], [1, 1, 1, 1, 1, 1, 1, 1]] b=[1, 1, 1] c=[134333000, 145944000, 144887000, 151847000, 150892000, 134333000, 145944000, 144887000]
[encoding]
  B100600(7) = B100600_7__b0 + 2*B100600_7__b1 + 4*B100600_7__b2
  B100602(7) = B100602_7__b0 + 2*B100602_7__b1 + 4*B100602_7__b2
  B100608(7) = B100608_7__b0 + 2*B100608_7__b1 + 4*B100608_7__b2
  B100623(7) = B100623_7__b0 + 2*B100623_7__b1 + 4*B100623_7__b2
  B101029(7) = B101029_7__b0 + 2*B101029_7__b1 + 4*B101029_7__b2
  B101035(7) = B101035_7__b0 + 2*B101035_7__b1 + 4*B101035_7__b2
  B101037(7) = B101037_7__b0 + 2*B101037_7__b1 + 4*B101037_7__b2
  B101043(7) = B101043_7__b0 + 2*B101043_7__b1 + 4*B101043_7__b2
[expanded] A_binary=[[1, 2, 4, 0, 0, 0, 1, 2, 4, 0, 0, 0, 0, 0, 0, 1, 2, 4, 0, 0, 0, 1, 2, 4], [1, 2, 4, 1, 2, 4, 1, 2, 4, 0, 0, 0, 1, 2, 4, 1, 2, 4, 1, 2, 4, 1, 2, 4], [1, 2, 4, 1, 2, 4, 1, 2, 4, 1, 2, 4, 1, 2, 4, 1, 2, 4, 1, 2, 4, 1, 2, 4]] b=[1, 1, 1]
[expanded] lin_constr_mtx=[[1, 2, 4, 0, 0, 0, 1, 2, 4, 0, 0, 0, 0, 0, 0, 1, 2, 4, 0, 0, 0, 1, 2, 4, 1], [1, 2, 4, 1, 2, 4, 1, 2, 4, 0, 0, 0, 1, 2, 4, 1, 2, 4, 1, 2, 4, 1, 2, 4, 1], [1, 2, 4, 1, 2, 4, 1, 2, 4, 1, 2, 4, 1, 2, 4, 1, 2, 4, 1, 2, 4, 1, 2, 4, 1]]
Set parameter Username
[classical] objective=144887000.0 solution={'B100600(7)': 0, 'B100602(7)': 0, 'B100608(7)': 1, 'B100623(7)': 0, 'B101029(7)': 0, 'B101035(7)': 0, 'B101037(7)': 0, 'B101043(7)': 0}
[circuit] metrics=[149, 50, 66, 254]
[solve] start
[solve] states=[[1, 0, 0, 1, 1, 0, 0, 1, 0, 1, 1, 0, 1, 1, 0, 1, 1, 0, 1, 0, 0, 1, 1, 0], [1, 0, 1, 1, 1, 0, 1, 1, 0, 1, 1, 0, 1, 0, 1, 1, 1, 0, 1, 0, 0, 0, 0, 0], [1, 0, 1, 1, 1, 0, 1, 1, 0, 1, 1, 0, 1, 1, 0, 1, 1, 0, 1, 0, 0, 1, 1, 0], [1, 1, 0, 1, 0, 1, 1, 1, 0, 1, 1, 0, 1, 1, 0, 1, 1, 0, 1, 0, 0, 1, 1, 0], [1, 1, 0, 1, 1, 0, 0, 0, 0, 1, 1, 0, 1, 1, 0, 1, 0, 1, 1, 0, 0, 1, 1, 0], [1, 1, 0, 1, 1, 0, 0, 0, 0, 1, 1, 0, 1, 1, 0, 1, 1, 0, 1, 0, 0, 1, 1, 0], [1, 1, 0, 1, 1, 0, 1, 0, 0, 1, 1, 0, 0, 1, 0, 1, 1, 0, 1, 0, 0, 1, 1, 0], [1, 1, 0, 1, 1, 0, 1, 0, 1, 1, 1, 0, 1, 1, 0, 1, 1, 0, 1, 0, 0, 1, 1, 0], [1, 1, 0, 1, 1, 0, 1, 1, 0, 0, 0, 0, 1, 1, 0, 1, 1, 0, 1, 0, 0, 1, 1, 0], [1, 1, 0, 1, 1, 0, 1, 1, 0, 1, 0, 1, 1, 1, 0, 1, 1, 0, 1, 0, 0, 1, 1, 0], [1, 1, 0, 1, 1, 0, 1, 1, 0, 1, 1, 0, 0, 0, 0, 1, 1, 0, 1, 0, 0, 1, 1, 0], [1, 1, 0, 1, 1, 0, 1, 1, 0, 1, 1, 0, 1, 0, 1, 1, 1, 0, 1, 0, 0, 1, 1, 0], [1, 1, 0, 1, 1, 0, 1, 1, 0, 1, 1, 0, 1, 1, 0, 0, 0, 0, 1, 0, 0, 1, 1, 0], [1, 1, 0, 1, 1, 0, 1, 1, 0, 1, 1, 0, 1, 1, 0, 1, 0, 1, 1, 0, 0, 1, 1, 0], [1, 1, 0, 1, 1, 0, 1, 1, 0, 1, 1, 0, 1, 1, 0, 1, 1, 0, 1, 0, 0, 0, 0, 0], [1, 1, 0, 1, 1, 0, 1, 1, 0, 1, 1, 0, 1, 1, 0, 1, 1, 0, 1, 0, 0, 1, 0, 1], [1, 1, 0, 1, 1, 0, 1, 1, 0, 1, 1, 0, 1, 1, 0, 1, 1, 0, 1, 0, 0, 1, 1, 0]]
[solve] probs=[0.00390625, 0.00390625, 0.01953125, 0.01953125, 0.00390625, 0.01171875, 0.00390625, 0.015625, 0.01171875, 0.01171875, 0.01171875, 0.02734375, 0.01953125, 0.01171875, 0.01953125, 0.00390625, 0.80078125]
[choco-best] objective=None probability=None solution=None
[parallel 52/274] path=data/miplib_benders/qaoa_problems/nvars_08/supportcase6_ds_qaoa_c733_c745_0002.json status=ok wall=2082.3767572989454 peak_mb=408.19921875 choco_obj=
[problem] supportcase6_ds_qaoa_c733_c745_c747_0004 path=data/miplib_benders/qaoa_problems/nvars_08/supportcase6_ds_qaoa_c733_c745_c747_0004.json
[input] n_int=8 n_bin=24 n_constr=3
[input] A=[[0, 1, 0, 0, 1, 0, 1, 0], [1, 1, 0, 1, 1, 1, 1, 0], [1, 1, 1, 1, 1, 1, 1, 1]] b=[1, 1, 1] c=[145944000, 144887000, 151847000, 150892000, 134333000, 145944000, 144887000, 151847000]
[encoding]
  B100602(7) = B100602_7__b0 + 2*B100602_7__b1 + 4*B100602_7__b2
  B100608(7) = B100608_7__b0 + 2*B100608_7__b1 + 4*B100608_7__b2
  B100623(7) = B100623_7__b0 + 2*B100623_7__b1 + 4*B100623_7__b2
  B101029(7) = B101029_7__b0 + 2*B101029_7__b1 + 4*B101029_7__b2
  B101035(7) = B101035_7__b0 + 2*B101035_7__b1 + 4*B101035_7__b2
  B101037(7) = B101037_7__b0 + 2*B101037_7__b1 + 4*B101037_7__b2
  B101043(7) = B101043_7__b0 + 2*B101043_7__b1 + 4*B101043_7__b2
  B101058(7) = B101058_7__b0 + 2*B101058_7__b1 + 4*B101058_7__b2
[expanded] A_binary=[[0, 0, 0, 1, 2, 4, 0, 0, 0, 0, 0, 0, 1, 2, 4, 0, 0, 0, 1, 2, 4, 0, 0, 0], [1, 2, 4, 1, 2, 4, 0, 0, 0, 1, 2, 4, 1, 2, 4, 1, 2, 4, 1, 2, 4, 0, 0, 0], [1, 2, 4, 1, 2, 4, 1, 2, 4, 1, 2, 4, 1, 2, 4, 1, 2, 4, 1, 2, 4, 1, 2, 4]] b=[1, 1, 1]
[expanded] lin_constr_mtx=[[0, 0, 0, 1, 2, 4, 0, 0, 0, 0, 0, 0, 1, 2, 4, 0, 0, 0, 1, 2, 4, 0, 0, 0, 1], [1, 2, 4, 1, 2, 4, 0, 0, 0, 1, 2, 4, 1, 2, 4, 1, 2, 4, 1, 2, 4, 0, 0, 0, 1], [1, 2, 4, 1, 2, 4, 1, 2, 4, 1, 2, 4, 1, 2, 4, 1, 2, 4, 1, 2, 4, 1, 2, 4, 1]]
Set parameter Username
[classical] objective=144887000.0 solution={'B100602(7)': 0, 'B100608(7)': 1, 'B100623(7)': 0, 'B101029(7)': 0, 'B101035(7)': 0, 'B101037(7)': 0, 'B101043(7)': 0, 'B101058(7)': 0}
[circuit] metrics=[109, 50, 48, 254]
[solve] start
[solve] states=[[1, 1, 0, 1, 0, 1, 1, 1, 0, 1, 1, 0, 1, 1, 0, 1, 1, 0, 1, 0, 0, 1, 1, 0], [1, 1, 0, 1, 1, 0, 0, 0, 0, 1, 1, 0, 1, 1, 0, 1, 1, 0, 1, 0, 0, 1, 1, 0], [1, 1, 0, 1, 1, 0, 1, 0, 1, 1, 1, 0, 1, 1, 0, 1, 1, 0, 1, 0, 0, 1, 1, 0], [1, 1, 0, 1, 1, 0, 1, 1, 0, 1, 0, 1, 1, 1, 0, 1, 1, 0, 1, 0, 0, 1, 1, 0], [1, 1, 0, 1, 1, 0, 1, 1, 0, 1, 1, 0, 1, 1, 0, 1, 1, 0, 1, 0, 0, 1, 0, 1], [1, 1, 0, 1, 1, 0, 1, 1, 0, 1, 1, 0, 1, 1, 0, 1, 1, 0, 1, 0, 0, 1, 1, 0]]
[solve] probs=[0.0078125, 0.0078125, 0.00390625, 0.01953125, 0.00390625, 0.95703125]
[choco-best] objective=None probability=None solution=None
[parallel 53/274] path=data/miplib_benders/qaoa_problems/nvars_08/supportcase6_ds_qaoa_c733_c745_c747_0002.json status=ok wall=1150.236971310107 peak_mb=406.80859375 choco_obj=
[problem] supportcase6_ds_qaoa_c733_c745_c747_0005 path=data/miplib_benders/qaoa_problems/nvars_08/supportcase6_ds_qaoa_c733_c745_c747_0005.json
[input] n_int=8 n_bin=24 n_constr=3
[input] A=[[1, 0, 0, 1, 0, 1, 0, 0], [1, 0, 1, 1, 1, 1, 0, 1], [1, 1, 1, 1, 1, 1, 1, 1]] b=[1, 1, 1] c=[144887000, 151847000, 150892000, 134333000, 145944000, 144887000, 151847000, 150892000]
[encoding]
  B100608(7) = B100608_7__b0 + 2*B100608_7__b1 + 4*B100608_7__b2
  B100623(7) = B100623_7__b0 + 2*B100623_7__b1 + 4*B100623_7__b2
  B101029(7) = B101029_7__b0 + 2*B101029_7__b1 + 4*B101029_7__b2
  B101035(7) = B101035_7__b0 + 2*B101035_7__b1 + 4*B101035_7__b2
  B101037(7) = B101037_7__b0 + 2*B101037_7__b1 + 4*B101037_7__b2
  B101043(7) = B101043_7__b0 + 2*B101043_7__b1 + 4*B101043_7__b2
  B101058(7) = B101058_7__b0 + 2*B101058_7__b1 + 4*B101058_7__b2
  B101479(7) = B101479_7__b0 + 2*B101479_7__b1 + 4*B101479_7__b2
[expanded] A_binary=[[1, 2, 4, 0, 0, 0, 0, 0, 0, 1, 2, 4, 0, 0, 0, 1, 2, 4, 0, 0, 0, 0, 0, 0], [1, 2, 4, 0, 0, 0, 1, 2, 4, 1, 2, 4, 1, 2, 4, 1, 2, 4, 0, 0, 0, 1, 2, 4], [1, 2, 4, 1, 2, 4, 1, 2, 4, 1, 2, 4, 1, 2, 4, 1, 2, 4, 1, 2, 4, 1, 2, 4]] b=[1, 1, 1]
[expanded] lin_constr_mtx=[[1, 2, 4, 0, 0, 0, 0, 0, 0, 1, 2, 4, 0, 0, 0, 1, 2, 4, 0, 0, 0, 0, 0, 0, 1], [1, 2, 4, 0, 0, 0, 1, 2, 4, 1, 2, 4, 1, 2, 4, 1, 2, 4, 0, 0, 0, 1, 2, 4, 1], [1, 2, 4, 1, 2, 4, 1, 2, 4, 1, 2, 4, 1, 2, 4, 1, 2, 4, 1, 2, 4, 1, 2, 4, 1]]
Set parameter Username
[classical] objective=144887000.0 solution={'B100608(7)': 0, 'B100623(7)': 0, 'B101029(7)': 0, 'B101035(7)': 0, 'B101037(7)': 0, 'B101043(7)': 1, 'B101058(7)': 0, 'B101479(7)': 0}
[circuit] metrics=[109, 50, 48, 254]
[solve] start
[solve] states=[[1, 0, 1, 1, 0, 1, 1, 1, 0, 1, 1, 0, 1, 1, 0, 1, 1, 0, 1, 1, 0, 1, 0, 0], [1, 0, 1, 1, 1, 0, 1, 1, 0, 1, 0, 1, 1, 1, 0, 1, 1, 0, 1, 1, 0, 1, 0, 0], [1, 0, 1, 1, 1, 0, 1, 1, 0, 1, 1, 0, 0, 0, 0, 1, 1, 0, 1, 1, 0, 1, 0, 0], [1, 0, 1, 1, 1, 0, 1, 1, 0, 1, 1, 0, 1, 1, 0, 0, 0, 0, 1, 1, 0, 1, 0, 0], [1, 0, 1, 1, 1, 0, 1, 1, 0, 1, 1, 0, 1, 1, 0, 1, 1, 0, 0, 0, 0, 1, 0, 0], [1, 0, 1, 1, 1, 0, 1, 1, 0, 1, 1, 0, 1, 1, 0, 1, 1, 0, 1, 0, 1, 1, 0, 0], [1, 0, 1, 1, 1, 0, 1, 1, 0, 1, 1, 0, 1, 1, 0, 1, 1, 0, 1, 1, 0, 1, 0, 0], [1, 1, 0, 0, 1, 0, 1, 0, 1, 1, 1, 0, 1, 1, 0, 1, 1, 0, 1, 0, 0, 1, 0, 0], [1, 1, 0, 1, 0, 0, 1, 1, 0, 1, 0, 1, 0, 1, 0, 1, 1, 0, 1, 1, 0, 1, 0, 0], [1, 1, 0, 1, 0, 1, 1, 0, 0, 1, 1, 0, 1, 0, 1, 0, 1, 0, 1, 1, 0, 1, 0, 0], [1, 1, 0, 1, 0, 1, 1, 1, 0, 1, 0, 1, 1, 1, 0, 1, 1, 0, 1, 1, 0, 1, 0, 0], [1, 1, 0, 1, 0, 1, 1, 1, 0, 1, 1, 0, 1, 0, 0, 1, 1, 0, 0, 1, 0, 1, 0, 0], [1, 1, 0, 1, 0, 1, 1, 1, 0, 1, 1, 0, 1, 0, 1, 1, 0, 1, 1, 1, 0, 1, 0, 0], [1, 1, 0, 1, 0, 1, 1, 1, 0, 1, 1, 0, 1, 1, 0, 1, 1, 0, 1, 0, 1, 1, 0, 0], [1, 1, 0, 1, 0, 1, 1, 1, 0, 1, 1, 0, 1, 1, 0, 1, 1, 0, 1, 1, 0, 1, 0, 0], [1, 1, 0, 1, 1, 0, 0, 0, 0, 1, 0, 1, 1, 1, 0, 1, 1, 0, 1, 1, 0, 1, 0, 0], [1, 1, 0, 1, 1, 0, 0, 0, 0, 1, 1, 0, 1, 0, 1, 1, 1, 0, 0, 0, 0, 1, 0, 0], [1, 1, 0, 1, 1, 0, 0, 0, 0, 1, 1, 0, 1, 0, 1, 1, 1, 0, 1, 1, 0, 1, 0, 0], [1, 1, 0, 1, 1, 0, 0, 0, 0, 1, 1, 0, 1, 1, 0, 0, 0, 0, 1, 1, 0, 1, 0, 0], [1, 1, 0, 1, 1, 0, 0, 0, 0, 1, 1, 0, 1, 1, 0, 1, 0, 1, 1, 1, 0, 1, 0, 0], [1, 1, 0, 1, 1, 0, 0, 0, 0, 1, 1, 0, 1, 1, 0, 1, 1, 0, 0, 0, 0, 1, 0, 0], [1, 1, 0, 1, 1, 0, 0, 0, 0, 1, 1, 0, 1, 1, 0, 1, 1, 0, 1, 1, 0, 1, 0, 0], [1, 1, 0, 1, 1, 0, 1, 0, 1, 1, 0, 1, 1, 1, 0, 1, 0, 1, 1, 1, 0, 1, 0, 0], [1, 1, 0, 1, 1, 0, 1, 0, 1, 1, 1, 0, 0, 0, 0, 1, 0, 1, 1, 0, 1, 1, 0, 0], [1, 1, 0, 1, 1, 0, 1, 0, 1, 1, 1, 0, 1, 0, 0, 1, 0, 1, 0, 1, 0, 1, 0, 0], [1, 1, 0, 1, 1, 0, 1, 0, 1, 1, 1, 0, 1, 1, 0, 1, 1, 0, 1, 1, 0, 1, 0, 0], [1, 1, 0, 1, 1, 0, 1, 1, 0, 0, 0, 0, 1, 1, 0, 1, 1, 0, 1, 1, 0, 1, 0, 0], [1, 1, 0, 1, 1, 0, 1, 1, 0, 1, 0, 1, 0, 0, 0, 1, 1, 0, 1, 1, 0, 1, 0, 0], [1, 1, 0, 1, 1, 0, 1, 1, 0, 1, 0, 1, 1, 1, 0, 0, 0, 0, 1, 1, 0, 1, 0, 0], [1, 1, 0, 1, 1, 0, 1, 1, 0, 1, 0, 1, 1, 1, 0, 1, 0, 1, 1, 1, 0, 1, 0, 0], [1, 1, 0, 1, 1, 0, 1, 1, 0, 1, 0, 1, 1, 1, 0, 1, 1, 0, 1, 1, 0, 1, 0, 0], [1, 1, 0, 1, 1, 0, 1, 1, 0, 1, 1, 0, 0, 0, 0, 1, 1, 0, 1, 0, 1, 1, 0, 0], [1, 1, 0, 1, 1, 0, 1, 1, 0, 1, 1, 0, 0, 0, 0, 1, 1, 0, 1, 1, 0, 1, 0, 0], [1, 1, 0, 1, 1, 0, 1, 1, 0, 1, 1, 0, 1, 0, 1, 1, 0, 1, 1, 1, 0, 1, 0, 0], [1, 1, 0, 1, 1, 0, 1, 1, 0, 1, 1, 0, 1, 0, 1, 1, 1, 0, 0, 0, 0, 1, 0, 0], [1, 1, 0, 1, 1, 0, 1, 1, 0, 1, 1, 0, 1, 0, 1, 1, 1, 0, 1, 1, 0, 1, 0, 0], [1, 1, 0, 1, 1, 0, 1, 1, 0, 1, 1, 0, 1, 1, 0, 0, 0, 0, 0, 0, 0, 1, 0, 0], [1, 1, 0, 1, 1, 0, 1, 1, 0, 1, 1, 0, 1, 1, 0, 0, 0, 0, 1, 1, 0, 1, 0, 0], [1, 1, 0, 1, 1, 0, 1, 1, 0, 1, 1, 0, 1, 1, 0, 1, 0, 0, 1, 1, 0, 0, 0, 0], [1, 1, 0, 1, 1, 0, 1, 1, 0, 1, 1, 0, 1, 1, 0, 1, 0, 1, 1, 0, 1, 1, 0, 0], [1, 1, 0, 1, 1, 0, 1, 1, 0, 1, 1, 0, 1, 1, 0, 1, 0, 1, 1, 1, 0, 1, 0, 0], [1, 1, 0, 1, 1, 0, 1, 1, 0, 1, 1, 0, 1, 1, 0, 1, 1, 0, 0, 0, 0, 1, 0, 0], [1, 1, 0, 1, 1, 0, 1, 1, 0, 1, 1, 0, 1, 1, 0, 1, 1, 0, 1, 0, 1, 1, 0, 0], [1, 1, 0, 1, 1, 0, 1, 1, 0, 1, 1, 0, 1, 1, 0, 1, 1, 0, 1, 1, 0, 1, 0, 0]]
[solve] probs=[0.00390625, 0.00390625, 0.00390625, 0.0078125, 0.00390625, 0.00390625, 0.0234375, 0.00390625, 0.00390625, 0.00390625, 0.00390625, 0.00390625, 0.00390625, 0.0078125, 0.02734375, 0.00390625, 0.00390625, 0.00390625, 0.01171875, 0.00390625, 0.00390625, 0.02734375, 0.00390625, 0.00390625, 0.00390625, 0.02734375, 0.00390625, 0.00390625, 0.00390625, 0.00390625, 0.01953125, 0.00390625, 0.0234375, 0.00390625, 0.00390625, 0.04296875, 0.01171875, 0.02734375, 0.00390625, 0.00390625, 0.04296875, 0.01953125, 0.04296875, 0.52734375]
[choco-best] objective=None probability=None solution=None
[parallel 54/274] path=data/miplib_benders/qaoa_problems/nvars_08/supportcase6_ds_qaoa_c733_c745_c747_0003.json status=ok wall=1868.9082618890097 peak_mb=407.8046875 choco_obj=
[problem] supportcase6_ds_qaoa_c745_c747_0001 path=data/miplib_benders/qaoa_problems/nvars_08/supportcase6_ds_qaoa_c745_c747_0001.json
[input] n_int=8 n_bin=24 n_constr=2
[input] A=[[0, 1, 1, 1, 1, 0, 1, 1], [1, 1, 1, 1, 1, 1, 1, 1]] b=[1, 1] c=[151847000, 150892000, 134333000, 145944000, 144887000, 151847000, 150892000, 134333000]
[encoding]
  B100166(7) = B100166_7__b0 + 2*B100166_7__b1 + 4*B100166_7__b2
  B100594(7) = B100594_7__b0 + 2*B100594_7__b1 + 4*B100594_7__b2
  B100600(7) = B100600_7__b0 + 2*B100600_7__b1 + 4*B100600_7__b2
  B100602(7) = B100602_7__b0 + 2*B100602_7__b1 + 4*B100602_7__b2
  B100608(7) = B100608_7__b0 + 2*B100608_7__b1 + 4*B100608_7__b2
  B100623(7) = B100623_7__b0 + 2*B100623_7__b1 + 4*B100623_7__b2
  B101029(7) = B101029_7__b0 + 2*B101029_7__b1 + 4*B101029_7__b2
  B101035(7) = B101035_7__b0 + 2*B101035_7__b1 + 4*B101035_7__b2
[expanded] A_binary=[[0, 0, 0, 1, 2, 4, 1, 2, 4, 1, 2, 4, 1, 2, 4, 0, 0, 0, 1, 2, 4, 1, 2, 4], [1, 2, 4, 1, 2, 4, 1, 2, 4, 1, 2, 4, 1, 2, 4, 1, 2, 4, 1, 2, 4, 1, 2, 4]] b=[1, 1]
[expanded] lin_constr_mtx=[[0, 0, 0, 1, 2, 4, 1, 2, 4, 1, 2, 4, 1, 2, 4, 0, 0, 0, 1, 2, 4, 1, 2, 4, 1], [1, 2, 4, 1, 2, 4, 1, 2, 4, 1, 2, 4, 1, 2, 4, 1, 2, 4, 1, 2, 4, 1, 2, 4, 1]]
Set parameter Username
[classical] objective=150892000.0 solution={'B100166(7)': 0, 'B100594(7)': 1, 'B100600(7)': 0, 'B100602(7)': 0, 'B100608(7)': 0, 'B100623(7)': 0, 'B101029(7)': 0, 'B101035(7)': 0}
[circuit] metrics=[229, 50, 102, 263]
[solve] start
[solve] states=[[1, 0, 1, 1, 1, 0, 1, 1, 0, 1, 1, 0, 1, 1, 0, 1, 1, 0, 1, 1, 0, 1, 0, 0], [1, 1, 0, 1, 0, 1, 1, 1, 0, 1, 0, 1, 1, 1, 0, 1, 1, 0, 1, 1, 0, 1, 0, 0], [1, 1, 0, 1, 0, 1, 1, 1, 0, 1, 1, 0, 1, 1, 0, 1, 1, 0, 1, 1, 0, 1, 0, 0], [1, 1, 0, 1, 1, 0, 1, 0, 1, 1, 1, 0, 1, 1, 0, 1, 0, 1, 1, 1, 0, 1, 0, 0], [1, 1, 0, 1, 1, 0, 1, 0, 1, 1, 1, 0, 1, 1, 0, 1, 1, 0, 1, 1, 0, 1, 0, 0], [1, 1, 0, 1, 1, 0, 1, 1, 0, 0, 0, 0, 1, 1, 0, 1, 0, 1, 1, 1, 0, 1, 0, 0], [1, 1, 0, 1, 1, 0, 1, 1, 0, 0, 0, 0, 1, 1, 0, 1, 1, 0, 1, 1, 0, 1, 0, 0], [1, 1, 0, 1, 1, 0, 1, 1, 0, 1, 0, 1, 1, 1, 0, 1, 1, 0, 1, 1, 0, 1, 0, 0], [1, 1, 0, 1, 1, 0, 1, 1, 0, 1, 1, 0, 0, 0, 0, 1, 0, 1, 1, 1, 0, 1, 0, 0], [1, 1, 0, 1, 1, 0, 1, 1, 0, 1, 1, 0, 0, 0, 0, 1, 1, 0, 1, 1, 0, 1, 0, 0], [1, 1, 0, 1, 1, 0, 1, 1, 0, 1, 1, 0, 1, 0, 1, 1, 1, 0, 1, 1, 0, 1, 0, 0], [1, 1, 0, 1, 1, 0, 1, 1, 0, 1, 1, 0, 1, 1, 0, 0, 0, 0, 1, 1, 0, 1, 0, 0], [1, 1, 0, 1, 1, 0, 1, 1, 0, 1, 1, 0, 1, 1, 0, 1, 0, 1, 1, 1, 0, 1, 0, 0], [1, 1, 0, 1, 1, 0, 1, 1, 0, 1, 1, 0, 1, 1, 0, 1, 1, 0, 0, 0, 0, 1, 0, 0], [1, 1, 0, 1, 1, 0, 1, 1, 0, 1, 1, 0, 1, 1, 0, 1, 1, 0, 1, 0, 1, 1, 0, 0], [1, 1, 0, 1, 1, 0, 1, 1, 0, 1, 1, 0, 1, 1, 0, 1, 1, 0, 1, 1, 0, 1, 0, 0]]
[solve] probs=[0.015625, 0.00390625, 0.01953125, 0.00390625, 0.00390625, 0.00390625, 0.03125, 0.01171875, 0.00390625, 0.01171875, 0.015625, 0.03125, 0.00390625, 0.01171875, 0.015625, 0.8125]
[choco-best] objective=None probability=None solution=None
[parallel 55/274] path=data/miplib_benders/qaoa_problems/nvars_08/supportcase6_ds_qaoa_c733_c745_c747_0001.json status=ok wall=2613.368254603003 peak_mb=408.8046875 choco_obj=
[problem] supportcase6_ds_qaoa_c745_c747_0004 path=data/miplib_benders/qaoa_problems/nvars_08/supportcase6_ds_qaoa_c745_c747_0004.json
[input] n_int=8 n_bin=24 n_constr=2
[input] A=[[1, 1, 0, 1, 1, 1, 1, 0], [1, 1, 1, 1, 1, 1, 1, 1]] b=[1, 1] c=[145944000, 144887000, 151847000, 150892000, 134333000, 145944000, 144887000, 151847000]
[encoding]
  B100602(7) = B100602_7__b0 + 2*B100602_7__b1 + 4*B100602_7__b2
  B100608(7) = B100608_7__b0 + 2*B100608_7__b1 + 4*B100608_7__b2
  B100623(7) = B100623_7__b0 + 2*B100623_7__b1 + 4*B100623_7__b2
  B101029(7) = B101029_7__b0 + 2*B101029_7__b1 + 4*B101029_7__b2
  B101035(7) = B101035_7__b0 + 2*B101035_7__b1 + 4*B101035_7__b2
  B101037(7) = B101037_7__b0 + 2*B101037_7__b1 + 4*B101037_7__b2
  B101043(7) = B101043_7__b0 + 2*B101043_7__b1 + 4*B101043_7__b2
  B101058(7) = B101058_7__b0 + 2*B101058_7__b1 + 4*B101058_7__b2
[expanded] A_binary=[[1, 2, 4, 1, 2, 4, 0, 0, 0, 1, 2, 4, 1, 2, 4, 1, 2, 4, 1, 2, 4, 0, 0, 0], [1, 2, 4, 1, 2, 4, 1, 2, 4, 1, 2, 4, 1, 2, 4, 1, 2, 4, 1, 2, 4, 1, 2, 4]] b=[1, 1]
[expanded] lin_constr_mtx=[[1, 2, 4, 1, 2, 4, 0, 0, 0, 1, 2, 4, 1, 2, 4, 1, 2, 4, 1, 2, 4, 0, 0, 0, 1], [1, 2, 4, 1, 2, 4, 1, 2, 4, 1, 2, 4, 1, 2, 4, 1, 2, 4, 1, 2, 4, 1, 2, 4, 1]]
Set parameter Username
[classical] objective=150892000.0 solution={'B100602(7)': 0, 'B100608(7)': 0, 'B100623(7)': 0, 'B101029(7)': 1, 'B101035(7)': 0, 'B101037(7)': 0, 'B101043(7)': 0, 'B101058(7)': 0}
[circuit] metrics=[229, 50, 102, 263]
[solve] start
[solve] states=[[1, 0, 0, 1, 1, 0, 1, 1, 0, 0, 1, 0, 0, 0, 0, 1, 1, 0, 1, 0, 0, 1, 1, 0], [1, 0, 1, 1, 1, 0, 1, 1, 0, 1, 1, 0, 1, 1, 0, 1, 1, 0, 1, 0, 0, 1, 1, 0], [1, 1, 0, 1, 0, 1, 1, 1, 0, 1, 0, 1, 1, 1, 0, 1, 1, 0, 1, 0, 0, 1, 1, 0], [1, 1, 0, 1, 0, 1, 1, 1, 0, 1, 1, 0, 1, 1, 0, 1, 1, 0, 1, 0, 0, 1, 1, 0], [1, 1, 0, 1, 1, 0, 1, 0, 1, 1, 1, 0, 1, 1, 0, 1, 1, 0, 1, 0, 0, 1, 1, 0], [1, 1, 0, 1, 1, 0, 1, 1, 0, 0, 0, 0, 1, 1, 0, 1, 1, 0, 1, 0, 0, 1, 1, 0], [1, 1, 0, 1, 1, 0, 1, 1, 0, 1, 0, 1, 1, 1, 0, 1, 1, 0, 1, 0, 0, 1, 1, 0], [1, 1, 0, 1, 1, 0, 1, 1, 0, 1, 1, 0, 0, 0, 0, 1, 0, 1, 1, 0, 0, 1, 1, 0], [1, 1, 0, 1, 1, 0, 1, 1, 0, 1, 1, 0, 0, 0, 0, 1, 1, 0, 1, 0, 0, 1, 1, 0], [1, 1, 0, 1, 1, 0, 1, 1, 0, 1, 1, 0, 1, 0, 1, 1, 1, 0, 1, 0, 0, 1, 1, 0], [1, 1, 0, 1, 1, 0, 1, 1, 0, 1, 1, 0, 1, 1, 0, 0, 0, 0, 1, 0, 0, 1, 1, 0], [1, 1, 0, 1, 1, 0, 1, 1, 0, 1, 1, 0, 1, 1, 0, 1, 0, 1, 1, 0, 0, 1, 1, 0], [1, 1, 0, 1, 1, 0, 1, 1, 0, 1, 1, 0, 1, 1, 0, 1, 1, 0, 1, 0, 0, 0, 0, 0], [1, 1, 0, 1, 1, 0, 1, 1, 0, 1, 1, 0, 1, 1, 0, 1, 1, 0, 1, 0, 0, 1, 0, 1], [1, 1, 0, 1, 1, 0, 1, 1, 0, 1, 1, 0, 1, 1, 0, 1, 1, 0, 1, 0, 0, 1, 1, 0]]
[solve] probs=[0.00390625, 0.0234375, 0.00390625, 0.03125, 0.015625, 0.02734375, 0.015625, 0.00390625, 0.015625, 0.03515625, 0.02734375, 0.01953125, 0.02734375, 0.02734375, 0.72265625]
[choco-best] objective=None probability=None solution=None
[parallel 56/274] path=data/miplib_benders/qaoa_problems/nvars_08/supportcase6_ds_qaoa_c733_c745_c747_0004.json status=ok wall=1572.963380269939 peak_mb=410.6796875 choco_obj=
[problem] supportcase6_ds_qaoa_c745_c747_0005 path=data/miplib_benders/qaoa_problems/nvars_08/supportcase6_ds_qaoa_c745_c747_0005.json
[input] n_int=8 n_bin=24 n_constr=2
[input] A=[[1, 0, 1, 1, 1, 1, 0, 1], [1, 1, 1, 1, 1, 1, 1, 1]] b=[1, 1] c=[144887000, 151847000, 150892000, 134333000, 145944000, 144887000, 151847000, 150892000]
[encoding]
  B100608(7) = B100608_7__b0 + 2*B100608_7__b1 + 4*B100608_7__b2
  B100623(7) = B100623_7__b0 + 2*B100623_7__b1 + 4*B100623_7__b2
  B101029(7) = B101029_7__b0 + 2*B101029_7__b1 + 4*B101029_7__b2
  B101035(7) = B101035_7__b0 + 2*B101035_7__b1 + 4*B101035_7__b2
  B101037(7) = B101037_7__b0 + 2*B101037_7__b1 + 4*B101037_7__b2
  B101043(7) = B101043_7__b0 + 2*B101043_7__b1 + 4*B101043_7__b2
  B101058(7) = B101058_7__b0 + 2*B101058_7__b1 + 4*B101058_7__b2
  B101479(7) = B101479_7__b0 + 2*B101479_7__b1 + 4*B101479_7__b2
[expanded] A_binary=[[1, 2, 4, 0, 0, 0, 1, 2, 4, 1, 2, 4, 1, 2, 4, 1, 2, 4, 0, 0, 0, 1, 2, 4], [1, 2, 4, 1, 2, 4, 1, 2, 4, 1, 2, 4, 1, 2, 4, 1, 2, 4, 1, 2, 4, 1, 2, 4]] b=[1, 1]
[expanded] lin_constr_mtx=[[1, 2, 4, 0, 0, 0, 1, 2, 4, 1, 2, 4, 1, 2, 4, 1, 2, 4, 0, 0, 0, 1, 2, 4, 1], [1, 2, 4, 1, 2, 4, 1, 2, 4, 1, 2, 4, 1, 2, 4, 1, 2, 4, 1, 2, 4, 1, 2, 4, 1]]
Set parameter Username
[classical] objective=150892000.0 solution={'B100608(7)': 0, 'B100623(7)': 0, 'B101029(7)': 1, 'B101035(7)': 0, 'B101037(7)': 0, 'B101043(7)': 0, 'B101058(7)': 0, 'B101479(7)': 0}
[circuit] metrics=[229, 50, 102, 263]
[solve] start
[solve] states=[[1, 0, 1, 1, 1, 0, 1, 1, 0, 1, 1, 0, 0, 0, 0, 0, 0, 0, 1, 1, 0, 1, 0, 0], [1, 0, 1, 1, 1, 0, 1, 1, 0, 1, 1, 0, 1, 1, 0, 1, 0, 1, 1, 1, 0, 1, 0, 0], [1, 0, 1, 1, 1, 0, 1, 1, 0, 1, 1, 0, 1, 1, 0, 1, 1, 0, 0, 0, 0, 1, 0, 0], [1, 0, 1, 1, 1, 0, 1, 1, 0, 1, 1, 0, 1, 1, 0, 1, 1, 0, 1, 0, 1, 1, 0, 0], [1, 0, 1, 1, 1, 0, 1, 1, 0, 1, 1, 0, 1, 1, 0, 1, 1, 0, 1, 1, 0, 1, 0, 0], [1, 1, 0, 1, 0, 1, 0, 0, 0, 0, 0, 0, 1, 1, 0, 1, 1, 0, 1, 1, 0, 1, 0, 0], [1, 1, 0, 1, 0, 1, 0, 0, 0, 1, 1, 0, 1, 1, 0, 1, 1, 0, 1, 1, 0, 1, 0, 0], [1, 1, 0, 1, 0, 1, 1, 1, 0, 1, 1, 0, 0, 0, 0, 1, 1, 0, 1, 1, 0, 1, 0, 0], [1, 1, 0, 1, 0, 1, 1, 1, 0, 1, 1, 0, 1, 0, 1, 0, 0, 0, 1, 1, 0, 1, 0, 0], [1, 1, 0, 1, 0, 1, 1, 1, 0, 1, 1, 0, 1, 1, 0, 1, 1, 0, 0, 0, 0, 1, 0, 0], [1, 1, 0, 1, 0, 1, 1, 1, 0, 1, 1, 0, 1, 1, 0, 1, 1, 0, 1, 1, 0, 1, 0, 0], [1, 1, 0, 1, 1, 0, 0, 0, 0, 0, 0, 0, 1, 0, 1, 1, 1, 0, 1, 0, 1, 1, 0, 0], [1, 1, 0, 1, 1, 0, 0, 0, 0, 1, 0, 1, 1, 1, 0, 1, 1, 0, 1, 1, 0, 1, 0, 0], [1, 1, 0, 1, 1, 0, 0, 0, 0, 1, 1, 0, 1, 1, 0, 1, 1, 0, 0, 0, 0, 1, 0, 0], [1, 1, 0, 1, 1, 0, 0, 0, 0, 1, 1, 0, 1, 1, 0, 1, 1, 0, 1, 1, 0, 1, 0, 0], [1, 1, 0, 1, 1, 0, 1, 0, 1, 1, 1, 0, 0, 0, 0, 1, 1, 0, 1, 1, 0, 1, 0, 0], [1, 1, 0, 1, 1, 0, 1, 0, 1, 1, 1, 0, 1, 1, 0, 0, 0, 0, 1, 1, 0, 1, 0, 0], [1, 1, 0, 1, 1, 0, 1, 0, 1, 1, 1, 0, 1, 1, 0, 1, 1, 0, 1, 1, 0, 1, 0, 0], [1, 1, 0, 1, 1, 0, 1, 1, 0, 0, 0, 0, 0, 0, 0, 1, 1, 0, 1, 1, 0, 1, 0, 0], [1, 1, 0, 1, 1, 0, 1, 1, 0, 0, 0, 0, 1, 1, 0, 1, 0, 1, 1, 1, 0, 1, 0, 0], [1, 1, 0, 1, 1, 0, 1, 1, 0, 0, 0, 0, 1, 1, 0, 1, 1, 0, 0, 0, 0, 1, 0, 0], [1, 1, 0, 1, 1, 0, 1, 1, 0, 0, 0, 0, 1, 1, 0, 1, 1, 0, 1, 1, 0, 1, 0, 0], [1, 1, 0, 1, 1, 0, 1, 1, 0, 1, 0, 1, 1, 0, 1, 1, 1, 0, 1, 1, 0, 1, 0, 0], [1, 1, 0, 1, 1, 0, 1, 1, 0, 1, 0, 1, 1, 1, 0, 1, 0, 1, 1, 1, 0, 1, 0, 0], [1, 1, 0, 1, 1, 0, 1, 1, 0, 1, 0, 1, 1, 1, 0, 1, 1, 0, 1, 1, 0, 1, 0, 0], [1, 1, 0, 1, 1, 0, 1, 1, 0, 1, 1, 0, 0, 0, 0, 1, 1, 0, 0, 0, 0, 1, 0, 0], [1, 1, 0, 1, 1, 0, 1, 1, 0, 1, 1, 0, 0, 0, 0, 1, 1, 0, 1, 1, 0, 1, 0, 0], [1, 1, 0, 1, 1, 0, 1, 1, 0, 1, 1, 0, 1, 0, 1, 0, 0, 0, 1, 1, 0, 1, 0, 0], [1, 1, 0, 1, 1, 0, 1, 1, 0, 1, 1, 0, 1, 0, 1, 1, 1, 0, 1, 1, 0, 1, 0, 0], [1, 1, 0, 1, 1, 0, 1, 1, 0, 1, 1, 0, 1, 1, 0, 0, 0, 0, 1, 1, 0, 1, 0, 0], [1, 1, 0, 1, 1, 0, 1, 1, 0, 1, 1, 0, 1, 1, 0, 1, 0, 1, 1, 1, 0, 1, 0, 0], [1, 1, 0, 1, 1, 0, 1, 1, 0, 1, 1, 0, 1, 1, 0, 1, 1, 0, 0, 0, 0, 1, 0, 0], [1, 1, 0, 1, 1, 0, 1, 1, 0, 1, 1, 0, 1, 1, 0, 1, 1, 0, 1, 0, 1, 1, 0, 0], [1, 1, 0, 1, 1, 0, 1, 1, 0, 1, 1, 0, 1, 1, 0, 1, 1, 0, 1, 1, 0, 1, 0, 0]]
[solve] probs=[0.00390625, 0.00390625, 0.00390625, 0.00390625, 0.0234375, 0.00390625, 0.00390625, 0.01171875, 0.00390625, 0.00390625, 0.015625, 0.00390625, 0.00390625, 0.00390625, 0.03125, 0.0078125, 0.00390625, 0.03515625, 0.00390625, 0.00390625, 0.00390625, 0.0234375, 0.00390625, 0.0078125, 0.01953125, 0.00390625, 0.03125, 0.00390625, 0.015625, 0.0234375, 0.03515625, 0.03515625, 0.0078125, 0.60546875]
[choco-best] objective=None probability=None solution=None
[parallel 57/274] path=data/miplib_benders/qaoa_problems/nvars_08/supportcase6_ds_qaoa_c745_c747_0001.json status=ok wall=600.3088245220715 peak_mb=401.65625 choco_obj=
[problem] supportcase6_ds_qaoa_c745_c747_c759_0001 path=data/miplib_benders/qaoa_problems/nvars_08/supportcase6_ds_qaoa_c745_c747_c759_0001.json
[input] n_int=8 n_bin=24 n_constr=3
[input] A=[[0, 1, 1, 1, 1, 0, 1, 1], [1, 1, 1, 1, 1, 1, 1, 1], [1, 1, 0, 0, 0, 1, 1, 0]] b=[1, 1, 1] c=[151847000, 150892000, 134333000, 145944000, 144887000, 151847000, 150892000, 134333000]
[encoding]
  B100166(7) = B100166_7__b0 + 2*B100166_7__b1 + 4*B100166_7__b2
  B100594(7) = B100594_7__b0 + 2*B100594_7__b1 + 4*B100594_7__b2
  B100600(7) = B100600_7__b0 + 2*B100600_7__b1 + 4*B100600_7__b2
  B100602(7) = B100602_7__b0 + 2*B100602_7__b1 + 4*B100602_7__b2
  B100608(7) = B100608_7__b0 + 2*B100608_7__b1 + 4*B100608_7__b2
  B100623(7) = B100623_7__b0 + 2*B100623_7__b1 + 4*B100623_7__b2
  B101029(7) = B101029_7__b0 + 2*B101029_7__b1 + 4*B101029_7__b2
  B101035(7) = B101035_7__b0 + 2*B101035_7__b1 + 4*B101035_7__b2
[expanded] A_binary=[[0, 0, 0, 1, 2, 4, 1, 2, 4, 1, 2, 4, 1, 2, 4, 0, 0, 0, 1, 2, 4, 1, 2, 4], [1, 2, 4, 1, 2, 4, 1, 2, 4, 1, 2, 4, 1, 2, 4, 1, 2, 4, 1, 2, 4, 1, 2, 4], [1, 2, 4, 1, 2, 4, 0, 0, 0, 0, 0, 0, 0, 0, 0, 1, 2, 4, 1, 2, 4, 0, 0, 0]] b=[1, 1, 1]
[expanded] lin_constr_mtx=[[0, 0, 0, 1, 2, 4, 1, 2, 4, 1, 2, 4, 1, 2, 4, 0, 0, 0, 1, 2, 4, 1, 2, 4, 1], [1, 2, 4, 1, 2, 4, 1, 2, 4, 1, 2, 4, 1, 2, 4, 1, 2, 4, 1, 2, 4, 1, 2, 4, 1], [1, 2, 4, 1, 2, 4, 0, 0, 0, 0, 0, 0, 0, 0, 0, 1, 2, 4, 1, 2, 4, 0, 0, 0, 1]]
Set parameter Username
[classical] objective=150892000.0 solution={'B100166(7)': 0, 'B100594(7)': 1, 'B100600(7)': 0, 'B100602(7)': 0, 'B100608(7)': 0, 'B100623(7)': 0, 'B101029(7)': 0, 'B101035(7)': 0}
[circuit] metrics=[149, 50, 66, 254]
[solve] start
[solve] states=[[1, 0, 1, 1, 1, 0, 1, 1, 0, 1, 1, 0, 1, 1, 0, 1, 1, 0, 1, 0, 0, 1, 1, 0], [1, 1, 0, 1, 1, 0, 1, 0, 1, 1, 1, 0, 1, 1, 0, 1, 1, 0, 1, 0, 0, 1, 1, 0], [1, 1, 0, 1, 1, 0, 1, 1, 0, 1, 1, 0, 1, 0, 1, 1, 1, 0, 1, 0, 0, 1, 1, 0], [1, 1, 0, 1, 1, 0, 1, 1, 0, 1, 1, 0, 1, 1, 0, 0, 0, 0, 1, 0, 0, 1, 1, 0], [1, 1, 0, 1, 1, 0, 1, 1, 0, 1, 1, 0, 1, 1, 0, 1, 1, 0, 1, 0, 0, 1, 1, 0]]
[solve] probs=[0.0078125, 0.00390625, 0.0078125, 0.0078125, 0.97265625]
[choco-best] objective=None probability=None solution=None
[parallel 58/274] path=data/miplib_benders/qaoa_problems/nvars_08/supportcase6_ds_qaoa_c745_c747_0004.json status=ok wall=590.6884076930583 peak_mb=408.10546875 choco_obj=
[problem] supportcase6_ds_qaoa_c745_c747_c759_0002 path=data/miplib_benders/qaoa_problems/nvars_08/supportcase6_ds_qaoa_c745_c747_c759_0002.json
[input] n_int=8 n_bin=24 n_constr=3
[input] A=[[1, 1, 1, 1, 0, 1, 1, 1], [1, 1, 1, 1, 1, 1, 1, 1], [1, 0, 0, 0, 1, 1, 0, 0]] b=[1, 1, 1] c=[150892000, 134333000, 145944000, 144887000, 151847000, 150892000, 134333000, 145944000]
[encoding]
  B100594(7) = B100594_7__b0 + 2*B100594_7__b1 + 4*B100594_7__b2
  B100600(7) = B100600_7__b0 + 2*B100600_7__b1 + 4*B100600_7__b2
  B100602(7) = B100602_7__b0 + 2*B100602_7__b1 + 4*B100602_7__b2
  B100608(7) = B100608_7__b0 + 2*B100608_7__b1 + 4*B100608_7__b2
  B100623(7) = B100623_7__b0 + 2*B100623_7__b1 + 4*B100623_7__b2
  B101029(7) = B101029_7__b0 + 2*B101029_7__b1 + 4*B101029_7__b2
  B101035(7) = B101035_7__b0 + 2*B101035_7__b1 + 4*B101035_7__b2
  B101037(7) = B101037_7__b0 + 2*B101037_7__b1 + 4*B101037_7__b2
[expanded] A_binary=[[1, 2, 4, 1, 2, 4, 1, 2, 4, 1, 2, 4, 0, 0, 0, 1, 2, 4, 1, 2, 4, 1, 2, 4], [1, 2, 4, 1, 2, 4, 1, 2, 4, 1, 2, 4, 1, 2, 4, 1, 2, 4, 1, 2, 4, 1, 2, 4], [1, 2, 4, 0, 0, 0, 0, 0, 0, 0, 0, 0, 1, 2, 4, 1, 2, 4, 0, 0, 0, 0, 0, 0]] b=[1, 1, 1]
[expanded] lin_constr_mtx=[[1, 2, 4, 1, 2, 4, 1, 2, 4, 1, 2, 4, 0, 0, 0, 1, 2, 4, 1, 2, 4, 1, 2, 4, 1], [1, 2, 4, 1, 2, 4, 1, 2, 4, 1, 2, 4, 1, 2, 4, 1, 2, 4, 1, 2, 4, 1, 2, 4, 1], [1, 2, 4, 0, 0, 0, 0, 0, 0, 0, 0, 0, 1, 2, 4, 1, 2, 4, 0, 0, 0, 0, 0, 0, 1]]
Set parameter Username
[classical] objective=150892000.0 solution={'B100594(7)': 1, 'B100600(7)': 0, 'B100602(7)': 0, 'B100608(7)': 0, 'B100623(7)': 0, 'B101029(7)': 0, 'B101035(7)': 0, 'B101037(7)': 0}
[circuit] metrics=[189, 50, 84, 254]
[solve] start
[solve] states=[[1, 0, 1, 1, 1, 0, 1, 1, 0, 1, 1, 0, 1, 1, 0, 1, 0, 0, 1, 1, 0, 1, 1, 0], [1, 1, 0, 1, 0, 1, 1, 1, 0, 1, 1, 0, 1, 1, 0, 1, 0, 0, 1, 1, 0, 1, 1, 0], [1, 1, 0, 1, 1, 0, 1, 0, 1, 1, 1, 0, 1, 1, 0, 1, 0, 0, 1, 1, 0, 1, 1, 0], [1, 1, 0, 1, 1, 0, 1, 1, 0, 0, 0, 0, 1, 1, 0, 1, 0, 0, 1, 1, 0, 1, 1, 0], [1, 1, 0, 1, 1, 0, 1, 1, 0, 1, 0, 1, 1, 1, 0, 1, 0, 0, 1, 1, 0, 1, 1, 0], [1, 1, 0, 1, 1, 0, 1, 1, 0, 1, 1, 0, 0, 0, 0, 1, 0, 0, 1, 1, 0, 1, 1, 0], [1, 1, 0, 1, 1, 0, 1, 1, 0, 1, 1, 0, 1, 0, 1, 1, 0, 0, 1, 1, 0, 1, 1, 0], [1, 1, 0, 1, 1, 0, 1, 1, 0, 1, 1, 0, 1, 1, 0, 1, 0, 0, 1, 0, 1, 1, 1, 0], [1, 1, 0, 1, 1, 0, 1, 1, 0, 1, 1, 0, 1, 1, 0, 1, 0, 0, 1, 1, 0, 1, 0, 1], [1, 1, 0, 1, 1, 0, 1, 1, 0, 1, 1, 0, 1, 1, 0, 1, 0, 0, 1, 1, 0, 1, 1, 0]]
[solve] probs=[0.0078125, 0.00390625, 0.00390625, 0.0078125, 0.00390625, 0.01171875, 0.00390625, 0.0078125, 0.0078125, 0.94140625]
[choco-best] objective=None probability=None solution=None
[parallel 59/274] path=data/miplib_benders/qaoa_problems/nvars_08/supportcase6_ds_qaoa_c733_c745_c747_0005.json status=ok wall=1542.0485914068995 peak_mb=407.96484375 choco_obj=
[problem] supportcase6_ds_qaoa_c745_c747_c759_0005 path=data/miplib_benders/qaoa_problems/nvars_08/supportcase6_ds_qaoa_c745_c747_c759_0005.json
[input] n_int=8 n_bin=24 n_constr=3
[input] A=[[1, 0, 1, 1, 1, 1, 0, 1], [1, 1, 1, 1, 1, 1, 1, 1], [0, 1, 1, 0, 0, 0, 1, 1]] b=[1, 1, 1] c=[144887000, 151847000, 150892000, 134333000, 145944000, 144887000, 151847000, 150892000]
[encoding]
  B100608(7) = B100608_7__b0 + 2*B100608_7__b1 + 4*B100608_7__b2
  B100623(7) = B100623_7__b0 + 2*B100623_7__b1 + 4*B100623_7__b2
  B101029(7) = B101029_7__b0 + 2*B101029_7__b1 + 4*B101029_7__b2
  B101035(7) = B101035_7__b0 + 2*B101035_7__b1 + 4*B101035_7__b2
  B101037(7) = B101037_7__b0 + 2*B101037_7__b1 + 4*B101037_7__b2
  B101043(7) = B101043_7__b0 + 2*B101043_7__b1 + 4*B101043_7__b2
  B101058(7) = B101058_7__b0 + 2*B101058_7__b1 + 4*B101058_7__b2
  B101479(7) = B101479_7__b0 + 2*B101479_7__b1 + 4*B101479_7__b2
[expanded] A_binary=[[1, 2, 4, 0, 0, 0, 1, 2, 4, 1, 2, 4, 1, 2, 4, 1, 2, 4, 0, 0, 0, 1, 2, 4], [1, 2, 4, 1, 2, 4, 1, 2, 4, 1, 2, 4, 1, 2, 4, 1, 2, 4, 1, 2, 4, 1, 2, 4], [0, 0, 0, 1, 2, 4, 1, 2, 4, 0, 0, 0, 0, 0, 0, 0, 0, 0, 1, 2, 4, 1, 2, 4]] b=[1, 1, 1]
[expanded] lin_constr_mtx=[[1, 2, 4, 0, 0, 0, 1, 2, 4, 1, 2, 4, 1, 2, 4, 1, 2, 4, 0, 0, 0, 1, 2, 4, 1], [1, 2, 4, 1, 2, 4, 1, 2, 4, 1, 2, 4, 1, 2, 4, 1, 2, 4, 1, 2, 4, 1, 2, 4, 1], [0, 0, 0, 1, 2, 4, 1, 2, 4, 0, 0, 0, 0, 0, 0, 0, 0, 0, 1, 2, 4, 1, 2, 4, 1]]
Set parameter Username
[classical] objective=150892000.0 solution={'B100608(7)': 0, 'B100623(7)': 0, 'B101029(7)': 1, 'B101035(7)': 0, 'B101037(7)': 0, 'B101043(7)': 0, 'B101058(7)': 0, 'B101479(7)': 0}
[circuit] metrics=[149, 50, 66, 254]
[solve] start
[solve] states=[[1, 1, 0, 1, 1, 0, 1, 1, 0, 1, 1, 0, 1, 1, 0, 1, 1, 0, 1, 1, 0, 1, 0, 0]]
[solve] probs=[1.0]
[choco-best] objective=None probability=None solution=None
[parallel 60/274] path=data/miplib_benders/qaoa_problems/nvars_08/supportcase6_ds_qaoa_c745_c747_0005.json status=ok wall=666.7586794910021 peak_mb=408.0 choco_obj=
[problem] supportcase6_ds_qaoa_c747_c759_0001 path=data/miplib_benders/qaoa_problems/nvars_08/supportcase6_ds_qaoa_c747_c759_0001.json
[input] n_int=8 n_bin=24 n_constr=2
[input] A=[[1, 1, 1, 1, 1, 1, 1, 1], [1, 1, 0, 0, 0, 1, 1, 0]] b=[1, 1] c=[151847000, 150892000, 134333000, 145944000, 144887000, 151847000, 150892000, 134333000]
[encoding]
  B100166(7) = B100166_7__b0 + 2*B100166_7__b1 + 4*B100166_7__b2
  B100594(7) = B100594_7__b0 + 2*B100594_7__b1 + 4*B100594_7__b2
  B100600(7) = B100600_7__b0 + 2*B100600_7__b1 + 4*B100600_7__b2
  B100602(7) = B100602_7__b0 + 2*B100602_7__b1 + 4*B100602_7__b2
  B100608(7) = B100608_7__b0 + 2*B100608_7__b1 + 4*B100608_7__b2
  B100623(7) = B100623_7__b0 + 2*B100623_7__b1 + 4*B100623_7__b2
  B101029(7) = B101029_7__b0 + 2*B101029_7__b1 + 4*B101029_7__b2
  B101035(7) = B101035_7__b0 + 2*B101035_7__b1 + 4*B101035_7__b2
[expanded] A_binary=[[1, 2, 4, 1, 2, 4, 1, 2, 4, 1, 2, 4, 1, 2, 4, 1, 2, 4, 1, 2, 4, 1, 2, 4], [1, 2, 4, 1, 2, 4, 0, 0, 0, 0, 0, 0, 0, 0, 0, 1, 2, 4, 1, 2, 4, 0, 0, 0]] b=[1, 1]
[expanded] lin_constr_mtx=[[1, 2, 4, 1, 2, 4, 1, 2, 4, 1, 2, 4, 1, 2, 4, 1, 2, 4, 1, 2, 4, 1, 2, 4, 1], [1, 2, 4, 1, 2, 4, 0, 0, 0, 0, 0, 0, 0, 0, 0, 1, 2, 4, 1, 2, 4, 0, 0, 0, 1]]
Set parameter Username
[classical] objective=151847000.0 solution={'B100166(7)': 1, 'B100594(7)': 0, 'B100600(7)': 0, 'B100602(7)': 0, 'B100608(7)': 0, 'B100623(7)': 0, 'B101029(7)': 0, 'B101035(7)': 0}
[circuit] metrics=[149, 50, 66, 263]
[solve] start
[solve] states=[[1, 0, 1, 1, 1, 0, 1, 1, 0, 1, 1, 0, 1, 1, 0, 1, 0, 0, 1, 1, 0, 0, 0, 0], [1, 0, 1, 1, 1, 0, 1, 1, 0, 1, 1, 0, 1, 1, 0, 1, 0, 0, 1, 1, 0, 1, 1, 0], [1, 1, 0, 1, 1, 0, 0, 0, 0, 1, 1, 0, 1, 1, 0, 1, 0, 0, 1, 1, 0, 1, 1, 0], [1, 1, 0, 1, 1, 0, 1, 1, 0, 0, 0, 0, 1, 1, 0, 1, 0, 0, 1, 1, 0, 1, 1, 0], [1, 1, 0, 1, 1, 0, 1, 1, 0, 1, 0, 1, 1, 1, 0, 1, 0, 0, 1, 1, 0, 1, 1, 0], [1, 1, 0, 1, 1, 0, 1, 1, 0, 1, 1, 0, 1, 0, 1, 1, 0, 0, 1, 1, 0, 1, 1, 0], [1, 1, 0, 1, 1, 0, 1, 1, 0, 1, 1, 0, 1, 1, 0, 1, 0, 0, 1, 0, 1, 1, 1, 0], [1, 1, 0, 1, 1, 0, 1, 1, 0, 1, 1, 0, 1, 1, 0, 1, 0, 0, 1, 1, 0, 1, 0, 1], [1, 1, 0, 1, 1, 0, 1, 1, 0, 1, 1, 0, 1, 1, 0, 1, 0, 0, 1, 1, 0, 1, 1, 0]]
[solve] probs=[0.00390625, 0.0078125, 0.00390625, 0.00390625, 0.00390625, 0.015625, 0.00390625, 0.0078125, 0.94921875]
[choco-best] objective=None probability=None solution=None
[parallel 61/274] path=data/miplib_benders/qaoa_problems/nvars_08/supportcase6_ds_qaoa_c745_c747_c759_0002.json status=ok wall=619.1472024390241 peak_mb=400.8203125 choco_obj=
[problem] supportcase6_ds_qaoa_c747_c759_0002 path=data/miplib_benders/qaoa_problems/nvars_08/supportcase6_ds_qaoa_c747_c759_0002.json
[input] n_int=8 n_bin=24 n_constr=2
[input] A=[[1, 1, 1, 1, 1, 1, 1, 1], [1, 0, 0, 0, 1, 1, 0, 0]] b=[1, 1] c=[150892000, 134333000, 145944000, 144887000, 151847000, 150892000, 134333000, 145944000]
[encoding]
  B100594(7) = B100594_7__b0 + 2*B100594_7__b1 + 4*B100594_7__b2
  B100600(7) = B100600_7__b0 + 2*B100600_7__b1 + 4*B100600_7__b2
  B100602(7) = B100602_7__b0 + 2*B100602_7__b1 + 4*B100602_7__b2
  B100608(7) = B100608_7__b0 + 2*B100608_7__b1 + 4*B100608_7__b2
  B100623(7) = B100623_7__b0 + 2*B100623_7__b1 + 4*B100623_7__b2
  B101029(7) = B101029_7__b0 + 2*B101029_7__b1 + 4*B101029_7__b2
  B101035(7) = B101035_7__b0 + 2*B101035_7__b1 + 4*B101035_7__b2
  B101037(7) = B101037_7__b0 + 2*B101037_7__b1 + 4*B101037_7__b2
[expanded] A_binary=[[1, 2, 4, 1, 2, 4, 1, 2, 4, 1, 2, 4, 1, 2, 4, 1, 2, 4, 1, 2, 4, 1, 2, 4], [1, 2, 4, 0, 0, 0, 0, 0, 0, 0, 0, 0, 1, 2, 4, 1, 2, 4, 0, 0, 0, 0, 0, 0]] b=[1, 1]
[expanded] lin_constr_mtx=[[1, 2, 4, 1, 2, 4, 1, 2, 4, 1, 2, 4, 1, 2, 4, 1, 2, 4, 1, 2, 4, 1, 2, 4, 1], [1, 2, 4, 0, 0, 0, 0, 0, 0, 0, 0, 0, 1, 2, 4, 1, 2, 4, 0, 0, 0, 0, 0, 0, 1]]
Set parameter Username
[classical] objective=151847000.0 solution={'B100594(7)': 0, 'B100600(7)': 0, 'B100602(7)': 0, 'B100608(7)': 0, 'B100623(7)': 1, 'B101029(7)': 0, 'B101035(7)': 0, 'B101037(7)': 0}
[circuit] metrics=[189, 50, 84, 263]
[solve] start
[solve] states=[[1, 0, 1, 1, 1, 0, 1, 1, 0, 1, 1, 0, 1, 1, 0, 1, 1, 0, 1, 0, 0, 1, 1, 0], [1, 1, 0, 0, 0, 0, 1, 1, 0, 1, 1, 0, 1, 1, 0, 1, 1, 0, 1, 0, 0, 1, 1, 0], [1, 1, 0, 1, 0, 1, 1, 1, 0, 1, 1, 0, 1, 1, 0, 1, 1, 0, 1, 0, 0, 1, 1, 0], [1, 1, 0, 1, 1, 0, 1, 1, 0, 0, 0, 0, 1, 1, 0, 1, 1, 0, 1, 0, 0, 1, 1, 0], [1, 1, 0, 1, 1, 0, 1, 1, 0, 1, 0, 1, 1, 1, 0, 1, 1, 0, 1, 0, 0, 1, 1, 0], [1, 1, 0, 1, 1, 0, 1, 1, 0, 1, 1, 0, 0, 0, 0, 1, 1, 0, 1, 0, 0, 1, 1, 0], [1, 1, 0, 1, 1, 0, 1, 1, 0, 1, 1, 0, 1, 0, 1, 1, 1, 0, 1, 0, 0, 1, 1, 0], [1, 1, 0, 1, 1, 0, 1, 1, 0, 1, 1, 0, 1, 1, 0, 0, 0, 0, 1, 0, 0, 0, 0, 0], [1, 1, 0, 1, 1, 0, 1, 1, 0, 1, 1, 0, 1, 1, 0, 1, 1, 0, 1, 0, 0, 0, 0, 0], [1, 1, 0, 1, 1, 0, 1, 1, 0, 1, 1, 0, 1, 1, 0, 1, 1, 0, 1, 0, 0, 1, 0, 1], [1, 1, 0, 1, 1, 0, 1, 1, 0, 1, 1, 0, 1, 1, 0, 1, 1, 0, 1, 0, 0, 1, 1, 0]]
[solve] probs=[0.00390625, 0.00390625, 0.0078125, 0.00390625, 0.00390625, 0.0078125, 0.0078125, 0.00390625, 0.00390625, 0.0078125, 0.9453125]
[choco-best] objective=None probability=None solution=None
[parallel 62/274] path=data/miplib_benders/qaoa_problems/nvars_08/supportcase6_ds_qaoa_c747_c759_0001.json status=ok wall=493.66597584902775 peak_mb=476.046875 choco_obj=
[problem] supportcase6_ds_qaoa_c747_c759_0004 path=data/miplib_benders/qaoa_problems/nvars_08/supportcase6_ds_qaoa_c747_c759_0004.json
[input] n_int=8 n_bin=24 n_constr=2
[input] A=[[1, 1, 1, 1, 1, 1, 1, 1], [0, 0, 1, 1, 0, 0, 0, 1]] b=[1, 1] c=[145944000, 144887000, 151847000, 150892000, 134333000, 145944000, 144887000, 151847000]
[encoding]
  B100602(7) = B100602_7__b0 + 2*B100602_7__b1 + 4*B100602_7__b2
  B100608(7) = B100608_7__b0 + 2*B100608_7__b1 + 4*B100608_7__b2
  B100623(7) = B100623_7__b0 + 2*B100623_7__b1 + 4*B100623_7__b2
  B101029(7) = B101029_7__b0 + 2*B101029_7__b1 + 4*B101029_7__b2
  B101035(7) = B101035_7__b0 + 2*B101035_7__b1 + 4*B101035_7__b2
  B101037(7) = B101037_7__b0 + 2*B101037_7__b1 + 4*B101037_7__b2
  B101043(7) = B101043_7__b0 + 2*B101043_7__b1 + 4*B101043_7__b2
  B101058(7) = B101058_7__b0 + 2*B101058_7__b1 + 4*B101058_7__b2
[expanded] A_binary=[[1, 2, 4, 1, 2, 4, 1, 2, 4, 1, 2, 4, 1, 2, 4, 1, 2, 4, 1, 2, 4, 1, 2, 4], [0, 0, 0, 0, 0, 0, 1, 2, 4, 1, 2, 4, 0, 0, 0, 0, 0, 0, 0, 0, 0, 1, 2, 4]] b=[1, 1]
[expanded] lin_constr_mtx=[[1, 2, 4, 1, 2, 4, 1, 2, 4, 1, 2, 4, 1, 2, 4, 1, 2, 4, 1, 2, 4, 1, 2, 4, 1], [0, 0, 0, 0, 0, 0, 1, 2, 4, 1, 2, 4, 0, 0, 0, 0, 0, 0, 0, 0, 0, 1, 2, 4, 1]]
Set parameter Username
[classical] objective=151847000.0 solution={'B100602(7)': 0, 'B100608(7)': 0, 'B100623(7)': 1, 'B101029(7)': 0, 'B101035(7)': 0, 'B101037(7)': 0, 'B101043(7)': 0, 'B101058(7)': 0}
[circuit] metrics=[189, 50, 84, 263]
[solve] start
[solve] states=[[1, 0, 1, 1, 1, 0, 1, 1, 0, 1, 1, 0, 1, 1, 0, 1, 0, 0, 1, 1, 0, 1, 0, 1], [1, 1, 0, 1, 1, 0, 0, 0, 0, 1, 1, 0, 1, 1, 0, 1, 0, 0, 1, 1, 0, 1, 1, 0], [1, 1, 0, 1, 1, 0, 1, 0, 1, 1, 1, 0, 1, 1, 0, 1, 0, 0, 1, 0, 1, 1, 1, 0], [1, 1, 0, 1, 1, 0, 1, 1, 0, 0, 0, 0, 1, 1, 0, 1, 0, 0, 1, 1, 0, 1, 1, 0], [1, 1, 0, 1, 1, 0, 1, 1, 0, 1, 1, 0, 1, 0, 1, 1, 0, 0, 1, 1, 0, 1, 1, 0], [1, 1, 0, 1, 1, 0, 1, 1, 0, 1, 1, 0, 1, 1, 0, 1, 0, 0, 0, 0, 0, 1, 1, 0], [1, 1, 0, 1, 1, 0, 1, 1, 0, 1, 1, 0, 1, 1, 0, 1, 0, 0, 1, 0, 1, 1, 1, 0], [1, 1, 0, 1, 1, 0, 1, 1, 0, 1, 1, 0, 1, 1, 0, 1, 0, 0, 1, 1, 0, 0, 0, 0], [1, 1, 0, 1, 1, 0, 1, 1, 0, 1, 1, 0, 1, 1, 0, 1, 0, 0, 1, 1, 0, 1, 0, 1], [1, 1, 0, 1, 1, 0, 1, 1, 0, 1, 1, 0, 1, 1, 0, 1, 0, 0, 1, 1, 0, 1, 1, 0]]
[solve] probs=[0.00390625, 0.00390625, 0.00390625, 0.0078125, 0.00390625, 0.00390625, 0.00390625, 0.00390625, 0.00390625, 0.9609375]
[choco-best] objective=None probability=None solution=None
[parallel 63/274] path=data/miplib_benders/qaoa_problems/nvars_08/supportcase6_ds_qaoa_c747_c759_0002.json status=ok wall=450.00261401804164 peak_mb=476.625 choco_obj=
[problem] supportcase6_ds_qaoa_c747_c759_0005 path=data/miplib_benders/qaoa_problems/nvars_08/supportcase6_ds_qaoa_c747_c759_0005.json
[input] n_int=8 n_bin=24 n_constr=2
[input] A=[[1, 1, 1, 1, 1, 1, 1, 1], [0, 1, 1, 0, 0, 0, 1, 1]] b=[1, 1] c=[144887000, 151847000, 150892000, 134333000, 145944000, 144887000, 151847000, 150892000]
[encoding]
  B100608(7) = B100608_7__b0 + 2*B100608_7__b1 + 4*B100608_7__b2
  B100623(7) = B100623_7__b0 + 2*B100623_7__b1 + 4*B100623_7__b2
  B101029(7) = B101029_7__b0 + 2*B101029_7__b1 + 4*B101029_7__b2
  B101035(7) = B101035_7__b0 + 2*B101035_7__b1 + 4*B101035_7__b2
  B101037(7) = B101037_7__b0 + 2*B101037_7__b1 + 4*B101037_7__b2
  B101043(7) = B101043_7__b0 + 2*B101043_7__b1 + 4*B101043_7__b2
  B101058(7) = B101058_7__b0 + 2*B101058_7__b1 + 4*B101058_7__b2
  B101479(7) = B101479_7__b0 + 2*B101479_7__b1 + 4*B101479_7__b2
[expanded] A_binary=[[1, 2, 4, 1, 2, 4, 1, 2, 4, 1, 2, 4, 1, 2, 4, 1, 2, 4, 1, 2, 4, 1, 2, 4], [0, 0, 0, 1, 2, 4, 1, 2, 4, 0, 0, 0, 0, 0, 0, 0, 0, 0, 1, 2, 4, 1, 2, 4]] b=[1, 1]
[expanded] lin_constr_mtx=[[1, 2, 4, 1, 2, 4, 1, 2, 4, 1, 2, 4, 1, 2, 4, 1, 2, 4, 1, 2, 4, 1, 2, 4, 1], [0, 0, 0, 1, 2, 4, 1, 2, 4, 0, 0, 0, 0, 0, 0, 0, 0, 0, 1, 2, 4, 1, 2, 4, 1]]
Set parameter Username
[classical] objective=151847000.0 solution={'B100608(7)': 0, 'B100623(7)': 1, 'B101029(7)': 0, 'B101035(7)': 0, 'B101037(7)': 0, 'B101043(7)': 0, 'B101058(7)': 0, 'B101479(7)': 0}
[circuit] metrics=[149, 50, 66, 263]
[solve] start
[solve] states=[[0, 0, 1, 1, 1, 0, 1, 1, 0, 1, 1, 0, 1, 1, 0, 1, 0, 0, 1, 1, 0, 1, 0, 0], [1, 0, 1, 1, 0, 1, 1, 1, 0, 1, 1, 0, 1, 1, 0, 1, 1, 0, 1, 1, 0, 1, 0, 0], [1, 0, 1, 1, 1, 0, 1, 1, 0, 0, 0, 0, 1, 1, 0, 1, 1, 0, 1, 1, 0, 1, 0, 0], [1, 0, 1, 1, 1, 0, 1, 1, 0, 1, 0, 1, 1, 1, 0, 1, 1, 0, 0, 0, 0, 1, 0, 0], [1, 0, 1, 1, 1, 0, 1, 1, 0, 1, 1, 0, 1, 1, 0, 0, 0, 0, 1, 1, 0, 1, 0, 0], [1, 0, 1, 1, 1, 0, 1, 1, 0, 1, 1, 0, 1, 1, 0, 1, 1, 0, 1, 1, 0, 1, 0, 0], [1, 1, 0, 1, 0, 0, 1, 1, 0, 1, 1, 0, 1, 1, 0, 1, 1, 0, 0, 1, 0, 1, 0, 0], [1, 1, 0, 1, 0, 1, 1, 1, 0, 1, 1, 0, 1, 1, 0, 1, 1, 0, 1, 0, 1, 1, 0, 0], [1, 1, 0, 1, 0, 1, 1, 1, 0, 1, 1, 0, 1, 1, 0, 1, 1, 0, 1, 1, 0, 1, 0, 0], [1, 1, 0, 1, 1, 0, 1, 0, 1, 1, 1, 0, 1, 1, 0, 0, 0, 0, 1, 1, 0, 1, 0, 0], [1, 1, 0, 1, 1, 0, 1, 0, 1, 1, 1, 0, 1, 1, 0, 1, 1, 0, 0, 0, 0, 1, 0, 0], [1, 1, 0, 1, 1, 0, 1, 0, 1, 1, 1, 0, 1, 1, 0, 1, 1, 0, 1, 0, 1, 1, 0, 0], [1, 1, 0, 1, 1, 0, 1, 0, 1, 1, 1, 0, 1, 1, 0, 1, 1, 0, 1, 1, 0, 1, 0, 0], [1, 1, 0, 1, 1, 0, 1, 1, 0, 0, 0, 0, 1, 1, 0, 1, 1, 0, 0, 0, 0, 1, 0, 0], [1, 1, 0, 1, 1, 0, 1, 1, 0, 0, 0, 0, 1, 1, 0, 1, 1, 0, 1, 0, 1, 1, 0, 0], [1, 1, 0, 1, 1, 0, 1, 1, 0, 0, 0, 0, 1, 1, 0, 1, 1, 0, 1, 1, 0, 1, 0, 0], [1, 1, 0, 1, 1, 0, 1, 1, 0, 1, 0, 1, 1, 1, 0, 0, 0, 0, 1, 1, 0, 1, 0, 0], [1, 1, 0, 1, 1, 0, 1, 1, 0, 1, 0, 1, 1, 1, 0, 1, 0, 1, 1, 1, 0, 1, 0, 0], [1, 1, 0, 1, 1, 0, 1, 1, 0, 1, 0, 1, 1, 1, 0, 1, 1, 0, 1, 1, 0, 1, 0, 0], [1, 1, 0, 1, 1, 0, 1, 1, 0, 1, 1, 0, 0, 0, 0, 0, 0, 0, 1, 1, 0, 1, 0, 0], [1, 1, 0, 1, 1, 0, 1, 1, 0, 1, 1, 0, 0, 0, 0, 1, 1, 0, 1, 0, 1, 1, 0, 0], [1, 1, 0, 1, 1, 0, 1, 1, 0, 1, 1, 0, 0, 0, 0, 1, 1, 0, 1, 1, 0, 1, 0, 0], [1, 1, 0, 1, 1, 0, 1, 1, 0, 1, 1, 0, 1, 0, 1, 0, 0, 0, 0, 0, 0, 1, 0, 0], [1, 1, 0, 1, 1, 0, 1, 1, 0, 1, 1, 0, 1, 0, 1, 1, 1, 0, 0, 0, 0, 1, 0, 0], [1, 1, 0, 1, 1, 0, 1, 1, 0, 1, 1, 0, 1, 0, 1, 1, 1, 0, 1, 1, 0, 1, 0, 0], [1, 1, 0, 1, 1, 0, 1, 1, 0, 1, 1, 0, 1, 1, 0, 0, 0, 0, 1, 0, 1, 1, 0, 0], [1, 1, 0, 1, 1, 0, 1, 1, 0, 1, 1, 0, 1, 1, 0, 0, 0, 0, 1, 1, 0, 1, 0, 0], [1, 1, 0, 1, 1, 0, 1, 1, 0, 1, 1, 0, 1, 1, 0, 1, 0, 1, 0, 0, 0, 1, 0, 0], [1, 1, 0, 1, 1, 0, 1, 1, 0, 1, 1, 0, 1, 1, 0, 1, 0, 1, 1, 0, 1, 1, 0, 0], [1, 1, 0, 1, 1, 0, 1, 1, 0, 1, 1, 0, 1, 1, 0, 1, 0, 1, 1, 1, 0, 1, 0, 0], [1, 1, 0, 1, 1, 0, 1, 1, 0, 1, 1, 0, 1, 1, 0, 1, 1, 0, 0, 0, 0, 1, 0, 0], [1, 1, 0, 1, 1, 0, 1, 1, 0, 1, 1, 0, 1, 1, 0, 1, 1, 0, 1, 0, 1, 1, 0, 0], [1, 1, 0, 1, 1, 0, 1, 1, 0, 1, 1, 0, 1, 1, 0, 1, 1, 0, 1, 1, 0, 1, 0, 0]]
[solve] probs=[0.00390625, 0.00390625, 0.00390625, 0.00390625, 0.00390625, 0.015625, 0.00390625, 0.00390625, 0.0390625, 0.00390625, 0.00390625, 0.0078125, 0.01953125, 0.00390625, 0.00390625, 0.03515625, 0.00390625, 0.00390625, 0.01953125, 0.0078125, 0.00390625, 0.0234375, 0.00390625, 0.00390625, 0.03125, 0.0078125, 0.03125, 0.00390625, 0.00390625, 0.01953125, 0.0234375, 0.03125, 0.6171875]
[choco-best] objective=None probability=None solution=None
[parallel 64/274] path=data/miplib_benders/qaoa_problems/nvars_08/supportcase6_ds_qaoa_c745_c747_c759_0005.json status=ok wall=1151.9594933349872 peak_mb=407.66015625 choco_obj=
[problem] supportcase6_ds_qaoa_c747_c759_c762_0001 path=data/miplib_benders/qaoa_problems/nvars_08/supportcase6_ds_qaoa_c747_c759_c762_0001.json
[input] n_int=8 n_bin=24 n_constr=3
[input] A=[[1, 1, 1, 1, 1, 1, 1, 1], [1, 1, 0, 0, 0, 1, 1, 0], [1, 0, 0, 1, 1, 1, 0, 0]] b=[1, 1, 1] c=[151847000, 150892000, 134333000, 145944000, 144887000, 151847000, 150892000, 134333000]
[encoding]
  B100166(7) = B100166_7__b0 + 2*B100166_7__b1 + 4*B100166_7__b2
  B100594(7) = B100594_7__b0 + 2*B100594_7__b1 + 4*B100594_7__b2
  B100600(7) = B100600_7__b0 + 2*B100600_7__b1 + 4*B100600_7__b2
  B100602(7) = B100602_7__b0 + 2*B100602_7__b1 + 4*B100602_7__b2
  B100608(7) = B100608_7__b0 + 2*B100608_7__b1 + 4*B100608_7__b2
  B100623(7) = B100623_7__b0 + 2*B100623_7__b1 + 4*B100623_7__b2
  B101029(7) = B101029_7__b0 + 2*B101029_7__b1 + 4*B101029_7__b2
  B101035(7) = B101035_7__b0 + 2*B101035_7__b1 + 4*B101035_7__b2
[expanded] A_binary=[[1, 2, 4, 1, 2, 4, 1, 2, 4, 1, 2, 4, 1, 2, 4, 1, 2, 4, 1, 2, 4, 1, 2, 4], [1, 2, 4, 1, 2, 4, 0, 0, 0, 0, 0, 0, 0, 0, 0, 1, 2, 4, 1, 2, 4, 0, 0, 0], [1, 2, 4, 0, 0, 0, 0, 0, 0, 1, 2, 4, 1, 2, 4, 1, 2, 4, 0, 0, 0, 0, 0, 0]] b=[1, 1, 1]
[expanded] lin_constr_mtx=[[1, 2, 4, 1, 2, 4, 1, 2, 4, 1, 2, 4, 1, 2, 4, 1, 2, 4, 1, 2, 4, 1, 2, 4, 1], [1, 2, 4, 1, 2, 4, 0, 0, 0, 0, 0, 0, 0, 0, 0, 1, 2, 4, 1, 2, 4, 0, 0, 0, 1], [1, 2, 4, 0, 0, 0, 0, 0, 0, 1, 2, 4, 1, 2, 4, 1, 2, 4, 0, 0, 0, 0, 0, 0, 1]]
Set parameter Username
[classical] objective=151847000.0 solution={'B100166(7)': 0, 'B100594(7)': 0, 'B100600(7)': 0, 'B100602(7)': 0, 'B100608(7)': 0, 'B100623(7)': 1, 'B101029(7)': 0, 'B101035(7)': 0}
[circuit] metrics=[555, 50, 228, 634]
[solve] start
[solve] states=[[0, 1, 0, 1, 1, 0, 1, 1, 0, 1, 1, 0, 1, 1, 0, 1, 0, 0, 1, 0, 0, 1, 1, 0], [1, 0, 1, 1, 1, 0, 0, 1, 0, 1, 1, 0, 1, 1, 0, 1, 1, 0, 1, 0, 0, 1, 0, 0], [1, 0, 1, 1, 1, 0, 1, 0, 1, 1, 1, 0, 1, 1, 0, 0, 0, 0, 1, 0, 0, 0, 0, 0], [1, 0, 1, 1, 1, 0, 1, 1, 0, 1, 1, 0, 0, 0, 0, 1, 1, 0, 1, 0, 0, 1, 1, 0], [1, 0, 1, 1, 1, 0, 1, 1, 0, 1, 1, 0, 1, 1, 0, 0, 0, 0, 1, 0, 0, 1, 1, 0], [1, 0, 1, 1, 1, 0, 1, 1, 0, 1, 1, 0, 1, 1, 0, 1, 0, 1, 1, 0, 0, 1, 1, 0], [1, 0, 1, 1, 1, 0, 1, 1, 0, 1, 1, 0, 1, 1, 0, 1, 1, 0, 1, 0, 0, 1, 1, 0], [1, 1, 0, 1, 0, 0, 1, 1, 0, 1, 1, 0, 1, 0, 1, 1, 1, 0, 0, 0, 0, 1, 1, 0], [1, 1, 0, 1, 0, 0, 1, 1, 0, 1, 1, 0, 1, 1, 0, 1, 1, 0, 0, 0, 0, 1, 1, 0], [1, 1, 0, 1, 0, 1, 1, 1, 0, 1, 1, 0, 0, 0, 0, 1, 1, 0, 1, 0, 0, 1, 1, 0], [1, 1, 0, 1, 0, 1, 1, 1, 0, 1, 1, 0, 1, 0, 1, 1, 1, 0, 1, 0, 0, 1, 1, 0], [1, 1, 0, 1, 0, 1, 1, 1, 0, 1, 1, 0, 1, 1, 0, 1, 0, 1, 1, 0, 0, 1, 1, 0], [1, 1, 0, 1, 0, 1, 1, 1, 0, 1, 1, 0, 1, 1, 0, 1, 1, 0, 1, 0, 0, 1, 1, 0], [1, 1, 0, 1, 1, 0, 1, 0, 1, 1, 0, 1, 1, 1, 0, 1, 1, 0, 1, 0, 0, 0, 0, 0], [1, 1, 0, 1, 1, 0, 1, 0, 1, 1, 1, 0, 0, 0, 0, 1, 1, 0, 1, 0, 0, 1, 1, 0], [1, 1, 0, 1, 1, 0, 1, 0, 1, 1, 1, 0, 1, 1, 0, 1, 1, 0, 1, 0, 0, 1, 0, 1], [1, 1, 0, 1, 1, 0, 1, 0, 1, 1, 1, 0, 1, 1, 0, 1, 1, 0, 1, 0, 0, 1, 1, 0], [1, 1, 0, 1, 1, 0, 1, 1, 0, 0, 0, 0, 1, 1, 0, 1, 1, 0, 1, 0, 0, 0, 0, 0], [1, 1, 0, 1, 1, 0, 1, 1, 0, 0, 0, 0, 1, 1, 0, 1, 1, 0, 1, 0, 0, 1, 0, 1], [1, 1, 0, 1, 1, 0, 1, 1, 0, 0, 0, 0, 1, 1, 0, 1, 1, 0, 1, 0, 0, 1, 1, 0], [1, 1, 0, 1, 1, 0, 1, 1, 0, 1, 0, 1, 1, 1, 0, 1, 1, 0, 1, 0, 0, 1, 1, 0], [1, 1, 0, 1, 1, 0, 1, 1, 0, 1, 1, 0, 0, 0, 0, 1, 1, 0, 1, 0, 0, 1, 0, 1], [1, 1, 0, 1, 1, 0, 1, 1, 0, 1, 1, 0, 0, 0, 0, 1, 1, 0, 1, 0, 0, 1, 1, 0], [1, 1, 0, 1, 1, 0, 1, 1, 0, 1, 1, 0, 1, 0, 0, 1, 1, 0, 1, 0, 0, 0, 1, 0], [1, 1, 0, 1, 1, 0, 1, 1, 0, 1, 1, 0, 1, 0, 1, 0, 0, 0, 1, 0, 0, 1, 1, 0], [1, 1, 0, 1, 1, 0, 1, 1, 0, 1, 1, 0, 1, 0, 1, 1, 0, 1, 1, 0, 0, 1, 1, 0], [1, 1, 0, 1, 1, 0, 1, 1, 0, 1, 1, 0, 1, 0, 1, 1, 1, 0, 1, 0, 0, 1, 1, 0], [1, 1, 0, 1, 1, 0, 1, 1, 0, 1, 1, 0, 1, 1, 0, 0, 0, 0, 1, 0, 0, 1, 1, 0], [1, 1, 0, 1, 1, 0, 1, 1, 0, 1, 1, 0, 1, 1, 0, 1, 0, 1, 1, 0, 0, 1, 1, 0], [1, 1, 0, 1, 1, 0, 1, 1, 0, 1, 1, 0, 1, 1, 0, 1, 1, 0, 1, 0, 0, 0, 0, 0], [1, 1, 0, 1, 1, 0, 1, 1, 0, 1, 1, 0, 1, 1, 0, 1, 1, 0, 1, 0, 0, 1, 0, 1], [1, 1, 0, 1, 1, 0, 1, 1, 0, 1, 1, 0, 1, 1, 0, 1, 1, 0, 1, 0, 0, 1, 1, 0]]
[solve] probs=[0.00390625, 0.00390625, 0.00390625, 0.00390625, 0.00390625, 0.00390625, 0.03515625, 0.00390625, 0.0078125, 0.00390625, 0.00390625, 0.00390625, 0.02734375, 0.00390625, 0.00390625, 0.00390625, 0.03515625, 0.00390625, 0.00390625, 0.02734375, 0.0390625, 0.00390625, 0.0234375, 0.0078125, 0.0078125, 0.00390625, 0.03125, 0.03515625, 0.015625, 0.01953125, 0.02734375, 0.59375]
[choco-best] objective=None probability=None solution=None
[parallel 65/274] path=data/miplib_benders/qaoa_problems/nvars_08/supportcase6_ds_qaoa_c745_c747_c759_0001.json status=ok wall=1328.4679225879954 peak_mb=390.6875 choco_obj=
[problem] supportcase6_ds_qaoa_c747_c759_c762_0004 path=data/miplib_benders/qaoa_problems/nvars_08/supportcase6_ds_qaoa_c747_c759_c762_0004.json
[input] n_int=8 n_bin=24 n_constr=3
[input] A=[[1, 1, 1, 1, 1, 1, 1, 1], [0, 0, 1, 1, 0, 0, 0, 1], [1, 1, 1, 0, 0, 1, 1, 1]] b=[1, 1, 1] c=[145944000, 144887000, 151847000, 150892000, 134333000, 145944000, 144887000, 151847000]
[encoding]
  B100602(7) = B100602_7__b0 + 2*B100602_7__b1 + 4*B100602_7__b2
  B100608(7) = B100608_7__b0 + 2*B100608_7__b1 + 4*B100608_7__b2
  B100623(7) = B100623_7__b0 + 2*B100623_7__b1 + 4*B100623_7__b2
  B101029(7) = B101029_7__b0 + 2*B101029_7__b1 + 4*B101029_7__b2
  B101035(7) = B101035_7__b0 + 2*B101035_7__b1 + 4*B101035_7__b2
  B101037(7) = B101037_7__b0 + 2*B101037_7__b1 + 4*B101037_7__b2
  B101043(7) = B101043_7__b0 + 2*B101043_7__b1 + 4*B101043_7__b2
  B101058(7) = B101058_7__b0 + 2*B101058_7__b1 + 4*B101058_7__b2
[expanded] A_binary=[[1, 2, 4, 1, 2, 4, 1, 2, 4, 1, 2, 4, 1, 2, 4, 1, 2, 4, 1, 2, 4, 1, 2, 4], [0, 0, 0, 0, 0, 0, 1, 2, 4, 1, 2, 4, 0, 0, 0, 0, 0, 0, 0, 0, 0, 1, 2, 4], [1, 2, 4, 1, 2, 4, 1, 2, 4, 0, 0, 0, 0, 0, 0, 1, 2, 4, 1, 2, 4, 1, 2, 4]] b=[1, 1, 1]
[expanded] lin_constr_mtx=[[1, 2, 4, 1, 2, 4, 1, 2, 4, 1, 2, 4, 1, 2, 4, 1, 2, 4, 1, 2, 4, 1, 2, 4, 1], [0, 0, 0, 0, 0, 0, 1, 2, 4, 1, 2, 4, 0, 0, 0, 0, 0, 0, 0, 0, 0, 1, 2, 4, 1], [1, 2, 4, 1, 2, 4, 1, 2, 4, 0, 0, 0, 0, 0, 0, 1, 2, 4, 1, 2, 4, 1, 2, 4, 1]]
Set parameter Username
[classical] objective=151847000.0 solution={'B100602(7)': 0, 'B100608(7)': 0, 'B100623(7)': 1, 'B101029(7)': 0, 'B101035(7)': 0, 'B101037(7)': 0, 'B101043(7)': 0, 'B101058(7)': 0}
[circuit] metrics=[395, 50, 168, 444]
[solve] start
[solve] states=[[1, 0, 0, 0, 1, 0, 1, 1, 0, 1, 1, 0, 1, 1, 0, 1, 1, 0, 0, 0, 0, 1, 0, 0], [1, 0, 0, 0, 1, 0, 1, 1, 0, 1, 1, 0, 1, 1, 0, 1, 1, 0, 1, 1, 0, 1, 0, 0], [1, 0, 1, 1, 1, 0, 1, 1, 0, 1, 1, 0, 1, 1, 0, 1, 1, 0, 1, 1, 0, 1, 0, 0], [1, 1, 0, 0, 0, 0, 1, 1, 0, 1, 1, 0, 1, 1, 0, 1, 1, 0, 1, 1, 0, 1, 0, 0], [1, 1, 0, 1, 0, 0, 1, 1, 0, 1, 1, 0, 0, 1, 0, 1, 1, 0, 1, 1, 0, 1, 0, 0], [1, 1, 0, 1, 0, 1, 1, 0, 1, 1, 1, 0, 1, 1, 0, 1, 1, 0, 1, 1, 0, 1, 0, 0], [1, 1, 0, 1, 0, 1, 1, 1, 0, 1, 0, 1, 1, 1, 0, 1, 1, 0, 0, 0, 0, 1, 0, 0], [1, 1, 0, 1, 0, 1, 1, 1, 0, 1, 1, 0, 1, 1, 0, 1, 1, 0, 1, 1, 0, 1, 0, 0], [1, 1, 0, 1, 1, 0, 1, 0, 1, 1, 0, 1, 1, 1, 0, 1, 1, 0, 1, 0, 1, 1, 0, 0], [1, 1, 0, 1, 1, 0, 1, 0, 1, 1, 1, 0, 1, 1, 0, 1, 1, 0, 1, 1, 0, 1, 0, 0], [1, 1, 0, 1, 1, 0, 1, 1, 0, 0, 0, 0, 0, 0, 0, 1, 1, 0, 1, 1, 0, 1, 0, 0], [1, 1, 0, 1, 1, 0, 1, 1, 0, 0, 0, 0, 1, 0, 1, 1, 1, 0, 1, 1, 0, 1, 0, 0], [1, 1, 0, 1, 1, 0, 1, 1, 0, 0, 0, 0, 1, 1, 0, 1, 1, 0, 1, 1, 0, 1, 0, 0], [1, 1, 0, 1, 1, 0, 1, 1, 0, 1, 0, 1, 1, 0, 0, 0, 1, 0, 1, 1, 0, 1, 0, 0], [1, 1, 0, 1, 1, 0, 1, 1, 0, 1, 0, 1, 1, 1, 0, 1, 1, 0, 1, 1, 0, 1, 0, 0], [1, 1, 0, 1, 1, 0, 1, 1, 0, 1, 1, 0, 0, 0, 0, 1, 1, 0, 1, 1, 0, 1, 0, 0], [1, 1, 0, 1, 1, 0, 1, 1, 0, 1, 1, 0, 1, 0, 1, 0, 0, 0, 1, 1, 0, 1, 0, 0], [1, 1, 0, 1, 1, 0, 1, 1, 0, 1, 1, 0, 1, 0, 1, 1, 0, 1, 1, 1, 0, 1, 0, 0], [1, 1, 0, 1, 1, 0, 1, 1, 0, 1, 1, 0, 1, 0, 1, 1, 1, 0, 1, 1, 0, 1, 0, 0], [1, 1, 0, 1, 1, 0, 1, 1, 0, 1, 1, 0, 1, 1, 0, 0, 0, 0, 0, 0, 0, 1, 0, 0], [1, 1, 0, 1, 1, 0, 1, 1, 0, 1, 1, 0, 1, 1, 0, 0, 0, 0, 1, 1, 0, 1, 0, 0], [1, 1, 0, 1, 1, 0, 1, 1, 0, 1, 1, 0, 1, 1, 0, 1, 0, 1, 1, 1, 0, 1, 0, 0], [1, 1, 0, 1, 1, 0, 1, 1, 0, 1, 1, 0, 1, 1, 0, 1, 1, 0, 0, 0, 0, 1, 0, 0], [1, 1, 0, 1, 1, 0, 1, 1, 0, 1, 1, 0, 1, 1, 0, 1, 1, 0, 1, 0, 1, 1, 0, 0], [1, 1, 0, 1, 1, 0, 1, 1, 0, 1, 1, 0, 1, 1, 0, 1, 1, 0, 1, 1, 0, 1, 0, 0]]
[solve] probs=[0.00390625, 0.00390625, 0.015625, 0.015625, 0.00390625, 0.00390625, 0.00390625, 0.0234375, 0.00390625, 0.0234375, 0.00390625, 0.00390625, 0.0078125, 0.00390625, 0.01953125, 0.015625, 0.00390625, 0.00390625, 0.02734375, 0.00390625, 0.03125, 0.00390625, 0.015625, 0.01171875, 0.7421875]
[choco-best] objective=None probability=None solution=None
[parallel 66/274] path=data/miplib_benders/qaoa_problems/nvars_08/supportcase6_ds_qaoa_c747_c759_0004.json status=ok wall=660.1319754450815 peak_mb=406.7890625 choco_obj=
[problem] supportcase6_ds_qaoa_c747_c759_c762_0005 path=data/miplib_benders/qaoa_problems/nvars_08/supportcase6_ds_qaoa_c747_c759_c762_0005.json
[input] n_int=8 n_bin=24 n_constr=3
[input] A=[[1, 1, 1, 1, 1, 1, 1, 1], [0, 1, 1, 0, 0, 0, 1, 1], [1, 1, 0, 0, 1, 1, 1, 0]] b=[1, 1, 1] c=[144887000, 151847000, 150892000, 134333000, 145944000, 144887000, 151847000, 150892000]
[encoding]
  B100608(7) = B100608_7__b0 + 2*B100608_7__b1 + 4*B100608_7__b2
  B100623(7) = B100623_7__b0 + 2*B100623_7__b1 + 4*B100623_7__b2
  B101029(7) = B101029_7__b0 + 2*B101029_7__b1 + 4*B101029_7__b2
  B101035(7) = B101035_7__b0 + 2*B101035_7__b1 + 4*B101035_7__b2
  B101037(7) = B101037_7__b0 + 2*B101037_7__b1 + 4*B101037_7__b2
  B101043(7) = B101043_7__b0 + 2*B101043_7__b1 + 4*B101043_7__b2
  B101058(7) = B101058_7__b0 + 2*B101058_7__b1 + 4*B101058_7__b2
  B101479(7) = B101479_7__b0 + 2*B101479_7__b1 + 4*B101479_7__b2
[expanded] A_binary=[[1, 2, 4, 1, 2, 4, 1, 2, 4, 1, 2, 4, 1, 2, 4, 1, 2, 4, 1, 2, 4, 1, 2, 4], [0, 0, 0, 1, 2, 4, 1, 2, 4, 0, 0, 0, 0, 0, 0, 0, 0, 0, 1, 2, 4, 1, 2, 4], [1, 2, 4, 1, 2, 4, 0, 0, 0, 0, 0, 0, 1, 2, 4, 1, 2, 4, 1, 2, 4, 0, 0, 0]] b=[1, 1, 1]
[expanded] lin_constr_mtx=[[1, 2, 4, 1, 2, 4, 1, 2, 4, 1, 2, 4, 1, 2, 4, 1, 2, 4, 1, 2, 4, 1, 2, 4, 1], [0, 0, 0, 1, 2, 4, 1, 2, 4, 0, 0, 0, 0, 0, 0, 0, 0, 0, 1, 2, 4, 1, 2, 4, 1], [1, 2, 4, 1, 2, 4, 0, 0, 0, 0, 0, 0, 1, 2, 4, 1, 2, 4, 1, 2, 4, 0, 0, 0, 1]]
Set parameter Username
[classical] objective=151847000.0 solution={'B100608(7)': 0, 'B100623(7)': 1, 'B101029(7)': 0, 'B101035(7)': 0, 'B101037(7)': 0, 'B101043(7)': 0, 'B101058(7)': 0, 'B101479(7)': 0}
[circuit] metrics=[355, 50, 150, 444]
[solve] start
[solve] states=[[1, 0, 1, 1, 1, 0, 1, 1, 0, 0, 0, 0, 1, 1, 0, 1, 1, 0, 1, 1, 0, 1, 0, 0], [1, 0, 1, 1, 1, 0, 1, 1, 0, 1, 1, 0, 1, 1, 0, 1, 1, 0, 1, 1, 0, 1, 0, 0], [1, 1, 0, 1, 0, 1, 1, 1, 0, 1, 1, 0, 1, 1, 0, 1, 1, 0, 0, 0, 0, 1, 0, 0], [1, 1, 0, 1, 0, 1, 1, 1, 0, 1, 1, 0, 1, 1, 0, 1, 1, 0, 1, 1, 0, 1, 0, 0], [1, 1, 0, 1, 1, 0, 0, 0, 0, 1, 1, 0, 1, 1, 0, 1, 1, 0, 1, 0, 1, 1, 0, 0], [1, 1, 0, 1, 1, 0, 0, 0, 0, 1, 1, 0, 1, 1, 0, 1, 1, 0, 1, 1, 0, 1, 0, 0], [1, 1, 0, 1, 1, 0, 1, 0, 1, 1, 1, 0, 1, 1, 0, 1, 1, 0, 1, 1, 0, 1, 0, 0], [1, 1, 0, 1, 1, 0, 1, 1, 0, 0, 0, 0, 1, 1, 0, 1, 1, 0, 1, 1, 0, 1, 0, 0], [1, 1, 0, 1, 1, 0, 1, 1, 0, 1, 0, 1, 1, 1, 0, 1, 1, 0, 1, 0, 1, 1, 0, 0], [1, 1, 0, 1, 1, 0, 1, 1, 0, 1, 0, 1, 1, 1, 0, 1, 1, 0, 1, 1, 0, 1, 0, 0], [1, 1, 0, 1, 1, 0, 1, 1, 0, 1, 1, 0, 0, 0, 0, 1, 1, 0, 1, 1, 0, 1, 0, 0], [1, 1, 0, 1, 1, 0, 1, 1, 0, 1, 1, 0, 1, 0, 1, 1, 0, 1, 1, 1, 0, 1, 0, 0], [1, 1, 0, 1, 1, 0, 1, 1, 0, 1, 1, 0, 1, 0, 1, 1, 1, 0, 1, 1, 0, 1, 0, 0], [1, 1, 0, 1, 1, 0, 1, 1, 0, 1, 1, 0, 1, 1, 0, 0, 0, 0, 1, 1, 0, 1, 0, 0], [1, 1, 0, 1, 1, 0, 1, 1, 0, 1, 1, 0, 1, 1, 0, 1, 0, 1, 1, 1, 0, 1, 0, 0], [1, 1, 0, 1, 1, 0, 1, 1, 0, 1, 1, 0, 1, 1, 0, 1, 1, 0, 0, 0, 0, 1, 0, 0], [1, 1, 0, 1, 1, 0, 1, 1, 0, 1, 1, 0, 1, 1, 0, 1, 1, 0, 1, 0, 1, 1, 0, 0], [1, 1, 0, 1, 1, 0, 1, 1, 0, 1, 1, 0, 1, 1, 0, 1, 1, 0, 1, 1, 0, 1, 0, 0]]
[solve] probs=[0.00390625, 0.015625, 0.00390625, 0.03515625, 0.00390625, 0.03125, 0.015625, 0.01953125, 0.00390625, 0.02734375, 0.03125, 0.00390625, 0.04296875, 0.02734375, 0.0078125, 0.03125, 0.03125, 0.6640625]
[choco-best] objective=None probability=None solution=None
[parallel 67/274] path=data/miplib_benders/qaoa_problems/nvars_08/supportcase6_ds_qaoa_c747_c759_0005.json status=ok wall=636.2781507821055 peak_mb=407.16796875 choco_obj=
[problem] supportcase6_ds_qaoa_c759_c762_0001 path=data/miplib_benders/qaoa_problems/nvars_08/supportcase6_ds_qaoa_c759_c762_0001.json
[input] n_int=8 n_bin=24 n_constr=2
[input] A=[[1, 1, 0, 0, 1, 1, 0, 0], [1, 0, 1, 1, 1, 0, 1, 1]] b=[1, 1] c=[151847000, 150892000, 145944000, 144887000, 151847000, 150892000, 145944000, 144887000]
[encoding]
  B100166(7) = B100166_7__b0 + 2*B100166_7__b1 + 4*B100166_7__b2
  B100594(7) = B100594_7__b0 + 2*B100594_7__b1 + 4*B100594_7__b2
  B100602(7) = B100602_7__b0 + 2*B100602_7__b1 + 4*B100602_7__b2
  B100608(7) = B100608_7__b0 + 2*B100608_7__b1 + 4*B100608_7__b2
  B100623(7) = B100623_7__b0 + 2*B100623_7__b1 + 4*B100623_7__b2
  B101029(7) = B101029_7__b0 + 2*B101029_7__b1 + 4*B101029_7__b2
  B101037(7) = B101037_7__b0 + 2*B101037_7__b1 + 4*B101037_7__b2
  B101043(7) = B101043_7__b0 + 2*B101043_7__b1 + 4*B101043_7__b2
[expanded] A_binary=[[1, 2, 4, 1, 2, 4, 0, 0, 0, 0, 0, 0, 1, 2, 4, 1, 2, 4, 0, 0, 0, 0, 0, 0], [1, 2, 4, 0, 0, 0, 1, 2, 4, 1, 2, 4, 1, 2, 4, 0, 0, 0, 1, 2, 4, 1, 2, 4]] b=[1, 1]
[expanded] lin_constr_mtx=[[1, 2, 4, 1, 2, 4, 0, 0, 0, 0, 0, 0, 1, 2, 4, 1, 2, 4, 0, 0, 0, 0, 0, 0, 1], [1, 2, 4, 0, 0, 0, 1, 2, 4, 1, 2, 4, 1, 2, 4, 0, 0, 0, 1, 2, 4, 1, 2, 4, 1]]
Set parameter Username
[classical] objective=296836000.0 solution={'B100166(7)': 0, 'B100594(7)': 0, 'B100602(7)': 0, 'B100608(7)': 0, 'B100623(7)': 0, 'B101029(7)': 1, 'B101037(7)': 1, 'B101043(7)': 0}
[circuit] metrics=[675, 50, 334, 664]
[solve] start
[solve] states=[[1, 0, 0, 1, 0, 1, 0, 0, 0, 0, 0, 0, 0, 1, 0, 1, 0, 0, 0, 0, 0, 1, 0, 0], [1, 0, 0, 1, 1, 0, 0, 0, 0, 0, 0, 0, 0, 0, 1, 1, 0, 0, 0, 0, 0, 1, 0, 0], [1, 0, 0, 1, 1, 0, 0, 0, 0, 0, 0, 0, 0, 1, 0, 1, 0, 0, 0, 0, 0, 1, 0, 0], [1, 0, 1, 1, 0, 1, 0, 0, 0, 0, 0, 0, 1, 1, 0, 1, 0, 0, 0, 0, 0, 1, 0, 0], [1, 0, 1, 1, 1, 0, 0, 0, 0, 0, 0, 0, 1, 0, 1, 1, 0, 0, 0, 0, 0, 1, 0, 0], [1, 0, 1, 1, 1, 0, 0, 0, 0, 0, 0, 0, 1, 1, 0, 1, 0, 0, 0, 0, 0, 1, 0, 0], [1, 1, 0, 1, 0, 0, 1, 0, 0, 0, 0, 0, 0, 1, 0, 1, 0, 0, 0, 0, 0, 1, 0, 0], [1, 1, 0, 1, 0, 1, 0, 0, 0, 0, 0, 0, 1, 1, 0, 1, 0, 0, 0, 0, 0, 1, 0, 0], [1, 1, 0, 1, 1, 0, 0, 0, 0, 0, 0, 0, 0, 0, 0, 1, 0, 0, 0, 0, 0, 1, 0, 0], [1, 1, 0, 1, 1, 0, 0, 0, 0, 0, 0, 0, 1, 0, 1, 1, 0, 0, 0, 0, 0, 1, 0, 0], [1, 1, 0, 1, 1, 0, 0, 0, 0, 0, 0, 0, 1, 1, 0, 1, 0, 0, 0, 0, 0, 1, 0, 0]]
[solve] probs=[0.00390625, 0.00390625, 0.015625, 0.015625, 0.0078125, 0.06640625, 0.01171875, 0.03515625, 0.0546875, 0.078125, 0.70703125]
[choco-best] objective=None probability=None solution=None
[parallel 68/274] path=data/miplib_benders/qaoa_problems/nvars_08/supportcase6_ds_qaoa_c759_c762_0001.json status=ok wall=261.07575400103815 peak_mb=417.3515625 choco_obj=
[problem] supportcase6_ds_qaoa_c759_c762_0002 path=data/miplib_benders/qaoa_problems/nvars_08/supportcase6_ds_qaoa_c759_c762_0002.json
[input] n_int=8 n_bin=24 n_constr=2
[input] A=[[1, 0, 0, 1, 1, 0, 0, 1], [0, 1, 1, 1, 0, 1, 1, 1]] b=[1, 1] c=[150892000, 145944000, 144887000, 151847000, 150892000, 145944000, 144887000, 151847000]
[encoding]
  B100594(7) = B100594_7__b0 + 2*B100594_7__b1 + 4*B100594_7__b2
  B100602(7) = B100602_7__b0 + 2*B100602_7__b1 + 4*B100602_7__b2
  B100608(7) = B100608_7__b0 + 2*B100608_7__b1 + 4*B100608_7__b2
  B100623(7) = B100623_7__b0 + 2*B100623_7__b1 + 4*B100623_7__b2
  B101029(7) = B101029_7__b0 + 2*B101029_7__b1 + 4*B101029_7__b2
  B101037(7) = B101037_7__b0 + 2*B101037_7__b1 + 4*B101037_7__b2
  B101043(7) = B101043_7__b0 + 2*B101043_7__b1 + 4*B101043_7__b2
  B101058(7) = B101058_7__b0 + 2*B101058_7__b1 + 4*B101058_7__b2
[expanded] A_binary=[[1, 2, 4, 0, 0, 0, 0, 0, 0, 1, 2, 4, 1, 2, 4, 0, 0, 0, 0, 0, 0, 1, 2, 4], [0, 0, 0, 1, 2, 4, 1, 2, 4, 1, 2, 4, 0, 0, 0, 1, 2, 4, 1, 2, 4, 1, 2, 4]] b=[1, 1]
[expanded] lin_constr_mtx=[[1, 2, 4, 0, 0, 0, 0, 0, 0, 1, 2, 4, 1, 2, 4, 0, 0, 0, 0, 0, 0, 1, 2, 4, 1], [0, 0, 0, 1, 2, 4, 1, 2, 4, 1, 2, 4, 0, 0, 0, 1, 2, 4, 1, 2, 4, 1, 2, 4, 1]]
Set parameter Username
[classical] objective=296836000.0 solution={'B100594(7)': 0, 'B100602(7)': 0, 'B100608(7)': 0, 'B100623(7)': 0, 'B101029(7)': 1, 'B101037(7)': 1, 'B101043(7)': 0, 'B101058(7)': 0}
[circuit] metrics=[455, 50, 220, 461]
[solve] start
[solve] states=[[1, 0, 0, 1, 1, 0, 1, 1, 0, 0, 0, 0, 0, 0, 0, 0, 0, 0, 1, 1, 0, 1, 1, 0], [1, 0, 1, 1, 0, 0, 1, 1, 0, 1, 0, 0, 0, 0, 0, 0, 0, 0, 1, 1, 0, 0, 1, 0], [1, 0, 1, 1, 1, 0, 1, 1, 0, 0, 0, 0, 0, 0, 0, 1, 0, 0, 0, 0, 0, 1, 1, 0], [1, 0, 1, 1, 1, 0, 1, 1, 0, 0, 0, 0, 0, 0, 0, 1, 0, 0, 1, 1, 0, 0, 0, 0], [1, 0, 1, 1, 1, 0, 1, 1, 0, 0, 0, 0, 0, 0, 0, 1, 0, 0, 1, 1, 0, 1, 0, 1], [1, 0, 1, 1, 1, 0, 1, 1, 0, 0, 0, 0, 0, 0, 0, 1, 0, 0, 1, 1, 0, 1, 1, 0], [1, 1, 0, 0, 1, 0, 1, 1, 0, 0, 0, 0, 0, 0, 0, 1, 0, 0, 1, 0, 0, 0, 0, 0], [1, 1, 0, 0, 1, 0, 1, 1, 0, 0, 0, 0, 0, 0, 0, 1, 0, 0, 1, 0, 0, 1, 1, 0], [1, 1, 0, 1, 0, 0, 1, 1, 0, 1, 0, 0, 0, 0, 0, 0, 0, 0, 1, 1, 0, 0, 1, 0], [1, 1, 0, 1, 0, 1, 1, 0, 1, 0, 0, 0, 0, 0, 0, 1, 0, 0, 0, 0, 0, 0, 0, 0], [1, 1, 0, 1, 0, 1, 1, 0, 1, 0, 0, 0, 0, 0, 0, 1, 0, 0, 1, 1, 0, 1, 1, 0], [1, 1, 0, 1, 0, 1, 1, 1, 0, 0, 0, 0, 0, 0, 0, 1, 0, 0, 0, 0, 0, 1, 1, 0], [1, 1, 0, 1, 0, 1, 1, 1, 0, 0, 0, 0, 0, 0, 0, 1, 0, 0, 1, 0, 1, 1, 1, 0], [1, 1, 0, 1, 0, 1, 1, 1, 0, 0, 0, 0, 0, 0, 0, 1, 0, 0, 1, 1, 0, 1, 0, 1], [1, 1, 0, 1, 0, 1, 1, 1, 0, 0, 0, 0, 0, 0, 0, 1, 0, 0, 1, 1, 0, 1, 1, 0], [1, 1, 0, 1, 1, 0, 1, 0, 1, 0, 0, 0, 0, 0, 0, 1, 0, 0, 0, 0, 0, 1, 1, 0], [1, 1, 0, 1, 1, 0, 1, 0, 1, 0, 0, 0, 0, 0, 0, 1, 0, 0, 1, 0, 1, 1, 1, 0], [1, 1, 0, 1, 1, 0, 1, 0, 1, 0, 0, 0, 0, 0, 0, 1, 0, 0, 1, 1, 0, 0, 0, 0], [1, 1, 0, 1, 1, 0, 1, 0, 1, 0, 0, 0, 0, 0, 0, 1, 0, 0, 1, 1, 0, 1, 0, 1], [1, 1, 0, 1, 1, 0, 1, 0, 1, 0, 0, 0, 0, 0, 0, 1, 0, 0, 1, 1, 0, 1, 1, 0], [1, 1, 0, 1, 1, 0, 1, 1, 0, 0, 0, 0, 0, 0, 0, 1, 0, 0, 0, 0, 0, 1, 0, 1], [1, 1, 0, 1, 1, 0, 1, 1, 0, 0, 0, 0, 0, 0, 0, 1, 0, 0, 0, 0, 0, 1, 1, 0], [1, 1, 0, 1, 1, 0, 1, 1, 0, 0, 0, 0, 0, 0, 0, 1, 0, 0, 1, 0, 1, 0, 0, 0], [1, 1, 0, 1, 1, 0, 1, 1, 0, 0, 0, 0, 0, 0, 0, 1, 0, 0, 1, 0, 1, 1, 1, 0], [1, 1, 0, 1, 1, 0, 1, 1, 0, 0, 0, 0, 0, 0, 0, 1, 0, 0, 1, 1, 0, 0, 0, 0], [1, 1, 0, 1, 1, 0, 1, 1, 0, 0, 0, 0, 0, 0, 0, 1, 0, 0, 1, 1, 0, 1, 0, 1], [1, 1, 0, 1, 1, 0, 1, 1, 0, 0, 0, 0, 0, 0, 0, 1, 0, 0, 1, 1, 0, 1, 1, 0]]
[solve] probs=[0.00390625, 0.00390625, 0.015625, 0.00390625, 0.0078125, 0.02734375, 0.00390625, 0.0078125, 0.00390625, 0.00390625, 0.00390625, 0.0078125, 0.01171875, 0.00390625, 0.04296875, 0.00390625, 0.00390625, 0.00390625, 0.00390625, 0.046875, 0.015625, 0.03125, 0.0078125, 0.0546875, 0.0703125, 0.08203125, 0.5234375]
[choco-best] objective=None probability=None solution=None
[parallel 69/274] path=data/miplib_benders/qaoa_problems/nvars_08/supportcase6_ds_qaoa_c747_c759_c762_0001.json status=ok wall=922.0065674649086 peak_mb=412.44921875 choco_obj=
[problem] supportcase6_ds_qaoa_c759_c762_0003 path=data/miplib_benders/qaoa_problems/nvars_08/supportcase6_ds_qaoa_c759_c762_0003.json
[input] n_int=8 n_bin=24 n_constr=2
[input] A=[[0, 0, 1, 1, 0, 0, 1, 1], [1, 1, 1, 0, 1, 1, 1, 0]] b=[1, 1] c=[145944000, 144887000, 151847000, 150892000, 145944000, 144887000, 151847000, 150892000]
[encoding]
  B100602(7) = B100602_7__b0 + 2*B100602_7__b1 + 4*B100602_7__b2
  B100608(7) = B100608_7__b0 + 2*B100608_7__b1 + 4*B100608_7__b2
  B100623(7) = B100623_7__b0 + 2*B100623_7__b1 + 4*B100623_7__b2
  B101029(7) = B101029_7__b0 + 2*B101029_7__b1 + 4*B101029_7__b2
  B101037(7) = B101037_7__b0 + 2*B101037_7__b1 + 4*B101037_7__b2
  B101043(7) = B101043_7__b0 + 2*B101043_7__b1 + 4*B101043_7__b2
  B101058(7) = B101058_7__b0 + 2*B101058_7__b1 + 4*B101058_7__b2
  B101479(7) = B101479_7__b0 + 2*B101479_7__b1 + 4*B101479_7__b2
[expanded] A_binary=[[0, 0, 0, 0, 0, 0, 1, 2, 4, 1, 2, 4, 0, 0, 0, 0, 0, 0, 1, 2, 4, 1, 2, 4], [1, 2, 4, 1, 2, 4, 1, 2, 4, 0, 0, 0, 1, 2, 4, 1, 2, 4, 1, 2, 4, 0, 0, 0]] b=[1, 1]
[expanded] lin_constr_mtx=[[0, 0, 0, 0, 0, 0, 1, 2, 4, 1, 2, 4, 0, 0, 0, 0, 0, 0, 1, 2, 4, 1, 2, 4, 1], [1, 2, 4, 1, 2, 4, 1, 2, 4, 0, 0, 0, 1, 2, 4, 1, 2, 4, 1, 2, 4, 0, 0, 0, 1]]
Set parameter Username
[classical] objective=296836000.0 solution={'B100602(7)': 0, 'B100608(7)': 0, 'B100623(7)': 0, 'B101029(7)': 0, 'B101037(7)': 1, 'B101043(7)': 0, 'B101058(7)': 0, 'B101479(7)': 1}
[circuit] metrics=[455, 50, 220, 465]
[solve] start
[solve] states=[[0, 1, 0, 1, 1, 0, 1, 1, 0, 0, 0, 0, 1, 1, 0, 1, 0, 0, 1, 0, 0, 1, 1, 0], [1, 0, 0, 1, 1, 0, 1, 1, 0, 0, 0, 0, 0, 1, 0, 1, 1, 0, 1, 0, 0, 1, 1, 0], [1, 0, 1, 1, 0, 1, 1, 1, 0, 0, 0, 0, 1, 1, 0, 1, 1, 0, 1, 0, 0, 1, 1, 0], [1, 0, 1, 1, 1, 0, 1, 1, 0, 0, 0, 0, 1, 0, 1, 1, 1, 0, 1, 0, 0, 1, 1, 0], [1, 0, 1, 1, 1, 0, 1, 1, 0, 0, 0, 0, 1, 1, 0, 1, 1, 0, 1, 0, 0, 1, 1, 0], [1, 1, 0, 1, 0, 0, 1, 1, 0, 1, 0, 0, 0, 1, 0, 1, 1, 0, 1, 0, 0, 0, 1, 0], [1, 1, 0, 1, 0, 1, 1, 1, 0, 0, 0, 0, 0, 0, 0, 1, 1, 0, 1, 0, 0, 0, 0, 0], [1, 1, 0, 1, 0, 1, 1, 1, 0, 0, 0, 0, 0, 0, 0, 1, 1, 0, 1, 0, 0, 1, 1, 0], [1, 1, 0, 1, 0, 1, 1, 1, 0, 0, 0, 0, 1, 1, 0, 1, 1, 0, 1, 0, 0, 0, 0, 0], [1, 1, 0, 1, 0, 1, 1, 1, 0, 0, 0, 0, 1, 1, 0, 1, 1, 0, 1, 0, 0, 1, 1, 0], [1, 1, 0, 1, 1, 0, 1, 0, 1, 0, 0, 0, 1, 1, 0, 1, 1, 0, 1, 0, 0, 0, 0, 0], [1, 1, 0, 1, 1, 0, 1, 0, 1, 0, 0, 0, 1, 1, 0, 1, 1, 0, 1, 0, 0, 1, 0, 1], [1, 1, 0, 1, 1, 0, 1, 0, 1, 0, 0, 0, 1, 1, 0, 1, 1, 0, 1, 0, 0, 1, 1, 0], [1, 1, 0, 1, 1, 0, 1, 1, 0, 0, 0, 0, 0, 0, 0, 1, 1, 0, 1, 0, 0, 0, 0, 0], [1, 1, 0, 1, 1, 0, 1, 1, 0, 0, 0, 0, 0, 0, 0, 1, 1, 0, 1, 0, 0, 1, 1, 0], [1, 1, 0, 1, 1, 0, 1, 1, 0, 0, 0, 0, 1, 0, 1, 1, 1, 0, 1, 0, 0, 1, 1, 0], [1, 1, 0, 1, 1, 0, 1, 1, 0, 0, 0, 0, 1, 1, 0, 0, 0, 0, 1, 0, 0, 0, 0, 0], [1, 1, 0, 1, 1, 0, 1, 1, 0, 0, 0, 0, 1, 1, 0, 0, 0, 0, 1, 0, 0, 1, 1, 0], [1, 1, 0, 1, 1, 0, 1, 1, 0, 0, 0, 0, 1, 1, 0, 1, 0, 1, 1, 0, 0, 1, 1, 0], [1, 1, 0, 1, 1, 0, 1, 1, 0, 0, 0, 0, 1, 1, 0, 1, 1, 0, 1, 0, 0, 0, 0, 0], [1, 1, 0, 1, 1, 0, 1, 1, 0, 0, 0, 0, 1, 1, 0, 1, 1, 0, 1, 0, 0, 1, 0, 1], [1, 1, 0, 1, 1, 0, 1, 1, 0, 0, 0, 0, 1, 1, 0, 1, 1, 0, 1, 0, 0, 1, 1, 0]]
[solve] probs=[0.00390625, 0.0078125, 0.00390625, 0.00390625, 0.01953125, 0.00390625, 0.00390625, 0.00390625, 0.00390625, 0.0078125, 0.0078125, 0.00390625, 0.03515625, 0.0078125, 0.046875, 0.02734375, 0.00390625, 0.03515625, 0.0234375, 0.0234375, 0.01171875, 0.7109375]
[choco-best] objective=None probability=None solution=None
[parallel 70/274] path=data/miplib_benders/qaoa_problems/nvars_08/supportcase6_ds_qaoa_c747_c759_c762_0005.json status=ok wall=836.7662737109931 peak_mb=410.08984375 choco_obj=
[problem] supportcase6_ds_qaoa_c759_c762_0004 path=data/miplib_benders/qaoa_problems/nvars_08/supportcase6_ds_qaoa_c759_c762_0004.json
[input] n_int=8 n_bin=24 n_constr=2
[input] A=[[0, 1, 1, 0, 0, 1, 1, 0], [1, 1, 0, 1, 1, 1, 0, 1]] b=[1, 1] c=[144887000, 151847000, 150892000, 145944000, 144887000, 151847000, 150892000, 145944000]
[encoding]
  B100608(7) = B100608_7__b0 + 2*B100608_7__b1 + 4*B100608_7__b2
  B100623(7) = B100623_7__b0 + 2*B100623_7__b1 + 4*B100623_7__b2
  B101029(7) = B101029_7__b0 + 2*B101029_7__b1 + 4*B101029_7__b2
  B101037(7) = B101037_7__b0 + 2*B101037_7__b1 + 4*B101037_7__b2
  B101043(7) = B101043_7__b0 + 2*B101043_7__b1 + 4*B101043_7__b2
  B101058(7) = B101058_7__b0 + 2*B101058_7__b1 + 4*B101058_7__b2
  B101479(7) = B101479_7__b0 + 2*B101479_7__b1 + 4*B101479_7__b2
  B101487(7) = B101487_7__b0 + 2*B101487_7__b1 + 4*B101487_7__b2
[expanded] A_binary=[[0, 0, 0, 1, 2, 4, 1, 2, 4, 0, 0, 0, 0, 0, 0, 1, 2, 4, 1, 2, 4, 0, 0, 0], [1, 2, 4, 1, 2, 4, 0, 0, 0, 1, 2, 4, 1, 2, 4, 1, 2, 4, 0, 0, 0, 1, 2, 4]] b=[1, 1]
[expanded] lin_constr_mtx=[[0, 0, 0, 1, 2, 4, 1, 2, 4, 0, 0, 0, 0, 0, 0, 1, 2, 4, 1, 2, 4, 0, 0, 0, 1], [1, 2, 4, 1, 2, 4, 0, 0, 0, 1, 2, 4, 1, 2, 4, 1, 2, 4, 0, 0, 0, 1, 2, 4, 1]]
Set parameter Username
[classical] objective=296836000.0 solution={'B100608(7)': 0, 'B100623(7)': 0, 'B101029(7)': 0, 'B101037(7)': 0, 'B101043(7)': 0, 'B101058(7)': 0, 'B101479(7)': 1, 'B101487(7)': 1}
[circuit] metrics=[455, 50, 220, 466]
[solve] start
[solve] states=[[0, 1, 0, 1, 1, 0, 1, 1, 0, 1, 1, 0, 0, 0, 0, 0, 0, 0, 1, 0, 0, 1, 0, 0], [0, 1, 0, 1, 1, 0, 1, 1, 0, 1, 1, 0, 0, 0, 0, 1, 1, 0, 1, 0, 0, 1, 0, 0], [1, 0, 0, 0, 1, 0, 1, 1, 0, 1, 1, 0, 0, 0, 0, 1, 1, 0, 1, 1, 0, 1, 0, 0], [1, 0, 1, 0, 0, 0, 1, 1, 0, 1, 1, 0, 0, 0, 0, 0, 0, 0, 1, 1, 0, 1, 0, 0], [1, 0, 1, 1, 0, 1, 1, 1, 0, 1, 1, 0, 0, 0, 0, 1, 1, 0, 0, 0, 0, 1, 0, 0], [1, 0, 1, 1, 1, 0, 1, 0, 1, 1, 1, 0, 0, 0, 0, 1, 0, 1, 1, 1, 0, 1, 0, 0], [1, 0, 1, 1, 1, 0, 1, 0, 1, 1, 1, 0, 0, 0, 0, 1, 1, 0, 1, 1, 0, 1, 0, 0], [1, 0, 1, 1, 1, 0, 1, 1, 0, 1, 1, 0, 0, 0, 0, 0, 0, 0, 1, 1, 0, 1, 0, 0], [1, 0, 1, 1, 1, 0, 1, 1, 0, 1, 1, 0, 0, 0, 0, 1, 1, 0, 0, 0, 0, 1, 0, 0], [1, 0, 1, 1, 1, 0, 1, 1, 0, 1, 1, 0, 0, 0, 0, 1, 1, 0, 1, 1, 0, 1, 0, 0], [1, 1, 0, 0, 0, 0, 1, 0, 1, 1, 0, 1, 0, 0, 0, 1, 1, 0, 1, 1, 0, 1, 0, 0], [1, 1, 0, 0, 0, 0, 1, 1, 0, 1, 1, 0, 0, 0, 0, 0, 0, 0, 1, 1, 0, 1, 0, 0], [1, 1, 0, 0, 0, 0, 1, 1, 0, 1, 1, 0, 0, 0, 0, 1, 1, 0, 1, 0, 1, 1, 0, 0], [1, 1, 0, 0, 0, 0, 1, 1, 0, 1, 1, 0, 0, 0, 0, 1, 1, 0, 1, 1, 0, 1, 0, 0], [1, 1, 0, 1, 0, 0, 1, 1, 0, 1, 1, 0, 0, 0, 0, 0, 1, 0, 1, 1, 0, 1, 0, 0], [1, 1, 0, 1, 0, 1, 1, 1, 0, 1, 1, 0, 0, 0, 0, 1, 0, 1, 1, 1, 0, 1, 0, 0], [1, 1, 0, 1, 0, 1, 1, 1, 0, 1, 1, 0, 0, 0, 0, 1, 1, 0, 0, 0, 0, 1, 0, 0], [1, 1, 0, 1, 0, 1, 1, 1, 0, 1, 1, 0, 0, 0, 0, 1, 1, 0, 1, 1, 0, 1, 0, 0], [1, 1, 0, 1, 1, 0, 1, 0, 1, 1, 0, 1, 0, 0, 0, 1, 0, 0, 0, 1, 0, 1, 0, 0], [1, 1, 0, 1, 1, 0, 1, 0, 1, 1, 0, 1, 0, 0, 0, 1, 1, 0, 1, 1, 0, 1, 0, 0], [1, 1, 0, 1, 1, 0, 1, 0, 1, 1, 1, 0, 0, 0, 0, 0, 0, 0, 1, 1, 0, 1, 0, 0], [1, 1, 0, 1, 1, 0, 1, 0, 1, 1, 1, 0, 0, 0, 0, 1, 0, 1, 1, 1, 0, 1, 0, 0], [1, 1, 0, 1, 1, 0, 1, 0, 1, 1, 1, 0, 0, 0, 0, 1, 1, 0, 0, 0, 0, 1, 0, 0], [1, 1, 0, 1, 1, 0, 1, 0, 1, 1, 1, 0, 0, 0, 0, 1, 1, 0, 1, 1, 0, 1, 0, 0], [1, 1, 0, 1, 1, 0, 1, 1, 0, 0, 0, 0, 0, 0, 0, 0, 0, 0, 1, 1, 0, 1, 0, 0], [1, 1, 0, 1, 1, 0, 1, 1, 0, 0, 0, 0, 0, 0, 0, 1, 1, 0, 1, 1, 0, 1, 0, 0], [1, 1, 0, 1, 1, 0, 1, 1, 0, 1, 0, 1, 0, 0, 0, 0, 0, 0, 1, 1, 0, 1, 0, 0], [1, 1, 0, 1, 1, 0, 1, 1, 0, 1, 0, 1, 0, 0, 0, 1, 0, 1, 0, 0, 0, 1, 0, 0], [1, 1, 0, 1, 1, 0, 1, 1, 0, 1, 0, 1, 0, 0, 0, 1, 1, 0, 1, 0, 1, 1, 0, 0], [1, 1, 0, 1, 1, 0, 1, 1, 0, 1, 0, 1, 0, 0, 0, 1, 1, 0, 1, 1, 0, 1, 0, 0], [1, 1, 0, 1, 1, 0, 1, 1, 0, 1, 1, 0, 0, 0, 0, 0, 0, 0, 0, 0, 0, 1, 0, 0], [1, 1, 0, 1, 1, 0, 1, 1, 0, 1, 1, 0, 0, 0, 0, 0, 0, 0, 1, 0, 1, 1, 0, 0], [1, 1, 0, 1, 1, 0, 1, 1, 0, 1, 1, 0, 0, 0, 0, 0, 0, 0, 1, 1, 0, 1, 0, 0], [1, 1, 0, 1, 1, 0, 1, 1, 0, 1, 1, 0, 0, 0, 0, 1, 0, 1, 0, 0, 0, 1, 0, 0], [1, 1, 0, 1, 1, 0, 1, 1, 0, 1, 1, 0, 0, 0, 0, 1, 0, 1, 1, 1, 0, 1, 0, 0], [1, 1, 0, 1, 1, 0, 1, 1, 0, 1, 1, 0, 0, 0, 0, 1, 1, 0, 0, 0, 0, 1, 0, 0], [1, 1, 0, 1, 1, 0, 1, 1, 0, 1, 1, 0, 0, 0, 0, 1, 1, 0, 1, 0, 1, 1, 0, 0], [1, 1, 0, 1, 1, 0, 1, 1, 0, 1, 1, 0, 0, 0, 0, 1, 1, 0, 1, 1, 0, 1, 0, 0]]
[solve] probs=[0.00390625, 0.00390625, 0.00390625, 0.00390625, 0.00390625, 0.00390625, 0.00390625, 0.00390625, 0.00390625, 0.03515625, 0.00390625, 0.0078125, 0.0078125, 0.046875, 0.00390625, 0.01171875, 0.00390625, 0.0390625, 0.00390625, 0.01171875, 0.00390625, 0.0078125, 0.01171875, 0.03125, 0.00390625, 0.00390625, 0.00390625, 0.00390625, 0.0078125, 0.01171875, 0.00390625, 0.00390625, 0.0546875, 0.00390625, 0.046875, 0.0703125, 0.0390625, 0.4765625]
[choco-best] objective=None probability=None solution=None
[parallel 71/274] path=data/miplib_benders/qaoa_problems/nvars_08/supportcase6_ds_qaoa_c747_c759_c762_0004.json status=ok wall=1287.2613627230749 peak_mb=410.59765625 choco_obj=
[problem] ex10_ds_qaoa_NOD26_NOD2X2_0001 path=data/miplib_benders/qaoa_problems/nvars_09/ex10_ds_qaoa_NOD26_NOD2X2_0001.json
[input] n_int=9 n_bin=27 n_constr=2
[input] A=[[1, 1, 1, 1, 1, 1, 1, 1, 1], [1, 1, 1, 0, 0, 0, 0, 0, 0]] b=[1, 1] c=[1, 1, 1, 1, 1, 1, 1, 1, 1]
[encoding]
  b26_220 = b26_220_b0 + 2*b26_220_b1 + 4*b26_220_b2
  b26_222 = b26_222_b0 + 2*b26_222_b1 + 4*b26_222_b2
  b26_223 = b26_223_b0 + 2*b26_223_b1 + 4*b26_223_b2
  b26_230 = b26_230_b0 + 2*b26_230_b1 + 4*b26_230_b2
  b26_240 = b26_240_b0 + 2*b26_240_b1 + 4*b26_240_b2
  b26_241 = b26_241_b0 + 2*b26_241_b1 + 4*b26_241_b2
  b26_242 = b26_242_b0 + 2*b26_242_b1 + 4*b26_242_b2
  b26_243 = b26_243_b0 + 2*b26_243_b1 + 4*b26_243_b2
  b26_250 = b26_250_b0 + 2*b26_250_b1 + 4*b26_250_b2
[expanded] A_binary=[[1, 2, 4, 1, 2, 4, 1, 2, 4, 1, 2, 4, 1, 2, 4, 1, 2, 4, 1, 2, 4, 1, 2, 4, 1, 2, 4], [1, 2, 4, 1, 2, 4, 1, 2, 4, 0, 0, 0, 0, 0, 0, 0, 0, 0, 0, 0, 0, 0, 0, 0, 0, 0, 0]] b=[1, 1]
[expanded] lin_constr_mtx=[[1, 2, 4, 1, 2, 4, 1, 2, 4, 1, 2, 4, 1, 2, 4, 1, 2, 4, 1, 2, 4, 1, 2, 4, 1, 2, 4, 1], [1, 2, 4, 1, 2, 4, 1, 2, 4, 0, 0, 0, 0, 0, 0, 0, 0, 0, 0, 0, 0, 0, 0, 0, 0, 0, 0, 1]]
Set parameter Username
[classical] objective=1.0 solution={'b26_220': 0, 'b26_222': 1, 'b26_223': 0, 'b26_230': 0, 'b26_240': 0, 'b26_241': 0, 'b26_242': 0, 'b26_243': 0, 'b26_250': 0}
[circuit] metrics=[229, 56, 102, 298]
[solve] start
[solve] states=[[1, 0, 1, 1, 1, 0, 0, 0, 0, 1, 1, 0, 1, 1, 0, 1, 1, 0, 1, 0, 0, 1, 0, 0], [1, 1, 0, 1, 0, 1, 0, 0, 0, 1, 1, 0, 0, 0, 0, 1, 1, 0, 1, 0, 0, 1, 0, 0], [1, 1, 0, 1, 0, 1, 0, 0, 0, 1, 1, 0, 1, 1, 0, 1, 1, 0, 1, 0, 0, 1, 0, 0], [1, 1, 0, 1, 1, 0, 0, 0, 0, 0, 0, 0, 1, 1, 0, 1, 1, 0, 1, 0, 0, 1, 0, 0], [1, 1, 0, 1, 1, 0, 0, 0, 0, 1, 0, 1, 1, 1, 0, 1, 1, 0, 1, 0, 0, 1, 0, 0], [1, 1, 0, 1, 1, 0, 0, 0, 0, 1, 1, 0, 0, 0, 0, 1, 1, 0, 1, 0, 0, 1, 0, 0], [1, 1, 0, 1, 1, 0, 0, 0, 0, 1, 1, 0, 1, 0, 1, 1, 1, 0, 1, 0, 0, 1, 0, 0], [1, 1, 0, 1, 1, 0, 0, 0, 0, 1, 1, 0, 1, 1, 0, 0, 0, 0, 1, 0, 0, 1, 0, 0], [1, 1, 0, 1, 1, 0, 0, 0, 0, 1, 1, 0, 1, 1, 0, 1, 0, 1, 1, 0, 0, 1, 0, 0], [1, 1, 0, 1, 1, 0, 0, 0, 0, 1, 1, 0, 1, 1, 0, 1, 1, 0, 1, 0, 0, 1, 0, 0]]
[solve] probs=[0.0234375, 0.00390625, 0.01171875, 0.015625, 0.0234375, 0.00390625, 0.015625, 0.02734375, 0.01171875, 0.86328125]
[choco-best] objective=None probability=None solution=None
[parallel 72/274] path=data/miplib_benders/qaoa_problems/nvars_08/supportcase6_ds_qaoa_c759_c762_0004.json status=ok wall=368.2017556920182 peak_mb=411.78125 choco_obj=
[problem] ex9_ds_qaoa_NOD2X5_NOD37_0003 path=data/miplib_benders/qaoa_problems/nvars_09/ex9_ds_qaoa_NOD2X5_NOD37_0003.json
[input] n_int=9 n_bin=27 n_constr=2
[input] A=[[0, 0, 0, 0, 0, 0, 1, 1, 1], [1, 1, 1, 1, 1, 1, 1, 1, 1]] b=[1, 1] c=[1, 1, 1, 1, 1, 1, 1, 1, 1]
[encoding]
  b37_230 = b37_230_b0 + 2*b37_230_b1 + 4*b37_230_b2
  b37_233 = b37_233_b0 + 2*b37_233_b1 + 4*b37_233_b2
  b37_240 = b37_240_b0 + 2*b37_240_b1 + 4*b37_240_b2
  b37_241 = b37_241_b0 + 2*b37_241_b1 + 4*b37_241_b2
  b37_242 = b37_242_b0 + 2*b37_242_b1 + 4*b37_242_b2
  b37_243 = b37_243_b0 + 2*b37_243_b1 + 4*b37_243_b2
  b37_250 = b37_250_b0 + 2*b37_250_b1 + 4*b37_250_b2
  b37_251 = b37_251_b0 + 2*b37_251_b1 + 4*b37_251_b2
  b37_252 = b37_252_b0 + 2*b37_252_b1 + 4*b37_252_b2
[expanded] A_binary=[[0, 0, 0, 0, 0, 0, 0, 0, 0, 0, 0, 0, 0, 0, 0, 0, 0, 0, 1, 2, 4, 1, 2, 4, 1, 2, 4], [1, 2, 4, 1, 2, 4, 1, 2, 4, 1, 2, 4, 1, 2, 4, 1, 2, 4, 1, 2, 4, 1, 2, 4, 1, 2, 4]] b=[1, 1]
[expanded] lin_constr_mtx=[[0, 0, 0, 0, 0, 0, 0, 0, 0, 0, 0, 0, 0, 0, 0, 0, 0, 0, 1, 2, 4, 1, 2, 4, 1, 2, 4, 1], [1, 2, 4, 1, 2, 4, 1, 2, 4, 1, 2, 4, 1, 2, 4, 1, 2, 4, 1, 2, 4, 1, 2, 4, 1, 2, 4, 1]]
Set parameter Username
[classical] objective=1.0 solution={'b37_230': 0, 'b37_233': 0, 'b37_240': 0, 'b37_241': 0, 'b37_242': 0, 'b37_243': 0, 'b37_250': 0, 'b37_251': 0, 'b37_252': 1}
[circuit] metrics=[229, 56, 102, 298]
[solve] start
[solve] states=[[1, 1, 0, 1, 1, 0, 1, 1, 0, 1, 1, 0, 1, 1, 0, 1, 1, 0, 1, 1, 0, 1, 0, 0]]
[solve] probs=[1.0]
[choco-best] objective=None probability=None solution=None
[parallel 73/274] path=data/miplib_benders/qaoa_problems/nvars_08/supportcase6_ds_qaoa_c759_c762_0002.json status=ok wall=737.2908213239862 peak_mb=424.80078125 choco_obj=
[problem] ex9_ds_qaoa_NOD2X5_NOD37_0004 path=data/miplib_benders/qaoa_problems/nvars_09/ex9_ds_qaoa_NOD2X5_NOD37_0004.json
[input] n_int=9 n_bin=27 n_constr=2
[input] A=[[0, 0, 0, 0, 0, 1, 1, 1, 1], [1, 1, 1, 1, 1, 1, 1, 1, 1]] b=[1, 1] c=[1, 1, 1, 1, 1, 1, 1, 1, 1]
[encoding]
  b37_233 = b37_233_b0 + 2*b37_233_b1 + 4*b37_233_b2
  b37_240 = b37_240_b0 + 2*b37_240_b1 + 4*b37_240_b2
  b37_241 = b37_241_b0 + 2*b37_241_b1 + 4*b37_241_b2
  b37_242 = b37_242_b0 + 2*b37_242_b1 + 4*b37_242_b2
  b37_243 = b37_243_b0 + 2*b37_243_b1 + 4*b37_243_b2
  b37_250 = b37_250_b0 + 2*b37_250_b1 + 4*b37_250_b2
  b37_251 = b37_251_b0 + 2*b37_251_b1 + 4*b37_251_b2
  b37_252 = b37_252_b0 + 2*b37_252_b1 + 4*b37_252_b2
  b37_253 = b37_253_b0 + 2*b37_253_b1 + 4*b37_253_b2
[expanded] A_binary=[[0, 0, 0, 0, 0, 0, 0, 0, 0, 0, 0, 0, 0, 0, 0, 1, 2, 4, 1, 2, 4, 1, 2, 4, 1, 2, 4], [1, 2, 4, 1, 2, 4, 1, 2, 4, 1, 2, 4, 1, 2, 4, 1, 2, 4, 1, 2, 4, 1, 2, 4, 1, 2, 4]] b=[1, 1]
[expanded] lin_constr_mtx=[[0, 0, 0, 0, 0, 0, 0, 0, 0, 0, 0, 0, 0, 0, 0, 1, 2, 4, 1, 2, 4, 1, 2, 4, 1, 2, 4, 1], [1, 2, 4, 1, 2, 4, 1, 2, 4, 1, 2, 4, 1, 2, 4, 1, 2, 4, 1, 2, 4, 1, 2, 4, 1, 2, 4, 1]]
Set parameter Username
[classical] objective=1.0 solution={'b37_233': 0, 'b37_240': 0, 'b37_241': 0, 'b37_242': 0, 'b37_243': 0, 'b37_250': 0, 'b37_251': 0, 'b37_252': 0, 'b37_253': 1}
[circuit] metrics=[189, 56, 84, 298]
[solve] start
[solve] states=[[1, 0, 0, 0, 1, 0, 1, 1, 0, 0, 0, 0, 1, 1, 0, 1, 1, 0, 1, 0, 0, 0, 0, 0], [1, 0, 1, 0, 0, 0, 1, 1, 0, 0, 0, 0, 1, 1, 0, 1, 1, 0, 1, 0, 0, 0, 0, 0], [1, 0, 1, 1, 1, 0, 1, 1, 0, 0, 0, 0, 0, 0, 0, 1, 1, 0, 1, 0, 0, 0, 0, 0], [1, 0, 1, 1, 1, 0, 1, 1, 0, 0, 0, 0, 1, 0, 1, 1, 1, 0, 1, 0, 0, 0, 0, 0], [1, 0, 1, 1, 1, 0, 1, 1, 0, 0, 0, 0, 1, 1, 0, 0, 0, 0, 1, 0, 0, 0, 0, 0], [1, 0, 1, 1, 1, 0, 1, 1, 0, 0, 0, 0, 1, 1, 0, 1, 0, 1, 1, 0, 0, 0, 0, 0], [1, 0, 1, 1, 1, 0, 1, 1, 0, 0, 0, 0, 1, 1, 0, 1, 1, 0, 1, 0, 0, 0, 0, 0], [1, 1, 0, 0, 0, 0, 1, 0, 1, 0, 0, 0, 0, 0, 0, 1, 0, 1, 1, 0, 0, 0, 0, 0], [1, 1, 0, 0, 0, 0, 1, 1, 0, 0, 0, 0, 1, 0, 1, 1, 1, 0, 1, 0, 0, 0, 0, 0], [1, 1, 0, 0, 0, 0, 1, 1, 0, 0, 0, 0, 1, 1, 0, 1, 1, 0, 1, 0, 0, 0, 0, 0], [1, 1, 0, 1, 0, 1, 1, 1, 0, 0, 0, 0, 1, 1, 0, 1, 0, 1, 1, 0, 0, 0, 0, 0], [1, 1, 0, 1, 0, 1, 1, 1, 0, 0, 0, 0, 1, 1, 0, 1, 1, 0, 1, 0, 0, 0, 0, 0], [1, 1, 0, 1, 1, 0, 1, 0, 1, 0, 0, 0, 1, 1, 0, 0, 0, 0, 1, 0, 0, 0, 0, 0], [1, 1, 0, 1, 1, 0, 1, 0, 1, 0, 0, 0, 1, 1, 0, 1, 0, 1, 1, 0, 0, 0, 0, 0], [1, 1, 0, 1, 1, 0, 1, 0, 1, 0, 0, 0, 1, 1, 0, 1, 1, 0, 1, 0, 0, 0, 0, 0], [1, 1, 0, 1, 1, 0, 1, 1, 0, 0, 0, 0, 0, 0, 0, 1, 0, 1, 1, 0, 0, 0, 0, 0], [1, 1, 0, 1, 1, 0, 1, 1, 0, 0, 0, 0, 0, 0, 0, 1, 1, 0, 1, 0, 0, 0, 0, 0], [1, 1, 0, 1, 1, 0, 1, 1, 0, 0, 0, 0, 1, 0, 1, 0, 0, 0, 1, 0, 0, 0, 0, 0], [1, 1, 0, 1, 1, 0, 1, 1, 0, 0, 0, 0, 1, 0, 1, 1, 0, 1, 1, 0, 0, 0, 0, 0], [1, 1, 0, 1, 1, 0, 1, 1, 0, 0, 0, 0, 1, 0, 1, 1, 1, 0, 1, 0, 0, 0, 0, 0], [1, 1, 0, 1, 1, 0, 1, 1, 0, 0, 0, 0, 1, 1, 0, 0, 0, 0, 1, 0, 0, 0, 0, 0], [1, 1, 0, 1, 1, 0, 1, 1, 0, 0, 0, 0, 1, 1, 0, 1, 0, 1, 1, 0, 0, 0, 0, 0], [1, 1, 0, 1, 1, 0, 1, 1, 0, 0, 0, 0, 1, 1, 0, 1, 1, 0, 1, 0, 0, 0, 0, 0]]
[solve] probs=[0.00390625, 0.01171875, 0.00390625, 0.00390625, 0.00390625, 0.00390625, 0.01953125, 0.00390625, 0.00390625, 0.04296875, 0.0078125, 0.01953125, 0.00390625, 0.0078125, 0.03515625, 0.0078125, 0.07421875, 0.01171875, 0.00390625, 0.02734375, 0.03125, 0.03515625, 0.6328125]
[choco-best] objective=None probability=None solution=None
[parallel 74/274] path=data/miplib_benders/qaoa_problems/nvars_08/supportcase6_ds_qaoa_c759_c762_0003.json status=ok wall=723.2441166109638 peak_mb=411.7421875 choco_obj=
[problem] ex9_ds_qaoa_NOD2X5_NOD37_0005 path=data/miplib_benders/qaoa_problems/nvars_09/ex9_ds_qaoa_NOD2X5_NOD37_0005.json
[input] n_int=9 n_bin=27 n_constr=2
[input] A=[[0, 0, 0, 0, 1, 1, 1, 1, 0], [1, 1, 1, 1, 1, 1, 1, 1, 1]] b=[1, 1] c=[1, 1, 1, 1, 1, 1, 1, 1, 1]
[encoding]
  b37_240 = b37_240_b0 + 2*b37_240_b1 + 4*b37_240_b2
  b37_241 = b37_241_b0 + 2*b37_241_b1 + 4*b37_241_b2
  b37_242 = b37_242_b0 + 2*b37_242_b1 + 4*b37_242_b2
  b37_243 = b37_243_b0 + 2*b37_243_b1 + 4*b37_243_b2
  b37_250 = b37_250_b0 + 2*b37_250_b1 + 4*b37_250_b2
  b37_251 = b37_251_b0 + 2*b37_251_b1 + 4*b37_251_b2
  b37_252 = b37_252_b0 + 2*b37_252_b1 + 4*b37_252_b2
  b37_253 = b37_253_b0 + 2*b37_253_b1 + 4*b37_253_b2
  b37_260 = b37_260_b0 + 2*b37_260_b1 + 4*b37_260_b2
[expanded] A_binary=[[0, 0, 0, 0, 0, 0, 0, 0, 0, 0, 0, 0, 1, 2, 4, 1, 2, 4, 1, 2, 4, 1, 2, 4, 0, 0, 0], [1, 2, 4, 1, 2, 4, 1, 2, 4, 1, 2, 4, 1, 2, 4, 1, 2, 4, 1, 2, 4, 1, 2, 4, 1, 2, 4]] b=[1, 1]
[expanded] lin_constr_mtx=[[0, 0, 0, 0, 0, 0, 0, 0, 0, 0, 0, 0, 1, 2, 4, 1, 2, 4, 1, 2, 4, 1, 2, 4, 0, 0, 0, 1], [1, 2, 4, 1, 2, 4, 1, 2, 4, 1, 2, 4, 1, 2, 4, 1, 2, 4, 1, 2, 4, 1, 2, 4, 1, 2, 4, 1]]
Set parameter Username
[classical] objective=1.0 solution={'b37_240': 0, 'b37_241': 0, 'b37_242': 0, 'b37_243': 0, 'b37_250': 0, 'b37_251': 0, 'b37_252': 1, 'b37_253': 0, 'b37_260': 0}
[circuit] metrics=[189, 56, 84, 298]
[solve] start
[solve] states=[[0, 0, 0, 0, 0, 0, 1, 0, 0, 0, 0, 0, 0, 0, 0, 0, 0, 0, 0, 0, 0, 0, 0, 0, 0, 0, 0]]
[solve] probs=[1.0]
[choco-best] objective=1.0 probability=1.0 solution={'b26_220': 0, 'b26_222': 0, 'b26_223': 1, 'b26_230': 0, 'b26_240': 0, 'b26_241': 0, 'b26_242': 0, 'b26_243': 0, 'b26_250': 0}
[parallel 75/274] path=data/miplib_benders/qaoa_problems/nvars_09/ex10_ds_qaoa_NOD26_NOD2X2_0001.json status=ok wall=766.796192558948 peak_mb=408.25 choco_obj=1.0
[problem] ex9_ds_qaoa_NOD2X5_NOD37_0006 path=data/miplib_benders/qaoa_problems/nvars_09/ex9_ds_qaoa_NOD2X5_NOD37_0006.json
[input] n_int=9 n_bin=27 n_constr=2
[input] A=[[0, 0, 0, 1, 1, 1, 1, 0, 0], [1, 1, 1, 1, 1, 1, 1, 1, 1]] b=[1, 1] c=[1, 1, 1, 1, 1, 1, 1, 1, 1]
[encoding]
  b37_241 = b37_241_b0 + 2*b37_241_b1 + 4*b37_241_b2
  b37_242 = b37_242_b0 + 2*b37_242_b1 + 4*b37_242_b2
  b37_243 = b37_243_b0 + 2*b37_243_b1 + 4*b37_243_b2
  b37_250 = b37_250_b0 + 2*b37_250_b1 + 4*b37_250_b2
  b37_251 = b37_251_b0 + 2*b37_251_b1 + 4*b37_251_b2
  b37_252 = b37_252_b0 + 2*b37_252_b1 + 4*b37_252_b2
  b37_253 = b37_253_b0 + 2*b37_253_b1 + 4*b37_253_b2
  b37_260 = b37_260_b0 + 2*b37_260_b1 + 4*b37_260_b2
  b37_261 = b37_261_b0 + 2*b37_261_b1 + 4*b37_261_b2
[expanded] A_binary=[[0, 0, 0, 0, 0, 0, 0, 0, 0, 1, 2, 4, 1, 2, 4, 1, 2, 4, 1, 2, 4, 0, 0, 0, 0, 0, 0], [1, 2, 4, 1, 2, 4, 1, 2, 4, 1, 2, 4, 1, 2, 4, 1, 2, 4, 1, 2, 4, 1, 2, 4, 1, 2, 4]] b=[1, 1]
[expanded] lin_constr_mtx=[[0, 0, 0, 0, 0, 0, 0, 0, 0, 1, 2, 4, 1, 2, 4, 1, 2, 4, 1, 2, 4, 0, 0, 0, 0, 0, 0, 1], [1, 2, 4, 1, 2, 4, 1, 2, 4, 1, 2, 4, 1, 2, 4, 1, 2, 4, 1, 2, 4, 1, 2, 4, 1, 2, 4, 1]]
Set parameter Username
[classical] objective=1.0 solution={'b37_241': 0, 'b37_242': 0, 'b37_243': 0, 'b37_250': 0, 'b37_251': 0, 'b37_252': 1, 'b37_253': 0, 'b37_260': 0, 'b37_261': 0}
[circuit] metrics=[189, 56, 84, 298]
[solve] start
[solve] states=[[0, 0, 0, 0, 0, 0, 0, 0, 0, 0, 0, 0, 0, 0, 0, 0, 0, 0, 0, 0, 0, 0, 0, 0, 1, 0, 0]]
[solve] probs=[1.0]
[choco-best] objective=1.0 probability=1.0 solution={'b37_233': 0, 'b37_240': 0, 'b37_241': 0, 'b37_242': 0, 'b37_243': 0, 'b37_250': 0, 'b37_251': 0, 'b37_252': 0, 'b37_253': 1}
[parallel 76/274] path=data/miplib_benders/qaoa_problems/nvars_09/ex9_ds_qaoa_NOD2X5_NOD37_0004.json status=ok wall=797.9809817209607 peak_mb=407.15234375 choco_obj=1.0
[problem] highschool1-aigio_ds_qaoa_spreadEventsUB_SpreadEvents1_108_Mo_spreadEventsUB_SpreadEvents1_108_Th_subeventsNotActive_108_1_1_0001 path=data/miplib_benders/qaoa_problems/nvars_09/highschool1-aigio_ds_qaoa_spreadEventsUB_SpreadEvents1_108_Mo_spreadEventsUB_SpreadEvents1_108_Th_subeventsNotActive_108_1_1_0001.json
[input] n_int=9 n_bin=27 n_constr=3
[input] A=[[1, 1, 1, 0, 0, 0, 1, 0, 0], [0, 0, 0, 1, 1, 1, 0, 1, 0], [-1, -1, -1, -1, -1, -1, 0, 0, 1]] b=[1, 1, 0] c=[1, 2, 3, 4, 5, 6, 0, 0, 0]
[encoding]
  y(108#1#1,Mo_4) = y_108_1_1_Mo_4__b0 + 2*y_108_1_1_Mo_4__b1 + 4*y_108_1_1_Mo_4__b2
  y(108#1#1,Mo_5) = y_108_1_1_Mo_5__b0 + 2*y_108_1_1_Mo_5__b1 + 4*y_108_1_1_Mo_5__b2
  y(108#1#1,Mo_6) = y_108_1_1_Mo_6__b0 + 2*y_108_1_1_Mo_6__b1 + 4*y_108_1_1_Mo_6__b2
  y(108#1#1,Th_4) = y_108_1_1_Th_4__b0 + 2*y_108_1_1_Th_4__b1 + 4*y_108_1_1_Th_4__b2
  y(108#1#1,Th_5) = y_108_1_1_Th_5__b0 + 2*y_108_1_1_Th_5__b1 + 4*y_108_1_1_Th_5__b2
  y(108#1#1,Th_6) = y_108_1_1_Th_6__b0 + 2*y_108_1_1_Th_6__b1 + 4*y_108_1_1_Th_6__b2
  row_slack_spreadEventsUB_SpreadEvents1_108_Mo = row_slack_spreadEventsUB_SpreadEvents1_108_Mo_b0 + 2*row_slack_spreadEventsUB_SpreadEvents1_108_Mo_b1 + 4*row_slack_spreadEventsUB_SpreadEvents1_108_Mo_b2
  row_slack_spreadEventsUB_SpreadEvents1_108_Th = row_slack_spreadEventsUB_SpreadEvents1_108_Th_b0 + 2*row_slack_spreadEventsUB_SpreadEvents1_108_Th_b1 + 4*row_slack_spreadEventsUB_SpreadEvents1_108_Th_b2
  row_slack_subeventsNotActive_108_1_1 = row_slack_subeventsNotActive_108_1_1_b0 + 2*row_slack_subeventsNotActive_108_1_1_b1 + 4*row_slack_subeventsNotActive_108_1_1_b2
[expanded] A_binary=[[1, 2, 4, 1, 2, 4, 1, 2, 4, 0, 0, 0, 0, 0, 0, 0, 0, 0, 1, 2, 4, 0, 0, 0, 0, 0, 0], [0, 0, 0, 0, 0, 0, 0, 0, 0, 1, 2, 4, 1, 2, 4, 1, 2, 4, 0, 0, 0, 1, 2, 4, 0, 0, 0], [-1, -2, -4, -1, -2, -4, -1, -2, -4, -1, -2, -4, -1, -2, -4, -1, -2, -4, 0, 0, 0, 0, 0, 0, 1, 2, 4]] b=[1, 1, 0]
[expanded] lin_constr_mtx=[[1, 2, 4, 1, 2, 4, 1, 2, 4, 0, 0, 0, 0, 0, 0, 0, 0, 0, 1, 2, 4, 0, 0, 0, 0, 0, 0, 1], [0, 0, 0, 0, 0, 0, 0, 0, 0, 1, 2, 4, 1, 2, 4, 1, 2, 4, 0, 0, 0, 1, 2, 4, 0, 0, 0, 1], [-1, -2, -4, -1, -2, -4, -1, -2, -4, -1, -2, -4, -1, -2, -4, -1, -2, -4, 0, 0, 0, 0, 0, 0, 1, 2, 4, 0]]
Set parameter Username
[classical] objective=9.0 solution={'y(108#1#1,Mo_4)': 0, 'y(108#1#1,Mo_5)': 0, 'y(108#1#1,Mo_6)': 1, 'y(108#1#1,Th_4)': 0, 'y(108#1#1,Th_5)': 0, 'y(108#1#1,Th_6)': 1, 'row_slack_spreadEventsUB_SpreadEvents1_108_Mo': 0, 'row_slack_spreadEventsUB_SpreadEvents1_108_Th': 0, 'row_slack_subeventsNotActive_108_1_1': 2}
[circuit] metrics=[509, 56, 227, 581]
[solve] start
[solve] states=[[0, 0, 0, 0, 0, 0, 0, 0, 0, 0, 0, 0, 0, 0, 0, 0, 0, 0, 0, 0, 0, 0, 0, 0, 1, 0, 0], [1, 1, 0, 0, 0, 0, 0, 0, 0, 0, 0, 0, 0, 0, 0, 0, 0, 0, 0, 0, 0, 0, 0, 0, 1, 0, 0]]
[solve] probs=[0.99609375, 0.00390625]
[choco-best] objective=1.0 probability=0.99609375 solution={'b37_230': 0, 'b37_233': 0, 'b37_240': 0, 'b37_241': 0, 'b37_242': 0, 'b37_243': 0, 'b37_250': 0, 'b37_251': 0, 'b37_252': 1}
[parallel 77/274] path=data/miplib_benders/qaoa_problems/nvars_09/ex9_ds_qaoa_NOD2X5_NOD37_0003.json status=ok wall=1139.8187976930058 peak_mb=400.71484375 choco_obj=1.0
[problem] highschool1-aigio_ds_qaoa_spreadEventsUB_SpreadEvents1_108_Mo_spreadEventsUB_SpreadEvents1_108_Th_subeventsNotActive_108_1_1_0002 path=data/miplib_benders/qaoa_problems/nvars_09/highschool1-aigio_ds_qaoa_spreadEventsUB_SpreadEvents1_108_Mo_spreadEventsUB_SpreadEvents1_108_Th_subeventsNotActive_108_1_1_0002.json
[input] n_int=9 n_bin=27 n_constr=3
[input] A=[[1, 1, 0, 0, 0, 1, 1, 0, 0], [0, 0, 1, 1, 1, 0, 0, 1, 0], [-1, -1, -1, -1, -1, 0, 0, 0, 1]] b=[1, 1, 0] c=[1, 2, 3, 4, 5, 6, 0, 0, 0]
[encoding]
  y(108#1#1,Mo_5) = y_108_1_1_Mo_5__b0 + 2*y_108_1_1_Mo_5__b1 + 4*y_108_1_1_Mo_5__b2
  y(108#1#1,Mo_6) = y_108_1_1_Mo_6__b0 + 2*y_108_1_1_Mo_6__b1 + 4*y_108_1_1_Mo_6__b2
  y(108#1#1,Th_4) = y_108_1_1_Th_4__b0 + 2*y_108_1_1_Th_4__b1 + 4*y_108_1_1_Th_4__b2
  y(108#1#1,Th_5) = y_108_1_1_Th_5__b0 + 2*y_108_1_1_Th_5__b1 + 4*y_108_1_1_Th_5__b2
  y(108#1#1,Th_6) = y_108_1_1_Th_6__b0 + 2*y_108_1_1_Th_6__b1 + 4*y_108_1_1_Th_6__b2
  y(108#1#2,Mo_4) = y_108_1_2_Mo_4__b0 + 2*y_108_1_2_Mo_4__b1 + 4*y_108_1_2_Mo_4__b2
  row_slack_spreadEventsUB_SpreadEvents1_108_Mo = row_slack_spreadEventsUB_SpreadEvents1_108_Mo_b0 + 2*row_slack_spreadEventsUB_SpreadEvents1_108_Mo_b1 + 4*row_slack_spreadEventsUB_SpreadEvents1_108_Mo_b2
  row_slack_spreadEventsUB_SpreadEvents1_108_Th = row_slack_spreadEventsUB_SpreadEvents1_108_Th_b0 + 2*row_slack_spreadEventsUB_SpreadEvents1_108_Th_b1 + 4*row_slack_spreadEventsUB_SpreadEvents1_108_Th_b2
  row_slack_subeventsNotActive_108_1_1 = row_slack_subeventsNotActive_108_1_1_b0 + 2*row_slack_subeventsNotActive_108_1_1_b1 + 4*row_slack_subeventsNotActive_108_1_1_b2
[expanded] A_binary=[[1, 2, 4, 1, 2, 4, 0, 0, 0, 0, 0, 0, 0, 0, 0, 1, 2, 4, 1, 2, 4, 0, 0, 0, 0, 0, 0], [0, 0, 0, 0, 0, 0, 1, 2, 4, 1, 2, 4, 1, 2, 4, 0, 0, 0, 0, 0, 0, 1, 2, 4, 0, 0, 0], [-1, -2, -4, -1, -2, -4, -1, -2, -4, -1, -2, -4, -1, -2, -4, 0, 0, 0, 0, 0, 0, 0, 0, 0, 1, 2, 4]] b=[1, 1, 0]
[expanded] lin_constr_mtx=[[1, 2, 4, 1, 2, 4, 0, 0, 0, 0, 0, 0, 0, 0, 0, 1, 2, 4, 1, 2, 4, 0, 0, 0, 0, 0, 0, 1], [0, 0, 0, 0, 0, 0, 1, 2, 4, 1, 2, 4, 1, 2, 4, 0, 0, 0, 0, 0, 0, 1, 2, 4, 0, 0, 0, 1], [-1, -2, -4, -1, -2, -4, -1, -2, -4, -1, -2, -4, -1, -2, -4, 0, 0, 0, 0, 0, 0, 0, 0, 0, 1, 2, 4, 0]]
Set parameter Username
[classical] objective=11.0 solution={'y(108#1#1,Mo_5)': 0, 'y(108#1#1,Mo_6)': 0, 'y(108#1#1,Th_4)': 0, 'y(108#1#1,Th_5)': 0, 'y(108#1#1,Th_6)': 1, 'y(108#1#2,Mo_4)': 1, 'row_slack_spreadEventsUB_SpreadEvents1_108_Mo': 0, 'row_slack_spreadEventsUB_SpreadEvents1_108_Th': 0, 'row_slack_subeventsNotActive_108_1_1': 1}
[circuit] metrics=[509, 56, 227, 581]
[solve] start
[solve] states=[[0, 0, 0, 0, 0, 0, 0, 0, 0, 0, 0, 0, 0, 0, 0, 0, 0, 0, 0, 0, 0, 1, 0, 0, 0, 0, 0]]
[solve] probs=[1.0]
[choco-best] objective=1.0 probability=1.0 solution={'b37_240': 0, 'b37_241': 0, 'b37_242': 0, 'b37_243': 0, 'b37_250': 0, 'b37_251': 0, 'b37_252': 0, 'b37_253': 1, 'b37_260': 0}
[parallel 78/274] path=data/miplib_benders/qaoa_problems/nvars_09/ex9_ds_qaoa_NOD2X5_NOD37_0005.json status=ok wall=1090.1576080790255 peak_mb=411.46484375 choco_obj=1.0
[problem] highschool1-aigio_ds_qaoa_spreadEventsUB_SpreadEvents1_108_Mo_spreadEventsUB_SpreadEvents1_108_Th_subeventsNotActive_108_1_1_0003 path=data/miplib_benders/qaoa_problems/nvars_09/highschool1-aigio_ds_qaoa_spreadEventsUB_SpreadEvents1_108_Mo_spreadEventsUB_SpreadEvents1_108_Th_subeventsNotActive_108_1_1_0003.json
[input] n_int=9 n_bin=27 n_constr=3
[input] A=[[1, 0, 0, 0, 1, 1, 1, 0, 0], [0, 1, 1, 1, 0, 0, 0, 1, 0], [-1, -1, -1, -1, 0, 0, 0, 0, 1]] b=[1, 1, 0] c=[1, 2, 3, 4, 5, 6, 0, 0, 0]
[encoding]
  y(108#1#1,Mo_6) = y_108_1_1_Mo_6__b0 + 2*y_108_1_1_Mo_6__b1 + 4*y_108_1_1_Mo_6__b2
  y(108#1#1,Th_4) = y_108_1_1_Th_4__b0 + 2*y_108_1_1_Th_4__b1 + 4*y_108_1_1_Th_4__b2
  y(108#1#1,Th_5) = y_108_1_1_Th_5__b0 + 2*y_108_1_1_Th_5__b1 + 4*y_108_1_1_Th_5__b2
  y(108#1#1,Th_6) = y_108_1_1_Th_6__b0 + 2*y_108_1_1_Th_6__b1 + 4*y_108_1_1_Th_6__b2
  y(108#1#2,Mo_4) = y_108_1_2_Mo_4__b0 + 2*y_108_1_2_Mo_4__b1 + 4*y_108_1_2_Mo_4__b2
  y(108#1#2,Mo_5) = y_108_1_2_Mo_5__b0 + 2*y_108_1_2_Mo_5__b1 + 4*y_108_1_2_Mo_5__b2
  row_slack_spreadEventsUB_SpreadEvents1_108_Mo = row_slack_spreadEventsUB_SpreadEvents1_108_Mo_b0 + 2*row_slack_spreadEventsUB_SpreadEvents1_108_Mo_b1 + 4*row_slack_spreadEventsUB_SpreadEvents1_108_Mo_b2
  row_slack_spreadEventsUB_SpreadEvents1_108_Th = row_slack_spreadEventsUB_SpreadEvents1_108_Th_b0 + 2*row_slack_spreadEventsUB_SpreadEvents1_108_Th_b1 + 4*row_slack_spreadEventsUB_SpreadEvents1_108_Th_b2
  row_slack_subeventsNotActive_108_1_1 = row_slack_subeventsNotActive_108_1_1_b0 + 2*row_slack_subeventsNotActive_108_1_1_b1 + 4*row_slack_subeventsNotActive_108_1_1_b2
[expanded] A_binary=[[1, 2, 4, 0, 0, 0, 0, 0, 0, 0, 0, 0, 1, 2, 4, 1, 2, 4, 1, 2, 4, 0, 0, 0, 0, 0, 0], [0, 0, 0, 1, 2, 4, 1, 2, 4, 1, 2, 4, 0, 0, 0, 0, 0, 0, 0, 0, 0, 1, 2, 4, 0, 0, 0], [-1, -2, -4, -1, -2, -4, -1, -2, -4, -1, -2, -4, 0, 0, 0, 0, 0, 0, 0, 0, 0, 0, 0, 0, 1, 2, 4]] b=[1, 1, 0]
[expanded] lin_constr_mtx=[[1, 2, 4, 0, 0, 0, 0, 0, 0, 0, 0, 0, 1, 2, 4, 1, 2, 4, 1, 2, 4, 0, 0, 0, 0, 0, 0, 1], [0, 0, 0, 1, 2, 4, 1, 2, 4, 1, 2, 4, 0, 0, 0, 0, 0, 0, 0, 0, 0, 1, 2, 4, 0, 0, 0, 1], [-1, -2, -4, -1, -2, -4, -1, -2, -4, -1, -2, -4, 0, 0, 0, 0, 0, 0, 0, 0, 0, 0, 0, 0, 1, 2, 4, 0]]
Set parameter Username
[classical] objective=10.0 solution={'y(108#1#1,Mo_6)': 0, 'y(108#1#1,Th_4)': 0, 'y(108#1#1,Th_5)': 0, 'y(108#1#1,Th_6)': 1, 'y(108#1#2,Mo_4)': 0, 'y(108#1#2,Mo_5)': 1, 'row_slack_spreadEventsUB_SpreadEvents1_108_Mo': 0, 'row_slack_spreadEventsUB_SpreadEvents1_108_Th': 0, 'row_slack_subeventsNotActive_108_1_1': 1}
[circuit] metrics=[509, 56, 227, 581]
[solve] start
[solve] states=[[0, 0, 0, 0, 0, 0, 0, 0, 0, 0, 0, 0, 0, 0, 0, 0, 0, 0, 1, 0, 0, 0, 0, 0, 0, 0, 0]]
[solve] probs=[1.0]
[choco-best] objective=1.0 probability=1.0 solution={'b37_241': 0, 'b37_242': 0, 'b37_243': 0, 'b37_250': 0, 'b37_251': 0, 'b37_252': 0, 'b37_253': 1, 'b37_260': 0, 'b37_261': 0}
[parallel 79/274] path=data/miplib_benders/qaoa_problems/nvars_09/ex9_ds_qaoa_NOD2X5_NOD37_0006.json status=ok wall=868.7733505510259 peak_mb=412.8828125 choco_obj=1.0
[problem] irp_ds_qaoa_R0010_R0015_0001 path=data/miplib_benders/qaoa_problems/nvars_09/irp_ds_qaoa_R0010_R0015_0001.json
[input] n_int=9 n_bin=27 n_constr=2
[input] A=[[1, 1, 1, 1, 1, 1, 1, 1, 1], [1, 1, 1, 0, 0, 0, 0, 0, 0]] b=[1, 1] c=[6154830000, 5674930000, 5627280000, 5861240000, 6049200000, 5946950000, 6340890000, 5861380000, 5813350000]
[encoding]
  C16904 = C16904_b0 + 2*C16904_b1 + 4*C16904_b2
  C16905 = C16905_b0 + 2*C16905_b1 + 4*C16905_b2
  C16906 = C16906_b0 + 2*C16906_b1 + 4*C16906_b2
  C16908 = C16908_b0 + 2*C16908_b1 + 4*C16908_b2
  C16909 = C16909_b0 + 2*C16909_b1 + 4*C16909_b2
  C16910 = C16910_b0 + 2*C16910_b1 + 4*C16910_b2
  C16911 = C16911_b0 + 2*C16911_b1 + 4*C16911_b2
  C16912 = C16912_b0 + 2*C16912_b1 + 4*C16912_b2
  C16913 = C16913_b0 + 2*C16913_b1 + 4*C16913_b2
[expanded] A_binary=[[1, 2, 4, 1, 2, 4, 1, 2, 4, 1, 2, 4, 1, 2, 4, 1, 2, 4, 1, 2, 4, 1, 2, 4, 1, 2, 4], [1, 2, 4, 1, 2, 4, 1, 2, 4, 0, 0, 0, 0, 0, 0, 0, 0, 0, 0, 0, 0, 0, 0, 0, 0, 0, 0]] b=[1, 1]
[expanded] lin_constr_mtx=[[1, 2, 4, 1, 2, 4, 1, 2, 4, 1, 2, 4, 1, 2, 4, 1, 2, 4, 1, 2, 4, 1, 2, 4, 1, 2, 4, 1], [1, 2, 4, 1, 2, 4, 1, 2, 4, 0, 0, 0, 0, 0, 0, 0, 0, 0, 0, 0, 0, 0, 0, 0, 0, 0, 0, 1]]
Set parameter Username
[classical] objective=6154830000.0 solution={'C16904': 1, 'C16905': 0, 'C16906': 0, 'C16908': 0, 'C16909': 0, 'C16910': 0, 'C16911': 0, 'C16912': 0, 'C16913': 0}
[circuit] metrics=[229, 56, 102, 298]
[solve] start
[solve] states=[[0, 0, 0, 0, 0, 0, 0, 0, 0, 0, 0, 0, 0, 0, 0, 0, 0, 0, 1, 0, 0, 1, 0, 0, 0, 0, 0], [1, 0, 0, 0, 0, 0, 0, 1, 0, 0, 0, 0, 0, 0, 0, 0, 0, 0, 1, 0, 0, 1, 0, 0, 0, 0, 0]]
[solve] probs=[0.99609375, 0.00390625]
[choco-best] objective=0.0 probability=0.99609375 solution={'y(108#1#1,Mo_4)': 0, 'y(108#1#1,Mo_5)': 0, 'y(108#1#1,Mo_6)': 0, 'y(108#1#1,Th_4)': 0, 'y(108#1#1,Th_5)': 0, 'y(108#1#1,Th_6)': 0, 'row_slack_spreadEventsUB_SpreadEvents1_108_Mo': 1, 'row_slack_spreadEventsUB_SpreadEvents1_108_Th': 1, 'row_slack_subeventsNotActive_108_1_1': 0}
[parallel 80/274] path=data/miplib_benders/qaoa_problems/nvars_09/highschool1-aigio_ds_qaoa_spreadEventsUB_SpreadEvents1_108_Mo_spreadEventsUB_SpreadEvents1_108_Th_subeventsNotActive_108_1_1_0001.json status=ok wall=836.6779453540221 peak_mb=482.1875 choco_obj=0.0
[problem] leo1_ds_qaoa_R0000042_R0000043_R0000047_0003 path=data/miplib_benders/qaoa_problems/nvars_09/leo1_ds_qaoa_R0000042_R0000043_R0000047_0003.json
[input] n_int=9 n_bin=27 n_constr=3
[input] A=[[-3, -3, -3, 0, 0, 0, 1, 0, 0], [-6, -6, -6, -3, -4, -6, 0, 1, 0], [0, 0, 0, -3, -4, -6, 0, 0, 1]] b=[-3, -6, -6] c=[1, 2, 3, 4, 5, 6, 0, 0, 0]
[encoding]
  C0003539 = C0003539_b0 + 2*C0003539_b1 + 4*C0003539_b2
  C0003540 = C0003540_b0 + 2*C0003540_b1 + 4*C0003540_b2
  C0003541 = C0003541_b0 + 2*C0003541_b1 + 4*C0003541_b2
  C0003572 = C0003572_b0 + 2*C0003572_b1 + 4*C0003572_b2
  C0003573 = C0003573_b0 + 2*C0003573_b1 + 4*C0003573_b2
  C0003574 = C0003574_b0 + 2*C0003574_b1 + 4*C0003574_b2
  row_slack_R0000042 = row_slack_R0000042_b0 + 2*row_slack_R0000042_b1 + 4*row_slack_R0000042_b2
  row_slack_R0000043 = row_slack_R0000043_b0 + 2*row_slack_R0000043_b1 + 4*row_slack_R0000043_b2
  row_slack_R0000047 = row_slack_R0000047_b0 + 2*row_slack_R0000047_b1 + 4*row_slack_R0000047_b2
[expanded] A_binary=[[-3, -6, -12, -3, -6, -12, -3, -6, -12, 0, 0, 0, 0, 0, 0, 0, 0, 0, 1, 2, 4, 0, 0, 0, 0, 0, 0], [-6, -12, -24, -6, -12, -24, -6, -12, -24, -3, -6, -12, -4, -8, -16, -6, -12, -24, 0, 0, 0, 1, 2, 4, 0, 0, 0], [0, 0, 0, 0, 0, 0, 0, 0, 0, -3, -6, -12, -4, -8, -16, -6, -12, -24, 0, 0, 0, 0, 0, 0, 1, 2, 4]] b=[-3, -6, -6]
[expanded] lin_constr_mtx=[[-3, -6, -12, -3, -6, -12, -3, -6, -12, 0, 0, 0, 0, 0, 0, 0, 0, 0, 1, 2, 4, 0, 0, 0, 0, 0, 0, -3], [-6, -12, -24, -6, -12, -24, -6, -12, -24, -3, -6, -12, -4, -8, -16, -6, -12, -24, 0, 0, 0, 1, 2, 4, 0, 0, 0, -6], [0, 0, 0, 0, 0, 0, 0, 0, 0, -3, -6, -12, -4, -8, -16, -6, -12, -24, 0, 0, 0, 0, 0, 0, 1, 2, 4, -6]]
Set parameter Username
[classical] objective=12.0 solution={'C0003539': 0, 'C0003540': 0, 'C0003541': 1, 'C0003572': 1, 'C0003573': 1, 'C0003574': 0, 'row_slack_R0000042': 0, 'row_slack_R0000043': 7, 'row_slack_R0000047': 1}
[circuit] metrics=[413, 56, 197, 507]
[solve] start
[solve] states=[[0, 0, 0, 0, 0, 0, 0, 0, 0, 0, 0, 0, 0, 0, 0, 0, 0, 0, 1, 0, 0, 1, 0, 0, 0, 0, 0]]
[solve] probs=[1.0]
[choco-best] objective=0.0 probability=1.0 solution={'y(108#1#1,Mo_5)': 0, 'y(108#1#1,Mo_6)': 0, 'y(108#1#1,Th_4)': 0, 'y(108#1#1,Th_5)': 0, 'y(108#1#1,Th_6)': 0, 'y(108#1#2,Mo_4)': 0, 'row_slack_spreadEventsUB_SpreadEvents1_108_Mo': 1, 'row_slack_spreadEventsUB_SpreadEvents1_108_Th': 1, 'row_slack_subeventsNotActive_108_1_1': 0}
[parallel 81/274] path=data/miplib_benders/qaoa_problems/nvars_09/highschool1-aigio_ds_qaoa_spreadEventsUB_SpreadEvents1_108_Mo_spreadEventsUB_SpreadEvents1_108_Th_subeventsNotActive_108_1_1_0002.json status=ok wall=1245.1936725310516 peak_mb=420.58984375 choco_obj=0.0
[problem] leo1_ds_qaoa_R0000090_R0000091_R0000095_0003 path=data/miplib_benders/qaoa_problems/nvars_09/leo1_ds_qaoa_R0000090_R0000091_R0000095_0003.json
[input] n_int=9 n_bin=27 n_constr=3
[input] A=[[-1, -1, -1, 0, 0, 0, 1, 0, 0], [-1, -1, -1, -1, -1, -1, 0, 1, 0], [0, 0, 0, -1, -1, -1, 0, 0, 1]] b=[-1, -2, -2] c=[1, 2, 3, 4, 5, 6, 0, 0, 0]
[encoding]
  C0003539 = C0003539_b0 + 2*C0003539_b1 + 4*C0003539_b2
  C0003540 = C0003540_b0 + 2*C0003540_b1 + 4*C0003540_b2
  C0003541 = C0003541_b0 + 2*C0003541_b1 + 4*C0003541_b2
  C0003572 = C0003572_b0 + 2*C0003572_b1 + 4*C0003572_b2
  C0003573 = C0003573_b0 + 2*C0003573_b1 + 4*C0003573_b2
  C0003574 = C0003574_b0 + 2*C0003574_b1 + 4*C0003574_b2
  row_slack_R0000090 = row_slack_R0000090_b0 + 2*row_slack_R0000090_b1 + 4*row_slack_R0000090_b2
  row_slack_R0000091 = row_slack_R0000091_b0 + 2*row_slack_R0000091_b1 + 4*row_slack_R0000091_b2
  row_slack_R0000095 = row_slack_R0000095_b0 + 2*row_slack_R0000095_b1 + 4*row_slack_R0000095_b2
[expanded] A_binary=[[-1, -2, -4, -1, -2, -4, -1, -2, -4, 0, 0, 0, 0, 0, 0, 0, 0, 0, 1, 2, 4, 0, 0, 0, 0, 0, 0], [-1, -2, -4, -1, -2, -4, -1, -2, -4, -1, -2, -4, -1, -2, -4, -1, -2, -4, 0, 0, 0, 1, 2, 4, 0, 0, 0], [0, 0, 0, 0, 0, 0, 0, 0, 0, -1, -2, -4, -1, -2, -4, -1, -2, -4, 0, 0, 0, 0, 0, 0, 1, 2, 4]] b=[-1, -2, -2]
[expanded] lin_constr_mtx=[[-1, -2, -4, -1, -2, -4, -1, -2, -4, 0, 0, 0, 0, 0, 0, 0, 0, 0, 1, 2, 4, 0, 0, 0, 0, 0, 0, -1], [-1, -2, -4, -1, -2, -4, -1, -2, -4, -1, -2, -4, -1, -2, -4, -1, -2, -4, 0, 0, 0, 1, 2, 4, 0, 0, 0, -2], [0, 0, 0, 0, 0, 0, 0, 0, 0, -1, -2, -4, -1, -2, -4, -1, -2, -4, 0, 0, 0, 0, 0, 0, 1, 2, 4, -2]]
Set parameter Username
[classical] objective=50.0 solution={'C0003539': 0, 'C0003540': 0, 'C0003541': 1, 'C0003572': 0, 'C0003573': 1, 'C0003574': 7, 'row_slack_R0000090': 0, 'row_slack_R0000091': 7, 'row_slack_R0000095': 6}
[circuit] metrics=[508, 56, 227, 584]
[solve] start
[solve] states=[[0, 0, 0, 0, 0, 0, 0, 0, 0, 0, 0, 0, 0, 0, 0, 0, 0, 0, 1, 0, 0, 1, 0, 0, 0, 0, 0]]
[solve] probs=[1.0]
[choco-best] objective=0.0 probability=1.0 solution={'y(108#1#1,Mo_6)': 0, 'y(108#1#1,Th_4)': 0, 'y(108#1#1,Th_5)': 0, 'y(108#1#1,Th_6)': 0, 'y(108#1#2,Mo_4)': 0, 'y(108#1#2,Mo_5)': 0, 'row_slack_spreadEventsUB_SpreadEvents1_108_Mo': 1, 'row_slack_spreadEventsUB_SpreadEvents1_108_Th': 1, 'row_slack_subeventsNotActive_108_1_1': 0}
[parallel 82/274] path=data/miplib_benders/qaoa_problems/nvars_09/highschool1-aigio_ds_qaoa_spreadEventsUB_SpreadEvents1_108_Mo_spreadEventsUB_SpreadEvents1_108_Th_subeventsNotActive_108_1_1_0003.json status=ok wall=1173.8309987549437 peak_mb=428.81640625 choco_obj=0.0
[problem] leo1_ds_qaoa_R0000097_R0000335_R0000339_0003 path=data/miplib_benders/qaoa_problems/nvars_09/leo1_ds_qaoa_R0000097_R0000335_R0000339_0003.json
[input] n_int=9 n_bin=27 n_constr=3
[input] A=[[-1, -1, -1, -1, -1, -1, 1, 0, 0], [1, 1, 1, 0, 0, 0, 0, 1, 0], [0, 0, 0, 1, 1, 1, 0, 0, 1]] b=[-2, 1, 1] c=[1, 2, 3, 4, 5, 6, 0, 0, 0]
[encoding]
  C0003539 = C0003539_b0 + 2*C0003539_b1 + 4*C0003539_b2
  C0003540 = C0003540_b0 + 2*C0003540_b1 + 4*C0003540_b2
  C0003541 = C0003541_b0 + 2*C0003541_b1 + 4*C0003541_b2
  C0003572 = C0003572_b0 + 2*C0003572_b1 + 4*C0003572_b2
  C0003573 = C0003573_b0 + 2*C0003573_b1 + 4*C0003573_b2
  C0003574 = C0003574_b0 + 2*C0003574_b1 + 4*C0003574_b2
  row_slack_R0000097 = row_slack_R0000097_b0 + 2*row_slack_R0000097_b1 + 4*row_slack_R0000097_b2
  row_slack_R0000335 = row_slack_R0000335_b0 + 2*row_slack_R0000335_b1 + 4*row_slack_R0000335_b2
  row_slack_R0000339 = row_slack_R0000339_b0 + 2*row_slack_R0000339_b1 + 4*row_slack_R0000339_b2
[expanded] A_binary=[[-1, -2, -4, -1, -2, -4, -1, -2, -4, -1, -2, -4, -1, -2, -4, -1, -2, -4, 1, 2, 4, 0, 0, 0, 0, 0, 0], [1, 2, 4, 1, 2, 4, 1, 2, 4, 0, 0, 0, 0, 0, 0, 0, 0, 0, 0, 0, 0, 1, 2, 4, 0, 0, 0], [0, 0, 0, 0, 0, 0, 0, 0, 0, 1, 2, 4, 1, 2, 4, 1, 2, 4, 0, 0, 0, 0, 0, 0, 1, 2, 4]] b=[-2, 1, 1]
[expanded] lin_constr_mtx=[[-1, -2, -4, -1, -2, -4, -1, -2, -4, -1, -2, -4, -1, -2, -4, -1, -2, -4, 1, 2, 4, 0, 0, 0, 0, 0, 0, -2], [1, 2, 4, 1, 2, 4, 1, 2, 4, 0, 0, 0, 0, 0, 0, 0, 0, 0, 0, 0, 0, 1, 2, 4, 0, 0, 0, 1], [0, 0, 0, 0, 0, 0, 0, 0, 0, 1, 2, 4, 1, 2, 4, 1, 2, 4, 0, 0, 0, 0, 0, 0, 1, 2, 4, 1]]
Set parameter Username
[classical] objective=9.0 solution={'C0003539': 0, 'C0003540': 0, 'C0003541': 1, 'C0003572': 0, 'C0003573': 0, 'C0003574': 1, 'row_slack_R0000097': 0, 'row_slack_R0000335': 0, 'row_slack_R0000339': 0}
[circuit] metrics=[415, 56, 202, 488]
[solve] start
[solve] states=[[1, 0, 1, 1, 1, 0, 1, 0, 0, 1, 1, 0, 1, 1, 0, 1, 1, 0, 1, 1, 0, 1, 1, 0, 1, 1, 0], [1, 1, 0, 1, 1, 0, 1, 0, 0, 1, 0, 1, 1, 1, 0, 1, 1, 0, 1, 1, 0, 1, 1, 0, 1, 1, 0], [1, 1, 0, 1, 1, 0, 1, 0, 0, 1, 1, 0, 0, 0, 0, 1, 1, 0, 1, 1, 0, 1, 1, 0, 1, 1, 0], [1, 1, 0, 1, 1, 0, 1, 0, 0, 1, 1, 0, 1, 0, 1, 1, 1, 0, 1, 1, 0, 1, 1, 0, 1, 1, 0], [1, 1, 0, 1, 1, 0, 1, 0, 0, 1, 1, 0, 1, 1, 0, 1, 0, 1, 1, 1, 0, 1, 1, 0, 1, 1, 0], [1, 1, 0, 1, 1, 0, 1, 0, 0, 1, 1, 0, 1, 1, 0, 1, 1, 0, 0, 0, 0, 1, 1, 0, 1, 1, 0], [1, 1, 0, 1, 1, 0, 1, 0, 0, 1, 1, 0, 1, 1, 0, 1, 1, 0, 1, 0, 1, 1, 1, 0, 1, 1, 0], [1, 1, 0, 1, 1, 0, 1, 0, 0, 1, 1, 0, 1, 1, 0, 1, 1, 0, 1, 1, 0, 1, 0, 1, 1, 1, 0], [1, 1, 0, 1, 1, 0, 1, 0, 0, 1, 1, 0, 1, 1, 0, 1, 1, 0, 1, 1, 0, 1, 1, 0, 0, 0, 0], [1, 1, 0, 1, 1, 0, 1, 0, 0, 1, 1, 0, 1, 1, 0, 1, 1, 0, 1, 1, 0, 1, 1, 0, 1, 1, 0]]
[solve] probs=[0.0078125, 0.00390625, 0.00390625, 0.0078125, 0.00390625, 0.00390625, 0.0078125, 0.00390625, 0.00390625, 0.953125]
[choco-best] objective=None probability=None solution=None
[parallel 83/274] path=data/miplib_benders/qaoa_problems/nvars_09/irp_ds_qaoa_R0010_R0015_0001.json status=ok wall=1348.9570993530797 peak_mb=409.30078125 choco_obj=
[problem] leo1_ds_qaoa_R0000335_R0000339_R0000535_0003 path=data/miplib_benders/qaoa_problems/nvars_09/leo1_ds_qaoa_R0000335_R0000339_R0000535_0003.json
[input] n_int=9 n_bin=27 n_constr=3
[input] A=[[1, 1, 1, 0, 0, 0, 1, 0, 0], [0, 0, 0, 1, 1, 1, 0, 1, 0], [-1, -1, -1, -1, -1, -1, 0, 0, 1]] b=[1, 1, -1] c=[1, 2, 3, 4, 5, 6, 0, 0, 0]
[encoding]
  C0003539 = C0003539_b0 + 2*C0003539_b1 + 4*C0003539_b2
  C0003540 = C0003540_b0 + 2*C0003540_b1 + 4*C0003540_b2
  C0003541 = C0003541_b0 + 2*C0003541_b1 + 4*C0003541_b2
  C0003572 = C0003572_b0 + 2*C0003572_b1 + 4*C0003572_b2
  C0003573 = C0003573_b0 + 2*C0003573_b1 + 4*C0003573_b2
  C0003574 = C0003574_b0 + 2*C0003574_b1 + 4*C0003574_b2
  row_slack_R0000335 = row_slack_R0000335_b0 + 2*row_slack_R0000335_b1 + 4*row_slack_R0000335_b2
  row_slack_R0000339 = row_slack_R0000339_b0 + 2*row_slack_R0000339_b1 + 4*row_slack_R0000339_b2
  row_slack_R0000535 = row_slack_R0000535_b0 + 2*row_slack_R0000535_b1 + 4*row_slack_R0000535_b2
[expanded] A_binary=[[1, 2, 4, 1, 2, 4, 1, 2, 4, 0, 0, 0, 0, 0, 0, 0, 0, 0, 1, 2, 4, 0, 0, 0, 0, 0, 0], [0, 0, 0, 0, 0, 0, 0, 0, 0, 1, 2, 4, 1, 2, 4, 1, 2, 4, 0, 0, 0, 1, 2, 4, 0, 0, 0], [-1, -2, -4, -1, -2, -4, -1, -2, -4, -1, -2, -4, -1, -2, -4, -1, -2, -4, 0, 0, 0, 0, 0, 0, 1, 2, 4]] b=[1, 1, -1]
[expanded] lin_constr_mtx=[[1, 2, 4, 1, 2, 4, 1, 2, 4, 0, 0, 0, 0, 0, 0, 0, 0, 0, 1, 2, 4, 0, 0, 0, 0, 0, 0, 1], [0, 0, 0, 0, 0, 0, 0, 0, 0, 1, 2, 4, 1, 2, 4, 1, 2, 4, 0, 0, 0, 1, 2, 4, 0, 0, 0, 1], [-1, -2, -4, -1, -2, -4, -1, -2, -4, -1, -2, -4, -1, -2, -4, -1, -2, -4, 0, 0, 0, 0, 0, 0, 1, 2, 4, -1]]
Set parameter Username
[classical] objective=9.0 solution={'C0003539': 0, 'C0003540': 0, 'C0003541': 1, 'C0003572': 0, 'C0003573': 0, 'C0003574': 1, 'row_slack_R0000335': 0, 'row_slack_R0000339': 0, 'row_slack_R0000535': 1}
[circuit] metrics=[509, 56, 227, 581]
[solve] start
[solve] states=[[0, 0, 0, 0, 0, 0, 1, 0, 0, 0, 0, 0, 0, 0, 0, 1, 0, 0, 0, 0, 0, 0, 1, 1, 0, 0, 0]]
[solve] probs=[1.0]
[choco-best] objective=9.0 probability=1.0 solution={'C0003539': 0, 'C0003540': 0, 'C0003541': 1, 'C0003572': 0, 'C0003573': 0, 'C0003574': 1, 'row_slack_R0000042': 0, 'row_slack_R0000043': 6, 'row_slack_R0000047': 0}
[parallel 84/274] path=data/miplib_benders/qaoa_problems/nvars_09/leo1_ds_qaoa_R0000042_R0000043_R0000047_0003.json status=ok wall=1195.9207767500775 peak_mb=428.96484375 choco_obj=9.0
[problem] leo2_ds_qaoa_R0000090_R0000091_R0000095_0008 path=data/miplib_benders/qaoa_problems/nvars_09/leo2_ds_qaoa_R0000090_R0000091_R0000095_0008.json
[input] n_int=9 n_bin=27 n_constr=3
[input] A=[[-2, -2, -2, 0, 0, 0, 1, 0, 0], [-2, -2, -2, -1, -1, -1, 0, 1, 0], [0, 0, 0, -1, -1, -1, 0, 0, 1]] b=[-1, -2, -2] c=[1, 2, 3, 4, 5, 6, 0, 0, 0]
[encoding]
  C0005738 = C0005738_b0 + 2*C0005738_b1 + 4*C0005738_b2
  C0005739 = C0005739_b0 + 2*C0005739_b1 + 4*C0005739_b2
  C0005740 = C0005740_b0 + 2*C0005740_b1 + 4*C0005740_b2
  C0005788 = C0005788_b0 + 2*C0005788_b1 + 4*C0005788_b2
  C0005789 = C0005789_b0 + 2*C0005789_b1 + 4*C0005789_b2
  C0005790 = C0005790_b0 + 2*C0005790_b1 + 4*C0005790_b2
  row_slack_R0000090 = row_slack_R0000090_b0 + 2*row_slack_R0000090_b1 + 4*row_slack_R0000090_b2
  row_slack_R0000091 = row_slack_R0000091_b0 + 2*row_slack_R0000091_b1 + 4*row_slack_R0000091_b2
  row_slack_R0000095 = row_slack_R0000095_b0 + 2*row_slack_R0000095_b1 + 4*row_slack_R0000095_b2
[expanded] A_binary=[[-2, -4, -8, -2, -4, -8, -2, -4, -8, 0, 0, 0, 0, 0, 0, 0, 0, 0, 1, 2, 4, 0, 0, 0, 0, 0, 0], [-2, -4, -8, -2, -4, -8, -2, -4, -8, -1, -2, -4, -1, -2, -4, -1, -2, -4, 0, 0, 0, 1, 2, 4, 0, 0, 0], [0, 0, 0, 0, 0, 0, 0, 0, 0, -1, -2, -4, -1, -2, -4, -1, -2, -4, 0, 0, 0, 0, 0, 0, 1, 2, 4]] b=[-1, -2, -2]
[expanded] lin_constr_mtx=[[-2, -4, -8, -2, -4, -8, -2, -4, -8, 0, 0, 0, 0, 0, 0, 0, 0, 0, 1, 2, 4, 0, 0, 0, 0, 0, 0, -1], [-2, -4, -8, -2, -4, -8, -2, -4, -8, -1, -2, -4, -1, -2, -4, -1, -2, -4, 0, 0, 0, 1, 2, 4, 0, 0, 0, -2], [0, 0, 0, 0, 0, 0, 0, 0, 0, -1, -2, -4, -1, -2, -4, -1, -2, -4, 0, 0, 0, 0, 0, 0, 1, 2, 4, -2]]
Set parameter Username
[classical] objective=45.0 solution={'C0005738': 0, 'C0005739': 0, 'C0005740': 1, 'C0005788': 0, 'C0005789': 0, 'C0005790': 7, 'row_slack_R0000090': 1, 'row_slack_R0000091': 7, 'row_slack_R0000095': 5}
[circuit] metrics=[378, 56, 170, 481]
[solve] start
[solve] states=[[0, 0, 0, 0, 0, 0, 0, 0, 1, 0, 0, 0, 0, 0, 0, 0, 0, 1, 1, 1, 0, 0, 1, 1, 0, 1, 0]]
[solve] probs=[1.0]
[choco-best] objective=36.0 probability=1.0 solution={'C0003539': 0, 'C0003540': 0, 'C0003541': 4, 'C0003572': 0, 'C0003573': 0, 'C0003574': 4, 'row_slack_R0000090': 3, 'row_slack_R0000091': 6, 'row_slack_R0000095': 2}
[parallel 85/274] path=data/miplib_benders/qaoa_problems/nvars_09/leo1_ds_qaoa_R0000090_R0000091_R0000095_0003.json status=ok wall=1127.5121922979597 peak_mb=429.76953125 choco_obj=36.0
[problem] neos-1456979_ds_qaoa_R0008_R0009_R0046_0001 path=data/miplib_benders/qaoa_problems/nvars_09/neos-1456979_ds_qaoa_R0008_R0009_R0046_0001.json
[input] n_int=9 n_bin=27 n_constr=3
[input] A=[[0, 1, 1, 1, 1, 1, 0, 0, 0], [0, 0, 0, 0, 0, 0, 1, 1, 1], [1, 1, 0, 0, 0, 0, 1, 0, 0]] b=[1, 1, 0] c=[6, 4, 4, 4, 4, 4, 9, 9, 9]
[encoding]
  C0186 = C0186_b0 + 2*C0186_b1 + 4*C0186_b2
  C0191 = C0191_b0 + 2*C0191_b1 + 4*C0191_b2
  C0192 = C0192_b0 + 2*C0192_b1 + 4*C0192_b2
  C0193 = C0193_b0 + 2*C0193_b1 + 4*C0193_b2
  C0194 = C0194_b0 + 2*C0194_b1 + 4*C0194_b2
  C0195 = C0195_b0 + 2*C0195_b1 + 4*C0195_b2
  C0196 = C0196_b0 + 2*C0196_b1 + 4*C0196_b2
  C0197 = C0197_b0 + 2*C0197_b1 + 4*C0197_b2
  C0198 = C0198_b0 + 2*C0198_b1 + 4*C0198_b2
[expanded] A_binary=[[0, 0, 0, 1, 2, 4, 1, 2, 4, 1, 2, 4, 1, 2, 4, 1, 2, 4, 0, 0, 0, 0, 0, 0, 0, 0, 0], [0, 0, 0, 0, 0, 0, 0, 0, 0, 0, 0, 0, 0, 0, 0, 0, 0, 0, 1, 2, 4, 1, 2, 4, 1, 2, 4], [1, 2, 4, 1, 2, 4, 0, 0, 0, 0, 0, 0, 0, 0, 0, 0, 0, 0, 1, 2, 4, 0, 0, 0, 0, 0, 0]] b=[1, 1, 0]
[expanded] lin_constr_mtx=[[0, 0, 0, 1, 2, 4, 1, 2, 4, 1, 2, 4, 1, 2, 4, 1, 2, 4, 0, 0, 0, 0, 0, 0, 0, 0, 0, 1], [0, 0, 0, 0, 0, 0, 0, 0, 0, 0, 0, 0, 0, 0, 0, 0, 0, 0, 1, 2, 4, 1, 2, 4, 1, 2, 4, 1], [1, 2, 4, 1, 2, 4, 0, 0, 0, 0, 0, 0, 0, 0, 0, 0, 0, 0, 1, 2, 4, 0, 0, 0, 0, 0, 0, 0]]
Set parameter Username
[classical] objective=13.0 solution={'C0186': 0, 'C0191': 0, 'C0192': 0, 'C0193': 0, 'C0194': 0, 'C0195': 1, 'C0196': 0, 'C0197': 0, 'C0198': 1}
[circuit] metrics=[935, 56, 466, 896]
[solve] start
[solve] states=[[0, 0, 0, 0, 0, 0, 1, 0, 0, 0, 0, 0, 0, 0, 0, 1, 0, 0, 0, 0, 0, 0, 0, 0, 0, 0, 0]]
[solve] probs=[1.0]
[choco-best] objective=9.0 probability=1.0 solution={'C0003539': 0, 'C0003540': 0, 'C0003541': 1, 'C0003572': 0, 'C0003573': 0, 'C0003574': 1, 'row_slack_R0000097': 0, 'row_slack_R0000335': 0, 'row_slack_R0000339': 0}
[parallel 86/274] path=data/miplib_benders/qaoa_problems/nvars_09/leo1_ds_qaoa_R0000097_R0000335_R0000339_0003.json status=ok wall=1130.929854619084 peak_mb=413.828125 choco_obj=9.0
[problem] neos-5188808-nattai_ds_qaoa_R15181_R15052_0007 path=data/miplib_benders/qaoa_problems/nvars_09/neos-5188808-nattai_ds_qaoa_R15181_R15052_0007.json
[input] n_int=9 n_bin=27 n_constr=2
[input] A=[[0, 0, 1, 1, 1, 1, 1, 1, 0], [9, 9, -27, 27, 60, 82, 94, 100, 1]] b=[1, 221] c=[1, 2, 3, 4, 5, 6, 7, 8, 0]
[encoding]
  C14305 = C14305_b0 + 2*C14305_b1 + 4*C14305_b2
  C14306 = C14306_b0 + 2*C14306_b1 + 4*C14306_b2
  C14308 = C14308_b0 + 2*C14308_b1 + 4*C14308_b2
  C14309 = C14309_b0 + 2*C14309_b1 + 4*C14309_b2
  C14310 = C14310_b0 + 2*C14310_b1 + 4*C14310_b2
  C14311 = C14311_b0 + 2*C14311_b1 + 4*C14311_b2
  C14312 = C14312_b0 + 2*C14312_b1 + 4*C14312_b2
  C14313 = C14313_b0 + 2*C14313_b1 + 4*C14313_b2
  row_slack_R15052 = row_slack_R15052_b0 + 2*row_slack_R15052_b1 + 4*row_slack_R15052_b2
[expanded] A_binary=[[0, 0, 0, 0, 0, 0, 1, 2, 4, 1, 2, 4, 1, 2, 4, 1, 2, 4, 1, 2, 4, 1, 2, 4, 0, 0, 0], [9, 18, 36, 9, 18, 36, -27, -54, -108, 27, 54, 108, 60, 120, 240, 82, 164, 328, 94, 188, 376, 100, 200, 400, 1, 2, 4]] b=[1, 221]
[expanded] lin_constr_mtx=[[0, 0, 0, 0, 0, 0, 1, 2, 4, 1, 2, 4, 1, 2, 4, 1, 2, 4, 1, 2, 4, 1, 2, 4, 0, 0, 0, 1], [9, 18, 36, 9, 18, 36, -27, -54, -108, 27, 54, 108, 60, 120, 240, 82, 164, 328, 94, 188, 376, 100, 200, 400, 1, 2, 4, 221]]
Set parameter Username
[classical] objective=28.0 solution={'C14305': 7, 'C14306': 7, 'C14308': 0, 'C14309': 0, 'C14310': 0, 'C14311': 0, 'C14312': 1, 'C14313': 0, 'row_slack_R15052': 1}
[solve] states=[[0, 0, 0, 0, 0, 0, 0, 1, 0, 0, 0, 0, 0, 0, 0, 0, 0, 1, 1, 1, 0, 0, 1, 1, 0, 1, 0]]
[solve] probs=[1.0]
[choco-best] objective=30.0 probability=1.0 solution={'C0005738': 0, 'C0005739': 0, 'C0005740': 2, 'C0005788': 0, 'C0005789': 0, 'C0005790': 4, 'row_slack_R0000090': 3, 'row_slack_R0000091': 6, 'row_slack_R0000095': 2}
[parallel 87/274] path=data/miplib_benders/qaoa_problems/nvars_09/leo2_ds_qaoa_R0000090_R0000091_R0000095_0008.json status=ok wall=1134.5436113619944 peak_mb=422.7578125 choco_obj=30.0
[problem] neos8_ds_qaoa_R0001_R0002_0001 path=data/miplib_benders/qaoa_problems/nvars_09/neos8_ds_qaoa_R0001_R0002_0001.json
[input] n_int=9 n_bin=27 n_constr=2
[input] A=[[1, 1, 1, 1, 1, 0, 0, 1, 0], [1, 1, 1, 1, 0, 1, 1, 0, 1]] b=[1, 1] c=[-2000, -1900, -2300, -2200, -2450, -2600, -2700, 0, 0]
[encoding]
  C0001 = C0001_b0 + 2*C0001_b1 + 4*C0001_b2
  C0002 = C0002_b0 + 2*C0002_b1 + 4*C0002_b2
  C0005 = C0005_b0 + 2*C0005_b1 + 4*C0005_b2
  C0006 = C0006_b0 + 2*C0006_b1 + 4*C0006_b2
  C0009 = C0009_b0 + 2*C0009_b1 + 4*C0009_b2
  C0013 = C0013_b0 + 2*C0013_b1 + 4*C0013_b2
  C0014 = C0014_b0 + 2*C0014_b1 + 4*C0014_b2
  row_slack_R0001 = row_slack_R0001_b0 + 2*row_slack_R0001_b1 + 4*row_slack_R0001_b2
  row_slack_R0002 = row_slack_R0002_b0 + 2*row_slack_R0002_b1 + 4*row_slack_R0002_b2
[expanded] A_binary=[[1, 2, 4, 1, 2, 4, 1, 2, 4, 1, 2, 4, 1, 2, 4, 0, 0, 0, 0, 0, 0, 1, 2, 4, 0, 0, 0], [1, 2, 4, 1, 2, 4, 1, 2, 4, 1, 2, 4, 0, 0, 0, 1, 2, 4, 1, 2, 4, 0, 0, 0, 1, 2, 4]] b=[1, 1]
[expanded] lin_constr_mtx=[[1, 2, 4, 1, 2, 4, 1, 2, 4, 1, 2, 4, 1, 2, 4, 0, 0, 0, 0, 0, 0, 1, 2, 4, 0, 0, 0, 1], [1, 2, 4, 1, 2, 4, 1, 2, 4, 1, 2, 4, 0, 0, 0, 1, 2, 4, 1, 2, 4, 0, 0, 0, 1, 2, 4, 1]]
Set parameter Username
[classical] objective=-0.0 solution={'C0001': 0, 'C0002': 0, 'C0005': 0, 'C0006': 0, 'C0009': 0, 'C0013': 0, 'C0014': 0, 'row_slack_R0001': 1, 'row_slack_R0002': 1}
[circuit] metrics=[645, 56, 313, 600]
[solve] start
[solve] states=[[0, 0, 0, 0, 0, 0, 0, 0, 0, 0, 0, 0, 0, 0, 0, 1, 0, 0, 1, 0, 0, 0, 0, 0, 0, 0, 0]]
[solve] probs=[1.0]
[choco-best] objective=6.0 probability=1.0 solution={'C0003539': 0, 'C0003540': 0, 'C0003541': 0, 'C0003572': 0, 'C0003573': 0, 'C0003574': 1, 'row_slack_R0000335': 1, 'row_slack_R0000339': 0, 'row_slack_R0000535': 0}
[parallel 88/274] path=data/miplib_benders/qaoa_problems/nvars_09/leo1_ds_qaoa_R0000335_R0000339_R0000535_0003.json status=ok wall=1198.9137102660025 peak_mb=413.01953125 choco_obj=6.0
[problem] neos8_ds_qaoa_R0001_R0002_0002 path=data/miplib_benders/qaoa_problems/nvars_09/neos8_ds_qaoa_R0001_R0002_0002.json
[input] n_int=9 n_bin=27 n_constr=2
[input] A=[[1, 1, 1, 1, 0, 0, 1, 1, 0], [1, 1, 1, 0, 1, 1, 1, 0, 1]] b=[1, 1] c=[-1900, -2300, -2200, -2450, -2600, -2700, -1500, 0, 0]
[encoding]
  C0002 = C0002_b0 + 2*C0002_b1 + 4*C0002_b2
  C0005 = C0005_b0 + 2*C0005_b1 + 4*C0005_b2
  C0006 = C0006_b0 + 2*C0006_b1 + 4*C0006_b2
  C0009 = C0009_b0 + 2*C0009_b1 + 4*C0009_b2
  C0013 = C0013_b0 + 2*C0013_b1 + 4*C0013_b2
  C0014 = C0014_b0 + 2*C0014_b1 + 4*C0014_b2
  C0017 = C0017_b0 + 2*C0017_b1 + 4*C0017_b2
  row_slack_R0001 = row_slack_R0001_b0 + 2*row_slack_R0001_b1 + 4*row_slack_R0001_b2
  row_slack_R0002 = row_slack_R0002_b0 + 2*row_slack_R0002_b1 + 4*row_slack_R0002_b2
[expanded] A_binary=[[1, 2, 4, 1, 2, 4, 1, 2, 4, 1, 2, 4, 0, 0, 0, 0, 0, 0, 1, 2, 4, 1, 2, 4, 0, 0, 0], [1, 2, 4, 1, 2, 4, 1, 2, 4, 0, 0, 0, 1, 2, 4, 1, 2, 4, 1, 2, 4, 0, 0, 0, 1, 2, 4]] b=[1, 1]
[expanded] lin_constr_mtx=[[1, 2, 4, 1, 2, 4, 1, 2, 4, 1, 2, 4, 0, 0, 0, 0, 0, 0, 1, 2, 4, 1, 2, 4, 0, 0, 0, 1], [1, 2, 4, 1, 2, 4, 1, 2, 4, 0, 0, 0, 1, 2, 4, 1, 2, 4, 1, 2, 4, 0, 0, 0, 1, 2, 4, 1]]
Set parameter Username
[classical] objective=-0.0 solution={'C0002': 0, 'C0005': 0, 'C0006': 0, 'C0009': 0, 'C0013': 0, 'C0014': 0, 'C0017': 0, 'row_slack_R0001': 1, 'row_slack_R0002': 1}
[circuit] metrics=[605, 56, 295, 600]
[solve] start
[solve] states=[[0, 0, 0, 0, 0, 0, 0, 0, 0, 0, 0, 0, 0, 0, 0, 1, 0, 0, 0, 0, 0, 0, 0, 0, 1, 0, 0]]
[solve] probs=[1.0]
[choco-best] objective=13.0 probability=1.0 solution={'C0186': 0, 'C0191': 0, 'C0192': 0, 'C0193': 0, 'C0194': 0, 'C0195': 1, 'C0196': 0, 'C0197': 0, 'C0198': 1}
[parallel 89/274] path=data/miplib_benders/qaoa_problems/nvars_09/neos-1456979_ds_qaoa_R0008_R0009_R0046_0001.json status=ok wall=707.7711888039485 peak_mb=481.41015625 choco_obj=13.0
[problem] neos8_ds_qaoa_R0001_R0002_0003 path=data/miplib_benders/qaoa_problems/nvars_09/neos8_ds_qaoa_R0001_R0002_0003.json
[input] n_int=9 n_bin=27 n_constr=2
[input] A=[[1, 1, 1, 0, 0, 1, 1, 1, 0], [1, 1, 0, 1, 1, 1, 1, 0, 1]] b=[1, 1] c=[-2300, -2200, -2450, -2600, -2700, -1500, -1400, 0, 0]
[encoding]
  C0005 = C0005_b0 + 2*C0005_b1 + 4*C0005_b2
  C0006 = C0006_b0 + 2*C0006_b1 + 4*C0006_b2
  C0009 = C0009_b0 + 2*C0009_b1 + 4*C0009_b2
  C0013 = C0013_b0 + 2*C0013_b1 + 4*C0013_b2
  C0014 = C0014_b0 + 2*C0014_b1 + 4*C0014_b2
  C0017 = C0017_b0 + 2*C0017_b1 + 4*C0017_b2
  C0018 = C0018_b0 + 2*C0018_b1 + 4*C0018_b2
  row_slack_R0001 = row_slack_R0001_b0 + 2*row_slack_R0001_b1 + 4*row_slack_R0001_b2
  row_slack_R0002 = row_slack_R0002_b0 + 2*row_slack_R0002_b1 + 4*row_slack_R0002_b2
[expanded] A_binary=[[1, 2, 4, 1, 2, 4, 1, 2, 4, 0, 0, 0, 0, 0, 0, 1, 2, 4, 1, 2, 4, 1, 2, 4, 0, 0, 0], [1, 2, 4, 1, 2, 4, 0, 0, 0, 1, 2, 4, 1, 2, 4, 1, 2, 4, 1, 2, 4, 0, 0, 0, 1, 2, 4]] b=[1, 1]
[expanded] lin_constr_mtx=[[1, 2, 4, 1, 2, 4, 1, 2, 4, 0, 0, 0, 0, 0, 0, 1, 2, 4, 1, 2, 4, 1, 2, 4, 0, 0, 0, 1], [1, 2, 4, 1, 2, 4, 0, 0, 0, 1, 2, 4, 1, 2, 4, 1, 2, 4, 1, 2, 4, 0, 0, 0, 1, 2, 4, 1]]
Set parameter Username
[classical] objective=-0.0 solution={'C0005': 0, 'C0006': 0, 'C0009': 0, 'C0013': 0, 'C0014': 0, 'C0017': 0, 'C0018': 0, 'row_slack_R0001': 1, 'row_slack_R0002': 1}
[circuit] metrics=[605, 56, 295, 600]
[solve] start
[solve] states=[[0, 0, 0, 0, 0, 0, 0, 0, 0, 0, 0, 0, 0, 0, 0, 0, 0, 0, 0, 0, 0, 1, 0, 0, 1, 0, 0]]
[solve] probs=[1.0]
[choco-best] objective=0.0 probability=1.0 solution={'C0002': 0, 'C0005': 0, 'C0006': 0, 'C0009': 0, 'C0013': 0, 'C0014': 0, 'C0017': 0, 'row_slack_R0001': 1, 'row_slack_R0002': 1}
[parallel 90/274] path=data/miplib_benders/qaoa_problems/nvars_09/neos8_ds_qaoa_R0001_R0002_0002.json status=ok wall=466.12388083408587 peak_mb=416.03515625 choco_obj=0.0
[problem] neos8_ds_qaoa_R0001_R0002_0004 path=data/miplib_benders/qaoa_problems/nvars_09/neos8_ds_qaoa_R0001_R0002_0004.json
[input] n_int=9 n_bin=27 n_constr=2
[input] A=[[1, 1, 0, 0, 1, 1, 1, 1, 0], [1, 0, 1, 1, 1, 1, 0, 0, 1]] b=[1, 1] c=[-2200, -2450, -2600, -2700, -1500, -1400, -1600, 0, 0]
[encoding]
  C0006 = C0006_b0 + 2*C0006_b1 + 4*C0006_b2
  C0009 = C0009_b0 + 2*C0009_b1 + 4*C0009_b2
  C0013 = C0013_b0 + 2*C0013_b1 + 4*C0013_b2
  C0014 = C0014_b0 + 2*C0014_b1 + 4*C0014_b2
  C0017 = C0017_b0 + 2*C0017_b1 + 4*C0017_b2
  C0018 = C0018_b0 + 2*C0018_b1 + 4*C0018_b2
  C0022 = C0022_b0 + 2*C0022_b1 + 4*C0022_b2
  row_slack_R0001 = row_slack_R0001_b0 + 2*row_slack_R0001_b1 + 4*row_slack_R0001_b2
  row_slack_R0002 = row_slack_R0002_b0 + 2*row_slack_R0002_b1 + 4*row_slack_R0002_b2
[expanded] A_binary=[[1, 2, 4, 1, 2, 4, 0, 0, 0, 0, 0, 0, 1, 2, 4, 1, 2, 4, 1, 2, 4, 1, 2, 4, 0, 0, 0], [1, 2, 4, 0, 0, 0, 1, 2, 4, 1, 2, 4, 1, 2, 4, 1, 2, 4, 0, 0, 0, 0, 0, 0, 1, 2, 4]] b=[1, 1]
[expanded] lin_constr_mtx=[[1, 2, 4, 1, 2, 4, 0, 0, 0, 0, 0, 0, 1, 2, 4, 1, 2, 4, 1, 2, 4, 1, 2, 4, 0, 0, 0, 1], [1, 2, 4, 0, 0, 0, 1, 2, 4, 1, 2, 4, 1, 2, 4, 1, 2, 4, 0, 0, 0, 0, 0, 0, 1, 2, 4, 1]]
Set parameter Username
[classical] objective=-0.0 solution={'C0006': 0, 'C0009': 0, 'C0013': 0, 'C0014': 0, 'C0017': 0, 'C0018': 0, 'C0022': 0, 'row_slack_R0001': 1, 'row_slack_R0002': 1}
[circuit] metrics=[565, 56, 277, 600]
[solve] start
[circuit] metrics=[823, 56, 407, 795]
[solve] start
[solve] states=[[0, 0, 0, 0, 0, 0, 0, 0, 0, 0, 0, 0, 0, 0, 0, 0, 0, 0, 0, 0, 0, 1, 0, 0, 1, 0, 0]]
[solve] probs=[1.0]
[choco-best] objective=0.0 probability=1.0 solution={'C0001': 0, 'C0002': 0, 'C0005': 0, 'C0006': 0, 'C0009': 0, 'C0013': 0, 'C0014': 0, 'row_slack_R0001': 1, 'row_slack_R0002': 1}
[parallel 91/274] path=data/miplib_benders/qaoa_problems/nvars_09/neos8_ds_qaoa_R0001_R0002_0001.json status=ok wall=542.7080085249618 peak_mb=413.015625 choco_obj=0.0
[problem] neos8_ds_qaoa_R0001_R0002_0006 path=data/miplib_benders/qaoa_problems/nvars_09/neos8_ds_qaoa_R0001_R0002_0006.json
[input] n_int=9 n_bin=27 n_constr=2
[input] A=[[0, 0, 1, 1, 1, 0, 0, 1, 0], [1, 1, 1, 1, 0, 1, 1, 0, 1]] b=[1, 1] c=[-2600, -2700, -1500, -1400, -1600, -1500, -1500, 0, 0]
[encoding]
  C0013 = C0013_b0 + 2*C0013_b1 + 4*C0013_b2
  C0014 = C0014_b0 + 2*C0014_b1 + 4*C0014_b2
  C0017 = C0017_b0 + 2*C0017_b1 + 4*C0017_b2
  C0018 = C0018_b0 + 2*C0018_b1 + 4*C0018_b2
  C0022 = C0022_b0 + 2*C0022_b1 + 4*C0022_b2
  C0023 = C0023_b0 + 2*C0023_b1 + 4*C0023_b2
  C0024 = C0024_b0 + 2*C0024_b1 + 4*C0024_b2
  row_slack_R0001 = row_slack_R0001_b0 + 2*row_slack_R0001_b1 + 4*row_slack_R0001_b2
  row_slack_R0002 = row_slack_R0002_b0 + 2*row_slack_R0002_b1 + 4*row_slack_R0002_b2
[expanded] A_binary=[[0, 0, 0, 0, 0, 0, 1, 2, 4, 1, 2, 4, 1, 2, 4, 0, 0, 0, 0, 0, 0, 1, 2, 4, 0, 0, 0], [1, 2, 4, 1, 2, 4, 1, 2, 4, 1, 2, 4, 0, 0, 0, 1, 2, 4, 1, 2, 4, 0, 0, 0, 1, 2, 4]] b=[1, 1]
[expanded] lin_constr_mtx=[[0, 0, 0, 0, 0, 0, 1, 2, 4, 1, 2, 4, 1, 2, 4, 0, 0, 0, 0, 0, 0, 1, 2, 4, 0, 0, 0, 1], [1, 2, 4, 1, 2, 4, 1, 2, 4, 1, 2, 4, 0, 0, 0, 1, 2, 4, 1, 2, 4, 0, 0, 0, 1, 2, 4, 1]]
Set parameter Username
[classical] objective=-0.0 solution={'C0013': 0, 'C0014': 0, 'C0017': 0, 'C0018': 0, 'C0022': 0, 'C0023': 0, 'C0024': 0, 'row_slack_R0001': 1, 'row_slack_R0002': 1}
[circuit] metrics=[495, 56, 238, 501]
[solve] start
[solve] states=[[0, 1, 1, 1, 1, 1, 0, 0, 0, 0, 0, 0, 0, 0, 0, 0, 0, 0, 0, 0, 0, 1, 0, 0, 0, 0, 1]]
[solve] probs=[1.0]
[choco-best] objective=28.0 probability=1.0 solution={'C14305': 6, 'C14306': 7, 'C14308': 0, 'C14309': 0, 'C14310': 0, 'C14311': 0, 'C14312': 0, 'C14313': 1, 'row_slack_R15052': 4}
[parallel 92/274] path=data/miplib_benders/qaoa_problems/nvars_09/neos-5188808-nattai_ds_qaoa_R15181_R15052_0007.json status=ok wall=1467.300501805963 peak_mb=434.578125 choco_obj=28.0
[problem] neos8_ds_qaoa_R0001_R0002_R0003_0001 path=data/miplib_benders/qaoa_problems/nvars_09/neos8_ds_qaoa_R0001_R0002_R0003_0001.json
[input] n_int=9 n_bin=27 n_constr=3
[input] A=[[1, 1, 1, 1, 1, 0, 1, 0, 0], [1, 1, 1, 1, 0, 1, 0, 1, 0], [1, 1, 0, 0, 1, 1, 0, 0, 1]] b=[1, 1, 1] c=[-2000, -1900, -2300, -2200, -2450, -2600, 0, 0, 0]
[encoding]
  C0001 = C0001_b0 + 2*C0001_b1 + 4*C0001_b2
  C0002 = C0002_b0 + 2*C0002_b1 + 4*C0002_b2
  C0005 = C0005_b0 + 2*C0005_b1 + 4*C0005_b2
  C0006 = C0006_b0 + 2*C0006_b1 + 4*C0006_b2
  C0009 = C0009_b0 + 2*C0009_b1 + 4*C0009_b2
  C0013 = C0013_b0 + 2*C0013_b1 + 4*C0013_b2
  row_slack_R0001 = row_slack_R0001_b0 + 2*row_slack_R0001_b1 + 4*row_slack_R0001_b2
  row_slack_R0002 = row_slack_R0002_b0 + 2*row_slack_R0002_b1 + 4*row_slack_R0002_b2
  row_slack_R0003 = row_slack_R0003_b0 + 2*row_slack_R0003_b1 + 4*row_slack_R0003_b2
[expanded] A_binary=[[1, 2, 4, 1, 2, 4, 1, 2, 4, 1, 2, 4, 1, 2, 4, 0, 0, 0, 1, 2, 4, 0, 0, 0, 0, 0, 0], [1, 2, 4, 1, 2, 4, 1, 2, 4, 1, 2, 4, 0, 0, 0, 1, 2, 4, 0, 0, 0, 1, 2, 4, 0, 0, 0], [1, 2, 4, 1, 2, 4, 0, 0, 0, 0, 0, 0, 1, 2, 4, 1, 2, 4, 0, 0, 0, 0, 0, 0, 1, 2, 4]] b=[1, 1, 1]
[expanded] lin_constr_mtx=[[1, 2, 4, 1, 2, 4, 1, 2, 4, 1, 2, 4, 1, 2, 4, 0, 0, 0, 1, 2, 4, 0, 0, 0, 0, 0, 0, 1], [1, 2, 4, 1, 2, 4, 1, 2, 4, 1, 2, 4, 0, 0, 0, 1, 2, 4, 0, 0, 0, 1, 2, 4, 0, 0, 0, 1], [1, 2, 4, 1, 2, 4, 0, 0, 0, 0, 0, 0, 1, 2, 4, 1, 2, 4, 0, 0, 0, 0, 0, 0, 1, 2, 4, 1]]
Set parameter Username
[classical] objective=-0.0 solution={'C0001': 0, 'C0002': 0, 'C0005': 0, 'C0006': 0, 'C0009': 0, 'C0013': 0, 'row_slack_R0001': 1, 'row_slack_R0002': 1, 'row_slack_R0003': 1}
[circuit] metrics=[862, 56, 382, 871]
[solve] start
[solve] states=[[0, 0, 0, 0, 0, 0, 0, 0, 0, 0, 0, 0, 0, 0, 0, 0, 0, 0, 0, 0, 0, 1, 0, 0, 1, 0, 0]]
[solve] probs=[1.0]
[choco-best] objective=0.0 probability=1.0 solution={'C0005': 0, 'C0006': 0, 'C0009': 0, 'C0013': 0, 'C0014': 0, 'C0017': 0, 'C0018': 0, 'row_slack_R0001': 1, 'row_slack_R0002': 1}
[parallel 93/274] path=data/miplib_benders/qaoa_problems/nvars_09/neos8_ds_qaoa_R0001_R0002_0003.json status=ok wall=979.7016390649369 peak_mb=429.046875 choco_obj=0.0
[problem] neos8_ds_qaoa_R0001_R0002_R0003_0002 path=data/miplib_benders/qaoa_problems/nvars_09/neos8_ds_qaoa_R0001_R0002_R0003_0002.json
[input] n_int=9 n_bin=27 n_constr=3
[input] A=[[1, 1, 1, 1, 0, 0, 1, 0, 0], [1, 1, 1, 0, 1, 1, 0, 1, 0], [1, 0, 0, 1, 1, 1, 0, 0, 1]] b=[1, 1, 1] c=[-1900, -2300, -2200, -2450, -2600, -2700, 0, 0, 0]
[encoding]
  C0002 = C0002_b0 + 2*C0002_b1 + 4*C0002_b2
  C0005 = C0005_b0 + 2*C0005_b1 + 4*C0005_b2
  C0006 = C0006_b0 + 2*C0006_b1 + 4*C0006_b2
  C0009 = C0009_b0 + 2*C0009_b1 + 4*C0009_b2
  C0013 = C0013_b0 + 2*C0013_b1 + 4*C0013_b2
  C0014 = C0014_b0 + 2*C0014_b1 + 4*C0014_b2
  row_slack_R0001 = row_slack_R0001_b0 + 2*row_slack_R0001_b1 + 4*row_slack_R0001_b2
  row_slack_R0002 = row_slack_R0002_b0 + 2*row_slack_R0002_b1 + 4*row_slack_R0002_b2
  row_slack_R0003 = row_slack_R0003_b0 + 2*row_slack_R0003_b1 + 4*row_slack_R0003_b2
[expanded] A_binary=[[1, 2, 4, 1, 2, 4, 1, 2, 4, 1, 2, 4, 0, 0, 0, 0, 0, 0, 1, 2, 4, 0, 0, 0, 0, 0, 0], [1, 2, 4, 1, 2, 4, 1, 2, 4, 0, 0, 0, 1, 2, 4, 1, 2, 4, 0, 0, 0, 1, 2, 4, 0, 0, 0], [1, 2, 4, 0, 0, 0, 0, 0, 0, 1, 2, 4, 1, 2, 4, 1, 2, 4, 0, 0, 0, 0, 0, 0, 1, 2, 4]] b=[1, 1, 1]
[expanded] lin_constr_mtx=[[1, 2, 4, 1, 2, 4, 1, 2, 4, 1, 2, 4, 0, 0, 0, 0, 0, 0, 1, 2, 4, 0, 0, 0, 0, 0, 0, 1], [1, 2, 4, 1, 2, 4, 1, 2, 4, 0, 0, 0, 1, 2, 4, 1, 2, 4, 0, 0, 0, 1, 2, 4, 0, 0, 0, 1], [1, 2, 4, 0, 0, 0, 0, 0, 0, 1, 2, 4, 1, 2, 4, 1, 2, 4, 0, 0, 0, 0, 0, 0, 1, 2, 4, 1]]
Set parameter Username
[classical] objective=-0.0 solution={'C0002': 0, 'C0005': 0, 'C0006': 0, 'C0009': 0, 'C0013': 0, 'C0014': 0, 'row_slack_R0001': 1, 'row_slack_R0002': 1, 'row_slack_R0003': 1}
[circuit] metrics=[1102, 56, 478, 1057]
[solve] start
[solve] states=[[0, 0, 0, 0, 0, 0, 0, 0, 0, 0, 0, 0, 0, 0, 0, 0, 0, 0, 0, 0, 0, 1, 0, 0, 1, 0, 0], [0, 0, 0, 1, 0, 0, 0, 0, 0, 0, 0, 0, 0, 0, 0, 0, 0, 0, 0, 0, 0, 0, 0, 0, 1, 0, 0], [0, 0, 0, 1, 1, 0, 0, 0, 0, 0, 0, 0, 0, 0, 0, 0, 0, 0, 0, 0, 0, 1, 0, 0, 1, 0, 0], [1, 0, 0, 0, 0, 0, 0, 0, 0, 0, 0, 0, 0, 0, 0, 0, 0, 1, 0, 0, 0, 1, 0, 0, 1, 0, 0], [1, 0, 0, 1, 0, 0, 0, 0, 0, 0, 0, 0, 0, 0, 0, 0, 0, 0, 0, 0, 0, 1, 0, 0, 1, 1, 0], [1, 0, 0, 1, 0, 0, 0, 0, 0, 0, 0, 1, 0, 0, 0, 0, 0, 0, 0, 0, 0, 1, 0, 0, 1, 0, 0]]
[solve] probs=[0.9765625, 0.00390625, 0.00390625, 0.0078125, 0.00390625, 0.00390625]
[choco-best] objective=0.0 probability=0.9765625 solution={'C0006': 0, 'C0009': 0, 'C0013': 0, 'C0014': 0, 'C0017': 0, 'C0018': 0, 'C0022': 0, 'row_slack_R0001': 1, 'row_slack_R0002': 1}
[parallel 94/274] path=data/miplib_benders/qaoa_problems/nvars_09/neos8_ds_qaoa_R0001_R0002_0004.json status=ok wall=646.0585759270471 peak_mb=453.984375 choco_obj=0.0
[problem] neos8_ds_qaoa_R0001_R0002_R0003_0003 path=data/miplib_benders/qaoa_problems/nvars_09/neos8_ds_qaoa_R0001_R0002_R0003_0003.json
[input] n_int=9 n_bin=27 n_constr=3
[input] A=[[1, 1, 1, 0, 0, 1, 1, 0, 0], [1, 1, 0, 1, 1, 1, 0, 1, 0], [0, 0, 1, 1, 1, 0, 0, 0, 1]] b=[1, 1, 1] c=[-2300, -2200, -2450, -2600, -2700, -1500, 0, 0, 0]
[encoding]
  C0005 = C0005_b0 + 2*C0005_b1 + 4*C0005_b2
  C0006 = C0006_b0 + 2*C0006_b1 + 4*C0006_b2
  C0009 = C0009_b0 + 2*C0009_b1 + 4*C0009_b2
  C0013 = C0013_b0 + 2*C0013_b1 + 4*C0013_b2
  C0014 = C0014_b0 + 2*C0014_b1 + 4*C0014_b2
  C0017 = C0017_b0 + 2*C0017_b1 + 4*C0017_b2
  row_slack_R0001 = row_slack_R0001_b0 + 2*row_slack_R0001_b1 + 4*row_slack_R0001_b2
  row_slack_R0002 = row_slack_R0002_b0 + 2*row_slack_R0002_b1 + 4*row_slack_R0002_b2
  row_slack_R0003 = row_slack_R0003_b0 + 2*row_slack_R0003_b1 + 4*row_slack_R0003_b2
[expanded] A_binary=[[1, 2, 4, 1, 2, 4, 1, 2, 4, 0, 0, 0, 0, 0, 0, 1, 2, 4, 1, 2, 4, 0, 0, 0, 0, 0, 0], [1, 2, 4, 1, 2, 4, 0, 0, 0, 1, 2, 4, 1, 2, 4, 1, 2, 4, 0, 0, 0, 1, 2, 4, 0, 0, 0], [0, 0, 0, 0, 0, 0, 1, 2, 4, 1, 2, 4, 1, 2, 4, 0, 0, 0, 0, 0, 0, 0, 0, 0, 1, 2, 4]] b=[1, 1, 1]
[expanded] lin_constr_mtx=[[1, 2, 4, 1, 2, 4, 1, 2, 4, 0, 0, 0, 0, 0, 0, 1, 2, 4, 1, 2, 4, 0, 0, 0, 0, 0, 0, 1], [1, 2, 4, 1, 2, 4, 0, 0, 0, 1, 2, 4, 1, 2, 4, 1, 2, 4, 0, 0, 0, 1, 2, 4, 0, 0, 0, 1], [0, 0, 0, 0, 0, 0, 1, 2, 4, 1, 2, 4, 1, 2, 4, 0, 0, 0, 0, 0, 0, 0, 0, 0, 1, 2, 4, 1]]
Set parameter Username
[classical] objective=-0.0 solution={'C0005': 0, 'C0006': 0, 'C0009': 0, 'C0013': 0, 'C0014': 0, 'C0017': 0, 'row_slack_R0001': 1, 'row_slack_R0002': 1, 'row_slack_R0003': 1}
[circuit] metrics=[649, 56, 275, 700]
[solve] start
[solve] states=[[0, 0, 0, 0, 0, 0, 0, 0, 0, 0, 0, 0, 0, 0, 0, 0, 0, 0, 0, 0, 0, 1, 0, 0, 1, 0, 0]]
[solve] probs=[1.0]
[choco-best] objective=0.0 probability=1.0 solution={'C0013': 0, 'C0014': 0, 'C0017': 0, 'C0018': 0, 'C0022': 0, 'C0023': 0, 'C0024': 0, 'row_slack_R0001': 1, 'row_slack_R0002': 1}
[parallel 95/274] path=data/miplib_benders/qaoa_problems/nvars_09/neos8_ds_qaoa_R0001_R0002_0006.json status=ok wall=636.760793940979 peak_mb=420.94921875 choco_obj=0.0
[problem] neos8_ds_qaoa_R0001_R0002_R0003_0004 path=data/miplib_benders/qaoa_problems/nvars_09/neos8_ds_qaoa_R0001_R0002_R0003_0004.json
[input] n_int=9 n_bin=27 n_constr=3
[input] A=[[1, 1, 0, 0, 1, 1, 1, 0, 0], [1, 0, 1, 1, 1, 1, 0, 1, 0], [0, 1, 1, 1, 0, 0, 0, 0, 1]] b=[1, 1, 1] c=[-2200, -2450, -2600, -2700, -1500, -1400, 0, 0, 0]
[encoding]
  C0006 = C0006_b0 + 2*C0006_b1 + 4*C0006_b2
  C0009 = C0009_b0 + 2*C0009_b1 + 4*C0009_b2
  C0013 = C0013_b0 + 2*C0013_b1 + 4*C0013_b2
  C0014 = C0014_b0 + 2*C0014_b1 + 4*C0014_b2
  C0017 = C0017_b0 + 2*C0017_b1 + 4*C0017_b2
  C0018 = C0018_b0 + 2*C0018_b1 + 4*C0018_b2
  row_slack_R0001 = row_slack_R0001_b0 + 2*row_slack_R0001_b1 + 4*row_slack_R0001_b2
  row_slack_R0002 = row_slack_R0002_b0 + 2*row_slack_R0002_b1 + 4*row_slack_R0002_b2
  row_slack_R0003 = row_slack_R0003_b0 + 2*row_slack_R0003_b1 + 4*row_slack_R0003_b2
[expanded] A_binary=[[1, 2, 4, 1, 2, 4, 0, 0, 0, 0, 0, 0, 1, 2, 4, 1, 2, 4, 1, 2, 4, 0, 0, 0, 0, 0, 0], [1, 2, 4, 0, 0, 0, 1, 2, 4, 1, 2, 4, 1, 2, 4, 1, 2, 4, 0, 0, 0, 1, 2, 4, 0, 0, 0], [0, 0, 0, 1, 2, 4, 1, 2, 4, 1, 2, 4, 0, 0, 0, 0, 0, 0, 0, 0, 0, 0, 0, 0, 1, 2, 4]] b=[1, 1, 1]
[expanded] lin_constr_mtx=[[1, 2, 4, 1, 2, 4, 0, 0, 0, 0, 0, 0, 1, 2, 4, 1, 2, 4, 1, 2, 4, 0, 0, 0, 0, 0, 0, 1], [1, 2, 4, 0, 0, 0, 1, 2, 4, 1, 2, 4, 1, 2, 4, 1, 2, 4, 0, 0, 0, 1, 2, 4, 0, 0, 0, 1], [0, 0, 0, 1, 2, 4, 1, 2, 4, 1, 2, 4, 0, 0, 0, 0, 0, 0, 0, 0, 0, 0, 0, 0, 1, 2, 4, 1]]
Set parameter Username
[classical] objective=-0.0 solution={'C0006': 0, 'C0009': 0, 'C0013': 0, 'C0014': 0, 'C0017': 0, 'C0018': 0, 'row_slack_R0001': 1, 'row_slack_R0002': 1, 'row_slack_R0003': 1}
[circuit] metrics=[649, 56, 275, 700]
[solve] start
[solve] states=[[0, 0, 0, 0, 0, 0, 0, 0, 0, 0, 0, 0, 0, 0, 0, 0, 0, 0, 1, 0, 0, 1, 0, 0, 1, 0, 0]]
[solve] probs=[1.0]
[choco-best] objective=0.0 probability=1.0 solution={'C0002': 0, 'C0005': 0, 'C0006': 0, 'C0009': 0, 'C0013': 0, 'C0014': 0, 'row_slack_R0001': 1, 'row_slack_R0002': 1, 'row_slack_R0003': 1}
[parallel 96/274] path=data/miplib_benders/qaoa_problems/nvars_09/neos8_ds_qaoa_R0001_R0002_R0003_0002.json status=ok wall=796.5814879860263 peak_mb=430.0390625 choco_obj=0.0
[problem] neos8_ds_qaoa_R0001_R0002_R0003_0005 path=data/miplib_benders/qaoa_problems/nvars_09/neos8_ds_qaoa_R0001_R0002_R0003_0005.json
[input] n_int=9 n_bin=27 n_constr=3
[input] A=[[1, 0, 0, 1, 1, 1, 1, 0, 0], [0, 1, 1, 1, 1, 0, 0, 1, 0], [1, 1, 1, 0, 0, 1, 0, 0, 1]] b=[1, 1, 1] c=[-2450, -2600, -2700, -1500, -1400, -1600, 0, 0, 0]
[encoding]
  C0009 = C0009_b0 + 2*C0009_b1 + 4*C0009_b2
  C0013 = C0013_b0 + 2*C0013_b1 + 4*C0013_b2
  C0014 = C0014_b0 + 2*C0014_b1 + 4*C0014_b2
  C0017 = C0017_b0 + 2*C0017_b1 + 4*C0017_b2
  C0018 = C0018_b0 + 2*C0018_b1 + 4*C0018_b2
  C0022 = C0022_b0 + 2*C0022_b1 + 4*C0022_b2
  row_slack_R0001 = row_slack_R0001_b0 + 2*row_slack_R0001_b1 + 4*row_slack_R0001_b2
  row_slack_R0002 = row_slack_R0002_b0 + 2*row_slack_R0002_b1 + 4*row_slack_R0002_b2
  row_slack_R0003 = row_slack_R0003_b0 + 2*row_slack_R0003_b1 + 4*row_slack_R0003_b2
[expanded] A_binary=[[1, 2, 4, 0, 0, 0, 0, 0, 0, 1, 2, 4, 1, 2, 4, 1, 2, 4, 1, 2, 4, 0, 0, 0, 0, 0, 0], [0, 0, 0, 1, 2, 4, 1, 2, 4, 1, 2, 4, 1, 2, 4, 0, 0, 0, 0, 0, 0, 1, 2, 4, 0, 0, 0], [1, 2, 4, 1, 2, 4, 1, 2, 4, 0, 0, 0, 0, 0, 0, 1, 2, 4, 0, 0, 0, 0, 0, 0, 1, 2, 4]] b=[1, 1, 1]
[expanded] lin_constr_mtx=[[1, 2, 4, 0, 0, 0, 0, 0, 0, 1, 2, 4, 1, 2, 4, 1, 2, 4, 1, 2, 4, 0, 0, 0, 0, 0, 0, 1], [0, 0, 0, 1, 2, 4, 1, 2, 4, 1, 2, 4, 1, 2, 4, 0, 0, 0, 0, 0, 0, 1, 2, 4, 0, 0, 0, 1], [1, 2, 4, 1, 2, 4, 1, 2, 4, 0, 0, 0, 0, 0, 0, 1, 2, 4, 0, 0, 0, 0, 0, 0, 1, 2, 4, 1]]
Set parameter Username
[classical] objective=-0.0 solution={'C0009': 0, 'C0013': 0, 'C0014': 0, 'C0017': 0, 'C0018': 0, 'C0022': 0, 'row_slack_R0001': 1, 'row_slack_R0002': 1, 'row_slack_R0003': 1}
[circuit] metrics=[588, 56, 246, 669]
[solve] start
[solve] states=[[0, 0, 0, 0, 0, 0, 0, 0, 0, 0, 0, 0, 0, 0, 0, 0, 0, 0, 1, 0, 0, 1, 0, 0, 1, 0, 0]]
[solve] probs=[1.0]
[choco-best] objective=0.0 probability=1.0 solution={'C0001': 0, 'C0002': 0, 'C0005': 0, 'C0006': 0, 'C0009': 0, 'C0013': 0, 'row_slack_R0001': 1, 'row_slack_R0002': 1, 'row_slack_R0003': 1}
[parallel 97/274] path=data/miplib_benders/qaoa_problems/nvars_09/neos8_ds_qaoa_R0001_R0002_R0003_0001.json status=ok wall=1103.661770856008 peak_mb=428.84765625 choco_obj=0.0
[problem] neos8_ds_qaoa_R0001_R0002_R0003_0006 path=data/miplib_benders/qaoa_problems/nvars_09/neos8_ds_qaoa_R0001_R0002_R0003_0006.json
[input] n_int=9 n_bin=27 n_constr=3
[input] A=[[0, 0, 1, 1, 1, 0, 1, 0, 0], [1, 1, 1, 1, 0, 1, 0, 1, 0], [1, 1, 0, 0, 1, 0, 0, 0, 1]] b=[1, 1, 1] c=[-2600, -2700, -1500, -1400, -1600, -1500, 0, 0, 0]
[encoding]
  C0013 = C0013_b0 + 2*C0013_b1 + 4*C0013_b2
  C0014 = C0014_b0 + 2*C0014_b1 + 4*C0014_b2
  C0017 = C0017_b0 + 2*C0017_b1 + 4*C0017_b2
  C0018 = C0018_b0 + 2*C0018_b1 + 4*C0018_b2
  C0022 = C0022_b0 + 2*C0022_b1 + 4*C0022_b2
  C0023 = C0023_b0 + 2*C0023_b1 + 4*C0023_b2
  row_slack_R0001 = row_slack_R0001_b0 + 2*row_slack_R0001_b1 + 4*row_slack_R0001_b2
  row_slack_R0002 = row_slack_R0002_b0 + 2*row_slack_R0002_b1 + 4*row_slack_R0002_b2
  row_slack_R0003 = row_slack_R0003_b0 + 2*row_slack_R0003_b1 + 4*row_slack_R0003_b2
[expanded] A_binary=[[0, 0, 0, 0, 0, 0, 1, 2, 4, 1, 2, 4, 1, 2, 4, 0, 0, 0, 1, 2, 4, 0, 0, 0, 0, 0, 0], [1, 2, 4, 1, 2, 4, 1, 2, 4, 1, 2, 4, 0, 0, 0, 1, 2, 4, 0, 0, 0, 1, 2, 4, 0, 0, 0], [1, 2, 4, 1, 2, 4, 0, 0, 0, 0, 0, 0, 1, 2, 4, 0, 0, 0, 0, 0, 0, 0, 0, 0, 1, 2, 4]] b=[1, 1, 1]
[expanded] lin_constr_mtx=[[0, 0, 0, 0, 0, 0, 1, 2, 4, 1, 2, 4, 1, 2, 4, 0, 0, 0, 1, 2, 4, 0, 0, 0, 0, 0, 0, 1], [1, 2, 4, 1, 2, 4, 1, 2, 4, 1, 2, 4, 0, 0, 0, 1, 2, 4, 0, 0, 0, 1, 2, 4, 0, 0, 0, 1], [1, 2, 4, 1, 2, 4, 0, 0, 0, 0, 0, 0, 1, 2, 4, 0, 0, 0, 0, 0, 0, 0, 0, 0, 1, 2, 4, 1]]
Set parameter Username
[classical] objective=-0.0 solution={'C0013': 0, 'C0014': 0, 'C0017': 0, 'C0018': 0, 'C0022': 0, 'C0023': 0, 'row_slack_R0001': 1, 'row_slack_R0002': 1, 'row_slack_R0003': 1}
[circuit] metrics=[802, 56, 339, 832]
[solve] start
[solve] states=[[0, 0, 0, 0, 0, 0, 0, 0, 0, 0, 0, 0, 0, 0, 0, 0, 0, 0, 1, 0, 0, 1, 0, 0, 1, 0, 0]]
[solve] probs=[1.0]
[choco-best] objective=0.0 probability=1.0 solution={'C0006': 0, 'C0009': 0, 'C0013': 0, 'C0014': 0, 'C0017': 0, 'C0018': 0, 'row_slack_R0001': 1, 'row_slack_R0002': 1, 'row_slack_R0003': 1}
[parallel 98/274] path=data/miplib_benders/qaoa_problems/nvars_09/neos8_ds_qaoa_R0001_R0002_R0003_0004.json status=ok wall=1499.9423863199772 peak_mb=429.9140625 choco_obj=0.0
[problem] neos8_ds_qaoa_R0002_R0003_0001 path=data/miplib_benders/qaoa_problems/nvars_09/neos8_ds_qaoa_R0002_R0003_0001.json
[input] n_int=9 n_bin=27 n_constr=2
[input] A=[[1, 1, 1, 1, 0, 1, 1, 1, 0], [1, 1, 0, 0, 1, 1, 1, 0, 1]] b=[1, 1] c=[-2000, -1900, -2300, -2200, -2450, -2600, -2700, 0, 0]
[encoding]
  C0001 = C0001_b0 + 2*C0001_b1 + 4*C0001_b2
  C0002 = C0002_b0 + 2*C0002_b1 + 4*C0002_b2
  C0005 = C0005_b0 + 2*C0005_b1 + 4*C0005_b2
  C0006 = C0006_b0 + 2*C0006_b1 + 4*C0006_b2
  C0009 = C0009_b0 + 2*C0009_b1 + 4*C0009_b2
  C0013 = C0013_b0 + 2*C0013_b1 + 4*C0013_b2
  C0014 = C0014_b0 + 2*C0014_b1 + 4*C0014_b2
  row_slack_R0002 = row_slack_R0002_b0 + 2*row_slack_R0002_b1 + 4*row_slack_R0002_b2
  row_slack_R0003 = row_slack_R0003_b0 + 2*row_slack_R0003_b1 + 4*row_slack_R0003_b2
[expanded] A_binary=[[1, 2, 4, 1, 2, 4, 1, 2, 4, 1, 2, 4, 0, 0, 0, 1, 2, 4, 1, 2, 4, 1, 2, 4, 0, 0, 0], [1, 2, 4, 1, 2, 4, 0, 0, 0, 0, 0, 0, 1, 2, 4, 1, 2, 4, 1, 2, 4, 0, 0, 0, 1, 2, 4]] b=[1, 1]
[expanded] lin_constr_mtx=[[1, 2, 4, 1, 2, 4, 1, 2, 4, 1, 2, 4, 0, 0, 0, 1, 2, 4, 1, 2, 4, 1, 2, 4, 0, 0, 0, 1], [1, 2, 4, 1, 2, 4, 0, 0, 0, 0, 0, 0, 1, 2, 4, 1, 2, 4, 1, 2, 4, 0, 0, 0, 1, 2, 4, 1]]
Set parameter Username
[classical] objective=-0.0 solution={'C0001': 0, 'C0002': 0, 'C0005': 0, 'C0006': 0, 'C0009': 0, 'C0013': 0, 'C0014': 0, 'row_slack_R0002': 1, 'row_slack_R0003': 1}
[circuit] metrics=[455, 56, 220, 501]
[solve] start
[solve] states=[[0, 0, 0, 0, 0, 0, 0, 0, 0, 0, 0, 0, 0, 0, 0, 0, 0, 0, 1, 0, 0, 1, 0, 0, 1, 0, 0]]
[solve] probs=[1.0]
[choco-best] objective=0.0 probability=1.0 solution={'C0005': 0, 'C0006': 0, 'C0009': 0, 'C0013': 0, 'C0014': 0, 'C0017': 0, 'row_slack_R0001': 1, 'row_slack_R0002': 1, 'row_slack_R0003': 1}
[parallel 99/274] path=data/miplib_benders/qaoa_problems/nvars_09/neos8_ds_qaoa_R0001_R0002_R0003_0003.json status=ok wall=1739.2725473259343 peak_mb=429.71484375 choco_obj=0.0
[problem] neos8_ds_qaoa_R0002_R0003_0002 path=data/miplib_benders/qaoa_problems/nvars_09/neos8_ds_qaoa_R0002_R0003_0002.json
[input] n_int=9 n_bin=27 n_constr=2
[input] A=[[1, 1, 1, 0, 1, 1, 1, 1, 0], [1, 0, 0, 1, 1, 1, 0, 0, 1]] b=[1, 1] c=[-1900, -2300, -2200, -2450, -2600, -2700, -1500, 0, 0]
[encoding]
  C0002 = C0002_b0 + 2*C0002_b1 + 4*C0002_b2
  C0005 = C0005_b0 + 2*C0005_b1 + 4*C0005_b2
  C0006 = C0006_b0 + 2*C0006_b1 + 4*C0006_b2
  C0009 = C0009_b0 + 2*C0009_b1 + 4*C0009_b2
  C0013 = C0013_b0 + 2*C0013_b1 + 4*C0013_b2
  C0014 = C0014_b0 + 2*C0014_b1 + 4*C0014_b2
  C0017 = C0017_b0 + 2*C0017_b1 + 4*C0017_b2
  row_slack_R0002 = row_slack_R0002_b0 + 2*row_slack_R0002_b1 + 4*row_slack_R0002_b2
  row_slack_R0003 = row_slack_R0003_b0 + 2*row_slack_R0003_b1 + 4*row_slack_R0003_b2
[expanded] A_binary=[[1, 2, 4, 1, 2, 4, 1, 2, 4, 0, 0, 0, 1, 2, 4, 1, 2, 4, 1, 2, 4, 1, 2, 4, 0, 0, 0], [1, 2, 4, 0, 0, 0, 0, 0, 0, 1, 2, 4, 1, 2, 4, 1, 2, 4, 0, 0, 0, 0, 0, 0, 1, 2, 4]] b=[1, 1]
[expanded] lin_constr_mtx=[[1, 2, 4, 1, 2, 4, 1, 2, 4, 0, 0, 0, 1, 2, 4, 1, 2, 4, 1, 2, 4, 1, 2, 4, 0, 0, 0, 1], [1, 2, 4, 0, 0, 0, 0, 0, 0, 1, 2, 4, 1, 2, 4, 1, 2, 4, 0, 0, 0, 0, 0, 0, 1, 2, 4, 1]]
Set parameter Username
[classical] objective=-0.0 solution={'C0002': 0, 'C0005': 0, 'C0006': 0, 'C0009': 0, 'C0013': 0, 'C0014': 0, 'C0017': 0, 'row_slack_R0002': 1, 'row_slack_R0003': 1}
[circuit] metrics=[455, 56, 220, 501]
[solve] start
[solve] states=[[0, 0, 0, 0, 0, 0, 0, 0, 0, 0, 0, 0, 0, 0, 0, 0, 0, 0, 1, 0, 0, 1, 0, 0, 1, 0, 0]]
[solve] probs=[1.0]
[choco-best] objective=0.0 probability=1.0 solution={'C0009': 0, 'C0013': 0, 'C0014': 0, 'C0017': 0, 'C0018': 0, 'C0022': 0, 'row_slack_R0001': 1, 'row_slack_R0002': 1, 'row_slack_R0003': 1}
[parallel 100/274] path=data/miplib_benders/qaoa_problems/nvars_09/neos8_ds_qaoa_R0001_R0002_R0003_0005.json status=ok wall=1319.8438861159375 peak_mb=429.65625 choco_obj=0.0
[problem] neos8_ds_qaoa_R0002_R0003_0003 path=data/miplib_benders/qaoa_problems/nvars_09/neos8_ds_qaoa_R0002_R0003_0003.json
[input] n_int=9 n_bin=27 n_constr=2
[input] A=[[1, 1, 0, 1, 1, 1, 1, 1, 0], [0, 0, 1, 1, 1, 0, 0, 0, 1]] b=[1, 1] c=[-2300, -2200, -2450, -2600, -2700, -1500, -1400, 0, 0]
[encoding]
  C0005 = C0005_b0 + 2*C0005_b1 + 4*C0005_b2
  C0006 = C0006_b0 + 2*C0006_b1 + 4*C0006_b2
  C0009 = C0009_b0 + 2*C0009_b1 + 4*C0009_b2
  C0013 = C0013_b0 + 2*C0013_b1 + 4*C0013_b2
  C0014 = C0014_b0 + 2*C0014_b1 + 4*C0014_b2
  C0017 = C0017_b0 + 2*C0017_b1 + 4*C0017_b2
  C0018 = C0018_b0 + 2*C0018_b1 + 4*C0018_b2
  row_slack_R0002 = row_slack_R0002_b0 + 2*row_slack_R0002_b1 + 4*row_slack_R0002_b2
  row_slack_R0003 = row_slack_R0003_b0 + 2*row_slack_R0003_b1 + 4*row_slack_R0003_b2
[expanded] A_binary=[[1, 2, 4, 1, 2, 4, 0, 0, 0, 1, 2, 4, 1, 2, 4, 1, 2, 4, 1, 2, 4, 1, 2, 4, 0, 0, 0], [0, 0, 0, 0, 0, 0, 1, 2, 4, 1, 2, 4, 1, 2, 4, 0, 0, 0, 0, 0, 0, 0, 0, 0, 1, 2, 4]] b=[1, 1]
[expanded] lin_constr_mtx=[[1, 2, 4, 1, 2, 4, 0, 0, 0, 1, 2, 4, 1, 2, 4, 1, 2, 4, 1, 2, 4, 1, 2, 4, 0, 0, 0, 1], [0, 0, 0, 0, 0, 0, 1, 2, 4, 1, 2, 4, 1, 2, 4, 0, 0, 0, 0, 0, 0, 0, 0, 0, 1, 2, 4, 1]]
Set parameter Username
[classical] objective=-0.0 solution={'C0005': 0, 'C0006': 0, 'C0009': 0, 'C0013': 0, 'C0014': 0, 'C0017': 0, 'C0018': 0, 'row_slack_R0002': 1, 'row_slack_R0003': 1}
[circuit] metrics=[492, 56, 236, 497]
[solve] start
[solve] states=[[0, 0, 0, 0, 0, 0, 0, 0, 0, 0, 0, 0, 0, 0, 0, 0, 0, 0, 1, 0, 0, 1, 0, 0, 1, 0, 0], [1, 0, 0, 0, 0, 1, 0, 0, 0, 0, 0, 0, 0, 0, 0, 0, 0, 0, 1, 0, 0, 1, 0, 0, 1, 0, 0]]
[solve] probs=[0.99609375, 0.00390625]
[choco-best] objective=0.0 probability=0.99609375 solution={'C0013': 0, 'C0014': 0, 'C0017': 0, 'C0018': 0, 'C0022': 0, 'C0023': 0, 'row_slack_R0001': 1, 'row_slack_R0002': 1, 'row_slack_R0003': 1}
[parallel 101/274] path=data/miplib_benders/qaoa_problems/nvars_09/neos8_ds_qaoa_R0001_R0002_R0003_0006.json status=ok wall=1138.7148804309545 peak_mb=432.09765625 choco_obj=0.0
[problem] neos8_ds_qaoa_R0002_R0003_0006 path=data/miplib_benders/qaoa_problems/nvars_09/neos8_ds_qaoa_R0002_R0003_0006.json
[input] n_int=9 n_bin=27 n_constr=2
[input] A=[[1, 1, 1, 1, 0, 1, 1, 1, 0], [1, 1, 0, 0, 1, 0, 0, 0, 1]] b=[1, 1] c=[-2600, -2700, -1500, -1400, -1600, -1500, -1500, 0, 0]
[encoding]
  C0013 = C0013_b0 + 2*C0013_b1 + 4*C0013_b2
  C0014 = C0014_b0 + 2*C0014_b1 + 4*C0014_b2
  C0017 = C0017_b0 + 2*C0017_b1 + 4*C0017_b2
  C0018 = C0018_b0 + 2*C0018_b1 + 4*C0018_b2
  C0022 = C0022_b0 + 2*C0022_b1 + 4*C0022_b2
  C0023 = C0023_b0 + 2*C0023_b1 + 4*C0023_b2
  C0024 = C0024_b0 + 2*C0024_b1 + 4*C0024_b2
  row_slack_R0002 = row_slack_R0002_b0 + 2*row_slack_R0002_b1 + 4*row_slack_R0002_b2
  row_slack_R0003 = row_slack_R0003_b0 + 2*row_slack_R0003_b1 + 4*row_slack_R0003_b2
[expanded] A_binary=[[1, 2, 4, 1, 2, 4, 1, 2, 4, 1, 2, 4, 0, 0, 0, 1, 2, 4, 1, 2, 4, 1, 2, 4, 0, 0, 0], [1, 2, 4, 1, 2, 4, 0, 0, 0, 0, 0, 0, 1, 2, 4, 0, 0, 0, 0, 0, 0, 0, 0, 0, 1, 2, 4]] b=[1, 1]
[expanded] lin_constr_mtx=[[1, 2, 4, 1, 2, 4, 1, 2, 4, 1, 2, 4, 0, 0, 0, 1, 2, 4, 1, 2, 4, 1, 2, 4, 0, 0, 0, 1], [1, 2, 4, 1, 2, 4, 0, 0, 0, 0, 0, 0, 1, 2, 4, 0, 0, 0, 0, 0, 0, 0, 0, 0, 1, 2, 4, 1]]
Set parameter Username
[classical] objective=-0.0 solution={'C0013': 0, 'C0014': 0, 'C0017': 0, 'C0018': 0, 'C0022': 0, 'C0023': 0, 'C0024': 0, 'row_slack_R0002': 1, 'row_slack_R0003': 1}
[circuit] metrics=[495, 56, 238, 501]
[solve] start
[solve] states=[[0, 0, 0, 0, 0, 0, 0, 0, 0, 0, 0, 0, 0, 0, 0, 0, 0, 0, 0, 0, 0, 1, 0, 0, 1, 0, 0]]
[solve] probs=[1.0]
[choco-best] objective=0.0 probability=1.0 solution={'C0001': 0, 'C0002': 0, 'C0005': 0, 'C0006': 0, 'C0009': 0, 'C0013': 0, 'C0014': 0, 'row_slack_R0002': 1, 'row_slack_R0003': 1}
[parallel 102/274] path=data/miplib_benders/qaoa_problems/nvars_09/neos8_ds_qaoa_R0002_R0003_0001.json status=ok wall=657.4504145570099 peak_mb=420.1875 choco_obj=0.0
[problem] neos8_ds_qaoa_R0002_R0003_R0004_0001 path=data/miplib_benders/qaoa_problems/nvars_09/neos8_ds_qaoa_R0002_R0003_R0004_0001.json
[input] n_int=9 n_bin=27 n_constr=3
[input] A=[[1, 1, 1, 1, 0, 1, 1, 0, 0], [1, 1, 0, 0, 1, 1, 0, 1, 0], [0, 0, 1, 1, 1, 1, 0, 0, 1]] b=[1, 1, 1] c=[-2000, -1900, -2300, -2200, -2450, -2600, 0, 0, 0]
[encoding]
  C0001 = C0001_b0 + 2*C0001_b1 + 4*C0001_b2
  C0002 = C0002_b0 + 2*C0002_b1 + 4*C0002_b2
  C0005 = C0005_b0 + 2*C0005_b1 + 4*C0005_b2
  C0006 = C0006_b0 + 2*C0006_b1 + 4*C0006_b2
  C0009 = C0009_b0 + 2*C0009_b1 + 4*C0009_b2
  C0013 = C0013_b0 + 2*C0013_b1 + 4*C0013_b2
  row_slack_R0002 = row_slack_R0002_b0 + 2*row_slack_R0002_b1 + 4*row_slack_R0002_b2
  row_slack_R0003 = row_slack_R0003_b0 + 2*row_slack_R0003_b1 + 4*row_slack_R0003_b2
  row_slack_R0004 = row_slack_R0004_b0 + 2*row_slack_R0004_b1 + 4*row_slack_R0004_b2
[expanded] A_binary=[[1, 2, 4, 1, 2, 4, 1, 2, 4, 1, 2, 4, 0, 0, 0, 1, 2, 4, 1, 2, 4, 0, 0, 0, 0, 0, 0], [1, 2, 4, 1, 2, 4, 0, 0, 0, 0, 0, 0, 1, 2, 4, 1, 2, 4, 0, 0, 0, 1, 2, 4, 0, 0, 0], [0, 0, 0, 0, 0, 0, 1, 2, 4, 1, 2, 4, 1, 2, 4, 1, 2, 4, 0, 0, 0, 0, 0, 0, 1, 2, 4]] b=[1, 1, 1]
[expanded] lin_constr_mtx=[[1, 2, 4, 1, 2, 4, 1, 2, 4, 1, 2, 4, 0, 0, 0, 1, 2, 4, 1, 2, 4, 0, 0, 0, 0, 0, 0, 1], [1, 2, 4, 1, 2, 4, 0, 0, 0, 0, 0, 0, 1, 2, 4, 1, 2, 4, 0, 0, 0, 1, 2, 4, 0, 0, 0, 1], [0, 0, 0, 0, 0, 0, 1, 2, 4, 1, 2, 4, 1, 2, 4, 1, 2, 4, 0, 0, 0, 0, 0, 0, 1, 2, 4, 1]]
Set parameter Username
[classical] objective=-0.0 solution={'C0001': 0, 'C0002': 0, 'C0005': 0, 'C0006': 0, 'C0009': 0, 'C0013': 0, 'row_slack_R0002': 1, 'row_slack_R0003': 1, 'row_slack_R0004': 1}
[circuit] metrics=[802, 56, 339, 826]
[solve] start
[solve] states=[[0, 0, 0, 0, 0, 0, 0, 0, 0, 0, 0, 0, 0, 0, 0, 0, 0, 0, 0, 0, 0, 1, 0, 0, 1, 0, 0]]
[solve] probs=[1.0]
[choco-best] objective=0.0 probability=1.0 solution={'C0002': 0, 'C0005': 0, 'C0006': 0, 'C0009': 0, 'C0013': 0, 'C0014': 0, 'C0017': 0, 'row_slack_R0002': 1, 'row_slack_R0003': 1}
[parallel 103/274] path=data/miplib_benders/qaoa_problems/nvars_09/neos8_ds_qaoa_R0002_R0003_0002.json status=ok wall=767.0675473210867 peak_mb=430.6875 choco_obj=0.0
[problem] neos8_ds_qaoa_R0002_R0003_R0004_0002 path=data/miplib_benders/qaoa_problems/nvars_09/neos8_ds_qaoa_R0002_R0003_R0004_0002.json
[input] n_int=9 n_bin=27 n_constr=3
[input] A=[[1, 1, 1, 0, 1, 1, 1, 0, 0], [1, 0, 0, 1, 1, 1, 0, 1, 0], [0, 1, 1, 1, 1, 1, 0, 0, 1]] b=[1, 1, 1] c=[-1900, -2300, -2200, -2450, -2600, -2700, 0, 0, 0]
[encoding]
  C0002 = C0002_b0 + 2*C0002_b1 + 4*C0002_b2
  C0005 = C0005_b0 + 2*C0005_b1 + 4*C0005_b2
  C0006 = C0006_b0 + 2*C0006_b1 + 4*C0006_b2
  C0009 = C0009_b0 + 2*C0009_b1 + 4*C0009_b2
  C0013 = C0013_b0 + 2*C0013_b1 + 4*C0013_b2
  C0014 = C0014_b0 + 2*C0014_b1 + 4*C0014_b2
  row_slack_R0002 = row_slack_R0002_b0 + 2*row_slack_R0002_b1 + 4*row_slack_R0002_b2
  row_slack_R0003 = row_slack_R0003_b0 + 2*row_slack_R0003_b1 + 4*row_slack_R0003_b2
  row_slack_R0004 = row_slack_R0004_b0 + 2*row_slack_R0004_b1 + 4*row_slack_R0004_b2
[expanded] A_binary=[[1, 2, 4, 1, 2, 4, 1, 2, 4, 0, 0, 0, 1, 2, 4, 1, 2, 4, 1, 2, 4, 0, 0, 0, 0, 0, 0], [1, 2, 4, 0, 0, 0, 0, 0, 0, 1, 2, 4, 1, 2, 4, 1, 2, 4, 0, 0, 0, 1, 2, 4, 0, 0, 0], [0, 0, 0, 1, 2, 4, 1, 2, 4, 1, 2, 4, 1, 2, 4, 1, 2, 4, 0, 0, 0, 0, 0, 0, 1, 2, 4]] b=[1, 1, 1]
[expanded] lin_constr_mtx=[[1, 2, 4, 1, 2, 4, 1, 2, 4, 0, 0, 0, 1, 2, 4, 1, 2, 4, 1, 2, 4, 0, 0, 0, 0, 0, 0, 1], [1, 2, 4, 0, 0, 0, 0, 0, 0, 1, 2, 4, 1, 2, 4, 1, 2, 4, 0, 0, 0, 1, 2, 4, 0, 0, 0, 1], [0, 0, 0, 1, 2, 4, 1, 2, 4, 1, 2, 4, 1, 2, 4, 1, 2, 4, 0, 0, 0, 0, 0, 0, 1, 2, 4, 1]]
Set parameter Username
[classical] objective=-0.0 solution={'C0002': 0, 'C0005': 0, 'C0006': 0, 'C0009': 0, 'C0013': 0, 'C0014': 0, 'row_slack_R0002': 1, 'row_slack_R0003': 1, 'row_slack_R0004': 1}
[circuit] metrics=[969, 56, 409, 952]
[solve] start
[solve] states=[[0, 0, 0, 0, 0, 0, 0, 0, 0, 0, 0, 0, 0, 0, 0, 0, 0, 0, 0, 0, 0, 1, 0, 0, 1, 0, 0], [0, 0, 0, 0, 0, 0, 1, 0, 0, 0, 0, 0, 0, 0, 0, 0, 0, 0, 0, 0, 0, 1, 0, 0, 0, 0, 0], [0, 0, 0, 0, 0, 0, 1, 0, 0, 0, 0, 0, 0, 0, 0, 0, 0, 0, 0, 0, 0, 1, 0, 0, 1, 1, 0], [0, 0, 0, 0, 0, 0, 1, 0, 1, 0, 0, 0, 0, 0, 0, 0, 0, 0, 0, 0, 0, 1, 0, 0, 1, 0, 0], [1, 0, 0, 0, 0, 0, 0, 0, 0, 0, 0, 0, 0, 0, 0, 0, 0, 1, 0, 0, 0, 1, 0, 0, 1, 0, 0], [1, 0, 0, 0, 0, 0, 1, 0, 0, 0, 1, 0, 0, 0, 0, 0, 0, 0, 0, 0, 0, 1, 0, 0, 1, 0, 0]]
[solve] probs=[0.98046875, 0.00390625, 0.00390625, 0.00390625, 0.00390625, 0.00390625]
[choco-best] objective=0.0 probability=0.98046875 solution={'C0005': 0, 'C0006': 0, 'C0009': 0, 'C0013': 0, 'C0014': 0, 'C0017': 0, 'C0018': 0, 'row_slack_R0002': 1, 'row_slack_R0003': 1}
[parallel 104/274] path=data/miplib_benders/qaoa_problems/nvars_09/neos8_ds_qaoa_R0002_R0003_0003.json status=ok wall=857.2712115299655 peak_mb=415.9375 choco_obj=0.0
[problem] neos8_ds_qaoa_R0002_R0003_R0004_0003 path=data/miplib_benders/qaoa_problems/nvars_09/neos8_ds_qaoa_R0002_R0003_R0004_0003.json
[input] n_int=9 n_bin=27 n_constr=3
[input] A=[[1, 1, 0, 1, 1, 1, 1, 0, 0], [0, 0, 1, 1, 1, 0, 0, 1, 0], [1, 1, 1, 1, 1, 0, 0, 0, 1]] b=[1, 1, 1] c=[-2300, -2200, -2450, -2600, -2700, -1500, 0, 0, 0]
[encoding]
  C0005 = C0005_b0 + 2*C0005_b1 + 4*C0005_b2
  C0006 = C0006_b0 + 2*C0006_b1 + 4*C0006_b2
  C0009 = C0009_b0 + 2*C0009_b1 + 4*C0009_b2
  C0013 = C0013_b0 + 2*C0013_b1 + 4*C0013_b2
  C0014 = C0014_b0 + 2*C0014_b1 + 4*C0014_b2
  C0017 = C0017_b0 + 2*C0017_b1 + 4*C0017_b2
  row_slack_R0002 = row_slack_R0002_b0 + 2*row_slack_R0002_b1 + 4*row_slack_R0002_b2
  row_slack_R0003 = row_slack_R0003_b0 + 2*row_slack_R0003_b1 + 4*row_slack_R0003_b2
  row_slack_R0004 = row_slack_R0004_b0 + 2*row_slack_R0004_b1 + 4*row_slack_R0004_b2
[expanded] A_binary=[[1, 2, 4, 1, 2, 4, 0, 0, 0, 1, 2, 4, 1, 2, 4, 1, 2, 4, 1, 2, 4, 0, 0, 0, 0, 0, 0], [0, 0, 0, 0, 0, 0, 1, 2, 4, 1, 2, 4, 1, 2, 4, 0, 0, 0, 0, 0, 0, 1, 2, 4, 0, 0, 0], [1, 2, 4, 1, 2, 4, 1, 2, 4, 1, 2, 4, 1, 2, 4, 0, 0, 0, 0, 0, 0, 0, 0, 0, 1, 2, 4]] b=[1, 1, 1]
[expanded] lin_constr_mtx=[[1, 2, 4, 1, 2, 4, 0, 0, 0, 1, 2, 4, 1, 2, 4, 1, 2, 4, 1, 2, 4, 0, 0, 0, 0, 0, 0, 1], [0, 0, 0, 0, 0, 0, 1, 2, 4, 1, 2, 4, 1, 2, 4, 0, 0, 0, 0, 0, 0, 1, 2, 4, 0, 0, 0, 1], [1, 2, 4, 1, 2, 4, 1, 2, 4, 1, 2, 4, 1, 2, 4, 0, 0, 0, 0, 0, 0, 0, 0, 0, 1, 2, 4, 1]]
Set parameter Username
[classical] objective=-0.0 solution={'C0005': 0, 'C0006': 0, 'C0009': 0, 'C0013': 0, 'C0014': 0, 'C0017': 0, 'row_slack_R0002': 1, 'row_slack_R0003': 1, 'row_slack_R0004': 1}
[circuit] metrics=[771, 56, 361, 784]
[solve] start
[solve] states=[[0, 0, 0, 0, 0, 0, 0, 0, 0, 0, 0, 0, 0, 0, 0, 0, 0, 0, 0, 0, 0, 1, 0, 0, 1, 0, 0]]
[solve] probs=[1.0]
[choco-best] objective=0.0 probability=1.0 solution={'C0013': 0, 'C0014': 0, 'C0017': 0, 'C0018': 0, 'C0022': 0, 'C0023': 0, 'C0024': 0, 'row_slack_R0002': 1, 'row_slack_R0003': 1}
[parallel 105/274] path=data/miplib_benders/qaoa_problems/nvars_09/neos8_ds_qaoa_R0002_R0003_0006.json status=ok wall=886.014382197056 peak_mb=420.07421875 choco_obj=0.0
[problem] neos8_ds_qaoa_R0002_R0003_R0004_0004 path=data/miplib_benders/qaoa_problems/nvars_09/neos8_ds_qaoa_R0002_R0003_R0004_0004.json
[input] n_int=9 n_bin=27 n_constr=3
[input] A=[[1, 0, 1, 1, 1, 1, 1, 0, 0], [0, 1, 1, 1, 0, 0, 0, 1, 0], [1, 1, 1, 1, 0, 0, 0, 0, 1]] b=[1, 1, 1] c=[-2200, -2450, -2600, -2700, -1500, -1400, 0, 0, 0]
[encoding]
  C0006 = C0006_b0 + 2*C0006_b1 + 4*C0006_b2
  C0009 = C0009_b0 + 2*C0009_b1 + 4*C0009_b2
  C0013 = C0013_b0 + 2*C0013_b1 + 4*C0013_b2
  C0014 = C0014_b0 + 2*C0014_b1 + 4*C0014_b2
  C0017 = C0017_b0 + 2*C0017_b1 + 4*C0017_b2
  C0018 = C0018_b0 + 2*C0018_b1 + 4*C0018_b2
  row_slack_R0002 = row_slack_R0002_b0 + 2*row_slack_R0002_b1 + 4*row_slack_R0002_b2
  row_slack_R0003 = row_slack_R0003_b0 + 2*row_slack_R0003_b1 + 4*row_slack_R0003_b2
  row_slack_R0004 = row_slack_R0004_b0 + 2*row_slack_R0004_b1 + 4*row_slack_R0004_b2
[expanded] A_binary=[[1, 2, 4, 0, 0, 0, 1, 2, 4, 1, 2, 4, 1, 2, 4, 1, 2, 4, 1, 2, 4, 0, 0, 0, 0, 0, 0], [0, 0, 0, 1, 2, 4, 1, 2, 4, 1, 2, 4, 0, 0, 0, 0, 0, 0, 0, 0, 0, 1, 2, 4, 0, 0, 0], [1, 2, 4, 1, 2, 4, 1, 2, 4, 1, 2, 4, 0, 0, 0, 0, 0, 0, 0, 0, 0, 0, 0, 0, 1, 2, 4]] b=[1, 1, 1]
[expanded] lin_constr_mtx=[[1, 2, 4, 0, 0, 0, 1, 2, 4, 1, 2, 4, 1, 2, 4, 1, 2, 4, 1, 2, 4, 0, 0, 0, 0, 0, 0, 1], [0, 0, 0, 1, 2, 4, 1, 2, 4, 1, 2, 4, 0, 0, 0, 0, 0, 0, 0, 0, 0, 1, 2, 4, 0, 0, 0, 1], [1, 2, 4, 1, 2, 4, 1, 2, 4, 1, 2, 4, 0, 0, 0, 0, 0, 0, 0, 0, 0, 0, 0, 0, 1, 2, 4, 1]]
Set parameter Username
[classical] objective=-0.0 solution={'C0006': 0, 'C0009': 0, 'C0013': 0, 'C0014': 0, 'C0017': 0, 'C0018': 0, 'row_slack_R0002': 1, 'row_slack_R0003': 1, 'row_slack_R0004': 1}
[circuit] metrics=[921, 56, 436, 885]
[solve] start
[solve] states=[[0, 0, 0, 0, 0, 0, 0, 0, 0, 0, 0, 0, 0, 0, 0, 0, 0, 0, 1, 0, 0, 1, 0, 0, 1, 0, 0]]
[solve] probs=[1.0]
[choco-best] objective=0.0 probability=1.0 solution={'C0001': 0, 'C0002': 0, 'C0005': 0, 'C0006': 0, 'C0009': 0, 'C0013': 0, 'row_slack_R0002': 1, 'row_slack_R0003': 1, 'row_slack_R0004': 1}
[parallel 106/274] path=data/miplib_benders/qaoa_problems/nvars_09/neos8_ds_qaoa_R0002_R0003_R0004_0001.json status=ok wall=1229.589516922948 peak_mb=480.32421875 choco_obj=0.0
[problem] neos8_ds_qaoa_R0002_R0003_R0004_0005 path=data/miplib_benders/qaoa_problems/nvars_09/neos8_ds_qaoa_R0002_R0003_R0004_0005.json
[input] n_int=9 n_bin=27 n_constr=3
[input] A=[[0, 1, 1, 1, 1, 0, 1, 0, 0], [1, 1, 1, 0, 0, 1, 0, 1, 0], [1, 1, 1, 0, 0, 0, 0, 0, 1]] b=[1, 1, 1] c=[-2450, -2600, -2700, -1500, -1400, -1600, 0, 0, 0]
[encoding]
  C0009 = C0009_b0 + 2*C0009_b1 + 4*C0009_b2
  C0013 = C0013_b0 + 2*C0013_b1 + 4*C0013_b2
  C0014 = C0014_b0 + 2*C0014_b1 + 4*C0014_b2
  C0017 = C0017_b0 + 2*C0017_b1 + 4*C0017_b2
  C0018 = C0018_b0 + 2*C0018_b1 + 4*C0018_b2
  C0022 = C0022_b0 + 2*C0022_b1 + 4*C0022_b2
  row_slack_R0002 = row_slack_R0002_b0 + 2*row_slack_R0002_b1 + 4*row_slack_R0002_b2
  row_slack_R0003 = row_slack_R0003_b0 + 2*row_slack_R0003_b1 + 4*row_slack_R0003_b2
  row_slack_R0004 = row_slack_R0004_b0 + 2*row_slack_R0004_b1 + 4*row_slack_R0004_b2
[expanded] A_binary=[[0, 0, 0, 1, 2, 4, 1, 2, 4, 1, 2, 4, 1, 2, 4, 0, 0, 0, 1, 2, 4, 0, 0, 0, 0, 0, 0], [1, 2, 4, 1, 2, 4, 1, 2, 4, 0, 0, 0, 0, 0, 0, 1, 2, 4, 0, 0, 0, 1, 2, 4, 0, 0, 0], [1, 2, 4, 1, 2, 4, 1, 2, 4, 0, 0, 0, 0, 0, 0, 0, 0, 0, 0, 0, 0, 0, 0, 0, 1, 2, 4]] b=[1, 1, 1]
[expanded] lin_constr_mtx=[[0, 0, 0, 1, 2, 4, 1, 2, 4, 1, 2, 4, 1, 2, 4, 0, 0, 0, 1, 2, 4, 0, 0, 0, 0, 0, 0, 1], [1, 2, 4, 1, 2, 4, 1, 2, 4, 0, 0, 0, 0, 0, 0, 1, 2, 4, 0, 0, 0, 1, 2, 4, 0, 0, 0, 1], [1, 2, 4, 1, 2, 4, 1, 2, 4, 0, 0, 0, 0, 0, 0, 0, 0, 0, 0, 0, 0, 0, 0, 0, 1, 2, 4, 1]]
Set parameter Username
[classical] objective=-0.0 solution={'C0009': 0, 'C0013': 0, 'C0014': 0, 'C0017': 0, 'C0018': 0, 'C0022': 0, 'row_slack_R0002': 1, 'row_slack_R0003': 1, 'row_slack_R0004': 1}
[circuit] metrics=[675, 56, 334, 695]
[solve] start
[solve] states=[[0, 0, 0, 0, 0, 0, 0, 0, 0, 0, 0, 0, 0, 0, 0, 0, 0, 0, 1, 0, 0, 1, 0, 0, 1, 0, 0]]
[solve] probs=[1.0]
[choco-best] objective=0.0 probability=1.0 solution={'C0002': 0, 'C0005': 0, 'C0006': 0, 'C0009': 0, 'C0013': 0, 'C0014': 0, 'row_slack_R0002': 1, 'row_slack_R0003': 1, 'row_slack_R0004': 1}
[parallel 107/274] path=data/miplib_benders/qaoa_problems/nvars_09/neos8_ds_qaoa_R0002_R0003_R0004_0002.json status=ok wall=1021.195787944016 peak_mb=470.7890625 choco_obj=0.0
[problem] neos8_ds_qaoa_R0002_R0003_R0004_0006 path=data/miplib_benders/qaoa_problems/nvars_09/neos8_ds_qaoa_R0002_R0003_R0004_0006.json
[input] n_int=9 n_bin=27 n_constr=3
[input] A=[[1, 1, 1, 1, 0, 1, 1, 0, 0], [1, 1, 0, 0, 1, 0, 0, 1, 0], [1, 1, 0, 0, 0, 1, 0, 0, 1]] b=[1, 1, 1] c=[-2600, -2700, -1500, -1400, -1600, -1500, 0, 0, 0]
[encoding]
  C0013 = C0013_b0 + 2*C0013_b1 + 4*C0013_b2
  C0014 = C0014_b0 + 2*C0014_b1 + 4*C0014_b2
  C0017 = C0017_b0 + 2*C0017_b1 + 4*C0017_b2
  C0018 = C0018_b0 + 2*C0018_b1 + 4*C0018_b2
  C0022 = C0022_b0 + 2*C0022_b1 + 4*C0022_b2
  C0023 = C0023_b0 + 2*C0023_b1 + 4*C0023_b2
  row_slack_R0002 = row_slack_R0002_b0 + 2*row_slack_R0002_b1 + 4*row_slack_R0002_b2
  row_slack_R0003 = row_slack_R0003_b0 + 2*row_slack_R0003_b1 + 4*row_slack_R0003_b2
  row_slack_R0004 = row_slack_R0004_b0 + 2*row_slack_R0004_b1 + 4*row_slack_R0004_b2
[expanded] A_binary=[[1, 2, 4, 1, 2, 4, 1, 2, 4, 1, 2, 4, 0, 0, 0, 1, 2, 4, 1, 2, 4, 0, 0, 0, 0, 0, 0], [1, 2, 4, 1, 2, 4, 0, 0, 0, 0, 0, 0, 1, 2, 4, 0, 0, 0, 0, 0, 0, 1, 2, 4, 0, 0, 0], [1, 2, 4, 1, 2, 4, 0, 0, 0, 0, 0, 0, 0, 0, 0, 1, 2, 4, 0, 0, 0, 0, 0, 0, 1, 2, 4]] b=[1, 1, 1]
[expanded] lin_constr_mtx=[[1, 2, 4, 1, 2, 4, 1, 2, 4, 1, 2, 4, 0, 0, 0, 1, 2, 4, 1, 2, 4, 0, 0, 0, 0, 0, 0, 1], [1, 2, 4, 1, 2, 4, 0, 0, 0, 0, 0, 0, 1, 2, 4, 0, 0, 0, 0, 0, 0, 1, 2, 4, 0, 0, 0, 1], [1, 2, 4, 1, 2, 4, 0, 0, 0, 0, 0, 0, 0, 0, 0, 1, 2, 4, 0, 0, 0, 0, 0, 0, 1, 2, 4, 1]]
Set parameter Username
[classical] objective=-0.0 solution={'C0013': 0, 'C0014': 0, 'C0017': 0, 'C0018': 0, 'C0022': 0, 'C0023': 0, 'row_slack_R0002': 1, 'row_slack_R0003': 1, 'row_slack_R0004': 1}
[circuit] metrics=[508, 56, 226, 584]
[solve] start
[solve] states=[[0, 0, 0, 0, 0, 0, 0, 0, 0, 0, 0, 0, 0, 0, 0, 0, 0, 0, 1, 0, 0, 1, 0, 0, 1, 0, 0]]
[solve] probs=[1.0]
[choco-best] objective=0.0 probability=1.0 solution={'C0006': 0, 'C0009': 0, 'C0013': 0, 'C0014': 0, 'C0017': 0, 'C0018': 0, 'row_slack_R0002': 1, 'row_slack_R0003': 1, 'row_slack_R0004': 1}
[parallel 108/274] path=data/miplib_benders/qaoa_problems/nvars_09/neos8_ds_qaoa_R0002_R0003_R0004_0004.json status=ok wall=719.4906675620005 peak_mb=430.953125 choco_obj=0.0
[problem] neos8_ds_qaoa_R0003_R0004_0001 path=data/miplib_benders/qaoa_problems/nvars_09/neos8_ds_qaoa_R0003_R0004_0001.json
[input] n_int=9 n_bin=27 n_constr=2
[input] A=[[1, 1, 0, 0, 1, 1, 1, 1, 0], [0, 0, 1, 1, 1, 1, 1, 0, 1]] b=[1, 1] c=[-2000, -1900, -2300, -2200, -2450, -2600, -2700, 0, 0]
[encoding]
  C0001 = C0001_b0 + 2*C0001_b1 + 4*C0001_b2
  C0002 = C0002_b0 + 2*C0002_b1 + 4*C0002_b2
  C0005 = C0005_b0 + 2*C0005_b1 + 4*C0005_b2
  C0006 = C0006_b0 + 2*C0006_b1 + 4*C0006_b2
  C0009 = C0009_b0 + 2*C0009_b1 + 4*C0009_b2
  C0013 = C0013_b0 + 2*C0013_b1 + 4*C0013_b2
  C0014 = C0014_b0 + 2*C0014_b1 + 4*C0014_b2
  row_slack_R0003 = row_slack_R0003_b0 + 2*row_slack_R0003_b1 + 4*row_slack_R0003_b2
  row_slack_R0004 = row_slack_R0004_b0 + 2*row_slack_R0004_b1 + 4*row_slack_R0004_b2
[expanded] A_binary=[[1, 2, 4, 1, 2, 4, 0, 0, 0, 0, 0, 0, 1, 2, 4, 1, 2, 4, 1, 2, 4, 1, 2, 4, 0, 0, 0], [0, 0, 0, 0, 0, 0, 1, 2, 4, 1, 2, 4, 1, 2, 4, 1, 2, 4, 1, 2, 4, 0, 0, 0, 1, 2, 4]] b=[1, 1]
[expanded] lin_constr_mtx=[[1, 2, 4, 1, 2, 4, 0, 0, 0, 0, 0, 0, 1, 2, 4, 1, 2, 4, 1, 2, 4, 1, 2, 4, 0, 0, 0, 1], [0, 0, 0, 0, 0, 0, 1, 2, 4, 1, 2, 4, 1, 2, 4, 1, 2, 4, 1, 2, 4, 0, 0, 0, 1, 2, 4, 1]]
Set parameter Username
[classical] objective=-0.0 solution={'C0001': 0, 'C0002': 0, 'C0005': 0, 'C0006': 0, 'C0009': 0, 'C0013': 0, 'C0014': 0, 'row_slack_R0003': 1, 'row_slack_R0004': 1}
[circuit] metrics=[562, 56, 275, 596]
[solve] start
[solve] states=[[0, 0, 0, 0, 0, 0, 0, 0, 0, 0, 0, 0, 0, 0, 0, 0, 0, 0, 1, 0, 0, 1, 0, 0, 1, 0, 0]]
[solve] probs=[1.0]
[choco-best] objective=0.0 probability=1.0 solution={'C0005': 0, 'C0006': 0, 'C0009': 0, 'C0013': 0, 'C0014': 0, 'C0017': 0, 'row_slack_R0002': 1, 'row_slack_R0003': 1, 'row_slack_R0004': 1}
[parallel 109/274] path=data/miplib_benders/qaoa_problems/nvars_09/neos8_ds_qaoa_R0002_R0003_R0004_0003.json status=ok wall=803.6428767699981 peak_mb=482.26171875 choco_obj=0.0
[problem] neos8_ds_qaoa_R0003_R0004_0002 path=data/miplib_benders/qaoa_problems/nvars_09/neos8_ds_qaoa_R0003_R0004_0002.json
[input] n_int=9 n_bin=27 n_constr=2
[input] A=[[1, 0, 0, 1, 1, 1, 1, 1, 0], [0, 1, 1, 1, 1, 1, 0, 0, 1]] b=[1, 1] c=[-1900, -2300, -2200, -2450, -2600, -2700, -1600, 0, 0]
[encoding]
  C0002 = C0002_b0 + 2*C0002_b1 + 4*C0002_b2
  C0005 = C0005_b0 + 2*C0005_b1 + 4*C0005_b2
  C0006 = C0006_b0 + 2*C0006_b1 + 4*C0006_b2
  C0009 = C0009_b0 + 2*C0009_b1 + 4*C0009_b2
  C0013 = C0013_b0 + 2*C0013_b1 + 4*C0013_b2
  C0014 = C0014_b0 + 2*C0014_b1 + 4*C0014_b2
  C0022 = C0022_b0 + 2*C0022_b1 + 4*C0022_b2
  row_slack_R0003 = row_slack_R0003_b0 + 2*row_slack_R0003_b1 + 4*row_slack_R0003_b2
  row_slack_R0004 = row_slack_R0004_b0 + 2*row_slack_R0004_b1 + 4*row_slack_R0004_b2
[expanded] A_binary=[[1, 2, 4, 0, 0, 0, 0, 0, 0, 1, 2, 4, 1, 2, 4, 1, 2, 4, 1, 2, 4, 1, 2, 4, 0, 0, 0], [0, 0, 0, 1, 2, 4, 1, 2, 4, 1, 2, 4, 1, 2, 4, 1, 2, 4, 0, 0, 0, 0, 0, 0, 1, 2, 4]] b=[1, 1]
[expanded] lin_constr_mtx=[[1, 2, 4, 0, 0, 0, 0, 0, 0, 1, 2, 4, 1, 2, 4, 1, 2, 4, 1, 2, 4, 1, 2, 4, 0, 0, 0, 1], [0, 0, 0, 1, 2, 4, 1, 2, 4, 1, 2, 4, 1, 2, 4, 1, 2, 4, 0, 0, 0, 0, 0, 0, 1, 2, 4, 1]]
Set parameter Username
[classical] objective=-0.0 solution={'C0002': 0, 'C0005': 0, 'C0006': 0, 'C0009': 0, 'C0013': 0, 'C0014': 0, 'C0022': 0, 'row_slack_R0003': 1, 'row_slack_R0004': 1}
[circuit] metrics=[602, 56, 293, 596]
[solve] start
[solve] states=[[0, 0, 0, 0, 0, 0, 0, 0, 0, 0, 0, 0, 0, 0, 0, 0, 0, 0, 1, 0, 0, 1, 0, 0, 1, 0, 0]]
[solve] probs=[1.0]
[choco-best] objective=0.0 probability=1.0 solution={'C0009': 0, 'C0013': 0, 'C0014': 0, 'C0017': 0, 'C0018': 0, 'C0022': 0, 'row_slack_R0002': 1, 'row_slack_R0003': 1, 'row_slack_R0004': 1}
[parallel 110/274] path=data/miplib_benders/qaoa_problems/nvars_09/neos8_ds_qaoa_R0002_R0003_R0004_0005.json status=ok wall=1053.0415879710345 peak_mb=430.9375 choco_obj=0.0
[problem] neos8_ds_qaoa_R0003_R0004_0003 path=data/miplib_benders/qaoa_problems/nvars_09/neos8_ds_qaoa_R0003_R0004_0003.json
[input] n_int=9 n_bin=27 n_constr=2
[input] A=[[0, 0, 1, 1, 1, 1, 0, 1, 0], [1, 1, 1, 1, 1, 0, 1, 0, 1]] b=[1, 1] c=[-2300, -2200, -2450, -2600, -2700, -1600, -1500, 0, 0]
[encoding]
  C0005 = C0005_b0 + 2*C0005_b1 + 4*C0005_b2
  C0006 = C0006_b0 + 2*C0006_b1 + 4*C0006_b2
  C0009 = C0009_b0 + 2*C0009_b1 + 4*C0009_b2
  C0013 = C0013_b0 + 2*C0013_b1 + 4*C0013_b2
  C0014 = C0014_b0 + 2*C0014_b1 + 4*C0014_b2
  C0022 = C0022_b0 + 2*C0022_b1 + 4*C0022_b2
  C0023 = C0023_b0 + 2*C0023_b1 + 4*C0023_b2
  row_slack_R0003 = row_slack_R0003_b0 + 2*row_slack_R0003_b1 + 4*row_slack_R0003_b2
  row_slack_R0004 = row_slack_R0004_b0 + 2*row_slack_R0004_b1 + 4*row_slack_R0004_b2
[expanded] A_binary=[[0, 0, 0, 0, 0, 0, 1, 2, 4, 1, 2, 4, 1, 2, 4, 1, 2, 4, 0, 0, 0, 1, 2, 4, 0, 0, 0], [1, 2, 4, 1, 2, 4, 1, 2, 4, 1, 2, 4, 1, 2, 4, 0, 0, 0, 1, 2, 4, 0, 0, 0, 1, 2, 4]] b=[1, 1]
[expanded] lin_constr_mtx=[[0, 0, 0, 0, 0, 0, 1, 2, 4, 1, 2, 4, 1, 2, 4, 1, 2, 4, 0, 0, 0, 1, 2, 4, 0, 0, 0, 1], [1, 2, 4, 1, 2, 4, 1, 2, 4, 1, 2, 4, 1, 2, 4, 0, 0, 0, 1, 2, 4, 0, 0, 0, 1, 2, 4, 1]]
Set parameter Username
[classical] objective=-0.0 solution={'C0005': 0, 'C0006': 0, 'C0009': 0, 'C0013': 0, 'C0014': 0, 'C0022': 0, 'C0023': 0, 'row_slack_R0003': 1, 'row_slack_R0004': 1}
[circuit] metrics=[495, 56, 238, 501]
[solve] start
[solve] states=[[0, 0, 0, 0, 0, 0, 0, 0, 0, 0, 0, 0, 0, 0, 0, 0, 0, 0, 0, 0, 0, 1, 0, 0, 1, 0, 0]]
[solve] probs=[1.0]
[choco-best] objective=0.0 probability=1.0 solution={'C0001': 0, 'C0002': 0, 'C0005': 0, 'C0006': 0, 'C0009': 0, 'C0013': 0, 'C0014': 0, 'row_slack_R0003': 1, 'row_slack_R0004': 1}
[parallel 111/274] path=data/miplib_benders/qaoa_problems/nvars_09/neos8_ds_qaoa_R0003_R0004_0001.json status=ok wall=1027.85302366002 peak_mb=420.2265625 choco_obj=0.0
[problem] neos8_ds_qaoa_R0003_R0004_0004 path=data/miplib_benders/qaoa_problems/nvars_09/neos8_ds_qaoa_R0003_R0004_0004.json
[input] n_int=9 n_bin=27 n_constr=2
[input] A=[[0, 1, 1, 1, 1, 0, 0, 1, 0], [1, 1, 1, 1, 0, 1, 1, 0, 1]] b=[1, 1] c=[-2200, -2450, -2600, -2700, -1600, -1500, -1500, 0, 0]
[encoding]
  C0006 = C0006_b0 + 2*C0006_b1 + 4*C0006_b2
  C0009 = C0009_b0 + 2*C0009_b1 + 4*C0009_b2
  C0013 = C0013_b0 + 2*C0013_b1 + 4*C0013_b2
  C0014 = C0014_b0 + 2*C0014_b1 + 4*C0014_b2
  C0022 = C0022_b0 + 2*C0022_b1 + 4*C0022_b2
  C0023 = C0023_b0 + 2*C0023_b1 + 4*C0023_b2
  C0024 = C0024_b0 + 2*C0024_b1 + 4*C0024_b2
  row_slack_R0003 = row_slack_R0003_b0 + 2*row_slack_R0003_b1 + 4*row_slack_R0003_b2
  row_slack_R0004 = row_slack_R0004_b0 + 2*row_slack_R0004_b1 + 4*row_slack_R0004_b2
[expanded] A_binary=[[0, 0, 0, 1, 2, 4, 1, 2, 4, 1, 2, 4, 1, 2, 4, 0, 0, 0, 0, 0, 0, 1, 2, 4, 0, 0, 0], [1, 2, 4, 1, 2, 4, 1, 2, 4, 1, 2, 4, 0, 0, 0, 1, 2, 4, 1, 2, 4, 0, 0, 0, 1, 2, 4]] b=[1, 1]
[expanded] lin_constr_mtx=[[0, 0, 0, 1, 2, 4, 1, 2, 4, 1, 2, 4, 1, 2, 4, 0, 0, 0, 0, 0, 0, 1, 2, 4, 0, 0, 0, 1], [1, 2, 4, 1, 2, 4, 1, 2, 4, 1, 2, 4, 0, 0, 0, 1, 2, 4, 1, 2, 4, 0, 0, 0, 1, 2, 4, 1]]
Set parameter Username
[classical] objective=-0.0 solution={'C0006': 0, 'C0009': 0, 'C0013': 0, 'C0014': 0, 'C0022': 0, 'C0023': 0, 'C0024': 0, 'row_slack_R0003': 1, 'row_slack_R0004': 1}
[circuit] metrics=[535, 56, 256, 501]
[solve] start
[solve] states=[[0, 0, 0, 0, 0, 0, 0, 0, 0, 0, 0, 0, 0, 0, 0, 0, 0, 0, 0, 0, 0, 1, 0, 0, 1, 0, 0], [0, 0, 0, 1, 0, 0, 0, 0, 0, 0, 0, 0, 0, 0, 0, 0, 0, 0, 0, 0, 0, 1, 0, 0, 1, 1, 0], [0, 0, 0, 1, 0, 0, 0, 0, 1, 0, 0, 0, 0, 0, 0, 0, 0, 0, 0, 0, 0, 1, 0, 0, 1, 0, 0]]
[solve] probs=[0.9921875, 0.00390625, 0.00390625]
[choco-best] objective=0.0 probability=0.9921875 solution={'C0002': 0, 'C0005': 0, 'C0006': 0, 'C0009': 0, 'C0013': 0, 'C0014': 0, 'C0022': 0, 'row_slack_R0003': 1, 'row_slack_R0004': 1}
[parallel 112/274] path=data/miplib_benders/qaoa_problems/nvars_09/neos8_ds_qaoa_R0003_R0004_0002.json status=ok wall=1001.0847265210468 peak_mb=464.46484375 choco_obj=0.0
[problem] neos8_ds_qaoa_R0003_R0004_0005 path=data/miplib_benders/qaoa_problems/nvars_09/neos8_ds_qaoa_R0003_R0004_0005.json
[input] n_int=9 n_bin=27 n_constr=2
[input] A=[[1, 1, 1, 1, 0, 0, 0, 1, 0], [1, 1, 1, 0, 1, 1, 1, 0, 1]] b=[1, 1] c=[-2450, -2600, -2700, -1600, -1500, -1500, -1450, 0, 0]
[encoding]
  C0009 = C0009_b0 + 2*C0009_b1 + 4*C0009_b2
  C0013 = C0013_b0 + 2*C0013_b1 + 4*C0013_b2
  C0014 = C0014_b0 + 2*C0014_b1 + 4*C0014_b2
  C0022 = C0022_b0 + 2*C0022_b1 + 4*C0022_b2
  C0023 = C0023_b0 + 2*C0023_b1 + 4*C0023_b2
  C0024 = C0024_b0 + 2*C0024_b1 + 4*C0024_b2
  C0025 = C0025_b0 + 2*C0025_b1 + 4*C0025_b2
  row_slack_R0003 = row_slack_R0003_b0 + 2*row_slack_R0003_b1 + 4*row_slack_R0003_b2
  row_slack_R0004 = row_slack_R0004_b0 + 2*row_slack_R0004_b1 + 4*row_slack_R0004_b2
[expanded] A_binary=[[1, 2, 4, 1, 2, 4, 1, 2, 4, 1, 2, 4, 0, 0, 0, 0, 0, 0, 0, 0, 0, 1, 2, 4, 0, 0, 0], [1, 2, 4, 1, 2, 4, 1, 2, 4, 0, 0, 0, 1, 2, 4, 1, 2, 4, 1, 2, 4, 0, 0, 0, 1, 2, 4]] b=[1, 1]
[expanded] lin_constr_mtx=[[1, 2, 4, 1, 2, 4, 1, 2, 4, 1, 2, 4, 0, 0, 0, 0, 0, 0, 0, 0, 0, 1, 2, 4, 0, 0, 0, 1], [1, 2, 4, 1, 2, 4, 1, 2, 4, 0, 0, 0, 1, 2, 4, 1, 2, 4, 1, 2, 4, 0, 0, 0, 1, 2, 4, 1]]
Set parameter Username
[classical] objective=-0.0 solution={'C0009': 0, 'C0013': 0, 'C0014': 0, 'C0022': 0, 'C0023': 0, 'C0024': 0, 'C0025': 0, 'row_slack_R0003': 1, 'row_slack_R0004': 1}
[circuit] metrics=[755, 56, 370, 699]
[solve] start
[solve] states=[[0, 0, 0, 0, 0, 0, 0, 0, 0, 0, 0, 0, 0, 0, 0, 0, 0, 0, 1, 0, 0, 1, 0, 0, 1, 0, 0]]
[solve] probs=[1.0]
[choco-best] objective=0.0 probability=1.0 solution={'C0013': 0, 'C0014': 0, 'C0017': 0, 'C0018': 0, 'C0022': 0, 'C0023': 0, 'row_slack_R0002': 1, 'row_slack_R0003': 1, 'row_slack_R0004': 1}
[parallel 113/274] path=data/miplib_benders/qaoa_problems/nvars_09/neos8_ds_qaoa_R0002_R0003_R0004_0006.json status=ok wall=1562.453403203981 peak_mb=428.8828125 choco_obj=0.0
[problem] neos8_ds_qaoa_R0003_R0004_0006 path=data/miplib_benders/qaoa_problems/nvars_09/neos8_ds_qaoa_R0003_R0004_0006.json
[input] n_int=9 n_bin=27 n_constr=2
[input] A=[[1, 1, 1, 0, 0, 0, 0, 1, 0], [1, 1, 0, 1, 1, 1, 1, 0, 1]] b=[1, 1] c=[-2600, -2700, -1600, -1500, -1500, -1450, -1850, 0, 0]
[encoding]
  C0013 = C0013_b0 + 2*C0013_b1 + 4*C0013_b2
  C0014 = C0014_b0 + 2*C0014_b1 + 4*C0014_b2
  C0022 = C0022_b0 + 2*C0022_b1 + 4*C0022_b2
  C0023 = C0023_b0 + 2*C0023_b1 + 4*C0023_b2
  C0024 = C0024_b0 + 2*C0024_b1 + 4*C0024_b2
  C0025 = C0025_b0 + 2*C0025_b1 + 4*C0025_b2
  C0026 = C0026_b0 + 2*C0026_b1 + 4*C0026_b2
  row_slack_R0003 = row_slack_R0003_b0 + 2*row_slack_R0003_b1 + 4*row_slack_R0003_b2
  row_slack_R0004 = row_slack_R0004_b0 + 2*row_slack_R0004_b1 + 4*row_slack_R0004_b2
[expanded] A_binary=[[1, 2, 4, 1, 2, 4, 1, 2, 4, 0, 0, 0, 0, 0, 0, 0, 0, 0, 0, 0, 0, 1, 2, 4, 0, 0, 0], [1, 2, 4, 1, 2, 4, 0, 0, 0, 1, 2, 4, 1, 2, 4, 1, 2, 4, 1, 2, 4, 0, 0, 0, 1, 2, 4]] b=[1, 1]
[expanded] lin_constr_mtx=[[1, 2, 4, 1, 2, 4, 1, 2, 4, 0, 0, 0, 0, 0, 0, 0, 0, 0, 0, 0, 0, 1, 2, 4, 0, 0, 0, 1], [1, 2, 4, 1, 2, 4, 0, 0, 0, 1, 2, 4, 1, 2, 4, 1, 2, 4, 1, 2, 4, 0, 0, 0, 1, 2, 4, 1]]
Set parameter Username
[classical] objective=-0.0 solution={'C0013': 0, 'C0014': 0, 'C0022': 0, 'C0023': 0, 'C0024': 0, 'C0025': 0, 'C0026': 0, 'row_slack_R0003': 1, 'row_slack_R0004': 1}
[circuit] metrics=[865, 56, 427, 798]
[solve] start
[solve] states=[[0, 0, 0, 0, 0, 0, 0, 0, 0, 0, 0, 0, 0, 0, 0, 0, 0, 0, 0, 0, 0, 1, 0, 0, 1, 0, 0]]
[solve] probs=[1.0]
[choco-best] objective=0.0 probability=1.0 solution={'C0013': 0, 'C0014': 0, 'C0022': 0, 'C0023': 0, 'C0024': 0, 'C0025': 0, 'C0026': 0, 'row_slack_R0003': 1, 'row_slack_R0004': 1}
[parallel 114/274] path=data/miplib_benders/qaoa_problems/nvars_09/neos8_ds_qaoa_R0003_R0004_0006.json status=ok wall=360.5410446159076 peak_mb=421.74609375 choco_obj=0.0
[problem] neos8_ds_qaoa_R0003_R0004_R0065_0001 path=data/miplib_benders/qaoa_problems/nvars_09/neos8_ds_qaoa_R0003_R0004_R0065_0001.json
[input] n_int=9 n_bin=27 n_constr=3
[input] A=[[1, 1, 0, 0, 1, 1, 1, 0, 0], [0, 0, 1, 1, 1, 1, 0, 1, 0], [3, 3, 3, 3, 3, 0, 0, 0, 1]] b=[1, 1, 0] c=[-2000, -1900, -2300, -2200, -2450, -2600, 0, 0, 0]
[encoding]
  C0001 = C0001_b0 + 2*C0001_b1 + 4*C0001_b2
  C0002 = C0002_b0 + 2*C0002_b1 + 4*C0002_b2
  C0005 = C0005_b0 + 2*C0005_b1 + 4*C0005_b2
  C0006 = C0006_b0 + 2*C0006_b1 + 4*C0006_b2
  C0009 = C0009_b0 + 2*C0009_b1 + 4*C0009_b2
  C0013 = C0013_b0 + 2*C0013_b1 + 4*C0013_b2
  row_slack_R0003 = row_slack_R0003_b0 + 2*row_slack_R0003_b1 + 4*row_slack_R0003_b2
  row_slack_R0004 = row_slack_R0004_b0 + 2*row_slack_R0004_b1 + 4*row_slack_R0004_b2
  row_slack_R0065 = row_slack_R0065_b0 + 2*row_slack_R0065_b1 + 4*row_slack_R0065_b2
[expanded] A_binary=[[1, 2, 4, 1, 2, 4, 0, 0, 0, 0, 0, 0, 1, 2, 4, 1, 2, 4, 1, 2, 4, 0, 0, 0, 0, 0, 0], [0, 0, 0, 0, 0, 0, 1, 2, 4, 1, 2, 4, 1, 2, 4, 1, 2, 4, 0, 0, 0, 1, 2, 4, 0, 0, 0], [3, 6, 12, 3, 6, 12, 3, 6, 12, 3, 6, 12, 3, 6, 12, 0, 0, 0, 0, 0, 0, 0, 0, 0, 1, 2, 4]] b=[1, 1, 0]
[expanded] lin_constr_mtx=[[1, 2, 4, 1, 2, 4, 0, 0, 0, 0, 0, 0, 1, 2, 4, 1, 2, 4, 1, 2, 4, 0, 0, 0, 0, 0, 0, 1], [0, 0, 0, 0, 0, 0, 1, 2, 4, 1, 2, 4, 1, 2, 4, 1, 2, 4, 0, 0, 0, 1, 2, 4, 0, 0, 0, 1], [3, 6, 12, 3, 6, 12, 3, 6, 12, 3, 6, 12, 3, 6, 12, 0, 0, 0, 0, 0, 0, 0, 0, 0, 1, 2, 4, 0]]
Set parameter Username
[classical] objective=-0.0 solution={'C0001': 0, 'C0002': 0, 'C0005': 0, 'C0006': 0, 'C0009': 0, 'C0013': 0, 'row_slack_R0003': 1, 'row_slack_R0004': 1, 'row_slack_R0065': 0}
[circuit] metrics=[708, 56, 324, 736]
[solve] start
[solve] states=[[0, 0, 0, 0, 0, 0, 0, 0, 0, 0, 0, 0, 0, 0, 0, 0, 0, 0, 0, 0, 0, 1, 0, 0, 1, 0, 0], [0, 0, 0, 0, 0, 0, 0, 0, 0, 1, 0, 0, 0, 0, 0, 0, 0, 0, 0, 0, 0, 1, 0, 1, 1, 0, 0], [1, 0, 0, 0, 0, 0, 0, 0, 0, 1, 0, 0, 0, 0, 0, 0, 0, 0, 0, 0, 0, 1, 0, 0, 1, 1, 0]]
[solve] probs=[0.98828125, 0.0078125, 0.00390625]
[choco-best] objective=0.0 probability=0.98828125 solution={'C0009': 0, 'C0013': 0, 'C0014': 0, 'C0022': 0, 'C0023': 0, 'C0024': 0, 'C0025': 0, 'row_slack_R0003': 1, 'row_slack_R0004': 1}
[parallel 115/274] path=data/miplib_benders/qaoa_problems/nvars_09/neos8_ds_qaoa_R0003_R0004_0005.json status=ok wall=786.361464872025 peak_mb=479.75390625 choco_obj=0.0
[problem] neos8_ds_qaoa_R0003_R0004_R0065_0002 path=data/miplib_benders/qaoa_problems/nvars_09/neos8_ds_qaoa_R0003_R0004_R0065_0002.json
[input] n_int=9 n_bin=27 n_constr=3
[input] A=[[1, 0, 0, 1, 1, 1, 1, 0, 0], [0, 1, 1, 1, 1, 1, 0, 1, 0], [3, 3, 3, 3, 0, 0, 0, 0, 1]] b=[1, 1, 0] c=[-1900, -2300, -2200, -2450, -2600, -2700, 0, 0, 0]
[encoding]
  C0002 = C0002_b0 + 2*C0002_b1 + 4*C0002_b2
  C0005 = C0005_b0 + 2*C0005_b1 + 4*C0005_b2
  C0006 = C0006_b0 + 2*C0006_b1 + 4*C0006_b2
  C0009 = C0009_b0 + 2*C0009_b1 + 4*C0009_b2
  C0013 = C0013_b0 + 2*C0013_b1 + 4*C0013_b2
  C0014 = C0014_b0 + 2*C0014_b1 + 4*C0014_b2
  row_slack_R0003 = row_slack_R0003_b0 + 2*row_slack_R0003_b1 + 4*row_slack_R0003_b2
  row_slack_R0004 = row_slack_R0004_b0 + 2*row_slack_R0004_b1 + 4*row_slack_R0004_b2
  row_slack_R0065 = row_slack_R0065_b0 + 2*row_slack_R0065_b1 + 4*row_slack_R0065_b2
[expanded] A_binary=[[1, 2, 4, 0, 0, 0, 0, 0, 0, 1, 2, 4, 1, 2, 4, 1, 2, 4, 1, 2, 4, 0, 0, 0, 0, 0, 0], [0, 0, 0, 1, 2, 4, 1, 2, 4, 1, 2, 4, 1, 2, 4, 1, 2, 4, 0, 0, 0, 1, 2, 4, 0, 0, 0], [3, 6, 12, 3, 6, 12, 3, 6, 12, 3, 6, 12, 0, 0, 0, 0, 0, 0, 0, 0, 0, 0, 0, 0, 1, 2, 4]] b=[1, 1, 0]
[expanded] lin_constr_mtx=[[1, 2, 4, 0, 0, 0, 0, 0, 0, 1, 2, 4, 1, 2, 4, 1, 2, 4, 1, 2, 4, 0, 0, 0, 0, 0, 0, 1], [0, 0, 0, 1, 2, 4, 1, 2, 4, 1, 2, 4, 1, 2, 4, 1, 2, 4, 0, 0, 0, 1, 2, 4, 0, 0, 0, 1], [3, 6, 12, 3, 6, 12, 3, 6, 12, 3, 6, 12, 0, 0, 0, 0, 0, 0, 0, 0, 0, 0, 0, 0, 1, 2, 4, 0]]
Set parameter Username
[classical] objective=-0.0 solution={'C0002': 0, 'C0005': 0, 'C0006': 0, 'C0009': 0, 'C0013': 0, 'C0014': 0, 'row_slack_R0003': 1, 'row_slack_R0004': 1, 'row_slack_R0065': 0}
[circuit] metrics=[948, 56, 420, 922]
[solve] start
[solve] states=[[0, 0, 0, 0, 0, 0, 0, 0, 0, 0, 0, 0, 0, 0, 0, 0, 0, 0, 0, 0, 0, 1, 0, 0, 1, 0, 0]]
[solve] probs=[1.0]
[choco-best] objective=0.0 probability=1.0 solution={'C0005': 0, 'C0006': 0, 'C0009': 0, 'C0013': 0, 'C0014': 0, 'C0022': 0, 'C0023': 0, 'row_slack_R0003': 1, 'row_slack_R0004': 1}
[parallel 116/274] path=data/miplib_benders/qaoa_problems/nvars_09/neos8_ds_qaoa_R0003_R0004_0003.json status=ok wall=1105.7859534570016 peak_mb=419.88671875 choco_obj=0.0
[problem] neos8_ds_qaoa_R0003_R0004_R0065_0003 path=data/miplib_benders/qaoa_problems/nvars_09/neos8_ds_qaoa_R0003_R0004_R0065_0003.json
[input] n_int=9 n_bin=27 n_constr=3
[input] A=[[0, 0, 1, 1, 1, 0, 1, 0, 0], [1, 1, 1, 1, 1, 0, 0, 1, 0], [3, 3, 3, 0, 0, 3, 0, 0, 1]] b=[1, 1, 0] c=[-2300, -2200, -2450, -2600, -2700, -1500, 0, 0, 0]
[encoding]
  C0005 = C0005_b0 + 2*C0005_b1 + 4*C0005_b2
  C0006 = C0006_b0 + 2*C0006_b1 + 4*C0006_b2
  C0009 = C0009_b0 + 2*C0009_b1 + 4*C0009_b2
  C0013 = C0013_b0 + 2*C0013_b1 + 4*C0013_b2
  C0014 = C0014_b0 + 2*C0014_b1 + 4*C0014_b2
  C0017 = C0017_b0 + 2*C0017_b1 + 4*C0017_b2
  row_slack_R0003 = row_slack_R0003_b0 + 2*row_slack_R0003_b1 + 4*row_slack_R0003_b2
  row_slack_R0004 = row_slack_R0004_b0 + 2*row_slack_R0004_b1 + 4*row_slack_R0004_b2
  row_slack_R0065 = row_slack_R0065_b0 + 2*row_slack_R0065_b1 + 4*row_slack_R0065_b2
[expanded] A_binary=[[0, 0, 0, 0, 0, 0, 1, 2, 4, 1, 2, 4, 1, 2, 4, 0, 0, 0, 1, 2, 4, 0, 0, 0, 0, 0, 0], [1, 2, 4, 1, 2, 4, 1, 2, 4, 1, 2, 4, 1, 2, 4, 0, 0, 0, 0, 0, 0, 1, 2, 4, 0, 0, 0], [3, 6, 12, 3, 6, 12, 3, 6, 12, 0, 0, 0, 0, 0, 0, 3, 6, 12, 0, 0, 0, 0, 0, 0, 1, 2, 4]] b=[1, 1, 0]
[expanded] lin_constr_mtx=[[0, 0, 0, 0, 0, 0, 1, 2, 4, 1, 2, 4, 1, 2, 4, 0, 0, 0, 1, 2, 4, 0, 0, 0, 0, 0, 0, 1], [1, 2, 4, 1, 2, 4, 1, 2, 4, 1, 2, 4, 1, 2, 4, 0, 0, 0, 0, 0, 0, 1, 2, 4, 0, 0, 0, 1], [3, 6, 12, 3, 6, 12, 3, 6, 12, 0, 0, 0, 0, 0, 0, 3, 6, 12, 0, 0, 0, 0, 0, 0, 1, 2, 4, 0]]
Set parameter Username
[classical] objective=-0.0 solution={'C0005': 0, 'C0006': 0, 'C0009': 0, 'C0013': 0, 'C0014': 0, 'C0017': 0, 'row_slack_R0003': 1, 'row_slack_R0004': 1, 'row_slack_R0065': 0}
[circuit] metrics=[672, 56, 311, 707]
[solve] start
[solve] states=[[0, 0, 0, 0, 0, 0, 0, 0, 0, 0, 0, 0, 0, 0, 0, 0, 0, 0, 0, 0, 0, 1, 0, 0, 1, 0, 0]]
[solve] probs=[1.0]
[choco-best] objective=0.0 probability=1.0 solution={'C0006': 0, 'C0009': 0, 'C0013': 0, 'C0014': 0, 'C0022': 0, 'C0023': 0, 'C0024': 0, 'row_slack_R0003': 1, 'row_slack_R0004': 1}
[parallel 117/274] path=data/miplib_benders/qaoa_problems/nvars_09/neos8_ds_qaoa_R0003_R0004_0004.json status=ok wall=1186.0986520110164 peak_mb=481.1328125 choco_obj=0.0
[problem] neos8_ds_qaoa_R0003_R0004_R0065_0004 path=data/miplib_benders/qaoa_problems/nvars_09/neos8_ds_qaoa_R0003_R0004_R0065_0004.json
[input] n_int=9 n_bin=27 n_constr=3
[input] A=[[0, 1, 1, 1, 0, 0, 1, 0, 0], [1, 1, 1, 1, 0, 0, 0, 1, 0], [3, 3, 0, 0, 3, 3, 0, 0, 1]] b=[1, 1, 0] c=[-2200, -2450, -2600, -2700, -1500, -1400, 0, 0, 0]
[encoding]
  C0006 = C0006_b0 + 2*C0006_b1 + 4*C0006_b2
  C0009 = C0009_b0 + 2*C0009_b1 + 4*C0009_b2
  C0013 = C0013_b0 + 2*C0013_b1 + 4*C0013_b2
  C0014 = C0014_b0 + 2*C0014_b1 + 4*C0014_b2
  C0017 = C0017_b0 + 2*C0017_b1 + 4*C0017_b2
  C0018 = C0018_b0 + 2*C0018_b1 + 4*C0018_b2
  row_slack_R0003 = row_slack_R0003_b0 + 2*row_slack_R0003_b1 + 4*row_slack_R0003_b2
  row_slack_R0004 = row_slack_R0004_b0 + 2*row_slack_R0004_b1 + 4*row_slack_R0004_b2
  row_slack_R0065 = row_slack_R0065_b0 + 2*row_slack_R0065_b1 + 4*row_slack_R0065_b2
[expanded] A_binary=[[0, 0, 0, 1, 2, 4, 1, 2, 4, 1, 2, 4, 0, 0, 0, 0, 0, 0, 1, 2, 4, 0, 0, 0, 0, 0, 0], [1, 2, 4, 1, 2, 4, 1, 2, 4, 1, 2, 4, 0, 0, 0, 0, 0, 0, 0, 0, 0, 1, 2, 4, 0, 0, 0], [3, 6, 12, 3, 6, 12, 0, 0, 0, 0, 0, 0, 3, 6, 12, 3, 6, 12, 0, 0, 0, 0, 0, 0, 1, 2, 4]] b=[1, 1, 0]
[expanded] lin_constr_mtx=[[0, 0, 0, 1, 2, 4, 1, 2, 4, 1, 2, 4, 0, 0, 0, 0, 0, 0, 1, 2, 4, 0, 0, 0, 0, 0, 0, 1], [1, 2, 4, 1, 2, 4, 1, 2, 4, 1, 2, 4, 0, 0, 0, 0, 0, 0, 0, 0, 0, 1, 2, 4, 0, 0, 0, 1], [3, 6, 12, 3, 6, 12, 0, 0, 0, 0, 0, 0, 3, 6, 12, 3, 6, 12, 0, 0, 0, 0, 0, 0, 1, 2, 4, 0]]
Set parameter Username
[classical] objective=-0.0 solution={'C0006': 0, 'C0009': 0, 'C0013': 0, 'C0014': 0, 'C0017': 0, 'C0018': 0, 'row_slack_R0003': 1, 'row_slack_R0004': 1, 'row_slack_R0065': 0}
[circuit] metrics=[822, 56, 386, 806]
[solve] start
[solve] states=[[0, 0, 0, 0, 0, 0, 0, 0, 0, 0, 0, 0, 0, 0, 0, 0, 0, 0, 1, 0, 0, 1, 0, 0, 0, 0, 0]]
[solve] probs=[1.0]
[choco-best] objective=0.0 probability=1.0 solution={'C0001': 0, 'C0002': 0, 'C0005': 0, 'C0006': 0, 'C0009': 0, 'C0013': 0, 'row_slack_R0003': 1, 'row_slack_R0004': 1, 'row_slack_R0065': 0}
[parallel 118/274] path=data/miplib_benders/qaoa_problems/nvars_09/neos8_ds_qaoa_R0003_R0004_R0065_0001.json status=ok wall=1107.365061369026 peak_mb=428.265625 choco_obj=0.0
[problem] neos8_ds_qaoa_R0003_R0004_R0065_0005 path=data/miplib_benders/qaoa_problems/nvars_09/neos8_ds_qaoa_R0003_R0004_R0065_0005.json
[input] n_int=9 n_bin=27 n_constr=3
[input] A=[[1, 1, 1, 0, 0, 1, 1, 0, 0], [1, 1, 1, 0, 0, 0, 0, 1, 0], [3, 0, 0, 3, 3, 3, 0, 0, 1]] b=[1, 1, 0] c=[-2450, -2600, -2700, -1500, -1400, -1600, 0, 0, 0]
[encoding]
  C0009 = C0009_b0 + 2*C0009_b1 + 4*C0009_b2
  C0013 = C0013_b0 + 2*C0013_b1 + 4*C0013_b2
  C0014 = C0014_b0 + 2*C0014_b1 + 4*C0014_b2
  C0017 = C0017_b0 + 2*C0017_b1 + 4*C0017_b2
  C0018 = C0018_b0 + 2*C0018_b1 + 4*C0018_b2
  C0022 = C0022_b0 + 2*C0022_b1 + 4*C0022_b2
  row_slack_R0003 = row_slack_R0003_b0 + 2*row_slack_R0003_b1 + 4*row_slack_R0003_b2
  row_slack_R0004 = row_slack_R0004_b0 + 2*row_slack_R0004_b1 + 4*row_slack_R0004_b2
  row_slack_R0065 = row_slack_R0065_b0 + 2*row_slack_R0065_b1 + 4*row_slack_R0065_b2
[expanded] A_binary=[[1, 2, 4, 1, 2, 4, 1, 2, 4, 0, 0, 0, 0, 0, 0, 1, 2, 4, 1, 2, 4, 0, 0, 0, 0, 0, 0], [1, 2, 4, 1, 2, 4, 1, 2, 4, 0, 0, 0, 0, 0, 0, 0, 0, 0, 0, 0, 0, 1, 2, 4, 0, 0, 0], [3, 6, 12, 0, 0, 0, 0, 0, 0, 3, 6, 12, 3, 6, 12, 3, 6, 12, 0, 0, 0, 0, 0, 0, 1, 2, 4]] b=[1, 1, 0]
[expanded] lin_constr_mtx=[[1, 2, 4, 1, 2, 4, 1, 2, 4, 0, 0, 0, 0, 0, 0, 1, 2, 4, 1, 2, 4, 0, 0, 0, 0, 0, 0, 1], [1, 2, 4, 1, 2, 4, 1, 2, 4, 0, 0, 0, 0, 0, 0, 0, 0, 0, 0, 0, 0, 1, 2, 4, 0, 0, 0, 1], [3, 6, 12, 0, 0, 0, 0, 0, 0, 3, 6, 12, 3, 6, 12, 3, 6, 12, 0, 0, 0, 0, 0, 0, 1, 2, 4, 0]]
Set parameter Username
[classical] objective=-0.0 solution={'C0009': 0, 'C0013': 0, 'C0014': 0, 'C0017': 0, 'C0018': 0, 'C0022': 0, 'row_slack_R0003': 1, 'row_slack_R0004': 1, 'row_slack_R0065': 0}
[circuit] metrics=[822, 56, 386, 804]
[solve] start
[solve] states=[[0, 0, 0, 0, 0, 0, 0, 0, 0, 0, 0, 0, 0, 0, 0, 0, 0, 0, 1, 0, 0, 1, 0, 0, 0, 0, 0]]
[solve] probs=[1.0]
[choco-best] objective=0.0 probability=1.0 solution={'C0006': 0, 'C0009': 0, 'C0013': 0, 'C0014': 0, 'C0017': 0, 'C0018': 0, 'row_slack_R0003': 1, 'row_slack_R0004': 1, 'row_slack_R0065': 0}
[parallel 119/274] path=data/miplib_benders/qaoa_problems/nvars_09/neos8_ds_qaoa_R0003_R0004_R0065_0004.json status=ok wall=876.3899933110224 peak_mb=479.69140625 choco_obj=0.0
[problem] neos8_ds_qaoa_R0003_R0004_R0065_0006 path=data/miplib_benders/qaoa_problems/nvars_09/neos8_ds_qaoa_R0003_R0004_R0065_0006.json
[input] n_int=9 n_bin=27 n_constr=3
[input] A=[[1, 1, 0, 0, 1, 0, 1, 0, 0], [1, 1, 0, 0, 0, 1, 0, 1, 0], [0, 0, 3, 3, 3, 0, 0, 0, 1]] b=[1, 1, 0] c=[-2600, -2700, -1500, -1400, -1600, -1500, 0, 0, 0]
[encoding]
  C0013 = C0013_b0 + 2*C0013_b1 + 4*C0013_b2
  C0014 = C0014_b0 + 2*C0014_b1 + 4*C0014_b2
  C0017 = C0017_b0 + 2*C0017_b1 + 4*C0017_b2
  C0018 = C0018_b0 + 2*C0018_b1 + 4*C0018_b2
  C0022 = C0022_b0 + 2*C0022_b1 + 4*C0022_b2
  C0023 = C0023_b0 + 2*C0023_b1 + 4*C0023_b2
  row_slack_R0003 = row_slack_R0003_b0 + 2*row_slack_R0003_b1 + 4*row_slack_R0003_b2
  row_slack_R0004 = row_slack_R0004_b0 + 2*row_slack_R0004_b1 + 4*row_slack_R0004_b2
  row_slack_R0065 = row_slack_R0065_b0 + 2*row_slack_R0065_b1 + 4*row_slack_R0065_b2
[expanded] A_binary=[[1, 2, 4, 1, 2, 4, 0, 0, 0, 0, 0, 0, 1, 2, 4, 0, 0, 0, 1, 2, 4, 0, 0, 0, 0, 0, 0], [1, 2, 4, 1, 2, 4, 0, 0, 0, 0, 0, 0, 0, 0, 0, 1, 2, 4, 0, 0, 0, 1, 2, 4, 0, 0, 0], [0, 0, 0, 0, 0, 0, 3, 6, 12, 3, 6, 12, 3, 6, 12, 0, 0, 0, 0, 0, 0, 0, 0, 0, 1, 2, 4]] b=[1, 1, 0]
[expanded] lin_constr_mtx=[[1, 2, 4, 1, 2, 4, 0, 0, 0, 0, 0, 0, 1, 2, 4, 0, 0, 0, 1, 2, 4, 0, 0, 0, 0, 0, 0, 1], [1, 2, 4, 1, 2, 4, 0, 0, 0, 0, 0, 0, 0, 0, 0, 1, 2, 4, 0, 0, 0, 1, 2, 4, 0, 0, 0, 1], [0, 0, 0, 0, 0, 0, 3, 6, 12, 3, 6, 12, 3, 6, 12, 0, 0, 0, 0, 0, 0, 0, 0, 0, 1, 2, 4, 0]]
Set parameter Username
[classical] objective=-0.0 solution={'C0013': 0, 'C0014': 0, 'C0017': 0, 'C0018': 0, 'C0022': 0, 'C0023': 0, 'row_slack_R0003': 1, 'row_slack_R0004': 1, 'row_slack_R0065': 0}
[circuit] metrics=[727, 56, 317, 761]
[solve] start
[solve] states=[[0, 0, 0, 0, 0, 0, 0, 0, 0, 0, 0, 0, 0, 0, 0, 0, 0, 0, 1, 0, 0, 1, 0, 0, 0, 0, 0]]
[solve] probs=[1.0]
[choco-best] objective=0.0 probability=1.0 solution={'C0002': 0, 'C0005': 0, 'C0006': 0, 'C0009': 0, 'C0013': 0, 'C0014': 0, 'row_slack_R0003': 1, 'row_slack_R0004': 1, 'row_slack_R0065': 0}
[parallel 120/274] path=data/miplib_benders/qaoa_problems/nvars_09/neos8_ds_qaoa_R0003_R0004_R0065_0002.json status=ok wall=1355.834113738034 peak_mb=448.05859375 choco_obj=0.0
[problem] neos8_ds_qaoa_R0004_R0065_0001 path=data/miplib_benders/qaoa_problems/nvars_09/neos8_ds_qaoa_R0004_R0065_0001.json
[input] n_int=9 n_bin=27 n_constr=2
[input] A=[[0, 0, 1, 1, 1, 1, 1, 1, 0], [3, 3, 3, 3, 3, 0, 0, 0, 1]] b=[1, 0] c=[-2000, -1900, -2300, -2200, -2450, -2600, -2700, 0, 0]
[encoding]
  C0001 = C0001_b0 + 2*C0001_b1 + 4*C0001_b2
  C0002 = C0002_b0 + 2*C0002_b1 + 4*C0002_b2
  C0005 = C0005_b0 + 2*C0005_b1 + 4*C0005_b2
  C0006 = C0006_b0 + 2*C0006_b1 + 4*C0006_b2
  C0009 = C0009_b0 + 2*C0009_b1 + 4*C0009_b2
  C0013 = C0013_b0 + 2*C0013_b1 + 4*C0013_b2
  C0014 = C0014_b0 + 2*C0014_b1 + 4*C0014_b2
  row_slack_R0004 = row_slack_R0004_b0 + 2*row_slack_R0004_b1 + 4*row_slack_R0004_b2
  row_slack_R0065 = row_slack_R0065_b0 + 2*row_slack_R0065_b1 + 4*row_slack_R0065_b2
[expanded] A_binary=[[0, 0, 0, 0, 0, 0, 1, 2, 4, 1, 2, 4, 1, 2, 4, 1, 2, 4, 1, 2, 4, 1, 2, 4, 0, 0, 0], [3, 6, 12, 3, 6, 12, 3, 6, 12, 3, 6, 12, 3, 6, 12, 0, 0, 0, 0, 0, 0, 0, 0, 0, 1, 2, 4]] b=[1, 0]
[expanded] lin_constr_mtx=[[0, 0, 0, 0, 0, 0, 1, 2, 4, 1, 2, 4, 1, 2, 4, 1, 2, 4, 1, 2, 4, 1, 2, 4, 0, 0, 0, 1], [3, 6, 12, 3, 6, 12, 3, 6, 12, 3, 6, 12, 3, 6, 12, 0, 0, 0, 0, 0, 0, 0, 0, 0, 1, 2, 4, 0]]
Set parameter Username
[classical] objective=-0.0 solution={'C0001': 0, 'C0002': 0, 'C0005': 0, 'C0006': 0, 'C0009': 0, 'C0013': 0, 'C0014': 0, 'row_slack_R0004': 1, 'row_slack_R0065': 0}
[circuit] metrics=[575, 56, 281, 591]
[solve] start
[solve] states=[[0, 0, 0, 0, 0, 0, 0, 0, 0, 0, 0, 0, 0, 0, 0, 0, 0, 0, 1, 0, 0, 1, 0, 0, 0, 0, 0]]
[solve] probs=[1.0]
[choco-best] objective=0.0 probability=1.0 solution={'C0005': 0, 'C0006': 0, 'C0009': 0, 'C0013': 0, 'C0014': 0, 'C0017': 0, 'row_slack_R0003': 1, 'row_slack_R0004': 1, 'row_slack_R0065': 0}
[parallel 121/274] path=data/miplib_benders/qaoa_problems/nvars_09/neos8_ds_qaoa_R0003_R0004_R0065_0003.json status=ok wall=1514.7533544800244 peak_mb=430.77734375 choco_obj=0.0
[problem] neos8_ds_qaoa_R0004_R0065_0002 path=data/miplib_benders/qaoa_problems/nvars_09/neos8_ds_qaoa_R0004_R0065_0002.json
[input] n_int=9 n_bin=27 n_constr=2
[input] A=[[0, 1, 1, 1, 1, 1, 0, 1, 0], [3, 3, 3, 3, 0, 0, 3, 0, 1]] b=[1, 0] c=[-1900, -2300, -2200, -2450, -2600, -2700, -1500, 0, 0]
[encoding]
  C0002 = C0002_b0 + 2*C0002_b1 + 4*C0002_b2
  C0005 = C0005_b0 + 2*C0005_b1 + 4*C0005_b2
  C0006 = C0006_b0 + 2*C0006_b1 + 4*C0006_b2
  C0009 = C0009_b0 + 2*C0009_b1 + 4*C0009_b2
  C0013 = C0013_b0 + 2*C0013_b1 + 4*C0013_b2
  C0014 = C0014_b0 + 2*C0014_b1 + 4*C0014_b2
  C0017 = C0017_b0 + 2*C0017_b1 + 4*C0017_b2
  row_slack_R0004 = row_slack_R0004_b0 + 2*row_slack_R0004_b1 + 4*row_slack_R0004_b2
  row_slack_R0065 = row_slack_R0065_b0 + 2*row_slack_R0065_b1 + 4*row_slack_R0065_b2
[expanded] A_binary=[[0, 0, 0, 1, 2, 4, 1, 2, 4, 1, 2, 4, 1, 2, 4, 1, 2, 4, 0, 0, 0, 1, 2, 4, 0, 0, 0], [3, 6, 12, 3, 6, 12, 3, 6, 12, 3, 6, 12, 0, 0, 0, 0, 0, 0, 3, 6, 12, 0, 0, 0, 1, 2, 4]] b=[1, 0]
[expanded] lin_constr_mtx=[[0, 0, 0, 1, 2, 4, 1, 2, 4, 1, 2, 4, 1, 2, 4, 1, 2, 4, 0, 0, 0, 1, 2, 4, 0, 0, 0, 1], [3, 6, 12, 3, 6, 12, 3, 6, 12, 3, 6, 12, 0, 0, 0, 0, 0, 0, 3, 6, 12, 0, 0, 0, 1, 2, 4, 0]]
Set parameter Username
[classical] objective=-0.0 solution={'C0002': 0, 'C0005': 0, 'C0006': 0, 'C0009': 0, 'C0013': 0, 'C0014': 0, 'C0017': 0, 'row_slack_R0004': 1, 'row_slack_R0065': 0}
[circuit] metrics=[618, 56, 301, 591]
[solve] start
[solve] states=[[0, 0, 0, 0, 0, 0, 0, 0, 0, 0, 0, 0, 0, 0, 0, 0, 0, 0, 0, 0, 0, 1, 0, 0, 0, 0, 0]]
[solve] probs=[1.0]
[choco-best] objective=0.0 probability=1.0 solution={'C0001': 0, 'C0002': 0, 'C0005': 0, 'C0006': 0, 'C0009': 0, 'C0013': 0, 'C0014': 0, 'row_slack_R0004': 1, 'row_slack_R0065': 0}
[parallel 122/274] path=data/miplib_benders/qaoa_problems/nvars_09/neos8_ds_qaoa_R0004_R0065_0001.json status=ok wall=734.0088267020183 peak_mb=428.8203125 choco_obj=0.0
[problem] neos8_ds_qaoa_R0004_R0065_0003 path=data/miplib_benders/qaoa_problems/nvars_09/neos8_ds_qaoa_R0004_R0065_0003.json
[input] n_int=9 n_bin=27 n_constr=2
[input] A=[[1, 1, 1, 1, 1, 0, 0, 1, 0], [3, 3, 3, 0, 0, 3, 3, 0, 1]] b=[1, 0] c=[-2300, -2200, -2450, -2600, -2700, -1500, -1400, 0, 0]
[encoding]
  C0005 = C0005_b0 + 2*C0005_b1 + 4*C0005_b2
  C0006 = C0006_b0 + 2*C0006_b1 + 4*C0006_b2
  C0009 = C0009_b0 + 2*C0009_b1 + 4*C0009_b2
  C0013 = C0013_b0 + 2*C0013_b1 + 4*C0013_b2
  C0014 = C0014_b0 + 2*C0014_b1 + 4*C0014_b2
  C0017 = C0017_b0 + 2*C0017_b1 + 4*C0017_b2
  C0018 = C0018_b0 + 2*C0018_b1 + 4*C0018_b2
  row_slack_R0004 = row_slack_R0004_b0 + 2*row_slack_R0004_b1 + 4*row_slack_R0004_b2
  row_slack_R0065 = row_slack_R0065_b0 + 2*row_slack_R0065_b1 + 4*row_slack_R0065_b2
[expanded] A_binary=[[1, 2, 4, 1, 2, 4, 1, 2, 4, 1, 2, 4, 1, 2, 4, 0, 0, 0, 0, 0, 0, 1, 2, 4, 0, 0, 0], [3, 6, 12, 3, 6, 12, 3, 6, 12, 0, 0, 0, 0, 0, 0, 3, 6, 12, 3, 6, 12, 0, 0, 0, 1, 2, 4]] b=[1, 0]
[expanded] lin_constr_mtx=[[1, 2, 4, 1, 2, 4, 1, 2, 4, 1, 2, 4, 1, 2, 4, 0, 0, 0, 0, 0, 0, 1, 2, 4, 0, 0, 0, 1], [3, 6, 12, 3, 6, 12, 3, 6, 12, 0, 0, 0, 0, 0, 0, 3, 6, 12, 3, 6, 12, 0, 0, 0, 1, 2, 4, 0]]
Set parameter Username
[classical] objective=-0.0 solution={'C0005': 0, 'C0006': 0, 'C0009': 0, 'C0013': 0, 'C0014': 0, 'C0017': 0, 'C0018': 0, 'row_slack_R0004': 1, 'row_slack_R0065': 0}
[circuit] metrics=[505, 56, 245, 523]
[solve] start
[solve] states=[[0, 0, 0, 0, 0, 0, 0, 0, 0, 0, 0, 0, 0, 0, 0, 0, 0, 0, 1, 0, 0, 1, 0, 0, 0, 0, 0]]
[solve] probs=[1.0]
[choco-best] objective=0.0 probability=1.0 solution={'C0009': 0, 'C0013': 0, 'C0014': 0, 'C0017': 0, 'C0018': 0, 'C0022': 0, 'row_slack_R0003': 1, 'row_slack_R0004': 1, 'row_slack_R0065': 0}
[parallel 123/274] path=data/miplib_benders/qaoa_problems/nvars_09/neos8_ds_qaoa_R0003_R0004_R0065_0005.json status=ok wall=1194.747897116933 peak_mb=430.53125 choco_obj=0.0
[problem] neos8_ds_qaoa_R0004_R0065_0004 path=data/miplib_benders/qaoa_problems/nvars_09/neos8_ds_qaoa_R0004_R0065_0004.json
[input] n_int=9 n_bin=27 n_constr=2
[input] A=[[1, 1, 1, 1, 0, 0, 0, 1, 0], [3, 3, 0, 0, 3, 3, 3, 0, 1]] b=[1, 0] c=[-2200, -2450, -2600, -2700, -1500, -1400, -1600, 0, 0]
[encoding]
  C0006 = C0006_b0 + 2*C0006_b1 + 4*C0006_b2
  C0009 = C0009_b0 + 2*C0009_b1 + 4*C0009_b2
  C0013 = C0013_b0 + 2*C0013_b1 + 4*C0013_b2
  C0014 = C0014_b0 + 2*C0014_b1 + 4*C0014_b2
  C0017 = C0017_b0 + 2*C0017_b1 + 4*C0017_b2
  C0018 = C0018_b0 + 2*C0018_b1 + 4*C0018_b2
  C0022 = C0022_b0 + 2*C0022_b1 + 4*C0022_b2
  row_slack_R0004 = row_slack_R0004_b0 + 2*row_slack_R0004_b1 + 4*row_slack_R0004_b2
  row_slack_R0065 = row_slack_R0065_b0 + 2*row_slack_R0065_b1 + 4*row_slack_R0065_b2
[expanded] A_binary=[[1, 2, 4, 1, 2, 4, 1, 2, 4, 1, 2, 4, 0, 0, 0, 0, 0, 0, 0, 0, 0, 1, 2, 4, 0, 0, 0], [3, 6, 12, 3, 6, 12, 0, 0, 0, 0, 0, 0, 3, 6, 12, 3, 6, 12, 3, 6, 12, 0, 0, 0, 1, 2, 4]] b=[1, 0]
[expanded] lin_constr_mtx=[[1, 2, 4, 1, 2, 4, 1, 2, 4, 1, 2, 4, 0, 0, 0, 0, 0, 0, 0, 0, 0, 1, 2, 4, 0, 0, 0, 1], [3, 6, 12, 3, 6, 12, 0, 0, 0, 0, 0, 0, 3, 6, 12, 3, 6, 12, 3, 6, 12, 0, 0, 0, 1, 2, 4, 0]]
Set parameter Username
[classical] objective=-0.0 solution={'C0006': 0, 'C0009': 0, 'C0013': 0, 'C0014': 0, 'C0017': 0, 'C0018': 0, 'C0022': 0, 'row_slack_R0004': 1, 'row_slack_R0065': 0}
[circuit] metrics=[615, 56, 302, 622]
[solve] start
[solve] states=[[0, 0, 0, 0, 0, 0, 0, 0, 0, 0, 0, 0, 0, 0, 0, 0, 0, 0, 0, 0, 0, 1, 0, 0, 0, 0, 0]]
[solve] probs=[1.0]
[choco-best] objective=0.0 probability=1.0 solution={'C0002': 0, 'C0005': 0, 'C0006': 0, 'C0009': 0, 'C0013': 0, 'C0014': 0, 'C0017': 0, 'row_slack_R0004': 1, 'row_slack_R0065': 0}
[parallel 124/274] path=data/miplib_benders/qaoa_problems/nvars_09/neos8_ds_qaoa_R0004_R0065_0002.json status=ok wall=759.9687101820018 peak_mb=428.8515625 choco_obj=0.0
[problem] neos8_ds_qaoa_R0004_R0065_0005 path=data/miplib_benders/qaoa_problems/nvars_09/neos8_ds_qaoa_R0004_R0065_0005.json
[input] n_int=9 n_bin=27 n_constr=2
[input] A=[[1, 1, 1, 0, 0, 0, 1, 1, 0], [3, 0, 0, 3, 3, 3, 0, 0, 1]] b=[1, 0] c=[-2450, -2600, -2700, -1500, -1400, -1600, -1500, 0, 0]
[encoding]
  C0009 = C0009_b0 + 2*C0009_b1 + 4*C0009_b2
  C0013 = C0013_b0 + 2*C0013_b1 + 4*C0013_b2
  C0014 = C0014_b0 + 2*C0014_b1 + 4*C0014_b2
  C0017 = C0017_b0 + 2*C0017_b1 + 4*C0017_b2
  C0018 = C0018_b0 + 2*C0018_b1 + 4*C0018_b2
  C0022 = C0022_b0 + 2*C0022_b1 + 4*C0022_b2
  C0023 = C0023_b0 + 2*C0023_b1 + 4*C0023_b2
  row_slack_R0004 = row_slack_R0004_b0 + 2*row_slack_R0004_b1 + 4*row_slack_R0004_b2
  row_slack_R0065 = row_slack_R0065_b0 + 2*row_slack_R0065_b1 + 4*row_slack_R0065_b2
[expanded] A_binary=[[1, 2, 4, 1, 2, 4, 1, 2, 4, 0, 0, 0, 0, 0, 0, 0, 0, 0, 1, 2, 4, 1, 2, 4, 0, 0, 0], [3, 6, 12, 0, 0, 0, 0, 0, 0, 3, 6, 12, 3, 6, 12, 3, 6, 12, 0, 0, 0, 0, 0, 0, 1, 2, 4]] b=[1, 0]
[expanded] lin_constr_mtx=[[1, 2, 4, 1, 2, 4, 1, 2, 4, 0, 0, 0, 0, 0, 0, 0, 0, 0, 1, 2, 4, 1, 2, 4, 0, 0, 0, 1], [3, 6, 12, 0, 0, 0, 0, 0, 0, 3, 6, 12, 3, 6, 12, 3, 6, 12, 0, 0, 0, 0, 0, 0, 1, 2, 4, 0]]
Set parameter Username
[classical] objective=-0.0 solution={'C0009': 0, 'C0013': 0, 'C0014': 0, 'C0017': 0, 'C0018': 0, 'C0022': 0, 'C0023': 0, 'row_slack_R0004': 1, 'row_slack_R0065': 0}
[circuit] metrics=[655, 56, 320, 622]
[solve] start
[solve] states=[[0, 0, 0, 0, 0, 0, 0, 0, 0, 0, 0, 0, 0, 0, 0, 0, 0, 0, 1, 0, 0, 1, 0, 0, 0, 0, 0], [0, 0, 0, 0, 0, 0, 0, 0, 0, 0, 0, 0, 1, 1, 0, 0, 0, 0, 1, 0, 0, 1, 0, 0, 0, 0, 0], [0, 0, 0, 0, 0, 0, 1, 0, 0, 0, 0, 0, 1, 0, 0, 0, 0, 0, 1, 0, 1, 1, 0, 0, 0, 0, 0], [0, 0, 0, 0, 0, 0, 1, 0, 0, 0, 0, 0, 1, 0, 0, 0, 0, 0, 1, 1, 0, 1, 0, 0, 0, 0, 0]]
[solve] probs=[0.98046875, 0.00390625, 0.0078125, 0.0078125]
[choco-best] objective=0.0 probability=0.98046875 solution={'C0013': 0, 'C0014': 0, 'C0017': 0, 'C0018': 0, 'C0022': 0, 'C0023': 0, 'row_slack_R0003': 1, 'row_slack_R0004': 1, 'row_slack_R0065': 0}
[parallel 125/274] path=data/miplib_benders/qaoa_problems/nvars_09/neos8_ds_qaoa_R0003_R0004_R0065_0006.json status=ok wall=1149.5869474459905 peak_mb=428.73828125 choco_obj=0.0
[problem] neos8_ds_qaoa_R0004_R0065_0007 path=data/miplib_benders/qaoa_problems/nvars_09/neos8_ds_qaoa_R0004_R0065_0007.json
[input] n_int=9 n_bin=27 n_constr=2
[input] A=[[1, 0, 0, 0, 1, 1, 1, 1, 0], [0, 3, 3, 3, 0, 0, 3, 0, 1]] b=[1, 0] c=[-2700, -1500, -1400, -1600, -1500, -1500, -1450, 0, 0]
[encoding]
  C0014 = C0014_b0 + 2*C0014_b1 + 4*C0014_b2
  C0017 = C0017_b0 + 2*C0017_b1 + 4*C0017_b2
  C0018 = C0018_b0 + 2*C0018_b1 + 4*C0018_b2
  C0022 = C0022_b0 + 2*C0022_b1 + 4*C0022_b2
  C0023 = C0023_b0 + 2*C0023_b1 + 4*C0023_b2
  C0024 = C0024_b0 + 2*C0024_b1 + 4*C0024_b2
  C0025 = C0025_b0 + 2*C0025_b1 + 4*C0025_b2
  row_slack_R0004 = row_slack_R0004_b0 + 2*row_slack_R0004_b1 + 4*row_slack_R0004_b2
  row_slack_R0065 = row_slack_R0065_b0 + 2*row_slack_R0065_b1 + 4*row_slack_R0065_b2
[expanded] A_binary=[[1, 2, 4, 0, 0, 0, 0, 0, 0, 0, 0, 0, 1, 2, 4, 1, 2, 4, 1, 2, 4, 1, 2, 4, 0, 0, 0], [0, 0, 0, 3, 6, 12, 3, 6, 12, 3, 6, 12, 0, 0, 0, 0, 0, 0, 3, 6, 12, 0, 0, 0, 1, 2, 4]] b=[1, 0]
[expanded] lin_constr_mtx=[[1, 2, 4, 0, 0, 0, 0, 0, 0, 0, 0, 0, 1, 2, 4, 1, 2, 4, 1, 2, 4, 1, 2, 4, 0, 0, 0, 1], [0, 0, 0, 3, 6, 12, 3, 6, 12, 3, 6, 12, 0, 0, 0, 0, 0, 0, 3, 6, 12, 0, 0, 0, 1, 2, 4, 0]]
Set parameter Username
[classical] objective=-0.0 solution={'C0014': 0, 'C0017': 0, 'C0018': 0, 'C0022': 0, 'C0023': 0, 'C0024': 0, 'C0025': 0, 'row_slack_R0004': 1, 'row_slack_R0065': 0}
[circuit] metrics=[302, 56, 143, 387]
[solve] start
[solve] states=[[0, 0, 0, 0, 0, 0, 0, 0, 0, 0, 0, 0, 0, 0, 0, 0, 0, 0, 0, 0, 0, 1, 0, 0, 0, 0, 0]]
[solve] probs=[1.0]
[choco-best] objective=0.0 probability=1.0 solution={'C0005': 0, 'C0006': 0, 'C0009': 0, 'C0013': 0, 'C0014': 0, 'C0017': 0, 'C0018': 0, 'row_slack_R0004': 1, 'row_slack_R0065': 0}
[parallel 126/274] path=data/miplib_benders/qaoa_problems/nvars_09/neos8_ds_qaoa_R0004_R0065_0003.json status=ok wall=719.4068781000096 peak_mb=420.09765625 choco_obj=0.0
[problem] neos8_ds_qaoa_R0004_R0065_0008 path=data/miplib_benders/qaoa_problems/nvars_09/neos8_ds_qaoa_R0004_R0065_0008.json
[input] n_int=9 n_bin=27 n_constr=2
[input] A=[[0, 0, 0, 1, 1, 1, 1, 1, 0], [3, 3, 3, 0, 0, 3, 3, 0, 1]] b=[1, 0] c=[-1500, -1400, -1600, -1500, -1500, -1450, -1850, 0, 0]
[encoding]
  C0017 = C0017_b0 + 2*C0017_b1 + 4*C0017_b2
  C0018 = C0018_b0 + 2*C0018_b1 + 4*C0018_b2
  C0022 = C0022_b0 + 2*C0022_b1 + 4*C0022_b2
  C0023 = C0023_b0 + 2*C0023_b1 + 4*C0023_b2
  C0024 = C0024_b0 + 2*C0024_b1 + 4*C0024_b2
  C0025 = C0025_b0 + 2*C0025_b1 + 4*C0025_b2
  C0026 = C0026_b0 + 2*C0026_b1 + 4*C0026_b2
  row_slack_R0004 = row_slack_R0004_b0 + 2*row_slack_R0004_b1 + 4*row_slack_R0004_b2
  row_slack_R0065 = row_slack_R0065_b0 + 2*row_slack_R0065_b1 + 4*row_slack_R0065_b2
[expanded] A_binary=[[0, 0, 0, 0, 0, 0, 0, 0, 0, 1, 2, 4, 1, 2, 4, 1, 2, 4, 1, 2, 4, 1, 2, 4, 0, 0, 0], [3, 6, 12, 3, 6, 12, 3, 6, 12, 0, 0, 0, 0, 0, 0, 3, 6, 12, 3, 6, 12, 0, 0, 0, 1, 2, 4]] b=[1, 0]
[expanded] lin_constr_mtx=[[0, 0, 0, 0, 0, 0, 0, 0, 0, 1, 2, 4, 1, 2, 4, 1, 2, 4, 1, 2, 4, 1, 2, 4, 0, 0, 0, 1], [3, 6, 12, 3, 6, 12, 3, 6, 12, 0, 0, 0, 0, 0, 0, 3, 6, 12, 3, 6, 12, 0, 0, 0, 1, 2, 4, 0]]
Set parameter Username
[classical] objective=-0.0 solution={'C0017': 0, 'C0018': 0, 'C0022': 0, 'C0023': 0, 'C0024': 0, 'C0025': 0, 'C0026': 0, 'row_slack_R0004': 1, 'row_slack_R0065': 0}
[circuit] metrics=[452, 56, 218, 486]
[solve] start
[solve] states=[[0, 0, 0, 0, 0, 0, 0, 0, 0, 0, 0, 0, 0, 0, 0, 0, 0, 0, 0, 0, 0, 1, 0, 0, 0, 0, 0], [0, 0, 0, 0, 0, 0, 1, 1, 0, 0, 0, 0, 0, 0, 0, 0, 0, 0, 0, 0, 0, 1, 0, 0, 0, 0, 0]]
[solve] probs=[0.99609375, 0.00390625]
[choco-best] objective=0.0 probability=0.99609375 solution={'C0006': 0, 'C0009': 0, 'C0013': 0, 'C0014': 0, 'C0017': 0, 'C0018': 0, 'C0022': 0, 'row_slack_R0004': 1, 'row_slack_R0065': 0}
[parallel 127/274] path=data/miplib_benders/qaoa_problems/nvars_09/neos8_ds_qaoa_R0004_R0065_0004.json status=ok wall=917.4670527009293 peak_mb=420.26953125 choco_obj=0.0
[problem] supportcase6_ds_qaoa_c539_c722_0006 path=data/miplib_benders/qaoa_problems/nvars_09/supportcase6_ds_qaoa_c539_c722_0006.json
[input] n_int=9 n_bin=27 n_constr=2
[input] A=[[0, 0, 0, 0, 0, 0, -1, -1, -1], [1, 1, 1, 1, 1, 1, 1, 1, 1]] b=[0, 1] c=[151847000, 150892000, 134333000, 145944000, 144887000, 151847000, 150892000, 134333000, 145944000]
[encoding]
  B100623(7) = B100623_7__b0 + 2*B100623_7__b1 + 4*B100623_7__b2
  B101029(7) = B101029_7__b0 + 2*B101029_7__b1 + 4*B101029_7__b2
  B101035(7) = B101035_7__b0 + 2*B101035_7__b1 + 4*B101035_7__b2
  B101037(7) = B101037_7__b0 + 2*B101037_7__b1 + 4*B101037_7__b2
  B101043(7) = B101043_7__b0 + 2*B101043_7__b1 + 4*B101043_7__b2
  B101058(7) = B101058_7__b0 + 2*B101058_7__b1 + 4*B101058_7__b2
  B101479(7) = B101479_7__b0 + 2*B101479_7__b1 + 4*B101479_7__b2
  B101485(7) = B101485_7__b0 + 2*B101485_7__b1 + 4*B101485_7__b2
  B101487(7) = B101487_7__b0 + 2*B101487_7__b1 + 4*B101487_7__b2
[expanded] A_binary=[[0, 0, 0, 0, 0, 0, 0, 0, 0, 0, 0, 0, 0, 0, 0, 0, 0, 0, -1, -2, -4, -1, -2, -4, -1, -2, -4], [1, 2, 4, 1, 2, 4, 1, 2, 4, 1, 2, 4, 1, 2, 4, 1, 2, 4, 1, 2, 4, 1, 2, 4, 1, 2, 4]] b=[0, 1]
[expanded] lin_constr_mtx=[[0, 0, 0, 0, 0, 0, 0, 0, 0, 0, 0, 0, 0, 0, 0, 0, 0, 0, -1, -2, -4, -1, -2, -4, -1, -2, -4, 0], [1, 2, 4, 1, 2, 4, 1, 2, 4, 1, 2, 4, 1, 2, 4, 1, 2, 4, 1, 2, 4, 1, 2, 4, 1, 2, 4, 1]]
Set parameter Username
[classical] objective=151847000.0 solution={'B100623(7)': 0, 'B101029(7)': 0, 'B101035(7)': 0, 'B101037(7)': 0, 'B101043(7)': 0, 'B101058(7)': 1, 'B101479(7)': 0, 'B101485(7)': 0, 'B101487(7)': 0}
[circuit] metrics=[229, 56, 102, 298]
[solve] start
[solve] states=[[0, 0, 0, 0, 0, 0, 0, 0, 0, 0, 0, 0, 0, 0, 0, 0, 0, 0, 0, 0, 0, 1, 0, 0, 0, 0, 0], [0, 0, 0, 1, 0, 0, 0, 0, 0, 0, 0, 1, 0, 0, 0, 0, 0, 0, 0, 0, 0, 1, 0, 0, 0, 0, 0]]
[solve] probs=[0.99609375, 0.00390625]
[choco-best] objective=0.0 probability=0.99609375 solution={'C0014': 0, 'C0017': 0, 'C0018': 0, 'C0022': 0, 'C0023': 0, 'C0024': 0, 'C0025': 0, 'row_slack_R0004': 1, 'row_slack_R0065': 0}
[parallel 128/274] path=data/miplib_benders/qaoa_problems/nvars_09/neos8_ds_qaoa_R0004_R0065_0007.json status=ok wall=968.4126286059618 peak_mb=428.8359375 choco_obj=0.0
[problem] supportcase6_ds_qaoa_c539_c722_c726_0006 path=data/miplib_benders/qaoa_problems/nvars_09/supportcase6_ds_qaoa_c539_c722_c726_0006.json
[input] n_int=9 n_bin=27 n_constr=3
[input] A=[[0, 0, 0, 0, 0, 0, -1, -1, -1], [1, 1, 1, 1, 1, 1, 1, 1, 1], [1, 1, 1, 1, 0, 1, 1, 1, 1]] b=[0, 1, 1] c=[151847000, 150892000, 134333000, 145944000, 144887000, 151847000, 150892000, 134333000, 145944000]
[encoding]
  B100623(7) = B100623_7__b0 + 2*B100623_7__b1 + 4*B100623_7__b2
  B101029(7) = B101029_7__b0 + 2*B101029_7__b1 + 4*B101029_7__b2
  B101035(7) = B101035_7__b0 + 2*B101035_7__b1 + 4*B101035_7__b2
  B101037(7) = B101037_7__b0 + 2*B101037_7__b1 + 4*B101037_7__b2
  B101043(7) = B101043_7__b0 + 2*B101043_7__b1 + 4*B101043_7__b2
  B101058(7) = B101058_7__b0 + 2*B101058_7__b1 + 4*B101058_7__b2
  B101479(7) = B101479_7__b0 + 2*B101479_7__b1 + 4*B101479_7__b2
  B101485(7) = B101485_7__b0 + 2*B101485_7__b1 + 4*B101485_7__b2
  B101487(7) = B101487_7__b0 + 2*B101487_7__b1 + 4*B101487_7__b2
[expanded] A_binary=[[0, 0, 0, 0, 0, 0, 0, 0, 0, 0, 0, 0, 0, 0, 0, 0, 0, 0, -1, -2, -4, -1, -2, -4, -1, -2, -4], [1, 2, 4, 1, 2, 4, 1, 2, 4, 1, 2, 4, 1, 2, 4, 1, 2, 4, 1, 2, 4, 1, 2, 4, 1, 2, 4], [1, 2, 4, 1, 2, 4, 1, 2, 4, 1, 2, 4, 0, 0, 0, 1, 2, 4, 1, 2, 4, 1, 2, 4, 1, 2, 4]] b=[0, 1, 1]
[expanded] lin_constr_mtx=[[0, 0, 0, 0, 0, 0, 0, 0, 0, 0, 0, 0, 0, 0, 0, 0, 0, 0, -1, -2, -4, -1, -2, -4, -1, -2, -4, 0], [1, 2, 4, 1, 2, 4, 1, 2, 4, 1, 2, 4, 1, 2, 4, 1, 2, 4, 1, 2, 4, 1, 2, 4, 1, 2, 4, 1], [1, 2, 4, 1, 2, 4, 1, 2, 4, 1, 2, 4, 0, 0, 0, 1, 2, 4, 1, 2, 4, 1, 2, 4, 1, 2, 4, 1]]
Set parameter Username
[classical] objective=151847000.0 solution={'B100623(7)': 1, 'B101029(7)': 0, 'B101035(7)': 0, 'B101037(7)': 0, 'B101043(7)': 0, 'B101058(7)': 0, 'B101479(7)': 0, 'B101485(7)': 0, 'B101487(7)': 0}
[circuit] metrics=[189, 56, 84, 289]
[solve] start
[solve] states=[[0, 0, 0, 0, 0, 0, 0, 0, 0, 0, 0, 0, 0, 0, 0, 0, 0, 0, 0, 0, 0, 1, 0, 0, 0, 0, 0]]
[solve] probs=[1.0]
[choco-best] objective=0.0 probability=1.0 solution={'C0009': 0, 'C0013': 0, 'C0014': 0, 'C0017': 0, 'C0018': 0, 'C0022': 0, 'C0023': 0, 'row_slack_R0004': 1, 'row_slack_R0065': 0}
[parallel 129/274] path=data/miplib_benders/qaoa_problems/nvars_09/neos8_ds_qaoa_R0004_R0065_0005.json status=ok wall=1074.683635315043 peak_mb=428.37109375 choco_obj=0.0
[problem] supportcase6_ds_qaoa_c722_c726_0001 path=data/miplib_benders/qaoa_problems/nvars_09/supportcase6_ds_qaoa_c722_c726_0001.json
[input] n_int=9 n_bin=27 n_constr=2
[input] A=[[1, 1, 1, 1, 1, 1, 1, 1, 1], [1, 1, 1, 1, 0, 1, 1, 1, 1]] b=[1, 1] c=[151847000, 150892000, 134333000, 145944000, 144887000, 151847000, 150892000, 134333000, 145944000]
[encoding]
  B100166(7) = B100166_7__b0 + 2*B100166_7__b1 + 4*B100166_7__b2
  B100594(7) = B100594_7__b0 + 2*B100594_7__b1 + 4*B100594_7__b2
  B100600(7) = B100600_7__b0 + 2*B100600_7__b1 + 4*B100600_7__b2
  B100602(7) = B100602_7__b0 + 2*B100602_7__b1 + 4*B100602_7__b2
  B100608(7) = B100608_7__b0 + 2*B100608_7__b1 + 4*B100608_7__b2
  B100623(7) = B100623_7__b0 + 2*B100623_7__b1 + 4*B100623_7__b2
  B101029(7) = B101029_7__b0 + 2*B101029_7__b1 + 4*B101029_7__b2
  B101035(7) = B101035_7__b0 + 2*B101035_7__b1 + 4*B101035_7__b2
  B101037(7) = B101037_7__b0 + 2*B101037_7__b1 + 4*B101037_7__b2
[expanded] A_binary=[[1, 2, 4, 1, 2, 4, 1, 2, 4, 1, 2, 4, 1, 2, 4, 1, 2, 4, 1, 2, 4, 1, 2, 4, 1, 2, 4], [1, 2, 4, 1, 2, 4, 1, 2, 4, 1, 2, 4, 0, 0, 0, 1, 2, 4, 1, 2, 4, 1, 2, 4, 1, 2, 4]] b=[1, 1]
[expanded] lin_constr_mtx=[[1, 2, 4, 1, 2, 4, 1, 2, 4, 1, 2, 4, 1, 2, 4, 1, 2, 4, 1, 2, 4, 1, 2, 4, 1, 2, 4, 1], [1, 2, 4, 1, 2, 4, 1, 2, 4, 1, 2, 4, 0, 0, 0, 1, 2, 4, 1, 2, 4, 1, 2, 4, 1, 2, 4, 1]]
Set parameter Username
[classical] objective=151847000.0 solution={'B100166(7)': 1, 'B100594(7)': 0, 'B100600(7)': 0, 'B100602(7)': 0, 'B100608(7)': 0, 'B100623(7)': 0, 'B101029(7)': 0, 'B101035(7)': 0, 'B101037(7)': 0}
[circuit] metrics=[309, 56, 138, 298]
[solve] start
[solve] states=[[0, 0, 0, 0, 0, 0, 0, 0, 0, 0, 0, 0, 0, 0, 0, 0, 0, 0, 0, 0, 0, 1, 0, 0, 0, 0, 0], [1, 0, 0, 0, 0, 0, 0, 0, 0, 1, 0, 0, 0, 0, 0, 0, 0, 0, 0, 1, 0, 1, 0, 0, 0, 0, 0]]
[solve] probs=[0.99609375, 0.00390625]
[choco-best] objective=0.0 probability=0.99609375 solution={'C0017': 0, 'C0018': 0, 'C0022': 0, 'C0023': 0, 'C0024': 0, 'C0025': 0, 'C0026': 0, 'row_slack_R0004': 1, 'row_slack_R0065': 0}
[parallel 130/274] path=data/miplib_benders/qaoa_problems/nvars_09/neos8_ds_qaoa_R0004_R0065_0008.json status=ok wall=762.3180263369577 peak_mb=419.90625 choco_obj=0.0
[problem] supportcase6_ds_qaoa_c722_c726_0002 path=data/miplib_benders/qaoa_problems/nvars_09/supportcase6_ds_qaoa_c722_c726_0002.json
[input] n_int=9 n_bin=27 n_constr=2
[input] A=[[1, 1, 1, 1, 1, 1, 1, 1, 1], [1, 1, 1, 0, 1, 1, 1, 1, 0]] b=[1, 1] c=[150892000, 134333000, 145944000, 144887000, 151847000, 150892000, 134333000, 145944000, 144887000]
[encoding]
  B100594(7) = B100594_7__b0 + 2*B100594_7__b1 + 4*B100594_7__b2
  B100600(7) = B100600_7__b0 + 2*B100600_7__b1 + 4*B100600_7__b2
  B100602(7) = B100602_7__b0 + 2*B100602_7__b1 + 4*B100602_7__b2
  B100608(7) = B100608_7__b0 + 2*B100608_7__b1 + 4*B100608_7__b2
  B100623(7) = B100623_7__b0 + 2*B100623_7__b1 + 4*B100623_7__b2
  B101029(7) = B101029_7__b0 + 2*B101029_7__b1 + 4*B101029_7__b2
  B101035(7) = B101035_7__b0 + 2*B101035_7__b1 + 4*B101035_7__b2
  B101037(7) = B101037_7__b0 + 2*B101037_7__b1 + 4*B101037_7__b2
  B101043(7) = B101043_7__b0 + 2*B101043_7__b1 + 4*B101043_7__b2
[expanded] A_binary=[[1, 2, 4, 1, 2, 4, 1, 2, 4, 1, 2, 4, 1, 2, 4, 1, 2, 4, 1, 2, 4, 1, 2, 4, 1, 2, 4], [1, 2, 4, 1, 2, 4, 1, 2, 4, 0, 0, 0, 1, 2, 4, 1, 2, 4, 1, 2, 4, 1, 2, 4, 0, 0, 0]] b=[1, 1]
[expanded] lin_constr_mtx=[[1, 2, 4, 1, 2, 4, 1, 2, 4, 1, 2, 4, 1, 2, 4, 1, 2, 4, 1, 2, 4, 1, 2, 4, 1, 2, 4, 1], [1, 2, 4, 1, 2, 4, 1, 2, 4, 0, 0, 0, 1, 2, 4, 1, 2, 4, 1, 2, 4, 1, 2, 4, 0, 0, 0, 1]]
Set parameter Username
[classical] objective=151847000.0 solution={'B100594(7)': 0, 'B100600(7)': 0, 'B100602(7)': 0, 'B100608(7)': 0, 'B100623(7)': 1, 'B101029(7)': 0, 'B101035(7)': 0, 'B101037(7)': 0, 'B101043(7)': 0}
[circuit] metrics=[269, 56, 120, 298]
[solve] start
[solve] states=[[1, 1, 0, 0, 0, 0, 1, 1, 0, 1, 1, 0, 1, 1, 0, 1, 1, 0, 1, 1, 0, 1, 1, 0, 1, 0, 0], [1, 1, 0, 1, 0, 1, 1, 1, 0, 1, 1, 0, 1, 1, 0, 1, 1, 0, 1, 1, 0, 1, 1, 0, 1, 0, 0], [1, 1, 0, 1, 1, 0, 1, 1, 0, 0, 0, 0, 1, 1, 0, 1, 1, 0, 1, 1, 0, 1, 1, 0, 1, 0, 0], [1, 1, 0, 1, 1, 0, 1, 1, 0, 1, 1, 0, 1, 0, 1, 1, 1, 0, 1, 1, 0, 1, 1, 0, 1, 0, 0], [1, 1, 0, 1, 1, 0, 1, 1, 0, 1, 1, 0, 1, 1, 0, 0, 0, 0, 1, 1, 0, 1, 1, 0, 1, 0, 0], [1, 1, 0, 1, 1, 0, 1, 1, 0, 1, 1, 0, 1, 1, 0, 1, 0, 1, 1, 1, 0, 1, 1, 0, 1, 0, 0], [1, 1, 0, 1, 1, 0, 1, 1, 0, 1, 1, 0, 1, 1, 0, 1, 1, 0, 1, 1, 0, 0, 0, 0, 1, 0, 0], [1, 1, 0, 1, 1, 0, 1, 1, 0, 1, 1, 0, 1, 1, 0, 1, 1, 0, 1, 1, 0, 1, 1, 0, 1, 0, 0]]
[solve] probs=[0.00390625, 0.00390625, 0.00390625, 0.0078125, 0.00390625, 0.00390625, 0.00390625, 0.96875]
[choco-best] objective=None probability=None solution=None
[parallel 131/274] path=data/miplib_benders/qaoa_problems/nvars_09/supportcase6_ds_qaoa_c722_c726_0001.json status=ok wall=785.9852523360169 peak_mb=411.5 choco_obj=
[problem] supportcase6_ds_qaoa_c722_c726_0003 path=data/miplib_benders/qaoa_problems/nvars_09/supportcase6_ds_qaoa_c722_c726_0003.json
[input] n_int=9 n_bin=27 n_constr=2
[input] A=[[1, 1, 1, 1, 1, 1, 1, 1, 1], [1, 1, 0, 1, 1, 1, 1, 0, 1]] b=[1, 1] c=[134333000, 145944000, 144887000, 151847000, 150892000, 134333000, 145944000, 144887000, 151847000]
[encoding]
  B100600(7) = B100600_7__b0 + 2*B100600_7__b1 + 4*B100600_7__b2
  B100602(7) = B100602_7__b0 + 2*B100602_7__b1 + 4*B100602_7__b2
  B100608(7) = B100608_7__b0 + 2*B100608_7__b1 + 4*B100608_7__b2
  B100623(7) = B100623_7__b0 + 2*B100623_7__b1 + 4*B100623_7__b2
  B101029(7) = B101029_7__b0 + 2*B101029_7__b1 + 4*B101029_7__b2
  B101035(7) = B101035_7__b0 + 2*B101035_7__b1 + 4*B101035_7__b2
  B101037(7) = B101037_7__b0 + 2*B101037_7__b1 + 4*B101037_7__b2
  B101043(7) = B101043_7__b0 + 2*B101043_7__b1 + 4*B101043_7__b2
  B101058(7) = B101058_7__b0 + 2*B101058_7__b1 + 4*B101058_7__b2
[expanded] A_binary=[[1, 2, 4, 1, 2, 4, 1, 2, 4, 1, 2, 4, 1, 2, 4, 1, 2, 4, 1, 2, 4, 1, 2, 4, 1, 2, 4], [1, 2, 4, 1, 2, 4, 0, 0, 0, 1, 2, 4, 1, 2, 4, 1, 2, 4, 1, 2, 4, 0, 0, 0, 1, 2, 4]] b=[1, 1]
[expanded] lin_constr_mtx=[[1, 2, 4, 1, 2, 4, 1, 2, 4, 1, 2, 4, 1, 2, 4, 1, 2, 4, 1, 2, 4, 1, 2, 4, 1, 2, 4, 1], [1, 2, 4, 1, 2, 4, 0, 0, 0, 1, 2, 4, 1, 2, 4, 1, 2, 4, 1, 2, 4, 0, 0, 0, 1, 2, 4, 1]]
Set parameter Username
[classical] objective=151847000.0 solution={'B100600(7)': 0, 'B100602(7)': 0, 'B100608(7)': 0, 'B100623(7)': 1, 'B101029(7)': 0, 'B101035(7)': 0, 'B101037(7)': 0, 'B101043(7)': 0, 'B101058(7)': 0}
[circuit] metrics=[269, 56, 120, 298]
[solve] start
[solve] states=[[1, 1, 0, 1, 1, 0, 1, 1, 0, 1, 1, 0, 1, 1, 0, 1, 0, 0, 1, 1, 0, 1, 1, 0, 1, 1, 0]]
[solve] probs=[1.0]
[choco-best] objective=None probability=None solution=None
[parallel 132/274] path=data/miplib_benders/qaoa_problems/nvars_09/supportcase6_ds_qaoa_c539_c722_0006.json status=ok wall=1196.0436176080257 peak_mb=404.9375 choco_obj=
[problem] supportcase6_ds_qaoa_c722_c726_0004 path=data/miplib_benders/qaoa_problems/nvars_09/supportcase6_ds_qaoa_c722_c726_0004.json
[input] n_int=9 n_bin=27 n_constr=2
[input] A=[[1, 1, 1, 1, 1, 1, 1, 1, 1], [1, 0, 1, 1, 1, 1, 0, 1, 1]] b=[1, 1] c=[145944000, 144887000, 151847000, 150892000, 134333000, 145944000, 144887000, 151847000, 150892000]
[encoding]
  B100602(7) = B100602_7__b0 + 2*B100602_7__b1 + 4*B100602_7__b2
  B100608(7) = B100608_7__b0 + 2*B100608_7__b1 + 4*B100608_7__b2
  B100623(7) = B100623_7__b0 + 2*B100623_7__b1 + 4*B100623_7__b2
  B101029(7) = B101029_7__b0 + 2*B101029_7__b1 + 4*B101029_7__b2
  B101035(7) = B101035_7__b0 + 2*B101035_7__b1 + 4*B101035_7__b2
  B101037(7) = B101037_7__b0 + 2*B101037_7__b1 + 4*B101037_7__b2
  B101043(7) = B101043_7__b0 + 2*B101043_7__b1 + 4*B101043_7__b2
  B101058(7) = B101058_7__b0 + 2*B101058_7__b1 + 4*B101058_7__b2
  B101479(7) = B101479_7__b0 + 2*B101479_7__b1 + 4*B101479_7__b2
[expanded] A_binary=[[1, 2, 4, 1, 2, 4, 1, 2, 4, 1, 2, 4, 1, 2, 4, 1, 2, 4, 1, 2, 4, 1, 2, 4, 1, 2, 4], [1, 2, 4, 0, 0, 0, 1, 2, 4, 1, 2, 4, 1, 2, 4, 1, 2, 4, 0, 0, 0, 1, 2, 4, 1, 2, 4]] b=[1, 1]
[expanded] lin_constr_mtx=[[1, 2, 4, 1, 2, 4, 1, 2, 4, 1, 2, 4, 1, 2, 4, 1, 2, 4, 1, 2, 4, 1, 2, 4, 1, 2, 4, 1], [1, 2, 4, 0, 0, 0, 1, 2, 4, 1, 2, 4, 1, 2, 4, 1, 2, 4, 0, 0, 0, 1, 2, 4, 1, 2, 4, 1]]
Set parameter Username
[classical] objective=151847000.0 solution={'B100602(7)': 0, 'B100608(7)': 0, 'B100623(7)': 1, 'B101029(7)': 0, 'B101035(7)': 0, 'B101037(7)': 0, 'B101043(7)': 0, 'B101058(7)': 0, 'B101479(7)': 0}
[circuit] metrics=[269, 56, 120, 298]
[solve] start
[solve] states=[[1, 1, 0, 0, 0, 0, 1, 1, 0, 1, 1, 0, 1, 1, 0, 1, 1, 0, 1, 1, 0, 1, 0, 0, 1, 1, 0], [1, 1, 0, 1, 1, 0, 0, 0, 0, 1, 1, 0, 1, 1, 0, 1, 1, 0, 1, 1, 0, 1, 0, 0, 1, 1, 0], [1, 1, 0, 1, 1, 0, 1, 1, 0, 1, 1, 0, 0, 0, 0, 1, 1, 0, 1, 1, 0, 1, 0, 0, 1, 1, 0], [1, 1, 0, 1, 1, 0, 1, 1, 0, 1, 1, 0, 1, 0, 1, 1, 1, 0, 1, 1, 0, 1, 0, 0, 1, 1, 0], [1, 1, 0, 1, 1, 0, 1, 1, 0, 1, 1, 0, 1, 1, 0, 0, 0, 0, 1, 1, 0, 1, 0, 0, 1, 1, 0], [1, 1, 0, 1, 1, 0, 1, 1, 0, 1, 1, 0, 1, 1, 0, 1, 0, 1, 1, 1, 0, 1, 0, 0, 1, 1, 0], [1, 1, 0, 1, 1, 0, 1, 1, 0, 1, 1, 0, 1, 1, 0, 1, 1, 0, 1, 1, 0, 1, 0, 0, 1, 0, 1], [1, 1, 0, 1, 1, 0, 1, 1, 0, 1, 1, 0, 1, 1, 0, 1, 1, 0, 1, 1, 0, 1, 0, 0, 1, 1, 0]]
[solve] probs=[0.00390625, 0.0078125, 0.00390625, 0.00390625, 0.0078125, 0.00390625, 0.0078125, 0.9609375]
[choco-best] objective=None probability=None solution=None
[parallel 133/274] path=data/miplib_benders/qaoa_problems/nvars_09/supportcase6_ds_qaoa_c722_c726_0002.json status=ok wall=1087.3579308129847 peak_mb=413.00390625 choco_obj=
[problem] supportcase6_ds_qaoa_c722_c726_0005 path=data/miplib_benders/qaoa_problems/nvars_09/supportcase6_ds_qaoa_c722_c726_0005.json
[input] n_int=9 n_bin=27 n_constr=2
[input] A=[[1, 1, 1, 1, 1, 1, 1, 1, 1], [0, 1, 1, 1, 1, 0, 1, 1, 1]] b=[1, 1] c=[144887000, 151847000, 150892000, 134333000, 145944000, 144887000, 151847000, 150892000, 134333000]
[encoding]
  B100608(7) = B100608_7__b0 + 2*B100608_7__b1 + 4*B100608_7__b2
  B100623(7) = B100623_7__b0 + 2*B100623_7__b1 + 4*B100623_7__b2
  B101029(7) = B101029_7__b0 + 2*B101029_7__b1 + 4*B101029_7__b2
  B101035(7) = B101035_7__b0 + 2*B101035_7__b1 + 4*B101035_7__b2
  B101037(7) = B101037_7__b0 + 2*B101037_7__b1 + 4*B101037_7__b2
  B101043(7) = B101043_7__b0 + 2*B101043_7__b1 + 4*B101043_7__b2
  B101058(7) = B101058_7__b0 + 2*B101058_7__b1 + 4*B101058_7__b2
  B101479(7) = B101479_7__b0 + 2*B101479_7__b1 + 4*B101479_7__b2
  B101485(7) = B101485_7__b0 + 2*B101485_7__b1 + 4*B101485_7__b2
[expanded] A_binary=[[1, 2, 4, 1, 2, 4, 1, 2, 4, 1, 2, 4, 1, 2, 4, 1, 2, 4, 1, 2, 4, 1, 2, 4, 1, 2, 4], [0, 0, 0, 1, 2, 4, 1, 2, 4, 1, 2, 4, 1, 2, 4, 0, 0, 0, 1, 2, 4, 1, 2, 4, 1, 2, 4]] b=[1, 1]
[expanded] lin_constr_mtx=[[1, 2, 4, 1, 2, 4, 1, 2, 4, 1, 2, 4, 1, 2, 4, 1, 2, 4, 1, 2, 4, 1, 2, 4, 1, 2, 4, 1], [0, 0, 0, 1, 2, 4, 1, 2, 4, 1, 2, 4, 1, 2, 4, 0, 0, 0, 1, 2, 4, 1, 2, 4, 1, 2, 4, 1]]
Set parameter Username
[classical] objective=151847000.0 solution={'B100608(7)': 0, 'B100623(7)': 1, 'B101029(7)': 0, 'B101035(7)': 0, 'B101037(7)': 0, 'B101043(7)': 0, 'B101058(7)': 0, 'B101479(7)': 0, 'B101485(7)': 0}
[circuit] metrics=[269, 56, 120, 298]
[solve] start
[solve] states=[[1, 1, 0, 1, 1, 0, 1, 1, 0, 1, 1, 0, 1, 1, 0, 0, 0, 0, 1, 1, 0, 1, 1, 0, 1, 0, 0], [1, 1, 0, 1, 1, 0, 1, 1, 0, 1, 1, 0, 1, 1, 0, 1, 0, 1, 1, 1, 0, 1, 1, 0, 1, 0, 0], [1, 1, 0, 1, 1, 0, 1, 1, 0, 1, 1, 0, 1, 1, 0, 1, 1, 0, 1, 0, 1, 1, 1, 0, 1, 0, 0], [1, 1, 0, 1, 1, 0, 1, 1, 0, 1, 1, 0, 1, 1, 0, 1, 1, 0, 1, 1, 0, 1, 1, 0, 1, 0, 0]]
[solve] probs=[0.0078125, 0.00390625, 0.0078125, 0.98046875]
[choco-best] objective=None probability=None solution=None
[parallel 134/274] path=data/miplib_benders/qaoa_problems/nvars_09/supportcase6_ds_qaoa_c722_c726_0003.json status=ok wall=743.977192949038 peak_mb=412.84765625 choco_obj=
[problem] supportcase6_ds_qaoa_c722_c726_c733_0001 path=data/miplib_benders/qaoa_problems/nvars_09/supportcase6_ds_qaoa_c722_c726_c733_0001.json
[input] n_int=9 n_bin=27 n_constr=3
[input] A=[[1, 1, 1, 1, 1, 1, 1, 1, 1], [1, 1, 1, 1, 0, 1, 1, 1, 1], [0, 0, 1, 0, 1, 0, 0, 1, 0]] b=[1, 1, 1] c=[151847000, 150892000, 134333000, 145944000, 144887000, 151847000, 150892000, 134333000, 145944000]
[encoding]
  B100166(7) = B100166_7__b0 + 2*B100166_7__b1 + 4*B100166_7__b2
  B100594(7) = B100594_7__b0 + 2*B100594_7__b1 + 4*B100594_7__b2
  B100600(7) = B100600_7__b0 + 2*B100600_7__b1 + 4*B100600_7__b2
  B100602(7) = B100602_7__b0 + 2*B100602_7__b1 + 4*B100602_7__b2
  B100608(7) = B100608_7__b0 + 2*B100608_7__b1 + 4*B100608_7__b2
  B100623(7) = B100623_7__b0 + 2*B100623_7__b1 + 4*B100623_7__b2
  B101029(7) = B101029_7__b0 + 2*B101029_7__b1 + 4*B101029_7__b2
  B101035(7) = B101035_7__b0 + 2*B101035_7__b1 + 4*B101035_7__b2
  B101037(7) = B101037_7__b0 + 2*B101037_7__b1 + 4*B101037_7__b2
[expanded] A_binary=[[1, 2, 4, 1, 2, 4, 1, 2, 4, 1, 2, 4, 1, 2, 4, 1, 2, 4, 1, 2, 4, 1, 2, 4, 1, 2, 4], [1, 2, 4, 1, 2, 4, 1, 2, 4, 1, 2, 4, 0, 0, 0, 1, 2, 4, 1, 2, 4, 1, 2, 4, 1, 2, 4], [0, 0, 0, 0, 0, 0, 1, 2, 4, 0, 0, 0, 1, 2, 4, 0, 0, 0, 0, 0, 0, 1, 2, 4, 0, 0, 0]] b=[1, 1, 1]
[expanded] lin_constr_mtx=[[1, 2, 4, 1, 2, 4, 1, 2, 4, 1, 2, 4, 1, 2, 4, 1, 2, 4, 1, 2, 4, 1, 2, 4, 1, 2, 4, 1], [1, 2, 4, 1, 2, 4, 1, 2, 4, 1, 2, 4, 0, 0, 0, 1, 2, 4, 1, 2, 4, 1, 2, 4, 1, 2, 4, 1], [0, 0, 0, 0, 0, 0, 1, 2, 4, 0, 0, 0, 1, 2, 4, 0, 0, 0, 0, 0, 0, 1, 2, 4, 0, 0, 0, 1]]
Set parameter Username
[classical] objective=134333000.0 solution={'B100166(7)': 0, 'B100594(7)': 0, 'B100600(7)': 1, 'B100602(7)': 0, 'B100608(7)': 0, 'B100623(7)': 0, 'B101029(7)': 0, 'B101035(7)': 0, 'B101037(7)': 0}
[circuit] metrics=[229, 56, 102, 289]
[solve] start
[solve] states=[[1, 0, 1, 1, 1, 0, 1, 1, 0, 1, 1, 0, 1, 1, 0, 1, 1, 0, 1, 1, 0, 1, 1, 0, 1, 0, 0], [1, 1, 0, 1, 0, 1, 1, 1, 0, 1, 1, 0, 1, 1, 0, 1, 1, 0, 1, 1, 0, 1, 1, 0, 1, 0, 0], [1, 1, 0, 1, 1, 0, 0, 0, 0, 1, 1, 0, 1, 1, 0, 1, 1, 0, 1, 1, 0, 1, 1, 0, 1, 0, 0], [1, 1, 0, 1, 1, 0, 1, 0, 1, 1, 1, 0, 1, 1, 0, 1, 1, 0, 0, 0, 0, 1, 1, 0, 1, 0, 0], [1, 1, 0, 1, 1, 0, 1, 0, 1, 1, 1, 0, 1, 1, 0, 1, 1, 0, 1, 1, 0, 1, 1, 0, 1, 0, 0], [1, 1, 0, 1, 1, 0, 1, 1, 0, 0, 0, 0, 1, 1, 0, 1, 1, 0, 1, 1, 0, 0, 0, 0, 1, 0, 0], [1, 1, 0, 1, 1, 0, 1, 1, 0, 0, 0, 0, 1, 1, 0, 1, 1, 0, 1, 1, 0, 1, 1, 0, 1, 0, 0], [1, 1, 0, 1, 1, 0, 1, 1, 0, 1, 1, 0, 0, 0, 0, 1, 1, 0, 1, 1, 0, 1, 1, 0, 1, 0, 0], [1, 1, 0, 1, 1, 0, 1, 1, 0, 1, 1, 0, 1, 0, 1, 1, 1, 0, 1, 1, 0, 1, 1, 0, 1, 0, 0], [1, 1, 0, 1, 1, 0, 1, 1, 0, 1, 1, 0, 1, 1, 0, 0, 0, 0, 1, 1, 0, 1, 1, 0, 1, 0, 0], [1, 1, 0, 1, 1, 0, 1, 1, 0, 1, 1, 0, 1, 1, 0, 1, 0, 1, 1, 0, 1, 1, 1, 0, 1, 0, 0], [1, 1, 0, 1, 1, 0, 1, 1, 0, 1, 1, 0, 1, 1, 0, 1, 0, 1, 1, 1, 0, 1, 1, 0, 1, 0, 0], [1, 1, 0, 1, 1, 0, 1, 1, 0, 1, 1, 0, 1, 1, 0, 1, 1, 0, 0, 0, 0, 1, 1, 0, 1, 0, 0], [1, 1, 0, 1, 1, 0, 1, 1, 0, 1, 1, 0, 1, 1, 0, 1, 1, 0, 1, 0, 1, 1, 1, 0, 1, 0, 0], [1, 1, 0, 1, 1, 0, 1, 1, 0, 1, 1, 0, 1, 1, 0, 1, 1, 0, 1, 1, 0, 0, 0, 0, 1, 0, 0], [1, 1, 0, 1, 1, 0, 1, 1, 0, 1, 1, 0, 1, 1, 0, 1, 1, 0, 1, 1, 0, 1, 0, 1, 1, 0, 0], [1, 1, 0, 1, 1, 0, 1, 1, 0, 1, 1, 0, 1, 1, 0, 1, 1, 0, 1, 1, 0, 1, 1, 0, 1, 0, 0]]
[solve] probs=[0.01171875, 0.015625, 0.0078125, 0.00390625, 0.0078125, 0.00390625, 0.015625, 0.00390625, 0.015625, 0.00390625, 0.00390625, 0.01953125, 0.0078125, 0.0078125, 0.01171875, 0.0078125, 0.8515625]
[choco-best] objective=None probability=None solution=None
[parallel 135/274] path=data/miplib_benders/qaoa_problems/nvars_09/supportcase6_ds_qaoa_c722_c726_0004.json status=ok wall=860.451343082008 peak_mb=411.2578125 choco_obj=
[problem] supportcase6_ds_qaoa_c722_c726_c733_0002 path=data/miplib_benders/qaoa_problems/nvars_09/supportcase6_ds_qaoa_c722_c726_c733_0002.json
[input] n_int=9 n_bin=27 n_constr=3
[input] A=[[1, 1, 1, 1, 1, 1, 1, 1, 1], [1, 1, 1, 0, 1, 1, 1, 1, 0], [0, 1, 0, 1, 0, 0, 1, 0, 1]] b=[1, 1, 1] c=[150892000, 134333000, 145944000, 144887000, 151847000, 150892000, 134333000, 145944000, 144887000]
[encoding]
  B100594(7) = B100594_7__b0 + 2*B100594_7__b1 + 4*B100594_7__b2
  B100600(7) = B100600_7__b0 + 2*B100600_7__b1 + 4*B100600_7__b2
  B100602(7) = B100602_7__b0 + 2*B100602_7__b1 + 4*B100602_7__b2
  B100608(7) = B100608_7__b0 + 2*B100608_7__b1 + 4*B100608_7__b2
  B100623(7) = B100623_7__b0 + 2*B100623_7__b1 + 4*B100623_7__b2
  B101029(7) = B101029_7__b0 + 2*B101029_7__b1 + 4*B101029_7__b2
  B101035(7) = B101035_7__b0 + 2*B101035_7__b1 + 4*B101035_7__b2
  B101037(7) = B101037_7__b0 + 2*B101037_7__b1 + 4*B101037_7__b2
  B101043(7) = B101043_7__b0 + 2*B101043_7__b1 + 4*B101043_7__b2
[expanded] A_binary=[[1, 2, 4, 1, 2, 4, 1, 2, 4, 1, 2, 4, 1, 2, 4, 1, 2, 4, 1, 2, 4, 1, 2, 4, 1, 2, 4], [1, 2, 4, 1, 2, 4, 1, 2, 4, 0, 0, 0, 1, 2, 4, 1, 2, 4, 1, 2, 4, 1, 2, 4, 0, 0, 0], [0, 0, 0, 1, 2, 4, 0, 0, 0, 1, 2, 4, 0, 0, 0, 0, 0, 0, 1, 2, 4, 0, 0, 0, 1, 2, 4]] b=[1, 1, 1]
[expanded] lin_constr_mtx=[[1, 2, 4, 1, 2, 4, 1, 2, 4, 1, 2, 4, 1, 2, 4, 1, 2, 4, 1, 2, 4, 1, 2, 4, 1, 2, 4, 1], [1, 2, 4, 1, 2, 4, 1, 2, 4, 0, 0, 0, 1, 2, 4, 1, 2, 4, 1, 2, 4, 1, 2, 4, 0, 0, 0, 1], [0, 0, 0, 1, 2, 4, 0, 0, 0, 1, 2, 4, 0, 0, 0, 0, 0, 0, 1, 2, 4, 0, 0, 0, 1, 2, 4, 1]]
Set parameter Username
[classical] objective=134333000.0 solution={'B100594(7)': 0, 'B100600(7)': 1, 'B100602(7)': 0, 'B100608(7)': 0, 'B100623(7)': 0, 'B101029(7)': 0, 'B101035(7)': 0, 'B101037(7)': 0, 'B101043(7)': 0}
[circuit] metrics=[189, 56, 84, 289]
[solve] start
[solve] states=[[1, 0, 1, 1, 1, 0, 1, 1, 0, 1, 1, 0, 1, 1, 0, 1, 0, 0, 1, 1, 0, 1, 1, 0, 1, 1, 0], [1, 1, 0, 0, 0, 0, 1, 1, 0, 1, 1, 0, 1, 0, 1, 1, 0, 0, 1, 1, 0, 1, 1, 0, 1, 1, 0], [1, 1, 0, 0, 0, 0, 1, 1, 0, 1, 1, 0, 1, 1, 0, 1, 0, 0, 1, 1, 0, 1, 1, 0, 0, 0, 0], [1, 1, 0, 0, 0, 0, 1, 1, 0, 1, 1, 0, 1, 1, 0, 1, 0, 0, 1, 1, 0, 1, 1, 0, 1, 0, 1], [1, 1, 0, 0, 0, 0, 1, 1, 0, 1, 1, 0, 1, 1, 0, 1, 0, 0, 1, 1, 0, 1, 1, 0, 1, 1, 0], [1, 1, 0, 1, 0, 0, 0, 1, 0, 1, 1, 0, 1, 1, 0, 1, 0, 0, 1, 1, 0, 1, 1, 0, 1, 1, 0], [1, 1, 0, 1, 0, 1, 1, 1, 0, 0, 0, 0, 1, 1, 0, 1, 0, 0, 1, 1, 0, 1, 1, 0, 1, 1, 0], [1, 1, 0, 1, 0, 1, 1, 1, 0, 1, 1, 0, 1, 1, 0, 1, 0, 0, 1, 1, 0, 1, 0, 1, 1, 1, 0], [1, 1, 0, 1, 0, 1, 1, 1, 0, 1, 1, 0, 1, 1, 0, 1, 0, 0, 1, 1, 0, 1, 1, 0, 1, 1, 0], [1, 1, 0, 1, 1, 0, 0, 0, 0, 1, 1, 0, 1, 1, 0, 1, 0, 0, 1, 1, 0, 1, 1, 0, 0, 0, 0], [1, 1, 0, 1, 1, 0, 0, 0, 0, 1, 1, 0, 1, 1, 0, 1, 0, 0, 1, 1, 0, 1, 1, 0, 1, 1, 0], [1, 1, 0, 1, 1, 0, 1, 0, 0, 0, 1, 0, 1, 1, 0, 1, 0, 0, 1, 1, 0, 1, 1, 0, 1, 1, 0], [1, 1, 0, 1, 1, 0, 1, 0, 1, 0, 0, 0, 1, 1, 0, 1, 0, 0, 1, 0, 1, 1, 1, 0, 1, 1, 0], [1, 1, 0, 1, 1, 0, 1, 0, 1, 1, 1, 0, 1, 1, 0, 1, 0, 0, 1, 1, 0, 1, 1, 0, 1, 1, 0], [1, 1, 0, 1, 1, 0, 1, 1, 0, 0, 0, 0, 1, 1, 0, 1, 0, 0, 1, 1, 0, 0, 0, 0, 1, 1, 0], [1, 1, 0, 1, 1, 0, 1, 1, 0, 0, 0, 0, 1, 1, 0, 1, 0, 0, 1, 1, 0, 1, 1, 0, 1, 1, 0], [1, 1, 0, 1, 1, 0, 1, 1, 0, 1, 0, 0, 1, 1, 0, 0, 0, 0, 1, 1, 0, 1, 1, 0, 1, 1, 0], [1, 1, 0, 1, 1, 0, 1, 1, 0, 1, 0, 1, 1, 1, 0, 1, 0, 0, 1, 1, 0, 1, 0, 1, 1, 1, 0], [1, 1, 0, 1, 1, 0, 1, 1, 0, 1, 0, 1, 1, 1, 0, 1, 0, 0, 1, 1, 0, 1, 1, 0, 1, 0, 1], [1, 1, 0, 1, 1, 0, 1, 1, 0, 1, 0, 1, 1, 1, 0, 1, 0, 0, 1, 1, 0, 1, 1, 0, 1, 1, 0], [1, 1, 0, 1, 1, 0, 1, 1, 0, 1, 1, 0, 1, 0, 1, 1, 0, 0, 1, 1, 0, 1, 1, 0, 1, 1, 0], [1, 1, 0, 1, 1, 0, 1, 1, 0, 1, 1, 0, 1, 1, 0, 1, 0, 0, 1, 0, 0, 0, 1, 0, 1, 1, 0], [1, 1, 0, 1, 1, 0, 1, 1, 0, 1, 1, 0, 1, 1, 0, 1, 0, 0, 1, 0, 1, 1, 1, 0, 1, 0, 1], [1, 1, 0, 1, 1, 0, 1, 1, 0, 1, 1, 0, 1, 1, 0, 1, 0, 0, 1, 0, 1, 1, 1, 0, 1, 1, 0], [1, 1, 0, 1, 1, 0, 1, 1, 0, 1, 1, 0, 1, 1, 0, 1, 0, 0, 1, 1, 0, 0, 0, 0, 1, 1, 0], [1, 1, 0, 1, 1, 0, 1, 1, 0, 1, 1, 0, 1, 1, 0, 1, 0, 0, 1, 1, 0, 1, 0, 1, 1, 1, 0], [1, 1, 0, 1, 1, 0, 1, 1, 0, 1, 1, 0, 1, 1, 0, 1, 0, 0, 1, 1, 0, 1, 1, 0, 0, 0, 0], [1, 1, 0, 1, 1, 0, 1, 1, 0, 1, 1, 0, 1, 1, 0, 1, 0, 0, 1, 1, 0, 1, 1, 0, 1, 0, 1], [1, 1, 0, 1, 1, 0, 1, 1, 0, 1, 1, 0, 1, 1, 0, 1, 0, 0, 1, 1, 0, 1, 1, 0, 1, 1, 0]]
[solve] probs=[0.01953125, 0.00390625, 0.00390625, 0.00390625, 0.01953125, 0.00390625, 0.00390625, 0.00390625, 0.0078125, 0.00390625, 0.03125, 0.00390625, 0.00390625, 0.015625, 0.0078125, 0.01953125, 0.00390625, 0.00390625, 0.00390625, 0.015625, 0.03125, 0.00390625, 0.00390625, 0.0234375, 0.02734375, 0.02734375, 0.015625, 0.0234375, 0.66015625]
[choco-best] objective=None probability=None solution=None
[parallel 136/274] path=data/miplib_benders/qaoa_problems/nvars_09/supportcase6_ds_qaoa_c539_c722_c726_0006.json status=ok wall=1882.7040310020093 peak_mb=400.11328125 choco_obj=
[problem] supportcase6_ds_qaoa_c722_c726_c733_0003 path=data/miplib_benders/qaoa_problems/nvars_09/supportcase6_ds_qaoa_c722_c726_c733_0003.json
[input] n_int=9 n_bin=27 n_constr=3
[input] A=[[1, 1, 1, 1, 1, 1, 1, 1, 1], [1, 1, 0, 1, 1, 1, 1, 0, 1], [1, 0, 1, 0, 0, 1, 0, 1, 0]] b=[1, 1, 1] c=[134333000, 145944000, 144887000, 151847000, 150892000, 134333000, 145944000, 144887000, 151847000]
[encoding]
  B100600(7) = B100600_7__b0 + 2*B100600_7__b1 + 4*B100600_7__b2
  B100602(7) = B100602_7__b0 + 2*B100602_7__b1 + 4*B100602_7__b2
  B100608(7) = B100608_7__b0 + 2*B100608_7__b1 + 4*B100608_7__b2
  B100623(7) = B100623_7__b0 + 2*B100623_7__b1 + 4*B100623_7__b2
  B101029(7) = B101029_7__b0 + 2*B101029_7__b1 + 4*B101029_7__b2
  B101035(7) = B101035_7__b0 + 2*B101035_7__b1 + 4*B101035_7__b2
  B101037(7) = B101037_7__b0 + 2*B101037_7__b1 + 4*B101037_7__b2
  B101043(7) = B101043_7__b0 + 2*B101043_7__b1 + 4*B101043_7__b2
  B101058(7) = B101058_7__b0 + 2*B101058_7__b1 + 4*B101058_7__b2
[expanded] A_binary=[[1, 2, 4, 1, 2, 4, 1, 2, 4, 1, 2, 4, 1, 2, 4, 1, 2, 4, 1, 2, 4, 1, 2, 4, 1, 2, 4], [1, 2, 4, 1, 2, 4, 0, 0, 0, 1, 2, 4, 1, 2, 4, 1, 2, 4, 1, 2, 4, 0, 0, 0, 1, 2, 4], [1, 2, 4, 0, 0, 0, 1, 2, 4, 0, 0, 0, 0, 0, 0, 1, 2, 4, 0, 0, 0, 1, 2, 4, 0, 0, 0]] b=[1, 1, 1]
[expanded] lin_constr_mtx=[[1, 2, 4, 1, 2, 4, 1, 2, 4, 1, 2, 4, 1, 2, 4, 1, 2, 4, 1, 2, 4, 1, 2, 4, 1, 2, 4, 1], [1, 2, 4, 1, 2, 4, 0, 0, 0, 1, 2, 4, 1, 2, 4, 1, 2, 4, 1, 2, 4, 0, 0, 0, 1, 2, 4, 1], [1, 2, 4, 0, 0, 0, 1, 2, 4, 0, 0, 0, 0, 0, 0, 1, 2, 4, 0, 0, 0, 1, 2, 4, 0, 0, 0, 1]]
Set parameter Username
[classical] objective=134333000.0 solution={'B100600(7)': 0, 'B100602(7)': 0, 'B100608(7)': 0, 'B100623(7)': 0, 'B101029(7)': 0, 'B101035(7)': 1, 'B101037(7)': 0, 'B101043(7)': 0, 'B101058(7)': 0}
[circuit] metrics=[189, 56, 84, 289]
[solve] start
[solve] states=[[1, 1, 0, 1, 0, 1, 1, 1, 0, 1, 1, 0, 1, 1, 0, 1, 1, 0, 1, 1, 0, 1, 1, 0, 1, 0, 0], [1, 1, 0, 1, 1, 0, 0, 0, 0, 1, 1, 0, 1, 1, 0, 1, 1, 0, 1, 1, 0, 1, 1, 0, 1, 0, 0], [1, 1, 0, 1, 1, 0, 1, 1, 0, 0, 0, 0, 1, 1, 0, 1, 1, 0, 1, 1, 0, 1, 1, 0, 1, 0, 0], [1, 1, 0, 1, 1, 0, 1, 1, 0, 1, 1, 0, 1, 1, 0, 1, 1, 0, 1, 1, 0, 0, 0, 0, 1, 0, 0], [1, 1, 0, 1, 1, 0, 1, 1, 0, 1, 1, 0, 1, 1, 0, 1, 1, 0, 1, 1, 0, 1, 1, 0, 1, 0, 0]]
[solve] probs=[0.01171875, 0.00390625, 0.00390625, 0.00390625, 0.9765625]
[choco-best] objective=None probability=None solution=None
[parallel 137/274] path=data/miplib_benders/qaoa_problems/nvars_09/supportcase6_ds_qaoa_c722_c726_0005.json status=ok wall=721.2370860180818 peak_mb=411.76171875 choco_obj=
[problem] supportcase6_ds_qaoa_c722_c726_c733_0005 path=data/miplib_benders/qaoa_problems/nvars_09/supportcase6_ds_qaoa_c722_c726_c733_0005.json
[input] n_int=9 n_bin=27 n_constr=3
[input] A=[[1, 1, 1, 1, 1, 1, 1, 1, 1], [0, 1, 1, 1, 1, 0, 1, 1, 1], [1, 0, 0, 1, 0, 1, 0, 0, 1]] b=[1, 1, 1] c=[144887000, 151847000, 150892000, 134333000, 145944000, 144887000, 151847000, 150892000, 134333000]
[encoding]
  B100608(7) = B100608_7__b0 + 2*B100608_7__b1 + 4*B100608_7__b2
  B100623(7) = B100623_7__b0 + 2*B100623_7__b1 + 4*B100623_7__b2
  B101029(7) = B101029_7__b0 + 2*B101029_7__b1 + 4*B101029_7__b2
  B101035(7) = B101035_7__b0 + 2*B101035_7__b1 + 4*B101035_7__b2
  B101037(7) = B101037_7__b0 + 2*B101037_7__b1 + 4*B101037_7__b2
  B101043(7) = B101043_7__b0 + 2*B101043_7__b1 + 4*B101043_7__b2
  B101058(7) = B101058_7__b0 + 2*B101058_7__b1 + 4*B101058_7__b2
  B101479(7) = B101479_7__b0 + 2*B101479_7__b1 + 4*B101479_7__b2
  B101485(7) = B101485_7__b0 + 2*B101485_7__b1 + 4*B101485_7__b2
[expanded] A_binary=[[1, 2, 4, 1, 2, 4, 1, 2, 4, 1, 2, 4, 1, 2, 4, 1, 2, 4, 1, 2, 4, 1, 2, 4, 1, 2, 4], [0, 0, 0, 1, 2, 4, 1, 2, 4, 1, 2, 4, 1, 2, 4, 0, 0, 0, 1, 2, 4, 1, 2, 4, 1, 2, 4], [1, 2, 4, 0, 0, 0, 0, 0, 0, 1, 2, 4, 0, 0, 0, 1, 2, 4, 0, 0, 0, 0, 0, 0, 1, 2, 4]] b=[1, 1, 1]
[expanded] lin_constr_mtx=[[1, 2, 4, 1, 2, 4, 1, 2, 4, 1, 2, 4, 1, 2, 4, 1, 2, 4, 1, 2, 4, 1, 2, 4, 1, 2, 4, 1], [0, 0, 0, 1, 2, 4, 1, 2, 4, 1, 2, 4, 1, 2, 4, 0, 0, 0, 1, 2, 4, 1, 2, 4, 1, 2, 4, 1], [1, 2, 4, 0, 0, 0, 0, 0, 0, 1, 2, 4, 0, 0, 0, 1, 2, 4, 0, 0, 0, 0, 0, 0, 1, 2, 4, 1]]
Set parameter Username
[classical] objective=134333000.0 solution={'B100608(7)': 0, 'B100623(7)': 0, 'B101029(7)': 0, 'B101035(7)': 1, 'B101037(7)': 0, 'B101043(7)': 0, 'B101058(7)': 0, 'B101479(7)': 0, 'B101485(7)': 0}
[circuit] metrics=[189, 56, 84, 289]
[solve] start
[solve] states=[[1, 0, 1, 1, 0, 1, 1, 1, 0, 1, 1, 0, 1, 1, 0, 1, 1, 0, 1, 1, 0, 1, 1, 0, 1, 0, 0], [1, 0, 1, 1, 1, 0, 1, 1, 0, 1, 0, 1, 1, 1, 0, 1, 1, 0, 1, 1, 0, 1, 1, 0, 1, 0, 0], [1, 0, 1, 1, 1, 0, 1, 1, 0, 1, 1, 0, 0, 0, 0, 1, 0, 1, 1, 1, 0, 1, 1, 0, 1, 0, 0], [1, 0, 1, 1, 1, 0, 1, 1, 0, 1, 1, 0, 1, 1, 0, 1, 1, 0, 1, 1, 0, 1, 1, 0, 1, 0, 0], [1, 1, 0, 1, 0, 1, 1, 1, 0, 1, 1, 0, 0, 0, 0, 1, 1, 0, 1, 1, 0, 1, 1, 0, 1, 0, 0], [1, 1, 0, 1, 0, 1, 1, 1, 0, 1, 1, 0, 1, 1, 0, 1, 1, 0, 1, 1, 0, 0, 0, 0, 1, 0, 0], [1, 1, 0, 1, 0, 1, 1, 1, 0, 1, 1, 0, 1, 1, 0, 1, 1, 0, 1, 1, 0, 1, 1, 0, 1, 0, 0], [1, 1, 0, 1, 1, 0, 0, 0, 0, 1, 1, 0, 1, 0, 1, 1, 1, 0, 1, 1, 0, 1, 0, 1, 1, 0, 0], [1, 1, 0, 1, 1, 0, 0, 0, 0, 1, 1, 0, 1, 0, 1, 1, 1, 0, 1, 1, 0, 1, 1, 0, 1, 0, 0], [1, 1, 0, 1, 1, 0, 0, 0, 0, 1, 1, 0, 1, 1, 0, 1, 1, 0, 1, 1, 0, 1, 1, 0, 1, 0, 0], [1, 1, 0, 1, 1, 0, 1, 0, 1, 1, 1, 0, 1, 1, 0, 0, 0, 0, 1, 1, 0, 1, 0, 1, 1, 0, 0], [1, 1, 0, 1, 1, 0, 1, 0, 1, 1, 1, 0, 1, 1, 0, 1, 1, 0, 1, 1, 0, 0, 0, 0, 1, 0, 0], [1, 1, 0, 1, 1, 0, 1, 0, 1, 1, 1, 0, 1, 1, 0, 1, 1, 0, 1, 1, 0, 1, 1, 0, 1, 0, 0], [1, 1, 0, 1, 1, 0, 1, 1, 0, 1, 0, 1, 1, 1, 0, 1, 1, 0, 1, 1, 0, 1, 0, 1, 1, 0, 0], [1, 1, 0, 1, 1, 0, 1, 1, 0, 1, 0, 1, 1, 1, 0, 1, 1, 0, 1, 1, 0, 1, 1, 0, 1, 0, 0], [1, 1, 0, 1, 1, 0, 1, 1, 0, 1, 1, 0, 0, 0, 0, 1, 1, 0, 1, 1, 0, 1, 1, 0, 1, 0, 0], [1, 1, 0, 1, 1, 0, 1, 1, 0, 1, 1, 0, 1, 0, 1, 0, 0, 0, 1, 1, 0, 1, 1, 0, 1, 0, 0], [1, 1, 0, 1, 1, 0, 1, 1, 0, 1, 1, 0, 1, 0, 1, 1, 1, 0, 1, 1, 0, 1, 1, 0, 1, 0, 0], [1, 1, 0, 1, 1, 0, 1, 1, 0, 1, 1, 0, 1, 1, 0, 0, 0, 0, 1, 1, 0, 1, 1, 0, 1, 0, 0], [1, 1, 0, 1, 1, 0, 1, 1, 0, 1, 1, 0, 1, 1, 0, 1, 0, 1, 0, 0, 0, 1, 1, 0, 1, 0, 0], [1, 1, 0, 1, 1, 0, 1, 1, 0, 1, 1, 0, 1, 1, 0, 1, 0, 1, 1, 0, 1, 1, 1, 0, 1, 0, 0], [1, 1, 0, 1, 1, 0, 1, 1, 0, 1, 1, 0, 1, 1, 0, 1, 0, 1, 1, 1, 0, 1, 1, 0, 1, 0, 0], [1, 1, 0, 1, 1, 0, 1, 1, 0, 1, 1, 0, 1, 1, 0, 1, 1, 0, 0, 0, 0, 1, 0, 1, 1, 0, 0], [1, 1, 0, 1, 1, 0, 1, 1, 0, 1, 1, 0, 1, 1, 0, 1, 1, 0, 0, 0, 0, 1, 1, 0, 1, 0, 0], [1, 1, 0, 1, 1, 0, 1, 1, 0, 1, 1, 0, 1, 1, 0, 1, 1, 0, 1, 0, 1, 1, 1, 0, 1, 0, 0], [1, 1, 0, 1, 1, 0, 1, 1, 0, 1, 1, 0, 1, 1, 0, 1, 1, 0, 1, 1, 0, 0, 0, 0, 1, 0, 0], [1, 1, 0, 1, 1, 0, 1, 1, 0, 1, 1, 0, 1, 1, 0, 1, 1, 0, 1, 1, 0, 1, 0, 1, 1, 0, 0], [1, 1, 0, 1, 1, 0, 1, 1, 0, 1, 1, 0, 1, 1, 0, 1, 1, 0, 1, 1, 0, 1, 1, 0, 1, 0, 0]]
[solve] probs=[0.00390625, 0.00390625, 0.00390625, 0.02734375, 0.00390625, 0.00390625, 0.01953125, 0.00390625, 0.00390625, 0.02734375, 0.00390625, 0.00390625, 0.03515625, 0.00390625, 0.0234375, 0.03125, 0.00390625, 0.00390625, 0.01953125, 0.00390625, 0.00390625, 0.0234375, 0.00390625, 0.0234375, 0.0234375, 0.03515625, 0.015625, 0.63671875]
[choco-best] objective=None probability=None solution=None
[parallel 138/274] path=data/miplib_benders/qaoa_problems/nvars_09/supportcase6_ds_qaoa_c722_c726_c733_0005.json status=ok wall=1779.1170336109353 peak_mb=411.60546875 choco_obj=
[problem] supportcase6_ds_qaoa_c726_c733_0001 path=data/miplib_benders/qaoa_problems/nvars_09/supportcase6_ds_qaoa_c726_c733_0001.json
[input] n_int=9 n_bin=27 n_constr=2
[input] A=[[1, 1, 1, 1, 0, 1, 1, 1, 1], [0, 0, 1, 0, 1, 0, 0, 1, 0]] b=[1, 1] c=[151847000, 150892000, 134333000, 145944000, 144887000, 151847000, 150892000, 134333000, 145944000]
[encoding]
  B100166(7) = B100166_7__b0 + 2*B100166_7__b1 + 4*B100166_7__b2
  B100594(7) = B100594_7__b0 + 2*B100594_7__b1 + 4*B100594_7__b2
  B100600(7) = B100600_7__b0 + 2*B100600_7__b1 + 4*B100600_7__b2
  B100602(7) = B100602_7__b0 + 2*B100602_7__b1 + 4*B100602_7__b2
  B100608(7) = B100608_7__b0 + 2*B100608_7__b1 + 4*B100608_7__b2
  B100623(7) = B100623_7__b0 + 2*B100623_7__b1 + 4*B100623_7__b2
  B101029(7) = B101029_7__b0 + 2*B101029_7__b1 + 4*B101029_7__b2
  B101035(7) = B101035_7__b0 + 2*B101035_7__b1 + 4*B101035_7__b2
  B101037(7) = B101037_7__b0 + 2*B101037_7__b1 + 4*B101037_7__b2
[expanded] A_binary=[[1, 2, 4, 1, 2, 4, 1, 2, 4, 1, 2, 4, 0, 0, 0, 1, 2, 4, 1, 2, 4, 1, 2, 4, 1, 2, 4], [0, 0, 0, 0, 0, 0, 1, 2, 4, 0, 0, 0, 1, 2, 4, 0, 0, 0, 0, 0, 0, 1, 2, 4, 0, 0, 0]] b=[1, 1]
[expanded] lin_constr_mtx=[[1, 2, 4, 1, 2, 4, 1, 2, 4, 1, 2, 4, 0, 0, 0, 1, 2, 4, 1, 2, 4, 1, 2, 4, 1, 2, 4, 1], [0, 0, 0, 0, 0, 0, 1, 2, 4, 0, 0, 0, 1, 2, 4, 0, 0, 0, 0, 0, 0, 1, 2, 4, 0, 0, 0, 1]]
Set parameter Username
[classical] objective=296734000.0 solution={'B100166(7)': 0, 'B100594(7)': 0, 'B100600(7)': 0, 'B100602(7)': 0, 'B100608(7)': 1, 'B100623(7)': 1, 'B101029(7)': 0, 'B101035(7)': 0, 'B101037(7)': 0}
[circuit] metrics=[382, 56, 179, 399]
[solve] start
[solve] states=[[1, 0, 1, 1, 1, 0, 1, 1, 0, 1, 1, 0, 1, 1, 0, 1, 0, 0, 0, 0, 0, 1, 1, 0, 1, 1, 0], [1, 0, 1, 1, 1, 0, 1, 1, 0, 1, 1, 0, 1, 1, 0, 1, 0, 0, 1, 1, 0, 1, 0, 1, 1, 1, 0], [1, 0, 1, 1, 1, 0, 1, 1, 0, 1, 1, 0, 1, 1, 0, 1, 0, 0, 1, 1, 0, 1, 1, 0, 1, 1, 0], [1, 1, 0, 1, 0, 1, 1, 1, 0, 1, 1, 0, 1, 1, 0, 1, 0, 0, 1, 1, 0, 1, 1, 0, 1, 1, 0], [1, 1, 0, 1, 1, 0, 0, 1, 0, 1, 1, 0, 1, 1, 0, 1, 0, 0, 1, 1, 0, 1, 0, 0, 1, 1, 0], [1, 1, 0, 1, 1, 0, 1, 0, 1, 1, 1, 0, 1, 1, 0, 1, 0, 0, 1, 1, 0, 1, 1, 0, 1, 1, 0], [1, 1, 0, 1, 1, 0, 1, 1, 0, 0, 0, 0, 0, 0, 0, 1, 0, 0, 1, 1, 0, 1, 1, 0, 1, 1, 0], [1, 1, 0, 1, 1, 0, 1, 1, 0, 0, 0, 0, 1, 1, 0, 1, 0, 0, 1, 1, 0, 1, 1, 0, 1, 1, 0], [1, 1, 0, 1, 1, 0, 1, 1, 0, 1, 0, 1, 1, 0, 1, 1, 0, 0, 1, 1, 0, 1, 1, 0, 1, 1, 0], [1, 1, 0, 1, 1, 0, 1, 1, 0, 1, 0, 1, 1, 1, 0, 1, 0, 0, 1, 1, 0, 1, 0, 1, 1, 1, 0], [1, 1, 0, 1, 1, 0, 1, 1, 0, 1, 0, 1, 1, 1, 0, 1, 0, 0, 1, 1, 0, 1, 1, 0, 1, 1, 0], [1, 1, 0, 1, 1, 0, 1, 1, 0, 1, 1, 0, 0, 0, 0, 1, 0, 0, 1, 1, 0, 1, 1, 0, 1, 1, 0], [1, 1, 0, 1, 1, 0, 1, 1, 0, 1, 1, 0, 1, 0, 1, 1, 0, 0, 1, 1, 0, 1, 0, 1, 1, 1, 0], [1, 1, 0, 1, 1, 0, 1, 1, 0, 1, 1, 0, 1, 0, 1, 1, 0, 0, 1, 1, 0, 1, 1, 0, 1, 1, 0], [1, 1, 0, 1, 1, 0, 1, 1, 0, 1, 1, 0, 1, 1, 0, 1, 0, 0, 0, 0, 0, 1, 1, 0, 1, 1, 0], [1, 1, 0, 1, 1, 0, 1, 1, 0, 1, 1, 0, 1, 1, 0, 1, 0, 0, 1, 0, 1, 1, 1, 0, 1, 1, 0], [1, 1, 0, 1, 1, 0, 1, 1, 0, 1, 1, 0, 1, 1, 0, 1, 0, 0, 1, 1, 0, 0, 0, 0, 0, 0, 0], [1, 1, 0, 1, 1, 0, 1, 1, 0, 1, 1, 0, 1, 1, 0, 1, 0, 0, 1, 1, 0, 0, 0, 0, 1, 1, 0], [1, 1, 0, 1, 1, 0, 1, 1, 0, 1, 1, 0, 1, 1, 0, 1, 0, 0, 1, 1, 0, 1, 0, 1, 1, 1, 0], [1, 1, 0, 1, 1, 0, 1, 1, 0, 1, 1, 0, 1, 1, 0, 1, 0, 0, 1, 1, 0, 1, 1, 0, 0, 0, 0], [1, 1, 0, 1, 1, 0, 1, 1, 0, 1, 1, 0, 1, 1, 0, 1, 0, 0, 1, 1, 0, 1, 1, 0, 1, 0, 1], [1, 1, 0, 1, 1, 0, 1, 1, 0, 1, 1, 0, 1, 1, 0, 1, 0, 0, 1, 1, 0, 1, 1, 0, 1, 1, 0]]
[solve] probs=[0.00390625, 0.00390625, 0.00390625, 0.01171875, 0.00390625, 0.0078125, 0.00390625, 0.015625, 0.00390625, 0.00390625, 0.01171875, 0.01171875, 0.00390625, 0.015625, 0.015625, 0.00390625, 0.00390625, 0.01171875, 0.00390625, 0.01171875, 0.0078125, 0.8359375]
[choco-best] objective=None probability=None solution=None
[parallel 139/274] path=data/miplib_benders/qaoa_problems/nvars_09/supportcase6_ds_qaoa_c722_c726_c733_0003.json status=ok wall=2100.6094650960295 peak_mb=414.79296875 choco_obj=
[problem] supportcase6_ds_qaoa_c726_c733_c745_0001 path=data/miplib_benders/qaoa_problems/nvars_09/supportcase6_ds_qaoa_c726_c733_c745_0001.json
[input] n_int=9 n_bin=27 n_constr=3
[input] A=[[1, 1, 1, 1, 0, 1, 1, 1, 1], [0, 0, 1, 0, 1, 0, 0, 1, 0], [0, 1, 1, 1, 1, 0, 1, 1, 1]] b=[1, 1, 1] c=[151847000, 150892000, 134333000, 145944000, 144887000, 151847000, 150892000, 134333000, 145944000]
[encoding]
  B100166(7) = B100166_7__b0 + 2*B100166_7__b1 + 4*B100166_7__b2
  B100594(7) = B100594_7__b0 + 2*B100594_7__b1 + 4*B100594_7__b2
  B100600(7) = B100600_7__b0 + 2*B100600_7__b1 + 4*B100600_7__b2
  B100602(7) = B100602_7__b0 + 2*B100602_7__b1 + 4*B100602_7__b2
  B100608(7) = B100608_7__b0 + 2*B100608_7__b1 + 4*B100608_7__b2
  B100623(7) = B100623_7__b0 + 2*B100623_7__b1 + 4*B100623_7__b2
  B101029(7) = B101029_7__b0 + 2*B101029_7__b1 + 4*B101029_7__b2
  B101035(7) = B101035_7__b0 + 2*B101035_7__b1 + 4*B101035_7__b2
  B101037(7) = B101037_7__b0 + 2*B101037_7__b1 + 4*B101037_7__b2
[expanded] A_binary=[[1, 2, 4, 1, 2, 4, 1, 2, 4, 1, 2, 4, 0, 0, 0, 1, 2, 4, 1, 2, 4, 1, 2, 4, 1, 2, 4], [0, 0, 0, 0, 0, 0, 1, 2, 4, 0, 0, 0, 1, 2, 4, 0, 0, 0, 0, 0, 0, 1, 2, 4, 0, 0, 0], [0, 0, 0, 1, 2, 4, 1, 2, 4, 1, 2, 4, 1, 2, 4, 0, 0, 0, 1, 2, 4, 1, 2, 4, 1, 2, 4]] b=[1, 1, 1]
[expanded] lin_constr_mtx=[[1, 2, 4, 1, 2, 4, 1, 2, 4, 1, 2, 4, 0, 0, 0, 1, 2, 4, 1, 2, 4, 1, 2, 4, 1, 2, 4, 1], [0, 0, 0, 0, 0, 0, 1, 2, 4, 0, 0, 0, 1, 2, 4, 0, 0, 0, 0, 0, 0, 1, 2, 4, 0, 0, 0, 1], [0, 0, 0, 1, 2, 4, 1, 2, 4, 1, 2, 4, 1, 2, 4, 0, 0, 0, 1, 2, 4, 1, 2, 4, 1, 2, 4, 1]]
Set parameter Username
[classical] objective=296734000.0 solution={'B100166(7)': 0, 'B100594(7)': 0, 'B100600(7)': 0, 'B100602(7)': 0, 'B100608(7)': 1, 'B100623(7)': 1, 'B101029(7)': 0, 'B101035(7)': 0, 'B101037(7)': 0}
[circuit] metrics=[222, 56, 107, 390]
[solve] start
[solve] states=[[1, 0, 0, 1, 1, 0, 0, 1, 0, 1, 1, 0, 1, 1, 0, 1, 1, 0, 1, 0, 0, 1, 1, 0, 0, 0, 0], [1, 0, 1, 1, 1, 0, 1, 1, 0, 1, 0, 1, 1, 1, 0, 0, 0, 0, 1, 0, 0, 1, 1, 0, 1, 1, 0], [1, 0, 1, 1, 1, 0, 1, 1, 0, 1, 1, 0, 1, 1, 0, 0, 0, 0, 1, 0, 0, 1, 1, 0, 1, 1, 0], [1, 0, 1, 1, 1, 0, 1, 1, 0, 1, 1, 0, 1, 1, 0, 1, 1, 0, 1, 0, 0, 1, 1, 0, 1, 1, 0], [1, 1, 0, 1, 0, 1, 1, 1, 0, 1, 1, 0, 1, 0, 1, 1, 1, 0, 1, 0, 0, 1, 1, 0, 1, 1, 0], [1, 1, 0, 1, 0, 1, 1, 1, 0, 1, 1, 0, 1, 1, 0, 1, 1, 0, 1, 0, 0, 1, 1, 0, 0, 0, 0], [1, 1, 0, 1, 0, 1, 1, 1, 0, 1, 1, 0, 1, 1, 0, 1, 1, 0, 1, 0, 0, 1, 1, 0, 1, 1, 0], [1, 1, 0, 1, 1, 0, 0, 0, 0, 1, 0, 1, 1, 1, 0, 1, 1, 0, 1, 0, 0, 1, 1, 0, 1, 1, 0], [1, 1, 0, 1, 1, 0, 0, 0, 0, 1, 1, 0, 1, 1, 0, 1, 1, 0, 1, 0, 0, 0, 0, 0, 1, 1, 0], [1, 1, 0, 1, 1, 0, 0, 0, 0, 1, 1, 0, 1, 1, 0, 1, 1, 0, 1, 0, 0, 1, 1, 0, 0, 0, 0], [1, 1, 0, 1, 1, 0, 0, 0, 0, 1, 1, 0, 1, 1, 0, 1, 1, 0, 1, 0, 0, 1, 1, 0, 1, 1, 0], [1, 1, 0, 1, 1, 0, 1, 0, 1, 1, 1, 0, 0, 0, 0, 1, 1, 0, 1, 0, 0, 1, 1, 0, 1, 1, 0], [1, 1, 0, 1, 1, 0, 1, 0, 1, 1, 1, 0, 1, 1, 0, 1, 1, 0, 1, 0, 0, 1, 0, 1, 1, 1, 0], [1, 1, 0, 1, 1, 0, 1, 0, 1, 1, 1, 0, 1, 1, 0, 1, 1, 0, 1, 0, 0, 1, 1, 0, 1, 1, 0], [1, 1, 0, 1, 1, 0, 1, 1, 0, 0, 1, 0, 1, 1, 0, 1, 1, 0, 1, 0, 0, 1, 1, 0, 1, 0, 0], [1, 1, 0, 1, 1, 0, 1, 1, 0, 1, 0, 1, 1, 1, 0, 0, 0, 0, 1, 0, 0, 1, 1, 0, 1, 1, 0], [1, 1, 0, 1, 1, 0, 1, 1, 0, 1, 0, 1, 1, 1, 0, 1, 1, 0, 1, 0, 0, 0, 0, 0, 1, 1, 0], [1, 1, 0, 1, 1, 0, 1, 1, 0, 1, 0, 1, 1, 1, 0, 1, 1, 0, 1, 0, 0, 1, 0, 1, 1, 1, 0], [1, 1, 0, 1, 1, 0, 1, 1, 0, 1, 0, 1, 1, 1, 0, 1, 1, 0, 1, 0, 0, 1, 1, 0, 1, 1, 0], [1, 1, 0, 1, 1, 0, 1, 1, 0, 1, 1, 0, 0, 0, 0, 1, 0, 1, 1, 0, 0, 1, 1, 0, 1, 1, 0], [1, 1, 0, 1, 1, 0, 1, 1, 0, 1, 1, 0, 0, 0, 0, 1, 1, 0, 1, 0, 0, 1, 1, 0, 0, 0, 0], [1, 1, 0, 1, 1, 0, 1, 1, 0, 1, 1, 0, 0, 0, 0, 1, 1, 0, 1, 0, 0, 1, 1, 0, 1, 1, 0], [1, 1, 0, 1, 1, 0, 1, 1, 0, 1, 1, 0, 1, 0, 0, 0, 1, 0, 1, 0, 0, 1, 1, 0, 1, 1, 0], [1, 1, 0, 1, 1, 0, 1, 1, 0, 1, 1, 0, 1, 0, 1, 1, 0, 1, 1, 0, 0, 1, 1, 0, 1, 1, 0], [1, 1, 0, 1, 1, 0, 1, 1, 0, 1, 1, 0, 1, 0, 1, 1, 1, 0, 1, 0, 0, 1, 1, 0, 1, 0, 1], [1, 1, 0, 1, 1, 0, 1, 1, 0, 1, 1, 0, 1, 0, 1, 1, 1, 0, 1, 0, 0, 1, 1, 0, 1, 1, 0], [1, 1, 0, 1, 1, 0, 1, 1, 0, 1, 1, 0, 1, 1, 0, 0, 0, 0, 1, 0, 0, 1, 1, 0, 0, 0, 0], [1, 1, 0, 1, 1, 0, 1, 1, 0, 1, 1, 0, 1, 1, 0, 0, 0, 0, 1, 0, 0, 1, 1, 0, 1, 1, 0], [1, 1, 0, 1, 1, 0, 1, 1, 0, 1, 1, 0, 1, 1, 0, 1, 0, 1, 1, 0, 0, 0, 0, 0, 1, 1, 0], [1, 1, 0, 1, 1, 0, 1, 1, 0, 1, 1, 0, 1, 1, 0, 1, 0, 1, 1, 0, 0, 1, 1, 0, 0, 0, 0], [1, 1, 0, 1, 1, 0, 1, 1, 0, 1, 1, 0, 1, 1, 0, 1, 0, 1, 1, 0, 0, 1, 1, 0, 1, 0, 1], [1, 1, 0, 1, 1, 0, 1, 1, 0, 1, 1, 0, 1, 1, 0, 1, 0, 1, 1, 0, 0, 1, 1, 0, 1, 1, 0], [1, 1, 0, 1, 1, 0, 1, 1, 0, 1, 1, 0, 1, 1, 0, 1, 1, 0, 1, 0, 0, 0, 0, 0, 1, 1, 0], [1, 1, 0, 1, 1, 0, 1, 1, 0, 1, 1, 0, 1, 1, 0, 1, 1, 0, 1, 0, 0, 1, 0, 1, 1, 1, 0], [1, 1, 0, 1, 1, 0, 1, 1, 0, 1, 1, 0, 1, 1, 0, 1, 1, 0, 1, 0, 0, 1, 1, 0, 0, 0, 0], [1, 1, 0, 1, 1, 0, 1, 1, 0, 1, 1, 0, 1, 1, 0, 1, 1, 0, 1, 0, 0, 1, 1, 0, 1, 0, 1], [1, 1, 0, 1, 1, 0, 1, 1, 0, 1, 1, 0, 1, 1, 0, 1, 1, 0, 1, 0, 0, 1, 1, 0, 1, 1, 0]]
[solve] probs=[0.00390625, 0.00390625, 0.0078125, 0.0234375, 0.00390625, 0.00390625, 0.0234375, 0.00390625, 0.0078125, 0.00390625, 0.02734375, 0.00390625, 0.00390625, 0.03125, 0.00390625, 0.0078125, 0.00390625, 0.00390625, 0.03125, 0.00390625, 0.00390625, 0.03125, 0.00390625, 0.00390625, 0.00390625, 0.03515625, 0.00390625, 0.03125, 0.00390625, 0.00390625, 0.00390625, 0.03125, 0.0234375, 0.02734375, 0.03125, 0.03125, 0.51953125]
[choco-best] objective=None probability=None solution=None
[parallel 140/274] path=data/miplib_benders/qaoa_problems/nvars_09/supportcase6_ds_qaoa_c722_c726_c733_0002.json status=ok wall=2339.9348631430184 peak_mb=410.22265625 choco_obj=
[problem] supportcase6_ds_qaoa_c726_c733_c745_0002 path=data/miplib_benders/qaoa_problems/nvars_09/supportcase6_ds_qaoa_c726_c733_c745_0002.json
[input] n_int=9 n_bin=27 n_constr=3
[input] A=[[1, 1, 1, 0, 1, 1, 1, 1, 0], [0, 1, 0, 1, 0, 0, 1, 0, 1], [1, 1, 1, 1, 0, 1, 1, 1, 1]] b=[1, 1, 1] c=[150892000, 134333000, 145944000, 144887000, 151847000, 150892000, 134333000, 145944000, 144887000]
[encoding]
  B100594(7) = B100594_7__b0 + 2*B100594_7__b1 + 4*B100594_7__b2
  B100600(7) = B100600_7__b0 + 2*B100600_7__b1 + 4*B100600_7__b2
  B100602(7) = B100602_7__b0 + 2*B100602_7__b1 + 4*B100602_7__b2
  B100608(7) = B100608_7__b0 + 2*B100608_7__b1 + 4*B100608_7__b2
  B100623(7) = B100623_7__b0 + 2*B100623_7__b1 + 4*B100623_7__b2
  B101029(7) = B101029_7__b0 + 2*B101029_7__b1 + 4*B101029_7__b2
  B101035(7) = B101035_7__b0 + 2*B101035_7__b1 + 4*B101035_7__b2
  B101037(7) = B101037_7__b0 + 2*B101037_7__b1 + 4*B101037_7__b2
  B101043(7) = B101043_7__b0 + 2*B101043_7__b1 + 4*B101043_7__b2
[expanded] A_binary=[[1, 2, 4, 1, 2, 4, 1, 2, 4, 0, 0, 0, 1, 2, 4, 1, 2, 4, 1, 2, 4, 1, 2, 4, 0, 0, 0], [0, 0, 0, 1, 2, 4, 0, 0, 0, 1, 2, 4, 0, 0, 0, 0, 0, 0, 1, 2, 4, 0, 0, 0, 1, 2, 4], [1, 2, 4, 1, 2, 4, 1, 2, 4, 1, 2, 4, 0, 0, 0, 1, 2, 4, 1, 2, 4, 1, 2, 4, 1, 2, 4]] b=[1, 1, 1]
[expanded] lin_constr_mtx=[[1, 2, 4, 1, 2, 4, 1, 2, 4, 0, 0, 0, 1, 2, 4, 1, 2, 4, 1, 2, 4, 1, 2, 4, 0, 0, 0, 1], [0, 0, 0, 1, 2, 4, 0, 0, 0, 1, 2, 4, 0, 0, 0, 0, 0, 0, 1, 2, 4, 0, 0, 0, 1, 2, 4, 1], [1, 2, 4, 1, 2, 4, 1, 2, 4, 1, 2, 4, 0, 0, 0, 1, 2, 4, 1, 2, 4, 1, 2, 4, 1, 2, 4, 1]]
Set parameter Username
[classical] objective=296734000.0 solution={'B100594(7)': 0, 'B100600(7)': 0, 'B100602(7)': 0, 'B100608(7)': 0, 'B100623(7)': 1, 'B101029(7)': 0, 'B101035(7)': 0, 'B101037(7)': 0, 'B101043(7)': 1}
[circuit] metrics=[222, 56, 107, 390]
[solve] start
[solve] states=[[1, 0, 1, 1, 0, 1, 1, 0, 1, 1, 1, 0, 1, 1, 0, 1, 1, 0, 1, 1, 0, 1, 0, 0, 1, 1, 0], [1, 0, 1, 1, 0, 1, 1, 1, 0, 1, 1, 0, 1, 1, 0, 1, 1, 0, 1, 1, 0, 1, 0, 0, 1, 1, 0], [1, 0, 1, 1, 1, 0, 1, 1, 0, 1, 0, 1, 1, 1, 0, 1, 0, 1, 1, 1, 0, 1, 0, 0, 1, 1, 0], [1, 0, 1, 1, 1, 0, 1, 1, 0, 1, 1, 0, 1, 1, 0, 0, 0, 0, 1, 1, 0, 1, 0, 0, 1, 1, 0], [1, 0, 1, 1, 1, 0, 1, 1, 0, 1, 1, 0, 1, 1, 0, 1, 1, 0, 0, 0, 0, 1, 0, 0, 1, 1, 0], [1, 0, 1, 1, 1, 0, 1, 1, 0, 1, 1, 0, 1, 1, 0, 1, 1, 0, 1, 1, 0, 1, 0, 0, 1, 0, 1], [1, 0, 1, 1, 1, 0, 1, 1, 0, 1, 1, 0, 1, 1, 0, 1, 1, 0, 1, 1, 0, 1, 0, 0, 1, 1, 0], [1, 1, 0, 0, 0, 0, 1, 1, 0, 0, 0, 0, 1, 1, 0, 1, 1, 0, 1, 1, 0, 1, 0, 0, 1, 1, 0], [1, 1, 0, 0, 0, 0, 1, 1, 0, 1, 0, 1, 1, 1, 0, 0, 0, 0, 1, 1, 0, 1, 0, 0, 1, 1, 0], [1, 1, 0, 0, 0, 0, 1, 1, 0, 1, 0, 1, 1, 1, 0, 1, 1, 0, 1, 1, 0, 1, 0, 0, 1, 1, 0], [1, 1, 0, 0, 0, 0, 1, 1, 0, 1, 1, 0, 1, 1, 0, 1, 1, 0, 0, 0, 0, 1, 0, 0, 1, 1, 0], [1, 1, 0, 0, 0, 0, 1, 1, 0, 1, 1, 0, 1, 1, 0, 1, 1, 0, 1, 0, 1, 1, 0, 0, 1, 1, 0], [1, 1, 0, 0, 0, 0, 1, 1, 0, 1, 1, 0, 1, 1, 0, 1, 1, 0, 1, 1, 0, 1, 0, 0, 0, 0, 0], [1, 1, 0, 0, 0, 0, 1, 1, 0, 1, 1, 0, 1, 1, 0, 1, 1, 0, 1, 1, 0, 1, 0, 0, 1, 1, 0], [1, 1, 0, 1, 0, 0, 1, 1, 0, 0, 1, 0, 1, 1, 0, 1, 1, 0, 1, 1, 0, 1, 0, 0, 1, 0, 1], [1, 1, 0, 1, 0, 1, 1, 0, 1, 1, 1, 0, 1, 1, 0, 1, 1, 0, 0, 0, 0, 1, 0, 0, 1, 1, 0], [1, 1, 0, 1, 0, 1, 1, 0, 1, 1, 1, 0, 1, 1, 0, 1, 1, 0, 1, 1, 0, 1, 0, 0, 1, 1, 0], [1, 1, 0, 1, 0, 1, 1, 1, 0, 0, 0, 0, 1, 1, 0, 1, 1, 0, 0, 0, 0, 1, 0, 0, 1, 1, 0], [1, 1, 0, 1, 0, 1, 1, 1, 0, 1, 1, 0, 1, 1, 0, 1, 1, 0, 1, 0, 1, 1, 0, 0, 1, 0, 1], [1, 1, 0, 1, 0, 1, 1, 1, 0, 1, 1, 0, 1, 1, 0, 1, 1, 0, 1, 0, 1, 1, 0, 0, 1, 1, 0], [1, 1, 0, 1, 0, 1, 1, 1, 0, 1, 1, 0, 1, 1, 0, 1, 1, 0, 1, 1, 0, 1, 0, 0, 1, 0, 1], [1, 1, 0, 1, 0, 1, 1, 1, 0, 1, 1, 0, 1, 1, 0, 1, 1, 0, 1, 1, 0, 1, 0, 0, 1, 1, 0], [1, 1, 0, 1, 1, 0, 1, 0, 1, 0, 0, 0, 1, 1, 0, 1, 0, 1, 1, 1, 0, 1, 0, 0, 1, 1, 0], [1, 1, 0, 1, 1, 0, 1, 0, 1, 1, 1, 0, 1, 1, 0, 1, 0, 1, 1, 1, 0, 1, 0, 0, 1, 1, 0], [1, 1, 0, 1, 1, 0, 1, 0, 1, 1, 1, 0, 1, 1, 0, 1, 1, 0, 1, 1, 0, 1, 0, 0, 1, 1, 0], [1, 1, 0, 1, 1, 0, 1, 1, 0, 0, 0, 0, 1, 1, 0, 1, 1, 0, 1, 1, 0, 1, 0, 0, 0, 0, 0], [1, 1, 0, 1, 1, 0, 1, 1, 0, 0, 0, 0, 1, 1, 0, 1, 1, 0, 1, 1, 0, 1, 0, 0, 1, 1, 0], [1, 1, 0, 1, 1, 0, 1, 1, 0, 1, 0, 1, 1, 0, 1, 1, 1, 0, 1, 1, 0, 1, 0, 0, 1, 1, 0], [1, 1, 0, 1, 1, 0, 1, 1, 0, 1, 0, 1, 1, 1, 0, 0, 0, 0, 1, 1, 0, 1, 0, 0, 1, 1, 0], [1, 1, 0, 1, 1, 0, 1, 1, 0, 1, 0, 1, 1, 1, 0, 1, 1, 0, 1, 0, 0, 1, 0, 0, 0, 0, 1], [1, 1, 0, 1, 1, 0, 1, 1, 0, 1, 0, 1, 1, 1, 0, 1, 1, 0, 1, 1, 0, 1, 0, 0, 0, 0, 0], [1, 1, 0, 1, 1, 0, 1, 1, 0, 1, 0, 1, 1, 1, 0, 1, 1, 0, 1, 1, 0, 1, 0, 0, 1, 0, 1], [1, 1, 0, 1, 1, 0, 1, 1, 0, 1, 0, 1, 1, 1, 0, 1, 1, 0, 1, 1, 0, 1, 0, 0, 1, 1, 0], [1, 1, 0, 1, 1, 0, 1, 1, 0, 1, 1, 0, 0, 0, 0, 1, 1, 0, 1, 1, 0, 1, 0, 0, 1, 1, 0], [1, 1, 0, 1, 1, 0, 1, 1, 0, 1, 1, 0, 1, 0, 1, 1, 0, 1, 1, 1, 0, 1, 0, 0, 1, 1, 0], [1, 1, 0, 1, 1, 0, 1, 1, 0, 1, 1, 0, 1, 0, 1, 1, 1, 0, 1, 1, 0, 1, 0, 0, 0, 0, 0], [1, 1, 0, 1, 1, 0, 1, 1, 0, 1, 1, 0, 1, 0, 1, 1, 1, 0, 1, 1, 0, 1, 0, 0, 1, 0, 1], [1, 1, 0, 1, 1, 0, 1, 1, 0, 1, 1, 0, 1, 0, 1, 1, 1, 0, 1, 1, 0, 1, 0, 0, 1, 1, 0], [1, 1, 0, 1, 1, 0, 1, 1, 0, 1, 1, 0, 1, 1, 0, 0, 0, 0, 0, 0, 0, 1, 0, 0, 1, 1, 0], [1, 1, 0, 1, 1, 0, 1, 1, 0, 1, 1, 0, 1, 1, 0, 0, 0, 0, 1, 1, 0, 1, 0, 0, 1, 1, 0], [1, 1, 0, 1, 1, 0, 1, 1, 0, 1, 1, 0, 1, 1, 0, 1, 0, 1, 1, 0, 1, 1, 0, 0, 1, 0, 1], [1, 1, 0, 1, 1, 0, 1, 1, 0, 1, 1, 0, 1, 1, 0, 1, 0, 1, 1, 0, 1, 1, 0, 0, 1, 1, 0], [1, 1, 0, 1, 1, 0, 1, 1, 0, 1, 1, 0, 1, 1, 0, 1, 0, 1, 1, 1, 0, 1, 0, 0, 1, 1, 0], [1, 1, 0, 1, 1, 0, 1, 1, 0, 1, 1, 0, 1, 1, 0, 1, 1, 0, 0, 0, 0, 1, 0, 0, 0, 0, 0], [1, 1, 0, 1, 1, 0, 1, 1, 0, 1, 1, 0, 1, 1, 0, 1, 1, 0, 0, 0, 0, 1, 0, 0, 1, 0, 1], [1, 1, 0, 1, 1, 0, 1, 1, 0, 1, 1, 0, 1, 1, 0, 1, 1, 0, 0, 0, 0, 1, 0, 0, 1, 1, 0], [1, 1, 0, 1, 1, 0, 1, 1, 0, 1, 1, 0, 1, 1, 0, 1, 1, 0, 1, 0, 1, 1, 0, 0, 0, 0, 0], [1, 1, 0, 1, 1, 0, 1, 1, 0, 1, 1, 0, 1, 1, 0, 1, 1, 0, 1, 0, 1, 1, 0, 0, 1, 0, 1], [1, 1, 0, 1, 1, 0, 1, 1, 0, 1, 1, 0, 1, 1, 0, 1, 1, 0, 1, 0, 1, 1, 0, 0, 1, 1, 0], [1, 1, 0, 1, 1, 0, 1, 1, 0, 1, 1, 0, 1, 1, 0, 1, 1, 0, 1, 1, 0, 1, 0, 0, 0, 0, 0], [1, 1, 0, 1, 1, 0, 1, 1, 0, 1, 1, 0, 1, 1, 0, 1, 1, 0, 1, 1, 0, 1, 0, 0, 1, 0, 1], [1, 1, 0, 1, 1, 0, 1, 1, 0, 1, 1, 0, 1, 1, 0, 1, 1, 0, 1, 1, 0, 1, 0, 0, 1, 1, 0]]
[solve] probs=[0.00390625, 0.00390625, 0.00390625, 0.0078125, 0.00390625, 0.00390625, 0.0390625, 0.00390625, 0.00390625, 0.00390625, 0.00390625, 0.00390625, 0.00390625, 0.0625, 0.00390625, 0.00390625, 0.00390625, 0.00390625, 0.00390625, 0.00390625, 0.00390625, 0.03515625, 0.00390625, 0.00390625, 0.0234375, 0.0078125, 0.05078125, 0.00390625, 0.00390625, 0.00390625, 0.00390625, 0.00390625, 0.01953125, 0.00390625, 0.00390625, 0.00390625, 0.00390625, 0.01953125, 0.00390625, 0.03515625, 0.00390625, 0.00390625, 0.0234375, 0.0078125, 0.00390625, 0.03125, 0.00390625, 0.01171875, 0.02734375, 0.03515625, 0.01953125, 0.41015625]
[choco-best] objective=None probability=None solution=None
[parallel 141/274] path=data/miplib_benders/qaoa_problems/nvars_09/supportcase6_ds_qaoa_c722_c726_c733_0001.json status=ok wall=2643.8053261250025 peak_mb=405.1328125 choco_obj=
[problem] supportcase6_ds_qaoa_c726_c733_c745_0003 path=data/miplib_benders/qaoa_problems/nvars_09/supportcase6_ds_qaoa_c726_c733_c745_0003.json
[input] n_int=9 n_bin=27 n_constr=3
[input] A=[[1, 1, 0, 1, 1, 1, 1, 0, 1], [1, 0, 1, 0, 0, 1, 0, 1, 0], [1, 1, 1, 0, 1, 1, 1, 1, 0]] b=[1, 1, 1] c=[134333000, 145944000, 144887000, 151847000, 150892000, 134333000, 145944000, 144887000, 151847000]
[encoding]
  B100600(7) = B100600_7__b0 + 2*B100600_7__b1 + 4*B100600_7__b2
  B100602(7) = B100602_7__b0 + 2*B100602_7__b1 + 4*B100602_7__b2
  B100608(7) = B100608_7__b0 + 2*B100608_7__b1 + 4*B100608_7__b2
  B100623(7) = B100623_7__b0 + 2*B100623_7__b1 + 4*B100623_7__b2
  B101029(7) = B101029_7__b0 + 2*B101029_7__b1 + 4*B101029_7__b2
  B101035(7) = B101035_7__b0 + 2*B101035_7__b1 + 4*B101035_7__b2
  B101037(7) = B101037_7__b0 + 2*B101037_7__b1 + 4*B101037_7__b2
  B101043(7) = B101043_7__b0 + 2*B101043_7__b1 + 4*B101043_7__b2
  B101058(7) = B101058_7__b0 + 2*B101058_7__b1 + 4*B101058_7__b2
[expanded] A_binary=[[1, 2, 4, 1, 2, 4, 0, 0, 0, 1, 2, 4, 1, 2, 4, 1, 2, 4, 1, 2, 4, 0, 0, 0, 1, 2, 4], [1, 2, 4, 0, 0, 0, 1, 2, 4, 0, 0, 0, 0, 0, 0, 1, 2, 4, 0, 0, 0, 1, 2, 4, 0, 0, 0], [1, 2, 4, 1, 2, 4, 1, 2, 4, 0, 0, 0, 1, 2, 4, 1, 2, 4, 1, 2, 4, 1, 2, 4, 0, 0, 0]] b=[1, 1, 1]
[expanded] lin_constr_mtx=[[1, 2, 4, 1, 2, 4, 0, 0, 0, 1, 2, 4, 1, 2, 4, 1, 2, 4, 1, 2, 4, 0, 0, 0, 1, 2, 4, 1], [1, 2, 4, 0, 0, 0, 1, 2, 4, 0, 0, 0, 0, 0, 0, 1, 2, 4, 0, 0, 0, 1, 2, 4, 0, 0, 0, 1], [1, 2, 4, 1, 2, 4, 1, 2, 4, 0, 0, 0, 1, 2, 4, 1, 2, 4, 1, 2, 4, 1, 2, 4, 0, 0, 0, 1]]
Set parameter Username
[classical] objective=296734000.0 solution={'B100600(7)': 0, 'B100602(7)': 0, 'B100608(7)': 1, 'B100623(7)': 0, 'B101029(7)': 0, 'B101035(7)': 0, 'B101037(7)': 0, 'B101043(7)': 0, 'B101058(7)': 1}
[circuit] metrics=[375, 56, 184, 492]
[solve] start
[solve] states=[[1, 0, 1, 1, 1, 0, 1, 1, 0, 1, 1, 0, 0, 0, 0, 1, 1, 0, 1, 1, 0, 1, 0, 0, 1, 1, 0], [1, 1, 0, 1, 0, 1, 1, 1, 0, 1, 1, 0, 0, 0, 0, 1, 1, 0, 1, 1, 0, 1, 0, 0, 1, 1, 0], [1, 1, 0, 1, 1, 0, 1, 0, 1, 1, 1, 0, 0, 0, 0, 1, 1, 0, 1, 1, 0, 1, 0, 0, 1, 1, 0], [1, 1, 0, 1, 1, 0, 1, 1, 0, 0, 0, 0, 0, 0, 0, 1, 1, 0, 1, 1, 0, 1, 0, 0, 1, 1, 0], [1, 1, 0, 1, 1, 0, 1, 1, 0, 1, 0, 1, 0, 0, 0, 1, 1, 0, 1, 1, 0, 1, 0, 0, 1, 1, 0], [1, 1, 0, 1, 1, 0, 1, 1, 0, 1, 1, 0, 0, 0, 0, 0, 0, 0, 1, 1, 0, 1, 0, 0, 1, 1, 0], [1, 1, 0, 1, 1, 0, 1, 1, 0, 1, 1, 0, 0, 0, 0, 1, 1, 0, 0, 0, 0, 1, 0, 0, 1, 1, 0], [1, 1, 0, 1, 1, 0, 1, 1, 0, 1, 1, 0, 0, 0, 0, 1, 1, 0, 1, 0, 1, 1, 0, 0, 1, 1, 0], [1, 1, 0, 1, 1, 0, 1, 1, 0, 1, 1, 0, 0, 0, 0, 1, 1, 0, 1, 1, 0, 1, 0, 0, 0, 0, 0], [1, 1, 0, 1, 1, 0, 1, 1, 0, 1, 1, 0, 0, 0, 0, 1, 1, 0, 1, 1, 0, 1, 0, 0, 1, 0, 1], [1, 1, 0, 1, 1, 0, 1, 1, 0, 1, 1, 0, 0, 0, 0, 1, 1, 0, 1, 1, 0, 1, 0, 0, 1, 1, 0]]
[solve] probs=[0.01171875, 0.015625, 0.015625, 0.015625, 0.00390625, 0.00390625, 0.0078125, 0.0078125, 0.015625, 0.01171875, 0.890625]
[choco-best] objective=None probability=None solution=None
[parallel 142/274] path=data/miplib_benders/qaoa_problems/nvars_09/supportcase6_ds_qaoa_c726_c733_0001.json status=ok wall=997.4748174960259 peak_mb=413.55078125 choco_obj=
[problem] supportcase6_ds_qaoa_c726_c733_c745_0004 path=data/miplib_benders/qaoa_problems/nvars_09/supportcase6_ds_qaoa_c726_c733_c745_0004.json
[input] n_int=9 n_bin=27 n_constr=3
[input] A=[[1, 0, 1, 1, 1, 1, 0, 1, 1], [0, 1, 0, 0, 1, 0, 1, 0, 0], [1, 1, 0, 1, 1, 1, 1, 0, 1]] b=[1, 1, 1] c=[145944000, 144887000, 151847000, 150892000, 134333000, 145944000, 144887000, 151847000, 150892000]
[encoding]
  B100602(7) = B100602_7__b0 + 2*B100602_7__b1 + 4*B100602_7__b2
  B100608(7) = B100608_7__b0 + 2*B100608_7__b1 + 4*B100608_7__b2
  B100623(7) = B100623_7__b0 + 2*B100623_7__b1 + 4*B100623_7__b2
  B101029(7) = B101029_7__b0 + 2*B101029_7__b1 + 4*B101029_7__b2
  B101035(7) = B101035_7__b0 + 2*B101035_7__b1 + 4*B101035_7__b2
  B101037(7) = B101037_7__b0 + 2*B101037_7__b1 + 4*B101037_7__b2
  B101043(7) = B101043_7__b0 + 2*B101043_7__b1 + 4*B101043_7__b2
  B101058(7) = B101058_7__b0 + 2*B101058_7__b1 + 4*B101058_7__b2
  B101479(7) = B101479_7__b0 + 2*B101479_7__b1 + 4*B101479_7__b2
[expanded] A_binary=[[1, 2, 4, 0, 0, 0, 1, 2, 4, 1, 2, 4, 1, 2, 4, 1, 2, 4, 0, 0, 0, 1, 2, 4, 1, 2, 4], [0, 0, 0, 1, 2, 4, 0, 0, 0, 0, 0, 0, 1, 2, 4, 0, 0, 0, 1, 2, 4, 0, 0, 0, 0, 0, 0], [1, 2, 4, 1, 2, 4, 0, 0, 0, 1, 2, 4, 1, 2, 4, 1, 2, 4, 1, 2, 4, 0, 0, 0, 1, 2, 4]] b=[1, 1, 1]
[expanded] lin_constr_mtx=[[1, 2, 4, 0, 0, 0, 1, 2, 4, 1, 2, 4, 1, 2, 4, 1, 2, 4, 0, 0, 0, 1, 2, 4, 1, 2, 4, 1], [0, 0, 0, 1, 2, 4, 0, 0, 0, 0, 0, 0, 1, 2, 4, 0, 0, 0, 1, 2, 4, 0, 0, 0, 0, 0, 0, 1], [1, 2, 4, 1, 2, 4, 0, 0, 0, 1, 2, 4, 1, 2, 4, 1, 2, 4, 1, 2, 4, 0, 0, 0, 1, 2, 4, 1]]
Set parameter Username
[classical] objective=296734000.0 solution={'B100602(7)': 0, 'B100608(7)': 1, 'B100623(7)': 0, 'B101029(7)': 0, 'B101035(7)': 0, 'B101037(7)': 0, 'B101043(7)': 0, 'B101058(7)': 1, 'B101479(7)': 0}
[circuit] metrics=[222, 56, 107, 389]
[solve] start
[solve] states=[[1, 0, 1, 1, 1, 0, 1, 1, 0, 1, 1, 0, 0, 0, 0, 1, 1, 0, 1, 1, 0, 1, 0, 0, 1, 1, 0], [1, 1, 0, 1, 0, 1, 1, 1, 0, 1, 1, 0, 0, 0, 0, 1, 1, 0, 1, 1, 0, 1, 0, 0, 1, 1, 0], [1, 1, 0, 1, 1, 0, 1, 1, 0, 0, 0, 0, 0, 0, 0, 1, 1, 0, 1, 1, 0, 1, 0, 0, 0, 0, 0], [1, 1, 0, 1, 1, 0, 1, 1, 0, 0, 0, 0, 0, 0, 0, 1, 1, 0, 1, 1, 0, 1, 0, 0, 1, 1, 0], [1, 1, 0, 1, 1, 0, 1, 1, 0, 1, 1, 0, 0, 0, 0, 0, 0, 0, 1, 1, 0, 1, 0, 0, 1, 1, 0], [1, 1, 0, 1, 1, 0, 1, 1, 0, 1, 1, 0, 0, 0, 0, 1, 0, 1, 1, 1, 0, 1, 0, 0, 1, 1, 0], [1, 1, 0, 1, 1, 0, 1, 1, 0, 1, 1, 0, 0, 0, 0, 1, 1, 0, 0, 0, 0, 1, 0, 0, 1, 1, 0], [1, 1, 0, 1, 1, 0, 1, 1, 0, 1, 1, 0, 0, 0, 0, 1, 1, 0, 1, 0, 1, 1, 0, 0, 1, 1, 0], [1, 1, 0, 1, 1, 0, 1, 1, 0, 1, 1, 0, 0, 0, 0, 1, 1, 0, 1, 1, 0, 1, 0, 0, 0, 0, 0], [1, 1, 0, 1, 1, 0, 1, 1, 0, 1, 1, 0, 0, 0, 0, 1, 1, 0, 1, 1, 0, 1, 0, 0, 1, 0, 1], [1, 1, 0, 1, 1, 0, 1, 1, 0, 1, 1, 0, 0, 0, 0, 1, 1, 0, 1, 1, 0, 1, 0, 0, 1, 1, 0]]
[solve] probs=[0.00390625, 0.0078125, 0.00390625, 0.00390625, 0.0078125, 0.00390625, 0.01171875, 0.0078125, 0.00390625, 0.0078125, 0.9375]
[choco-best] objective=None probability=None solution=None
[parallel 143/274] path=data/miplib_benders/qaoa_problems/nvars_09/supportcase6_ds_qaoa_c726_c733_c745_0001.json status=ok wall=1227.2741470589535 peak_mb=427.5546875 choco_obj=
[problem] supportcase6_ds_qaoa_c726_c733_c745_0005 path=data/miplib_benders/qaoa_problems/nvars_09/supportcase6_ds_qaoa_c726_c733_c745_0005.json
[input] n_int=9 n_bin=27 n_constr=3
[input] A=[[0, 1, 1, 1, 1, 0, 1, 1, 1], [1, 0, 0, 1, 0, 1, 0, 0, 1], [1, 0, 1, 1, 1, 1, 0, 1, 1]] b=[1, 1, 1] c=[144887000, 151847000, 150892000, 134333000, 145944000, 144887000, 151847000, 150892000, 134333000]
[encoding]
  B100608(7) = B100608_7__b0 + 2*B100608_7__b1 + 4*B100608_7__b2
  B100623(7) = B100623_7__b0 + 2*B100623_7__b1 + 4*B100623_7__b2
  B101029(7) = B101029_7__b0 + 2*B101029_7__b1 + 4*B101029_7__b2
  B101035(7) = B101035_7__b0 + 2*B101035_7__b1 + 4*B101035_7__b2
  B101037(7) = B101037_7__b0 + 2*B101037_7__b1 + 4*B101037_7__b2
  B101043(7) = B101043_7__b0 + 2*B101043_7__b1 + 4*B101043_7__b2
  B101058(7) = B101058_7__b0 + 2*B101058_7__b1 + 4*B101058_7__b2
  B101479(7) = B101479_7__b0 + 2*B101479_7__b1 + 4*B101479_7__b2
  B101485(7) = B101485_7__b0 + 2*B101485_7__b1 + 4*B101485_7__b2
[expanded] A_binary=[[0, 0, 0, 1, 2, 4, 1, 2, 4, 1, 2, 4, 1, 2, 4, 0, 0, 0, 1, 2, 4, 1, 2, 4, 1, 2, 4], [1, 2, 4, 0, 0, 0, 0, 0, 0, 1, 2, 4, 0, 0, 0, 1, 2, 4, 0, 0, 0, 0, 0, 0, 1, 2, 4], [1, 2, 4, 0, 0, 0, 1, 2, 4, 1, 2, 4, 1, 2, 4, 1, 2, 4, 0, 0, 0, 1, 2, 4, 1, 2, 4]] b=[1, 1, 1]
[expanded] lin_constr_mtx=[[0, 0, 0, 1, 2, 4, 1, 2, 4, 1, 2, 4, 1, 2, 4, 0, 0, 0, 1, 2, 4, 1, 2, 4, 1, 2, 4, 1], [1, 2, 4, 0, 0, 0, 0, 0, 0, 1, 2, 4, 0, 0, 0, 1, 2, 4, 0, 0, 0, 0, 0, 0, 1, 2, 4, 1], [1, 2, 4, 0, 0, 0, 1, 2, 4, 1, 2, 4, 1, 2, 4, 1, 2, 4, 0, 0, 0, 1, 2, 4, 1, 2, 4, 1]]
Set parameter Username
[classical] objective=296734000.0 solution={'B100608(7)': 1, 'B100623(7)': 0, 'B101029(7)': 0, 'B101035(7)': 0, 'B101037(7)': 0, 'B101043(7)': 0, 'B101058(7)': 1, 'B101479(7)': 0, 'B101485(7)': 0}
[circuit] metrics=[375, 56, 184, 487]
[solve] start
[solve] states=[[1, 0, 1, 1, 1, 0, 1, 1, 0, 1, 1, 0, 0, 0, 0, 1, 1, 0, 1, 0, 0, 1, 0, 0, 1, 1, 0], [1, 0, 1, 1, 1, 0, 1, 1, 0, 1, 1, 0, 1, 1, 0, 1, 1, 0, 1, 0, 0, 1, 0, 0, 1, 1, 0], [1, 1, 0, 1, 0, 1, 1, 1, 0, 1, 1, 0, 1, 1, 0, 1, 1, 0, 1, 0, 0, 1, 0, 0, 1, 1, 0], [1, 1, 0, 1, 1, 0, 1, 0, 1, 1, 1, 0, 1, 1, 0, 1, 0, 1, 1, 0, 0, 1, 0, 0, 1, 1, 0], [1, 1, 0, 1, 1, 0, 1, 0, 1, 1, 1, 0, 1, 1, 0, 1, 1, 0, 1, 0, 0, 1, 0, 0, 1, 1, 0], [1, 1, 0, 1, 1, 0, 1, 1, 0, 0, 0, 0, 1, 1, 0, 1, 1, 0, 1, 0, 0, 1, 0, 0, 1, 1, 0], [1, 1, 0, 1, 1, 0, 1, 1, 0, 1, 0, 1, 1, 1, 0, 1, 1, 0, 1, 0, 0, 1, 0, 0, 1, 0, 1], [1, 1, 0, 1, 1, 0, 1, 1, 0, 1, 0, 1, 1, 1, 0, 1, 1, 0, 1, 0, 0, 1, 0, 0, 1, 1, 0], [1, 1, 0, 1, 1, 0, 1, 1, 0, 1, 1, 0, 0, 0, 0, 1, 1, 0, 1, 0, 0, 1, 0, 0, 1, 1, 0], [1, 1, 0, 1, 1, 0, 1, 1, 0, 1, 1, 0, 1, 0, 1, 1, 1, 0, 1, 0, 0, 1, 0, 0, 1, 1, 0], [1, 1, 0, 1, 1, 0, 1, 1, 0, 1, 1, 0, 1, 1, 0, 0, 0, 0, 1, 0, 0, 1, 0, 0, 1, 1, 0], [1, 1, 0, 1, 1, 0, 1, 1, 0, 1, 1, 0, 1, 1, 0, 1, 0, 1, 1, 0, 0, 1, 0, 0, 1, 1, 0], [1, 1, 0, 1, 1, 0, 1, 1, 0, 1, 1, 0, 1, 1, 0, 1, 1, 0, 1, 0, 0, 1, 0, 0, 0, 0, 0], [1, 1, 0, 1, 1, 0, 1, 1, 0, 1, 1, 0, 1, 1, 0, 1, 1, 0, 1, 0, 0, 1, 0, 0, 1, 0, 1], [1, 1, 0, 1, 1, 0, 1, 1, 0, 1, 1, 0, 1, 1, 0, 1, 1, 0, 1, 0, 0, 1, 0, 0, 1, 1, 0]]
[solve] probs=[0.00390625, 0.01171875, 0.015625, 0.00390625, 0.0234375, 0.00390625, 0.00390625, 0.01953125, 0.00390625, 0.0078125, 0.015625, 0.00390625, 0.0078125, 0.0078125, 0.8671875]
[choco-best] objective=None probability=None solution=None
[parallel 144/274] path=data/miplib_benders/qaoa_problems/nvars_09/supportcase6_ds_qaoa_c726_c733_c745_0004.json status=ok wall=1151.720854620915 peak_mb=427.94140625 choco_obj=
[problem] supportcase6_ds_qaoa_c733_c745_0001 path=data/miplib_benders/qaoa_problems/nvars_09/supportcase6_ds_qaoa_c733_c745_0001.json
[input] n_int=9 n_bin=27 n_constr=2
[input] A=[[0, 1, 0, 1, 0, 1, 0, 1, 0], [1, 1, 1, 1, 1, 1, 1, 1, 1]] b=[1, 1] c=[150892000, 134333000, 145944000, 144887000, 150892000, 134333000, 145944000, 144887000, 150892000]
[encoding]
  B100594(7) = B100594_7__b0 + 2*B100594_7__b1 + 4*B100594_7__b2
  B100600(7) = B100600_7__b0 + 2*B100600_7__b1 + 4*B100600_7__b2
  B100602(7) = B100602_7__b0 + 2*B100602_7__b1 + 4*B100602_7__b2
  B100608(7) = B100608_7__b0 + 2*B100608_7__b1 + 4*B100608_7__b2
  B101029(7) = B101029_7__b0 + 2*B101029_7__b1 + 4*B101029_7__b2
  B101035(7) = B101035_7__b0 + 2*B101035_7__b1 + 4*B101035_7__b2
  B101037(7) = B101037_7__b0 + 2*B101037_7__b1 + 4*B101037_7__b2
  B101043(7) = B101043_7__b0 + 2*B101043_7__b1 + 4*B101043_7__b2
  B101479(7) = B101479_7__b0 + 2*B101479_7__b1 + 4*B101479_7__b2
[expanded] A_binary=[[0, 0, 0, 1, 2, 4, 0, 0, 0, 1, 2, 4, 0, 0, 0, 1, 2, 4, 0, 0, 0, 1, 2, 4, 0, 0, 0], [1, 2, 4, 1, 2, 4, 1, 2, 4, 1, 2, 4, 1, 2, 4, 1, 2, 4, 1, 2, 4, 1, 2, 4, 1, 2, 4]] b=[1, 1]
[expanded] lin_constr_mtx=[[0, 0, 0, 1, 2, 4, 0, 0, 0, 1, 2, 4, 0, 0, 0, 1, 2, 4, 0, 0, 0, 1, 2, 4, 0, 0, 0, 1], [1, 2, 4, 1, 2, 4, 1, 2, 4, 1, 2, 4, 1, 2, 4, 1, 2, 4, 1, 2, 4, 1, 2, 4, 1, 2, 4, 1]]
Set parameter Username
[classical] objective=144887000.0 solution={'B100594(7)': 0, 'B100600(7)': 0, 'B100602(7)': 0, 'B100608(7)': 1, 'B101029(7)': 0, 'B101035(7)': 0, 'B101037(7)': 0, 'B101043(7)': 0, 'B101479(7)': 0}
[circuit] metrics=[189, 56, 84, 298]
[solve] start
[solve] states=[[1, 0, 1, 1, 1, 0, 1, 1, 0, 1, 1, 0, 0, 0, 0, 1, 1, 0, 1, 0, 0, 0, 0, 0, 1, 1, 0], [1, 0, 1, 1, 1, 0, 1, 1, 0, 1, 1, 0, 0, 0, 0, 1, 1, 0, 1, 0, 0, 1, 1, 0, 0, 0, 0], [1, 0, 1, 1, 1, 0, 1, 1, 0, 1, 1, 0, 0, 0, 0, 1, 1, 0, 1, 0, 0, 1, 1, 0, 1, 1, 0], [1, 1, 0, 1, 0, 0, 0, 0, 0, 1, 1, 0, 0, 0, 0, 0, 0, 0, 0, 0, 0, 1, 1, 0, 1, 1, 0], [1, 1, 0, 1, 0, 1, 1, 0, 1, 1, 1, 0, 0, 0, 0, 0, 0, 0, 1, 0, 0, 1, 1, 0, 1, 1, 0], [1, 1, 0, 1, 0, 1, 1, 1, 0, 1, 0, 1, 0, 0, 0, 1, 1, 0, 1, 0, 0, 1, 1, 0, 1, 1, 0], [1, 1, 0, 1, 0, 1, 1, 1, 0, 1, 1, 0, 0, 0, 0, 1, 0, 1, 1, 0, 0, 1, 1, 0, 1, 1, 0], [1, 1, 0, 1, 0, 1, 1, 1, 0, 1, 1, 0, 0, 0, 0, 1, 1, 0, 1, 0, 0, 1, 1, 0, 1, 1, 0], [1, 1, 0, 1, 1, 0, 0, 0, 0, 1, 0, 1, 0, 0, 0, 1, 1, 0, 1, 0, 0, 1, 1, 0, 1, 1, 0], [1, 1, 0, 1, 1, 0, 0, 0, 0, 1, 1, 0, 0, 0, 0, 1, 1, 0, 1, 0, 0, 1, 1, 0, 1, 0, 1], [1, 1, 0, 1, 1, 0, 0, 0, 0, 1, 1, 0, 0, 0, 0, 1, 1, 0, 1, 0, 0, 1, 1, 0, 1, 1, 0], [1, 1, 0, 1, 1, 0, 1, 0, 1, 1, 0, 1, 0, 0, 0, 1, 1, 0, 1, 0, 0, 1, 1, 0, 1, 1, 0], [1, 1, 0, 1, 1, 0, 1, 0, 1, 1, 1, 0, 0, 0, 0, 1, 1, 0, 1, 0, 0, 1, 0, 1, 1, 1, 0], [1, 1, 0, 1, 1, 0, 1, 0, 1, 1, 1, 0, 0, 0, 0, 1, 1, 0, 1, 0, 0, 1, 1, 0, 1, 1, 0], [1, 1, 0, 1, 1, 0, 1, 1, 0, 1, 0, 0, 1, 0, 0, 1, 0, 1, 0, 0, 0, 1, 1, 0, 1, 1, 0], [1, 1, 0, 1, 1, 0, 1, 1, 0, 1, 0, 0, 1, 0, 0, 1, 1, 0, 0, 0, 0, 1, 1, 0, 1, 1, 0], [1, 1, 0, 1, 1, 0, 1, 1, 0, 1, 0, 1, 0, 0, 0, 1, 1, 0, 1, 0, 0, 0, 0, 0, 1, 1, 0], [1, 1, 0, 1, 1, 0, 1, 1, 0, 1, 0, 1, 0, 0, 0, 1, 1, 0, 1, 0, 0, 1, 1, 0, 0, 0, 0], [1, 1, 0, 1, 1, 0, 1, 1, 0, 1, 0, 1, 0, 0, 0, 1, 1, 0, 1, 0, 0, 1, 1, 0, 1, 0, 1], [1, 1, 0, 1, 1, 0, 1, 1, 0, 1, 0, 1, 0, 0, 0, 1, 1, 0, 1, 0, 0, 1, 1, 0, 1, 1, 0], [1, 1, 0, 1, 1, 0, 1, 1, 0, 1, 1, 0, 0, 0, 0, 0, 0, 0, 1, 0, 0, 1, 1, 0, 0, 0, 0], [1, 1, 0, 1, 1, 0, 1, 1, 0, 1, 1, 0, 0, 0, 0, 0, 0, 0, 1, 0, 0, 1, 1, 0, 1, 1, 0], [1, 1, 0, 1, 1, 0, 1, 1, 0, 1, 1, 0, 0, 0, 0, 1, 0, 1, 1, 0, 0, 1, 1, 0, 0, 0, 0], [1, 1, 0, 1, 1, 0, 1, 1, 0, 1, 1, 0, 0, 0, 0, 1, 0, 1, 1, 0, 0, 1, 1, 0, 1, 1, 0], [1, 1, 0, 1, 1, 0, 1, 1, 0, 1, 1, 0, 0, 0, 0, 1, 1, 0, 1, 0, 0, 0, 0, 0, 1, 0, 1], [1, 1, 0, 1, 1, 0, 1, 1, 0, 1, 1, 0, 0, 0, 0, 1, 1, 0, 1, 0, 0, 0, 0, 0, 1, 1, 0], [1, 1, 0, 1, 1, 0, 1, 1, 0, 1, 1, 0, 0, 0, 0, 1, 1, 0, 1, 0, 0, 1, 0, 1, 1, 1, 0], [1, 1, 0, 1, 1, 0, 1, 1, 0, 1, 1, 0, 0, 0, 0, 1, 1, 0, 1, 0, 0, 1, 1, 0, 0, 0, 0], [1, 1, 0, 1, 1, 0, 1, 1, 0, 1, 1, 0, 0, 0, 0, 1, 1, 0, 1, 0, 0, 1, 1, 0, 1, 0, 1], [1, 1, 0, 1, 1, 0, 1, 1, 0, 1, 1, 0, 0, 0, 0, 1, 1, 0, 1, 0, 0, 1, 1, 0, 1, 1, 0]]
[solve] probs=[0.00390625, 0.00390625, 0.03125, 0.00390625, 0.00390625, 0.00390625, 0.00390625, 0.0234375, 0.00390625, 0.0078125, 0.02734375, 0.00390625, 0.00390625, 0.0078125, 0.00390625, 0.00390625, 0.00390625, 0.00390625, 0.00390625, 0.015625, 0.00390625, 0.03125, 0.0078125, 0.01953125, 0.0078125, 0.0234375, 0.03125, 0.00390625, 0.0078125, 0.6953125]
[choco-best] objective=None probability=None solution=None
[parallel 145/274] path=data/miplib_benders/qaoa_problems/nvars_09/supportcase6_ds_qaoa_c726_c733_c745_0002.json status=ok wall=1948.1131035819417 peak_mb=477.63671875 choco_obj=
[problem] supportcase6_ds_qaoa_c733_c745_0002 path=data/miplib_benders/qaoa_problems/nvars_09/supportcase6_ds_qaoa_c733_c745_0002.json
[input] n_int=9 n_bin=27 n_constr=2
[input] A=[[1, 0, 1, 0, 1, 0, 1, 0, 1], [1, 1, 1, 1, 1, 1, 1, 1, 1]] b=[1, 1] c=[134333000, 145944000, 144887000, 150892000, 134333000, 145944000, 144887000, 150892000, 134333000]
[encoding]
  B100600(7) = B100600_7__b0 + 2*B100600_7__b1 + 4*B100600_7__b2
  B100602(7) = B100602_7__b0 + 2*B100602_7__b1 + 4*B100602_7__b2
  B100608(7) = B100608_7__b0 + 2*B100608_7__b1 + 4*B100608_7__b2
  B101029(7) = B101029_7__b0 + 2*B101029_7__b1 + 4*B101029_7__b2
  B101035(7) = B101035_7__b0 + 2*B101035_7__b1 + 4*B101035_7__b2
  B101037(7) = B101037_7__b0 + 2*B101037_7__b1 + 4*B101037_7__b2
  B101043(7) = B101043_7__b0 + 2*B101043_7__b1 + 4*B101043_7__b2
  B101479(7) = B101479_7__b0 + 2*B101479_7__b1 + 4*B101479_7__b2
  B101485(7) = B101485_7__b0 + 2*B101485_7__b1 + 4*B101485_7__b2
[expanded] A_binary=[[1, 2, 4, 0, 0, 0, 1, 2, 4, 0, 0, 0, 1, 2, 4, 0, 0, 0, 1, 2, 4, 0, 0, 0, 1, 2, 4], [1, 2, 4, 1, 2, 4, 1, 2, 4, 1, 2, 4, 1, 2, 4, 1, 2, 4, 1, 2, 4, 1, 2, 4, 1, 2, 4]] b=[1, 1]
[expanded] lin_constr_mtx=[[1, 2, 4, 0, 0, 0, 1, 2, 4, 0, 0, 0, 1, 2, 4, 0, 0, 0, 1, 2, 4, 0, 0, 0, 1, 2, 4, 1], [1, 2, 4, 1, 2, 4, 1, 2, 4, 1, 2, 4, 1, 2, 4, 1, 2, 4, 1, 2, 4, 1, 2, 4, 1, 2, 4, 1]]
Set parameter Username
[classical] objective=144887000.0 solution={'B100600(7)': 0, 'B100602(7)': 0, 'B100608(7)': 0, 'B101029(7)': 0, 'B101035(7)': 0, 'B101037(7)': 0, 'B101043(7)': 1, 'B101479(7)': 0, 'B101485(7)': 0}
[circuit] metrics=[189, 56, 84, 298]
[solve] start
[solve] states=[[1, 0, 0, 1, 1, 0, 1, 1, 0, 0, 0, 0, 1, 1, 0, 0, 1, 0, 1, 0, 1, 1, 0, 0, 1, 0, 0], [1, 0, 0, 1, 1, 0, 1, 1, 0, 0, 0, 0, 1, 1, 0, 0, 1, 0, 1, 1, 0, 1, 0, 0, 1, 0, 0], [1, 0, 1, 1, 0, 1, 1, 1, 0, 0, 0, 0, 1, 0, 1, 1, 1, 0, 1, 1, 0, 1, 0, 0, 1, 0, 0], [1, 0, 1, 1, 0, 1, 1, 1, 0, 0, 0, 0, 1, 1, 0, 1, 0, 1, 1, 1, 0, 1, 0, 0, 1, 0, 0], [1, 0, 1, 1, 0, 1, 1, 1, 0, 0, 0, 0, 1, 1, 0, 1, 1, 0, 1, 1, 0, 1, 0, 0, 1, 0, 0], [1, 0, 1, 1, 1, 0, 1, 0, 0, 0, 0, 0, 1, 0, 1, 1, 1, 0, 0, 0, 0, 0, 0, 0, 1, 0, 0], [1, 0, 1, 1, 1, 0, 1, 0, 1, 0, 0, 0, 1, 1, 0, 1, 1, 0, 0, 0, 0, 1, 0, 0, 1, 0, 0], [1, 0, 1, 1, 1, 0, 1, 0, 1, 0, 0, 0, 1, 1, 0, 1, 1, 0, 1, 1, 0, 1, 0, 0, 1, 0, 0], [1, 0, 1, 1, 1, 0, 1, 1, 0, 0, 0, 0, 0, 0, 0, 1, 1, 0, 1, 0, 1, 1, 0, 0, 1, 0, 0], [1, 0, 1, 1, 1, 0, 1, 1, 0, 0, 0, 0, 0, 0, 0, 1, 1, 0, 1, 1, 0, 1, 0, 0, 1, 0, 0], [1, 0, 1, 1, 1, 0, 1, 1, 0, 0, 0, 0, 1, 1, 0, 0, 0, 0, 1, 1, 0, 1, 0, 0, 1, 0, 0], [1, 0, 1, 1, 1, 0, 1, 1, 0, 0, 0, 0, 1, 1, 0, 1, 0, 1, 1, 1, 0, 1, 0, 0, 1, 0, 0], [1, 0, 1, 1, 1, 0, 1, 1, 0, 0, 0, 0, 1, 1, 0, 1, 1, 0, 1, 0, 1, 1, 0, 0, 1, 0, 0], [1, 0, 1, 1, 1, 0, 1, 1, 0, 0, 0, 0, 1, 1, 0, 1, 1, 0, 1, 1, 0, 1, 0, 0, 1, 0, 0], [1, 1, 0, 0, 0, 1, 1, 1, 0, 0, 0, 0, 1, 1, 0, 1, 1, 0, 1, 0, 0, 1, 0, 0, 1, 0, 0], [1, 1, 0, 0, 1, 0, 1, 1, 0, 0, 0, 0, 1, 1, 0, 1, 1, 0, 1, 0, 0, 1, 0, 0, 1, 0, 0], [1, 1, 0, 1, 0, 0, 1, 1, 0, 0, 0, 0, 0, 1, 0, 1, 1, 0, 0, 0, 0, 1, 0, 0, 1, 0, 0], [1, 1, 0, 1, 0, 1, 1, 0, 1, 0, 0, 0, 1, 1, 0, 1, 0, 1, 1, 1, 0, 1, 0, 0, 1, 0, 0], [1, 1, 0, 1, 0, 1, 1, 0, 1, 0, 0, 0, 1, 1, 0, 1, 1, 0, 0, 0, 0, 1, 0, 0, 1, 0, 0], [1, 1, 0, 1, 0, 1, 1, 0, 1, 0, 0, 0, 1, 1, 0, 1, 1, 0, 1, 1, 0, 1, 0, 0, 1, 0, 0], [1, 1, 0, 1, 0, 1, 1, 1, 0, 0, 0, 0, 0, 0, 0, 1, 1, 0, 1, 1, 0, 1, 0, 0, 1, 0, 0], [1, 1, 0, 1, 0, 1, 1, 1, 0, 0, 0, 0, 1, 0, 1, 1, 1, 0, 1, 1, 0, 1, 0, 0, 1, 0, 0], [1, 1, 0, 1, 0, 1, 1, 1, 0, 0, 0, 0, 1, 1, 0, 1, 0, 1, 1, 1, 0, 1, 0, 0, 1, 0, 0], [1, 1, 0, 1, 0, 1, 1, 1, 0, 0, 0, 0, 1, 1, 0, 1, 1, 0, 0, 0, 0, 1, 0, 0, 1, 0, 0], [1, 1, 0, 1, 0, 1, 1, 1, 0, 0, 0, 0, 1, 1, 0, 1, 1, 0, 1, 0, 1, 1, 0, 0, 1, 0, 0], [1, 1, 0, 1, 0, 1, 1, 1, 0, 0, 0, 0, 1, 1, 0, 1, 1, 0, 1, 1, 0, 1, 0, 0, 1, 0, 0], [1, 1, 0, 1, 1, 0, 0, 1, 0, 0, 0, 0, 1, 1, 0, 1, 0, 0, 1, 1, 0, 1, 0, 0, 0, 0, 0], [1, 1, 0, 1, 1, 0, 1, 0, 0, 1, 0, 0, 1, 1, 0, 0, 1, 0, 1, 0, 1, 1, 0, 0, 1, 0, 0], [1, 1, 0, 1, 1, 0, 1, 0, 0, 1, 0, 0, 1, 1, 0, 0, 1, 0, 1, 1, 0, 1, 0, 0, 1, 0, 0], [1, 1, 0, 1, 1, 0, 1, 0, 1, 0, 0, 0, 0, 0, 0, 1, 1, 0, 0, 0, 0, 1, 0, 0, 1, 0, 0], [1, 1, 0, 1, 1, 0, 1, 0, 1, 0, 0, 0, 1, 0, 1, 1, 1, 0, 1, 1, 0, 1, 0, 0, 1, 0, 0], [1, 1, 0, 1, 1, 0, 1, 0, 1, 0, 0, 0, 1, 1, 0, 0, 0, 0, 1, 1, 0, 1, 0, 0, 1, 0, 0], [1, 1, 0, 1, 1, 0, 1, 0, 1, 0, 0, 0, 1, 1, 0, 1, 0, 1, 1, 0, 1, 1, 0, 0, 1, 0, 0], [1, 1, 0, 1, 1, 0, 1, 0, 1, 0, 0, 0, 1, 1, 0, 1, 1, 0, 0, 0, 0, 1, 0, 0, 1, 0, 0], [1, 1, 0, 1, 1, 0, 1, 0, 1, 0, 0, 0, 1, 1, 0, 1, 1, 0, 1, 0, 1, 1, 0, 0, 1, 0, 0], [1, 1, 0, 1, 1, 0, 1, 0, 1, 0, 0, 0, 1, 1, 0, 1, 1, 0, 1, 1, 0, 1, 0, 0, 1, 0, 0], [1, 1, 0, 1, 1, 0, 1, 1, 0, 0, 0, 0, 0, 0, 0, 1, 0, 1, 1, 1, 0, 1, 0, 0, 1, 0, 0], [1, 1, 0, 1, 1, 0, 1, 1, 0, 0, 0, 0, 0, 0, 0, 1, 1, 0, 0, 0, 0, 1, 0, 0, 1, 0, 0], [1, 1, 0, 1, 1, 0, 1, 1, 0, 0, 0, 0, 0, 0, 0, 1, 1, 0, 1, 0, 1, 1, 0, 0, 1, 0, 0], [1, 1, 0, 1, 1, 0, 1, 1, 0, 0, 0, 0, 0, 0, 0, 1, 1, 0, 1, 1, 0, 1, 0, 0, 1, 0, 0], [1, 1, 0, 1, 1, 0, 1, 1, 0, 0, 0, 0, 1, 0, 0, 0, 0, 0, 0, 1, 0, 1, 0, 0, 1, 0, 0], [1, 1, 0, 1, 1, 0, 1, 1, 0, 0, 0, 0, 1, 0, 0, 1, 1, 0, 0, 1, 0, 1, 0, 0, 1, 0, 0], [1, 1, 0, 1, 1, 0, 1, 1, 0, 0, 0, 0, 1, 0, 1, 1, 0, 1, 1, 0, 1, 1, 0, 0, 1, 0, 0], [1, 1, 0, 1, 1, 0, 1, 1, 0, 0, 0, 0, 1, 0, 1, 1, 1, 0, 0, 0, 0, 1, 0, 0, 1, 0, 0], [1, 1, 0, 1, 1, 0, 1, 1, 0, 0, 0, 0, 1, 0, 1, 1, 1, 0, 1, 0, 1, 1, 0, 0, 1, 0, 0], [1, 1, 0, 1, 1, 0, 1, 1, 0, 0, 0, 0, 1, 0, 1, 1, 1, 0, 1, 1, 0, 1, 0, 0, 1, 0, 0], [1, 1, 0, 1, 1, 0, 1, 1, 0, 0, 0, 0, 1, 1, 0, 0, 0, 0, 0, 0, 0, 1, 0, 0, 1, 0, 0], [1, 1, 0, 1, 1, 0, 1, 1, 0, 0, 0, 0, 1, 1, 0, 0, 0, 0, 1, 1, 0, 1, 0, 0, 1, 0, 0], [1, 1, 0, 1, 1, 0, 1, 1, 0, 0, 0, 0, 1, 1, 0, 1, 0, 1, 1, 1, 0, 1, 0, 0, 1, 0, 0], [1, 1, 0, 1, 1, 0, 1, 1, 0, 0, 0, 0, 1, 1, 0, 1, 1, 0, 0, 0, 0, 1, 0, 0, 1, 0, 0], [1, 1, 0, 1, 1, 0, 1, 1, 0, 0, 0, 0, 1, 1, 0, 1, 1, 0, 1, 0, 1, 1, 0, 0, 1, 0, 0], [1, 1, 0, 1, 1, 0, 1, 1, 0, 0, 0, 0, 1, 1, 0, 1, 1, 0, 1, 1, 0, 1, 0, 0, 1, 0, 0]]
[solve] probs=[0.00390625, 0.01171875, 0.00390625, 0.00390625, 0.0078125, 0.00390625, 0.00390625, 0.00390625, 0.00390625, 0.00390625, 0.0078125, 0.01171875, 0.00390625, 0.0234375, 0.00390625, 0.01171875, 0.00390625, 0.00390625, 0.00390625, 0.0078125, 0.00390625, 0.00390625, 0.00390625, 0.0078125, 0.00390625, 0.02734375, 0.00390625, 0.00390625, 0.015625, 0.00390625, 0.01171875, 0.01171875, 0.00390625, 0.01171875, 0.01171875, 0.0546875, 0.0078125, 0.01171875, 0.00390625, 0.046875, 0.00390625, 0.00390625, 0.00390625, 0.0078125, 0.00390625, 0.05078125, 0.00390625, 0.046875, 0.02734375, 0.04296875, 0.03515625, 0.3828125]
[choco-best] objective=None probability=None solution=None
[parallel 146/274] path=data/miplib_benders/qaoa_problems/nvars_09/supportcase6_ds_qaoa_c726_c733_c745_0003.json status=ok wall=2304.076008287957 peak_mb=430.16015625 choco_obj=
[problem] supportcase6_ds_qaoa_c733_c745_0003 path=data/miplib_benders/qaoa_problems/nvars_09/supportcase6_ds_qaoa_c733_c745_0003.json
[input] n_int=9 n_bin=27 n_constr=2
[input] A=[[0, 1, 0, 1, 0, 1, 0, 1, 0], [1, 1, 1, 1, 1, 1, 1, 1, 1]] b=[1, 1] c=[145944000, 144887000, 150892000, 134333000, 145944000, 144887000, 150892000, 134333000, 145944000]
[encoding]
  B100602(7) = B100602_7__b0 + 2*B100602_7__b1 + 4*B100602_7__b2
  B100608(7) = B100608_7__b0 + 2*B100608_7__b1 + 4*B100608_7__b2
  B101029(7) = B101029_7__b0 + 2*B101029_7__b1 + 4*B101029_7__b2
  B101035(7) = B101035_7__b0 + 2*B101035_7__b1 + 4*B101035_7__b2
  B101037(7) = B101037_7__b0 + 2*B101037_7__b1 + 4*B101037_7__b2
  B101043(7) = B101043_7__b0 + 2*B101043_7__b1 + 4*B101043_7__b2
  B101479(7) = B101479_7__b0 + 2*B101479_7__b1 + 4*B101479_7__b2
  B101485(7) = B101485_7__b0 + 2*B101485_7__b1 + 4*B101485_7__b2
  B101487(7) = B101487_7__b0 + 2*B101487_7__b1 + 4*B101487_7__b2
[expanded] A_binary=[[0, 0, 0, 1, 2, 4, 0, 0, 0, 1, 2, 4, 0, 0, 0, 1, 2, 4, 0, 0, 0, 1, 2, 4, 0, 0, 0], [1, 2, 4, 1, 2, 4, 1, 2, 4, 1, 2, 4, 1, 2, 4, 1, 2, 4, 1, 2, 4, 1, 2, 4, 1, 2, 4]] b=[1, 1]
[expanded] lin_constr_mtx=[[0, 0, 0, 1, 2, 4, 0, 0, 0, 1, 2, 4, 0, 0, 0, 1, 2, 4, 0, 0, 0, 1, 2, 4, 0, 0, 0, 1], [1, 2, 4, 1, 2, 4, 1, 2, 4, 1, 2, 4, 1, 2, 4, 1, 2, 4, 1, 2, 4, 1, 2, 4, 1, 2, 4, 1]]
Set parameter Username
[classical] objective=144887000.0 solution={'B100602(7)': 0, 'B100608(7)': 1, 'B101029(7)': 0, 'B101035(7)': 0, 'B101037(7)': 0, 'B101043(7)': 0, 'B101479(7)': 0, 'B101485(7)': 0, 'B101487(7)': 0}
[circuit] metrics=[189, 56, 84, 298]
[solve] start
[solve] states=[[1, 0, 1, 1, 1, 0, 1, 1, 0, 1, 1, 0, 1, 1, 0, 1, 1, 0, 1, 1, 0, 1, 0, 0, 1, 1, 0], [1, 1, 0, 1, 0, 1, 1, 1, 0, 1, 1, 0, 0, 0, 0, 1, 1, 0, 1, 1, 0, 1, 0, 0, 1, 1, 0], [1, 1, 0, 1, 0, 1, 1, 1, 0, 1, 1, 0, 1, 1, 0, 1, 1, 0, 1, 1, 0, 1, 0, 0, 1, 1, 0], [1, 1, 0, 1, 1, 0, 0, 0, 0, 1, 1, 0, 1, 1, 0, 1, 1, 0, 1, 1, 0, 1, 0, 0, 1, 1, 0], [1, 1, 0, 1, 1, 0, 1, 0, 1, 1, 1, 0, 1, 1, 0, 1, 1, 0, 1, 1, 0, 1, 0, 0, 1, 1, 0], [1, 1, 0, 1, 1, 0, 1, 1, 0, 0, 0, 0, 1, 1, 0, 1, 1, 0, 1, 1, 0, 1, 0, 0, 1, 1, 0], [1, 1, 0, 1, 1, 0, 1, 1, 0, 1, 0, 1, 1, 1, 0, 1, 1, 0, 1, 1, 0, 1, 0, 0, 1, 1, 0], [1, 1, 0, 1, 1, 0, 1, 1, 0, 1, 1, 0, 0, 0, 0, 1, 1, 0, 1, 1, 0, 1, 0, 0, 1, 1, 0], [1, 1, 0, 1, 1, 0, 1, 1, 0, 1, 1, 0, 1, 0, 1, 1, 1, 0, 1, 1, 0, 1, 0, 0, 1, 1, 0], [1, 1, 0, 1, 1, 0, 1, 1, 0, 1, 1, 0, 1, 1, 0, 0, 0, 0, 1, 1, 0, 1, 0, 0, 1, 1, 0], [1, 1, 0, 1, 1, 0, 1, 1, 0, 1, 1, 0, 1, 1, 0, 1, 0, 1, 1, 1, 0, 1, 0, 0, 1, 1, 0], [1, 1, 0, 1, 1, 0, 1, 1, 0, 1, 1, 0, 1, 1, 0, 1, 1, 0, 0, 0, 0, 1, 0, 0, 1, 1, 0], [1, 1, 0, 1, 1, 0, 1, 1, 0, 1, 1, 0, 1, 1, 0, 1, 1, 0, 1, 0, 1, 1, 0, 0, 1, 1, 0], [1, 1, 0, 1, 1, 0, 1, 1, 0, 1, 1, 0, 1, 1, 0, 1, 1, 0, 1, 1, 0, 1, 0, 0, 0, 0, 0], [1, 1, 0, 1, 1, 0, 1, 1, 0, 1, 1, 0, 1, 1, 0, 1, 1, 0, 1, 1, 0, 1, 0, 0, 1, 1, 0]]
[solve] probs=[0.0078125, 0.00390625, 0.0078125, 0.01171875, 0.0078125, 0.015625, 0.01953125, 0.00390625, 0.00390625, 0.01171875, 0.00390625, 0.01171875, 0.0078125, 0.015625, 0.8671875]
[choco-best] objective=None probability=None solution=None
[parallel 147/274] path=data/miplib_benders/qaoa_problems/nvars_09/supportcase6_ds_qaoa_c733_c745_0001.json status=ok wall=872.5299936310621 peak_mb=480.49609375 choco_obj=
[problem] supportcase6_ds_qaoa_c733_c745_c747_0001 path=data/miplib_benders/qaoa_problems/nvars_09/supportcase6_ds_qaoa_c733_c745_c747_0001.json
[input] n_int=9 n_bin=27 n_constr=3
[input] A=[[0, 0, 1, 0, 1, 0, 0, 1, 0], [0, 1, 1, 1, 1, 0, 1, 1, 1], [1, 1, 1, 1, 1, 1, 1, 1, 1]] b=[1, 1, 1] c=[151847000, 150892000, 134333000, 145944000, 144887000, 151847000, 150892000, 134333000, 145944000]
[encoding]
  B100166(7) = B100166_7__b0 + 2*B100166_7__b1 + 4*B100166_7__b2
  B100594(7) = B100594_7__b0 + 2*B100594_7__b1 + 4*B100594_7__b2
  B100600(7) = B100600_7__b0 + 2*B100600_7__b1 + 4*B100600_7__b2
  B100602(7) = B100602_7__b0 + 2*B100602_7__b1 + 4*B100602_7__b2
  B100608(7) = B100608_7__b0 + 2*B100608_7__b1 + 4*B100608_7__b2
  B100623(7) = B100623_7__b0 + 2*B100623_7__b1 + 4*B100623_7__b2
  B101029(7) = B101029_7__b0 + 2*B101029_7__b1 + 4*B101029_7__b2
  B101035(7) = B101035_7__b0 + 2*B101035_7__b1 + 4*B101035_7__b2
  B101037(7) = B101037_7__b0 + 2*B101037_7__b1 + 4*B101037_7__b2
[expanded] A_binary=[[0, 0, 0, 0, 0, 0, 1, 2, 4, 0, 0, 0, 1, 2, 4, 0, 0, 0, 0, 0, 0, 1, 2, 4, 0, 0, 0], [0, 0, 0, 1, 2, 4, 1, 2, 4, 1, 2, 4, 1, 2, 4, 0, 0, 0, 1, 2, 4, 1, 2, 4, 1, 2, 4], [1, 2, 4, 1, 2, 4, 1, 2, 4, 1, 2, 4, 1, 2, 4, 1, 2, 4, 1, 2, 4, 1, 2, 4, 1, 2, 4]] b=[1, 1, 1]
[expanded] lin_constr_mtx=[[0, 0, 0, 0, 0, 0, 1, 2, 4, 0, 0, 0, 1, 2, 4, 0, 0, 0, 0, 0, 0, 1, 2, 4, 0, 0, 0, 1], [0, 0, 0, 1, 2, 4, 1, 2, 4, 1, 2, 4, 1, 2, 4, 0, 0, 0, 1, 2, 4, 1, 2, 4, 1, 2, 4, 1], [1, 2, 4, 1, 2, 4, 1, 2, 4, 1, 2, 4, 1, 2, 4, 1, 2, 4, 1, 2, 4, 1, 2, 4, 1, 2, 4, 1]]
Set parameter Username
[classical] objective=144887000.0 solution={'B100166(7)': 0, 'B100594(7)': 0, 'B100600(7)': 0, 'B100602(7)': 0, 'B100608(7)': 1, 'B100623(7)': 0, 'B101029(7)': 0, 'B101035(7)': 0, 'B101037(7)': 0}
[circuit] metrics=[149, 56, 66, 289]
[solve] start
[solve] states=[[1, 0, 1, 1, 1, 0, 1, 1, 0, 1, 1, 0, 1, 1, 0, 1, 1, 0, 1, 1, 0, 1, 1, 0, 1, 0, 0], [1, 1, 0, 1, 0, 1, 1, 1, 0, 1, 1, 0, 1, 1, 0, 1, 1, 0, 1, 1, 0, 1, 1, 0, 1, 0, 0], [1, 1, 0, 1, 1, 0, 1, 0, 1, 1, 1, 0, 1, 1, 0, 1, 1, 0, 1, 1, 0, 1, 1, 0, 1, 0, 0], [1, 1, 0, 1, 1, 0, 1, 1, 0, 0, 0, 0, 1, 1, 0, 1, 1, 0, 1, 1, 0, 1, 1, 0, 1, 0, 0], [1, 1, 0, 1, 1, 0, 1, 1, 0, 1, 0, 0, 1, 1, 0, 0, 1, 0, 0, 0, 0, 1, 1, 0, 1, 0, 0], [1, 1, 0, 1, 1, 0, 1, 1, 0, 1, 0, 1, 1, 1, 0, 1, 1, 0, 1, 1, 0, 1, 1, 0, 1, 0, 0], [1, 1, 0, 1, 1, 0, 1, 1, 0, 1, 1, 0, 0, 0, 0, 1, 1, 0, 1, 1, 0, 1, 0, 1, 1, 0, 0], [1, 1, 0, 1, 1, 0, 1, 1, 0, 1, 1, 0, 1, 1, 0, 0, 0, 0, 1, 1, 0, 1, 1, 0, 1, 0, 0], [1, 1, 0, 1, 1, 0, 1, 1, 0, 1, 1, 0, 1, 1, 0, 1, 0, 1, 1, 1, 0, 1, 1, 0, 1, 0, 0], [1, 1, 0, 1, 1, 0, 1, 1, 0, 1, 1, 0, 1, 1, 0, 1, 1, 0, 0, 0, 0, 1, 1, 0, 1, 0, 0], [1, 1, 0, 1, 1, 0, 1, 1, 0, 1, 1, 0, 1, 1, 0, 1, 1, 0, 1, 0, 1, 1, 1, 0, 1, 0, 0], [1, 1, 0, 1, 1, 0, 1, 1, 0, 1, 1, 0, 1, 1, 0, 1, 1, 0, 1, 1, 0, 0, 0, 0, 1, 0, 0], [1, 1, 0, 1, 1, 0, 1, 1, 0, 1, 1, 0, 1, 1, 0, 1, 1, 0, 1, 1, 0, 1, 1, 0, 1, 0, 0]]
[solve] probs=[0.0078125, 0.0078125, 0.00390625, 0.01171875, 0.00390625, 0.015625, 0.00390625, 0.00390625, 0.00390625, 0.015625, 0.015625, 0.00390625, 0.90234375]
[choco-best] objective=None probability=None solution=None
[parallel 148/274] path=data/miplib_benders/qaoa_problems/nvars_09/supportcase6_ds_qaoa_c733_c745_0002.json status=ok wall=1150.2892447219929 peak_mb=395.08984375 choco_obj=
[problem] supportcase6_ds_qaoa_c733_c745_c747_0002 path=data/miplib_benders/qaoa_problems/nvars_09/supportcase6_ds_qaoa_c733_c745_c747_0002.json
[input] n_int=9 n_bin=27 n_constr=3
[input] A=[[0, 1, 0, 1, 0, 0, 1, 0, 1], [1, 1, 1, 1, 0, 1, 1, 1, 1], [1, 1, 1, 1, 1, 1, 1, 1, 1]] b=[1, 1, 1] c=[150892000, 134333000, 145944000, 144887000, 151847000, 150892000, 134333000, 145944000, 144887000]
[encoding]
  B100594(7) = B100594_7__b0 + 2*B100594_7__b1 + 4*B100594_7__b2
  B100600(7) = B100600_7__b0 + 2*B100600_7__b1 + 4*B100600_7__b2
  B100602(7) = B100602_7__b0 + 2*B100602_7__b1 + 4*B100602_7__b2
  B100608(7) = B100608_7__b0 + 2*B100608_7__b1 + 4*B100608_7__b2
  B100623(7) = B100623_7__b0 + 2*B100623_7__b1 + 4*B100623_7__b2
  B101029(7) = B101029_7__b0 + 2*B101029_7__b1 + 4*B101029_7__b2
  B101035(7) = B101035_7__b0 + 2*B101035_7__b1 + 4*B101035_7__b2
  B101037(7) = B101037_7__b0 + 2*B101037_7__b1 + 4*B101037_7__b2
  B101043(7) = B101043_7__b0 + 2*B101043_7__b1 + 4*B101043_7__b2
[expanded] A_binary=[[0, 0, 0, 1, 2, 4, 0, 0, 0, 1, 2, 4, 0, 0, 0, 0, 0, 0, 1, 2, 4, 0, 0, 0, 1, 2, 4], [1, 2, 4, 1, 2, 4, 1, 2, 4, 1, 2, 4, 0, 0, 0, 1, 2, 4, 1, 2, 4, 1, 2, 4, 1, 2, 4], [1, 2, 4, 1, 2, 4, 1, 2, 4, 1, 2, 4, 1, 2, 4, 1, 2, 4, 1, 2, 4, 1, 2, 4, 1, 2, 4]] b=[1, 1, 1]
[expanded] lin_constr_mtx=[[0, 0, 0, 1, 2, 4, 0, 0, 0, 1, 2, 4, 0, 0, 0, 0, 0, 0, 1, 2, 4, 0, 0, 0, 1, 2, 4, 1], [1, 2, 4, 1, 2, 4, 1, 2, 4, 1, 2, 4, 0, 0, 0, 1, 2, 4, 1, 2, 4, 1, 2, 4, 1, 2, 4, 1], [1, 2, 4, 1, 2, 4, 1, 2, 4, 1, 2, 4, 1, 2, 4, 1, 2, 4, 1, 2, 4, 1, 2, 4, 1, 2, 4, 1]]
Set parameter Username
[classical] objective=144887000.0 solution={'B100594(7)': 0, 'B100600(7)': 0, 'B100602(7)': 0, 'B100608(7)': 1, 'B100623(7)': 0, 'B101029(7)': 0, 'B101035(7)': 0, 'B101037(7)': 0, 'B101043(7)': 0}
[circuit] metrics=[149, 56, 66, 289]
[solve] start
[solve] states=[[1, 0, 1, 1, 0, 1, 1, 1, 0, 1, 1, 0, 1, 1, 0, 1, 1, 0, 1, 1, 0, 0, 0, 0, 1, 0, 0], [1, 0, 1, 1, 1, 0, 1, 1, 0, 1, 1, 0, 1, 1, 0, 1, 1, 0, 0, 0, 0, 1, 1, 0, 1, 0, 0], [1, 0, 1, 1, 1, 0, 1, 1, 0, 1, 1, 0, 1, 1, 0, 1, 1, 0, 1, 1, 0, 1, 1, 0, 1, 0, 0], [1, 1, 0, 1, 0, 0, 1, 1, 0, 0, 0, 0, 1, 1, 0, 1, 1, 0, 0, 1, 0, 1, 0, 1, 1, 0, 0], [1, 1, 0, 1, 0, 1, 1, 1, 0, 0, 0, 0, 1, 1, 0, 1, 1, 0, 1, 1, 0, 1, 1, 0, 1, 0, 0], [1, 1, 0, 1, 0, 1, 1, 1, 0, 1, 1, 0, 0, 0, 0, 1, 1, 0, 1, 1, 0, 1, 1, 0, 1, 0, 0], [1, 1, 0, 1, 0, 1, 1, 1, 0, 1, 1, 0, 1, 1, 0, 1, 1, 0, 0, 0, 0, 1, 1, 0, 1, 0, 0], [1, 1, 0, 1, 0, 1, 1, 1, 0, 1, 1, 0, 1, 1, 0, 1, 1, 0, 1, 1, 0, 1, 1, 0, 1, 0, 0], [1, 1, 0, 1, 1, 0, 1, 0, 0, 1, 1, 0, 0, 1, 0, 1, 1, 0, 1, 1, 0, 1, 1, 0, 1, 0, 0], [1, 1, 0, 1, 1, 0, 1, 0, 1, 1, 1, 0, 1, 1, 0, 1, 0, 1, 1, 1, 0, 1, 1, 0, 1, 0, 0], [1, 1, 0, 1, 1, 0, 1, 0, 1, 1, 1, 0, 1, 1, 0, 1, 1, 0, 0, 0, 0, 0, 0, 0, 1, 0, 0], [1, 1, 0, 1, 1, 0, 1, 0, 1, 1, 1, 0, 1, 1, 0, 1, 1, 0, 1, 1, 0, 1, 1, 0, 1, 0, 0], [1, 1, 0, 1, 1, 0, 1, 1, 0, 0, 0, 0, 1, 0, 1, 1, 1, 0, 1, 1, 0, 1, 1, 0, 1, 0, 0], [1, 1, 0, 1, 1, 0, 1, 1, 0, 0, 0, 0, 1, 1, 0, 0, 0, 0, 0, 0, 0, 1, 1, 0, 1, 0, 0], [1, 1, 0, 1, 1, 0, 1, 1, 0, 0, 0, 0, 1, 1, 0, 0, 0, 0, 1, 1, 0, 1, 1, 0, 1, 0, 0], [1, 1, 0, 1, 1, 0, 1, 1, 0, 0, 0, 0, 1, 1, 0, 1, 1, 0, 1, 1, 0, 1, 1, 0, 1, 0, 0], [1, 1, 0, 1, 1, 0, 1, 1, 0, 1, 0, 0, 1, 0, 1, 0, 1, 0, 0, 1, 0, 1, 1, 0, 1, 0, 0], [1, 1, 0, 1, 1, 0, 1, 1, 0, 1, 0, 1, 1, 1, 0, 0, 0, 0, 1, 1, 0, 1, 1, 0, 1, 0, 0], [1, 1, 0, 1, 1, 0, 1, 1, 0, 1, 0, 1, 1, 1, 0, 1, 1, 0, 1, 0, 1, 1, 1, 0, 1, 0, 0], [1, 1, 0, 1, 1, 0, 1, 1, 0, 1, 0, 1, 1, 1, 0, 1, 1, 0, 1, 1, 0, 0, 0, 0, 1, 0, 0], [1, 1, 0, 1, 1, 0, 1, 1, 0, 1, 0, 1, 1, 1, 0, 1, 1, 0, 1, 1, 0, 1, 1, 0, 1, 0, 0], [1, 1, 0, 1, 1, 0, 1, 1, 0, 1, 1, 0, 0, 0, 0, 1, 0, 1, 1, 0, 1, 1, 1, 0, 1, 0, 0], [1, 1, 0, 1, 1, 0, 1, 1, 0, 1, 1, 0, 0, 0, 0, 1, 0, 1, 1, 1, 0, 1, 1, 0, 1, 0, 0], [1, 1, 0, 1, 1, 0, 1, 1, 0, 1, 1, 0, 0, 0, 0, 1, 1, 0, 1, 1, 0, 1, 0, 1, 1, 0, 0], [1, 1, 0, 1, 1, 0, 1, 1, 0, 1, 1, 0, 0, 0, 0, 1, 1, 0, 1, 1, 0, 1, 1, 0, 1, 0, 0], [1, 1, 0, 1, 1, 0, 1, 1, 0, 1, 1, 0, 1, 0, 0, 1, 1, 0, 1, 1, 0, 0, 1, 0, 1, 0, 0], [1, 1, 0, 1, 1, 0, 1, 1, 0, 1, 1, 0, 1, 0, 1, 1, 1, 0, 1, 1, 0, 0, 0, 0, 1, 0, 0], [1, 1, 0, 1, 1, 0, 1, 1, 0, 1, 1, 0, 1, 0, 1, 1, 1, 0, 1, 1, 0, 1, 1, 0, 1, 0, 0], [1, 1, 0, 1, 1, 0, 1, 1, 0, 1, 1, 0, 1, 1, 0, 0, 0, 0, 0, 0, 0, 1, 1, 0, 1, 0, 0], [1, 1, 0, 1, 1, 0, 1, 1, 0, 1, 1, 0, 1, 1, 0, 0, 0, 0, 1, 0, 1, 1, 1, 0, 1, 0, 0], [1, 1, 0, 1, 1, 0, 1, 1, 0, 1, 1, 0, 1, 1, 0, 0, 0, 0, 1, 1, 0, 1, 1, 0, 1, 0, 0], [1, 1, 0, 1, 1, 0, 1, 1, 0, 1, 1, 0, 1, 1, 0, 1, 0, 1, 0, 0, 0, 1, 1, 0, 1, 0, 0], [1, 1, 0, 1, 1, 0, 1, 1, 0, 1, 1, 0, 1, 1, 0, 1, 0, 1, 1, 0, 1, 1, 1, 0, 1, 0, 0], [1, 1, 0, 1, 1, 0, 1, 1, 0, 1, 1, 0, 1, 1, 0, 1, 0, 1, 1, 1, 0, 1, 0, 1, 1, 0, 0], [1, 1, 0, 1, 1, 0, 1, 1, 0, 1, 1, 0, 1, 1, 0, 1, 0, 1, 1, 1, 0, 1, 1, 0, 1, 0, 0], [1, 1, 0, 1, 1, 0, 1, 1, 0, 1, 1, 0, 1, 1, 0, 1, 1, 0, 0, 0, 0, 1, 1, 0, 1, 0, 0], [1, 1, 0, 1, 1, 0, 1, 1, 0, 1, 1, 0, 1, 1, 0, 1, 1, 0, 1, 0, 1, 1, 0, 1, 1, 0, 0], [1, 1, 0, 1, 1, 0, 1, 1, 0, 1, 1, 0, 1, 1, 0, 1, 1, 0, 1, 0, 1, 1, 1, 0, 1, 0, 0], [1, 1, 0, 1, 1, 0, 1, 1, 0, 1, 1, 0, 1, 1, 0, 1, 1, 0, 1, 1, 0, 0, 0, 0, 1, 0, 0], [1, 1, 0, 1, 1, 0, 1, 1, 0, 1, 1, 0, 1, 1, 0, 1, 1, 0, 1, 1, 0, 1, 0, 1, 1, 0, 0], [1, 1, 0, 1, 1, 0, 1, 1, 0, 1, 1, 0, 1, 1, 0, 1, 1, 0, 1, 1, 0, 1, 1, 0, 1, 0, 0]]
[solve] probs=[0.00390625, 0.00390625, 0.02734375, 0.00390625, 0.00390625, 0.00390625, 0.00390625, 0.01171875, 0.0078125, 0.00390625, 0.00390625, 0.02734375, 0.00390625, 0.00390625, 0.00390625, 0.03515625, 0.00390625, 0.00390625, 0.00390625, 0.00390625, 0.01953125, 0.00390625, 0.00390625, 0.00390625, 0.04296875, 0.00390625, 0.00390625, 0.015625, 0.00390625, 0.00390625, 0.015625, 0.00390625, 0.00390625, 0.00390625, 0.015625, 0.02734375, 0.00390625, 0.04296875, 0.0234375, 0.015625, 0.5703125]
[choco-best] objective=None probability=None solution=None
[parallel 149/274] path=data/miplib_benders/qaoa_problems/nvars_09/supportcase6_ds_qaoa_c726_c733_c745_0005.json status=ok wall=2250.092712656944 peak_mb=479.84375 choco_obj=
[problem] supportcase6_ds_qaoa_c733_c745_c747_0003 path=data/miplib_benders/qaoa_problems/nvars_09/supportcase6_ds_qaoa_c733_c745_c747_0003.json
[input] n_int=9 n_bin=27 n_constr=3
[input] A=[[1, 0, 1, 0, 0, 1, 0, 1, 0], [1, 1, 1, 0, 1, 1, 1, 1, 0], [1, 1, 1, 1, 1, 1, 1, 1, 1]] b=[1, 1, 1] c=[134333000, 145944000, 144887000, 151847000, 150892000, 134333000, 145944000, 144887000, 151847000]
[encoding]
  B100600(7) = B100600_7__b0 + 2*B100600_7__b1 + 4*B100600_7__b2
  B100602(7) = B100602_7__b0 + 2*B100602_7__b1 + 4*B100602_7__b2
  B100608(7) = B100608_7__b0 + 2*B100608_7__b1 + 4*B100608_7__b2
  B100623(7) = B100623_7__b0 + 2*B100623_7__b1 + 4*B100623_7__b2
  B101029(7) = B101029_7__b0 + 2*B101029_7__b1 + 4*B101029_7__b2
  B101035(7) = B101035_7__b0 + 2*B101035_7__b1 + 4*B101035_7__b2
  B101037(7) = B101037_7__b0 + 2*B101037_7__b1 + 4*B101037_7__b2
  B101043(7) = B101043_7__b0 + 2*B101043_7__b1 + 4*B101043_7__b2
  B101058(7) = B101058_7__b0 + 2*B101058_7__b1 + 4*B101058_7__b2
[expanded] A_binary=[[1, 2, 4, 0, 0, 0, 1, 2, 4, 0, 0, 0, 0, 0, 0, 1, 2, 4, 0, 0, 0, 1, 2, 4, 0, 0, 0], [1, 2, 4, 1, 2, 4, 1, 2, 4, 0, 0, 0, 1, 2, 4, 1, 2, 4, 1, 2, 4, 1, 2, 4, 0, 0, 0], [1, 2, 4, 1, 2, 4, 1, 2, 4, 1, 2, 4, 1, 2, 4, 1, 2, 4, 1, 2, 4, 1, 2, 4, 1, 2, 4]] b=[1, 1, 1]
[expanded] lin_constr_mtx=[[1, 2, 4, 0, 0, 0, 1, 2, 4, 0, 0, 0, 0, 0, 0, 1, 2, 4, 0, 0, 0, 1, 2, 4, 0, 0, 0, 1], [1, 2, 4, 1, 2, 4, 1, 2, 4, 0, 0, 0, 1, 2, 4, 1, 2, 4, 1, 2, 4, 1, 2, 4, 0, 0, 0, 1], [1, 2, 4, 1, 2, 4, 1, 2, 4, 1, 2, 4, 1, 2, 4, 1, 2, 4, 1, 2, 4, 1, 2, 4, 1, 2, 4, 1]]
Set parameter Username
[classical] objective=144887000.0 solution={'B100600(7)': 0, 'B100602(7)': 0, 'B100608(7)': 1, 'B100623(7)': 0, 'B101029(7)': 0, 'B101035(7)': 0, 'B101037(7)': 0, 'B101043(7)': 0, 'B101058(7)': 0}
[circuit] metrics=[149, 56, 66, 289]
[solve] start
[solve] states=[[1, 0, 1, 1, 1, 0, 0, 0, 0, 1, 1, 0, 1, 1, 0, 1, 1, 0, 1, 1, 0, 1, 0, 0, 0, 0, 0], [1, 0, 1, 1, 1, 0, 1, 1, 0, 1, 1, 0, 1, 1, 0, 0, 0, 0, 1, 1, 0, 1, 0, 0, 1, 1, 0], [1, 0, 1, 1, 1, 0, 1, 1, 0, 1, 1, 0, 1, 1, 0, 1, 1, 0, 1, 1, 0, 1, 0, 0, 1, 1, 0], [1, 1, 0, 1, 0, 1, 0, 0, 0, 1, 1, 0, 1, 1, 0, 1, 1, 0, 1, 1, 0, 1, 0, 0, 1, 1, 0], [1, 1, 0, 1, 0, 1, 1, 1, 0, 1, 1, 0, 0, 0, 0, 1, 1, 0, 1, 1, 0, 1, 0, 0, 1, 1, 0], [1, 1, 0, 1, 0, 1, 1, 1, 0, 1, 1, 0, 1, 1, 0, 1, 0, 1, 1, 1, 0, 1, 0, 0, 1, 1, 0], [1, 1, 0, 1, 0, 1, 1, 1, 0, 1, 1, 0, 1, 1, 0, 1, 1, 0, 1, 0, 1, 1, 0, 0, 1, 1, 0], [1, 1, 0, 1, 0, 1, 1, 1, 0, 1, 1, 0, 1, 1, 0, 1, 1, 0, 1, 1, 0, 1, 0, 0, 1, 1, 0], [1, 1, 0, 1, 1, 0, 0, 0, 0, 1, 0, 1, 1, 1, 0, 1, 1, 0, 1, 1, 0, 1, 0, 0, 1, 1, 0], [1, 1, 0, 1, 1, 0, 0, 0, 0, 1, 1, 0, 1, 1, 0, 0, 0, 0, 1, 1, 0, 1, 0, 0, 1, 1, 0], [1, 1, 0, 1, 1, 0, 0, 0, 0, 1, 1, 0, 1, 1, 0, 1, 0, 1, 1, 1, 0, 1, 0, 0, 1, 1, 0], [1, 1, 0, 1, 1, 0, 0, 0, 0, 1, 1, 0, 1, 1, 0, 1, 1, 0, 1, 0, 1, 1, 0, 0, 1, 1, 0], [1, 1, 0, 1, 1, 0, 0, 0, 0, 1, 1, 0, 1, 1, 0, 1, 1, 0, 1, 1, 0, 1, 0, 0, 1, 0, 1], [1, 1, 0, 1, 1, 0, 0, 0, 0, 1, 1, 0, 1, 1, 0, 1, 1, 0, 1, 1, 0, 1, 0, 0, 1, 1, 0], [1, 1, 0, 1, 1, 0, 1, 0, 0, 1, 1, 0, 0, 1, 0, 1, 1, 0, 1, 1, 0, 1, 0, 0, 1, 1, 0], [1, 1, 0, 1, 1, 0, 1, 0, 1, 1, 0, 1, 1, 1, 0, 1, 1, 0, 1, 1, 0, 1, 0, 0, 1, 1, 0], [1, 1, 0, 1, 1, 0, 1, 0, 1, 1, 1, 0, 0, 0, 0, 1, 1, 0, 1, 1, 0, 1, 0, 0, 1, 0, 1], [1, 1, 0, 1, 1, 0, 1, 0, 1, 1, 1, 0, 1, 1, 0, 1, 0, 1, 1, 1, 0, 1, 0, 0, 1, 0, 1], [1, 1, 0, 1, 1, 0, 1, 0, 1, 1, 1, 0, 1, 1, 0, 1, 0, 1, 1, 1, 0, 1, 0, 0, 1, 1, 0], [1, 1, 0, 1, 1, 0, 1, 0, 1, 1, 1, 0, 1, 1, 0, 1, 1, 0, 0, 0, 0, 1, 0, 0, 1, 1, 0], [1, 1, 0, 1, 1, 0, 1, 0, 1, 1, 1, 0, 1, 1, 0, 1, 1, 0, 1, 1, 0, 1, 0, 0, 0, 0, 0], [1, 1, 0, 1, 1, 0, 1, 0, 1, 1, 1, 0, 1, 1, 0, 1, 1, 0, 1, 1, 0, 1, 0, 0, 1, 0, 1], [1, 1, 0, 1, 1, 0, 1, 0, 1, 1, 1, 0, 1, 1, 0, 1, 1, 0, 1, 1, 0, 1, 0, 0, 1, 1, 0], [1, 1, 0, 1, 1, 0, 1, 1, 0, 0, 0, 0, 1, 1, 0, 0, 0, 0, 1, 1, 0, 1, 0, 0, 1, 0, 1], [1, 1, 0, 1, 1, 0, 1, 1, 0, 0, 0, 0, 1, 1, 0, 1, 1, 0, 1, 1, 0, 1, 0, 0, 1, 0, 1], [1, 1, 0, 1, 1, 0, 1, 1, 0, 0, 0, 0, 1, 1, 0, 1, 1, 0, 1, 1, 0, 1, 0, 0, 1, 1, 0], [1, 1, 0, 1, 1, 0, 1, 1, 0, 1, 0, 1, 0, 0, 0, 1, 1, 0, 1, 1, 0, 1, 0, 0, 1, 1, 0], [1, 1, 0, 1, 1, 0, 1, 1, 0, 1, 0, 1, 1, 0, 1, 1, 1, 0, 1, 1, 0, 1, 0, 0, 1, 1, 0], [1, 1, 0, 1, 1, 0, 1, 1, 0, 1, 0, 1, 1, 1, 0, 1, 1, 0, 1, 1, 0, 1, 0, 0, 0, 0, 0], [1, 1, 0, 1, 1, 0, 1, 1, 0, 1, 0, 1, 1, 1, 0, 1, 1, 0, 1, 1, 0, 1, 0, 0, 1, 1, 0], [1, 1, 0, 1, 1, 0, 1, 1, 0, 1, 1, 0, 0, 0, 0, 1, 0, 1, 1, 1, 0, 1, 0, 0, 1, 1, 0], [1, 1, 0, 1, 1, 0, 1, 1, 0, 1, 1, 0, 0, 0, 0, 1, 1, 0, 1, 1, 0, 1, 0, 0, 1, 1, 0], [1, 1, 0, 1, 1, 0, 1, 1, 0, 1, 1, 0, 1, 0, 1, 1, 0, 1, 1, 1, 0, 1, 0, 0, 1, 1, 0], [1, 1, 0, 1, 1, 0, 1, 1, 0, 1, 1, 0, 1, 0, 1, 1, 1, 0, 0, 0, 0, 1, 0, 0, 1, 1, 0], [1, 1, 0, 1, 1, 0, 1, 1, 0, 1, 1, 0, 1, 0, 1, 1, 1, 0, 1, 0, 1, 1, 0, 0, 1, 1, 0], [1, 1, 0, 1, 1, 0, 1, 1, 0, 1, 1, 0, 1, 0, 1, 1, 1, 0, 1, 1, 0, 1, 0, 0, 1, 1, 0], [1, 1, 0, 1, 1, 0, 1, 1, 0, 1, 1, 0, 1, 1, 0, 0, 0, 0, 1, 1, 0, 1, 0, 0, 1, 0, 1], [1, 1, 0, 1, 1, 0, 1, 1, 0, 1, 1, 0, 1, 1, 0, 0, 0, 0, 1, 1, 0, 1, 0, 0, 1, 1, 0], [1, 1, 0, 1, 1, 0, 1, 1, 0, 1, 1, 0, 1, 1, 0, 1, 0, 1, 0, 0, 0, 1, 0, 0, 1, 1, 0], [1, 1, 0, 1, 1, 0, 1, 1, 0, 1, 1, 0, 1, 1, 0, 1, 0, 1, 1, 1, 0, 1, 0, 0, 0, 0, 0], [1, 1, 0, 1, 1, 0, 1, 1, 0, 1, 1, 0, 1, 1, 0, 1, 0, 1, 1, 1, 0, 1, 0, 0, 1, 1, 0], [1, 1, 0, 1, 1, 0, 1, 1, 0, 1, 1, 0, 1, 1, 0, 1, 1, 0, 0, 0, 0, 1, 0, 0, 0, 0, 0], [1, 1, 0, 1, 1, 0, 1, 1, 0, 1, 1, 0, 1, 1, 0, 1, 1, 0, 0, 0, 0, 1, 0, 0, 1, 1, 0], [1, 1, 0, 1, 1, 0, 1, 1, 0, 1, 1, 0, 1, 1, 0, 1, 1, 0, 1, 0, 1, 1, 0, 0, 1, 1, 0], [1, 1, 0, 1, 1, 0, 1, 1, 0, 1, 1, 0, 1, 1, 0, 1, 1, 0, 1, 1, 0, 1, 0, 0, 0, 0, 0], [1, 1, 0, 1, 1, 0, 1, 1, 0, 1, 1, 0, 1, 1, 0, 1, 1, 0, 1, 1, 0, 1, 0, 0, 1, 0, 1], [1, 1, 0, 1, 1, 0, 1, 1, 0, 1, 1, 0, 1, 1, 0, 1, 1, 0, 1, 1, 0, 1, 0, 0, 1, 1, 0]]
[solve] probs=[0.00390625, 0.00390625, 0.01953125, 0.00390625, 0.00390625, 0.00390625, 0.0078125, 0.0390625, 0.00390625, 0.00390625, 0.00390625, 0.00390625, 0.00390625, 0.0234375, 0.00390625, 0.00390625, 0.00390625, 0.00390625, 0.00390625, 0.00390625, 0.00390625, 0.00390625, 0.03515625, 0.00390625, 0.00390625, 0.03515625, 0.0078125, 0.00390625, 0.0078125, 0.03125, 0.00390625, 0.015625, 0.00390625, 0.00390625, 0.00390625, 0.0390625, 0.0078125, 0.0234375, 0.00390625, 0.00390625, 0.0234375, 0.00390625, 0.0546875, 0.01171875, 0.01953125, 0.01171875, 0.4765625]
[choco-best] objective=None probability=None solution=None
[parallel 150/274] path=data/miplib_benders/qaoa_problems/nvars_09/supportcase6_ds_qaoa_c733_c745_0003.json status=ok wall=1470.7928785029799 peak_mb=480.6796875 choco_obj=
[problem] supportcase6_ds_qaoa_c733_c745_c747_0004 path=data/miplib_benders/qaoa_problems/nvars_09/supportcase6_ds_qaoa_c733_c745_c747_0004.json
[input] n_int=9 n_bin=27 n_constr=3
[input] A=[[0, 1, 0, 0, 1, 0, 1, 0, 0], [1, 1, 0, 1, 1, 1, 1, 0, 1], [1, 1, 1, 1, 1, 1, 1, 1, 1]] b=[1, 1, 1] c=[145944000, 144887000, 151847000, 150892000, 134333000, 145944000, 144887000, 151847000, 150892000]
[encoding]
  B100602(7) = B100602_7__b0 + 2*B100602_7__b1 + 4*B100602_7__b2
  B100608(7) = B100608_7__b0 + 2*B100608_7__b1 + 4*B100608_7__b2
  B100623(7) = B100623_7__b0 + 2*B100623_7__b1 + 4*B100623_7__b2
  B101029(7) = B101029_7__b0 + 2*B101029_7__b1 + 4*B101029_7__b2
  B101035(7) = B101035_7__b0 + 2*B101035_7__b1 + 4*B101035_7__b2
  B101037(7) = B101037_7__b0 + 2*B101037_7__b1 + 4*B101037_7__b2
  B101043(7) = B101043_7__b0 + 2*B101043_7__b1 + 4*B101043_7__b2
  B101058(7) = B101058_7__b0 + 2*B101058_7__b1 + 4*B101058_7__b2
  B101479(7) = B101479_7__b0 + 2*B101479_7__b1 + 4*B101479_7__b2
[expanded] A_binary=[[0, 0, 0, 1, 2, 4, 0, 0, 0, 0, 0, 0, 1, 2, 4, 0, 0, 0, 1, 2, 4, 0, 0, 0, 0, 0, 0], [1, 2, 4, 1, 2, 4, 0, 0, 0, 1, 2, 4, 1, 2, 4, 1, 2, 4, 1, 2, 4, 0, 0, 0, 1, 2, 4], [1, 2, 4, 1, 2, 4, 1, 2, 4, 1, 2, 4, 1, 2, 4, 1, 2, 4, 1, 2, 4, 1, 2, 4, 1, 2, 4]] b=[1, 1, 1]
[expanded] lin_constr_mtx=[[0, 0, 0, 1, 2, 4, 0, 0, 0, 0, 0, 0, 1, 2, 4, 0, 0, 0, 1, 2, 4, 0, 0, 0, 0, 0, 0, 1], [1, 2, 4, 1, 2, 4, 0, 0, 0, 1, 2, 4, 1, 2, 4, 1, 2, 4, 1, 2, 4, 0, 0, 0, 1, 2, 4, 1], [1, 2, 4, 1, 2, 4, 1, 2, 4, 1, 2, 4, 1, 2, 4, 1, 2, 4, 1, 2, 4, 1, 2, 4, 1, 2, 4, 1]]
Set parameter Username
[classical] objective=144887000.0 solution={'B100602(7)': 0, 'B100608(7)': 1, 'B100623(7)': 0, 'B101029(7)': 0, 'B101035(7)': 0, 'B101037(7)': 0, 'B101043(7)': 0, 'B101058(7)': 0, 'B101479(7)': 0}
[circuit] metrics=[149, 56, 66, 289]
[solve] start
[solve] states=[[1, 0, 1, 1, 0, 1, 1, 1, 0, 1, 1, 0, 1, 1, 0, 1, 1, 0, 1, 0, 1, 1, 0, 0, 1, 1, 0], [1, 0, 1, 1, 0, 1, 1, 1, 0, 1, 1, 0, 1, 1, 0, 1, 1, 0, 1, 1, 0, 1, 0, 0, 1, 1, 0], [1, 0, 1, 1, 1, 0, 1, 1, 0, 1, 1, 0, 1, 1, 0, 1, 1, 0, 1, 1, 0, 1, 0, 0, 1, 1, 0], [1, 1, 0, 1, 0, 1, 1, 1, 0, 1, 1, 0, 1, 1, 0, 0, 0, 0, 1, 1, 0, 1, 0, 0, 1, 1, 0], [1, 1, 0, 1, 0, 1, 1, 1, 0, 1, 1, 0, 1, 1, 0, 1, 0, 1, 1, 1, 0, 1, 0, 0, 1, 1, 0], [1, 1, 0, 1, 0, 1, 1, 1, 0, 1, 1, 0, 1, 1, 0, 1, 1, 0, 0, 0, 0, 1, 0, 0, 1, 1, 0], [1, 1, 0, 1, 0, 1, 1, 1, 0, 1, 1, 0, 1, 1, 0, 1, 1, 0, 1, 1, 0, 1, 0, 0, 0, 0, 0], [1, 1, 0, 1, 0, 1, 1, 1, 0, 1, 1, 0, 1, 1, 0, 1, 1, 0, 1, 1, 0, 1, 0, 0, 1, 1, 0], [1, 1, 0, 1, 1, 0, 1, 0, 1, 0, 0, 0, 1, 1, 0, 1, 1, 0, 1, 1, 0, 1, 0, 0, 1, 1, 0], [1, 1, 0, 1, 1, 0, 1, 0, 1, 1, 1, 0, 1, 1, 0, 1, 1, 0, 0, 0, 0, 1, 0, 0, 1, 1, 0], [1, 1, 0, 1, 1, 0, 1, 0, 1, 1, 1, 0, 1, 1, 0, 1, 1, 0, 1, 1, 0, 1, 0, 0, 1, 1, 0], [1, 1, 0, 1, 1, 0, 1, 1, 0, 0, 0, 0, 1, 0, 1, 1, 1, 0, 1, 1, 0, 1, 0, 0, 1, 1, 0], [1, 1, 0, 1, 1, 0, 1, 1, 0, 0, 0, 0, 1, 1, 0, 1, 1, 0, 0, 0, 0, 1, 0, 0, 1, 1, 0], [1, 1, 0, 1, 1, 0, 1, 1, 0, 0, 0, 0, 1, 1, 0, 1, 1, 0, 1, 1, 0, 1, 0, 0, 1, 1, 0], [1, 1, 0, 1, 1, 0, 1, 1, 0, 1, 0, 1, 1, 1, 0, 1, 1, 0, 1, 1, 0, 1, 0, 0, 1, 1, 0], [1, 1, 0, 1, 1, 0, 1, 1, 0, 1, 1, 0, 0, 0, 0, 1, 0, 1, 1, 1, 0, 1, 0, 0, 1, 1, 0], [1, 1, 0, 1, 1, 0, 1, 1, 0, 1, 1, 0, 0, 0, 0, 1, 1, 0, 1, 1, 0, 1, 0, 0, 1, 1, 0], [1, 1, 0, 1, 1, 0, 1, 1, 0, 1, 1, 0, 1, 0, 0, 1, 1, 0, 1, 1, 0, 0, 0, 0, 1, 1, 0], [1, 1, 0, 1, 1, 0, 1, 1, 0, 1, 1, 0, 1, 0, 1, 1, 1, 0, 1, 1, 0, 1, 0, 0, 1, 1, 0], [1, 1, 0, 1, 1, 0, 1, 1, 0, 1, 1, 0, 1, 1, 0, 0, 0, 0, 1, 1, 0, 1, 0, 0, 0, 0, 0], [1, 1, 0, 1, 1, 0, 1, 1, 0, 1, 1, 0, 1, 1, 0, 0, 0, 0, 1, 1, 0, 1, 0, 0, 1, 1, 0], [1, 1, 0, 1, 1, 0, 1, 1, 0, 1, 1, 0, 1, 1, 0, 1, 0, 1, 1, 0, 1, 1, 0, 0, 1, 1, 0], [1, 1, 0, 1, 1, 0, 1, 1, 0, 1, 1, 0, 1, 1, 0, 1, 0, 1, 1, 1, 0, 1, 0, 0, 1, 1, 0], [1, 1, 0, 1, 1, 0, 1, 1, 0, 1, 1, 0, 1, 1, 0, 1, 1, 0, 0, 0, 0, 1, 0, 0, 1, 1, 0], [1, 1, 0, 1, 1, 0, 1, 1, 0, 1, 1, 0, 1, 1, 0, 1, 1, 0, 1, 0, 1, 1, 0, 0, 1, 1, 0], [1, 1, 0, 1, 1, 0, 1, 1, 0, 1, 1, 0, 1, 1, 0, 1, 1, 0, 1, 1, 0, 1, 0, 0, 0, 0, 0], [1, 1, 0, 1, 1, 0, 1, 1, 0, 1, 1, 0, 1, 1, 0, 1, 1, 0, 1, 1, 0, 1, 0, 0, 1, 0, 1], [1, 1, 0, 1, 1, 0, 1, 1, 0, 1, 1, 0, 1, 1, 0, 1, 1, 0, 1, 1, 0, 1, 0, 0, 1, 1, 0]]
[solve] probs=[0.00390625, 0.00390625, 0.02734375, 0.00390625, 0.00390625, 0.00390625, 0.0078125, 0.03125, 0.00390625, 0.00390625, 0.02734375, 0.0078125, 0.00390625, 0.01953125, 0.03125, 0.00390625, 0.0078125, 0.00390625, 0.02734375, 0.00390625, 0.03125, 0.00390625, 0.02734375, 0.03125, 0.0234375, 0.015625, 0.03125, 0.60546875]
[choco-best] objective=None probability=None solution=None
[parallel 151/274] path=data/miplib_benders/qaoa_problems/nvars_09/supportcase6_ds_qaoa_c733_c745_c747_0001.json status=ok wall=1806.0530879449798 peak_mb=411.73046875 choco_obj=
[problem] supportcase6_ds_qaoa_c733_c745_c747_0005 path=data/miplib_benders/qaoa_problems/nvars_09/supportcase6_ds_qaoa_c733_c745_c747_0005.json
[input] n_int=9 n_bin=27 n_constr=3
[input] A=[[1, 0, 0, 1, 0, 1, 0, 0, 1], [1, 0, 1, 1, 1, 1, 0, 1, 1], [1, 1, 1, 1, 1, 1, 1, 1, 1]] b=[1, 1, 1] c=[144887000, 151847000, 150892000, 134333000, 145944000, 144887000, 151847000, 150892000, 134333000]
[encoding]
  B100608(7) = B100608_7__b0 + 2*B100608_7__b1 + 4*B100608_7__b2
  B100623(7) = B100623_7__b0 + 2*B100623_7__b1 + 4*B100623_7__b2
  B101029(7) = B101029_7__b0 + 2*B101029_7__b1 + 4*B101029_7__b2
  B101035(7) = B101035_7__b0 + 2*B101035_7__b1 + 4*B101035_7__b2
  B101037(7) = B101037_7__b0 + 2*B101037_7__b1 + 4*B101037_7__b2
  B101043(7) = B101043_7__b0 + 2*B101043_7__b1 + 4*B101043_7__b2
  B101058(7) = B101058_7__b0 + 2*B101058_7__b1 + 4*B101058_7__b2
  B101479(7) = B101479_7__b0 + 2*B101479_7__b1 + 4*B101479_7__b2
  B101485(7) = B101485_7__b0 + 2*B101485_7__b1 + 4*B101485_7__b2
[expanded] A_binary=[[1, 2, 4, 0, 0, 0, 0, 0, 0, 1, 2, 4, 0, 0, 0, 1, 2, 4, 0, 0, 0, 0, 0, 0, 1, 2, 4], [1, 2, 4, 0, 0, 0, 1, 2, 4, 1, 2, 4, 1, 2, 4, 1, 2, 4, 0, 0, 0, 1, 2, 4, 1, 2, 4], [1, 2, 4, 1, 2, 4, 1, 2, 4, 1, 2, 4, 1, 2, 4, 1, 2, 4, 1, 2, 4, 1, 2, 4, 1, 2, 4]] b=[1, 1, 1]
[expanded] lin_constr_mtx=[[1, 2, 4, 0, 0, 0, 0, 0, 0, 1, 2, 4, 0, 0, 0, 1, 2, 4, 0, 0, 0, 0, 0, 0, 1, 2, 4, 1], [1, 2, 4, 0, 0, 0, 1, 2, 4, 1, 2, 4, 1, 2, 4, 1, 2, 4, 0, 0, 0, 1, 2, 4, 1, 2, 4, 1], [1, 2, 4, 1, 2, 4, 1, 2, 4, 1, 2, 4, 1, 2, 4, 1, 2, 4, 1, 2, 4, 1, 2, 4, 1, 2, 4, 1]]
Set parameter Username
[classical] objective=144887000.0 solution={'B100608(7)': 1, 'B100623(7)': 0, 'B101029(7)': 0, 'B101035(7)': 0, 'B101037(7)': 0, 'B101043(7)': 0, 'B101058(7)': 0, 'B101479(7)': 0, 'B101485(7)': 0}
[circuit] metrics=[149, 56, 66, 289]
[solve] start
[solve] states=[[1, 0, 1, 1, 1, 0, 0, 0, 0, 1, 1, 0, 1, 1, 0, 1, 1, 0, 1, 1, 0, 1, 1, 0, 1, 0, 0], [1, 0, 1, 1, 1, 0, 1, 1, 0, 1, 1, 0, 1, 1, 0, 1, 1, 0, 1, 1, 0, 1, 1, 0, 1, 0, 0], [1, 1, 0, 1, 0, 1, 1, 1, 0, 1, 1, 0, 1, 1, 0, 1, 1, 0, 1, 1, 0, 1, 1, 0, 1, 0, 0], [1, 1, 0, 1, 1, 0, 0, 0, 0, 1, 1, 0, 1, 1, 0, 1, 1, 0, 1, 1, 0, 1, 1, 0, 1, 0, 0], [1, 1, 0, 1, 1, 0, 1, 0, 1, 1, 1, 0, 1, 1, 0, 1, 1, 0, 1, 1, 0, 1, 1, 0, 1, 0, 0], [1, 1, 0, 1, 1, 0, 1, 1, 0, 0, 0, 0, 1, 1, 0, 1, 1, 0, 1, 1, 0, 1, 1, 0, 1, 0, 0], [1, 1, 0, 1, 1, 0, 1, 1, 0, 1, 0, 1, 1, 1, 0, 1, 1, 0, 1, 1, 0, 1, 1, 0, 1, 0, 0], [1, 1, 0, 1, 1, 0, 1, 1, 0, 1, 1, 0, 1, 0, 1, 1, 1, 0, 1, 1, 0, 1, 1, 0, 1, 0, 0], [1, 1, 0, 1, 1, 0, 1, 1, 0, 1, 1, 0, 1, 1, 0, 0, 0, 0, 1, 1, 0, 1, 1, 0, 1, 0, 0], [1, 1, 0, 1, 1, 0, 1, 1, 0, 1, 1, 0, 1, 1, 0, 1, 0, 1, 1, 1, 0, 1, 1, 0, 1, 0, 0], [1, 1, 0, 1, 1, 0, 1, 1, 0, 1, 1, 0, 1, 1, 0, 1, 1, 0, 0, 0, 0, 1, 1, 0, 1, 0, 0], [1, 1, 0, 1, 1, 0, 1, 1, 0, 1, 1, 0, 1, 1, 0, 1, 1, 0, 1, 0, 1, 1, 1, 0, 1, 0, 0], [1, 1, 0, 1, 1, 0, 1, 1, 0, 1, 1, 0, 1, 1, 0, 1, 1, 0, 1, 1, 0, 0, 0, 0, 1, 0, 0], [1, 1, 0, 1, 1, 0, 1, 1, 0, 1, 1, 0, 1, 1, 0, 1, 1, 0, 1, 1, 0, 1, 0, 1, 1, 0, 0], [1, 1, 0, 1, 1, 0, 1, 1, 0, 1, 1, 0, 1, 1, 0, 1, 1, 0, 1, 1, 0, 1, 1, 0, 1, 0, 0]]
[solve] probs=[0.00390625, 0.0078125, 0.0078125, 0.01953125, 0.01953125, 0.0078125, 0.0078125, 0.015625, 0.00390625, 0.01171875, 0.015625, 0.00390625, 0.01171875, 0.01171875, 0.8515625]
[choco-best] objective=None probability=None solution=None
[parallel 152/274] path=data/miplib_benders/qaoa_problems/nvars_09/supportcase6_ds_qaoa_c733_c745_c747_0002.json status=ok wall=1377.6817693359917 peak_mb=412.609375 choco_obj=
[problem] supportcase6_ds_qaoa_c745_c747_0001 path=data/miplib_benders/qaoa_problems/nvars_09/supportcase6_ds_qaoa_c745_c747_0001.json
[input] n_int=9 n_bin=27 n_constr=2
[input] A=[[0, 1, 1, 1, 1, 0, 1, 1, 1], [1, 1, 1, 1, 1, 1, 1, 1, 1]] b=[1, 1] c=[151847000, 150892000, 134333000, 145944000, 144887000, 151847000, 150892000, 134333000, 145944000]
[encoding]
  B100166(7) = B100166_7__b0 + 2*B100166_7__b1 + 4*B100166_7__b2
  B100594(7) = B100594_7__b0 + 2*B100594_7__b1 + 4*B100594_7__b2
  B100600(7) = B100600_7__b0 + 2*B100600_7__b1 + 4*B100600_7__b2
  B100602(7) = B100602_7__b0 + 2*B100602_7__b1 + 4*B100602_7__b2
  B100608(7) = B100608_7__b0 + 2*B100608_7__b1 + 4*B100608_7__b2
  B100623(7) = B100623_7__b0 + 2*B100623_7__b1 + 4*B100623_7__b2
  B101029(7) = B101029_7__b0 + 2*B101029_7__b1 + 4*B101029_7__b2
  B101035(7) = B101035_7__b0 + 2*B101035_7__b1 + 4*B101035_7__b2
  B101037(7) = B101037_7__b0 + 2*B101037_7__b1 + 4*B101037_7__b2
[expanded] A_binary=[[0, 0, 0, 1, 2, 4, 1, 2, 4, 1, 2, 4, 1, 2, 4, 0, 0, 0, 1, 2, 4, 1, 2, 4, 1, 2, 4], [1, 2, 4, 1, 2, 4, 1, 2, 4, 1, 2, 4, 1, 2, 4, 1, 2, 4, 1, 2, 4, 1, 2, 4, 1, 2, 4]] b=[1, 1]
[expanded] lin_constr_mtx=[[0, 0, 0, 1, 2, 4, 1, 2, 4, 1, 2, 4, 1, 2, 4, 0, 0, 0, 1, 2, 4, 1, 2, 4, 1, 2, 4, 1], [1, 2, 4, 1, 2, 4, 1, 2, 4, 1, 2, 4, 1, 2, 4, 1, 2, 4, 1, 2, 4, 1, 2, 4, 1, 2, 4, 1]]
Set parameter Username
[classical] objective=150892000.0 solution={'B100166(7)': 0, 'B100594(7)': 1, 'B100600(7)': 0, 'B100602(7)': 0, 'B100608(7)': 0, 'B100623(7)': 0, 'B101029(7)': 0, 'B101035(7)': 0, 'B101037(7)': 0}
[circuit] metrics=[269, 56, 120, 298]
[solve] start
[solve] states=[[1, 0, 0, 1, 1, 0, 0, 1, 0, 1, 1, 0, 1, 1, 0, 1, 1, 0, 1, 1, 0, 1, 0, 0, 1, 1, 0], [1, 0, 1, 1, 1, 0, 1, 0, 1, 1, 0, 1, 1, 1, 0, 1, 1, 0, 1, 1, 0, 1, 0, 0, 1, 1, 0], [1, 0, 1, 1, 1, 0, 1, 1, 0, 1, 1, 0, 1, 1, 0, 1, 0, 1, 1, 1, 0, 1, 0, 0, 1, 1, 0], [1, 0, 1, 1, 1, 0, 1, 1, 0, 1, 1, 0, 1, 1, 0, 1, 1, 0, 1, 1, 0, 1, 0, 0, 0, 0, 0], [1, 0, 1, 1, 1, 0, 1, 1, 0, 1, 1, 0, 1, 1, 0, 1, 1, 0, 1, 1, 0, 1, 0, 0, 1, 0, 1], [1, 0, 1, 1, 1, 0, 1, 1, 0, 1, 1, 0, 1, 1, 0, 1, 1, 0, 1, 1, 0, 1, 0, 0, 1, 1, 0], [1, 1, 0, 1, 0, 1, 1, 1, 0, 1, 1, 0, 1, 1, 0, 1, 1, 0, 1, 1, 0, 1, 0, 0, 1, 1, 0], [1, 1, 0, 1, 1, 0, 0, 0, 0, 1, 1, 0, 1, 1, 0, 1, 1, 0, 1, 1, 0, 1, 0, 0, 0, 0, 0], [1, 1, 0, 1, 1, 0, 0, 0, 0, 1, 1, 0, 1, 1, 0, 1, 1, 0, 1, 1, 0, 1, 0, 0, 1, 1, 0], [1, 1, 0, 1, 1, 0, 1, 0, 1, 1, 1, 0, 1, 1, 0, 1, 1, 0, 1, 1, 0, 1, 0, 0, 1, 1, 0], [1, 1, 0, 1, 1, 0, 1, 1, 0, 1, 0, 1, 1, 1, 0, 1, 1, 0, 1, 1, 0, 1, 0, 0, 0, 0, 0], [1, 1, 0, 1, 1, 0, 1, 1, 0, 1, 0, 1, 1, 1, 0, 1, 1, 0, 1, 1, 0, 1, 0, 0, 1, 1, 0], [1, 1, 0, 1, 1, 0, 1, 1, 0, 1, 1, 0, 0, 0, 0, 1, 1, 0, 1, 1, 0, 1, 0, 0, 1, 1, 0], [1, 1, 0, 1, 1, 0, 1, 1, 0, 1, 1, 0, 1, 0, 1, 1, 1, 0, 0, 0, 0, 1, 0, 0, 1, 1, 0], [1, 1, 0, 1, 1, 0, 1, 1, 0, 1, 1, 0, 1, 0, 1, 1, 1, 0, 1, 1, 0, 1, 0, 0, 1, 1, 0], [1, 1, 0, 1, 1, 0, 1, 1, 0, 1, 1, 0, 1, 1, 0, 0, 0, 0, 1, 1, 0, 1, 0, 0, 1, 1, 0], [1, 1, 0, 1, 1, 0, 1, 1, 0, 1, 1, 0, 1, 1, 0, 1, 0, 1, 1, 1, 0, 1, 0, 0, 1, 1, 0], [1, 1, 0, 1, 1, 0, 1, 1, 0, 1, 1, 0, 1, 1, 0, 1, 1, 0, 0, 0, 0, 1, 0, 0, 1, 1, 0], [1, 1, 0, 1, 1, 0, 1, 1, 0, 1, 1, 0, 1, 1, 0, 1, 1, 0, 1, 0, 1, 1, 0, 0, 1, 1, 0], [1, 1, 0, 1, 1, 0, 1, 1, 0, 1, 1, 0, 1, 1, 0, 1, 1, 0, 1, 1, 0, 1, 0, 0, 0, 0, 0], [1, 1, 0, 1, 1, 0, 1, 1, 0, 1, 1, 0, 1, 1, 0, 1, 1, 0, 1, 1, 0, 1, 0, 0, 1, 0, 1], [1, 1, 0, 1, 1, 0, 1, 1, 0, 1, 1, 0, 1, 1, 0, 1, 1, 0, 1, 1, 0, 1, 0, 0, 1, 1, 0]]
[solve] probs=[0.0078125, 0.00390625, 0.00390625, 0.00390625, 0.00390625, 0.0390625, 0.01171875, 0.00390625, 0.00390625, 0.01171875, 0.00390625, 0.01953125, 0.01171875, 0.0078125, 0.01953125, 0.015625, 0.015625, 0.01953125, 0.015625, 0.01953125, 0.015625, 0.7421875]
[choco-best] objective=None probability=None solution=None
[parallel 153/274] path=data/miplib_benders/qaoa_problems/nvars_09/supportcase6_ds_qaoa_c733_c745_c747_0003.json status=ok wall=1801.8080016960157 peak_mb=412.90625 choco_obj=
[problem] supportcase6_ds_qaoa_c745_c747_0002 path=data/miplib_benders/qaoa_problems/nvars_09/supportcase6_ds_qaoa_c745_c747_0002.json
[input] n_int=9 n_bin=27 n_constr=2
[input] A=[[1, 1, 1, 1, 0, 1, 1, 1, 1], [1, 1, 1, 1, 1, 1, 1, 1, 1]] b=[1, 1] c=[150892000, 134333000, 145944000, 144887000, 151847000, 150892000, 134333000, 145944000, 144887000]
[encoding]
  B100594(7) = B100594_7__b0 + 2*B100594_7__b1 + 4*B100594_7__b2
  B100600(7) = B100600_7__b0 + 2*B100600_7__b1 + 4*B100600_7__b2
  B100602(7) = B100602_7__b0 + 2*B100602_7__b1 + 4*B100602_7__b2
  B100608(7) = B100608_7__b0 + 2*B100608_7__b1 + 4*B100608_7__b2
  B100623(7) = B100623_7__b0 + 2*B100623_7__b1 + 4*B100623_7__b2
  B101029(7) = B101029_7__b0 + 2*B101029_7__b1 + 4*B101029_7__b2
  B101035(7) = B101035_7__b0 + 2*B101035_7__b1 + 4*B101035_7__b2
  B101037(7) = B101037_7__b0 + 2*B101037_7__b1 + 4*B101037_7__b2
  B101043(7) = B101043_7__b0 + 2*B101043_7__b1 + 4*B101043_7__b2
[expanded] A_binary=[[1, 2, 4, 1, 2, 4, 1, 2, 4, 1, 2, 4, 0, 0, 0, 1, 2, 4, 1, 2, 4, 1, 2, 4, 1, 2, 4], [1, 2, 4, 1, 2, 4, 1, 2, 4, 1, 2, 4, 1, 2, 4, 1, 2, 4, 1, 2, 4, 1, 2, 4, 1, 2, 4]] b=[1, 1]
[expanded] lin_constr_mtx=[[1, 2, 4, 1, 2, 4, 1, 2, 4, 1, 2, 4, 0, 0, 0, 1, 2, 4, 1, 2, 4, 1, 2, 4, 1, 2, 4, 1], [1, 2, 4, 1, 2, 4, 1, 2, 4, 1, 2, 4, 1, 2, 4, 1, 2, 4, 1, 2, 4, 1, 2, 4, 1, 2, 4, 1]]
Set parameter Username
[classical] objective=150892000.0 solution={'B100594(7)': 1, 'B100600(7)': 0, 'B100602(7)': 0, 'B100608(7)': 0, 'B100623(7)': 0, 'B101029(7)': 0, 'B101035(7)': 0, 'B101037(7)': 0, 'B101043(7)': 0}
[circuit] metrics=[309, 56, 138, 298]
[solve] start
[solve] states=[[1, 0, 1, 1, 0, 1, 1, 1, 0, 1, 1, 0, 1, 1, 0, 1, 1, 0, 1, 0, 0, 1, 1, 0, 1, 1, 0], [1, 0, 1, 1, 1, 0, 1, 1, 0, 1, 1, 0, 1, 1, 0, 0, 0, 0, 1, 0, 0, 1, 1, 0, 1, 1, 0], [1, 0, 1, 1, 1, 0, 1, 1, 0, 1, 1, 0, 1, 1, 0, 1, 0, 0, 1, 0, 0, 1, 1, 0, 0, 1, 0], [1, 0, 1, 1, 1, 0, 1, 1, 0, 1, 1, 0, 1, 1, 0, 1, 1, 0, 1, 0, 0, 1, 1, 0, 1, 1, 0], [1, 1, 0, 1, 0, 1, 1, 1, 0, 1, 1, 0, 1, 1, 0, 0, 0, 0, 1, 0, 0, 1, 1, 0, 1, 1, 0], [1, 1, 0, 1, 0, 1, 1, 1, 0, 1, 1, 0, 1, 1, 0, 1, 1, 0, 1, 0, 0, 1, 1, 0, 0, 0, 0], [1, 1, 0, 1, 0, 1, 1, 1, 0, 1, 1, 0, 1, 1, 0, 1, 1, 0, 1, 0, 0, 1, 1, 0, 1, 1, 0], [1, 1, 0, 1, 1, 0, 1, 0, 1, 1, 1, 0, 1, 1, 0, 1, 1, 0, 1, 0, 0, 1, 1, 0, 1, 1, 0], [1, 1, 0, 1, 1, 0, 1, 1, 0, 0, 0, 0, 1, 1, 0, 1, 1, 0, 1, 0, 0, 0, 0, 0, 1, 1, 0], [1, 1, 0, 1, 1, 0, 1, 1, 0, 0, 0, 0, 1, 1, 0, 1, 1, 0, 1, 0, 0, 1, 1, 0, 1, 1, 0], [1, 1, 0, 1, 1, 0, 1, 1, 0, 1, 0, 1, 1, 0, 1, 1, 1, 0, 1, 0, 0, 1, 1, 0, 1, 1, 0], [1, 1, 0, 1, 1, 0, 1, 1, 0, 1, 0, 1, 1, 1, 0, 1, 1, 0, 1, 0, 0, 1, 1, 0, 1, 1, 0], [1, 1, 0, 1, 1, 0, 1, 1, 0, 1, 1, 0, 0, 0, 0, 1, 1, 0, 1, 0, 0, 1, 1, 0, 1, 1, 0], [1, 1, 0, 1, 1, 0, 1, 1, 0, 1, 1, 0, 1, 0, 1, 0, 0, 0, 1, 0, 0, 1, 1, 0, 1, 1, 0], [1, 1, 0, 1, 1, 0, 1, 1, 0, 1, 1, 0, 1, 0, 1, 1, 1, 0, 1, 0, 0, 1, 1, 0, 1, 1, 0], [1, 1, 0, 1, 1, 0, 1, 1, 0, 1, 1, 0, 1, 1, 0, 0, 0, 0, 1, 0, 0, 1, 1, 0, 1, 1, 0], [1, 1, 0, 1, 1, 0, 1, 1, 0, 1, 1, 0, 1, 1, 0, 1, 0, 1, 1, 0, 0, 1, 0, 1, 1, 1, 0], [1, 1, 0, 1, 1, 0, 1, 1, 0, 1, 1, 0, 1, 1, 0, 1, 0, 1, 1, 0, 0, 1, 1, 0, 1, 0, 1], [1, 1, 0, 1, 1, 0, 1, 1, 0, 1, 1, 0, 1, 1, 0, 1, 0, 1, 1, 0, 0, 1, 1, 0, 1, 1, 0], [1, 1, 0, 1, 1, 0, 1, 1, 0, 1, 1, 0, 1, 1, 0, 1, 1, 0, 1, 0, 0, 0, 0, 0, 1, 1, 0], [1, 1, 0, 1, 1, 0, 1, 1, 0, 1, 1, 0, 1, 1, 0, 1, 1, 0, 1, 0, 0, 1, 0, 1, 1, 1, 0], [1, 1, 0, 1, 1, 0, 1, 1, 0, 1, 1, 0, 1, 1, 0, 1, 1, 0, 1, 0, 0, 1, 1, 0, 1, 0, 1], [1, 1, 0, 1, 1, 0, 1, 1, 0, 1, 1, 0, 1, 1, 0, 1, 1, 0, 1, 0, 0, 1, 1, 0, 1, 1, 0]]
[solve] probs=[0.00390625, 0.00390625, 0.00390625, 0.0234375, 0.00390625, 0.00390625, 0.015625, 0.0078125, 0.00390625, 0.0078125, 0.00390625, 0.0234375, 0.0234375, 0.00390625, 0.01171875, 0.015625, 0.00390625, 0.00390625, 0.015625, 0.0078125, 0.0234375, 0.01171875, 0.7734375]
[choco-best] objective=None probability=None solution=None
[parallel 154/274] path=data/miplib_benders/qaoa_problems/nvars_09/supportcase6_ds_qaoa_c733_c745_c747_0004.json status=ok wall=1515.8333589719841 peak_mb=413.2734375 choco_obj=
[problem] supportcase6_ds_qaoa_c745_c747_0003 path=data/miplib_benders/qaoa_problems/nvars_09/supportcase6_ds_qaoa_c745_c747_0003.json
[input] n_int=9 n_bin=27 n_constr=2
[input] A=[[1, 1, 1, 0, 1, 1, 1, 1, 0], [1, 1, 1, 1, 1, 1, 1, 1, 1]] b=[1, 1] c=[134333000, 145944000, 144887000, 151847000, 150892000, 134333000, 145944000, 144887000, 151847000]
[encoding]
  B100600(7) = B100600_7__b0 + 2*B100600_7__b1 + 4*B100600_7__b2
  B100602(7) = B100602_7__b0 + 2*B100602_7__b1 + 4*B100602_7__b2
  B100608(7) = B100608_7__b0 + 2*B100608_7__b1 + 4*B100608_7__b2
  B100623(7) = B100623_7__b0 + 2*B100623_7__b1 + 4*B100623_7__b2
  B101029(7) = B101029_7__b0 + 2*B101029_7__b1 + 4*B101029_7__b2
  B101035(7) = B101035_7__b0 + 2*B101035_7__b1 + 4*B101035_7__b2
  B101037(7) = B101037_7__b0 + 2*B101037_7__b1 + 4*B101037_7__b2
  B101043(7) = B101043_7__b0 + 2*B101043_7__b1 + 4*B101043_7__b2
  B101058(7) = B101058_7__b0 + 2*B101058_7__b1 + 4*B101058_7__b2
[expanded] A_binary=[[1, 2, 4, 1, 2, 4, 1, 2, 4, 0, 0, 0, 1, 2, 4, 1, 2, 4, 1, 2, 4, 1, 2, 4, 0, 0, 0], [1, 2, 4, 1, 2, 4, 1, 2, 4, 1, 2, 4, 1, 2, 4, 1, 2, 4, 1, 2, 4, 1, 2, 4, 1, 2, 4]] b=[1, 1]
[expanded] lin_constr_mtx=[[1, 2, 4, 1, 2, 4, 1, 2, 4, 0, 0, 0, 1, 2, 4, 1, 2, 4, 1, 2, 4, 1, 2, 4, 0, 0, 0, 1], [1, 2, 4, 1, 2, 4, 1, 2, 4, 1, 2, 4, 1, 2, 4, 1, 2, 4, 1, 2, 4, 1, 2, 4, 1, 2, 4, 1]]
Set parameter Username
[classical] objective=150892000.0 solution={'B100600(7)': 0, 'B100602(7)': 0, 'B100608(7)': 0, 'B100623(7)': 0, 'B101029(7)': 1, 'B101035(7)': 0, 'B101037(7)': 0, 'B101043(7)': 0, 'B101058(7)': 0}
[circuit] metrics=[269, 56, 120, 298]
[solve] start
[solve] states=[[1, 0, 1, 1, 1, 0, 1, 1, 0, 1, 1, 0, 1, 1, 0, 1, 1, 0, 1, 1, 0, 1, 1, 0, 1, 0, 0], [1, 1, 0, 1, 0, 0, 0, 1, 0, 1, 1, 0, 1, 1, 0, 1, 1, 0, 1, 1, 0, 1, 1, 0, 1, 0, 0], [1, 1, 0, 1, 0, 1, 1, 1, 0, 1, 1, 0, 1, 1, 0, 1, 1, 0, 1, 1, 0, 1, 1, 0, 1, 0, 0], [1, 1, 0, 1, 1, 0, 0, 0, 0, 1, 1, 0, 1, 0, 1, 1, 1, 0, 1, 1, 0, 1, 1, 0, 1, 0, 0], [1, 1, 0, 1, 1, 0, 0, 0, 0, 1, 1, 0, 1, 1, 0, 1, 1, 0, 1, 1, 0, 1, 1, 0, 1, 0, 0], [1, 1, 0, 1, 1, 0, 1, 0, 1, 1, 1, 0, 1, 1, 0, 1, 0, 1, 1, 1, 0, 1, 1, 0, 1, 0, 0], [1, 1, 0, 1, 1, 0, 1, 0, 1, 1, 1, 0, 1, 1, 0, 1, 1, 0, 1, 1, 0, 1, 1, 0, 1, 0, 0], [1, 1, 0, 1, 1, 0, 1, 1, 0, 0, 0, 0, 1, 1, 0, 1, 1, 0, 1, 1, 0, 1, 1, 0, 1, 0, 0], [1, 1, 0, 1, 1, 0, 1, 1, 0, 1, 0, 1, 1, 1, 0, 1, 1, 0, 1, 1, 0, 1, 1, 0, 1, 0, 0], [1, 1, 0, 1, 1, 0, 1, 1, 0, 1, 1, 0, 0, 0, 0, 1, 1, 0, 1, 1, 0, 1, 1, 0, 1, 0, 0], [1, 1, 0, 1, 1, 0, 1, 1, 0, 1, 1, 0, 1, 0, 1, 1, 1, 0, 1, 1, 0, 0, 0, 0, 1, 0, 0], [1, 1, 0, 1, 1, 0, 1, 1, 0, 1, 1, 0, 1, 0, 1, 1, 1, 0, 1, 1, 0, 1, 1, 0, 1, 0, 0], [1, 1, 0, 1, 1, 0, 1, 1, 0, 1, 1, 0, 1, 1, 0, 0, 0, 0, 1, 1, 0, 1, 1, 0, 1, 0, 0], [1, 1, 0, 1, 1, 0, 1, 1, 0, 1, 1, 0, 1, 1, 0, 1, 0, 1, 1, 1, 0, 1, 1, 0, 1, 0, 0], [1, 1, 0, 1, 1, 0, 1, 1, 0, 1, 1, 0, 1, 1, 0, 1, 1, 0, 0, 0, 0, 1, 1, 0, 1, 0, 0], [1, 1, 0, 1, 1, 0, 1, 1, 0, 1, 1, 0, 1, 1, 0, 1, 1, 0, 1, 0, 1, 1, 1, 0, 1, 0, 0], [1, 1, 0, 1, 1, 0, 1, 1, 0, 1, 1, 0, 1, 1, 0, 1, 1, 0, 1, 1, 0, 0, 0, 0, 1, 0, 0], [1, 1, 0, 1, 1, 0, 1, 1, 0, 1, 1, 0, 1, 1, 0, 1, 1, 0, 1, 1, 0, 1, 0, 1, 1, 0, 0], [1, 1, 0, 1, 1, 0, 1, 1, 0, 1, 1, 0, 1, 1, 0, 1, 1, 0, 1, 1, 0, 1, 1, 0, 1, 0, 0]]
[solve] probs=[0.01171875, 0.00390625, 0.015625, 0.00390625, 0.01171875, 0.00390625, 0.00390625, 0.0078125, 0.00390625, 0.0078125, 0.00390625, 0.015625, 0.01171875, 0.01953125, 0.015625, 0.00390625, 0.00390625, 0.0234375, 0.828125]
[choco-best] objective=None probability=None solution=None
[parallel 155/274] path=data/miplib_benders/qaoa_problems/nvars_09/supportcase6_ds_qaoa_c745_c747_0001.json status=ok wall=1332.7794931239914 peak_mb=468.6484375 choco_obj=
[problem] supportcase6_ds_qaoa_c745_c747_0004 path=data/miplib_benders/qaoa_problems/nvars_09/supportcase6_ds_qaoa_c745_c747_0004.json
[input] n_int=9 n_bin=27 n_constr=2
[input] A=[[1, 1, 0, 1, 1, 1, 1, 0, 1], [1, 1, 1, 1, 1, 1, 1, 1, 1]] b=[1, 1] c=[145944000, 144887000, 151847000, 150892000, 134333000, 145944000, 144887000, 151847000, 150892000]
[encoding]
  B100602(7) = B100602_7__b0 + 2*B100602_7__b1 + 4*B100602_7__b2
  B100608(7) = B100608_7__b0 + 2*B100608_7__b1 + 4*B100608_7__b2
  B100623(7) = B100623_7__b0 + 2*B100623_7__b1 + 4*B100623_7__b2
  B101029(7) = B101029_7__b0 + 2*B101029_7__b1 + 4*B101029_7__b2
  B101035(7) = B101035_7__b0 + 2*B101035_7__b1 + 4*B101035_7__b2
  B101037(7) = B101037_7__b0 + 2*B101037_7__b1 + 4*B101037_7__b2
  B101043(7) = B101043_7__b0 + 2*B101043_7__b1 + 4*B101043_7__b2
  B101058(7) = B101058_7__b0 + 2*B101058_7__b1 + 4*B101058_7__b2
  B101479(7) = B101479_7__b0 + 2*B101479_7__b1 + 4*B101479_7__b2
[expanded] A_binary=[[1, 2, 4, 1, 2, 4, 0, 0, 0, 1, 2, 4, 1, 2, 4, 1, 2, 4, 1, 2, 4, 0, 0, 0, 1, 2, 4], [1, 2, 4, 1, 2, 4, 1, 2, 4, 1, 2, 4, 1, 2, 4, 1, 2, 4, 1, 2, 4, 1, 2, 4, 1, 2, 4]] b=[1, 1]
[expanded] lin_constr_mtx=[[1, 2, 4, 1, 2, 4, 0, 0, 0, 1, 2, 4, 1, 2, 4, 1, 2, 4, 1, 2, 4, 0, 0, 0, 1, 2, 4, 1], [1, 2, 4, 1, 2, 4, 1, 2, 4, 1, 2, 4, 1, 2, 4, 1, 2, 4, 1, 2, 4, 1, 2, 4, 1, 2, 4, 1]]
Set parameter Username
[classical] objective=150892000.0 solution={'B100602(7)': 0, 'B100608(7)': 0, 'B100623(7)': 0, 'B101029(7)': 1, 'B101035(7)': 0, 'B101037(7)': 0, 'B101043(7)': 0, 'B101058(7)': 0, 'B101479(7)': 0}
[circuit] metrics=[269, 56, 120, 298]
[solve] start
[solve] states=[[1, 0, 0, 0, 1, 0, 1, 1, 0, 1, 1, 0, 1, 1, 0, 1, 1, 0, 1, 1, 0, 1, 1, 0, 1, 0, 0], [1, 0, 1, 1, 1, 0, 1, 1, 0, 1, 1, 0, 1, 1, 0, 1, 1, 0, 1, 0, 1, 1, 1, 0, 1, 0, 0], [1, 0, 1, 1, 1, 0, 1, 1, 0, 1, 1, 0, 1, 1, 0, 1, 1, 0, 1, 1, 0, 1, 1, 0, 1, 0, 0], [1, 1, 0, 0, 0, 0, 1, 0, 1, 1, 1, 0, 1, 1, 0, 1, 1, 0, 1, 1, 0, 1, 1, 0, 1, 0, 0], [1, 1, 0, 0, 0, 0, 1, 1, 0, 1, 1, 0, 1, 0, 1, 1, 1, 0, 1, 1, 0, 1, 1, 0, 1, 0, 0], [1, 1, 0, 0, 0, 0, 1, 1, 0, 1, 1, 0, 1, 1, 0, 1, 1, 0, 1, 1, 0, 1, 1, 0, 1, 0, 0], [1, 1, 0, 1, 0, 1, 1, 1, 0, 1, 1, 0, 1, 1, 0, 1, 1, 0, 1, 1, 0, 1, 1, 0, 1, 0, 0], [1, 1, 0, 1, 1, 0, 0, 0, 0, 1, 1, 0, 1, 1, 0, 0, 0, 0, 1, 1, 0, 1, 1, 0, 1, 0, 0], [1, 1, 0, 1, 1, 0, 0, 0, 0, 1, 1, 0, 1, 1, 0, 1, 0, 1, 1, 1, 0, 1, 1, 0, 1, 0, 0], [1, 1, 0, 1, 1, 0, 0, 0, 0, 1, 1, 0, 1, 1, 0, 1, 1, 0, 1, 1, 0, 1, 1, 0, 1, 0, 0], [1, 1, 0, 1, 1, 0, 1, 0, 1, 1, 1, 0, 1, 0, 1, 1, 1, 0, 1, 1, 0, 1, 1, 0, 1, 0, 0], [1, 1, 0, 1, 1, 0, 1, 0, 1, 1, 1, 0, 1, 1, 0, 1, 1, 0, 1, 1, 0, 1, 0, 1, 1, 0, 0], [1, 1, 0, 1, 1, 0, 1, 0, 1, 1, 1, 0, 1, 1, 0, 1, 1, 0, 1, 1, 0, 1, 1, 0, 1, 0, 0], [1, 1, 0, 1, 1, 0, 1, 1, 0, 0, 0, 0, 1, 1, 0, 1, 1, 0, 1, 1, 0, 1, 1, 0, 1, 0, 0], [1, 1, 0, 1, 1, 0, 1, 1, 0, 1, 0, 1, 1, 1, 0, 1, 1, 0, 1, 1, 0, 1, 1, 0, 1, 0, 0], [1, 1, 0, 1, 1, 0, 1, 1, 0, 1, 1, 0, 1, 0, 1, 1, 0, 1, 1, 1, 0, 1, 1, 0, 1, 0, 0], [1, 1, 0, 1, 1, 0, 1, 1, 0, 1, 1, 0, 1, 0, 1, 1, 1, 0, 1, 1, 0, 1, 1, 0, 1, 0, 0], [1, 1, 0, 1, 1, 0, 1, 1, 0, 1, 1, 0, 1, 1, 0, 0, 0, 0, 1, 1, 0, 1, 1, 0, 1, 0, 0], [1, 1, 0, 1, 1, 0, 1, 1, 0, 1, 1, 0, 1, 1, 0, 1, 0, 1, 1, 0, 1, 1, 1, 0, 1, 0, 0], [1, 1, 0, 1, 1, 0, 1, 1, 0, 1, 1, 0, 1, 1, 0, 1, 0, 1, 1, 1, 0, 1, 0, 1, 1, 0, 0], [1, 1, 0, 1, 1, 0, 1, 1, 0, 1, 1, 0, 1, 1, 0, 1, 0, 1, 1, 1, 0, 1, 1, 0, 1, 0, 0], [1, 1, 0, 1, 1, 0, 1, 1, 0, 1, 1, 0, 1, 1, 0, 1, 1, 0, 0, 0, 0, 1, 1, 0, 1, 0, 0], [1, 1, 0, 1, 1, 0, 1, 1, 0, 1, 1, 0, 1, 1, 0, 1, 1, 0, 1, 0, 1, 1, 1, 0, 1, 0, 0], [1, 1, 0, 1, 1, 0, 1, 1, 0, 1, 1, 0, 1, 1, 0, 1, 1, 0, 1, 1, 0, 0, 0, 0, 1, 0, 0], [1, 1, 0, 1, 1, 0, 1, 1, 0, 1, 1, 0, 1, 1, 0, 1, 1, 0, 1, 1, 0, 1, 0, 1, 1, 0, 0], [1, 1, 0, 1, 1, 0, 1, 1, 0, 1, 1, 0, 1, 1, 0, 1, 1, 0, 1, 1, 0, 1, 1, 0, 1, 0, 0]]
[solve] probs=[0.00390625, 0.00390625, 0.0078125, 0.00390625, 0.00390625, 0.0078125, 0.0078125, 0.00390625, 0.00390625, 0.02734375, 0.0078125, 0.00390625, 0.01171875, 0.0234375, 0.015625, 0.00390625, 0.02734375, 0.01171875, 0.00390625, 0.0078125, 0.0078125, 0.0078125, 0.015625, 0.02734375, 0.0234375, 0.7265625]
[choco-best] objective=None probability=None solution=None
[parallel 156/274] path=data/miplib_benders/qaoa_problems/nvars_09/supportcase6_ds_qaoa_c745_c747_0002.json status=ok wall=1213.6785963380244 peak_mb=411.18359375 choco_obj=
[problem] supportcase6_ds_qaoa_c745_c747_0005 path=data/miplib_benders/qaoa_problems/nvars_09/supportcase6_ds_qaoa_c745_c747_0005.json
[input] n_int=9 n_bin=27 n_constr=2
[input] A=[[1, 0, 1, 1, 1, 1, 0, 1, 1], [1, 1, 1, 1, 1, 1, 1, 1, 1]] b=[1, 1] c=[144887000, 151847000, 150892000, 134333000, 145944000, 144887000, 151847000, 150892000, 134333000]
[encoding]
  B100608(7) = B100608_7__b0 + 2*B100608_7__b1 + 4*B100608_7__b2
  B100623(7) = B100623_7__b0 + 2*B100623_7__b1 + 4*B100623_7__b2
  B101029(7) = B101029_7__b0 + 2*B101029_7__b1 + 4*B101029_7__b2
  B101035(7) = B101035_7__b0 + 2*B101035_7__b1 + 4*B101035_7__b2
  B101037(7) = B101037_7__b0 + 2*B101037_7__b1 + 4*B101037_7__b2
  B101043(7) = B101043_7__b0 + 2*B101043_7__b1 + 4*B101043_7__b2
  B101058(7) = B101058_7__b0 + 2*B101058_7__b1 + 4*B101058_7__b2
  B101479(7) = B101479_7__b0 + 2*B101479_7__b1 + 4*B101479_7__b2
  B101485(7) = B101485_7__b0 + 2*B101485_7__b1 + 4*B101485_7__b2
[expanded] A_binary=[[1, 2, 4, 0, 0, 0, 1, 2, 4, 1, 2, 4, 1, 2, 4, 1, 2, 4, 0, 0, 0, 1, 2, 4, 1, 2, 4], [1, 2, 4, 1, 2, 4, 1, 2, 4, 1, 2, 4, 1, 2, 4, 1, 2, 4, 1, 2, 4, 1, 2, 4, 1, 2, 4]] b=[1, 1]
[expanded] lin_constr_mtx=[[1, 2, 4, 0, 0, 0, 1, 2, 4, 1, 2, 4, 1, 2, 4, 1, 2, 4, 0, 0, 0, 1, 2, 4, 1, 2, 4, 1], [1, 2, 4, 1, 2, 4, 1, 2, 4, 1, 2, 4, 1, 2, 4, 1, 2, 4, 1, 2, 4, 1, 2, 4, 1, 2, 4, 1]]
Set parameter Username
[classical] objective=150892000.0 solution={'B100608(7)': 0, 'B100623(7)': 0, 'B101029(7)': 1, 'B101035(7)': 0, 'B101037(7)': 0, 'B101043(7)': 0, 'B101058(7)': 0, 'B101479(7)': 0, 'B101485(7)': 0}
[circuit] metrics=[269, 56, 120, 298]
[solve] start
[solve] states=[[1, 1, 0, 1, 1, 0, 1, 1, 0, 1, 1, 0, 1, 1, 0, 1, 1, 0, 1, 1, 0, 1, 0, 0, 0, 0, 0], [1, 1, 0, 1, 1, 0, 1, 1, 0, 1, 1, 0, 1, 1, 0, 1, 1, 0, 1, 1, 0, 1, 0, 0, 1, 1, 0]]
[solve] probs=[0.00390625, 0.99609375]
[choco-best] objective=None probability=None solution=None
[parallel 157/274] path=data/miplib_benders/qaoa_problems/nvars_09/supportcase6_ds_qaoa_c745_c747_0003.json status=ok wall=1027.6974837210728 peak_mb=411.87109375 choco_obj=
[problem] supportcase6_ds_qaoa_c745_c747_c759_0001 path=data/miplib_benders/qaoa_problems/nvars_09/supportcase6_ds_qaoa_c745_c747_c759_0001.json
[input] n_int=9 n_bin=27 n_constr=3
[input] A=[[0, 1, 1, 1, 1, 0, 1, 1, 1], [1, 1, 1, 1, 1, 1, 1, 1, 1], [1, 1, 0, 0, 0, 1, 1, 0, 0]] b=[1, 1, 1] c=[151847000, 150892000, 134333000, 145944000, 144887000, 151847000, 150892000, 134333000, 145944000]
[encoding]
  B100166(7) = B100166_7__b0 + 2*B100166_7__b1 + 4*B100166_7__b2
  B100594(7) = B100594_7__b0 + 2*B100594_7__b1 + 4*B100594_7__b2
  B100600(7) = B100600_7__b0 + 2*B100600_7__b1 + 4*B100600_7__b2
  B100602(7) = B100602_7__b0 + 2*B100602_7__b1 + 4*B100602_7__b2
  B100608(7) = B100608_7__b0 + 2*B100608_7__b1 + 4*B100608_7__b2
  B100623(7) = B100623_7__b0 + 2*B100623_7__b1 + 4*B100623_7__b2
  B101029(7) = B101029_7__b0 + 2*B101029_7__b1 + 4*B101029_7__b2
  B101035(7) = B101035_7__b0 + 2*B101035_7__b1 + 4*B101035_7__b2
  B101037(7) = B101037_7__b0 + 2*B101037_7__b1 + 4*B101037_7__b2
[expanded] A_binary=[[0, 0, 0, 1, 2, 4, 1, 2, 4, 1, 2, 4, 1, 2, 4, 0, 0, 0, 1, 2, 4, 1, 2, 4, 1, 2, 4], [1, 2, 4, 1, 2, 4, 1, 2, 4, 1, 2, 4, 1, 2, 4, 1, 2, 4, 1, 2, 4, 1, 2, 4, 1, 2, 4], [1, 2, 4, 1, 2, 4, 0, 0, 0, 0, 0, 0, 0, 0, 0, 1, 2, 4, 1, 2, 4, 0, 0, 0, 0, 0, 0]] b=[1, 1, 1]
[expanded] lin_constr_mtx=[[0, 0, 0, 1, 2, 4, 1, 2, 4, 1, 2, 4, 1, 2, 4, 0, 0, 0, 1, 2, 4, 1, 2, 4, 1, 2, 4, 1], [1, 2, 4, 1, 2, 4, 1, 2, 4, 1, 2, 4, 1, 2, 4, 1, 2, 4, 1, 2, 4, 1, 2, 4, 1, 2, 4, 1], [1, 2, 4, 1, 2, 4, 0, 0, 0, 0, 0, 0, 0, 0, 0, 1, 2, 4, 1, 2, 4, 0, 0, 0, 0, 0, 0, 1]]
Set parameter Username
[classical] objective=150892000.0 solution={'B100166(7)': 0, 'B100594(7)': 1, 'B100600(7)': 0, 'B100602(7)': 0, 'B100608(7)': 0, 'B100623(7)': 0, 'B101029(7)': 0, 'B101035(7)': 0, 'B101037(7)': 0}
[circuit] metrics=[189, 56, 84, 289]
[solve] start
[solve] states=[[1, 0, 1, 1, 1, 0, 1, 1, 0, 0, 0, 0, 1, 1, 0, 1, 1, 0, 1, 1, 0, 1, 1, 0, 1, 0, 0], [1, 0, 1, 1, 1, 0, 1, 1, 0, 1, 1, 0, 1, 1, 0, 1, 1, 0, 1, 1, 0, 1, 1, 0, 1, 0, 0], [1, 1, 0, 0, 0, 0, 1, 1, 0, 1, 1, 0, 1, 1, 0, 1, 1, 0, 1, 1, 0, 1, 1, 0, 1, 0, 0], [1, 1, 0, 1, 0, 1, 1, 1, 0, 1, 1, 0, 1, 1, 0, 1, 1, 0, 1, 1, 0, 1, 1, 0, 1, 0, 0], [1, 1, 0, 1, 1, 0, 1, 0, 1, 1, 1, 0, 1, 1, 0, 1, 1, 0, 1, 1, 0, 1, 1, 0, 1, 0, 0], [1, 1, 0, 1, 1, 0, 1, 1, 0, 0, 0, 0, 1, 1, 0, 1, 1, 0, 1, 1, 0, 1, 1, 0, 1, 0, 0], [1, 1, 0, 1, 1, 0, 1, 1, 0, 1, 0, 1, 1, 1, 0, 1, 1, 0, 1, 1, 0, 1, 1, 0, 1, 0, 0], [1, 1, 0, 1, 1, 0, 1, 1, 0, 1, 1, 0, 0, 0, 0, 0, 0, 0, 1, 1, 0, 1, 1, 0, 1, 0, 0], [1, 1, 0, 1, 1, 0, 1, 1, 0, 1, 1, 0, 1, 0, 1, 1, 1, 0, 1, 1, 0, 1, 1, 0, 1, 0, 0], [1, 1, 0, 1, 1, 0, 1, 1, 0, 1, 1, 0, 1, 1, 0, 0, 0, 0, 1, 1, 0, 1, 1, 0, 1, 0, 0], [1, 1, 0, 1, 1, 0, 1, 1, 0, 1, 1, 0, 1, 1, 0, 1, 0, 1, 1, 1, 0, 1, 1, 0, 1, 0, 0], [1, 1, 0, 1, 1, 0, 1, 1, 0, 1, 1, 0, 1, 1, 0, 1, 1, 0, 0, 0, 0, 1, 1, 0, 1, 0, 0], [1, 1, 0, 1, 1, 0, 1, 1, 0, 1, 1, 0, 1, 1, 0, 1, 1, 0, 1, 0, 1, 1, 1, 0, 1, 0, 0], [1, 1, 0, 1, 1, 0, 1, 1, 0, 1, 1, 0, 1, 1, 0, 1, 1, 0, 1, 1, 0, 0, 0, 0, 1, 0, 0], [1, 1, 0, 1, 1, 0, 1, 1, 0, 1, 1, 0, 1, 1, 0, 1, 1, 0, 1, 1, 0, 1, 0, 1, 1, 0, 0], [1, 1, 0, 1, 1, 0, 1, 1, 0, 1, 1, 0, 1, 1, 0, 1, 1, 0, 1, 1, 0, 1, 1, 0, 1, 0, 0]]
[solve] probs=[0.00390625, 0.0078125, 0.01953125, 0.01171875, 0.0234375, 0.01171875, 0.0078125, 0.00390625, 0.0078125, 0.0078125, 0.01171875, 0.01171875, 0.01171875, 0.01171875, 0.01171875, 0.8359375]
[choco-best] objective=None probability=None solution=None
[parallel 158/274] path=data/miplib_benders/qaoa_problems/nvars_09/supportcase6_ds_qaoa_c745_c747_0004.json status=ok wall=1304.362410502974 peak_mb=411.6640625 choco_obj=
[problem] supportcase6_ds_qaoa_c745_c747_c759_0002 path=data/miplib_benders/qaoa_problems/nvars_09/supportcase6_ds_qaoa_c745_c747_c759_0002.json
[input] n_int=9 n_bin=27 n_constr=3
[input] A=[[1, 1, 1, 1, 0, 1, 1, 1, 1], [1, 1, 1, 1, 1, 1, 1, 1, 1], [1, 0, 0, 0, 1, 1, 0, 0, 0]] b=[1, 1, 1] c=[150892000, 134333000, 145944000, 144887000, 151847000, 150892000, 134333000, 145944000, 144887000]
[encoding]
  B100594(7) = B100594_7__b0 + 2*B100594_7__b1 + 4*B100594_7__b2
  B100600(7) = B100600_7__b0 + 2*B100600_7__b1 + 4*B100600_7__b2
  B100602(7) = B100602_7__b0 + 2*B100602_7__b1 + 4*B100602_7__b2
  B100608(7) = B100608_7__b0 + 2*B100608_7__b1 + 4*B100608_7__b2
  B100623(7) = B100623_7__b0 + 2*B100623_7__b1 + 4*B100623_7__b2
  B101029(7) = B101029_7__b0 + 2*B101029_7__b1 + 4*B101029_7__b2
  B101035(7) = B101035_7__b0 + 2*B101035_7__b1 + 4*B101035_7__b2
  B101037(7) = B101037_7__b0 + 2*B101037_7__b1 + 4*B101037_7__b2
  B101043(7) = B101043_7__b0 + 2*B101043_7__b1 + 4*B101043_7__b2
[expanded] A_binary=[[1, 2, 4, 1, 2, 4, 1, 2, 4, 1, 2, 4, 0, 0, 0, 1, 2, 4, 1, 2, 4, 1, 2, 4, 1, 2, 4], [1, 2, 4, 1, 2, 4, 1, 2, 4, 1, 2, 4, 1, 2, 4, 1, 2, 4, 1, 2, 4, 1, 2, 4, 1, 2, 4], [1, 2, 4, 0, 0, 0, 0, 0, 0, 0, 0, 0, 1, 2, 4, 1, 2, 4, 0, 0, 0, 0, 0, 0, 0, 0, 0]] b=[1, 1, 1]
[expanded] lin_constr_mtx=[[1, 2, 4, 1, 2, 4, 1, 2, 4, 1, 2, 4, 0, 0, 0, 1, 2, 4, 1, 2, 4, 1, 2, 4, 1, 2, 4, 1], [1, 2, 4, 1, 2, 4, 1, 2, 4, 1, 2, 4, 1, 2, 4, 1, 2, 4, 1, 2, 4, 1, 2, 4, 1, 2, 4, 1], [1, 2, 4, 0, 0, 0, 0, 0, 0, 0, 0, 0, 1, 2, 4, 1, 2, 4, 0, 0, 0, 0, 0, 0, 0, 0, 0, 1]]
Set parameter Username
[classical] objective=150892000.0 solution={'B100594(7)': 0, 'B100600(7)': 0, 'B100602(7)': 0, 'B100608(7)': 0, 'B100623(7)': 0, 'B101029(7)': 1, 'B101035(7)': 0, 'B101037(7)': 0, 'B101043(7)': 0}
[circuit] metrics=[229, 56, 102, 289]
[solve] start
[solve] states=[[1, 0, 1, 1, 1, 0, 1, 1, 0, 1, 1, 0, 1, 1, 0, 1, 1, 0, 1, 1, 0, 1, 1, 0, 1, 0, 0], [1, 1, 0, 1, 0, 1, 1, 1, 0, 1, 1, 0, 1, 1, 0, 1, 1, 0, 1, 1, 0, 1, 1, 0, 1, 0, 0], [1, 1, 0, 1, 1, 0, 0, 0, 0, 1, 0, 1, 1, 1, 0, 1, 1, 0, 1, 1, 0, 1, 1, 0, 1, 0, 0], [1, 1, 0, 1, 1, 0, 0, 0, 0, 1, 1, 0, 1, 1, 0, 1, 1, 0, 1, 1, 0, 1, 1, 0, 1, 0, 0], [1, 1, 0, 1, 1, 0, 1, 0, 1, 1, 0, 1, 1, 1, 0, 1, 1, 0, 1, 1, 0, 1, 1, 0, 1, 0, 0], [1, 1, 0, 1, 1, 0, 1, 0, 1, 1, 1, 0, 1, 1, 0, 1, 1, 0, 1, 1, 0, 1, 0, 0, 0, 0, 0], [1, 1, 0, 1, 1, 0, 1, 0, 1, 1, 1, 0, 1, 1, 0, 1, 1, 0, 1, 1, 0, 1, 1, 0, 1, 0, 0], [1, 1, 0, 1, 1, 0, 1, 1, 0, 0, 0, 0, 1, 1, 0, 0, 0, 0, 1, 1, 0, 1, 1, 0, 1, 0, 0], [1, 1, 0, 1, 1, 0, 1, 1, 0, 0, 0, 0, 1, 1, 0, 1, 1, 0, 1, 1, 0, 1, 1, 0, 1, 0, 0], [1, 1, 0, 1, 1, 0, 1, 1, 0, 1, 0, 1, 1, 1, 0, 1, 1, 0, 1, 1, 0, 1, 1, 0, 1, 0, 0], [1, 1, 0, 1, 1, 0, 1, 1, 0, 1, 1, 0, 0, 0, 0, 1, 1, 0, 1, 1, 0, 1, 1, 0, 1, 0, 0], [1, 1, 0, 1, 1, 0, 1, 1, 0, 1, 1, 0, 1, 0, 1, 1, 1, 0, 1, 1, 0, 1, 1, 0, 1, 0, 0], [1, 1, 0, 1, 1, 0, 1, 1, 0, 1, 1, 0, 1, 1, 0, 0, 0, 0, 1, 1, 0, 1, 1, 0, 1, 0, 0], [1, 1, 0, 1, 1, 0, 1, 1, 0, 1, 1, 0, 1, 1, 0, 1, 0, 1, 1, 1, 0, 1, 1, 0, 1, 0, 0], [1, 1, 0, 1, 1, 0, 1, 1, 0, 1, 1, 0, 1, 1, 0, 1, 1, 0, 0, 0, 0, 1, 1, 0, 1, 0, 0], [1, 1, 0, 1, 1, 0, 1, 1, 0, 1, 1, 0, 1, 1, 0, 1, 1, 0, 1, 0, 1, 1, 1, 0, 1, 0, 0], [1, 1, 0, 1, 1, 0, 1, 1, 0, 1, 1, 0, 1, 1, 0, 1, 1, 0, 1, 1, 0, 0, 0, 0, 1, 0, 0], [1, 1, 0, 1, 1, 0, 1, 1, 0, 1, 1, 0, 1, 1, 0, 1, 1, 0, 1, 1, 0, 1, 0, 1, 1, 0, 0], [1, 1, 0, 1, 1, 0, 1, 1, 0, 1, 1, 0, 1, 1, 0, 1, 1, 0, 1, 1, 0, 1, 1, 0, 1, 0, 0]]
[solve] probs=[0.0078125, 0.0078125, 0.00390625, 0.00390625, 0.00390625, 0.00390625, 0.015625, 0.00390625, 0.0078125, 0.0078125, 0.01953125, 0.01953125, 0.01953125, 0.00390625, 0.00390625, 0.0078125, 0.01171875, 0.0078125, 0.83984375]
[choco-best] objective=None probability=None solution=None
[parallel 159/274] path=data/miplib_benders/qaoa_problems/nvars_09/supportcase6_ds_qaoa_c745_c747_0005.json status=ok wall=1130.0370229840046 peak_mb=479.11328125 choco_obj=
[problem] supportcase6_ds_qaoa_c745_c747_c759_0004 path=data/miplib_benders/qaoa_problems/nvars_09/supportcase6_ds_qaoa_c745_c747_c759_0004.json
[input] n_int=9 n_bin=27 n_constr=3
[input] A=[[1, 1, 0, 1, 1, 1, 1, 0, 1], [1, 1, 1, 1, 1, 1, 1, 1, 1], [0, 0, 1, 1, 0, 0, 0, 1, 1]] b=[1, 1, 1] c=[145944000, 144887000, 151847000, 150892000, 134333000, 145944000, 144887000, 151847000, 150892000]
[encoding]
  B100602(7) = B100602_7__b0 + 2*B100602_7__b1 + 4*B100602_7__b2
  B100608(7) = B100608_7__b0 + 2*B100608_7__b1 + 4*B100608_7__b2
  B100623(7) = B100623_7__b0 + 2*B100623_7__b1 + 4*B100623_7__b2
  B101029(7) = B101029_7__b0 + 2*B101029_7__b1 + 4*B101029_7__b2
  B101035(7) = B101035_7__b0 + 2*B101035_7__b1 + 4*B101035_7__b2
  B101037(7) = B101037_7__b0 + 2*B101037_7__b1 + 4*B101037_7__b2
  B101043(7) = B101043_7__b0 + 2*B101043_7__b1 + 4*B101043_7__b2
  B101058(7) = B101058_7__b0 + 2*B101058_7__b1 + 4*B101058_7__b2
  B101479(7) = B101479_7__b0 + 2*B101479_7__b1 + 4*B101479_7__b2
[expanded] A_binary=[[1, 2, 4, 1, 2, 4, 0, 0, 0, 1, 2, 4, 1, 2, 4, 1, 2, 4, 1, 2, 4, 0, 0, 0, 1, 2, 4], [1, 2, 4, 1, 2, 4, 1, 2, 4, 1, 2, 4, 1, 2, 4, 1, 2, 4, 1, 2, 4, 1, 2, 4, 1, 2, 4], [0, 0, 0, 0, 0, 0, 1, 2, 4, 1, 2, 4, 0, 0, 0, 0, 0, 0, 0, 0, 0, 1, 2, 4, 1, 2, 4]] b=[1, 1, 1]
[expanded] lin_constr_mtx=[[1, 2, 4, 1, 2, 4, 0, 0, 0, 1, 2, 4, 1, 2, 4, 1, 2, 4, 1, 2, 4, 0, 0, 0, 1, 2, 4, 1], [1, 2, 4, 1, 2, 4, 1, 2, 4, 1, 2, 4, 1, 2, 4, 1, 2, 4, 1, 2, 4, 1, 2, 4, 1, 2, 4, 1], [0, 0, 0, 0, 0, 0, 1, 2, 4, 1, 2, 4, 0, 0, 0, 0, 0, 0, 0, 0, 0, 1, 2, 4, 1, 2, 4, 1]]
Set parameter Username
[classical] objective=150892000.0 solution={'B100602(7)': 0, 'B100608(7)': 0, 'B100623(7)': 0, 'B101029(7)': 1, 'B101035(7)': 0, 'B101037(7)': 0, 'B101043(7)': 0, 'B101058(7)': 0, 'B101479(7)': 0}
[circuit] metrics=[189, 56, 84, 289]
[solve] start
[solve] states=[[1, 0, 1, 1, 1, 0, 1, 1, 0, 1, 1, 0, 1, 1, 0, 1, 1, 0, 1, 0, 0, 1, 1, 0, 1, 1, 0], [1, 1, 0, 1, 0, 1, 1, 1, 0, 1, 1, 0, 1, 1, 0, 1, 1, 0, 1, 0, 0, 1, 1, 0, 1, 1, 0], [1, 1, 0, 1, 1, 0, 1, 0, 1, 1, 1, 0, 1, 1, 0, 1, 1, 0, 1, 0, 0, 1, 1, 0, 1, 1, 0], [1, 1, 0, 1, 1, 0, 1, 1, 0, 0, 0, 0, 1, 1, 0, 1, 1, 0, 1, 0, 0, 1, 1, 0, 1, 1, 0], [1, 1, 0, 1, 1, 0, 1, 1, 0, 1, 0, 1, 1, 1, 0, 1, 1, 0, 1, 0, 0, 1, 1, 0, 1, 0, 1], [1, 1, 0, 1, 1, 0, 1, 1, 0, 1, 0, 1, 1, 1, 0, 1, 1, 0, 1, 0, 0, 1, 1, 0, 1, 1, 0], [1, 1, 0, 1, 1, 0, 1, 1, 0, 1, 1, 0, 0, 0, 0, 1, 1, 0, 1, 0, 0, 1, 1, 0, 1, 1, 0], [1, 1, 0, 1, 1, 0, 1, 1, 0, 1, 1, 0, 1, 0, 1, 1, 1, 0, 1, 0, 0, 1, 1, 0, 1, 1, 0], [1, 1, 0, 1, 1, 0, 1, 1, 0, 1, 1, 0, 1, 1, 0, 0, 0, 0, 1, 0, 0, 1, 1, 0, 1, 1, 0], [1, 1, 0, 1, 1, 0, 1, 1, 0, 1, 1, 0, 1, 1, 0, 1, 0, 1, 1, 0, 0, 1, 1, 0, 1, 1, 0], [1, 1, 0, 1, 1, 0, 1, 1, 0, 1, 1, 0, 1, 1, 0, 1, 1, 0, 1, 0, 0, 1, 0, 1, 0, 0, 0], [1, 1, 0, 1, 1, 0, 1, 1, 0, 1, 1, 0, 1, 1, 0, 1, 1, 0, 1, 0, 0, 1, 0, 1, 1, 1, 0], [1, 1, 0, 1, 1, 0, 1, 1, 0, 1, 1, 0, 1, 1, 0, 1, 1, 0, 1, 0, 0, 1, 1, 0, 0, 0, 0], [1, 1, 0, 1, 1, 0, 1, 1, 0, 1, 1, 0, 1, 1, 0, 1, 1, 0, 1, 0, 0, 1, 1, 0, 1, 1, 0]]
[solve] probs=[0.0078125, 0.0078125, 0.015625, 0.0078125, 0.00390625, 0.00390625, 0.01171875, 0.0078125, 0.0078125, 0.00390625, 0.00390625, 0.0078125, 0.01171875, 0.8984375]
[choco-best] objective=None probability=None solution=None
[parallel 160/274] path=data/miplib_benders/qaoa_problems/nvars_09/supportcase6_ds_qaoa_c745_c747_c759_0001.json status=ok wall=1307.4590109109413 peak_mb=411.9375 choco_obj=
[problem] supportcase6_ds_qaoa_c745_c747_c759_0005 path=data/miplib_benders/qaoa_problems/nvars_09/supportcase6_ds_qaoa_c745_c747_c759_0005.json
[input] n_int=9 n_bin=27 n_constr=3
[input] A=[[1, 0, 1, 1, 1, 1, 0, 1, 1], [1, 1, 1, 1, 1, 1, 1, 1, 1], [0, 1, 1, 0, 0, 0, 1, 1, 0]] b=[1, 1, 1] c=[144887000, 151847000, 150892000, 134333000, 145944000, 144887000, 151847000, 150892000, 134333000]
[encoding]
  B100608(7) = B100608_7__b0 + 2*B100608_7__b1 + 4*B100608_7__b2
  B100623(7) = B100623_7__b0 + 2*B100623_7__b1 + 4*B100623_7__b2
  B101029(7) = B101029_7__b0 + 2*B101029_7__b1 + 4*B101029_7__b2
  B101035(7) = B101035_7__b0 + 2*B101035_7__b1 + 4*B101035_7__b2
  B101037(7) = B101037_7__b0 + 2*B101037_7__b1 + 4*B101037_7__b2
  B101043(7) = B101043_7__b0 + 2*B101043_7__b1 + 4*B101043_7__b2
  B101058(7) = B101058_7__b0 + 2*B101058_7__b1 + 4*B101058_7__b2
  B101479(7) = B101479_7__b0 + 2*B101479_7__b1 + 4*B101479_7__b2
  B101485(7) = B101485_7__b0 + 2*B101485_7__b1 + 4*B101485_7__b2
[expanded] A_binary=[[1, 2, 4, 0, 0, 0, 1, 2, 4, 1, 2, 4, 1, 2, 4, 1, 2, 4, 0, 0, 0, 1, 2, 4, 1, 2, 4], [1, 2, 4, 1, 2, 4, 1, 2, 4, 1, 2, 4, 1, 2, 4, 1, 2, 4, 1, 2, 4, 1, 2, 4, 1, 2, 4], [0, 0, 0, 1, 2, 4, 1, 2, 4, 0, 0, 0, 0, 0, 0, 0, 0, 0, 1, 2, 4, 1, 2, 4, 0, 0, 0]] b=[1, 1, 1]
[expanded] lin_constr_mtx=[[1, 2, 4, 0, 0, 0, 1, 2, 4, 1, 2, 4, 1, 2, 4, 1, 2, 4, 0, 0, 0, 1, 2, 4, 1, 2, 4, 1], [1, 2, 4, 1, 2, 4, 1, 2, 4, 1, 2, 4, 1, 2, 4, 1, 2, 4, 1, 2, 4, 1, 2, 4, 1, 2, 4, 1], [0, 0, 0, 1, 2, 4, 1, 2, 4, 0, 0, 0, 0, 0, 0, 0, 0, 0, 1, 2, 4, 1, 2, 4, 0, 0, 0, 1]]
Set parameter Username
[classical] objective=150892000.0 solution={'B100608(7)': 0, 'B100623(7)': 0, 'B101029(7)': 1, 'B101035(7)': 0, 'B101037(7)': 0, 'B101043(7)': 0, 'B101058(7)': 0, 'B101479(7)': 0, 'B101485(7)': 0}
[circuit] metrics=[189, 56, 84, 289]
[solve] start
[solve] states=[[1, 0, 0, 1, 1, 0, 1, 1, 0, 0, 1, 0, 1, 0, 1, 1, 1, 0, 1, 1, 0, 1, 1, 0, 1, 0, 0], [1, 0, 0, 1, 1, 0, 1, 1, 0, 0, 1, 0, 1, 1, 0, 0, 0, 0, 1, 1, 0, 1, 1, 0, 1, 0, 0], [1, 0, 1, 1, 0, 1, 1, 1, 0, 1, 1, 0, 1, 1, 0, 0, 0, 0, 1, 0, 1, 1, 1, 0, 1, 0, 0], [1, 0, 1, 1, 1, 0, 1, 0, 1, 1, 1, 0, 1, 1, 0, 1, 1, 0, 1, 1, 0, 1, 1, 0, 1, 0, 0], [1, 0, 1, 1, 1, 0, 1, 1, 0, 0, 0, 0, 1, 1, 0, 1, 1, 0, 1, 1, 0, 1, 1, 0, 1, 0, 0], [1, 0, 1, 1, 1, 0, 1, 1, 0, 1, 0, 1, 1, 0, 1, 1, 1, 0, 1, 1, 0, 1, 1, 0, 1, 0, 0], [1, 0, 1, 1, 1, 0, 1, 1, 0, 1, 0, 1, 1, 1, 0, 1, 1, 0, 1, 1, 0, 1, 1, 0, 1, 0, 0], [1, 0, 1, 1, 1, 0, 1, 1, 0, 1, 1, 0, 0, 0, 0, 1, 0, 1, 1, 1, 0, 1, 0, 1, 1, 0, 0], [1, 0, 1, 1, 1, 0, 1, 1, 0, 1, 1, 0, 1, 1, 0, 1, 1, 0, 1, 0, 1, 1, 1, 0, 1, 0, 0], [1, 0, 1, 1, 1, 0, 1, 1, 0, 1, 1, 0, 1, 1, 0, 1, 1, 0, 1, 1, 0, 1, 1, 0, 1, 0, 0], [1, 1, 0, 0, 1, 0, 1, 1, 0, 1, 1, 0, 1, 1, 0, 1, 1, 0, 1, 0, 0, 1, 1, 0, 1, 0, 0], [1, 1, 0, 1, 0, 0, 1, 1, 0, 1, 0, 1, 1, 1, 0, 1, 1, 0, 0, 1, 0, 1, 1, 0, 1, 0, 0], [1, 1, 0, 1, 0, 1, 1, 0, 1, 1, 1, 0, 0, 0, 0, 1, 1, 0, 1, 1, 0, 1, 1, 0, 1, 0, 0], [1, 1, 0, 1, 0, 1, 1, 1, 0, 0, 0, 0, 1, 1, 0, 1, 1, 0, 1, 1, 0, 1, 0, 1, 1, 0, 0], [1, 1, 0, 1, 0, 1, 1, 1, 0, 0, 0, 0, 1, 1, 0, 1, 1, 0, 1, 1, 0, 1, 1, 0, 1, 0, 0], [1, 1, 0, 1, 0, 1, 1, 1, 0, 1, 0, 1, 1, 1, 0, 1, 1, 0, 1, 1, 0, 1, 1, 0, 1, 0, 0], [1, 1, 0, 1, 0, 1, 1, 1, 0, 1, 1, 0, 1, 1, 0, 0, 0, 0, 1, 0, 1, 1, 1, 0, 1, 0, 0], [1, 1, 0, 1, 0, 1, 1, 1, 0, 1, 1, 0, 1, 1, 0, 1, 0, 1, 1, 1, 0, 0, 0, 0, 1, 0, 0], [1, 1, 0, 1, 0, 1, 1, 1, 0, 1, 1, 0, 1, 1, 0, 1, 1, 0, 1, 1, 0, 1, 1, 0, 1, 0, 0], [1, 1, 0, 1, 1, 0, 1, 0, 1, 0, 0, 0, 1, 1, 0, 1, 1, 0, 1, 1, 0, 1, 1, 0, 1, 0, 0], [1, 1, 0, 1, 1, 0, 1, 0, 1, 1, 1, 0, 0, 0, 0, 1, 1, 0, 1, 1, 0, 1, 1, 0, 1, 0, 0], [1, 1, 0, 1, 1, 0, 1, 0, 1, 1, 1, 0, 1, 0, 1, 0, 0, 0, 1, 1, 0, 1, 1, 0, 1, 0, 0], [1, 1, 0, 1, 1, 0, 1, 0, 1, 1, 1, 0, 1, 0, 1, 1, 1, 0, 1, 1, 0, 1, 1, 0, 1, 0, 0], [1, 1, 0, 1, 1, 0, 1, 0, 1, 1, 1, 0, 1, 1, 0, 0, 0, 0, 1, 1, 0, 1, 1, 0, 1, 0, 0], [1, 1, 0, 1, 1, 0, 1, 0, 1, 1, 1, 0, 1, 1, 0, 1, 0, 1, 1, 0, 1, 1, 1, 0, 1, 0, 0], [1, 1, 0, 1, 1, 0, 1, 0, 1, 1, 1, 0, 1, 1, 0, 1, 0, 1, 1, 1, 0, 1, 1, 0, 1, 0, 0], [1, 1, 0, 1, 1, 0, 1, 0, 1, 1, 1, 0, 1, 1, 0, 1, 1, 0, 0, 0, 0, 1, 1, 0, 1, 0, 0], [1, 1, 0, 1, 1, 0, 1, 0, 1, 1, 1, 0, 1, 1, 0, 1, 1, 0, 1, 1, 0, 0, 0, 0, 1, 0, 0], [1, 1, 0, 1, 1, 0, 1, 0, 1, 1, 1, 0, 1, 1, 0, 1, 1, 0, 1, 1, 0, 1, 1, 0, 1, 0, 0], [1, 1, 0, 1, 1, 0, 1, 1, 0, 0, 0, 0, 1, 0, 1, 1, 1, 0, 1, 1, 0, 1, 1, 0, 1, 0, 0], [1, 1, 0, 1, 1, 0, 1, 1, 0, 0, 0, 0, 1, 1, 0, 0, 0, 0, 1, 1, 0, 1, 1, 0, 1, 0, 0], [1, 1, 0, 1, 1, 0, 1, 1, 0, 0, 0, 0, 1, 1, 0, 1, 1, 0, 1, 0, 1, 1, 1, 0, 1, 0, 0], [1, 1, 0, 1, 1, 0, 1, 1, 0, 0, 0, 0, 1, 1, 0, 1, 1, 0, 1, 1, 0, 0, 0, 0, 1, 0, 0], [1, 1, 0, 1, 1, 0, 1, 1, 0, 0, 0, 0, 1, 1, 0, 1, 1, 0, 1, 1, 0, 1, 0, 1, 1, 0, 0], [1, 1, 0, 1, 1, 0, 1, 1, 0, 0, 0, 0, 1, 1, 0, 1, 1, 0, 1, 1, 0, 1, 1, 0, 1, 0, 0], [1, 1, 0, 1, 1, 0, 1, 1, 0, 1, 0, 0, 1, 1, 0, 0, 1, 0, 1, 1, 0, 0, 0, 0, 1, 0, 0], [1, 1, 0, 1, 1, 0, 1, 1, 0, 1, 0, 0, 1, 1, 0, 0, 1, 0, 1, 1, 0, 1, 1, 0, 1, 0, 0], [1, 1, 0, 1, 1, 0, 1, 1, 0, 1, 0, 1, 1, 1, 0, 0, 0, 0, 1, 1, 0, 1, 1, 0, 1, 0, 0], [1, 1, 0, 1, 1, 0, 1, 1, 0, 1, 0, 1, 1, 1, 0, 1, 0, 1, 1, 1, 0, 1, 1, 0, 1, 0, 0], [1, 1, 0, 1, 1, 0, 1, 1, 0, 1, 0, 1, 1, 1, 0, 1, 1, 0, 1, 0, 1, 1, 1, 0, 1, 0, 0], [1, 1, 0, 1, 1, 0, 1, 1, 0, 1, 0, 1, 1, 1, 0, 1, 1, 0, 1, 1, 0, 1, 1, 0, 1, 0, 0], [1, 1, 0, 1, 1, 0, 1, 1, 0, 1, 1, 0, 0, 0, 0, 1, 1, 0, 0, 0, 0, 1, 1, 0, 1, 0, 0], [1, 1, 0, 1, 1, 0, 1, 1, 0, 1, 1, 0, 0, 0, 0, 1, 1, 0, 1, 1, 0, 0, 0, 0, 1, 0, 0], [1, 1, 0, 1, 1, 0, 1, 1, 0, 1, 1, 0, 0, 0, 0, 1, 1, 0, 1, 1, 0, 1, 1, 0, 1, 0, 0], [1, 1, 0, 1, 1, 0, 1, 1, 0, 1, 1, 0, 1, 0, 0, 1, 1, 0, 1, 1, 0, 0, 0, 1, 1, 0, 0], [1, 1, 0, 1, 1, 0, 1, 1, 0, 1, 1, 0, 1, 0, 0, 1, 1, 0, 1, 1, 0, 0, 1, 0, 1, 0, 0], [1, 1, 0, 1, 1, 0, 1, 1, 0, 1, 1, 0, 1, 0, 1, 1, 0, 1, 1, 1, 0, 1, 1, 0, 1, 0, 0], [1, 1, 0, 1, 1, 0, 1, 1, 0, 1, 1, 0, 1, 0, 1, 1, 1, 0, 0, 0, 0, 1, 1, 0, 1, 0, 0], [1, 1, 0, 1, 1, 0, 1, 1, 0, 1, 1, 0, 1, 0, 1, 1, 1, 0, 1, 0, 1, 1, 1, 0, 1, 0, 0], [1, 1, 0, 1, 1, 0, 1, 1, 0, 1, 1, 0, 1, 0, 1, 1, 1, 0, 1, 1, 0, 1, 1, 0, 1, 0, 0], [1, 1, 0, 1, 1, 0, 1, 1, 0, 1, 1, 0, 1, 1, 0, 0, 0, 0, 1, 1, 0, 0, 0, 0, 1, 0, 0], [1, 1, 0, 1, 1, 0, 1, 1, 0, 1, 1, 0, 1, 1, 0, 0, 0, 0, 1, 1, 0, 1, 0, 1, 1, 0, 0], [1, 1, 0, 1, 1, 0, 1, 1, 0, 1, 1, 0, 1, 1, 0, 0, 0, 0, 1, 1, 0, 1, 1, 0, 1, 0, 0], [1, 1, 0, 1, 1, 0, 1, 1, 0, 1, 1, 0, 1, 1, 0, 1, 0, 1, 0, 0, 0, 0, 0, 0, 1, 0, 0], [1, 1, 0, 1, 1, 0, 1, 1, 0, 1, 1, 0, 1, 1, 0, 1, 0, 1, 1, 0, 1, 1, 1, 0, 1, 0, 0], [1, 1, 0, 1, 1, 0, 1, 1, 0, 1, 1, 0, 1, 1, 0, 1, 0, 1, 1, 1, 0, 0, 0, 0, 1, 0, 0], [1, 1, 0, 1, 1, 0, 1, 1, 0, 1, 1, 0, 1, 1, 0, 1, 0, 1, 1, 1, 0, 1, 0, 1, 1, 0, 0], [1, 1, 0, 1, 1, 0, 1, 1, 0, 1, 1, 0, 1, 1, 0, 1, 0, 1, 1, 1, 0, 1, 1, 0, 1, 0, 0], [1, 1, 0, 1, 1, 0, 1, 1, 0, 1, 1, 0, 1, 1, 0, 1, 1, 0, 0, 0, 0, 0, 0, 0, 1, 0, 0], [1, 1, 0, 1, 1, 0, 1, 1, 0, 1, 1, 0, 1, 1, 0, 1, 1, 0, 0, 0, 0, 1, 0, 1, 1, 0, 0], [1, 1, 0, 1, 1, 0, 1, 1, 0, 1, 1, 0, 1, 1, 0, 1, 1, 0, 0, 0, 0, 1, 1, 0, 1, 0, 0], [1, 1, 0, 1, 1, 0, 1, 1, 0, 1, 1, 0, 1, 1, 0, 1, 1, 0, 1, 0, 1, 1, 1, 0, 1, 0, 0], [1, 1, 0, 1, 1, 0, 1, 1, 0, 1, 1, 0, 1, 1, 0, 1, 1, 0, 1, 1, 0, 0, 0, 0, 1, 0, 0], [1, 1, 0, 1, 1, 0, 1, 1, 0, 1, 1, 0, 1, 1, 0, 1, 1, 0, 1, 1, 0, 1, 0, 1, 1, 0, 0], [1, 1, 0, 1, 1, 0, 1, 1, 0, 1, 1, 0, 1, 1, 0, 1, 1, 0, 1, 1, 0, 1, 1, 0, 1, 0, 0]]
[solve] probs=[0.00390625, 0.00390625, 0.00390625, 0.00390625, 0.0078125, 0.00390625, 0.00390625, 0.00390625, 0.00390625, 0.01953125, 0.00390625, 0.00390625, 0.00390625, 0.00390625, 0.00390625, 0.0078125, 0.00390625, 0.00390625, 0.03125, 0.00390625, 0.00390625, 0.00390625, 0.00390625, 0.00390625, 0.00390625, 0.00390625, 0.00390625, 0.00390625, 0.0234375, 0.0078125, 0.00390625, 0.00390625, 0.00390625, 0.00390625, 0.0234375, 0.00390625, 0.0078125, 0.00390625, 0.01171875, 0.0078125, 0.03125, 0.00390625, 0.0078125, 0.03515625, 0.00390625, 0.0078125, 0.00390625, 0.01171875, 0.00390625, 0.01953125, 0.00390625, 0.01171875, 0.046875, 0.00390625, 0.00390625, 0.0078125, 0.0078125, 0.03515625, 0.00390625, 0.0078125, 0.03515625, 0.0234375, 0.03515625, 0.0234375, 0.35546875]
[choco-best] objective=None probability=None solution=None
[parallel 161/274] path=data/miplib_benders/qaoa_problems/nvars_09/supportcase6_ds_qaoa_c733_c745_c747_0005.json status=ok wall=3504.513633193914 peak_mb=412.99609375 choco_obj=
[problem] supportcase6_ds_qaoa_c747_c759_0001 path=data/miplib_benders/qaoa_problems/nvars_09/supportcase6_ds_qaoa_c747_c759_0001.json
[input] n_int=9 n_bin=27 n_constr=2
[input] A=[[1, 1, 1, 1, 1, 1, 1, 1, 1], [1, 1, 0, 0, 0, 1, 1, 0, 0]] b=[1, 1] c=[151847000, 150892000, 134333000, 145944000, 144887000, 151847000, 150892000, 134333000, 145944000]
[encoding]
  B100166(7) = B100166_7__b0 + 2*B100166_7__b1 + 4*B100166_7__b2
  B100594(7) = B100594_7__b0 + 2*B100594_7__b1 + 4*B100594_7__b2
  B100600(7) = B100600_7__b0 + 2*B100600_7__b1 + 4*B100600_7__b2
  B100602(7) = B100602_7__b0 + 2*B100602_7__b1 + 4*B100602_7__b2
  B100608(7) = B100608_7__b0 + 2*B100608_7__b1 + 4*B100608_7__b2
  B100623(7) = B100623_7__b0 + 2*B100623_7__b1 + 4*B100623_7__b2
  B101029(7) = B101029_7__b0 + 2*B101029_7__b1 + 4*B101029_7__b2
  B101035(7) = B101035_7__b0 + 2*B101035_7__b1 + 4*B101035_7__b2
  B101037(7) = B101037_7__b0 + 2*B101037_7__b1 + 4*B101037_7__b2
[expanded] A_binary=[[1, 2, 4, 1, 2, 4, 1, 2, 4, 1, 2, 4, 1, 2, 4, 1, 2, 4, 1, 2, 4, 1, 2, 4, 1, 2, 4], [1, 2, 4, 1, 2, 4, 0, 0, 0, 0, 0, 0, 0, 0, 0, 1, 2, 4, 1, 2, 4, 0, 0, 0, 0, 0, 0]] b=[1, 1]
[expanded] lin_constr_mtx=[[1, 2, 4, 1, 2, 4, 1, 2, 4, 1, 2, 4, 1, 2, 4, 1, 2, 4, 1, 2, 4, 1, 2, 4, 1, 2, 4, 1], [1, 2, 4, 1, 2, 4, 0, 0, 0, 0, 0, 0, 0, 0, 0, 1, 2, 4, 1, 2, 4, 0, 0, 0, 0, 0, 0, 1]]
Set parameter Username
[classical] objective=151847000.0 solution={'B100166(7)': 1, 'B100594(7)': 0, 'B100600(7)': 0, 'B100602(7)': 0, 'B100608(7)': 0, 'B100623(7)': 0, 'B101029(7)': 0, 'B101035(7)': 0, 'B101037(7)': 0}
[circuit] metrics=[189, 56, 84, 298]
[solve] start
[solve] states=[[1, 0, 1, 1, 1, 0, 1, 1, 0, 1, 1, 0, 1, 1, 0, 1, 0, 0, 1, 1, 0, 1, 1, 0, 1, 1, 0], [1, 1, 0, 1, 0, 1, 1, 1, 0, 1, 1, 0, 1, 1, 0, 1, 0, 0, 1, 1, 0, 1, 1, 0, 1, 1, 0], [1, 1, 0, 1, 1, 0, 0, 0, 0, 1, 1, 0, 1, 1, 0, 1, 0, 0, 1, 1, 0, 1, 1, 0, 1, 1, 0], [1, 1, 0, 1, 1, 0, 1, 0, 1, 1, 1, 0, 1, 1, 0, 1, 0, 0, 1, 1, 0, 1, 0, 0, 0, 1, 0], [1, 1, 0, 1, 1, 0, 1, 0, 1, 1, 1, 0, 1, 1, 0, 1, 0, 0, 1, 1, 0, 1, 1, 0, 1, 1, 0], [1, 1, 0, 1, 1, 0, 1, 1, 0, 0, 0, 0, 1, 1, 0, 1, 0, 0, 1, 1, 0, 1, 1, 0, 1, 1, 0], [1, 1, 0, 1, 1, 0, 1, 1, 0, 1, 0, 1, 1, 0, 1, 1, 0, 0, 1, 1, 0, 1, 1, 0, 1, 1, 0], [1, 1, 0, 1, 1, 0, 1, 1, 0, 1, 0, 1, 1, 1, 0, 1, 0, 0, 1, 1, 0, 1, 1, 0, 0, 0, 0], [1, 1, 0, 1, 1, 0, 1, 1, 0, 1, 0, 1, 1, 1, 0, 1, 0, 0, 1, 1, 0, 1, 1, 0, 1, 1, 0], [1, 1, 0, 1, 1, 0, 1, 1, 0, 1, 1, 0, 1, 0, 1, 1, 0, 0, 1, 1, 0, 0, 0, 0, 1, 1, 0], [1, 1, 0, 1, 1, 0, 1, 1, 0, 1, 1, 0, 1, 0, 1, 1, 0, 0, 1, 1, 0, 1, 1, 0, 1, 1, 0], [1, 1, 0, 1, 1, 0, 1, 1, 0, 1, 1, 0, 1, 1, 0, 1, 0, 0, 0, 0, 0, 1, 1, 0, 1, 1, 0], [1, 1, 0, 1, 1, 0, 1, 1, 0, 1, 1, 0, 1, 1, 0, 1, 0, 0, 1, 0, 1, 1, 1, 0, 1, 1, 0], [1, 1, 0, 1, 1, 0, 1, 1, 0, 1, 1, 0, 1, 1, 0, 1, 0, 0, 1, 1, 0, 1, 1, 0, 0, 0, 0], [1, 1, 0, 1, 1, 0, 1, 1, 0, 1, 1, 0, 1, 1, 0, 1, 0, 0, 1, 1, 0, 1, 1, 0, 1, 0, 1], [1, 1, 0, 1, 1, 0, 1, 1, 0, 1, 1, 0, 1, 1, 0, 1, 0, 0, 1, 1, 0, 1, 1, 0, 1, 1, 0]]
[solve] probs=[0.01953125, 0.01171875, 0.00390625, 0.00390625, 0.015625, 0.01171875, 0.00390625, 0.00390625, 0.0078125, 0.00390625, 0.00390625, 0.02734375, 0.00390625, 0.0078125, 0.01171875, 0.859375]
[choco-best] objective=None probability=None solution=None
[parallel 162/274] path=data/miplib_benders/qaoa_problems/nvars_09/supportcase6_ds_qaoa_c745_c747_c759_0002.json status=ok wall=1479.9254216810223 peak_mb=411.22265625 choco_obj=
[problem] supportcase6_ds_qaoa_c747_c759_0002 path=data/miplib_benders/qaoa_problems/nvars_09/supportcase6_ds_qaoa_c747_c759_0002.json
[input] n_int=9 n_bin=27 n_constr=2
[input] A=[[1, 1, 1, 1, 1, 1, 1, 1, 1], [1, 0, 0, 0, 1, 1, 0, 0, 0]] b=[1, 1] c=[150892000, 134333000, 145944000, 144887000, 151847000, 150892000, 134333000, 145944000, 144887000]
[encoding]
  B100594(7) = B100594_7__b0 + 2*B100594_7__b1 + 4*B100594_7__b2
  B100600(7) = B100600_7__b0 + 2*B100600_7__b1 + 4*B100600_7__b2
  B100602(7) = B100602_7__b0 + 2*B100602_7__b1 + 4*B100602_7__b2
  B100608(7) = B100608_7__b0 + 2*B100608_7__b1 + 4*B100608_7__b2
  B100623(7) = B100623_7__b0 + 2*B100623_7__b1 + 4*B100623_7__b2
  B101029(7) = B101029_7__b0 + 2*B101029_7__b1 + 4*B101029_7__b2
  B101035(7) = B101035_7__b0 + 2*B101035_7__b1 + 4*B101035_7__b2
  B101037(7) = B101037_7__b0 + 2*B101037_7__b1 + 4*B101037_7__b2
  B101043(7) = B101043_7__b0 + 2*B101043_7__b1 + 4*B101043_7__b2
[expanded] A_binary=[[1, 2, 4, 1, 2, 4, 1, 2, 4, 1, 2, 4, 1, 2, 4, 1, 2, 4, 1, 2, 4, 1, 2, 4, 1, 2, 4], [1, 2, 4, 0, 0, 0, 0, 0, 0, 0, 0, 0, 1, 2, 4, 1, 2, 4, 0, 0, 0, 0, 0, 0, 0, 0, 0]] b=[1, 1]
[expanded] lin_constr_mtx=[[1, 2, 4, 1, 2, 4, 1, 2, 4, 1, 2, 4, 1, 2, 4, 1, 2, 4, 1, 2, 4, 1, 2, 4, 1, 2, 4, 1], [1, 2, 4, 0, 0, 0, 0, 0, 0, 0, 0, 0, 1, 2, 4, 1, 2, 4, 0, 0, 0, 0, 0, 0, 0, 0, 0, 1]]
Set parameter Username
[classical] objective=151847000.0 solution={'B100594(7)': 0, 'B100600(7)': 0, 'B100602(7)': 0, 'B100608(7)': 0, 'B100623(7)': 1, 'B101029(7)': 0, 'B101035(7)': 0, 'B101037(7)': 0, 'B101043(7)': 0}
[circuit] metrics=[229, 56, 102, 298]
[solve] start
[solve] states=[[1, 0, 1, 1, 1, 0, 1, 1, 0, 1, 1, 0, 1, 1, 0, 1, 0, 1, 1, 0, 0, 1, 1, 0, 1, 1, 0], [1, 0, 1, 1, 1, 0, 1, 1, 0, 1, 1, 0, 1, 1, 0, 1, 1, 0, 1, 0, 0, 1, 1, 0, 1, 1, 0], [1, 1, 0, 0, 0, 0, 1, 1, 0, 1, 1, 0, 1, 1, 0, 1, 1, 0, 1, 0, 0, 1, 1, 0, 1, 1, 0], [1, 1, 0, 1, 0, 1, 1, 1, 0, 1, 1, 0, 1, 1, 0, 1, 1, 0, 1, 0, 0, 1, 1, 0, 1, 1, 0], [1, 1, 0, 1, 1, 0, 1, 0, 1, 1, 1, 0, 1, 1, 0, 1, 1, 0, 1, 0, 0, 1, 0, 1, 1, 1, 0], [1, 1, 0, 1, 1, 0, 1, 0, 1, 1, 1, 0, 1, 1, 0, 1, 1, 0, 1, 0, 0, 1, 1, 0, 1, 1, 0], [1, 1, 0, 1, 1, 0, 1, 1, 0, 0, 0, 0, 1, 1, 0, 1, 1, 0, 1, 0, 0, 1, 1, 0, 0, 0, 0], [1, 1, 0, 1, 1, 0, 1, 1, 0, 0, 0, 0, 1, 1, 0, 1, 1, 0, 1, 0, 0, 1, 1, 0, 1, 1, 0], [1, 1, 0, 1, 1, 0, 1, 1, 0, 1, 0, 1, 1, 0, 1, 1, 1, 0, 1, 0, 0, 1, 1, 0, 1, 1, 0], [1, 1, 0, 1, 1, 0, 1, 1, 0, 1, 0, 1, 1, 1, 0, 1, 1, 0, 1, 0, 0, 1, 1, 0, 1, 1, 0], [1, 1, 0, 1, 1, 0, 1, 1, 0, 1, 1, 0, 0, 0, 0, 1, 1, 0, 1, 0, 0, 1, 1, 0, 1, 0, 1], [1, 1, 0, 1, 1, 0, 1, 1, 0, 1, 1, 0, 0, 0, 0, 1, 1, 0, 1, 0, 0, 1, 1, 0, 1, 1, 0], [1, 1, 0, 1, 1, 0, 1, 1, 0, 1, 1, 0, 1, 0, 1, 1, 1, 0, 1, 0, 0, 1, 1, 0, 1, 1, 0], [1, 1, 0, 1, 1, 0, 1, 1, 0, 1, 1, 0, 1, 1, 0, 0, 0, 0, 1, 0, 0, 1, 1, 0, 1, 1, 0], [1, 1, 0, 1, 1, 0, 1, 1, 0, 1, 1, 0, 1, 1, 0, 1, 0, 1, 1, 0, 0, 1, 1, 0, 1, 0, 1], [1, 1, 0, 1, 1, 0, 1, 1, 0, 1, 1, 0, 1, 1, 0, 1, 0, 1, 1, 0, 0, 1, 1, 0, 1, 1, 0], [1, 1, 0, 1, 1, 0, 1, 1, 0, 1, 1, 0, 1, 1, 0, 1, 1, 0, 1, 0, 0, 0, 0, 0, 1, 1, 0], [1, 1, 0, 1, 1, 0, 1, 1, 0, 1, 1, 0, 1, 1, 0, 1, 1, 0, 1, 0, 0, 1, 0, 1, 1, 1, 0], [1, 1, 0, 1, 1, 0, 1, 1, 0, 1, 1, 0, 1, 1, 0, 1, 1, 0, 1, 0, 0, 1, 1, 0, 0, 0, 0], [1, 1, 0, 1, 1, 0, 1, 1, 0, 1, 1, 0, 1, 1, 0, 1, 1, 0, 1, 0, 0, 1, 1, 0, 1, 0, 1], [1, 1, 0, 1, 1, 0, 1, 1, 0, 1, 1, 0, 1, 1, 0, 1, 1, 0, 1, 0, 0, 1, 1, 0, 1, 1, 0]]
[solve] probs=[0.00390625, 0.00390625, 0.00390625, 0.0078125, 0.0078125, 0.015625, 0.00390625, 0.0078125, 0.00390625, 0.015625, 0.00390625, 0.01171875, 0.0078125, 0.015625, 0.00390625, 0.01953125, 0.0078125, 0.0078125, 0.01171875, 0.0234375, 0.8125]
[choco-best] objective=None probability=None solution=None
[parallel 163/274] path=data/miplib_benders/qaoa_problems/nvars_09/supportcase6_ds_qaoa_c747_c759_0001.json status=ok wall=928.9928114480572 peak_mb=411.4296875 choco_obj=
[problem] supportcase6_ds_qaoa_c747_c759_0003 path=data/miplib_benders/qaoa_problems/nvars_09/supportcase6_ds_qaoa_c747_c759_0003.json
[input] n_int=9 n_bin=27 n_constr=2
[input] A=[[1, 1, 1, 1, 1, 1, 1, 1, 1], [0, 0, 0, 1, 1, 0, 0, 0, 1]] b=[1, 1] c=[134333000, 145944000, 144887000, 151847000, 150892000, 134333000, 145944000, 144887000, 151847000]
[encoding]
  B100600(7) = B100600_7__b0 + 2*B100600_7__b1 + 4*B100600_7__b2
  B100602(7) = B100602_7__b0 + 2*B100602_7__b1 + 4*B100602_7__b2
  B100608(7) = B100608_7__b0 + 2*B100608_7__b1 + 4*B100608_7__b2
  B100623(7) = B100623_7__b0 + 2*B100623_7__b1 + 4*B100623_7__b2
  B101029(7) = B101029_7__b0 + 2*B101029_7__b1 + 4*B101029_7__b2
  B101035(7) = B101035_7__b0 + 2*B101035_7__b1 + 4*B101035_7__b2
  B101037(7) = B101037_7__b0 + 2*B101037_7__b1 + 4*B101037_7__b2
  B101043(7) = B101043_7__b0 + 2*B101043_7__b1 + 4*B101043_7__b2
  B101058(7) = B101058_7__b0 + 2*B101058_7__b1 + 4*B101058_7__b2
[expanded] A_binary=[[1, 2, 4, 1, 2, 4, 1, 2, 4, 1, 2, 4, 1, 2, 4, 1, 2, 4, 1, 2, 4, 1, 2, 4, 1, 2, 4], [0, 0, 0, 0, 0, 0, 0, 0, 0, 1, 2, 4, 1, 2, 4, 0, 0, 0, 0, 0, 0, 0, 0, 0, 1, 2, 4]] b=[1, 1]
[expanded] lin_constr_mtx=[[1, 2, 4, 1, 2, 4, 1, 2, 4, 1, 2, 4, 1, 2, 4, 1, 2, 4, 1, 2, 4, 1, 2, 4, 1, 2, 4, 1], [0, 0, 0, 0, 0, 0, 0, 0, 0, 1, 2, 4, 1, 2, 4, 0, 0, 0, 0, 0, 0, 0, 0, 0, 1, 2, 4, 1]]
Set parameter Username
[classical] objective=151847000.0 solution={'B100600(7)': 0, 'B100602(7)': 0, 'B100608(7)': 0, 'B100623(7)': 1, 'B101029(7)': 0, 'B101035(7)': 0, 'B101037(7)': 0, 'B101043(7)': 0, 'B101058(7)': 0}
[circuit] metrics=[229, 56, 102, 298]
[solve] start
[solve] states=[[1, 0, 1, 1, 0, 1, 1, 1, 0, 1, 1, 0, 1, 1, 0, 1, 1, 0, 1, 1, 0, 1, 0, 0, 1, 1, 0], [1, 0, 1, 1, 1, 0, 1, 1, 0, 1, 1, 0, 1, 1, 0, 1, 1, 0, 1, 1, 0, 1, 0, 0, 0, 0, 0], [1, 0, 1, 1, 1, 0, 1, 1, 0, 1, 1, 0, 1, 1, 0, 1, 1, 0, 1, 1, 0, 1, 0, 0, 1, 1, 0], [1, 1, 0, 1, 0, 1, 1, 1, 0, 1, 1, 0, 1, 1, 0, 1, 0, 1, 1, 1, 0, 1, 0, 0, 1, 1, 0], [1, 1, 0, 1, 1, 0, 1, 0, 1, 0, 0, 0, 1, 1, 0, 1, 1, 0, 1, 1, 0, 1, 0, 0, 1, 1, 0], [1, 1, 0, 1, 1, 0, 1, 0, 1, 1, 1, 0, 1, 1, 0, 1, 1, 0, 1, 1, 0, 1, 0, 0, 1, 1, 0], [1, 1, 0, 1, 1, 0, 1, 1, 0, 0, 0, 0, 1, 1, 0, 1, 1, 0, 1, 1, 0, 1, 0, 0, 1, 1, 0], [1, 1, 0, 1, 1, 0, 1, 1, 0, 1, 0, 1, 1, 1, 0, 1, 1, 0, 1, 1, 0, 1, 0, 0, 1, 1, 0], [1, 1, 0, 1, 1, 0, 1, 1, 0, 1, 1, 0, 0, 0, 0, 1, 1, 0, 1, 1, 0, 1, 0, 0, 1, 1, 0], [1, 1, 0, 1, 1, 0, 1, 1, 0, 1, 1, 0, 1, 0, 1, 1, 1, 0, 1, 1, 0, 1, 0, 0, 1, 1, 0], [1, 1, 0, 1, 1, 0, 1, 1, 0, 1, 1, 0, 1, 1, 0, 0, 0, 0, 1, 1, 0, 1, 0, 0, 1, 1, 0], [1, 1, 0, 1, 1, 0, 1, 1, 0, 1, 1, 0, 1, 1, 0, 1, 0, 0, 1, 1, 0, 1, 0, 0, 0, 1, 0], [1, 1, 0, 1, 1, 0, 1, 1, 0, 1, 1, 0, 1, 1, 0, 1, 0, 1, 1, 1, 0, 1, 0, 0, 1, 1, 0], [1, 1, 0, 1, 1, 0, 1, 1, 0, 1, 1, 0, 1, 1, 0, 1, 1, 0, 0, 0, 0, 1, 0, 0, 1, 1, 0], [1, 1, 0, 1, 1, 0, 1, 1, 0, 1, 1, 0, 1, 1, 0, 1, 1, 0, 1, 0, 1, 1, 0, 0, 1, 1, 0], [1, 1, 0, 1, 1, 0, 1, 1, 0, 1, 1, 0, 1, 1, 0, 1, 1, 0, 1, 1, 0, 1, 0, 0, 0, 0, 0], [1, 1, 0, 1, 1, 0, 1, 1, 0, 1, 1, 0, 1, 1, 0, 1, 1, 0, 1, 1, 0, 1, 0, 0, 1, 0, 1], [1, 1, 0, 1, 1, 0, 1, 1, 0, 1, 1, 0, 1, 1, 0, 1, 1, 0, 1, 1, 0, 1, 0, 0, 1, 1, 0]]
[solve] probs=[0.00390625, 0.00390625, 0.015625, 0.00390625, 0.00390625, 0.01953125, 0.02734375, 0.0078125, 0.015625, 0.01953125, 0.02734375, 0.00390625, 0.00390625, 0.01171875, 0.00390625, 0.00390625, 0.00390625, 0.8203125]
[choco-best] objective=None probability=None solution=None
[parallel 164/274] path=data/miplib_benders/qaoa_problems/nvars_09/supportcase6_ds_qaoa_c745_c747_c759_0005.json status=ok wall=1513.1237019289983 peak_mb=411.515625 choco_obj=
[problem] supportcase6_ds_qaoa_c747_c759_0004 path=data/miplib_benders/qaoa_problems/nvars_09/supportcase6_ds_qaoa_c747_c759_0004.json
[input] n_int=9 n_bin=27 n_constr=2
[input] A=[[1, 1, 1, 1, 1, 1, 1, 1, 1], [0, 0, 1, 1, 0, 0, 0, 1, 1]] b=[1, 1] c=[145944000, 144887000, 151847000, 150892000, 134333000, 145944000, 144887000, 151847000, 150892000]
[encoding]
  B100602(7) = B100602_7__b0 + 2*B100602_7__b1 + 4*B100602_7__b2
  B100608(7) = B100608_7__b0 + 2*B100608_7__b1 + 4*B100608_7__b2
  B100623(7) = B100623_7__b0 + 2*B100623_7__b1 + 4*B100623_7__b2
  B101029(7) = B101029_7__b0 + 2*B101029_7__b1 + 4*B101029_7__b2
  B101035(7) = B101035_7__b0 + 2*B101035_7__b1 + 4*B101035_7__b2
  B101037(7) = B101037_7__b0 + 2*B101037_7__b1 + 4*B101037_7__b2
  B101043(7) = B101043_7__b0 + 2*B101043_7__b1 + 4*B101043_7__b2
  B101058(7) = B101058_7__b0 + 2*B101058_7__b1 + 4*B101058_7__b2
  B101479(7) = B101479_7__b0 + 2*B101479_7__b1 + 4*B101479_7__b2
[expanded] A_binary=[[1, 2, 4, 1, 2, 4, 1, 2, 4, 1, 2, 4, 1, 2, 4, 1, 2, 4, 1, 2, 4, 1, 2, 4, 1, 2, 4], [0, 0, 0, 0, 0, 0, 1, 2, 4, 1, 2, 4, 0, 0, 0, 0, 0, 0, 0, 0, 0, 1, 2, 4, 1, 2, 4]] b=[1, 1]
[expanded] lin_constr_mtx=[[1, 2, 4, 1, 2, 4, 1, 2, 4, 1, 2, 4, 1, 2, 4, 1, 2, 4, 1, 2, 4, 1, 2, 4, 1, 2, 4, 1], [0, 0, 0, 0, 0, 0, 1, 2, 4, 1, 2, 4, 0, 0, 0, 0, 0, 0, 0, 0, 0, 1, 2, 4, 1, 2, 4, 1]]
Set parameter Username
[classical] objective=151847000.0 solution={'B100602(7)': 0, 'B100608(7)': 0, 'B100623(7)': 1, 'B101029(7)': 0, 'B101035(7)': 0, 'B101037(7)': 0, 'B101043(7)': 0, 'B101058(7)': 0, 'B101479(7)': 0}
[circuit] metrics=[189, 56, 84, 298]
[solve] start
[solve] states=[[1, 1, 0, 1, 0, 1, 1, 1, 0, 1, 1, 0, 1, 1, 0, 1, 0, 0, 1, 1, 0, 1, 1, 0, 1, 1, 0], [1, 1, 0, 1, 1, 0, 0, 0, 0, 1, 1, 0, 1, 1, 0, 1, 0, 0, 1, 1, 0, 1, 1, 0, 1, 1, 0], [1, 1, 0, 1, 1, 0, 1, 0, 1, 1, 1, 0, 1, 1, 0, 1, 0, 0, 1, 1, 0, 1, 1, 0, 1, 1, 0], [1, 1, 0, 1, 1, 0, 1, 1, 0, 1, 1, 0, 0, 0, 0, 1, 0, 0, 1, 1, 0, 1, 1, 0, 1, 1, 0], [1, 1, 0, 1, 1, 0, 1, 1, 0, 1, 1, 0, 1, 1, 0, 1, 0, 0, 0, 0, 0, 1, 1, 0, 1, 1, 0], [1, 1, 0, 1, 1, 0, 1, 1, 0, 1, 1, 0, 1, 1, 0, 1, 0, 0, 1, 1, 0, 1, 0, 1, 1, 1, 0], [1, 1, 0, 1, 1, 0, 1, 1, 0, 1, 1, 0, 1, 1, 0, 1, 0, 0, 1, 1, 0, 1, 1, 0, 0, 0, 0], [1, 1, 0, 1, 1, 0, 1, 1, 0, 1, 1, 0, 1, 1, 0, 1, 0, 0, 1, 1, 0, 1, 1, 0, 1, 0, 1], [1, 1, 0, 1, 1, 0, 1, 1, 0, 1, 1, 0, 1, 1, 0, 1, 0, 0, 1, 1, 0, 1, 1, 0, 1, 1, 0]]
[solve] probs=[0.00390625, 0.00390625, 0.00390625, 0.00390625, 0.0078125, 0.0078125, 0.00390625, 0.00390625, 0.9609375]
[choco-best] objective=None probability=None solution=None
[parallel 165/274] path=data/miplib_benders/qaoa_problems/nvars_09/supportcase6_ds_qaoa_c747_c759_0002.json status=ok wall=1044.2150172500405 peak_mb=478.18359375 choco_obj=
[problem] supportcase6_ds_qaoa_c747_c759_0005 path=data/miplib_benders/qaoa_problems/nvars_09/supportcase6_ds_qaoa_c747_c759_0005.json
[input] n_int=9 n_bin=27 n_constr=2
[input] A=[[1, 1, 1, 1, 1, 1, 1, 1, 1], [0, 1, 1, 0, 0, 0, 1, 1, 0]] b=[1, 1] c=[144887000, 151847000, 150892000, 134333000, 145944000, 144887000, 151847000, 150892000, 134333000]
[encoding]
  B100608(7) = B100608_7__b0 + 2*B100608_7__b1 + 4*B100608_7__b2
  B100623(7) = B100623_7__b0 + 2*B100623_7__b1 + 4*B100623_7__b2
  B101029(7) = B101029_7__b0 + 2*B101029_7__b1 + 4*B101029_7__b2
  B101035(7) = B101035_7__b0 + 2*B101035_7__b1 + 4*B101035_7__b2
  B101037(7) = B101037_7__b0 + 2*B101037_7__b1 + 4*B101037_7__b2
  B101043(7) = B101043_7__b0 + 2*B101043_7__b1 + 4*B101043_7__b2
  B101058(7) = B101058_7__b0 + 2*B101058_7__b1 + 4*B101058_7__b2
  B101479(7) = B101479_7__b0 + 2*B101479_7__b1 + 4*B101479_7__b2
  B101485(7) = B101485_7__b0 + 2*B101485_7__b1 + 4*B101485_7__b2
[expanded] A_binary=[[1, 2, 4, 1, 2, 4, 1, 2, 4, 1, 2, 4, 1, 2, 4, 1, 2, 4, 1, 2, 4, 1, 2, 4, 1, 2, 4], [0, 0, 0, 1, 2, 4, 1, 2, 4, 0, 0, 0, 0, 0, 0, 0, 0, 0, 1, 2, 4, 1, 2, 4, 0, 0, 0]] b=[1, 1]
[expanded] lin_constr_mtx=[[1, 2, 4, 1, 2, 4, 1, 2, 4, 1, 2, 4, 1, 2, 4, 1, 2, 4, 1, 2, 4, 1, 2, 4, 1, 2, 4, 1], [0, 0, 0, 1, 2, 4, 1, 2, 4, 0, 0, 0, 0, 0, 0, 0, 0, 0, 1, 2, 4, 1, 2, 4, 0, 0, 0, 1]]
Set parameter Username
[classical] objective=151847000.0 solution={'B100608(7)': 0, 'B100623(7)': 1, 'B101029(7)': 0, 'B101035(7)': 0, 'B101037(7)': 0, 'B101043(7)': 0, 'B101058(7)': 0, 'B101479(7)': 0, 'B101485(7)': 0}
[circuit] metrics=[189, 56, 84, 298]
[solve] start
[solve] states=[[1, 1, 0, 1, 0, 1, 1, 1, 0, 1, 1, 0, 1, 1, 0, 1, 1, 0, 1, 1, 0, 1, 1, 0, 1, 0, 0], [1, 1, 0, 1, 1, 0, 0, 0, 0, 1, 1, 0, 1, 1, 0, 1, 1, 0, 1, 1, 0, 1, 1, 0, 1, 0, 0], [1, 1, 0, 1, 1, 0, 1, 1, 0, 1, 0, 1, 1, 1, 0, 1, 1, 0, 1, 1, 0, 1, 1, 0, 1, 0, 0], [1, 1, 0, 1, 1, 0, 1, 1, 0, 1, 1, 0, 0, 0, 0, 1, 1, 0, 1, 1, 0, 1, 1, 0, 1, 0, 0], [1, 1, 0, 1, 1, 0, 1, 1, 0, 1, 1, 0, 1, 0, 1, 1, 1, 0, 1, 1, 0, 1, 1, 0, 1, 0, 0], [1, 1, 0, 1, 1, 0, 1, 1, 0, 1, 1, 0, 1, 1, 0, 0, 0, 0, 1, 1, 0, 1, 1, 0, 1, 0, 0], [1, 1, 0, 1, 1, 0, 1, 1, 0, 1, 1, 0, 1, 1, 0, 1, 0, 1, 1, 1, 0, 1, 1, 0, 1, 0, 0], [1, 1, 0, 1, 1, 0, 1, 1, 0, 1, 1, 0, 1, 1, 0, 1, 1, 0, 0, 0, 0, 1, 1, 0, 1, 0, 0], [1, 1, 0, 1, 1, 0, 1, 1, 0, 1, 1, 0, 1, 1, 0, 1, 1, 0, 1, 0, 1, 1, 1, 0, 1, 0, 0], [1, 1, 0, 1, 1, 0, 1, 1, 0, 1, 1, 0, 1, 1, 0, 1, 1, 0, 1, 1, 0, 0, 0, 0, 1, 0, 0], [1, 1, 0, 1, 1, 0, 1, 1, 0, 1, 1, 0, 1, 1, 0, 1, 1, 0, 1, 1, 0, 1, 0, 1, 1, 0, 0], [1, 1, 0, 1, 1, 0, 1, 1, 0, 1, 1, 0, 1, 1, 0, 1, 1, 0, 1, 1, 0, 1, 1, 0, 1, 0, 0]]
[solve] probs=[0.01171875, 0.01171875, 0.01171875, 0.0078125, 0.00390625, 0.01171875, 0.00390625, 0.0078125, 0.00390625, 0.0078125, 0.00390625, 0.9140625]
[choco-best] objective=None probability=None solution=None
[parallel 166/274] path=data/miplib_benders/qaoa_problems/nvars_09/supportcase6_ds_qaoa_c747_c759_0003.json status=ok wall=1267.4592902159784 peak_mb=411.078125 choco_obj=
[problem] supportcase6_ds_qaoa_c747_c759_c762_0001 path=data/miplib_benders/qaoa_problems/nvars_09/supportcase6_ds_qaoa_c747_c759_c762_0001.json
[input] n_int=9 n_bin=27 n_constr=3
[input] A=[[1, 1, 1, 1, 1, 1, 1, 1, 1], [1, 1, 0, 0, 0, 1, 1, 0, 0], [1, 0, 0, 1, 1, 1, 0, 0, 1]] b=[1, 1, 1] c=[151847000, 150892000, 134333000, 145944000, 144887000, 151847000, 150892000, 134333000, 145944000]
[encoding]
  B100166(7) = B100166_7__b0 + 2*B100166_7__b1 + 4*B100166_7__b2
  B100594(7) = B100594_7__b0 + 2*B100594_7__b1 + 4*B100594_7__b2
  B100600(7) = B100600_7__b0 + 2*B100600_7__b1 + 4*B100600_7__b2
  B100602(7) = B100602_7__b0 + 2*B100602_7__b1 + 4*B100602_7__b2
  B100608(7) = B100608_7__b0 + 2*B100608_7__b1 + 4*B100608_7__b2
  B100623(7) = B100623_7__b0 + 2*B100623_7__b1 + 4*B100623_7__b2
  B101029(7) = B101029_7__b0 + 2*B101029_7__b1 + 4*B101029_7__b2
  B101035(7) = B101035_7__b0 + 2*B101035_7__b1 + 4*B101035_7__b2
  B101037(7) = B101037_7__b0 + 2*B101037_7__b1 + 4*B101037_7__b2
[expanded] A_binary=[[1, 2, 4, 1, 2, 4, 1, 2, 4, 1, 2, 4, 1, 2, 4, 1, 2, 4, 1, 2, 4, 1, 2, 4, 1, 2, 4], [1, 2, 4, 1, 2, 4, 0, 0, 0, 0, 0, 0, 0, 0, 0, 1, 2, 4, 1, 2, 4, 0, 0, 0, 0, 0, 0], [1, 2, 4, 0, 0, 0, 0, 0, 0, 1, 2, 4, 1, 2, 4, 1, 2, 4, 0, 0, 0, 0, 0, 0, 1, 2, 4]] b=[1, 1, 1]
[expanded] lin_constr_mtx=[[1, 2, 4, 1, 2, 4, 1, 2, 4, 1, 2, 4, 1, 2, 4, 1, 2, 4, 1, 2, 4, 1, 2, 4, 1, 2, 4, 1], [1, 2, 4, 1, 2, 4, 0, 0, 0, 0, 0, 0, 0, 0, 0, 1, 2, 4, 1, 2, 4, 0, 0, 0, 0, 0, 0, 1], [1, 2, 4, 0, 0, 0, 0, 0, 0, 1, 2, 4, 1, 2, 4, 1, 2, 4, 0, 0, 0, 0, 0, 0, 1, 2, 4, 1]]
Set parameter Username
[classical] objective=151847000.0 solution={'B100166(7)': 1, 'B100594(7)': 0, 'B100600(7)': 0, 'B100602(7)': 0, 'B100608(7)': 0, 'B100623(7)': 0, 'B101029(7)': 0, 'B101035(7)': 0, 'B101037(7)': 0}
[circuit] metrics=[801, 56, 330, 859]
[solve] start
[solve] states=[[0, 1, 0, 1, 1, 0, 1, 1, 0, 1, 1, 0, 1, 1, 0, 1, 1, 0, 1, 0, 0, 1, 1, 0, 1, 0, 0], [1, 0, 1, 1, 1, 0, 1, 1, 0, 1, 1, 0, 1, 0, 0, 0, 1, 0, 1, 1, 0, 1, 1, 0, 1, 0, 0], [1, 0, 1, 1, 1, 0, 1, 1, 0, 1, 1, 0, 1, 1, 0, 1, 0, 1, 1, 1, 0, 1, 1, 0, 1, 0, 0], [1, 0, 1, 1, 1, 0, 1, 1, 0, 1, 1, 0, 1, 1, 0, 1, 1, 0, 1, 1, 0, 1, 1, 0, 1, 0, 0], [1, 1, 0, 0, 0, 0, 1, 1, 0, 1, 1, 0, 0, 0, 0, 1, 1, 0, 1, 1, 0, 1, 1, 0, 1, 0, 0], [1, 1, 0, 0, 0, 0, 1, 1, 0, 1, 1, 0, 1, 1, 0, 1, 1, 0, 0, 0, 0, 1, 1, 0, 1, 0, 0], [1, 1, 0, 0, 0, 0, 1, 1, 0, 1, 1, 0, 1, 1, 0, 1, 1, 0, 1, 0, 1, 1, 1, 0, 1, 0, 0], [1, 1, 0, 0, 0, 0, 1, 1, 0, 1, 1, 0, 1, 1, 0, 1, 1, 0, 1, 1, 0, 1, 1, 0, 1, 0, 0], [1, 1, 0, 1, 0, 1, 1, 0, 1, 1, 1, 0, 1, 1, 0, 1, 1, 0, 0, 0, 0, 1, 1, 0, 1, 0, 0], [1, 1, 0, 1, 0, 1, 1, 1, 0, 1, 1, 0, 1, 1, 0, 1, 1, 0, 1, 0, 1, 1, 0, 1, 1, 0, 0], [1, 1, 0, 1, 0, 1, 1, 1, 0, 1, 1, 0, 1, 1, 0, 1, 1, 0, 1, 0, 1, 1, 1, 0, 1, 0, 0], [1, 1, 0, 1, 0, 1, 1, 1, 0, 1, 1, 0, 1, 1, 0, 1, 1, 0, 1, 1, 0, 0, 0, 0, 1, 0, 0], [1, 1, 0, 1, 0, 1, 1, 1, 0, 1, 1, 0, 1, 1, 0, 1, 1, 0, 1, 1, 0, 1, 1, 0, 1, 0, 0], [1, 1, 0, 1, 1, 0, 1, 0, 1, 1, 0, 1, 1, 1, 0, 1, 1, 0, 1, 1, 0, 0, 0, 0, 1, 0, 0], [1, 1, 0, 1, 1, 0, 1, 0, 1, 1, 0, 1, 1, 1, 0, 1, 1, 0, 1, 1, 0, 1, 1, 0, 1, 0, 0], [1, 1, 0, 1, 1, 0, 1, 0, 1, 1, 1, 0, 1, 1, 0, 0, 0, 0, 1, 1, 0, 1, 1, 0, 1, 0, 0], [1, 1, 0, 1, 1, 0, 1, 0, 1, 1, 1, 0, 1, 1, 0, 1, 1, 0, 1, 1, 0, 0, 0, 0, 1, 0, 0], [1, 1, 0, 1, 1, 0, 1, 0, 1, 1, 1, 0, 1, 1, 0, 1, 1, 0, 1, 1, 0, 1, 1, 0, 1, 0, 0], [1, 1, 0, 1, 1, 0, 1, 1, 0, 1, 0, 0, 1, 1, 0, 1, 1, 0, 1, 1, 0, 1, 1, 0, 0, 0, 0], [1, 1, 0, 1, 1, 0, 1, 1, 0, 1, 0, 1, 1, 1, 0, 1, 0, 1, 1, 1, 0, 1, 1, 0, 1, 0, 0], [1, 1, 0, 1, 1, 0, 1, 1, 0, 1, 0, 1, 1, 1, 0, 1, 1, 0, 1, 1, 0, 0, 0, 0, 1, 0, 0], [1, 1, 0, 1, 1, 0, 1, 1, 0, 1, 0, 1, 1, 1, 0, 1, 1, 0, 1, 1, 0, 1, 1, 0, 1, 0, 0], [1, 1, 0, 1, 1, 0, 1, 1, 0, 1, 1, 0, 0, 0, 0, 1, 1, 0, 0, 0, 0, 1, 1, 0, 1, 0, 0], [1, 1, 0, 1, 1, 0, 1, 1, 0, 1, 1, 0, 0, 0, 0, 1, 1, 0, 1, 1, 0, 0, 0, 0, 1, 0, 0], [1, 1, 0, 1, 1, 0, 1, 1, 0, 1, 1, 0, 0, 0, 0, 1, 1, 0, 1, 1, 0, 1, 1, 0, 1, 0, 0], [1, 1, 0, 1, 1, 0, 1, 1, 0, 1, 1, 0, 1, 0, 1, 1, 1, 0, 1, 1, 0, 0, 0, 0, 1, 0, 0], [1, 1, 0, 1, 1, 0, 1, 1, 0, 1, 1, 0, 1, 0, 1, 1, 1, 0, 1, 1, 0, 1, 0, 1, 1, 0, 0], [1, 1, 0, 1, 1, 0, 1, 1, 0, 1, 1, 0, 1, 0, 1, 1, 1, 0, 1, 1, 0, 1, 1, 0, 1, 0, 0], [1, 1, 0, 1, 1, 0, 1, 1, 0, 1, 1, 0, 1, 1, 0, 0, 0, 0, 1, 1, 0, 0, 0, 0, 1, 0, 0], [1, 1, 0, 1, 1, 0, 1, 1, 0, 1, 1, 0, 1, 1, 0, 0, 0, 0, 1, 1, 0, 1, 0, 1, 1, 0, 0], [1, 1, 0, 1, 1, 0, 1, 1, 0, 1, 1, 0, 1, 1, 0, 0, 0, 0, 1, 1, 0, 1, 1, 0, 1, 0, 0], [1, 1, 0, 1, 1, 0, 1, 1, 0, 1, 1, 0, 1, 1, 0, 1, 0, 1, 1, 0, 1, 1, 1, 0, 1, 0, 0], [1, 1, 0, 1, 1, 0, 1, 1, 0, 1, 1, 0, 1, 1, 0, 1, 0, 1, 1, 1, 0, 1, 1, 0, 1, 0, 0], [1, 1, 0, 1, 1, 0, 1, 1, 0, 1, 1, 0, 1, 1, 0, 1, 1, 0, 0, 0, 0, 0, 0, 0, 1, 0, 0], [1, 1, 0, 1, 1, 0, 1, 1, 0, 1, 1, 0, 1, 1, 0, 1, 1, 0, 0, 0, 0, 1, 1, 0, 1, 0, 0], [1, 1, 0, 1, 1, 0, 1, 1, 0, 1, 1, 0, 1, 1, 0, 1, 1, 0, 1, 0, 1, 1, 1, 0, 1, 0, 0], [1, 1, 0, 1, 1, 0, 1, 1, 0, 1, 1, 0, 1, 1, 0, 1, 1, 0, 1, 1, 0, 0, 0, 0, 1, 0, 0], [1, 1, 0, 1, 1, 0, 1, 1, 0, 1, 1, 0, 1, 1, 0, 1, 1, 0, 1, 1, 0, 1, 0, 1, 1, 0, 0], [1, 1, 0, 1, 1, 0, 1, 1, 0, 1, 1, 0, 1, 1, 0, 1, 1, 0, 1, 1, 0, 1, 1, 0, 1, 0, 0]]
[solve] probs=[0.00390625, 0.00390625, 0.00390625, 0.02734375, 0.00390625, 0.00390625, 0.00390625, 0.02734375, 0.00390625, 0.00390625, 0.00390625, 0.00390625, 0.02734375, 0.00390625, 0.00390625, 0.00390625, 0.00390625, 0.04296875, 0.00390625, 0.00390625, 0.00390625, 0.0078125, 0.00390625, 0.00390625, 0.0234375, 0.00390625, 0.00390625, 0.01171875, 0.00390625, 0.0078125, 0.01171875, 0.00390625, 0.01171875, 0.00390625, 0.01953125, 0.02734375, 0.04296875, 0.01953125, 0.59765625]
[choco-best] objective=None probability=None solution=None
[parallel 167/274] path=data/miplib_benders/qaoa_problems/nvars_09/supportcase6_ds_qaoa_c745_c747_c759_0004.json status=ok wall=2835.179241043981 peak_mb=412.69140625 choco_obj=
[problem] supportcase6_ds_qaoa_c747_c759_c762_0003 path=data/miplib_benders/qaoa_problems/nvars_09/supportcase6_ds_qaoa_c747_c759_c762_0003.json
[input] n_int=9 n_bin=27 n_constr=3
[input] A=[[1, 1, 1, 1, 1, 1, 1, 1, 1], [0, 0, 0, 1, 1, 0, 0, 0, 1], [0, 1, 1, 1, 0, 0, 1, 1, 1]] b=[1, 1, 1] c=[134333000, 145944000, 144887000, 151847000, 150892000, 134333000, 145944000, 144887000, 151847000]
[encoding]
  B100600(7) = B100600_7__b0 + 2*B100600_7__b1 + 4*B100600_7__b2
  B100602(7) = B100602_7__b0 + 2*B100602_7__b1 + 4*B100602_7__b2
  B100608(7) = B100608_7__b0 + 2*B100608_7__b1 + 4*B100608_7__b2
  B100623(7) = B100623_7__b0 + 2*B100623_7__b1 + 4*B100623_7__b2
  B101029(7) = B101029_7__b0 + 2*B101029_7__b1 + 4*B101029_7__b2
  B101035(7) = B101035_7__b0 + 2*B101035_7__b1 + 4*B101035_7__b2
  B101037(7) = B101037_7__b0 + 2*B101037_7__b1 + 4*B101037_7__b2
  B101043(7) = B101043_7__b0 + 2*B101043_7__b1 + 4*B101043_7__b2
  B101058(7) = B101058_7__b0 + 2*B101058_7__b1 + 4*B101058_7__b2
[expanded] A_binary=[[1, 2, 4, 1, 2, 4, 1, 2, 4, 1, 2, 4, 1, 2, 4, 1, 2, 4, 1, 2, 4, 1, 2, 4, 1, 2, 4], [0, 0, 0, 0, 0, 0, 0, 0, 0, 1, 2, 4, 1, 2, 4, 0, 0, 0, 0, 0, 0, 0, 0, 0, 1, 2, 4], [0, 0, 0, 1, 2, 4, 1, 2, 4, 1, 2, 4, 0, 0, 0, 0, 0, 0, 1, 2, 4, 1, 2, 4, 1, 2, 4]] b=[1, 1, 1]
[expanded] lin_constr_mtx=[[1, 2, 4, 1, 2, 4, 1, 2, 4, 1, 2, 4, 1, 2, 4, 1, 2, 4, 1, 2, 4, 1, 2, 4, 1, 2, 4, 1], [0, 0, 0, 0, 0, 0, 0, 0, 0, 1, 2, 4, 1, 2, 4, 0, 0, 0, 0, 0, 0, 0, 0, 0, 1, 2, 4, 1], [0, 0, 0, 1, 2, 4, 1, 2, 4, 1, 2, 4, 0, 0, 0, 0, 0, 0, 1, 2, 4, 1, 2, 4, 1, 2, 4, 1]]
Set parameter Username
[classical] objective=151847000.0 solution={'B100600(7)': 0, 'B100602(7)': 0, 'B100608(7)': 0, 'B100623(7)': 1, 'B101029(7)': 0, 'B101035(7)': 0, 'B101037(7)': 0, 'B101043(7)': 0, 'B101058(7)': 0}
[circuit] metrics=[395, 56, 168, 479]
[solve] start
[solve] states=[[1, 0, 0, 1, 1, 0, 1, 1, 0, 0, 1, 0, 0, 0, 0, 1, 1, 0, 1, 1, 0, 1, 0, 0, 1, 1, 0], [1, 0, 1, 1, 1, 0, 1, 1, 0, 1, 1, 0, 1, 1, 0, 1, 0, 1, 1, 1, 0, 1, 0, 0, 1, 1, 0], [1, 0, 1, 1, 1, 0, 1, 1, 0, 1, 1, 0, 1, 1, 0, 1, 1, 0, 0, 0, 0, 1, 0, 0, 1, 1, 0], [1, 0, 1, 1, 1, 0, 1, 1, 0, 1, 1, 0, 1, 1, 0, 1, 1, 0, 1, 1, 0, 1, 0, 0, 1, 1, 0], [1, 1, 0, 1, 0, 1, 1, 1, 0, 1, 1, 0, 1, 1, 0, 1, 1, 0, 1, 1, 0, 1, 0, 0, 1, 1, 0], [1, 1, 0, 1, 1, 0, 0, 0, 0, 1, 1, 0, 1, 1, 0, 1, 1, 0, 1, 1, 0, 1, 0, 0, 1, 1, 0], [1, 1, 0, 1, 1, 0, 1, 0, 0, 1, 1, 0, 1, 1, 0, 1, 1, 0, 0, 1, 0, 1, 0, 0, 1, 1, 0], [1, 1, 0, 1, 1, 0, 1, 0, 1, 1, 1, 0, 1, 1, 0, 1, 1, 0, 1, 1, 0, 1, 0, 0, 1, 1, 0], [1, 1, 0, 1, 1, 0, 1, 1, 0, 0, 0, 0, 1, 1, 0, 1, 1, 0, 1, 1, 0, 1, 0, 0, 1, 1, 0], [1, 1, 0, 1, 1, 0, 1, 1, 0, 1, 0, 1, 1, 0, 1, 1, 0, 1, 1, 1, 0, 1, 0, 0, 1, 1, 0], [1, 1, 0, 1, 1, 0, 1, 1, 0, 1, 0, 1, 1, 1, 0, 1, 0, 1, 1, 1, 0, 1, 0, 0, 1, 1, 0], [1, 1, 0, 1, 1, 0, 1, 1, 0, 1, 0, 1, 1, 1, 0, 1, 1, 0, 1, 0, 1, 1, 0, 0, 1, 1, 0], [1, 1, 0, 1, 1, 0, 1, 1, 0, 1, 0, 1, 1, 1, 0, 1, 1, 0, 1, 1, 0, 1, 0, 0, 1, 1, 0], [1, 1, 0, 1, 1, 0, 1, 1, 0, 1, 1, 0, 0, 0, 0, 1, 1, 0, 1, 0, 1, 1, 0, 0, 1, 1, 0], [1, 1, 0, 1, 1, 0, 1, 1, 0, 1, 1, 0, 0, 0, 0, 1, 1, 0, 1, 1, 0, 1, 0, 0, 0, 0, 0], [1, 1, 0, 1, 1, 0, 1, 1, 0, 1, 1, 0, 0, 0, 0, 1, 1, 0, 1, 1, 0, 1, 0, 0, 1, 1, 0], [1, 1, 0, 1, 1, 0, 1, 1, 0, 1, 1, 0, 1, 0, 1, 1, 1, 0, 1, 1, 0, 1, 0, 0, 1, 1, 0], [1, 1, 0, 1, 1, 0, 1, 1, 0, 1, 1, 0, 1, 1, 0, 0, 0, 0, 1, 1, 0, 1, 0, 0, 1, 1, 0], [1, 1, 0, 1, 1, 0, 1, 1, 0, 1, 1, 0, 1, 1, 0, 1, 0, 1, 1, 1, 0, 1, 0, 0, 1, 1, 0], [1, 1, 0, 1, 1, 0, 1, 1, 0, 1, 1, 0, 1, 1, 0, 1, 1, 0, 0, 0, 0, 1, 0, 0, 1, 1, 0], [1, 1, 0, 1, 1, 0, 1, 1, 0, 1, 1, 0, 1, 1, 0, 1, 1, 0, 1, 0, 1, 1, 0, 0, 1, 1, 0], [1, 1, 0, 1, 1, 0, 1, 1, 0, 1, 1, 0, 1, 1, 0, 1, 1, 0, 1, 1, 0, 1, 0, 0, 0, 0, 0], [1, 1, 0, 1, 1, 0, 1, 1, 0, 1, 1, 0, 1, 1, 0, 1, 1, 0, 1, 1, 0, 1, 0, 0, 1, 0, 1], [1, 1, 0, 1, 1, 0, 1, 1, 0, 1, 1, 0, 1, 1, 0, 1, 1, 0, 1, 1, 0, 1, 0, 0, 1, 1, 0]]
[solve] probs=[0.00390625, 0.00390625, 0.00390625, 0.01171875, 0.00390625, 0.0234375, 0.00390625, 0.015625, 0.0234375, 0.00390625, 0.00390625, 0.00390625, 0.01171875, 0.00390625, 0.0078125, 0.0234375, 0.01953125, 0.015625, 0.01953125, 0.0078125, 0.00390625, 0.0234375, 0.00390625, 0.75390625]
[choco-best] objective=None probability=None solution=None
[parallel 168/274] path=data/miplib_benders/qaoa_problems/nvars_09/supportcase6_ds_qaoa_c747_c759_0005.json status=ok wall=1118.2333513509948 peak_mb=478.1796875 choco_obj=
[problem] supportcase6_ds_qaoa_c747_c759_c762_0004 path=data/miplib_benders/qaoa_problems/nvars_09/supportcase6_ds_qaoa_c747_c759_c762_0004.json
[input] n_int=9 n_bin=27 n_constr=3
[input] A=[[1, 1, 1, 1, 1, 1, 1, 1, 1], [0, 0, 1, 1, 0, 0, 0, 1, 1], [1, 1, 1, 0, 0, 1, 1, 1, 0]] b=[1, 1, 1] c=[145944000, 144887000, 151847000, 150892000, 134333000, 145944000, 144887000, 151847000, 150892000]
[encoding]
  B100602(7) = B100602_7__b0 + 2*B100602_7__b1 + 4*B100602_7__b2
  B100608(7) = B100608_7__b0 + 2*B100608_7__b1 + 4*B100608_7__b2
  B100623(7) = B100623_7__b0 + 2*B100623_7__b1 + 4*B100623_7__b2
  B101029(7) = B101029_7__b0 + 2*B101029_7__b1 + 4*B101029_7__b2
  B101035(7) = B101035_7__b0 + 2*B101035_7__b1 + 4*B101035_7__b2
  B101037(7) = B101037_7__b0 + 2*B101037_7__b1 + 4*B101037_7__b2
  B101043(7) = B101043_7__b0 + 2*B101043_7__b1 + 4*B101043_7__b2
  B101058(7) = B101058_7__b0 + 2*B101058_7__b1 + 4*B101058_7__b2
  B101479(7) = B101479_7__b0 + 2*B101479_7__b1 + 4*B101479_7__b2
[expanded] A_binary=[[1, 2, 4, 1, 2, 4, 1, 2, 4, 1, 2, 4, 1, 2, 4, 1, 2, 4, 1, 2, 4, 1, 2, 4, 1, 2, 4], [0, 0, 0, 0, 0, 0, 1, 2, 4, 1, 2, 4, 0, 0, 0, 0, 0, 0, 0, 0, 0, 1, 2, 4, 1, 2, 4], [1, 2, 4, 1, 2, 4, 1, 2, 4, 0, 0, 0, 0, 0, 0, 1, 2, 4, 1, 2, 4, 1, 2, 4, 0, 0, 0]] b=[1, 1, 1]
[expanded] lin_constr_mtx=[[1, 2, 4, 1, 2, 4, 1, 2, 4, 1, 2, 4, 1, 2, 4, 1, 2, 4, 1, 2, 4, 1, 2, 4, 1, 2, 4, 1], [0, 0, 0, 0, 0, 0, 1, 2, 4, 1, 2, 4, 0, 0, 0, 0, 0, 0, 0, 0, 0, 1, 2, 4, 1, 2, 4, 1], [1, 2, 4, 1, 2, 4, 1, 2, 4, 0, 0, 0, 0, 0, 0, 1, 2, 4, 1, 2, 4, 1, 2, 4, 0, 0, 0, 1]]
Set parameter Username
[classical] objective=151847000.0 solution={'B100602(7)': 0, 'B100608(7)': 0, 'B100623(7)': 1, 'B101029(7)': 0, 'B101035(7)': 0, 'B101037(7)': 0, 'B101043(7)': 0, 'B101058(7)': 0, 'B101479(7)': 0}
[circuit] metrics=[395, 56, 168, 479]
[solve] start
[solve] states=[[0, 1, 0, 1, 1, 0, 1, 1, 0, 1, 1, 0, 1, 0, 1, 1, 1, 0, 1, 0, 0, 1, 1, 0, 1, 0, 0], [1, 0, 1, 1, 1, 0, 1, 1, 0, 1, 1, 0, 0, 0, 0, 1, 1, 0, 1, 1, 0, 1, 1, 0, 1, 0, 0], [1, 0, 1, 1, 1, 0, 1, 1, 0, 1, 1, 0, 1, 1, 0, 0, 0, 0, 1, 1, 0, 0, 0, 0, 1, 0, 0], [1, 0, 1, 1, 1, 0, 1, 1, 0, 1, 1, 0, 1, 1, 0, 0, 0, 0, 1, 1, 0, 1, 1, 0, 1, 0, 0], [1, 0, 1, 1, 1, 0, 1, 1, 0, 1, 1, 0, 1, 1, 0, 1, 1, 0, 0, 0, 0, 1, 1, 0, 1, 0, 0], [1, 0, 1, 1, 1, 0, 1, 1, 0, 1, 1, 0, 1, 1, 0, 1, 1, 0, 1, 1, 0, 1, 1, 0, 1, 0, 0], [1, 1, 0, 0, 0, 0, 1, 0, 1, 1, 1, 0, 1, 1, 0, 1, 1, 0, 1, 1, 0, 1, 1, 0, 1, 0, 0], [1, 1, 0, 0, 0, 0, 1, 1, 0, 0, 0, 0, 1, 1, 0, 1, 1, 0, 1, 1, 0, 1, 1, 0, 1, 0, 0], [1, 1, 0, 0, 0, 0, 1, 1, 0, 1, 0, 1, 1, 1, 0, 1, 1, 0, 1, 1, 0, 1, 1, 0, 1, 0, 0], [1, 1, 0, 0, 0, 0, 1, 1, 0, 1, 1, 0, 0, 0, 0, 1, 1, 0, 1, 1, 0, 1, 1, 0, 1, 0, 0], [1, 1, 0, 0, 0, 0, 1, 1, 0, 1, 1, 0, 1, 0, 1, 1, 0, 1, 1, 0, 1, 1, 1, 0, 1, 0, 0], [1, 1, 0, 0, 0, 0, 1, 1, 0, 1, 1, 0, 1, 0, 1, 1, 1, 0, 1, 1, 0, 1, 1, 0, 1, 0, 0], [1, 1, 0, 0, 0, 0, 1, 1, 0, 1, 1, 0, 1, 1, 0, 1, 1, 0, 0, 0, 0, 1, 1, 0, 1, 0, 0], [1, 1, 0, 0, 0, 0, 1, 1, 0, 1, 1, 0, 1, 1, 0, 1, 1, 0, 1, 0, 1, 0, 0, 0, 1, 0, 0], [1, 1, 0, 0, 0, 0, 1, 1, 0, 1, 1, 0, 1, 1, 0, 1, 1, 0, 1, 0, 1, 1, 1, 0, 1, 0, 0], [1, 1, 0, 0, 0, 0, 1, 1, 0, 1, 1, 0, 1, 1, 0, 1, 1, 0, 1, 1, 0, 1, 1, 0, 1, 0, 0], [1, 1, 0, 1, 0, 0, 1, 1, 0, 1, 0, 1, 0, 1, 0, 1, 1, 0, 1, 1, 0, 1, 1, 0, 1, 0, 0], [1, 1, 0, 1, 0, 0, 1, 1, 0, 1, 1, 0, 0, 1, 0, 0, 0, 0, 1, 1, 0, 1, 1, 0, 1, 0, 0], [1, 1, 0, 1, 0, 0, 1, 1, 0, 1, 1, 0, 0, 1, 0, 1, 1, 0, 1, 1, 0, 1, 1, 0, 1, 0, 0], [1, 1, 0, 1, 0, 1, 1, 1, 0, 1, 0, 1, 1, 1, 0, 1, 1, 0, 1, 1, 0, 1, 1, 0, 1, 0, 0], [1, 1, 0, 1, 0, 1, 1, 1, 0, 1, 1, 0, 0, 0, 0, 1, 0, 1, 1, 1, 0, 1, 0, 1, 1, 0, 0], [1, 1, 0, 1, 0, 1, 1, 1, 0, 1, 1, 0, 1, 0, 0, 0, 1, 0, 1, 1, 0, 1, 1, 0, 1, 0, 0], [1, 1, 0, 1, 0, 1, 1, 1, 0, 1, 1, 0, 1, 1, 0, 0, 0, 0, 1, 1, 0, 1, 1, 0, 1, 0, 0], [1, 1, 0, 1, 0, 1, 1, 1, 0, 1, 1, 0, 1, 1, 0, 1, 1, 0, 1, 0, 1, 1, 1, 0, 1, 0, 0], [1, 1, 0, 1, 0, 1, 1, 1, 0, 1, 1, 0, 1, 1, 0, 1, 1, 0, 1, 1, 0, 1, 1, 0, 1, 0, 0], [1, 1, 0, 1, 1, 0, 1, 0, 1, 0, 0, 0, 1, 1, 0, 1, 1, 0, 1, 1, 0, 1, 1, 0, 1, 0, 0], [1, 1, 0, 1, 1, 0, 1, 0, 1, 1, 1, 0, 1, 1, 0, 0, 0, 0, 1, 1, 0, 1, 1, 0, 1, 0, 0], [1, 1, 0, 1, 1, 0, 1, 0, 1, 1, 1, 0, 1, 1, 0, 1, 1, 0, 1, 0, 1, 1, 1, 0, 1, 0, 0], [1, 1, 0, 1, 1, 0, 1, 0, 1, 1, 1, 0, 1, 1, 0, 1, 1, 0, 1, 1, 0, 0, 0, 0, 1, 0, 0], [1, 1, 0, 1, 1, 0, 1, 0, 1, 1, 1, 0, 1, 1, 0, 1, 1, 0, 1, 1, 0, 1, 0, 1, 1, 0, 0], [1, 1, 0, 1, 1, 0, 1, 0, 1, 1, 1, 0, 1, 1, 0, 1, 1, 0, 1, 1, 0, 1, 1, 0, 1, 0, 0], [1, 1, 0, 1, 1, 0, 1, 1, 0, 0, 0, 0, 0, 0, 0, 1, 1, 0, 1, 1, 0, 1, 1, 0, 1, 0, 0], [1, 1, 0, 1, 1, 0, 1, 1, 0, 0, 0, 0, 1, 1, 0, 1, 1, 0, 1, 1, 0, 0, 0, 0, 1, 0, 0], [1, 1, 0, 1, 1, 0, 1, 1, 0, 0, 0, 0, 1, 1, 0, 1, 1, 0, 1, 1, 0, 1, 1, 0, 1, 0, 0], [1, 1, 0, 1, 1, 0, 1, 1, 0, 1, 0, 1, 0, 0, 0, 1, 1, 0, 1, 1, 0, 1, 1, 0, 1, 0, 0], [1, 1, 0, 1, 1, 0, 1, 1, 0, 1, 0, 1, 1, 0, 1, 1, 0, 1, 1, 1, 0, 1, 1, 0, 1, 0, 0], [1, 1, 0, 1, 1, 0, 1, 1, 0, 1, 0, 1, 1, 0, 1, 1, 1, 0, 1, 1, 0, 1, 1, 0, 1, 0, 0], [1, 1, 0, 1, 1, 0, 1, 1, 0, 1, 0, 1, 1, 1, 0, 1, 1, 0, 1, 1, 0, 0, 0, 0, 1, 0, 0], [1, 1, 0, 1, 1, 0, 1, 1, 0, 1, 0, 1, 1, 1, 0, 1, 1, 0, 1, 1, 0, 1, 1, 0, 1, 0, 0], [1, 1, 0, 1, 1, 0, 1, 1, 0, 1, 1, 0, 0, 0, 0, 0, 0, 0, 1, 1, 0, 1, 1, 0, 1, 0, 0], [1, 1, 0, 1, 1, 0, 1, 1, 0, 1, 1, 0, 0, 0, 0, 1, 0, 1, 1, 1, 0, 1, 1, 0, 1, 0, 0], [1, 1, 0, 1, 1, 0, 1, 1, 0, 1, 1, 0, 0, 0, 0, 1, 1, 0, 0, 0, 0, 1, 1, 0, 1, 0, 0], [1, 1, 0, 1, 1, 0, 1, 1, 0, 1, 1, 0, 0, 0, 0, 1, 1, 0, 1, 1, 0, 1, 1, 0, 1, 0, 0], [1, 1, 0, 1, 1, 0, 1, 1, 0, 1, 1, 0, 1, 0, 0, 0, 1, 0, 1, 1, 0, 1, 1, 0, 1, 0, 0], [1, 1, 0, 1, 1, 0, 1, 1, 0, 1, 1, 0, 1, 0, 1, 1, 0, 1, 1, 1, 0, 1, 1, 0, 1, 0, 0], [1, 1, 0, 1, 1, 0, 1, 1, 0, 1, 1, 0, 1, 0, 1, 1, 1, 0, 1, 1, 0, 1, 0, 1, 1, 0, 0], [1, 1, 0, 1, 1, 0, 1, 1, 0, 1, 1, 0, 1, 0, 1, 1, 1, 0, 1, 1, 0, 1, 1, 0, 1, 0, 0], [1, 1, 0, 1, 1, 0, 1, 1, 0, 1, 1, 0, 1, 1, 0, 0, 0, 0, 1, 0, 1, 1, 1, 0, 1, 0, 0], [1, 1, 0, 1, 1, 0, 1, 1, 0, 1, 1, 0, 1, 1, 0, 0, 0, 0, 1, 1, 0, 0, 0, 0, 1, 0, 0], [1, 1, 0, 1, 1, 0, 1, 1, 0, 1, 1, 0, 1, 1, 0, 0, 0, 0, 1, 1, 0, 1, 1, 0, 1, 0, 0], [1, 1, 0, 1, 1, 0, 1, 1, 0, 1, 1, 0, 1, 1, 0, 1, 0, 1, 1, 0, 1, 1, 1, 0, 1, 0, 0], [1, 1, 0, 1, 1, 0, 1, 1, 0, 1, 1, 0, 1, 1, 0, 1, 0, 1, 1, 1, 0, 1, 0, 0, 0, 0, 0], [1, 1, 0, 1, 1, 0, 1, 1, 0, 1, 1, 0, 1, 1, 0, 1, 0, 1, 1, 1, 0, 1, 1, 0, 1, 0, 0], [1, 1, 0, 1, 1, 0, 1, 1, 0, 1, 1, 0, 1, 1, 0, 1, 1, 0, 0, 0, 0, 1, 0, 1, 1, 0, 0], [1, 1, 0, 1, 1, 0, 1, 1, 0, 1, 1, 0, 1, 1, 0, 1, 1, 0, 0, 0, 0, 1, 1, 0, 1, 0, 0], [1, 1, 0, 1, 1, 0, 1, 1, 0, 1, 1, 0, 1, 1, 0, 1, 1, 0, 1, 0, 1, 0, 0, 0, 1, 0, 0], [1, 1, 0, 1, 1, 0, 1, 1, 0, 1, 1, 0, 1, 1, 0, 1, 1, 0, 1, 0, 1, 1, 0, 1, 1, 0, 0], [1, 1, 0, 1, 1, 0, 1, 1, 0, 1, 1, 0, 1, 1, 0, 1, 1, 0, 1, 0, 1, 1, 1, 0, 1, 0, 0], [1, 1, 0, 1, 1, 0, 1, 1, 0, 1, 1, 0, 1, 1, 0, 1, 1, 0, 1, 1, 0, 0, 0, 0, 1, 0, 0], [1, 1, 0, 1, 1, 0, 1, 1, 0, 1, 1, 0, 1, 1, 0, 1, 1, 0, 1, 1, 0, 1, 0, 0, 0, 0, 0], [1, 1, 0, 1, 1, 0, 1, 1, 0, 1, 1, 0, 1, 1, 0, 1, 1, 0, 1, 1, 0, 1, 0, 1, 1, 0, 0], [1, 1, 0, 1, 1, 0, 1, 1, 0, 1, 1, 0, 1, 1, 0, 1, 1, 0, 1, 1, 0, 1, 1, 0, 1, 0, 0]]
[solve] probs=[0.00390625, 0.00390625, 0.00390625, 0.00390625, 0.00390625, 0.0390625, 0.00390625, 0.00390625, 0.00390625, 0.0078125, 0.00390625, 0.00390625, 0.00390625, 0.00390625, 0.00390625, 0.01953125, 0.00390625, 0.00390625, 0.0078125, 0.00390625, 0.00390625, 0.00390625, 0.00390625, 0.00390625, 0.0546875, 0.0078125, 0.00390625, 0.0078125, 0.00390625, 0.00390625, 0.0234375, 0.00390625, 0.00390625, 0.02734375, 0.0078125, 0.00390625, 0.00390625, 0.00390625, 0.02734375, 0.00390625, 0.00390625, 0.015625, 0.0234375, 0.01171875, 0.00390625, 0.00390625, 0.02734375, 0.00390625, 0.00390625, 0.01171875, 0.00390625, 0.00390625, 0.015625, 0.01171875, 0.0234375, 0.00390625, 0.00390625, 0.015625, 0.02734375, 0.00390625, 0.02734375, 0.40625]
[choco-best] objective=None probability=None solution=None
[parallel 169/274] path=data/miplib_benders/qaoa_problems/nvars_09/supportcase6_ds_qaoa_c747_c759_0004.json status=ok wall=1905.405914495932 peak_mb=410.66796875 choco_obj=
[problem] supportcase6_ds_qaoa_c747_c759_c762_0005 path=data/miplib_benders/qaoa_problems/nvars_09/supportcase6_ds_qaoa_c747_c759_c762_0005.json
[input] n_int=9 n_bin=27 n_constr=3
[input] A=[[1, 1, 1, 1, 1, 1, 1, 1, 1], [0, 1, 1, 0, 0, 0, 1, 1, 0], [1, 1, 0, 0, 1, 1, 1, 0, 0]] b=[1, 1, 1] c=[144887000, 151847000, 150892000, 134333000, 145944000, 144887000, 151847000, 150892000, 134333000]
[encoding]
  B100608(7) = B100608_7__b0 + 2*B100608_7__b1 + 4*B100608_7__b2
  B100623(7) = B100623_7__b0 + 2*B100623_7__b1 + 4*B100623_7__b2
  B101029(7) = B101029_7__b0 + 2*B101029_7__b1 + 4*B101029_7__b2
  B101035(7) = B101035_7__b0 + 2*B101035_7__b1 + 4*B101035_7__b2
  B101037(7) = B101037_7__b0 + 2*B101037_7__b1 + 4*B101037_7__b2
  B101043(7) = B101043_7__b0 + 2*B101043_7__b1 + 4*B101043_7__b2
  B101058(7) = B101058_7__b0 + 2*B101058_7__b1 + 4*B101058_7__b2
  B101479(7) = B101479_7__b0 + 2*B101479_7__b1 + 4*B101479_7__b2
  B101485(7) = B101485_7__b0 + 2*B101485_7__b1 + 4*B101485_7__b2
[expanded] A_binary=[[1, 2, 4, 1, 2, 4, 1, 2, 4, 1, 2, 4, 1, 2, 4, 1, 2, 4, 1, 2, 4, 1, 2, 4, 1, 2, 4], [0, 0, 0, 1, 2, 4, 1, 2, 4, 0, 0, 0, 0, 0, 0, 0, 0, 0, 1, 2, 4, 1, 2, 4, 0, 0, 0], [1, 2, 4, 1, 2, 4, 0, 0, 0, 0, 0, 0, 1, 2, 4, 1, 2, 4, 1, 2, 4, 0, 0, 0, 0, 0, 0]] b=[1, 1, 1]
[expanded] lin_constr_mtx=[[1, 2, 4, 1, 2, 4, 1, 2, 4, 1, 2, 4, 1, 2, 4, 1, 2, 4, 1, 2, 4, 1, 2, 4, 1, 2, 4, 1], [0, 0, 0, 1, 2, 4, 1, 2, 4, 0, 0, 0, 0, 0, 0, 0, 0, 0, 1, 2, 4, 1, 2, 4, 0, 0, 0, 1], [1, 2, 4, 1, 2, 4, 0, 0, 0, 0, 0, 0, 1, 2, 4, 1, 2, 4, 1, 2, 4, 0, 0, 0, 0, 0, 0, 1]]
Set parameter Username
[classical] objective=151847000.0 solution={'B100608(7)': 0, 'B100623(7)': 1, 'B101029(7)': 0, 'B101035(7)': 0, 'B101037(7)': 0, 'B101043(7)': 0, 'B101058(7)': 0, 'B101479(7)': 0, 'B101485(7)': 0}
[circuit] metrics=[601, 56, 252, 669]
[solve] start
[solve] states=[[0, 1, 0, 1, 1, 0, 0, 1, 0, 0, 0, 0, 0, 0, 0, 1, 0, 0, 1, 0, 0, 1, 1, 0, 1, 0, 0], [1, 0, 0, 1, 1, 0, 1, 1, 0, 0, 0, 0, 0, 0, 0, 0, 0, 0, 1, 1, 0, 1, 1, 0, 0, 0, 0], [1, 0, 1, 1, 0, 1, 1, 1, 0, 0, 0, 0, 0, 0, 0, 1, 0, 0, 1, 1, 0, 1, 1, 0, 0, 0, 0], [1, 0, 1, 1, 1, 0, 1, 0, 1, 0, 0, 0, 0, 0, 0, 1, 0, 0, 1, 1, 0, 1, 0, 1, 0, 0, 0], [1, 0, 1, 1, 1, 0, 1, 0, 1, 0, 0, 0, 0, 0, 0, 1, 0, 0, 1, 1, 0, 1, 1, 0, 0, 0, 0], [1, 0, 1, 1, 1, 0, 1, 1, 0, 0, 0, 0, 0, 0, 0, 1, 0, 0, 0, 0, 0, 1, 1, 0, 0, 0, 0], [1, 0, 1, 1, 1, 0, 1, 1, 0, 0, 0, 0, 0, 0, 0, 1, 0, 0, 1, 0, 1, 1, 0, 1, 0, 0, 0], [1, 0, 1, 1, 1, 0, 1, 1, 0, 0, 0, 0, 0, 0, 0, 1, 0, 0, 1, 0, 1, 1, 1, 0, 0, 0, 0], [1, 0, 1, 1, 1, 0, 1, 1, 0, 0, 0, 0, 0, 0, 0, 1, 0, 0, 1, 1, 0, 0, 0, 0, 0, 0, 0], [1, 0, 1, 1, 1, 0, 1, 1, 0, 0, 0, 0, 0, 0, 0, 1, 0, 0, 1, 1, 0, 1, 0, 1, 0, 0, 0], [1, 0, 1, 1, 1, 0, 1, 1, 0, 0, 0, 0, 0, 0, 0, 1, 0, 0, 1, 1, 0, 1, 1, 0, 0, 0, 0], [1, 1, 0, 1, 0, 0, 1, 1, 0, 1, 0, 0, 0, 0, 0, 0, 0, 0, 1, 1, 0, 0, 1, 0, 0, 0, 0], [1, 1, 0, 1, 0, 0, 1, 1, 0, 1, 0, 0, 0, 0, 0, 1, 1, 0, 1, 1, 0, 0, 1, 0, 0, 0, 0], [1, 1, 0, 1, 0, 1, 0, 1, 0, 0, 0, 0, 0, 0, 0, 1, 0, 0, 1, 1, 0, 1, 0, 0, 0, 0, 0], [1, 1, 0, 1, 0, 1, 1, 0, 1, 0, 0, 0, 0, 0, 0, 1, 0, 0, 1, 1, 0, 1, 0, 1, 0, 0, 0], [1, 1, 0, 1, 0, 1, 1, 0, 1, 0, 0, 0, 0, 0, 0, 1, 0, 0, 1, 1, 0, 1, 1, 0, 0, 0, 0], [1, 1, 0, 1, 0, 1, 1, 1, 0, 0, 0, 0, 0, 0, 0, 1, 0, 0, 0, 0, 0, 0, 0, 0, 0, 0, 0], [1, 1, 0, 1, 0, 1, 1, 1, 0, 0, 0, 0, 0, 0, 0, 1, 0, 0, 0, 0, 0, 1, 1, 0, 0, 0, 0], [1, 1, 0, 1, 0, 1, 1, 1, 0, 0, 0, 0, 0, 0, 0, 1, 0, 0, 1, 0, 1, 1, 1, 0, 0, 0, 0], [1, 1, 0, 1, 0, 1, 1, 1, 0, 0, 0, 0, 0, 0, 0, 1, 0, 0, 1, 1, 0, 1, 0, 1, 0, 0, 0], [1, 1, 0, 1, 0, 1, 1, 1, 0, 0, 0, 0, 0, 0, 0, 1, 0, 0, 1, 1, 0, 1, 1, 0, 0, 0, 0], [1, 1, 0, 1, 1, 0, 1, 0, 1, 0, 0, 0, 0, 0, 0, 1, 0, 0, 0, 0, 0, 0, 0, 0, 0, 0, 0], [1, 1, 0, 1, 1, 0, 1, 0, 1, 0, 0, 0, 0, 0, 0, 1, 0, 0, 1, 0, 1, 1, 1, 0, 0, 0, 0], [1, 1, 0, 1, 1, 0, 1, 0, 1, 0, 0, 0, 0, 0, 0, 1, 0, 0, 1, 1, 0, 0, 0, 0, 0, 0, 0], [1, 1, 0, 1, 1, 0, 1, 0, 1, 0, 0, 0, 0, 0, 0, 1, 0, 0, 1, 1, 0, 1, 1, 0, 0, 0, 0], [1, 1, 0, 1, 1, 0, 1, 1, 0, 0, 0, 0, 0, 0, 0, 1, 0, 0, 0, 0, 0, 0, 0, 0, 0, 0, 0], [1, 1, 0, 1, 1, 0, 1, 1, 0, 0, 0, 0, 0, 0, 0, 1, 0, 0, 0, 0, 0, 1, 1, 0, 0, 0, 0], [1, 1, 0, 1, 1, 0, 1, 1, 0, 0, 0, 0, 0, 0, 0, 1, 0, 0, 1, 0, 1, 1, 0, 1, 0, 0, 0], [1, 1, 0, 1, 1, 0, 1, 1, 0, 0, 0, 0, 0, 0, 0, 1, 0, 0, 1, 0, 1, 1, 1, 0, 0, 0, 0], [1, 1, 0, 1, 1, 0, 1, 1, 0, 0, 0, 0, 0, 0, 0, 1, 0, 0, 1, 1, 0, 0, 0, 0, 0, 0, 0], [1, 1, 0, 1, 1, 0, 1, 1, 0, 0, 0, 0, 0, 0, 0, 1, 0, 0, 1, 1, 0, 1, 0, 1, 0, 0, 0], [1, 1, 0, 1, 1, 0, 1, 1, 0, 0, 0, 0, 0, 0, 0, 1, 0, 0, 1, 1, 0, 1, 1, 0, 0, 0, 0]]
[solve] probs=[0.01953125, 0.00390625, 0.00390625, 0.00390625, 0.015625, 0.00390625, 0.00390625, 0.00390625, 0.00390625, 0.01171875, 0.05859375, 0.00390625, 0.00390625, 0.00390625, 0.00390625, 0.0078125, 0.00390625, 0.00390625, 0.00390625, 0.00390625, 0.03515625, 0.00390625, 0.01171875, 0.0078125, 0.046875, 0.0078125, 0.05078125, 0.00390625, 0.05078125, 0.0390625, 0.046875, 0.5234375]
[choco-best] objective=None probability=None solution=None
[parallel 170/274] path=data/miplib_benders/qaoa_problems/nvars_09/supportcase6_ds_qaoa_c747_c759_c762_0001.json status=ok wall=1396.2117091879481 peak_mb=432.28515625 choco_obj=
[problem] supportcase6_ds_qaoa_c759_c762_0001 path=data/miplib_benders/qaoa_problems/nvars_09/supportcase6_ds_qaoa_c759_c762_0001.json
[input] n_int=9 n_bin=27 n_constr=2
[input] A=[[1, 1, 0, 0, 1, 1, 0, 0, 1], [1, 0, 1, 1, 1, 0, 1, 1, 1]] b=[1, 1] c=[151847000, 150892000, 145944000, 144887000, 151847000, 150892000, 145944000, 144887000, 151847000]
[encoding]
  B100166(7) = B100166_7__b0 + 2*B100166_7__b1 + 4*B100166_7__b2
  B100594(7) = B100594_7__b0 + 2*B100594_7__b1 + 4*B100594_7__b2
  B100602(7) = B100602_7__b0 + 2*B100602_7__b1 + 4*B100602_7__b2
  B100608(7) = B100608_7__b0 + 2*B100608_7__b1 + 4*B100608_7__b2
  B100623(7) = B100623_7__b0 + 2*B100623_7__b1 + 4*B100623_7__b2
  B101029(7) = B101029_7__b0 + 2*B101029_7__b1 + 4*B101029_7__b2
  B101037(7) = B101037_7__b0 + 2*B101037_7__b1 + 4*B101037_7__b2
  B101043(7) = B101043_7__b0 + 2*B101043_7__b1 + 4*B101043_7__b2
  B101058(7) = B101058_7__b0 + 2*B101058_7__b1 + 4*B101058_7__b2
[expanded] A_binary=[[1, 2, 4, 1, 2, 4, 0, 0, 0, 0, 0, 0, 1, 2, 4, 1, 2, 4, 0, 0, 0, 0, 0, 0, 1, 2, 4], [1, 2, 4, 0, 0, 0, 1, 2, 4, 1, 2, 4, 1, 2, 4, 0, 0, 0, 1, 2, 4, 1, 2, 4, 1, 2, 4]] b=[1, 1]
[expanded] lin_constr_mtx=[[1, 2, 4, 1, 2, 4, 0, 0, 0, 0, 0, 0, 1, 2, 4, 1, 2, 4, 0, 0, 0, 0, 0, 0, 1, 2, 4, 1], [1, 2, 4, 0, 0, 0, 1, 2, 4, 1, 2, 4, 1, 2, 4, 0, 0, 0, 1, 2, 4, 1, 2, 4, 1, 2, 4, 1]]
Set parameter Username
[classical] objective=296836000.0 solution={'B100166(7)': 0, 'B100594(7)': 0, 'B100602(7)': 0, 'B100608(7)': 0, 'B100623(7)': 0, 'B101029(7)': 1, 'B101037(7)': 1, 'B101043(7)': 0, 'B101058(7)': 0}
[circuit] metrics=[715, 56, 352, 698]
[solve] start
[solve] states=[[1, 0, 1, 1, 1, 0, 1, 1, 0, 0, 0, 0, 0, 0, 0, 1, 1, 0, 1, 0, 0, 1, 1, 0, 0, 0, 0], [1, 0, 1, 1, 1, 0, 1, 1, 0, 0, 0, 0, 1, 1, 0, 1, 1, 0, 1, 0, 0, 1, 1, 0, 0, 0, 0], [1, 1, 0, 1, 0, 0, 1, 1, 0, 1, 0, 0, 0, 1, 0, 1, 1, 0, 1, 0, 0, 0, 1, 0, 0, 0, 0], [1, 1, 0, 1, 0, 1, 1, 1, 0, 0, 0, 0, 1, 1, 0, 1, 0, 1, 1, 0, 0, 1, 1, 0, 0, 0, 0], [1, 1, 0, 1, 0, 1, 1, 1, 0, 0, 0, 0, 1, 1, 0, 1, 1, 0, 1, 0, 0, 0, 0, 0, 0, 0, 0], [1, 1, 0, 1, 0, 1, 1, 1, 0, 0, 0, 0, 1, 1, 0, 1, 1, 0, 1, 0, 0, 1, 0, 1, 0, 0, 0], [1, 1, 0, 1, 0, 1, 1, 1, 0, 0, 0, 0, 1, 1, 0, 1, 1, 0, 1, 0, 0, 1, 1, 0, 0, 0, 0], [1, 1, 0, 1, 1, 0, 1, 0, 1, 0, 0, 0, 1, 1, 0, 0, 0, 0, 1, 0, 0, 1, 1, 0, 0, 0, 0], [1, 1, 0, 1, 1, 0, 1, 0, 1, 0, 0, 0, 1, 1, 0, 1, 1, 0, 1, 0, 0, 0, 0, 0, 0, 0, 0], [1, 1, 0, 1, 1, 0, 1, 0, 1, 0, 0, 0, 1, 1, 0, 1, 1, 0, 1, 0, 0, 1, 1, 0, 0, 0, 0], [1, 1, 0, 1, 1, 0, 1, 1, 0, 0, 0, 0, 0, 0, 0, 1, 1, 0, 1, 0, 0, 1, 1, 0, 0, 0, 0], [1, 1, 0, 1, 1, 0, 1, 1, 0, 0, 0, 0, 1, 0, 1, 0, 0, 0, 1, 0, 0, 1, 1, 0, 0, 0, 0], [1, 1, 0, 1, 1, 0, 1, 1, 0, 0, 0, 0, 1, 0, 1, 1, 1, 0, 1, 0, 0, 1, 1, 0, 0, 0, 0], [1, 1, 0, 1, 1, 0, 1, 1, 0, 0, 0, 0, 1, 1, 0, 0, 0, 0, 1, 0, 0, 1, 1, 0, 0, 0, 0], [1, 1, 0, 1, 1, 0, 1, 1, 0, 0, 0, 0, 1, 1, 0, 1, 0, 1, 1, 0, 0, 1, 0, 1, 0, 0, 0], [1, 1, 0, 1, 1, 0, 1, 1, 0, 0, 0, 0, 1, 1, 0, 1, 0, 1, 1, 0, 0, 1, 1, 0, 0, 0, 0], [1, 1, 0, 1, 1, 0, 1, 1, 0, 0, 0, 0, 1, 1, 0, 1, 1, 0, 1, 0, 0, 0, 0, 0, 0, 0, 0], [1, 1, 0, 1, 1, 0, 1, 1, 0, 0, 0, 0, 1, 1, 0, 1, 1, 0, 1, 0, 0, 1, 0, 1, 0, 0, 0], [1, 1, 0, 1, 1, 0, 1, 1, 0, 0, 0, 0, 1, 1, 0, 1, 1, 0, 1, 0, 0, 1, 1, 0, 0, 0, 0]]
[solve] probs=[0.00390625, 0.04296875, 0.00390625, 0.00390625, 0.00390625, 0.00390625, 0.03125, 0.00390625, 0.01171875, 0.02734375, 0.0234375, 0.00390625, 0.03515625, 0.02734375, 0.00390625, 0.046875, 0.0078125, 0.0234375, 0.69140625]
[choco-best] objective=None probability=None solution=None
[parallel 171/274] path=data/miplib_benders/qaoa_problems/nvars_09/supportcase6_ds_qaoa_c747_c759_c762_0005.json status=ok wall=1248.9931705649942 peak_mb=431.2578125 choco_obj=
[problem] assign1-5-8_ds_qaoa_R0132_R0133_R0002_0001 path=data/miplib_benders/qaoa_problems/nvars_10/assign1-5-8_ds_qaoa_R0132_R0133_R0002_0001.json
[input] n_int=10 n_bin=30 n_constr=3
[input] A=[[1, 1, 1, 1, 0, 0, 0, 0, 0, 0], [0, 0, 0, 0, 1, 1, 1, 1, 0, 0], [2, 0, 0, 0, 2, 0, 0, 0, 3, 1]] b=[1, 1, 5] c=[1, 2, 3, 4, 5, 6, 7, 8, 9, 0]
[encoding]
  C0033 = C0033_b0 + 2*C0033_b1 + 4*C0033_b2
  C0034 = C0034_b0 + 2*C0034_b1 + 4*C0034_b2
  C0035 = C0035_b0 + 2*C0035_b1 + 4*C0035_b2
  C0036 = C0036_b0 + 2*C0036_b1 + 4*C0036_b2
  C0038 = C0038_b0 + 2*C0038_b1 + 4*C0038_b2
  C0039 = C0039_b0 + 2*C0039_b1 + 4*C0039_b2
  C0040 = C0040_b0 + 2*C0040_b1 + 4*C0040_b2
  C0041 = C0041_b0 + 2*C0041_b1 + 4*C0041_b2
  C0053 = C0053_b0 + 2*C0053_b1 + 4*C0053_b2
  row_slack_R0002 = row_slack_R0002_b0 + 2*row_slack_R0002_b1 + 4*row_slack_R0002_b2
[expanded] A_binary=[[1, 2, 4, 1, 2, 4, 1, 2, 4, 1, 2, 4, 0, 0, 0, 0, 0, 0, 0, 0, 0, 0, 0, 0, 0, 0, 0, 0, 0, 0], [0, 0, 0, 0, 0, 0, 0, 0, 0, 0, 0, 0, 1, 2, 4, 1, 2, 4, 1, 2, 4, 1, 2, 4, 0, 0, 0, 0, 0, 0], [2, 4, 8, 0, 0, 0, 0, 0, 0, 0, 0, 0, 2, 4, 8, 0, 0, 0, 0, 0, 0, 0, 0, 0, 3, 6, 12, 1, 2, 4]] b=[1, 1, 5]
[expanded] lin_constr_mtx=[[1, 2, 4, 1, 2, 4, 1, 2, 4, 1, 2, 4, 0, 0, 0, 0, 0, 0, 0, 0, 0, 0, 0, 0, 0, 0, 0, 0, 0, 0, 1], [0, 0, 0, 0, 0, 0, 0, 0, 0, 0, 0, 0, 1, 2, 4, 1, 2, 4, 1, 2, 4, 1, 2, 4, 0, 0, 0, 0, 0, 0, 1], [2, 4, 8, 0, 0, 0, 0, 0, 0, 0, 0, 0, 2, 4, 8, 0, 0, 0, 0, 0, 0, 0, 0, 0, 3, 6, 12, 1, 2, 4, 5]]
Set parameter Username
[classical] objective=21.0 solution={'C0033': 0, 'C0034': 0, 'C0035': 0, 'C0036': 1, 'C0038': 0, 'C0039': 0, 'C0040': 0, 'C0041': 1, 'C0053': 1, 'row_slack_R0002': 2}
[circuit] metrics=[1086, 62, 467, 1054]
[solve] start
[solve] states=[[1, 0, 0, 1, 1, 0, 0, 0, 0, 0, 0, 0, 0, 0, 1, 1, 1, 0, 0, 0, 0, 0, 0, 0, 1, 0, 0], [1, 0, 0, 1, 1, 0, 0, 0, 0, 0, 0, 0, 0, 1, 0, 0, 0, 0, 0, 0, 0, 0, 0, 0, 1, 0, 0], [1, 0, 0, 1, 1, 0, 0, 0, 0, 0, 0, 0, 0, 1, 0, 1, 0, 1, 0, 0, 0, 0, 0, 0, 1, 0, 0], [1, 0, 0, 1, 1, 0, 0, 0, 0, 0, 0, 0, 0, 1, 0, 1, 1, 0, 0, 0, 0, 0, 0, 0, 1, 0, 0], [1, 0, 1, 1, 0, 0, 1, 0, 0, 0, 0, 0, 0, 0, 1, 1, 1, 0, 0, 0, 0, 0, 0, 0, 1, 0, 0], [1, 0, 1, 1, 0, 1, 0, 0, 0, 0, 0, 0, 1, 0, 1, 1, 1, 0, 0, 0, 0, 0, 0, 0, 1, 0, 0], [1, 0, 1, 1, 0, 1, 0, 0, 0, 0, 0, 0, 1, 1, 0, 0, 0, 0, 0, 0, 0, 0, 0, 0, 1, 0, 0], [1, 0, 1, 1, 0, 1, 0, 0, 0, 0, 0, 0, 1, 1, 0, 1, 1, 0, 0, 0, 0, 0, 0, 0, 1, 0, 0], [1, 0, 1, 1, 1, 0, 0, 0, 0, 0, 0, 0, 0, 0, 0, 1, 1, 0, 0, 0, 0, 0, 0, 0, 1, 0, 0], [1, 0, 1, 1, 1, 0, 0, 0, 0, 0, 0, 0, 1, 0, 1, 0, 0, 0, 0, 0, 0, 0, 0, 0, 1, 0, 0], [1, 0, 1, 1, 1, 0, 0, 0, 0, 0, 0, 0, 1, 0, 1, 1, 0, 1, 0, 0, 0, 0, 0, 0, 1, 0, 0], [1, 0, 1, 1, 1, 0, 0, 0, 0, 0, 0, 0, 1, 0, 1, 1, 1, 0, 0, 0, 0, 0, 0, 0, 1, 0, 0], [1, 0, 1, 1, 1, 0, 0, 0, 0, 0, 0, 0, 1, 1, 0, 0, 0, 0, 0, 0, 0, 0, 0, 0, 1, 0, 0], [1, 0, 1, 1, 1, 0, 0, 0, 0, 0, 0, 0, 1, 1, 0, 1, 0, 0, 1, 0, 0, 0, 0, 0, 0, 0, 0], [1, 0, 1, 1, 1, 0, 0, 0, 0, 0, 0, 0, 1, 1, 0, 1, 0, 1, 0, 0, 0, 0, 0, 0, 1, 0, 0], [1, 0, 1, 1, 1, 0, 0, 0, 0, 0, 0, 0, 1, 1, 0, 1, 1, 0, 0, 0, 0, 0, 0, 0, 1, 0, 0], [1, 1, 0, 1, 0, 0, 0, 0, 0, 1, 0, 0, 0, 1, 0, 1, 0, 1, 0, 0, 0, 0, 0, 0, 1, 0, 0], [1, 1, 0, 1, 0, 0, 1, 0, 0, 0, 0, 0, 0, 1, 0, 1, 0, 1, 0, 0, 0, 0, 0, 0, 1, 0, 0], [1, 1, 0, 1, 0, 0, 1, 0, 0, 0, 0, 0, 0, 1, 0, 1, 1, 0, 0, 0, 0, 0, 0, 0, 1, 0, 0], [1, 1, 0, 1, 0, 1, 0, 0, 0, 0, 0, 0, 0, 0, 0, 1, 1, 0, 0, 0, 0, 0, 0, 0, 1, 0, 0], [1, 1, 0, 1, 0, 1, 0, 0, 0, 0, 0, 0, 1, 0, 1, 1, 1, 0, 0, 0, 0, 0, 0, 0, 1, 0, 0], [1, 1, 0, 1, 0, 1, 0, 0, 0, 0, 0, 0, 1, 1, 0, 0, 0, 0, 0, 0, 0, 0, 0, 0, 1, 0, 0], [1, 1, 0, 1, 0, 1, 0, 0, 0, 0, 0, 0, 1, 1, 0, 1, 0, 1, 0, 0, 0, 0, 0, 0, 1, 0, 0], [1, 1, 0, 1, 0, 1, 0, 0, 0, 0, 0, 0, 1, 1, 0, 1, 1, 0, 0, 0, 0, 0, 0, 0, 1, 0, 0], [1, 1, 0, 1, 1, 0, 0, 0, 0, 0, 0, 0, 0, 0, 0, 0, 0, 0, 0, 0, 0, 0, 0, 0, 1, 0, 0], [1, 1, 0, 1, 1, 0, 0, 0, 0, 0, 0, 0, 0, 0, 0, 1, 0, 1, 0, 0, 0, 0, 0, 0, 1, 0, 0], [1, 1, 0, 1, 1, 0, 0, 0, 0, 0, 0, 0, 0, 0, 0, 1, 1, 0, 0, 0, 0, 0, 0, 0, 1, 0, 0], [1, 1, 0, 1, 1, 0, 0, 0, 0, 0, 0, 0, 1, 0, 1, 0, 0, 0, 0, 0, 0, 0, 0, 0, 1, 0, 0], [1, 1, 0, 1, 1, 0, 0, 0, 0, 0, 0, 0, 1, 0, 1, 1, 0, 1, 0, 0, 0, 0, 0, 0, 1, 0, 0], [1, 1, 0, 1, 1, 0, 0, 0, 0, 0, 0, 0, 1, 0, 1, 1, 1, 0, 0, 0, 0, 0, 0, 0, 1, 0, 0], [1, 1, 0, 1, 1, 0, 0, 0, 0, 0, 0, 0, 1, 1, 0, 0, 0, 0, 0, 0, 0, 0, 0, 0, 1, 0, 0], [1, 1, 0, 1, 1, 0, 0, 0, 0, 0, 0, 0, 1, 1, 0, 1, 0, 0, 0, 0, 0, 1, 0, 0, 0, 0, 0], [1, 1, 0, 1, 1, 0, 0, 0, 0, 0, 0, 0, 1, 1, 0, 1, 0, 0, 1, 0, 0, 0, 0, 0, 1, 1, 0], [1, 1, 0, 1, 1, 0, 0, 0, 0, 0, 0, 0, 1, 1, 0, 1, 0, 1, 0, 0, 0, 0, 0, 0, 1, 0, 0], [1, 1, 0, 1, 1, 0, 0, 0, 0, 0, 0, 0, 1, 1, 0, 1, 1, 0, 0, 0, 0, 0, 0, 0, 1, 0, 0]]
[solve] probs=[0.00390625, 0.0078125, 0.00390625, 0.0234375, 0.00390625, 0.0078125, 0.00390625, 0.00390625, 0.0078125, 0.00390625, 0.01171875, 0.01171875, 0.00390625, 0.0078125, 0.01171875, 0.04296875, 0.00390625, 0.00390625, 0.00390625, 0.00390625, 0.00390625, 0.015625, 0.01171875, 0.046875, 0.0078125, 0.015625, 0.09375, 0.0078125, 0.015625, 0.0390625, 0.0859375, 0.00390625, 0.00390625, 0.04296875, 0.4296875]
[choco-best] objective=None probability=None solution=None
[parallel 172/274] path=data/miplib_benders/qaoa_problems/nvars_09/supportcase6_ds_qaoa_c759_c762_0001.json status=ok wall=875.8220446569612 peak_mb=483.01953125 choco_obj=
[problem] assign1-5-8_ds_qaoa_R0133_R0002_R0003_0001 path=data/miplib_benders/qaoa_problems/nvars_10/assign1-5-8_ds_qaoa_R0133_R0002_R0003_0001.json
[input] n_int=10 n_bin=30 n_constr=3
[input] A=[[0, 0, 0, 1, 1, 1, 1, 0, 0, 0], [0, 2, 0, 2, 0, 0, 0, 3, 1, 0], [5, 0, 2, 0, 2, 0, 0, 0, 0, 1]] b=[1, 5, 5] c=[1, 2, 3, 4, 5, 6, 7, 8, 0, 0]
[encoding]
  C0029 = C0029_b0 + 2*C0029_b1 + 4*C0029_b2
  C0033 = C0033_b0 + 2*C0033_b1 + 4*C0033_b2
  C0034 = C0034_b0 + 2*C0034_b1 + 4*C0034_b2
  C0038 = C0038_b0 + 2*C0038_b1 + 4*C0038_b2
  C0039 = C0039_b0 + 2*C0039_b1 + 4*C0039_b2
  C0040 = C0040_b0 + 2*C0040_b1 + 4*C0040_b2
  C0041 = C0041_b0 + 2*C0041_b1 + 4*C0041_b2
  C0053 = C0053_b0 + 2*C0053_b1 + 4*C0053_b2
  row_slack_R0002 = row_slack_R0002_b0 + 2*row_slack_R0002_b1 + 4*row_slack_R0002_b2
  row_slack_R0003 = row_slack_R0003_b0 + 2*row_slack_R0003_b1 + 4*row_slack_R0003_b2
[expanded] A_binary=[[0, 0, 0, 0, 0, 0, 0, 0, 0, 1, 2, 4, 1, 2, 4, 1, 2, 4, 1, 2, 4, 0, 0, 0, 0, 0, 0, 0, 0, 0], [0, 0, 0, 2, 4, 8, 0, 0, 0, 2, 4, 8, 0, 0, 0, 0, 0, 0, 0, 0, 0, 3, 6, 12, 1, 2, 4, 0, 0, 0], [5, 10, 20, 0, 0, 0, 2, 4, 8, 0, 0, 0, 2, 4, 8, 0, 0, 0, 0, 0, 0, 0, 0, 0, 0, 0, 0, 1, 2, 4]] b=[1, 5, 5]
[expanded] lin_constr_mtx=[[0, 0, 0, 0, 0, 0, 0, 0, 0, 1, 2, 4, 1, 2, 4, 1, 2, 4, 1, 2, 4, 0, 0, 0, 0, 0, 0, 0, 0, 0, 1], [0, 0, 0, 2, 4, 8, 0, 0, 0, 2, 4, 8, 0, 0, 0, 0, 0, 0, 0, 0, 0, 3, 6, 12, 1, 2, 4, 0, 0, 0, 5], [5, 10, 20, 0, 0, 0, 2, 4, 8, 0, 0, 0, 2, 4, 8, 0, 0, 0, 0, 0, 0, 0, 0, 0, 0, 0, 0, 1, 2, 4, 5]]
Set parameter Username
[classical] objective=23.0 solution={'C0029': 0, 'C0033': 1, 'C0034': 2, 'C0038': 0, 'C0039': 0, 'C0040': 0, 'C0041': 1, 'C0053': 1, 'row_slack_R0002': 0, 'row_slack_R0003': 1}
[circuit] metrics=[589, 62, 284, 636]
[solve] start
[solve] states=[[1, 0, 1, 1, 1, 0, 1, 1, 0, 1, 1, 0, 0, 0, 0, 1, 1, 0, 1, 0, 1, 1, 0, 0, 0, 0, 0], [1, 0, 1, 1, 1, 0, 1, 1, 0, 1, 1, 0, 0, 0, 0, 1, 1, 0, 1, 1, 0, 1, 0, 0, 1, 1, 0], [1, 1, 0, 0, 0, 0, 1, 1, 0, 1, 0, 1, 0, 0, 0, 1, 1, 0, 1, 1, 0, 1, 0, 0, 1, 1, 0], [1, 1, 0, 0, 0, 0, 1, 1, 0, 1, 1, 0, 0, 0, 0, 1, 1, 0, 1, 1, 0, 1, 0, 0, 1, 1, 0], [1, 1, 0, 1, 0, 0, 1, 1, 0, 1, 1, 0, 0, 0, 0, 0, 1, 0, 1, 1, 0, 1, 0, 0, 1, 1, 0], [1, 1, 0, 1, 0, 1, 1, 0, 1, 1, 1, 0, 0, 0, 0, 1, 1, 0, 1, 1, 0, 1, 0, 0, 1, 1, 0], [1, 1, 0, 1, 0, 1, 1, 1, 0, 1, 1, 0, 0, 0, 0, 1, 0, 1, 1, 1, 0, 1, 0, 0, 1, 1, 0], [1, 1, 0, 1, 0, 1, 1, 1, 0, 1, 1, 0, 0, 0, 0, 1, 1, 0, 1, 0, 1, 1, 0, 0, 1, 0, 1], [1, 1, 0, 1, 0, 1, 1, 1, 0, 1, 1, 0, 0, 0, 0, 1, 1, 0, 1, 0, 1, 1, 0, 0, 1, 1, 0], [1, 1, 0, 1, 0, 1, 1, 1, 0, 1, 1, 0, 0, 0, 0, 1, 1, 0, 1, 1, 0, 1, 0, 0, 0, 0, 0], [1, 1, 0, 1, 0, 1, 1, 1, 0, 1, 1, 0, 0, 0, 0, 1, 1, 0, 1, 1, 0, 1, 0, 0, 1, 1, 0], [1, 1, 0, 1, 1, 0, 1, 0, 1, 1, 1, 0, 0, 0, 0, 0, 0, 0, 1, 1, 0, 1, 0, 0, 0, 0, 0], [1, 1, 0, 1, 1, 0, 1, 0, 1, 1, 1, 0, 0, 0, 0, 0, 0, 0, 1, 1, 0, 1, 0, 0, 1, 1, 0], [1, 1, 0, 1, 1, 0, 1, 0, 1, 1, 1, 0, 0, 0, 0, 1, 1, 0, 1, 0, 1, 1, 0, 0, 1, 1, 0], [1, 1, 0, 1, 1, 0, 1, 0, 1, 1, 1, 0, 0, 0, 0, 1, 1, 0, 1, 1, 0, 1, 0, 0, 1, 0, 1], [1, 1, 0, 1, 1, 0, 1, 0, 1, 1, 1, 0, 0, 0, 0, 1, 1, 0, 1, 1, 0, 1, 0, 0, 1, 1, 0], [1, 1, 0, 1, 1, 0, 1, 1, 0, 1, 0, 1, 0, 0, 0, 0, 0, 0, 1, 1, 0, 1, 0, 0, 1, 1, 0], [1, 1, 0, 1, 1, 0, 1, 1, 0, 1, 0, 1, 0, 0, 0, 1, 1, 0, 1, 0, 1, 1, 0, 0, 1, 1, 0], [1, 1, 0, 1, 1, 0, 1, 1, 0, 1, 0, 1, 0, 0, 0, 1, 1, 0, 1, 1, 0, 1, 0, 0, 1, 1, 0], [1, 1, 0, 1, 1, 0, 1, 1, 0, 1, 1, 0, 0, 0, 0, 0, 0, 0, 1, 1, 0, 1, 0, 0, 0, 0, 0], [1, 1, 0, 1, 1, 0, 1, 1, 0, 1, 1, 0, 0, 0, 0, 0, 0, 0, 1, 1, 0, 1, 0, 0, 1, 1, 0], [1, 1, 0, 1, 1, 0, 1, 1, 0, 1, 1, 0, 0, 0, 0, 1, 0, 1, 1, 1, 0, 1, 0, 0, 1, 1, 0], [1, 1, 0, 1, 1, 0, 1, 1, 0, 1, 1, 0, 0, 0, 0, 1, 1, 0, 0, 0, 0, 1, 0, 0, 1, 0, 1], [1, 1, 0, 1, 1, 0, 1, 1, 0, 1, 1, 0, 0, 0, 0, 1, 1, 0, 0, 0, 0, 1, 0, 0, 1, 1, 0], [1, 1, 0, 1, 1, 0, 1, 1, 0, 1, 1, 0, 0, 0, 0, 1, 1, 0, 1, 0, 1, 1, 0, 0, 1, 1, 0], [1, 1, 0, 1, 1, 0, 1, 1, 0, 1, 1, 0, 0, 0, 0, 1, 1, 0, 1, 1, 0, 1, 0, 0, 0, 0, 0], [1, 1, 0, 1, 1, 0, 1, 1, 0, 1, 1, 0, 0, 0, 0, 1, 1, 0, 1, 1, 0, 1, 0, 0, 1, 0, 1], [1, 1, 0, 1, 1, 0, 1, 1, 0, 1, 1, 0, 0, 0, 0, 1, 1, 0, 1, 1, 0, 1, 0, 0, 1, 1, 0]]
[solve] probs=[0.00390625, 0.01953125, 0.00390625, 0.04296875, 0.0078125, 0.00390625, 0.0078125, 0.00390625, 0.00390625, 0.00390625, 0.03515625, 0.00390625, 0.00390625, 0.00390625, 0.00390625, 0.00390625, 0.00390625, 0.00390625, 0.04296875, 0.00390625, 0.01953125, 0.0390625, 0.00390625, 0.03515625, 0.01171875, 0.02734375, 0.05078125, 0.6015625]
[choco-best] objective=None probability=None solution=None
[parallel 173/274] path=data/miplib_benders/qaoa_problems/nvars_09/supportcase6_ds_qaoa_c747_c759_c762_0004.json status=ok wall=2278.0781284929253 peak_mb=413.86328125 choco_obj=
[problem] assign1-5-8_ds_qaoa_R0133_R0002_R0003_0002 path=data/miplib_benders/qaoa_problems/nvars_10/assign1-5-8_ds_qaoa_R0133_R0002_R0003_0002.json
[input] n_int=10 n_bin=30 n_constr=3
[input] A=[[0, 0, 1, 1, 1, 1, 0, 0, 0, 0], [2, 0, 2, 0, 0, 0, 3, 0, 1, 0], [0, 2, 0, 2, 0, 0, 0, 3, 0, 1]] b=[1, 5, 5] c=[1, 2, 3, 4, 5, 6, 7, 8, 0, 0]
[encoding]
  C0033 = C0033_b0 + 2*C0033_b1 + 4*C0033_b2
  C0034 = C0034_b0 + 2*C0034_b1 + 4*C0034_b2
  C0038 = C0038_b0 + 2*C0038_b1 + 4*C0038_b2
  C0039 = C0039_b0 + 2*C0039_b1 + 4*C0039_b2
  C0040 = C0040_b0 + 2*C0040_b1 + 4*C0040_b2
  C0041 = C0041_b0 + 2*C0041_b1 + 4*C0041_b2
  C0053 = C0053_b0 + 2*C0053_b1 + 4*C0053_b2
  C0054 = C0054_b0 + 2*C0054_b1 + 4*C0054_b2
  row_slack_R0002 = row_slack_R0002_b0 + 2*row_slack_R0002_b1 + 4*row_slack_R0002_b2
  row_slack_R0003 = row_slack_R0003_b0 + 2*row_slack_R0003_b1 + 4*row_slack_R0003_b2
[expanded] A_binary=[[0, 0, 0, 0, 0, 0, 1, 2, 4, 1, 2, 4, 1, 2, 4, 1, 2, 4, 0, 0, 0, 0, 0, 0, 0, 0, 0, 0, 0, 0], [2, 4, 8, 0, 0, 0, 2, 4, 8, 0, 0, 0, 0, 0, 0, 0, 0, 0, 3, 6, 12, 0, 0, 0, 1, 2, 4, 0, 0, 0], [0, 0, 0, 2, 4, 8, 0, 0, 0, 2, 4, 8, 0, 0, 0, 0, 0, 0, 0, 0, 0, 3, 6, 12, 0, 0, 0, 1, 2, 4]] b=[1, 5, 5]
[expanded] lin_constr_mtx=[[0, 0, 0, 0, 0, 0, 1, 2, 4, 1, 2, 4, 1, 2, 4, 1, 2, 4, 0, 0, 0, 0, 0, 0, 0, 0, 0, 0, 0, 0, 1], [2, 4, 8, 0, 0, 0, 2, 4, 8, 0, 0, 0, 0, 0, 0, 0, 0, 0, 3, 6, 12, 0, 0, 0, 1, 2, 4, 0, 0, 0, 5], [0, 0, 0, 2, 4, 8, 0, 0, 0, 2, 4, 8, 0, 0, 0, 0, 0, 0, 0, 0, 0, 3, 6, 12, 0, 0, 0, 1, 2, 4, 5]]
Set parameter Username
[classical] objective=24.0 solution={'C0033': 1, 'C0034': 1, 'C0038': 0, 'C0039': 0, 'C0040': 0, 'C0041': 1, 'C0053': 1, 'C0054': 1, 'row_slack_R0002': 0, 'row_slack_R0003': 0}
[circuit] metrics=[646, 62, 296, 712]
[solve] start
[solve] states=[[1, 0, 0, 1, 1, 0, 0, 0, 0, 1, 0, 1, 0, 0, 0, 0, 1, 0, 1, 1, 0, 1, 1, 0, 1, 0, 0], [1, 0, 0, 1, 1, 0, 1, 1, 0, 1, 1, 0, 0, 0, 0, 0, 1, 0, 1, 1, 0, 1, 1, 0, 1, 0, 0], [1, 0, 1, 1, 0, 1, 1, 1, 0, 1, 0, 1, 0, 0, 0, 1, 1, 0, 1, 1, 0, 1, 1, 0, 1, 0, 0], [1, 0, 1, 1, 0, 1, 1, 1, 0, 1, 1, 0, 0, 0, 0, 1, 1, 0, 0, 0, 0, 1, 1, 0, 1, 0, 0], [1, 0, 1, 1, 1, 0, 0, 0, 0, 1, 1, 0, 0, 0, 0, 1, 1, 0, 1, 0, 1, 1, 1, 0, 1, 0, 0], [1, 0, 1, 1, 1, 0, 0, 0, 0, 1, 1, 0, 0, 0, 0, 1, 1, 0, 1, 1, 0, 1, 1, 0, 1, 0, 0], [1, 0, 1, 1, 1, 0, 1, 1, 0, 1, 1, 0, 0, 0, 0, 0, 0, 0, 0, 0, 0, 1, 1, 0, 1, 0, 0], [1, 0, 1, 1, 1, 0, 1, 1, 0, 1, 1, 0, 0, 0, 0, 1, 1, 0, 0, 0, 0, 1, 0, 1, 1, 0, 0], [1, 0, 1, 1, 1, 0, 1, 1, 0, 1, 1, 0, 0, 0, 0, 1, 1, 0, 0, 0, 0, 1, 1, 0, 1, 0, 0], [1, 0, 1, 1, 1, 0, 1, 1, 0, 1, 1, 0, 0, 0, 0, 1, 1, 0, 1, 1, 0, 0, 0, 0, 1, 0, 0], [1, 0, 1, 1, 1, 0, 1, 1, 0, 1, 1, 0, 0, 0, 0, 1, 1, 0, 1, 1, 0, 1, 0, 1, 1, 0, 0], [1, 0, 1, 1, 1, 0, 1, 1, 0, 1, 1, 0, 0, 0, 0, 1, 1, 0, 1, 1, 0, 1, 1, 0, 1, 0, 0], [1, 1, 0, 0, 1, 0, 1, 0, 1, 1, 1, 0, 0, 0, 0, 1, 1, 0, 1, 1, 0, 1, 0, 0, 1, 0, 0], [1, 1, 0, 0, 1, 0, 1, 1, 0, 1, 1, 0, 0, 0, 0, 1, 1, 0, 1, 1, 0, 1, 0, 0, 1, 0, 0], [1, 1, 0, 1, 0, 0, 0, 1, 0, 1, 1, 0, 0, 0, 0, 1, 1, 0, 1, 1, 0, 1, 1, 0, 1, 0, 0], [1, 1, 0, 1, 0, 1, 0, 0, 0, 1, 1, 0, 0, 0, 0, 1, 1, 0, 1, 1, 0, 1, 1, 0, 1, 0, 0], [1, 1, 0, 1, 0, 1, 1, 0, 1, 1, 0, 1, 0, 0, 0, 1, 0, 1, 1, 1, 0, 1, 1, 0, 1, 0, 0], [1, 1, 0, 1, 0, 1, 1, 0, 1, 1, 1, 0, 0, 0, 0, 1, 1, 0, 1, 1, 0, 1, 1, 0, 1, 0, 0], [1, 1, 0, 1, 0, 1, 1, 1, 0, 1, 0, 1, 0, 0, 0, 1, 1, 0, 1, 1, 0, 1, 1, 0, 1, 0, 0], [1, 1, 0, 1, 0, 1, 1, 1, 0, 1, 1, 0, 0, 0, 0, 1, 1, 0, 0, 0, 0, 1, 0, 1, 1, 0, 0], [1, 1, 0, 1, 0, 1, 1, 1, 0, 1, 1, 0, 0, 0, 0, 1, 1, 0, 0, 0, 0, 1, 1, 0, 1, 0, 0], [1, 1, 0, 1, 0, 1, 1, 1, 0, 1, 1, 0, 0, 0, 0, 1, 1, 0, 1, 1, 0, 0, 0, 0, 1, 0, 0], [1, 1, 0, 1, 0, 1, 1, 1, 0, 1, 1, 0, 0, 0, 0, 1, 1, 0, 1, 1, 0, 1, 0, 1, 1, 0, 0], [1, 1, 0, 1, 0, 1, 1, 1, 0, 1, 1, 0, 0, 0, 0, 1, 1, 0, 1, 1, 0, 1, 1, 0, 1, 0, 0], [1, 1, 0, 1, 1, 0, 0, 0, 0, 1, 0, 1, 0, 0, 0, 1, 1, 0, 1, 1, 0, 1, 1, 0, 1, 0, 0], [1, 1, 0, 1, 1, 0, 0, 0, 0, 1, 1, 0, 0, 0, 0, 0, 0, 0, 1, 1, 0, 1, 1, 0, 1, 0, 0], [1, 1, 0, 1, 1, 0, 0, 0, 0, 1, 1, 0, 0, 0, 0, 1, 0, 1, 1, 1, 0, 1, 1, 0, 1, 0, 0], [1, 1, 0, 1, 1, 0, 0, 0, 0, 1, 1, 0, 0, 0, 0, 1, 1, 0, 0, 0, 0, 1, 1, 0, 1, 0, 0], [1, 1, 0, 1, 1, 0, 0, 0, 0, 1, 1, 0, 0, 0, 0, 1, 1, 0, 1, 0, 1, 1, 1, 0, 1, 0, 0], [1, 1, 0, 1, 1, 0, 0, 0, 0, 1, 1, 0, 0, 0, 0, 1, 1, 0, 1, 1, 0, 1, 1, 0, 1, 0, 0], [1, 1, 0, 1, 1, 0, 1, 0, 0, 1, 1, 0, 1, 0, 0, 0, 0, 1, 1, 1, 0, 1, 1, 0, 0, 0, 0], [1, 1, 0, 1, 1, 0, 1, 0, 0, 1, 1, 0, 1, 0, 0, 0, 1, 0, 1, 0, 1, 1, 1, 0, 0, 0, 0], [1, 1, 0, 1, 1, 0, 1, 0, 0, 1, 1, 0, 1, 0, 0, 0, 1, 0, 1, 1, 0, 1, 1, 0, 0, 0, 0], [1, 1, 0, 1, 1, 0, 1, 0, 1, 1, 0, 1, 0, 0, 0, 1, 1, 0, 1, 1, 0, 1, 1, 0, 1, 0, 0], [1, 1, 0, 1, 1, 0, 1, 0, 1, 1, 1, 0, 0, 0, 0, 0, 0, 0, 1, 1, 0, 1, 1, 0, 1, 0, 0], [1, 1, 0, 1, 1, 0, 1, 0, 1, 1, 1, 0, 0, 0, 0, 1, 1, 0, 1, 1, 0, 1, 1, 0, 1, 0, 0], [1, 1, 0, 1, 1, 0, 1, 1, 0, 1, 0, 1, 0, 0, 0, 0, 0, 0, 1, 1, 0, 1, 1, 0, 1, 0, 0], [1, 1, 0, 1, 1, 0, 1, 1, 0, 1, 0, 1, 0, 0, 0, 1, 0, 1, 1, 0, 0, 0, 1, 0, 1, 0, 0], [1, 1, 0, 1, 1, 0, 1, 1, 0, 1, 0, 1, 0, 0, 0, 1, 1, 0, 1, 0, 1, 1, 1, 0, 1, 0, 0], [1, 1, 0, 1, 1, 0, 1, 1, 0, 1, 0, 1, 0, 0, 0, 1, 1, 0, 1, 1, 0, 1, 0, 1, 1, 0, 0], [1, 1, 0, 1, 1, 0, 1, 1, 0, 1, 0, 1, 0, 0, 0, 1, 1, 0, 1, 1, 0, 1, 1, 0, 1, 0, 0], [1, 1, 0, 1, 1, 0, 1, 1, 0, 1, 1, 0, 0, 0, 0, 0, 0, 0, 0, 0, 0, 0, 0, 0, 1, 0, 0], [1, 1, 0, 1, 1, 0, 1, 1, 0, 1, 1, 0, 0, 0, 0, 0, 0, 0, 0, 0, 0, 1, 1, 0, 1, 0, 0], [1, 1, 0, 1, 1, 0, 1, 1, 0, 1, 1, 0, 0, 0, 0, 0, 0, 0, 1, 0, 1, 1, 1, 0, 1, 0, 0], [1, 1, 0, 1, 1, 0, 1, 1, 0, 1, 1, 0, 0, 0, 0, 0, 0, 0, 1, 1, 0, 0, 0, 0, 1, 0, 0], [1, 1, 0, 1, 1, 0, 1, 1, 0, 1, 1, 0, 0, 0, 0, 0, 0, 0, 1, 1, 0, 1, 0, 1, 1, 0, 0], [1, 1, 0, 1, 1, 0, 1, 1, 0, 1, 1, 0, 0, 0, 0, 0, 0, 0, 1, 1, 0, 1, 1, 0, 1, 0, 0], [1, 1, 0, 1, 1, 0, 1, 1, 0, 1, 1, 0, 0, 0, 0, 1, 0, 1, 1, 0, 1, 1, 1, 0, 1, 0, 0], [1, 1, 0, 1, 1, 0, 1, 1, 0, 1, 1, 0, 0, 0, 0, 1, 0, 1, 1, 1, 0, 1, 1, 0, 1, 0, 0], [1, 1, 0, 1, 1, 0, 1, 1, 0, 1, 1, 0, 0, 0, 0, 1, 1, 0, 0, 0, 0, 0, 0, 0, 1, 0, 0], [1, 1, 0, 1, 1, 0, 1, 1, 0, 1, 1, 0, 0, 0, 0, 1, 1, 0, 0, 0, 0, 1, 0, 1, 1, 0, 0], [1, 1, 0, 1, 1, 0, 1, 1, 0, 1, 1, 0, 0, 0, 0, 1, 1, 0, 0, 0, 0, 1, 1, 0, 1, 0, 0], [1, 1, 0, 1, 1, 0, 1, 1, 0, 1, 1, 0, 0, 0, 0, 1, 1, 0, 1, 0, 0, 0, 1, 0, 1, 0, 0], [1, 1, 0, 1, 1, 0, 1, 1, 0, 1, 1, 0, 0, 0, 0, 1, 1, 0, 1, 0, 1, 0, 0, 0, 1, 0, 0], [1, 1, 0, 1, 1, 0, 1, 1, 0, 1, 1, 0, 0, 0, 0, 1, 1, 0, 1, 0, 1, 1, 0, 1, 1, 0, 0], [1, 1, 0, 1, 1, 0, 1, 1, 0, 1, 1, 0, 0, 0, 0, 1, 1, 0, 1, 0, 1, 1, 1, 0, 1, 0, 0], [1, 1, 0, 1, 1, 0, 1, 1, 0, 1, 1, 0, 0, 0, 0, 1, 1, 0, 1, 1, 0, 0, 0, 0, 1, 0, 0], [1, 1, 0, 1, 1, 0, 1, 1, 0, 1, 1, 0, 0, 0, 0, 1, 1, 0, 1, 1, 0, 1, 0, 1, 1, 0, 0], [1, 1, 0, 1, 1, 0, 1, 1, 0, 1, 1, 0, 0, 0, 0, 1, 1, 0, 1, 1, 0, 1, 1, 0, 1, 0, 0]]
[solve] probs=[0.00390625, 0.00390625, 0.00390625, 0.00390625, 0.00390625, 0.00390625, 0.00390625, 0.00390625, 0.00390625, 0.00390625, 0.01171875, 0.046875, 0.00390625, 0.00390625, 0.01171875, 0.00390625, 0.00390625, 0.00390625, 0.00390625, 0.00390625, 0.00390625, 0.00390625, 0.00390625, 0.02734375, 0.0078125, 0.00390625, 0.00390625, 0.0078125, 0.00390625, 0.03515625, 0.00390625, 0.00390625, 0.0078125, 0.00390625, 0.01171875, 0.01953125, 0.0078125, 0.00390625, 0.01171875, 0.00390625, 0.0390625, 0.00390625, 0.00390625, 0.0078125, 0.00390625, 0.0078125, 0.04296875, 0.00390625, 0.046875, 0.00390625, 0.0078125, 0.03125, 0.00390625, 0.0078125, 0.00390625, 0.0546875, 0.04296875, 0.03125, 0.3359375]
[choco-best] objective=None probability=None solution=None
[parallel 174/274] path=data/miplib_benders/qaoa_problems/nvars_09/supportcase6_ds_qaoa_c747_c759_c762_0003.json status=ok wall=3244.892991282046 peak_mb=414.4453125 choco_obj=
[problem] ex10_ds_qaoa_NOD26_NOD2X2_0001 path=data/miplib_benders/qaoa_problems/nvars_10/ex10_ds_qaoa_NOD26_NOD2X2_0001.json
[input] n_int=10 n_bin=30 n_constr=2
[input] A=[[1, 1, 1, 1, 1, 1, 1, 1, 1, 1], [1, 1, 1, 0, 0, 0, 0, 0, 0, 0]] b=[1, 1] c=[1, 1, 1, 1, 1, 1, 1, 1, 1, 1]
[encoding]
  b26_220 = b26_220_b0 + 2*b26_220_b1 + 4*b26_220_b2
  b26_222 = b26_222_b0 + 2*b26_222_b1 + 4*b26_222_b2
  b26_223 = b26_223_b0 + 2*b26_223_b1 + 4*b26_223_b2
  b26_230 = b26_230_b0 + 2*b26_230_b1 + 4*b26_230_b2
  b26_240 = b26_240_b0 + 2*b26_240_b1 + 4*b26_240_b2
  b26_241 = b26_241_b0 + 2*b26_241_b1 + 4*b26_241_b2
  b26_242 = b26_242_b0 + 2*b26_242_b1 + 4*b26_242_b2
  b26_243 = b26_243_b0 + 2*b26_243_b1 + 4*b26_243_b2
  b26_250 = b26_250_b0 + 2*b26_250_b1 + 4*b26_250_b2
  b26_251 = b26_251_b0 + 2*b26_251_b1 + 4*b26_251_b2
[expanded] A_binary=[[1, 2, 4, 1, 2, 4, 1, 2, 4, 1, 2, 4, 1, 2, 4, 1, 2, 4, 1, 2, 4, 1, 2, 4, 1, 2, 4, 1, 2, 4], [1, 2, 4, 1, 2, 4, 1, 2, 4, 0, 0, 0, 0, 0, 0, 0, 0, 0, 0, 0, 0, 0, 0, 0, 0, 0, 0, 0, 0, 0]] b=[1, 1]
[expanded] lin_constr_mtx=[[1, 2, 4, 1, 2, 4, 1, 2, 4, 1, 2, 4, 1, 2, 4, 1, 2, 4, 1, 2, 4, 1, 2, 4, 1, 2, 4, 1, 2, 4, 1], [1, 2, 4, 1, 2, 4, 1, 2, 4, 0, 0, 0, 0, 0, 0, 0, 0, 0, 0, 0, 0, 0, 0, 0, 0, 0, 0, 0, 0, 0, 1]]
Set parameter Username
[classical] objective=1.0 solution={'b26_220': 0, 'b26_222': 1, 'b26_223': 0, 'b26_230': 0, 'b26_240': 0, 'b26_241': 0, 'b26_242': 0, 'b26_243': 0, 'b26_250': 0, 'b26_251': 0}
[circuit] metrics=[269, 62, 120, 333]
[solve] start
[solve] states=[[0, 0, 0, 0, 0, 0, 0, 0, 0, 1, 0, 0, 0, 0, 0, 0, 0, 0, 0, 0, 0, 1, 0, 0, 0, 0, 0, 1, 0, 1]]
[solve] probs=[1.0]
[choco-best] objective=12.0 probability=1.0 solution={'C0033': 0, 'C0034': 0, 'C0035': 0, 'C0036': 1, 'C0038': 0, 'C0039': 0, 'C0040': 0, 'C0041': 1, 'C0053': 0, 'row_slack_R0002': 5}
[parallel 175/274] path=data/miplib_benders/qaoa_problems/nvars_10/assign1-5-8_ds_qaoa_R0132_R0133_R0002_0001.json status=ok wall=1706.67669973406 peak_mb=437.95703125 choco_obj=12.0
[problem] ex9_ds_qaoa_NOD2X5_NOD37_0002 path=data/miplib_benders/qaoa_problems/nvars_10/ex9_ds_qaoa_NOD2X5_NOD37_0002.json
[input] n_int=10 n_bin=30 n_constr=2
[input] A=[[0, 0, 0, 0, 0, 0, 0, 1, 1, 1], [1, 1, 1, 1, 1, 1, 1, 1, 1, 1]] b=[1, 1] c=[1, 1, 1, 1, 1, 1, 1, 1, 1, 1]
[encoding]
  b37_223 = b37_223_b0 + 2*b37_223_b1 + 4*b37_223_b2
  b37_230 = b37_230_b0 + 2*b37_230_b1 + 4*b37_230_b2
  b37_233 = b37_233_b0 + 2*b37_233_b1 + 4*b37_233_b2
  b37_240 = b37_240_b0 + 2*b37_240_b1 + 4*b37_240_b2
  b37_241 = b37_241_b0 + 2*b37_241_b1 + 4*b37_241_b2
  b37_242 = b37_242_b0 + 2*b37_242_b1 + 4*b37_242_b2
  b37_243 = b37_243_b0 + 2*b37_243_b1 + 4*b37_243_b2
  b37_250 = b37_250_b0 + 2*b37_250_b1 + 4*b37_250_b2
  b37_251 = b37_251_b0 + 2*b37_251_b1 + 4*b37_251_b2
  b37_252 = b37_252_b0 + 2*b37_252_b1 + 4*b37_252_b2
[expanded] A_binary=[[0, 0, 0, 0, 0, 0, 0, 0, 0, 0, 0, 0, 0, 0, 0, 0, 0, 0, 0, 0, 0, 1, 2, 4, 1, 2, 4, 1, 2, 4], [1, 2, 4, 1, 2, 4, 1, 2, 4, 1, 2, 4, 1, 2, 4, 1, 2, 4, 1, 2, 4, 1, 2, 4, 1, 2, 4, 1, 2, 4]] b=[1, 1]
[expanded] lin_constr_mtx=[[0, 0, 0, 0, 0, 0, 0, 0, 0, 0, 0, 0, 0, 0, 0, 0, 0, 0, 0, 0, 0, 1, 2, 4, 1, 2, 4, 1, 2, 4, 1], [1, 2, 4, 1, 2, 4, 1, 2, 4, 1, 2, 4, 1, 2, 4, 1, 2, 4, 1, 2, 4, 1, 2, 4, 1, 2, 4, 1, 2, 4, 1]]
Set parameter Username
[classical] objective=1.0 solution={'b37_223': 0, 'b37_230': 0, 'b37_233': 0, 'b37_240': 0, 'b37_241': 0, 'b37_242': 0, 'b37_243': 0, 'b37_250': 0, 'b37_251': 0, 'b37_252': 1}
[circuit] metrics=[269, 62, 120, 333]
[solve] start
[solve] states=[[0, 0, 0, 0, 0, 0, 0, 0, 0, 0, 0, 0, 0, 0, 0, 0, 0, 0, 1, 0, 0, 0, 0, 0, 1, 0, 1, 1, 0, 1]]
[solve] probs=[1.0]
[choco-best] objective=7.0 probability=1.0 solution={'C0029': 0, 'C0033': 0, 'C0034': 0, 'C0038': 0, 'C0039': 0, 'C0040': 0, 'C0041': 1, 'C0053': 0, 'row_slack_R0002': 5, 'row_slack_R0003': 5}
[parallel 176/274] path=data/miplib_benders/qaoa_problems/nvars_10/assign1-5-8_ds_qaoa_R0133_R0002_R0003_0001.json status=ok wall=2352.91361426597 peak_mb=435.8671875 choco_obj=7.0
[problem] ex9_ds_qaoa_NOD2X5_NOD37_0003 path=data/miplib_benders/qaoa_problems/nvars_10/ex9_ds_qaoa_NOD2X5_NOD37_0003.json
[input] n_int=10 n_bin=30 n_constr=2
[input] A=[[0, 0, 0, 0, 0, 0, 1, 1, 1, 1], [1, 1, 1, 1, 1, 1, 1, 1, 1, 1]] b=[1, 1] c=[1, 1, 1, 1, 1, 1, 1, 1, 1, 1]
[encoding]
  b37_230 = b37_230_b0 + 2*b37_230_b1 + 4*b37_230_b2
  b37_233 = b37_233_b0 + 2*b37_233_b1 + 4*b37_233_b2
  b37_240 = b37_240_b0 + 2*b37_240_b1 + 4*b37_240_b2
  b37_241 = b37_241_b0 + 2*b37_241_b1 + 4*b37_241_b2
  b37_242 = b37_242_b0 + 2*b37_242_b1 + 4*b37_242_b2
  b37_243 = b37_243_b0 + 2*b37_243_b1 + 4*b37_243_b2
  b37_250 = b37_250_b0 + 2*b37_250_b1 + 4*b37_250_b2
  b37_251 = b37_251_b0 + 2*b37_251_b1 + 4*b37_251_b2
  b37_252 = b37_252_b0 + 2*b37_252_b1 + 4*b37_252_b2
  b37_253 = b37_253_b0 + 2*b37_253_b1 + 4*b37_253_b2
[expanded] A_binary=[[0, 0, 0, 0, 0, 0, 0, 0, 0, 0, 0, 0, 0, 0, 0, 0, 0, 0, 1, 2, 4, 1, 2, 4, 1, 2, 4, 1, 2, 4], [1, 2, 4, 1, 2, 4, 1, 2, 4, 1, 2, 4, 1, 2, 4, 1, 2, 4, 1, 2, 4, 1, 2, 4, 1, 2, 4, 1, 2, 4]] b=[1, 1]
[expanded] lin_constr_mtx=[[0, 0, 0, 0, 0, 0, 0, 0, 0, 0, 0, 0, 0, 0, 0, 0, 0, 0, 1, 2, 4, 1, 2, 4, 1, 2, 4, 1, 2, 4, 1], [1, 2, 4, 1, 2, 4, 1, 2, 4, 1, 2, 4, 1, 2, 4, 1, 2, 4, 1, 2, 4, 1, 2, 4, 1, 2, 4, 1, 2, 4, 1]]
Set parameter Username
[classical] objective=1.0 solution={'b37_230': 0, 'b37_233': 0, 'b37_240': 0, 'b37_241': 0, 'b37_242': 0, 'b37_243': 0, 'b37_250': 0, 'b37_251': 0, 'b37_252': 0, 'b37_253': 1}
[circuit] metrics=[229, 62, 102, 333]
[solve] start
[solve] states=[[0, 0, 0, 0, 0, 0, 1, 0, 0, 0, 0, 0, 0, 0, 0, 0, 0, 0, 0, 0, 0, 0, 0, 0, 0, 0, 0, 0, 0, 0]]
[solve] probs=[1.0]
[choco-best] objective=1.0 probability=1.0 solution={'b26_220': 0, 'b26_222': 0, 'b26_223': 1, 'b26_230': 0, 'b26_240': 0, 'b26_241': 0, 'b26_242': 0, 'b26_243': 0, 'b26_250': 0, 'b26_251': 0}
[parallel 177/274] path=data/miplib_benders/qaoa_problems/nvars_10/ex10_ds_qaoa_NOD26_NOD2X2_0001.json status=ok wall=1438.6992974280147 peak_mb=483.59765625 choco_obj=1.0
[problem] ex9_ds_qaoa_NOD2X5_NOD37_0004 path=data/miplib_benders/qaoa_problems/nvars_10/ex9_ds_qaoa_NOD2X5_NOD37_0004.json
[input] n_int=10 n_bin=30 n_constr=2
[input] A=[[0, 0, 0, 0, 0, 1, 1, 1, 1, 0], [1, 1, 1, 1, 1, 1, 1, 1, 1, 1]] b=[1, 1] c=[1, 1, 1, 1, 1, 1, 1, 1, 1, 1]
[encoding]
  b37_233 = b37_233_b0 + 2*b37_233_b1 + 4*b37_233_b2
  b37_240 = b37_240_b0 + 2*b37_240_b1 + 4*b37_240_b2
  b37_241 = b37_241_b0 + 2*b37_241_b1 + 4*b37_241_b2
  b37_242 = b37_242_b0 + 2*b37_242_b1 + 4*b37_242_b2
  b37_243 = b37_243_b0 + 2*b37_243_b1 + 4*b37_243_b2
  b37_250 = b37_250_b0 + 2*b37_250_b1 + 4*b37_250_b2
  b37_251 = b37_251_b0 + 2*b37_251_b1 + 4*b37_251_b2
  b37_252 = b37_252_b0 + 2*b37_252_b1 + 4*b37_252_b2
  b37_253 = b37_253_b0 + 2*b37_253_b1 + 4*b37_253_b2
  b37_260 = b37_260_b0 + 2*b37_260_b1 + 4*b37_260_b2
[expanded] A_binary=[[0, 0, 0, 0, 0, 0, 0, 0, 0, 0, 0, 0, 0, 0, 0, 1, 2, 4, 1, 2, 4, 1, 2, 4, 1, 2, 4, 0, 0, 0], [1, 2, 4, 1, 2, 4, 1, 2, 4, 1, 2, 4, 1, 2, 4, 1, 2, 4, 1, 2, 4, 1, 2, 4, 1, 2, 4, 1, 2, 4]] b=[1, 1]
[expanded] lin_constr_mtx=[[0, 0, 0, 0, 0, 0, 0, 0, 0, 0, 0, 0, 0, 0, 0, 1, 2, 4, 1, 2, 4, 1, 2, 4, 1, 2, 4, 0, 0, 0, 1], [1, 2, 4, 1, 2, 4, 1, 2, 4, 1, 2, 4, 1, 2, 4, 1, 2, 4, 1, 2, 4, 1, 2, 4, 1, 2, 4, 1, 2, 4, 1]]
Set parameter Username
[classical] objective=1.0 solution={'b37_233': 0, 'b37_240': 0, 'b37_241': 0, 'b37_242': 0, 'b37_243': 0, 'b37_250': 0, 'b37_251': 0, 'b37_252': 1, 'b37_253': 0, 'b37_260': 0}
[circuit] metrics=[229, 62, 102, 333]
[solve] start
[solve] states=[[0, 0, 0, 0, 0, 0, 0, 0, 0, 0, 0, 0, 0, 0, 0, 0, 0, 0, 0, 0, 0, 0, 0, 0, 0, 0, 0, 1, 0, 0], [1, 0, 0, 0, 0, 0, 0, 0, 0, 0, 0, 0, 0, 0, 0, 0, 0, 1, 0, 0, 0, 0, 0, 0, 0, 0, 0, 1, 0, 0]]
[solve] probs=[0.99609375, 0.00390625]
[choco-best] objective=1.0 probability=0.99609375 solution={'b37_223': 0, 'b37_230': 0, 'b37_233': 0, 'b37_240': 0, 'b37_241': 0, 'b37_242': 0, 'b37_243': 0, 'b37_250': 0, 'b37_251': 0, 'b37_252': 1}
[parallel 178/274] path=data/miplib_benders/qaoa_problems/nvars_10/ex9_ds_qaoa_NOD2X5_NOD37_0002.json status=ok wall=1302.0975157249486 peak_mb=417.671875 choco_obj=1.0
[problem] ex9_ds_qaoa_NOD2X5_NOD37_0005 path=data/miplib_benders/qaoa_problems/nvars_10/ex9_ds_qaoa_NOD2X5_NOD37_0005.json
[input] n_int=10 n_bin=30 n_constr=2
[input] A=[[0, 0, 0, 0, 1, 1, 1, 1, 0, 0], [1, 1, 1, 1, 1, 1, 1, 1, 1, 1]] b=[1, 1] c=[1, 1, 1, 1, 1, 1, 1, 1, 1, 1]
[encoding]
  b37_240 = b37_240_b0 + 2*b37_240_b1 + 4*b37_240_b2
  b37_241 = b37_241_b0 + 2*b37_241_b1 + 4*b37_241_b2
  b37_242 = b37_242_b0 + 2*b37_242_b1 + 4*b37_242_b2
  b37_243 = b37_243_b0 + 2*b37_243_b1 + 4*b37_243_b2
  b37_250 = b37_250_b0 + 2*b37_250_b1 + 4*b37_250_b2
  b37_251 = b37_251_b0 + 2*b37_251_b1 + 4*b37_251_b2
  b37_252 = b37_252_b0 + 2*b37_252_b1 + 4*b37_252_b2
  b37_253 = b37_253_b0 + 2*b37_253_b1 + 4*b37_253_b2
  b37_260 = b37_260_b0 + 2*b37_260_b1 + 4*b37_260_b2
  b37_261 = b37_261_b0 + 2*b37_261_b1 + 4*b37_261_b2
[expanded] A_binary=[[0, 0, 0, 0, 0, 0, 0, 0, 0, 0, 0, 0, 1, 2, 4, 1, 2, 4, 1, 2, 4, 1, 2, 4, 0, 0, 0, 0, 0, 0], [1, 2, 4, 1, 2, 4, 1, 2, 4, 1, 2, 4, 1, 2, 4, 1, 2, 4, 1, 2, 4, 1, 2, 4, 1, 2, 4, 1, 2, 4]] b=[1, 1]
[expanded] lin_constr_mtx=[[0, 0, 0, 0, 0, 0, 0, 0, 0, 0, 0, 0, 1, 2, 4, 1, 2, 4, 1, 2, 4, 1, 2, 4, 0, 0, 0, 0, 0, 0, 1], [1, 2, 4, 1, 2, 4, 1, 2, 4, 1, 2, 4, 1, 2, 4, 1, 2, 4, 1, 2, 4, 1, 2, 4, 1, 2, 4, 1, 2, 4, 1]]
Set parameter Username
[classical] objective=1.0 solution={'b37_240': 0, 'b37_241': 0, 'b37_242': 0, 'b37_243': 0, 'b37_250': 0, 'b37_251': 0, 'b37_252': 1, 'b37_253': 0, 'b37_260': 0, 'b37_261': 0}
[circuit] metrics=[229, 62, 102, 333]
[solve] start
[solve] states=[[0, 0, 0, 0, 0, 0, 0, 0, 0, 0, 0, 0, 0, 0, 0, 1, 0, 0, 0, 0, 0, 0, 0, 0, 1, 0, 1, 1, 0, 1], [1, 0, 0, 0, 0, 0, 1, 0, 0, 0, 0, 0, 0, 0, 0, 1, 1, 0, 0, 0, 0, 0, 0, 0, 1, 0, 1, 1, 0, 1]]
[solve] probs=[0.99609375, 0.00390625]
[choco-best] objective=6.0 probability=0.99609375 solution={'C0033': 0, 'C0034': 0, 'C0038': 0, 'C0039': 0, 'C0040': 0, 'C0041': 1, 'C0053': 0, 'C0054': 0, 'row_slack_R0002': 5, 'row_slack_R0003': 5}
[parallel 179/274] path=data/miplib_benders/qaoa_problems/nvars_10/assign1-5-8_ds_qaoa_R0133_R0002_R0003_0002.json status=ok wall=2622.234927981044 peak_mb=437.7109375 choco_obj=6.0
[problem] highschool1-aigio_ds_qaoa_spreadEventsUB_SpreadEvents1_108_Mo_spreadEventsUB_SpreadEvents1_108_Th_subeventsNotActive_108_1_1_0001 path=data/miplib_benders/qaoa_problems/nvars_10/highschool1-aigio_ds_qaoa_spreadEventsUB_SpreadEvents1_108_Mo_spreadEventsUB_SpreadEvents1_108_Th_subeventsNotActive_108_1_1_0001.json
[input] n_int=10 n_bin=30 n_constr=3
[input] A=[[1, 1, 1, 0, 0, 0, 1, 1, 0, 0], [0, 0, 0, 1, 1, 1, 0, 0, 1, 0], [-1, -1, -1, -1, -1, -1, 0, 0, 0, 1]] b=[1, 1, 0] c=[1, 2, 3, 4, 5, 6, 7, 0, 0, 0]
[encoding]
  y(108#1#1,Mo_4) = y_108_1_1_Mo_4__b0 + 2*y_108_1_1_Mo_4__b1 + 4*y_108_1_1_Mo_4__b2
  y(108#1#1,Mo_5) = y_108_1_1_Mo_5__b0 + 2*y_108_1_1_Mo_5__b1 + 4*y_108_1_1_Mo_5__b2
  y(108#1#1,Mo_6) = y_108_1_1_Mo_6__b0 + 2*y_108_1_1_Mo_6__b1 + 4*y_108_1_1_Mo_6__b2
  y(108#1#1,Th_4) = y_108_1_1_Th_4__b0 + 2*y_108_1_1_Th_4__b1 + 4*y_108_1_1_Th_4__b2
  y(108#1#1,Th_5) = y_108_1_1_Th_5__b0 + 2*y_108_1_1_Th_5__b1 + 4*y_108_1_1_Th_5__b2
  y(108#1#1,Th_6) = y_108_1_1_Th_6__b0 + 2*y_108_1_1_Th_6__b1 + 4*y_108_1_1_Th_6__b2
  y(108#1#2,Mo_4) = y_108_1_2_Mo_4__b0 + 2*y_108_1_2_Mo_4__b1 + 4*y_108_1_2_Mo_4__b2
  row_slack_spreadEventsUB_SpreadEvents1_108_Mo = row_slack_spreadEventsUB_SpreadEvents1_108_Mo_b0 + 2*row_slack_spreadEventsUB_SpreadEvents1_108_Mo_b1 + 4*row_slack_spreadEventsUB_SpreadEvents1_108_Mo_b2
  row_slack_spreadEventsUB_SpreadEvents1_108_Th = row_slack_spreadEventsUB_SpreadEvents1_108_Th_b0 + 2*row_slack_spreadEventsUB_SpreadEvents1_108_Th_b1 + 4*row_slack_spreadEventsUB_SpreadEvents1_108_Th_b2
  row_slack_subeventsNotActive_108_1_1 = row_slack_subeventsNotActive_108_1_1_b0 + 2*row_slack_subeventsNotActive_108_1_1_b1 + 4*row_slack_subeventsNotActive_108_1_1_b2
[expanded] A_binary=[[1, 2, 4, 1, 2, 4, 1, 2, 4, 0, 0, 0, 0, 0, 0, 0, 0, 0, 1, 2, 4, 1, 2, 4, 0, 0, 0, 0, 0, 0], [0, 0, 0, 0, 0, 0, 0, 0, 0, 1, 2, 4, 1, 2, 4, 1, 2, 4, 0, 0, 0, 0, 0, 0, 1, 2, 4, 0, 0, 0], [-1, -2, -4, -1, -2, -4, -1, -2, -4, -1, -2, -4, -1, -2, -4, -1, -2, -4, 0, 0, 0, 0, 0, 0, 0, 0, 0, 1, 2, 4]] b=[1, 1, 0]
[expanded] lin_constr_mtx=[[1, 2, 4, 1, 2, 4, 1, 2, 4, 0, 0, 0, 0, 0, 0, 0, 0, 0, 1, 2, 4, 1, 2, 4, 0, 0, 0, 0, 0, 0, 1], [0, 0, 0, 0, 0, 0, 0, 0, 0, 1, 2, 4, 1, 2, 4, 1, 2, 4, 0, 0, 0, 0, 0, 0, 1, 2, 4, 0, 0, 0, 1], [-1, -2, -4, -1, -2, -4, -1, -2, -4, -1, -2, -4, -1, -2, -4, -1, -2, -4, 0, 0, 0, 0, 0, 0, 0, 0, 0, 1, 2, 4, 0]]
Set parameter Username
[classical] objective=13.0 solution={'y(108#1#1,Mo_4)': 0, 'y(108#1#1,Mo_5)': 0, 'y(108#1#1,Mo_6)': 0, 'y(108#1#1,Th_4)': 0, 'y(108#1#1,Th_5)': 0, 'y(108#1#1,Th_6)': 1, 'y(108#1#2,Mo_4)': 1, 'row_slack_spreadEventsUB_SpreadEvents1_108_Mo': 0, 'row_slack_spreadEventsUB_SpreadEvents1_108_Th': 0, 'row_slack_subeventsNotActive_108_1_1': 1}
[circuit] metrics=[509, 62, 227, 616]
[solve] start
[solve] states=[[0, 0, 0, 0, 0, 0, 0, 0, 0, 0, 0, 0, 0, 0, 0, 0, 0, 0, 0, 0, 0, 0, 0, 0, 0, 0, 0, 1, 0, 0]]
[solve] probs=[1.0]
[choco-best] objective=1.0 probability=1.0 solution={'b37_230': 0, 'b37_233': 0, 'b37_240': 0, 'b37_241': 0, 'b37_242': 0, 'b37_243': 0, 'b37_250': 0, 'b37_251': 0, 'b37_252': 0, 'b37_253': 1}
[parallel 180/274] path=data/miplib_benders/qaoa_problems/nvars_10/ex9_ds_qaoa_NOD2X5_NOD37_0003.json status=ok wall=1329.6850274580065 peak_mb=401.375 choco_obj=1.0
[problem] highschool1-aigio_ds_qaoa_spreadEventsUB_SpreadEvents1_108_Mo_spreadEventsUB_SpreadEvents1_108_Th_subeventsNotActive_108_1_1_0002 path=data/miplib_benders/qaoa_problems/nvars_10/highschool1-aigio_ds_qaoa_spreadEventsUB_SpreadEvents1_108_Mo_spreadEventsUB_SpreadEvents1_108_Th_subeventsNotActive_108_1_1_0002.json
[input] n_int=10 n_bin=30 n_constr=3
[input] A=[[1, 1, 0, 0, 0, 1, 1, 1, 0, 0], [0, 0, 1, 1, 1, 0, 0, 0, 1, 0], [-1, -1, -1, -1, -1, 0, 0, 0, 0, 1]] b=[1, 1, 0] c=[1, 2, 3, 4, 5, 6, 7, 0, 0, 0]
[encoding]
  y(108#1#1,Mo_5) = y_108_1_1_Mo_5__b0 + 2*y_108_1_1_Mo_5__b1 + 4*y_108_1_1_Mo_5__b2
  y(108#1#1,Mo_6) = y_108_1_1_Mo_6__b0 + 2*y_108_1_1_Mo_6__b1 + 4*y_108_1_1_Mo_6__b2
  y(108#1#1,Th_4) = y_108_1_1_Th_4__b0 + 2*y_108_1_1_Th_4__b1 + 4*y_108_1_1_Th_4__b2
  y(108#1#1,Th_5) = y_108_1_1_Th_5__b0 + 2*y_108_1_1_Th_5__b1 + 4*y_108_1_1_Th_5__b2
  y(108#1#1,Th_6) = y_108_1_1_Th_6__b0 + 2*y_108_1_1_Th_6__b1 + 4*y_108_1_1_Th_6__b2
  y(108#1#2,Mo_4) = y_108_1_2_Mo_4__b0 + 2*y_108_1_2_Mo_4__b1 + 4*y_108_1_2_Mo_4__b2
  y(108#1#2,Mo_5) = y_108_1_2_Mo_5__b0 + 2*y_108_1_2_Mo_5__b1 + 4*y_108_1_2_Mo_5__b2
  row_slack_spreadEventsUB_SpreadEvents1_108_Mo = row_slack_spreadEventsUB_SpreadEvents1_108_Mo_b0 + 2*row_slack_spreadEventsUB_SpreadEvents1_108_Mo_b1 + 4*row_slack_spreadEventsUB_SpreadEvents1_108_Mo_b2
  row_slack_spreadEventsUB_SpreadEvents1_108_Th = row_slack_spreadEventsUB_SpreadEvents1_108_Th_b0 + 2*row_slack_spreadEventsUB_SpreadEvents1_108_Th_b1 + 4*row_slack_spreadEventsUB_SpreadEvents1_108_Th_b2
  row_slack_subeventsNotActive_108_1_1 = row_slack_subeventsNotActive_108_1_1_b0 + 2*row_slack_subeventsNotActive_108_1_1_b1 + 4*row_slack_subeventsNotActive_108_1_1_b2
[expanded] A_binary=[[1, 2, 4, 1, 2, 4, 0, 0, 0, 0, 0, 0, 0, 0, 0, 1, 2, 4, 1, 2, 4, 1, 2, 4, 0, 0, 0, 0, 0, 0], [0, 0, 0, 0, 0, 0, 1, 2, 4, 1, 2, 4, 1, 2, 4, 0, 0, 0, 0, 0, 0, 0, 0, 0, 1, 2, 4, 0, 0, 0], [-1, -2, -4, -1, -2, -4, -1, -2, -4, -1, -2, -4, -1, -2, -4, 0, 0, 0, 0, 0, 0, 0, 0, 0, 0, 0, 0, 1, 2, 4]] b=[1, 1, 0]
[expanded] lin_constr_mtx=[[1, 2, 4, 1, 2, 4, 0, 0, 0, 0, 0, 0, 0, 0, 0, 1, 2, 4, 1, 2, 4, 1, 2, 4, 0, 0, 0, 0, 0, 0, 1], [0, 0, 0, 0, 0, 0, 1, 2, 4, 1, 2, 4, 1, 2, 4, 0, 0, 0, 0, 0, 0, 0, 0, 0, 1, 2, 4, 0, 0, 0, 1], [-1, -2, -4, -1, -2, -4, -1, -2, -4, -1, -2, -4, -1, -2, -4, 0, 0, 0, 0, 0, 0, 0, 0, 0, 0, 0, 0, 1, 2, 4, 0]]
Set parameter Username
[classical] objective=12.0 solution={'y(108#1#1,Mo_5)': 0, 'y(108#1#1,Mo_6)': 0, 'y(108#1#1,Th_4)': 0, 'y(108#1#1,Th_5)': 0, 'y(108#1#1,Th_6)': 1, 'y(108#1#2,Mo_4)': 0, 'y(108#1#2,Mo_5)': 1, 'row_slack_spreadEventsUB_SpreadEvents1_108_Mo': 0, 'row_slack_spreadEventsUB_SpreadEvents1_108_Th': 0, 'row_slack_subeventsNotActive_108_1_1': 1}
[circuit] metrics=[509, 62, 227, 616]
[solve] start
[solve] states=[[0, 0, 0, 0, 0, 0, 0, 0, 0, 0, 0, 0, 0, 0, 0, 0, 0, 0, 0, 0, 0, 0, 0, 0, 1, 0, 0, 0, 0, 0]]
[solve] probs=[1.0]
[choco-best] objective=1.0 probability=1.0 solution={'b37_233': 0, 'b37_240': 0, 'b37_241': 0, 'b37_242': 0, 'b37_243': 0, 'b37_250': 0, 'b37_251': 0, 'b37_252': 0, 'b37_253': 1, 'b37_260': 0}
[parallel 181/274] path=data/miplib_benders/qaoa_problems/nvars_10/ex9_ds_qaoa_NOD2X5_NOD37_0004.json status=ok wall=1735.4009419840295 peak_mb=418.65234375 choco_obj=1.0
[problem] highschool1-aigio_ds_qaoa_spreadEventsUB_SpreadEvents1_108_Mo_spreadEventsUB_SpreadEvents1_108_Th_subeventsNotActive_108_1_1_0003 path=data/miplib_benders/qaoa_problems/nvars_10/highschool1-aigio_ds_qaoa_spreadEventsUB_SpreadEvents1_108_Mo_spreadEventsUB_SpreadEvents1_108_Th_subeventsNotActive_108_1_1_0003.json
[input] n_int=10 n_bin=30 n_constr=3
[input] A=[[1, 0, 0, 0, 1, 1, 1, 1, 0, 0], [0, 1, 1, 1, 0, 0, 0, 0, 1, 0], [-1, -1, -1, -1, 0, 0, 0, 0, 0, 1]] b=[1, 1, 0] c=[1, 2, 3, 4, 5, 6, 7, 0, 0, 0]
[encoding]
  y(108#1#1,Mo_6) = y_108_1_1_Mo_6__b0 + 2*y_108_1_1_Mo_6__b1 + 4*y_108_1_1_Mo_6__b2
  y(108#1#1,Th_4) = y_108_1_1_Th_4__b0 + 2*y_108_1_1_Th_4__b1 + 4*y_108_1_1_Th_4__b2
  y(108#1#1,Th_5) = y_108_1_1_Th_5__b0 + 2*y_108_1_1_Th_5__b1 + 4*y_108_1_1_Th_5__b2
  y(108#1#1,Th_6) = y_108_1_1_Th_6__b0 + 2*y_108_1_1_Th_6__b1 + 4*y_108_1_1_Th_6__b2
  y(108#1#2,Mo_4) = y_108_1_2_Mo_4__b0 + 2*y_108_1_2_Mo_4__b1 + 4*y_108_1_2_Mo_4__b2
  y(108#1#2,Mo_5) = y_108_1_2_Mo_5__b0 + 2*y_108_1_2_Mo_5__b1 + 4*y_108_1_2_Mo_5__b2
  y(108#1#2,Mo_6) = y_108_1_2_Mo_6__b0 + 2*y_108_1_2_Mo_6__b1 + 4*y_108_1_2_Mo_6__b2
  row_slack_spreadEventsUB_SpreadEvents1_108_Mo = row_slack_spreadEventsUB_SpreadEvents1_108_Mo_b0 + 2*row_slack_spreadEventsUB_SpreadEvents1_108_Mo_b1 + 4*row_slack_spreadEventsUB_SpreadEvents1_108_Mo_b2
  row_slack_spreadEventsUB_SpreadEvents1_108_Th = row_slack_spreadEventsUB_SpreadEvents1_108_Th_b0 + 2*row_slack_spreadEventsUB_SpreadEvents1_108_Th_b1 + 4*row_slack_spreadEventsUB_SpreadEvents1_108_Th_b2
  row_slack_subeventsNotActive_108_1_1 = row_slack_subeventsNotActive_108_1_1_b0 + 2*row_slack_subeventsNotActive_108_1_1_b1 + 4*row_slack_subeventsNotActive_108_1_1_b2
[expanded] A_binary=[[1, 2, 4, 0, 0, 0, 0, 0, 0, 0, 0, 0, 1, 2, 4, 1, 2, 4, 1, 2, 4, 1, 2, 4, 0, 0, 0, 0, 0, 0], [0, 0, 0, 1, 2, 4, 1, 2, 4, 1, 2, 4, 0, 0, 0, 0, 0, 0, 0, 0, 0, 0, 0, 0, 1, 2, 4, 0, 0, 0], [-1, -2, -4, -1, -2, -4, -1, -2, -4, -1, -2, -4, 0, 0, 0, 0, 0, 0, 0, 0, 0, 0, 0, 0, 0, 0, 0, 1, 2, 4]] b=[1, 1, 0]
[expanded] lin_constr_mtx=[[1, 2, 4, 0, 0, 0, 0, 0, 0, 0, 0, 0, 1, 2, 4, 1, 2, 4, 1, 2, 4, 1, 2, 4, 0, 0, 0, 0, 0, 0, 1], [0, 0, 0, 1, 2, 4, 1, 2, 4, 1, 2, 4, 0, 0, 0, 0, 0, 0, 0, 0, 0, 0, 0, 0, 1, 2, 4, 0, 0, 0, 1], [-1, -2, -4, -1, -2, -4, -1, -2, -4, -1, -2, -4, 0, 0, 0, 0, 0, 0, 0, 0, 0, 0, 0, 0, 0, 0, 0, 1, 2, 4, 0]]
Set parameter Username
[classical] objective=11.0 solution={'y(108#1#1,Mo_6)': 0, 'y(108#1#1,Th_4)': 0, 'y(108#1#1,Th_5)': 0, 'y(108#1#1,Th_6)': 1, 'y(108#1#2,Mo_4)': 0, 'y(108#1#2,Mo_5)': 0, 'y(108#1#2,Mo_6)': 1, 'row_slack_spreadEventsUB_SpreadEvents1_108_Mo': 0, 'row_slack_spreadEventsUB_SpreadEvents1_108_Th': 0, 'row_slack_subeventsNotActive_108_1_1': 1}
[circuit] metrics=[548, 62, 244, 616]
[solve] start
[solve] states=[[0, 0, 0, 0, 0, 0, 0, 0, 0, 0, 0, 0, 0, 0, 0, 0, 0, 0, 0, 0, 0, 1, 0, 0, 0, 0, 0, 0, 0, 0]]
[solve] probs=[1.0]
[choco-best] objective=1.0 probability=1.0 solution={'b37_240': 0, 'b37_241': 0, 'b37_242': 0, 'b37_243': 0, 'b37_250': 0, 'b37_251': 0, 'b37_252': 0, 'b37_253': 1, 'b37_260': 0, 'b37_261': 0}
[parallel 182/274] path=data/miplib_benders/qaoa_problems/nvars_10/ex9_ds_qaoa_NOD2X5_NOD37_0005.json status=ok wall=1395.4705024010036 peak_mb=419.7265625 choco_obj=1.0
[problem] irp_ds_qaoa_R0010_R0015_0001 path=data/miplib_benders/qaoa_problems/nvars_10/irp_ds_qaoa_R0010_R0015_0001.json
[input] n_int=10 n_bin=30 n_constr=2
[input] A=[[1, 1, 1, 1, 1, 1, 1, 1, 1, 1], [1, 1, 1, 0, 0, 0, 0, 0, 0, 0]] b=[1, 1] c=[6154830000, 5674930000, 5627280000, 5861240000, 6049200000, 5946950000, 6340890000, 5861380000, 5813350000, 5989160000]
[encoding]
  C16904 = C16904_b0 + 2*C16904_b1 + 4*C16904_b2
  C16905 = C16905_b0 + 2*C16905_b1 + 4*C16905_b2
  C16906 = C16906_b0 + 2*C16906_b1 + 4*C16906_b2
  C16908 = C16908_b0 + 2*C16908_b1 + 4*C16908_b2
  C16909 = C16909_b0 + 2*C16909_b1 + 4*C16909_b2
  C16910 = C16910_b0 + 2*C16910_b1 + 4*C16910_b2
  C16911 = C16911_b0 + 2*C16911_b1 + 4*C16911_b2
  C16912 = C16912_b0 + 2*C16912_b1 + 4*C16912_b2
  C16913 = C16913_b0 + 2*C16913_b1 + 4*C16913_b2
  C16915 = C16915_b0 + 2*C16915_b1 + 4*C16915_b2
[expanded] A_binary=[[1, 2, 4, 1, 2, 4, 1, 2, 4, 1, 2, 4, 1, 2, 4, 1, 2, 4, 1, 2, 4, 1, 2, 4, 1, 2, 4, 1, 2, 4], [1, 2, 4, 1, 2, 4, 1, 2, 4, 0, 0, 0, 0, 0, 0, 0, 0, 0, 0, 0, 0, 0, 0, 0, 0, 0, 0, 0, 0, 0]] b=[1, 1]
[expanded] lin_constr_mtx=[[1, 2, 4, 1, 2, 4, 1, 2, 4, 1, 2, 4, 1, 2, 4, 1, 2, 4, 1, 2, 4, 1, 2, 4, 1, 2, 4, 1, 2, 4, 1], [1, 2, 4, 1, 2, 4, 1, 2, 4, 0, 0, 0, 0, 0, 0, 0, 0, 0, 0, 0, 0, 0, 0, 0, 0, 0, 0, 0, 0, 0, 1]]
Set parameter Username
[classical] objective=6154830000.0 solution={'C16904': 1, 'C16905': 0, 'C16906': 0, 'C16908': 0, 'C16909': 0, 'C16910': 0, 'C16911': 0, 'C16912': 0, 'C16913': 0, 'C16915': 0}
[circuit] metrics=[269, 62, 120, 333]
[solve] start
[solve] states=[[0, 0, 0, 0, 0, 0, 0, 0, 0, 0, 0, 0, 0, 0, 0, 0, 0, 0, 0, 0, 0, 1, 0, 0, 1, 0, 0, 0, 0, 0], [0, 0, 0, 0, 0, 0, 0, 0, 0, 1, 0, 0, 0, 1, 0, 0, 0, 0, 0, 0, 0, 1, 0, 0, 1, 0, 0, 0, 0, 0]]
[solve] probs=[0.99609375, 0.00390625]
[choco-best] objective=0.0 probability=0.99609375 solution={'y(108#1#1,Mo_4)': 0, 'y(108#1#1,Mo_5)': 0, 'y(108#1#1,Mo_6)': 0, 'y(108#1#1,Th_4)': 0, 'y(108#1#1,Th_5)': 0, 'y(108#1#1,Th_6)': 0, 'y(108#1#2,Mo_4)': 0, 'row_slack_spreadEventsUB_SpreadEvents1_108_Mo': 1, 'row_slack_spreadEventsUB_SpreadEvents1_108_Th': 1, 'row_slack_subeventsNotActive_108_1_1': 0}
[parallel 183/274] path=data/miplib_benders/qaoa_problems/nvars_10/highschool1-aigio_ds_qaoa_spreadEventsUB_SpreadEvents1_108_Mo_spreadEventsUB_SpreadEvents1_108_Th_subeventsNotActive_108_1_1_0001.json status=ok wall=1692.521624261979 peak_mb=435.99609375 choco_obj=0.0
[problem] leo1_ds_qaoa_R0000090_R0000091_R0000095_0002 path=data/miplib_benders/qaoa_problems/nvars_10/leo1_ds_qaoa_R0000090_R0000091_R0000095_0002.json
[input] n_int=10 n_bin=30 n_constr=3
[input] A=[[-1, -1, -1, -1, 0, 0, 0, 1, 0, 0], [-1, -1, -1, -1, -1, -1, -1, 0, 1, 0], [0, 0, 0, 0, -1, -1, -1, 0, 0, 1]] b=[-1, -2, -2] c=[1, 2, 3, 4, 5, 6, 7, 0, 0, 0]
[encoding]
  C0003538 = C0003538_b0 + 2*C0003538_b1 + 4*C0003538_b2
  C0003539 = C0003539_b0 + 2*C0003539_b1 + 4*C0003539_b2
  C0003540 = C0003540_b0 + 2*C0003540_b1 + 4*C0003540_b2
  C0003541 = C0003541_b0 + 2*C0003541_b1 + 4*C0003541_b2
  C0003572 = C0003572_b0 + 2*C0003572_b1 + 4*C0003572_b2
  C0003573 = C0003573_b0 + 2*C0003573_b1 + 4*C0003573_b2
  C0003574 = C0003574_b0 + 2*C0003574_b1 + 4*C0003574_b2
  row_slack_R0000090 = row_slack_R0000090_b0 + 2*row_slack_R0000090_b1 + 4*row_slack_R0000090_b2
  row_slack_R0000091 = row_slack_R0000091_b0 + 2*row_slack_R0000091_b1 + 4*row_slack_R0000091_b2
  row_slack_R0000095 = row_slack_R0000095_b0 + 2*row_slack_R0000095_b1 + 4*row_slack_R0000095_b2
[expanded] A_binary=[[-1, -2, -4, -1, -2, -4, -1, -2, -4, -1, -2, -4, 0, 0, 0, 0, 0, 0, 0, 0, 0, 1, 2, 4, 0, 0, 0, 0, 0, 0], [-1, -2, -4, -1, -2, -4, -1, -2, -4, -1, -2, -4, -1, -2, -4, -1, -2, -4, -1, -2, -4, 0, 0, 0, 1, 2, 4, 0, 0, 0], [0, 0, 0, 0, 0, 0, 0, 0, 0, 0, 0, 0, -1, -2, -4, -1, -2, -4, -1, -2, -4, 0, 0, 0, 0, 0, 0, 1, 2, 4]] b=[-1, -2, -2]
[expanded] lin_constr_mtx=[[-1, -2, -4, -1, -2, -4, -1, -2, -4, -1, -2, -4, 0, 0, 0, 0, 0, 0, 0, 0, 0, 1, 2, 4, 0, 0, 0, 0, 0, 0, -1], [-1, -2, -4, -1, -2, -4, -1, -2, -4, -1, -2, -4, -1, -2, -4, -1, -2, -4, -1, -2, -4, 0, 0, 0, 1, 2, 4, 0, 0, 0, -2], [0, 0, 0, 0, 0, 0, 0, 0, 0, 0, 0, 0, -1, -2, -4, -1, -2, -4, -1, -2, -4, 0, 0, 0, 0, 0, 0, 1, 2, 4, -2]]
Set parameter Username
[classical] objective=59.0 solution={'C0003538': 0, 'C0003539': 0, 'C0003540': 0, 'C0003541': 1, 'C0003572': 0, 'C0003573': 1, 'C0003574': 7, 'row_slack_R0000090': 0, 'row_slack_R0000091': 7, 'row_slack_R0000095': 6}
[circuit] metrics=[548, 62, 245, 619]
[solve] start
[solve] states=[[0, 0, 0, 0, 0, 0, 0, 0, 0, 0, 0, 0, 0, 0, 0, 0, 0, 0, 0, 0, 0, 1, 0, 0, 1, 0, 0, 0, 0, 0], [0, 0, 0, 0, 0, 0, 1, 1, 0, 0, 0, 0, 0, 0, 0, 0, 0, 0, 0, 0, 0, 1, 0, 0, 1, 0, 0, 0, 0, 0]]
[solve] probs=[0.99609375, 0.00390625]
[choco-best] objective=0.0 probability=0.99609375 solution={'y(108#1#1,Mo_5)': 0, 'y(108#1#1,Mo_6)': 0, 'y(108#1#1,Th_4)': 0, 'y(108#1#1,Th_5)': 0, 'y(108#1#1,Th_6)': 0, 'y(108#1#2,Mo_4)': 0, 'y(108#1#2,Mo_5)': 0, 'row_slack_spreadEventsUB_SpreadEvents1_108_Mo': 1, 'row_slack_spreadEventsUB_SpreadEvents1_108_Th': 1, 'row_slack_subeventsNotActive_108_1_1': 0}
[parallel 184/274] path=data/miplib_benders/qaoa_problems/nvars_10/highschool1-aigio_ds_qaoa_spreadEventsUB_SpreadEvents1_108_Mo_spreadEventsUB_SpreadEvents1_108_Th_subeventsNotActive_108_1_1_0002.json status=ok wall=1620.7969378450653 peak_mb=435.73046875 choco_obj=0.0
[problem] leo1_ds_qaoa_R0000090_R0000091_R0000095_0003 path=data/miplib_benders/qaoa_problems/nvars_10/leo1_ds_qaoa_R0000090_R0000091_R0000095_0003.json
[input] n_int=10 n_bin=30 n_constr=3
[input] A=[[-1, -1, -1, 0, 0, 0, 0, 1, 0, 0], [-1, -1, -1, -1, -1, -1, -1, 0, 1, 0], [0, 0, 0, -1, -1, -1, -1, 0, 0, 1]] b=[-1, -2, -2] c=[1, 2, 3, 4, 5, 6, 7, 0, 0, 0]
[encoding]
  C0003539 = C0003539_b0 + 2*C0003539_b1 + 4*C0003539_b2
  C0003540 = C0003540_b0 + 2*C0003540_b1 + 4*C0003540_b2
  C0003541 = C0003541_b0 + 2*C0003541_b1 + 4*C0003541_b2
  C0003572 = C0003572_b0 + 2*C0003572_b1 + 4*C0003572_b2
  C0003573 = C0003573_b0 + 2*C0003573_b1 + 4*C0003573_b2
  C0003574 = C0003574_b0 + 2*C0003574_b1 + 4*C0003574_b2
  C0003575 = C0003575_b0 + 2*C0003575_b1 + 4*C0003575_b2
  row_slack_R0000090 = row_slack_R0000090_b0 + 2*row_slack_R0000090_b1 + 4*row_slack_R0000090_b2
  row_slack_R0000091 = row_slack_R0000091_b0 + 2*row_slack_R0000091_b1 + 4*row_slack_R0000091_b2
  row_slack_R0000095 = row_slack_R0000095_b0 + 2*row_slack_R0000095_b1 + 4*row_slack_R0000095_b2
[expanded] A_binary=[[-1, -2, -4, -1, -2, -4, -1, -2, -4, 0, 0, 0, 0, 0, 0, 0, 0, 0, 0, 0, 0, 1, 2, 4, 0, 0, 0, 0, 0, 0], [-1, -2, -4, -1, -2, -4, -1, -2, -4, -1, -2, -4, -1, -2, -4, -1, -2, -4, -1, -2, -4, 0, 0, 0, 1, 2, 4, 0, 0, 0], [0, 0, 0, 0, 0, 0, 0, 0, 0, -1, -2, -4, -1, -2, -4, -1, -2, -4, -1, -2, -4, 0, 0, 0, 0, 0, 0, 1, 2, 4]] b=[-1, -2, -2]
[expanded] lin_constr_mtx=[[-1, -2, -4, -1, -2, -4, -1, -2, -4, 0, 0, 0, 0, 0, 0, 0, 0, 0, 0, 0, 0, 1, 2, 4, 0, 0, 0, 0, 0, 0, -1], [-1, -2, -4, -1, -2, -4, -1, -2, -4, -1, -2, -4, -1, -2, -4, -1, -2, -4, -1, -2, -4, 0, 0, 0, 1, 2, 4, 0, 0, 0, -2], [0, 0, 0, 0, 0, 0, 0, 0, 0, -1, -2, -4, -1, -2, -4, -1, -2, -4, -1, -2, -4, 0, 0, 0, 0, 0, 0, 1, 2, 4, -2]]
Set parameter Username
[classical] objective=58.0 solution={'C0003539': 0, 'C0003540': 0, 'C0003541': 1, 'C0003572': 0, 'C0003573': 0, 'C0003574': 1, 'C0003575': 7, 'row_slack_R0000090': 0, 'row_slack_R0000091': 7, 'row_slack_R0000095': 6}
[circuit] metrics=[508, 62, 227, 619]
[solve] start
[solve] states=[[1, 0, 1, 1, 1, 0, 1, 0, 0, 1, 1, 0, 1, 1, 0, 1, 1, 0, 1, 1, 0, 1, 1, 0, 1, 1, 0, 1, 1, 0], [1, 1, 0, 0, 0, 0, 1, 0, 0, 1, 0, 1, 1, 1, 0, 1, 1, 0, 1, 1, 0, 1, 1, 0, 1, 1, 0, 1, 1, 0], [1, 1, 0, 1, 1, 0, 1, 0, 0, 1, 0, 1, 1, 1, 0, 1, 1, 0, 1, 1, 0, 1, 1, 0, 1, 1, 0, 1, 1, 0], [1, 1, 0, 1, 1, 0, 1, 0, 0, 1, 1, 0, 0, 0, 0, 1, 1, 0, 1, 1, 0, 1, 1, 0, 1, 1, 0, 1, 1, 0], [1, 1, 0, 1, 1, 0, 1, 0, 0, 1, 1, 0, 1, 0, 1, 1, 1, 0, 1, 1, 0, 1, 1, 0, 1, 1, 0, 1, 1, 0], [1, 1, 0, 1, 1, 0, 1, 0, 0, 1, 1, 0, 1, 1, 0, 0, 0, 0, 1, 1, 0, 1, 1, 0, 1, 1, 0, 1, 1, 0], [1, 1, 0, 1, 1, 0, 1, 0, 0, 1, 1, 0, 1, 1, 0, 1, 0, 1, 1, 1, 0, 0, 0, 0, 1, 1, 0, 1, 1, 0], [1, 1, 0, 1, 1, 0, 1, 0, 0, 1, 1, 0, 1, 1, 0, 1, 0, 1, 1, 1, 0, 1, 1, 0, 1, 1, 0, 1, 1, 0], [1, 1, 0, 1, 1, 0, 1, 0, 0, 1, 1, 0, 1, 1, 0, 1, 1, 0, 0, 0, 0, 1, 1, 0, 1, 1, 0, 1, 1, 0], [1, 1, 0, 1, 1, 0, 1, 0, 0, 1, 1, 0, 1, 1, 0, 1, 1, 0, 1, 1, 0, 0, 0, 0, 1, 1, 0, 1, 1, 0], [1, 1, 0, 1, 1, 0, 1, 0, 0, 1, 1, 0, 1, 1, 0, 1, 1, 0, 1, 1, 0, 1, 0, 1, 1, 1, 0, 1, 1, 0], [1, 1, 0, 1, 1, 0, 1, 0, 0, 1, 1, 0, 1, 1, 0, 1, 1, 0, 1, 1, 0, 1, 1, 0, 1, 1, 0, 0, 0, 0], [1, 1, 0, 1, 1, 0, 1, 0, 0, 1, 1, 0, 1, 1, 0, 1, 1, 0, 1, 1, 0, 1, 1, 0, 1, 1, 0, 1, 1, 0]]
[solve] probs=[0.00390625, 0.00390625, 0.00390625, 0.00390625, 0.00390625, 0.0078125, 0.00390625, 0.015625, 0.0078125, 0.00390625, 0.00390625, 0.00390625, 0.93359375]
[choco-best] objective=None probability=None solution=None
[parallel 185/274] path=data/miplib_benders/qaoa_problems/nvars_10/irp_ds_qaoa_R0010_R0015_0001.json status=ok wall=2011.4179369719932 peak_mb=401.4140625 choco_obj=
[problem] leo1_ds_qaoa_R0000097_R0000335_R0000339_0002 path=data/miplib_benders/qaoa_problems/nvars_10/leo1_ds_qaoa_R0000097_R0000335_R0000339_0002.json
[input] n_int=10 n_bin=30 n_constr=3
[input] A=[[-1, -1, -1, -1, -1, -1, -1, 1, 0, 0], [1, 1, 1, 1, 0, 0, 0, 0, 1, 0], [0, 0, 0, 0, 1, 1, 1, 0, 0, 1]] b=[-2, 1, 1] c=[1, 2, 3, 4, 5, 6, 7, 0, 0, 0]
[encoding]
  C0003538 = C0003538_b0 + 2*C0003538_b1 + 4*C0003538_b2
  C0003539 = C0003539_b0 + 2*C0003539_b1 + 4*C0003539_b2
  C0003540 = C0003540_b0 + 2*C0003540_b1 + 4*C0003540_b2
  C0003541 = C0003541_b0 + 2*C0003541_b1 + 4*C0003541_b2
  C0003572 = C0003572_b0 + 2*C0003572_b1 + 4*C0003572_b2
  C0003573 = C0003573_b0 + 2*C0003573_b1 + 4*C0003573_b2
  C0003574 = C0003574_b0 + 2*C0003574_b1 + 4*C0003574_b2
  row_slack_R0000097 = row_slack_R0000097_b0 + 2*row_slack_R0000097_b1 + 4*row_slack_R0000097_b2
  row_slack_R0000335 = row_slack_R0000335_b0 + 2*row_slack_R0000335_b1 + 4*row_slack_R0000335_b2
  row_slack_R0000339 = row_slack_R0000339_b0 + 2*row_slack_R0000339_b1 + 4*row_slack_R0000339_b2
[expanded] A_binary=[[-1, -2, -4, -1, -2, -4, -1, -2, -4, -1, -2, -4, -1, -2, -4, -1, -2, -4, -1, -2, -4, 1, 2, 4, 0, 0, 0, 0, 0, 0], [1, 2, 4, 1, 2, 4, 1, 2, 4, 1, 2, 4, 0, 0, 0, 0, 0, 0, 0, 0, 0, 0, 0, 0, 1, 2, 4, 0, 0, 0], [0, 0, 0, 0, 0, 0, 0, 0, 0, 0, 0, 0, 1, 2, 4, 1, 2, 4, 1, 2, 4, 0, 0, 0, 0, 0, 0, 1, 2, 4]] b=[-2, 1, 1]
[expanded] lin_constr_mtx=[[-1, -2, -4, -1, -2, -4, -1, -2, -4, -1, -2, -4, -1, -2, -4, -1, -2, -4, -1, -2, -4, 1, 2, 4, 0, 0, 0, 0, 0, 0, -2], [1, 2, 4, 1, 2, 4, 1, 2, 4, 1, 2, 4, 0, 0, 0, 0, 0, 0, 0, 0, 0, 0, 0, 0, 1, 2, 4, 0, 0, 0, 1], [0, 0, 0, 0, 0, 0, 0, 0, 0, 0, 0, 0, 1, 2, 4, 1, 2, 4, 1, 2, 4, 0, 0, 0, 0, 0, 0, 1, 2, 4, 1]]
Set parameter Username
[classical] objective=11.0 solution={'C0003538': 0, 'C0003539': 0, 'C0003540': 0, 'C0003541': 1, 'C0003572': 0, 'C0003573': 0, 'C0003574': 1, 'row_slack_R0000097': 0, 'row_slack_R0000335': 0, 'row_slack_R0000339': 0}
[circuit] metrics=[455, 62, 220, 523]
[solve] start
[solve] states=[[0, 0, 0, 0, 0, 0, 0, 0, 0, 0, 0, 1, 0, 0, 0, 0, 0, 0, 0, 0, 1, 1, 1, 0, 0, 1, 1, 0, 1, 0]]
[solve] probs=[1.0]
[choco-best] objective=44.0 probability=1.0 solution={'C0003538': 0, 'C0003539': 0, 'C0003540': 0, 'C0003541': 4, 'C0003572': 0, 'C0003573': 0, 'C0003574': 4, 'row_slack_R0000090': 3, 'row_slack_R0000091': 6, 'row_slack_R0000095': 2}
[parallel 186/274] path=data/miplib_benders/qaoa_problems/nvars_10/leo1_ds_qaoa_R0000090_R0000091_R0000095_0002.json status=ok wall=1675.6720901960507 peak_mb=429.86328125 choco_obj=44.0
[problem] leo1_ds_qaoa_R0000097_R0000335_R0000339_0003 path=data/miplib_benders/qaoa_problems/nvars_10/leo1_ds_qaoa_R0000097_R0000335_R0000339_0003.json
[input] n_int=10 n_bin=30 n_constr=3
[input] A=[[-1, -1, -1, -1, -1, -1, -1, 1, 0, 0], [1, 1, 1, 0, 0, 0, 0, 0, 1, 0], [0, 0, 0, 1, 1, 1, 1, 0, 0, 1]] b=[-2, 1, 1] c=[1, 2, 3, 4, 5, 6, 7, 0, 0, 0]
[encoding]
  C0003539 = C0003539_b0 + 2*C0003539_b1 + 4*C0003539_b2
  C0003540 = C0003540_b0 + 2*C0003540_b1 + 4*C0003540_b2
  C0003541 = C0003541_b0 + 2*C0003541_b1 + 4*C0003541_b2
  C0003572 = C0003572_b0 + 2*C0003572_b1 + 4*C0003572_b2
  C0003573 = C0003573_b0 + 2*C0003573_b1 + 4*C0003573_b2
  C0003574 = C0003574_b0 + 2*C0003574_b1 + 4*C0003574_b2
  C0003575 = C0003575_b0 + 2*C0003575_b1 + 4*C0003575_b2
  row_slack_R0000097 = row_slack_R0000097_b0 + 2*row_slack_R0000097_b1 + 4*row_slack_R0000097_b2
  row_slack_R0000335 = row_slack_R0000335_b0 + 2*row_slack_R0000335_b1 + 4*row_slack_R0000335_b2
  row_slack_R0000339 = row_slack_R0000339_b0 + 2*row_slack_R0000339_b1 + 4*row_slack_R0000339_b2
[expanded] A_binary=[[-1, -2, -4, -1, -2, -4, -1, -2, -4, -1, -2, -4, -1, -2, -4, -1, -2, -4, -1, -2, -4, 1, 2, 4, 0, 0, 0, 0, 0, 0], [1, 2, 4, 1, 2, 4, 1, 2, 4, 0, 0, 0, 0, 0, 0, 0, 0, 0, 0, 0, 0, 0, 0, 0, 1, 2, 4, 0, 0, 0], [0, 0, 0, 0, 0, 0, 0, 0, 0, 1, 2, 4, 1, 2, 4, 1, 2, 4, 1, 2, 4, 0, 0, 0, 0, 0, 0, 1, 2, 4]] b=[-2, 1, 1]
[expanded] lin_constr_mtx=[[-1, -2, -4, -1, -2, -4, -1, -2, -4, -1, -2, -4, -1, -2, -4, -1, -2, -4, -1, -2, -4, 1, 2, 4, 0, 0, 0, 0, 0, 0, -2], [1, 2, 4, 1, 2, 4, 1, 2, 4, 0, 0, 0, 0, 0, 0, 0, 0, 0, 0, 0, 0, 0, 0, 0, 1, 2, 4, 0, 0, 0, 1], [0, 0, 0, 0, 0, 0, 0, 0, 0, 1, 2, 4, 1, 2, 4, 1, 2, 4, 1, 2, 4, 0, 0, 0, 0, 0, 0, 1, 2, 4, 1]]
Set parameter Username
[classical] objective=10.0 solution={'C0003539': 0, 'C0003540': 0, 'C0003541': 1, 'C0003572': 0, 'C0003573': 0, 'C0003574': 0, 'C0003575': 1, 'row_slack_R0000097': 0, 'row_slack_R0000335': 0, 'row_slack_R0000339': 0}
[circuit] metrics=[415, 62, 202, 523]
[solve] start
[solve] states=[[0, 0, 0, 0, 0, 0, 0, 0, 0, 0, 0, 0, 0, 0, 0, 0, 0, 0, 0, 0, 0, 1, 0, 0, 1, 0, 0, 0, 0, 0]]
[solve] probs=[1.0]
[choco-best] objective=0.0 probability=1.0 solution={'y(108#1#1,Mo_6)': 0, 'y(108#1#1,Th_4)': 0, 'y(108#1#1,Th_5)': 0, 'y(108#1#1,Th_6)': 0, 'y(108#1#2,Mo_4)': 0, 'y(108#1#2,Mo_5)': 0, 'y(108#1#2,Mo_6)': 0, 'row_slack_spreadEventsUB_SpreadEvents1_108_Mo': 1, 'row_slack_spreadEventsUB_SpreadEvents1_108_Th': 1, 'row_slack_subeventsNotActive_108_1_1': 0}
[parallel 187/274] path=data/miplib_benders/qaoa_problems/nvars_10/highschool1-aigio_ds_qaoa_spreadEventsUB_SpreadEvents1_108_Mo_spreadEventsUB_SpreadEvents1_108_Th_subeventsNotActive_108_1_1_0003.json status=ok wall=2643.040441152989 peak_mb=437.5390625 choco_obj=0.0
[problem] leo1_ds_qaoa_R0000335_R0000339_R0000535_0002 path=data/miplib_benders/qaoa_problems/nvars_10/leo1_ds_qaoa_R0000335_R0000339_R0000535_0002.json
[input] n_int=10 n_bin=30 n_constr=3
[input] A=[[1, 1, 1, 1, 0, 0, 0, 1, 0, 0], [0, 0, 0, 0, 1, 1, 1, 0, 1, 0], [-1, -1, -1, -1, -1, -1, -1, 0, 0, 1]] b=[1, 1, -1] c=[1, 2, 3, 4, 5, 6, 7, 0, 0, 0]
[encoding]
  C0003538 = C0003538_b0 + 2*C0003538_b1 + 4*C0003538_b2
  C0003539 = C0003539_b0 + 2*C0003539_b1 + 4*C0003539_b2
  C0003540 = C0003540_b0 + 2*C0003540_b1 + 4*C0003540_b2
  C0003541 = C0003541_b0 + 2*C0003541_b1 + 4*C0003541_b2
  C0003572 = C0003572_b0 + 2*C0003572_b1 + 4*C0003572_b2
  C0003573 = C0003573_b0 + 2*C0003573_b1 + 4*C0003573_b2
  C0003574 = C0003574_b0 + 2*C0003574_b1 + 4*C0003574_b2
  row_slack_R0000335 = row_slack_R0000335_b0 + 2*row_slack_R0000335_b1 + 4*row_slack_R0000335_b2
  row_slack_R0000339 = row_slack_R0000339_b0 + 2*row_slack_R0000339_b1 + 4*row_slack_R0000339_b2
  row_slack_R0000535 = row_slack_R0000535_b0 + 2*row_slack_R0000535_b1 + 4*row_slack_R0000535_b2
[expanded] A_binary=[[1, 2, 4, 1, 2, 4, 1, 2, 4, 1, 2, 4, 0, 0, 0, 0, 0, 0, 0, 0, 0, 1, 2, 4, 0, 0, 0, 0, 0, 0], [0, 0, 0, 0, 0, 0, 0, 0, 0, 0, 0, 0, 1, 2, 4, 1, 2, 4, 1, 2, 4, 0, 0, 0, 1, 2, 4, 0, 0, 0], [-1, -2, -4, -1, -2, -4, -1, -2, -4, -1, -2, -4, -1, -2, -4, -1, -2, -4, -1, -2, -4, 0, 0, 0, 0, 0, 0, 1, 2, 4]] b=[1, 1, -1]
[expanded] lin_constr_mtx=[[1, 2, 4, 1, 2, 4, 1, 2, 4, 1, 2, 4, 0, 0, 0, 0, 0, 0, 0, 0, 0, 1, 2, 4, 0, 0, 0, 0, 0, 0, 1], [0, 0, 0, 0, 0, 0, 0, 0, 0, 0, 0, 0, 1, 2, 4, 1, 2, 4, 1, 2, 4, 0, 0, 0, 1, 2, 4, 0, 0, 0, 1], [-1, -2, -4, -1, -2, -4, -1, -2, -4, -1, -2, -4, -1, -2, -4, -1, -2, -4, -1, -2, -4, 0, 0, 0, 0, 0, 0, 1, 2, 4, -1]]
Set parameter Username
[classical] objective=11.0 solution={'C0003538': 0, 'C0003539': 0, 'C0003540': 0, 'C0003541': 1, 'C0003572': 0, 'C0003573': 0, 'C0003574': 1, 'row_slack_R0000335': 0, 'row_slack_R0000339': 0, 'row_slack_R0000535': 1}
[circuit] metrics=[549, 62, 245, 616]
[solve] start
[solve] states=[[0, 0, 0, 0, 0, 0, 0, 0, 1, 0, 0, 0, 0, 0, 0, 0, 0, 0, 0, 0, 1, 1, 1, 0, 0, 1, 1, 0, 1, 0]]
[solve] probs=[1.0]
[choco-best] objective=40.0 probability=1.0 solution={'C0003539': 0, 'C0003540': 0, 'C0003541': 4, 'C0003572': 0, 'C0003573': 0, 'C0003574': 0, 'C0003575': 4, 'row_slack_R0000090': 3, 'row_slack_R0000091': 6, 'row_slack_R0000095': 2}
[parallel 188/274] path=data/miplib_benders/qaoa_problems/nvars_10/leo1_ds_qaoa_R0000090_R0000091_R0000095_0003.json status=ok wall=2086.8513598410645 peak_mb=438.98046875 choco_obj=40.0
[problem] leo1_ds_qaoa_R0000335_R0000339_R0000535_0003 path=data/miplib_benders/qaoa_problems/nvars_10/leo1_ds_qaoa_R0000335_R0000339_R0000535_0003.json
[input] n_int=10 n_bin=30 n_constr=3
[input] A=[[1, 1, 1, 0, 0, 0, 0, 1, 0, 0], [0, 0, 0, 1, 1, 1, 1, 0, 1, 0], [-1, -1, -1, -1, -1, -1, -1, 0, 0, 1]] b=[1, 1, -1] c=[1, 2, 3, 4, 5, 6, 7, 0, 0, 0]
[encoding]
  C0003539 = C0003539_b0 + 2*C0003539_b1 + 4*C0003539_b2
  C0003540 = C0003540_b0 + 2*C0003540_b1 + 4*C0003540_b2
  C0003541 = C0003541_b0 + 2*C0003541_b1 + 4*C0003541_b2
  C0003572 = C0003572_b0 + 2*C0003572_b1 + 4*C0003572_b2
  C0003573 = C0003573_b0 + 2*C0003573_b1 + 4*C0003573_b2
  C0003574 = C0003574_b0 + 2*C0003574_b1 + 4*C0003574_b2
  C0003575 = C0003575_b0 + 2*C0003575_b1 + 4*C0003575_b2
  row_slack_R0000335 = row_slack_R0000335_b0 + 2*row_slack_R0000335_b1 + 4*row_slack_R0000335_b2
  row_slack_R0000339 = row_slack_R0000339_b0 + 2*row_slack_R0000339_b1 + 4*row_slack_R0000339_b2
  row_slack_R0000535 = row_slack_R0000535_b0 + 2*row_slack_R0000535_b1 + 4*row_slack_R0000535_b2
[expanded] A_binary=[[1, 2, 4, 1, 2, 4, 1, 2, 4, 0, 0, 0, 0, 0, 0, 0, 0, 0, 0, 0, 0, 1, 2, 4, 0, 0, 0, 0, 0, 0], [0, 0, 0, 0, 0, 0, 0, 0, 0, 1, 2, 4, 1, 2, 4, 1, 2, 4, 1, 2, 4, 0, 0, 0, 1, 2, 4, 0, 0, 0], [-1, -2, -4, -1, -2, -4, -1, -2, -4, -1, -2, -4, -1, -2, -4, -1, -2, -4, -1, -2, -4, 0, 0, 0, 0, 0, 0, 1, 2, 4]] b=[1, 1, -1]
[expanded] lin_constr_mtx=[[1, 2, 4, 1, 2, 4, 1, 2, 4, 0, 0, 0, 0, 0, 0, 0, 0, 0, 0, 0, 0, 1, 2, 4, 0, 0, 0, 0, 0, 0, 1], [0, 0, 0, 0, 0, 0, 0, 0, 0, 1, 2, 4, 1, 2, 4, 1, 2, 4, 1, 2, 4, 0, 0, 0, 1, 2, 4, 0, 0, 0, 1], [-1, -2, -4, -1, -2, -4, -1, -2, -4, -1, -2, -4, -1, -2, -4, -1, -2, -4, -1, -2, -4, 0, 0, 0, 0, 0, 0, 1, 2, 4, -1]]
Set parameter Username
[classical] objective=10.0 solution={'C0003539': 0, 'C0003540': 0, 'C0003541': 1, 'C0003572': 0, 'C0003573': 0, 'C0003574': 0, 'C0003575': 1, 'row_slack_R0000335': 0, 'row_slack_R0000339': 0, 'row_slack_R0000535': 1}
[circuit] metrics=[549, 62, 245, 616]
[solve] start
[solve] states=[[0, 0, 0, 0, 0, 0, 0, 0, 0, 1, 0, 0, 0, 0, 0, 0, 0, 0, 1, 0, 0, 0, 0, 0, 0, 0, 0, 0, 0, 0]]
[solve] probs=[1.0]
[choco-best] objective=11.0 probability=1.0 solution={'C0003538': 0, 'C0003539': 0, 'C0003540': 0, 'C0003541': 1, 'C0003572': 0, 'C0003573': 0, 'C0003574': 1, 'row_slack_R0000097': 0, 'row_slack_R0000335': 0, 'row_slack_R0000339': 0}
[parallel 189/274] path=data/miplib_benders/qaoa_problems/nvars_10/leo1_ds_qaoa_R0000097_R0000335_R0000339_0002.json status=ok wall=1661.1899933241075 peak_mb=412.6328125 choco_obj=11.0
[problem] leo2_ds_qaoa_R0000090_R0000091_R0000095_0007 path=data/miplib_benders/qaoa_problems/nvars_10/leo2_ds_qaoa_R0000090_R0000091_R0000095_0007.json
[input] n_int=10 n_bin=30 n_constr=3
[input] A=[[-2, -2, -2, -2, 0, 0, 0, 1, 0, 0], [-2, -2, -2, -2, -1, -1, -1, 0, 1, 0], [0, 0, 0, 0, -1, -1, -1, 0, 0, 1]] b=[-1, -2, -2] c=[1, 2, 3, 4, 5, 6, 7, 0, 0, 0]
[encoding]
  C0005737 = C0005737_b0 + 2*C0005737_b1 + 4*C0005737_b2
  C0005738 = C0005738_b0 + 2*C0005738_b1 + 4*C0005738_b2
  C0005739 = C0005739_b0 + 2*C0005739_b1 + 4*C0005739_b2
  C0005740 = C0005740_b0 + 2*C0005740_b1 + 4*C0005740_b2
  C0005788 = C0005788_b0 + 2*C0005788_b1 + 4*C0005788_b2
  C0005789 = C0005789_b0 + 2*C0005789_b1 + 4*C0005789_b2
  C0005790 = C0005790_b0 + 2*C0005790_b1 + 4*C0005790_b2
  row_slack_R0000090 = row_slack_R0000090_b0 + 2*row_slack_R0000090_b1 + 4*row_slack_R0000090_b2
  row_slack_R0000091 = row_slack_R0000091_b0 + 2*row_slack_R0000091_b1 + 4*row_slack_R0000091_b2
  row_slack_R0000095 = row_slack_R0000095_b0 + 2*row_slack_R0000095_b1 + 4*row_slack_R0000095_b2
[expanded] A_binary=[[-2, -4, -8, -2, -4, -8, -2, -4, -8, -2, -4, -8, 0, 0, 0, 0, 0, 0, 0, 0, 0, 1, 2, 4, 0, 0, 0, 0, 0, 0], [-2, -4, -8, -2, -4, -8, -2, -4, -8, -2, -4, -8, -1, -2, -4, -1, -2, -4, -1, -2, -4, 0, 0, 0, 1, 2, 4, 0, 0, 0], [0, 0, 0, 0, 0, 0, 0, 0, 0, 0, 0, 0, -1, -2, -4, -1, -2, -4, -1, -2, -4, 0, 0, 0, 0, 0, 0, 1, 2, 4]] b=[-1, -2, -2]
[expanded] lin_constr_mtx=[[-2, -4, -8, -2, -4, -8, -2, -4, -8, -2, -4, -8, 0, 0, 0, 0, 0, 0, 0, 0, 0, 1, 2, 4, 0, 0, 0, 0, 0, 0, -1], [-2, -4, -8, -2, -4, -8, -2, -4, -8, -2, -4, -8, -1, -2, -4, -1, -2, -4, -1, -2, -4, 0, 0, 0, 1, 2, 4, 0, 0, 0, -2], [0, 0, 0, 0, 0, 0, 0, 0, 0, 0, 0, 0, -1, -2, -4, -1, -2, -4, -1, -2, -4, 0, 0, 0, 0, 0, 0, 1, 2, 4, -2]]
Set parameter Username
[classical] objective=53.0 solution={'C0005737': 0, 'C0005738': 0, 'C0005739': 0, 'C0005740': 1, 'C0005788': 0, 'C0005789': 0, 'C0005790': 7, 'row_slack_R0000090': 1, 'row_slack_R0000091': 7, 'row_slack_R0000095': 5}
[circuit] metrics=[418, 62, 188, 516]
[solve] start
[solve] states=[[0, 0, 0, 0, 0, 0, 1, 0, 0, 0, 0, 0, 0, 0, 0, 0, 0, 0, 1, 0, 0, 0, 0, 0, 0, 0, 0, 0, 0, 0], [0, 0, 0, 0, 0, 0, 1, 0, 0, 0, 0, 0, 0, 0, 0, 0, 0, 0, 1, 0, 0, 1, 0, 1, 0, 0, 0, 0, 0, 0], [1, 0, 0, 0, 0, 0, 1, 0, 0, 0, 0, 0, 0, 0, 0, 0, 0, 0, 1, 0, 0, 1, 0, 0, 0, 1, 0, 0, 0, 0], [1, 0, 0, 0, 0, 0, 1, 0, 1, 0, 0, 0, 0, 0, 0, 0, 0, 0, 1, 0, 0, 0, 0, 0, 0, 0, 0, 0, 0, 0], [1, 0, 0, 0, 0, 1, 1, 0, 0, 0, 0, 0, 0, 0, 0, 0, 0, 0, 1, 0, 0, 0, 0, 0, 0, 0, 0, 0, 0, 0], [1, 0, 0, 0, 1, 0, 1, 0, 0, 0, 0, 0, 0, 0, 0, 0, 0, 0, 1, 0, 0, 0, 0, 0, 0, 0, 0, 0, 0, 0]]
[solve] probs=[0.98046875, 0.00390625, 0.00390625, 0.00390625, 0.00390625, 0.00390625]
[choco-best] objective=10.0 probability=0.98046875 solution={'C0003539': 0, 'C0003540': 0, 'C0003541': 1, 'C0003572': 0, 'C0003573': 0, 'C0003574': 0, 'C0003575': 1, 'row_slack_R0000097': 0, 'row_slack_R0000335': 0, 'row_slack_R0000339': 0}
[parallel 190/274] path=data/miplib_benders/qaoa_problems/nvars_10/leo1_ds_qaoa_R0000097_R0000335_R0000339_0003.json status=ok wall=2012.8739467159612 peak_mb=421.90234375 choco_obj=10.0
[problem] leo2_ds_qaoa_R0000090_R0000091_R0000095_0008 path=data/miplib_benders/qaoa_problems/nvars_10/leo2_ds_qaoa_R0000090_R0000091_R0000095_0008.json
[input] n_int=10 n_bin=30 n_constr=3
[input] A=[[-2, -2, -2, 0, 0, 0, 0, 1, 0, 0], [-2, -2, -2, -1, -1, -1, -1, 0, 1, 0], [0, 0, 0, -1, -1, -1, -1, 0, 0, 1]] b=[-1, -2, -2] c=[1, 2, 3, 4, 5, 6, 7, 0, 0, 0]
[encoding]
  C0005738 = C0005738_b0 + 2*C0005738_b1 + 4*C0005738_b2
  C0005739 = C0005739_b0 + 2*C0005739_b1 + 4*C0005739_b2
  C0005740 = C0005740_b0 + 2*C0005740_b1 + 4*C0005740_b2
  C0005788 = C0005788_b0 + 2*C0005788_b1 + 4*C0005788_b2
  C0005789 = C0005789_b0 + 2*C0005789_b1 + 4*C0005789_b2
  C0005790 = C0005790_b0 + 2*C0005790_b1 + 4*C0005790_b2
  C0005791 = C0005791_b0 + 2*C0005791_b1 + 4*C0005791_b2
  row_slack_R0000090 = row_slack_R0000090_b0 + 2*row_slack_R0000090_b1 + 4*row_slack_R0000090_b2
  row_slack_R0000091 = row_slack_R0000091_b0 + 2*row_slack_R0000091_b1 + 4*row_slack_R0000091_b2
  row_slack_R0000095 = row_slack_R0000095_b0 + 2*row_slack_R0000095_b1 + 4*row_slack_R0000095_b2
[expanded] A_binary=[[-2, -4, -8, -2, -4, -8, -2, -4, -8, 0, 0, 0, 0, 0, 0, 0, 0, 0, 0, 0, 0, 1, 2, 4, 0, 0, 0, 0, 0, 0], [-2, -4, -8, -2, -4, -8, -2, -4, -8, -1, -2, -4, -1, -2, -4, -1, -2, -4, -1, -2, -4, 0, 0, 0, 1, 2, 4, 0, 0, 0], [0, 0, 0, 0, 0, 0, 0, 0, 0, -1, -2, -4, -1, -2, -4, -1, -2, -4, -1, -2, -4, 0, 0, 0, 0, 0, 0, 1, 2, 4]] b=[-1, -2, -2]
[expanded] lin_constr_mtx=[[-2, -4, -8, -2, -4, -8, -2, -4, -8, 0, 0, 0, 0, 0, 0, 0, 0, 0, 0, 0, 0, 1, 2, 4, 0, 0, 0, 0, 0, 0, -1], [-2, -4, -8, -2, -4, -8, -2, -4, -8, -1, -2, -4, -1, -2, -4, -1, -2, -4, -1, -2, -4, 0, 0, 0, 1, 2, 4, 0, 0, 0, -2], [0, 0, 0, 0, 0, 0, 0, 0, 0, -1, -2, -4, -1, -2, -4, -1, -2, -4, -1, -2, -4, 0, 0, 0, 0, 0, 0, 1, 2, 4, -2]]
Set parameter Username
[classical] objective=52.0 solution={'C0005738': 0, 'C0005739': 0, 'C0005740': 1, 'C0005788': 0, 'C0005789': 0, 'C0005790': 0, 'C0005791': 7, 'row_slack_R0000090': 1, 'row_slack_R0000091': 7, 'row_slack_R0000095': 5}
[circuit] metrics=[378, 62, 170, 516]
[solve] start
[solve] states=[[0, 0, 0, 0, 0, 0, 0, 0, 0, 0, 0, 0, 0, 0, 0, 0, 0, 0, 1, 0, 0, 1, 0, 0, 0, 0, 0, 0, 0, 0]]
[solve] probs=[1.0]
[choco-best] objective=7.0 probability=1.0 solution={'C0003539': 0, 'C0003540': 0, 'C0003541': 0, 'C0003572': 0, 'C0003573': 0, 'C0003574': 0, 'C0003575': 1, 'row_slack_R0000335': 1, 'row_slack_R0000339': 0, 'row_slack_R0000535': 0}
[parallel 191/274] path=data/miplib_benders/qaoa_problems/nvars_10/leo1_ds_qaoa_R0000335_R0000339_R0000535_0003.json status=ok wall=1856.1874696509913 peak_mb=422.83984375 choco_obj=7.0
[problem] neos8_ds_qaoa_R0001_R0002_0001 path=data/miplib_benders/qaoa_problems/nvars_10/neos8_ds_qaoa_R0001_R0002_0001.json
[input] n_int=10 n_bin=30 n_constr=2
[input] A=[[1, 1, 1, 1, 1, 0, 0, 1, 1, 0], [1, 1, 1, 1, 0, 1, 1, 1, 0, 1]] b=[1, 1] c=[-2000, -1900, -2300, -2200, -2450, -2600, -2700, -1500, 0, 0]
[encoding]
  C0001 = C0001_b0 + 2*C0001_b1 + 4*C0001_b2
  C0002 = C0002_b0 + 2*C0002_b1 + 4*C0002_b2
  C0005 = C0005_b0 + 2*C0005_b1 + 4*C0005_b2
  C0006 = C0006_b0 + 2*C0006_b1 + 4*C0006_b2
  C0009 = C0009_b0 + 2*C0009_b1 + 4*C0009_b2
  C0013 = C0013_b0 + 2*C0013_b1 + 4*C0013_b2
  C0014 = C0014_b0 + 2*C0014_b1 + 4*C0014_b2
  C0017 = C0017_b0 + 2*C0017_b1 + 4*C0017_b2
  row_slack_R0001 = row_slack_R0001_b0 + 2*row_slack_R0001_b1 + 4*row_slack_R0001_b2
  row_slack_R0002 = row_slack_R0002_b0 + 2*row_slack_R0002_b1 + 4*row_slack_R0002_b2
[expanded] A_binary=[[1, 2, 4, 1, 2, 4, 1, 2, 4, 1, 2, 4, 1, 2, 4, 0, 0, 0, 0, 0, 0, 1, 2, 4, 1, 2, 4, 0, 0, 0], [1, 2, 4, 1, 2, 4, 1, 2, 4, 1, 2, 4, 0, 0, 0, 1, 2, 4, 1, 2, 4, 1, 2, 4, 0, 0, 0, 1, 2, 4]] b=[1, 1]
[expanded] lin_constr_mtx=[[1, 2, 4, 1, 2, 4, 1, 2, 4, 1, 2, 4, 1, 2, 4, 0, 0, 0, 0, 0, 0, 1, 2, 4, 1, 2, 4, 0, 0, 0, 1], [1, 2, 4, 1, 2, 4, 1, 2, 4, 1, 2, 4, 0, 0, 0, 1, 2, 4, 1, 2, 4, 1, 2, 4, 0, 0, 0, 1, 2, 4, 1]]
Set parameter Username
[classical] objective=-0.0 solution={'C0001': 0, 'C0002': 0, 'C0005': 0, 'C0006': 0, 'C0009': 0, 'C0013': 0, 'C0014': 0, 'C0017': 0, 'row_slack_R0001': 1, 'row_slack_R0002': 1}
[circuit] metrics=[645, 62, 313, 635]
[solve] start
[solve] states=[[0, 0, 0, 0, 0, 0, 0, 0, 0, 0, 0, 0, 0, 0, 0, 0, 0, 0, 1, 0, 0, 1, 0, 0, 0, 0, 0, 0, 0, 0], [0, 0, 0, 0, 0, 0, 0, 0, 0, 0, 0, 0, 1, 0, 0, 0, 0, 0, 0, 0, 0, 1, 0, 0, 0, 0, 0, 0, 0, 0], [0, 0, 0, 0, 0, 0, 0, 0, 0, 0, 0, 0, 1, 0, 0, 0, 0, 0, 1, 1, 0, 1, 0, 0, 0, 0, 0, 0, 0, 0], [0, 0, 0, 0, 0, 0, 0, 0, 0, 0, 0, 0, 1, 1, 0, 0, 0, 0, 1, 0, 0, 1, 0, 0, 0, 0, 0, 0, 0, 0], [1, 0, 0, 0, 0, 0, 0, 0, 0, 0, 0, 0, 0, 0, 0, 0, 0, 0, 1, 0, 0, 0, 0, 0, 0, 0, 0, 1, 0, 0], [1, 0, 0, 0, 0, 0, 0, 0, 0, 0, 1, 0, 0, 0, 0, 0, 0, 0, 1, 0, 0, 1, 0, 0, 0, 0, 0, 0, 0, 0], [1, 0, 0, 0, 0, 0, 0, 0, 1, 0, 0, 0, 0, 0, 0, 0, 0, 0, 1, 0, 0, 1, 0, 0, 0, 0, 0, 0, 0, 0], [1, 0, 0, 0, 0, 1, 0, 0, 0, 0, 0, 0, 0, 0, 0, 0, 0, 0, 1, 0, 0, 1, 0, 0, 0, 0, 0, 0, 0, 0]]
[solve] probs=[0.96484375, 0.00390625, 0.00390625, 0.00390625, 0.0078125, 0.00390625, 0.0078125, 0.00390625]
[choco-best] objective=8.0 probability=0.0078125 solution={'C0003538': 1, 'C0003539': 0, 'C0003540': 0, 'C0003541': 0, 'C0003572': 0, 'C0003573': 0, 'C0003574': 1, 'row_slack_R0000335': 0, 'row_slack_R0000339': 0, 'row_slack_R0000535': 1}
[parallel 192/274] path=data/miplib_benders/qaoa_problems/nvars_10/leo1_ds_qaoa_R0000335_R0000339_R0000535_0002.json status=ok wall=2341.4760687289527 peak_mb=487.17578125 choco_obj=8.0
[problem] neos8_ds_qaoa_R0001_R0002_0002 path=data/miplib_benders/qaoa_problems/nvars_10/neos8_ds_qaoa_R0001_R0002_0002.json
[input] n_int=10 n_bin=30 n_constr=2
[input] A=[[1, 1, 1, 1, 0, 0, 1, 1, 1, 0], [1, 1, 1, 0, 1, 1, 1, 1, 0, 1]] b=[1, 1] c=[-1900, -2300, -2200, -2450, -2600, -2700, -1500, -1400, 0, 0]
[encoding]
  C0002 = C0002_b0 + 2*C0002_b1 + 4*C0002_b2
  C0005 = C0005_b0 + 2*C0005_b1 + 4*C0005_b2
  C0006 = C0006_b0 + 2*C0006_b1 + 4*C0006_b2
  C0009 = C0009_b0 + 2*C0009_b1 + 4*C0009_b2
  C0013 = C0013_b0 + 2*C0013_b1 + 4*C0013_b2
  C0014 = C0014_b0 + 2*C0014_b1 + 4*C0014_b2
  C0017 = C0017_b0 + 2*C0017_b1 + 4*C0017_b2
  C0018 = C0018_b0 + 2*C0018_b1 + 4*C0018_b2
  row_slack_R0001 = row_slack_R0001_b0 + 2*row_slack_R0001_b1 + 4*row_slack_R0001_b2
  row_slack_R0002 = row_slack_R0002_b0 + 2*row_slack_R0002_b1 + 4*row_slack_R0002_b2
[expanded] A_binary=[[1, 2, 4, 1, 2, 4, 1, 2, 4, 1, 2, 4, 0, 0, 0, 0, 0, 0, 1, 2, 4, 1, 2, 4, 1, 2, 4, 0, 0, 0], [1, 2, 4, 1, 2, 4, 1, 2, 4, 0, 0, 0, 1, 2, 4, 1, 2, 4, 1, 2, 4, 1, 2, 4, 0, 0, 0, 1, 2, 4]] b=[1, 1]
[expanded] lin_constr_mtx=[[1, 2, 4, 1, 2, 4, 1, 2, 4, 1, 2, 4, 0, 0, 0, 0, 0, 0, 1, 2, 4, 1, 2, 4, 1, 2, 4, 0, 0, 0, 1], [1, 2, 4, 1, 2, 4, 1, 2, 4, 0, 0, 0, 1, 2, 4, 1, 2, 4, 1, 2, 4, 1, 2, 4, 0, 0, 0, 1, 2, 4, 1]]
Set parameter Username
[classical] objective=-0.0 solution={'C0002': 0, 'C0005': 0, 'C0006': 0, 'C0009': 0, 'C0013': 0, 'C0014': 0, 'C0017': 0, 'C0018': 0, 'row_slack_R0001': 1, 'row_slack_R0002': 1}
[circuit] metrics=[645, 62, 313, 635]
[solve] start
[solve] states=[[0, 0, 0, 0, 0, 0, 0, 0, 0, 0, 1, 0, 0, 0, 0, 0, 0, 0, 0, 0, 1, 1, 1, 0, 0, 1, 1, 0, 1, 0]]
[solve] probs=[1.0]
[choco-best] objective=36.0 probability=1.0 solution={'C0005737': 0, 'C0005738': 0, 'C0005739': 0, 'C0005740': 2, 'C0005788': 0, 'C0005789': 0, 'C0005790': 4, 'row_slack_R0000090': 3, 'row_slack_R0000091': 6, 'row_slack_R0000095': 2}
[parallel 193/274] path=data/miplib_benders/qaoa_problems/nvars_10/leo2_ds_qaoa_R0000090_R0000091_R0000095_0007.json status=ok wall=1950.9161498959875 peak_mb=430.01953125 choco_obj=36.0
[problem] neos8_ds_qaoa_R0001_R0002_0003 path=data/miplib_benders/qaoa_problems/nvars_10/neos8_ds_qaoa_R0001_R0002_0003.json
[input] n_int=10 n_bin=30 n_constr=2
[input] A=[[1, 1, 1, 0, 0, 1, 1, 1, 1, 0], [1, 1, 0, 1, 1, 1, 1, 0, 0, 1]] b=[1, 1] c=[-2300, -2200, -2450, -2600, -2700, -1500, -1400, -1600, 0, 0]
[encoding]
  C0005 = C0005_b0 + 2*C0005_b1 + 4*C0005_b2
  C0006 = C0006_b0 + 2*C0006_b1 + 4*C0006_b2
  C0009 = C0009_b0 + 2*C0009_b1 + 4*C0009_b2
  C0013 = C0013_b0 + 2*C0013_b1 + 4*C0013_b2
  C0014 = C0014_b0 + 2*C0014_b1 + 4*C0014_b2
  C0017 = C0017_b0 + 2*C0017_b1 + 4*C0017_b2
  C0018 = C0018_b0 + 2*C0018_b1 + 4*C0018_b2
  C0022 = C0022_b0 + 2*C0022_b1 + 4*C0022_b2
  row_slack_R0001 = row_slack_R0001_b0 + 2*row_slack_R0001_b1 + 4*row_slack_R0001_b2
  row_slack_R0002 = row_slack_R0002_b0 + 2*row_slack_R0002_b1 + 4*row_slack_R0002_b2
[expanded] A_binary=[[1, 2, 4, 1, 2, 4, 1, 2, 4, 0, 0, 0, 0, 0, 0, 1, 2, 4, 1, 2, 4, 1, 2, 4, 1, 2, 4, 0, 0, 0], [1, 2, 4, 1, 2, 4, 0, 0, 0, 1, 2, 4, 1, 2, 4, 1, 2, 4, 1, 2, 4, 0, 0, 0, 0, 0, 0, 1, 2, 4]] b=[1, 1]
[expanded] lin_constr_mtx=[[1, 2, 4, 1, 2, 4, 1, 2, 4, 0, 0, 0, 0, 0, 0, 1, 2, 4, 1, 2, 4, 1, 2, 4, 1, 2, 4, 0, 0, 0, 1], [1, 2, 4, 1, 2, 4, 0, 0, 0, 1, 2, 4, 1, 2, 4, 1, 2, 4, 1, 2, 4, 0, 0, 0, 0, 0, 0, 1, 2, 4, 1]]
Set parameter Username
[classical] objective=-0.0 solution={'C0005': 0, 'C0006': 0, 'C0009': 0, 'C0013': 0, 'C0014': 0, 'C0017': 0, 'C0018': 0, 'C0022': 0, 'row_slack_R0001': 1, 'row_slack_R0002': 1}
[circuit] metrics=[605, 62, 295, 635]
[solve] start
[solve] states=[[0, 0, 0, 0, 0, 0, 0, 0, 0, 0, 0, 0, 0, 0, 0, 0, 0, 0, 0, 0, 0, 0, 0, 0, 1, 0, 0, 1, 0, 0]]
[solve] probs=[1.0]
[choco-best] objective=0.0 probability=1.0 solution={'C0001': 0, 'C0002': 0, 'C0005': 0, 'C0006': 0, 'C0009': 0, 'C0013': 0, 'C0014': 0, 'C0017': 0, 'row_slack_R0001': 1, 'row_slack_R0002': 1}
[parallel 194/274] path=data/miplib_benders/qaoa_problems/nvars_10/neos8_ds_qaoa_R0001_R0002_0001.json status=ok wall=963.2900400650688 peak_mb=422.6015625 choco_obj=0.0
[problem] neos8_ds_qaoa_R0001_R0002_R0003_0001 path=data/miplib_benders/qaoa_problems/nvars_10/neos8_ds_qaoa_R0001_R0002_R0003_0001.json
[input] n_int=10 n_bin=30 n_constr=3
[input] A=[[1, 1, 1, 1, 1, 0, 0, 1, 0, 0], [1, 1, 1, 1, 0, 1, 1, 0, 1, 0], [1, 1, 0, 0, 1, 1, 1, 0, 0, 1]] b=[1, 1, 1] c=[-2000, -1900, -2300, -2200, -2450, -2600, -2700, 0, 0, 0]
[encoding]
  C0001 = C0001_b0 + 2*C0001_b1 + 4*C0001_b2
  C0002 = C0002_b0 + 2*C0002_b1 + 4*C0002_b2
  C0005 = C0005_b0 + 2*C0005_b1 + 4*C0005_b2
  C0006 = C0006_b0 + 2*C0006_b1 + 4*C0006_b2
  C0009 = C0009_b0 + 2*C0009_b1 + 4*C0009_b2
  C0013 = C0013_b0 + 2*C0013_b1 + 4*C0013_b2
  C0014 = C0014_b0 + 2*C0014_b1 + 4*C0014_b2
  row_slack_R0001 = row_slack_R0001_b0 + 2*row_slack_R0001_b1 + 4*row_slack_R0001_b2
  row_slack_R0002 = row_slack_R0002_b0 + 2*row_slack_R0002_b1 + 4*row_slack_R0002_b2
  row_slack_R0003 = row_slack_R0003_b0 + 2*row_slack_R0003_b1 + 4*row_slack_R0003_b2
[expanded] A_binary=[[1, 2, 4, 1, 2, 4, 1, 2, 4, 1, 2, 4, 1, 2, 4, 0, 0, 0, 0, 0, 0, 1, 2, 4, 0, 0, 0, 0, 0, 0], [1, 2, 4, 1, 2, 4, 1, 2, 4, 1, 2, 4, 0, 0, 0, 1, 2, 4, 1, 2, 4, 0, 0, 0, 1, 2, 4, 0, 0, 0], [1, 2, 4, 1, 2, 4, 0, 0, 0, 0, 0, 0, 1, 2, 4, 1, 2, 4, 1, 2, 4, 0, 0, 0, 0, 0, 0, 1, 2, 4]] b=[1, 1, 1]
[expanded] lin_constr_mtx=[[1, 2, 4, 1, 2, 4, 1, 2, 4, 1, 2, 4, 1, 2, 4, 0, 0, 0, 0, 0, 0, 1, 2, 4, 0, 0, 0, 0, 0, 0, 1], [1, 2, 4, 1, 2, 4, 1, 2, 4, 1, 2, 4, 0, 0, 0, 1, 2, 4, 1, 2, 4, 0, 0, 0, 1, 2, 4, 0, 0, 0, 1], [1, 2, 4, 1, 2, 4, 0, 0, 0, 0, 0, 0, 1, 2, 4, 1, 2, 4, 1, 2, 4, 0, 0, 0, 0, 0, 0, 1, 2, 4, 1]]
Set parameter Username
[classical] objective=-0.0 solution={'C0001': 0, 'C0002': 0, 'C0005': 0, 'C0006': 0, 'C0009': 0, 'C0013': 0, 'C0014': 0, 'row_slack_R0001': 1, 'row_slack_R0002': 1, 'row_slack_R0003': 1}
[circuit] metrics=[1102, 62, 478, 1092]
[solve] start
[solve] states=[[0, 0, 0, 0, 0, 0, 0, 0, 0, 0, 0, 0, 0, 0, 0, 0, 0, 0, 0, 0, 0, 0, 0, 0, 1, 0, 0, 1, 0, 0]]
[solve] probs=[1.0]
[choco-best] objective=0.0 probability=1.0 solution={'C0002': 0, 'C0005': 0, 'C0006': 0, 'C0009': 0, 'C0013': 0, 'C0014': 0, 'C0017': 0, 'C0018': 0, 'row_slack_R0001': 1, 'row_slack_R0002': 1}
[parallel 195/274] path=data/miplib_benders/qaoa_problems/nvars_10/neos8_ds_qaoa_R0001_R0002_0002.json status=ok wall=1791.3453911299584 peak_mb=486.02734375 choco_obj=0.0
[problem] neos8_ds_qaoa_R0001_R0002_R0003_0002 path=data/miplib_benders/qaoa_problems/nvars_10/neos8_ds_qaoa_R0001_R0002_R0003_0002.json
[input] n_int=10 n_bin=30 n_constr=3
[input] A=[[1, 1, 1, 1, 0, 0, 1, 1, 0, 0], [1, 1, 1, 0, 1, 1, 1, 0, 1, 0], [1, 0, 0, 1, 1, 1, 0, 0, 0, 1]] b=[1, 1, 1] c=[-1900, -2300, -2200, -2450, -2600, -2700, -1500, 0, 0, 0]
[encoding]
  C0002 = C0002_b0 + 2*C0002_b1 + 4*C0002_b2
  C0005 = C0005_b0 + 2*C0005_b1 + 4*C0005_b2
  C0006 = C0006_b0 + 2*C0006_b1 + 4*C0006_b2
  C0009 = C0009_b0 + 2*C0009_b1 + 4*C0009_b2
  C0013 = C0013_b0 + 2*C0013_b1 + 4*C0013_b2
  C0014 = C0014_b0 + 2*C0014_b1 + 4*C0014_b2
  C0017 = C0017_b0 + 2*C0017_b1 + 4*C0017_b2
  row_slack_R0001 = row_slack_R0001_b0 + 2*row_slack_R0001_b1 + 4*row_slack_R0001_b2
  row_slack_R0002 = row_slack_R0002_b0 + 2*row_slack_R0002_b1 + 4*row_slack_R0002_b2
  row_slack_R0003 = row_slack_R0003_b0 + 2*row_slack_R0003_b1 + 4*row_slack_R0003_b2
[expanded] A_binary=[[1, 2, 4, 1, 2, 4, 1, 2, 4, 1, 2, 4, 0, 0, 0, 0, 0, 0, 1, 2, 4, 1, 2, 4, 0, 0, 0, 0, 0, 0], [1, 2, 4, 1, 2, 4, 1, 2, 4, 0, 0, 0, 1, 2, 4, 1, 2, 4, 1, 2, 4, 0, 0, 0, 1, 2, 4, 0, 0, 0], [1, 2, 4, 0, 0, 0, 0, 0, 0, 1, 2, 4, 1, 2, 4, 1, 2, 4, 0, 0, 0, 0, 0, 0, 0, 0, 0, 1, 2, 4]] b=[1, 1, 1]
[expanded] lin_constr_mtx=[[1, 2, 4, 1, 2, 4, 1, 2, 4, 1, 2, 4, 0, 0, 0, 0, 0, 0, 1, 2, 4, 1, 2, 4, 0, 0, 0, 0, 0, 0, 1], [1, 2, 4, 1, 2, 4, 1, 2, 4, 0, 0, 0, 1, 2, 4, 1, 2, 4, 1, 2, 4, 0, 0, 0, 1, 2, 4, 0, 0, 0, 1], [1, 2, 4, 0, 0, 0, 0, 0, 0, 1, 2, 4, 1, 2, 4, 1, 2, 4, 0, 0, 0, 0, 0, 0, 0, 0, 0, 1, 2, 4, 1]]
Set parameter Username
[classical] objective=-0.0 solution={'C0002': 0, 'C0005': 0, 'C0006': 0, 'C0009': 0, 'C0013': 0, 'C0014': 0, 'C0017': 0, 'row_slack_R0001': 1, 'row_slack_R0002': 1, 'row_slack_R0003': 1}
[circuit] metrics=[1149, 62, 502, 1094]
[solve] start
[solve] states=[[0, 0, 0, 0, 0, 0, 0, 1, 0, 0, 0, 0, 0, 0, 0, 0, 0, 0, 0, 0, 1, 1, 1, 0, 0, 1, 1, 0, 1, 0]]
[solve] probs=[1.0]
[choco-best] objective=34.0 probability=1.0 solution={'C0005738': 0, 'C0005739': 0, 'C0005740': 2, 'C0005788': 0, 'C0005789': 0, 'C0005790': 0, 'C0005791': 4, 'row_slack_R0000090': 3, 'row_slack_R0000091': 6, 'row_slack_R0000095': 2}
[parallel 196/274] path=data/miplib_benders/qaoa_problems/nvars_10/leo2_ds_qaoa_R0000090_R0000091_R0000095_0008.json status=ok wall=2725.5107533209957 peak_mb=438.91015625 choco_obj=34.0
[problem] neos8_ds_qaoa_R0001_R0002_R0003_0003 path=data/miplib_benders/qaoa_problems/nvars_10/neos8_ds_qaoa_R0001_R0002_R0003_0003.json
[input] n_int=10 n_bin=30 n_constr=3
[input] A=[[1, 1, 1, 0, 0, 1, 1, 1, 0, 0], [1, 1, 0, 1, 1, 1, 1, 0, 1, 0], [0, 0, 1, 1, 1, 0, 0, 0, 0, 1]] b=[1, 1, 1] c=[-2300, -2200, -2450, -2600, -2700, -1500, -1400, 0, 0, 0]
[encoding]
  C0005 = C0005_b0 + 2*C0005_b1 + 4*C0005_b2
  C0006 = C0006_b0 + 2*C0006_b1 + 4*C0006_b2
  C0009 = C0009_b0 + 2*C0009_b1 + 4*C0009_b2
  C0013 = C0013_b0 + 2*C0013_b1 + 4*C0013_b2
  C0014 = C0014_b0 + 2*C0014_b1 + 4*C0014_b2
  C0017 = C0017_b0 + 2*C0017_b1 + 4*C0017_b2
  C0018 = C0018_b0 + 2*C0018_b1 + 4*C0018_b2
  row_slack_R0001 = row_slack_R0001_b0 + 2*row_slack_R0001_b1 + 4*row_slack_R0001_b2
  row_slack_R0002 = row_slack_R0002_b0 + 2*row_slack_R0002_b1 + 4*row_slack_R0002_b2
  row_slack_R0003 = row_slack_R0003_b0 + 2*row_slack_R0003_b1 + 4*row_slack_R0003_b2
[expanded] A_binary=[[1, 2, 4, 1, 2, 4, 1, 2, 4, 0, 0, 0, 0, 0, 0, 1, 2, 4, 1, 2, 4, 1, 2, 4, 0, 0, 0, 0, 0, 0], [1, 2, 4, 1, 2, 4, 0, 0, 0, 1, 2, 4, 1, 2, 4, 1, 2, 4, 1, 2, 4, 0, 0, 0, 1, 2, 4, 0, 0, 0], [0, 0, 0, 0, 0, 0, 1, 2, 4, 1, 2, 4, 1, 2, 4, 0, 0, 0, 0, 0, 0, 0, 0, 0, 0, 0, 0, 1, 2, 4]] b=[1, 1, 1]
[expanded] lin_constr_mtx=[[1, 2, 4, 1, 2, 4, 1, 2, 4, 0, 0, 0, 0, 0, 0, 1, 2, 4, 1, 2, 4, 1, 2, 4, 0, 0, 0, 0, 0, 0, 1], [1, 2, 4, 1, 2, 4, 0, 0, 0, 1, 2, 4, 1, 2, 4, 1, 2, 4, 1, 2, 4, 0, 0, 0, 1, 2, 4, 0, 0, 0, 1], [0, 0, 0, 0, 0, 0, 1, 2, 4, 1, 2, 4, 1, 2, 4, 0, 0, 0, 0, 0, 0, 0, 0, 0, 0, 0, 0, 1, 2, 4, 1]]
Set parameter Username
[classical] objective=-0.0 solution={'C0005': 0, 'C0006': 0, 'C0009': 0, 'C0013': 0, 'C0014': 0, 'C0017': 0, 'C0018': 0, 'row_slack_R0001': 1, 'row_slack_R0002': 1, 'row_slack_R0003': 1}
[circuit] metrics=[689, 62, 293, 735]
[solve] start
[solve] states=[[0, 0, 0, 0, 0, 0, 0, 0, 0, 0, 0, 0, 0, 0, 0, 0, 0, 0, 0, 0, 0, 1, 0, 0, 1, 0, 0, 1, 0, 0]]
[solve] probs=[1.0]
[choco-best] objective=0.0 probability=1.0 solution={'C0001': 0, 'C0002': 0, 'C0005': 0, 'C0006': 0, 'C0009': 0, 'C0013': 0, 'C0014': 0, 'row_slack_R0001': 1, 'row_slack_R0002': 1, 'row_slack_R0003': 1}
[parallel 197/274] path=data/miplib_benders/qaoa_problems/nvars_10/neos8_ds_qaoa_R0001_R0002_R0003_0001.json status=ok wall=1375.2118800180033 peak_mb=436.5390625 choco_obj=0.0
[problem] neos8_ds_qaoa_R0001_R0002_R0003_0004 path=data/miplib_benders/qaoa_problems/nvars_10/neos8_ds_qaoa_R0001_R0002_R0003_0004.json
[input] n_int=10 n_bin=30 n_constr=3
[input] A=[[1, 1, 0, 0, 1, 1, 1, 1, 0, 0], [1, 0, 1, 1, 1, 1, 0, 0, 1, 0], [0, 1, 1, 1, 0, 0, 1, 0, 0, 1]] b=[1, 1, 1] c=[-2200, -2450, -2600, -2700, -1500, -1400, -1600, 0, 0, 0]
[encoding]
  C0006 = C0006_b0 + 2*C0006_b1 + 4*C0006_b2
  C0009 = C0009_b0 + 2*C0009_b1 + 4*C0009_b2
  C0013 = C0013_b0 + 2*C0013_b1 + 4*C0013_b2
  C0014 = C0014_b0 + 2*C0014_b1 + 4*C0014_b2
  C0017 = C0017_b0 + 2*C0017_b1 + 4*C0017_b2
  C0018 = C0018_b0 + 2*C0018_b1 + 4*C0018_b2
  C0022 = C0022_b0 + 2*C0022_b1 + 4*C0022_b2
  row_slack_R0001 = row_slack_R0001_b0 + 2*row_slack_R0001_b1 + 4*row_slack_R0001_b2
  row_slack_R0002 = row_slack_R0002_b0 + 2*row_slack_R0002_b1 + 4*row_slack_R0002_b2
  row_slack_R0003 = row_slack_R0003_b0 + 2*row_slack_R0003_b1 + 4*row_slack_R0003_b2
[expanded] A_binary=[[1, 2, 4, 1, 2, 4, 0, 0, 0, 0, 0, 0, 1, 2, 4, 1, 2, 4, 1, 2, 4, 1, 2, 4, 0, 0, 0, 0, 0, 0], [1, 2, 4, 0, 0, 0, 1, 2, 4, 1, 2, 4, 1, 2, 4, 1, 2, 4, 0, 0, 0, 0, 0, 0, 1, 2, 4, 0, 0, 0], [0, 0, 0, 1, 2, 4, 1, 2, 4, 1, 2, 4, 0, 0, 0, 0, 0, 0, 1, 2, 4, 0, 0, 0, 0, 0, 0, 1, 2, 4]] b=[1, 1, 1]
[expanded] lin_constr_mtx=[[1, 2, 4, 1, 2, 4, 0, 0, 0, 0, 0, 0, 1, 2, 4, 1, 2, 4, 1, 2, 4, 1, 2, 4, 0, 0, 0, 0, 0, 0, 1], [1, 2, 4, 0, 0, 0, 1, 2, 4, 1, 2, 4, 1, 2, 4, 1, 2, 4, 0, 0, 0, 0, 0, 0, 1, 2, 4, 0, 0, 0, 1], [0, 0, 0, 1, 2, 4, 1, 2, 4, 1, 2, 4, 0, 0, 0, 0, 0, 0, 1, 2, 4, 0, 0, 0, 0, 0, 0, 1, 2, 4, 1]]
Set parameter Username
[classical] objective=-0.0 solution={'C0006': 0, 'C0009': 0, 'C0013': 0, 'C0014': 0, 'C0017': 0, 'C0018': 0, 'C0022': 0, 'row_slack_R0001': 1, 'row_slack_R0002': 1, 'row_slack_R0003': 1}
[circuit] metrics=[649, 62, 275, 735]
[solve] start
[solve] states=[[0, 0, 0, 0, 0, 0, 0, 0, 0, 0, 0, 0, 0, 0, 0, 0, 0, 0, 0, 0, 0, 0, 0, 0, 1, 0, 0, 1, 0, 0]]
[solve] probs=[1.0]
[choco-best] objective=0.0 probability=1.0 solution={'C0005': 0, 'C0006': 0, 'C0009': 0, 'C0013': 0, 'C0014': 0, 'C0017': 0, 'C0018': 0, 'C0022': 0, 'row_slack_R0001': 1, 'row_slack_R0002': 1}
[parallel 198/274] path=data/miplib_benders/qaoa_problems/nvars_10/neos8_ds_qaoa_R0001_R0002_0003.json status=ok wall=1681.6598265540088 peak_mb=435.828125 choco_obj=0.0
[problem] neos8_ds_qaoa_R0001_R0002_R0003_0005 path=data/miplib_benders/qaoa_problems/nvars_10/neos8_ds_qaoa_R0001_R0002_R0003_0005.json
[input] n_int=10 n_bin=30 n_constr=3
[input] A=[[1, 0, 0, 1, 1, 1, 0, 1, 0, 0], [0, 1, 1, 1, 1, 0, 1, 0, 1, 0], [1, 1, 1, 0, 0, 1, 0, 0, 0, 1]] b=[1, 1, 1] c=[-2450, -2600, -2700, -1500, -1400, -1600, -1500, 0, 0, 0]
[encoding]
  C0009 = C0009_b0 + 2*C0009_b1 + 4*C0009_b2
  C0013 = C0013_b0 + 2*C0013_b1 + 4*C0013_b2
  C0014 = C0014_b0 + 2*C0014_b1 + 4*C0014_b2
  C0017 = C0017_b0 + 2*C0017_b1 + 4*C0017_b2
  C0018 = C0018_b0 + 2*C0018_b1 + 4*C0018_b2
  C0022 = C0022_b0 + 2*C0022_b1 + 4*C0022_b2
  C0023 = C0023_b0 + 2*C0023_b1 + 4*C0023_b2
  row_slack_R0001 = row_slack_R0001_b0 + 2*row_slack_R0001_b1 + 4*row_slack_R0001_b2
  row_slack_R0002 = row_slack_R0002_b0 + 2*row_slack_R0002_b1 + 4*row_slack_R0002_b2
  row_slack_R0003 = row_slack_R0003_b0 + 2*row_slack_R0003_b1 + 4*row_slack_R0003_b2
[expanded] A_binary=[[1, 2, 4, 0, 0, 0, 0, 0, 0, 1, 2, 4, 1, 2, 4, 1, 2, 4, 0, 0, 0, 1, 2, 4, 0, 0, 0, 0, 0, 0], [0, 0, 0, 1, 2, 4, 1, 2, 4, 1, 2, 4, 1, 2, 4, 0, 0, 0, 1, 2, 4, 0, 0, 0, 1, 2, 4, 0, 0, 0], [1, 2, 4, 1, 2, 4, 1, 2, 4, 0, 0, 0, 0, 0, 0, 1, 2, 4, 0, 0, 0, 0, 0, 0, 0, 0, 0, 1, 2, 4]] b=[1, 1, 1]
[expanded] lin_constr_mtx=[[1, 2, 4, 0, 0, 0, 0, 0, 0, 1, 2, 4, 1, 2, 4, 1, 2, 4, 0, 0, 0, 1, 2, 4, 0, 0, 0, 0, 0, 0, 1], [0, 0, 0, 1, 2, 4, 1, 2, 4, 1, 2, 4, 1, 2, 4, 0, 0, 0, 1, 2, 4, 0, 0, 0, 1, 2, 4, 0, 0, 0, 1], [1, 2, 4, 1, 2, 4, 1, 2, 4, 0, 0, 0, 0, 0, 0, 1, 2, 4, 0, 0, 0, 0, 0, 0, 0, 0, 0, 1, 2, 4, 1]]
Set parameter Username
[classical] objective=-0.0 solution={'C0009': 0, 'C0013': 0, 'C0014': 0, 'C0017': 0, 'C0018': 0, 'C0022': 0, 'C0023': 0, 'row_slack_R0001': 1, 'row_slack_R0002': 1, 'row_slack_R0003': 1}
[circuit] metrics=[768, 62, 322, 832]
[solve] start
[solve] states=[[0, 0, 0, 0, 0, 0, 0, 0, 0, 0, 0, 0, 0, 0, 0, 0, 0, 0, 0, 0, 0, 1, 0, 0, 1, 0, 0, 1, 0, 0]]
[solve] probs=[1.0]
[choco-best] objective=0.0 probability=1.0 solution={'C0002': 0, 'C0005': 0, 'C0006': 0, 'C0009': 0, 'C0013': 0, 'C0014': 0, 'C0017': 0, 'row_slack_R0001': 1, 'row_slack_R0002': 1, 'row_slack_R0003': 1}
[parallel 199/274] path=data/miplib_benders/qaoa_problems/nvars_10/neos8_ds_qaoa_R0001_R0002_R0003_0002.json status=ok wall=1708.7964292189572 peak_mb=438.140625 choco_obj=0.0
[problem] neos8_ds_qaoa_R0001_R0002_R0003_0006 path=data/miplib_benders/qaoa_problems/nvars_10/neos8_ds_qaoa_R0001_R0002_R0003_0006.json
[input] n_int=10 n_bin=30 n_constr=3
[input] A=[[0, 0, 1, 1, 1, 0, 0, 1, 0, 0], [1, 1, 1, 1, 0, 1, 1, 0, 1, 0], [1, 1, 0, 0, 1, 0, 0, 0, 0, 1]] b=[1, 1, 1] c=[-2600, -2700, -1500, -1400, -1600, -1500, -1500, 0, 0, 0]
[encoding]
  C0013 = C0013_b0 + 2*C0013_b1 + 4*C0013_b2
  C0014 = C0014_b0 + 2*C0014_b1 + 4*C0014_b2
  C0017 = C0017_b0 + 2*C0017_b1 + 4*C0017_b2
  C0018 = C0018_b0 + 2*C0018_b1 + 4*C0018_b2
  C0022 = C0022_b0 + 2*C0022_b1 + 4*C0022_b2
  C0023 = C0023_b0 + 2*C0023_b1 + 4*C0023_b2
  C0024 = C0024_b0 + 2*C0024_b1 + 4*C0024_b2
  row_slack_R0001 = row_slack_R0001_b0 + 2*row_slack_R0001_b1 + 4*row_slack_R0001_b2
  row_slack_R0002 = row_slack_R0002_b0 + 2*row_slack_R0002_b1 + 4*row_slack_R0002_b2
  row_slack_R0003 = row_slack_R0003_b0 + 2*row_slack_R0003_b1 + 4*row_slack_R0003_b2
[expanded] A_binary=[[0, 0, 0, 0, 0, 0, 1, 2, 4, 1, 2, 4, 1, 2, 4, 0, 0, 0, 0, 0, 0, 1, 2, 4, 0, 0, 0, 0, 0, 0], [1, 2, 4, 1, 2, 4, 1, 2, 4, 1, 2, 4, 0, 0, 0, 1, 2, 4, 1, 2, 4, 0, 0, 0, 1, 2, 4, 0, 0, 0], [1, 2, 4, 1, 2, 4, 0, 0, 0, 0, 0, 0, 1, 2, 4, 0, 0, 0, 0, 0, 0, 0, 0, 0, 0, 0, 0, 1, 2, 4]] b=[1, 1, 1]
[expanded] lin_constr_mtx=[[0, 0, 0, 0, 0, 0, 1, 2, 4, 1, 2, 4, 1, 2, 4, 0, 0, 0, 0, 0, 0, 1, 2, 4, 0, 0, 0, 0, 0, 0, 1], [1, 2, 4, 1, 2, 4, 1, 2, 4, 1, 2, 4, 0, 0, 0, 1, 2, 4, 1, 2, 4, 0, 0, 0, 1, 2, 4, 0, 0, 0, 1], [1, 2, 4, 1, 2, 4, 0, 0, 0, 0, 0, 0, 1, 2, 4, 0, 0, 0, 0, 0, 0, 0, 0, 0, 0, 0, 0, 1, 2, 4, 1]]
Set parameter Username
[classical] objective=-0.0 solution={'C0013': 0, 'C0014': 0, 'C0017': 0, 'C0018': 0, 'C0022': 0, 'C0023': 0, 'C0024': 0, 'row_slack_R0001': 1, 'row_slack_R0002': 1, 'row_slack_R0003': 1}
[circuit] metrics=[981, 62, 415, 995]
[solve] start
[solve] states=[[0, 0, 0, 0, 0, 0, 0, 0, 0, 0, 0, 0, 0, 0, 0, 0, 0, 0, 0, 0, 0, 1, 0, 0, 1, 0, 0, 1, 0, 0]]
[solve] probs=[1.0]
[choco-best] objective=0.0 probability=1.0 solution={'C0009': 0, 'C0013': 0, 'C0014': 0, 'C0017': 0, 'C0018': 0, 'C0022': 0, 'C0023': 0, 'row_slack_R0001': 1, 'row_slack_R0002': 1, 'row_slack_R0003': 1}
[parallel 200/274] path=data/miplib_benders/qaoa_problems/nvars_10/neos8_ds_qaoa_R0001_R0002_R0003_0005.json status=ok wall=2628.2703275749227 peak_mb=437.96484375 choco_obj=0.0
[problem] neos8_ds_qaoa_R0002_R0003_0001 path=data/miplib_benders/qaoa_problems/nvars_10/neos8_ds_qaoa_R0002_R0003_0001.json
[input] n_int=10 n_bin=30 n_constr=2
[input] A=[[1, 1, 1, 1, 0, 1, 1, 1, 1, 0], [1, 1, 0, 0, 1, 1, 1, 0, 0, 1]] b=[1, 1] c=[-2000, -1900, -2300, -2200, -2450, -2600, -2700, -1500, 0, 0]
[encoding]
  C0001 = C0001_b0 + 2*C0001_b1 + 4*C0001_b2
  C0002 = C0002_b0 + 2*C0002_b1 + 4*C0002_b2
  C0005 = C0005_b0 + 2*C0005_b1 + 4*C0005_b2
  C0006 = C0006_b0 + 2*C0006_b1 + 4*C0006_b2
  C0009 = C0009_b0 + 2*C0009_b1 + 4*C0009_b2
  C0013 = C0013_b0 + 2*C0013_b1 + 4*C0013_b2
  C0014 = C0014_b0 + 2*C0014_b1 + 4*C0014_b2
  C0017 = C0017_b0 + 2*C0017_b1 + 4*C0017_b2
  row_slack_R0002 = row_slack_R0002_b0 + 2*row_slack_R0002_b1 + 4*row_slack_R0002_b2
  row_slack_R0003 = row_slack_R0003_b0 + 2*row_slack_R0003_b1 + 4*row_slack_R0003_b2
[expanded] A_binary=[[1, 2, 4, 1, 2, 4, 1, 2, 4, 1, 2, 4, 0, 0, 0, 1, 2, 4, 1, 2, 4, 1, 2, 4, 1, 2, 4, 0, 0, 0], [1, 2, 4, 1, 2, 4, 0, 0, 0, 0, 0, 0, 1, 2, 4, 1, 2, 4, 1, 2, 4, 0, 0, 0, 0, 0, 0, 1, 2, 4]] b=[1, 1]
[expanded] lin_constr_mtx=[[1, 2, 4, 1, 2, 4, 1, 2, 4, 1, 2, 4, 0, 0, 0, 1, 2, 4, 1, 2, 4, 1, 2, 4, 1, 2, 4, 0, 0, 0, 1], [1, 2, 4, 1, 2, 4, 0, 0, 0, 0, 0, 0, 1, 2, 4, 1, 2, 4, 1, 2, 4, 0, 0, 0, 0, 0, 0, 1, 2, 4, 1]]
Set parameter Username
[classical] objective=-0.0 solution={'C0001': 0, 'C0002': 0, 'C0005': 0, 'C0006': 0, 'C0009': 0, 'C0013': 0, 'C0014': 0, 'C0017': 0, 'row_slack_R0002': 1, 'row_slack_R0003': 1}
[circuit] metrics=[455, 62, 220, 536]
[solve] start
[solve] states=[[0, 0, 0, 0, 0, 0, 0, 0, 0, 0, 0, 0, 0, 0, 0, 0, 0, 0, 0, 0, 0, 1, 0, 0, 1, 0, 0, 1, 0, 0]]
[solve] probs=[1.0]
[choco-best] objective=0.0 probability=1.0 solution={'C0013': 0, 'C0014': 0, 'C0017': 0, 'C0018': 0, 'C0022': 0, 'C0023': 0, 'C0024': 0, 'row_slack_R0001': 1, 'row_slack_R0002': 1, 'row_slack_R0003': 1}
[parallel 201/274] path=data/miplib_benders/qaoa_problems/nvars_10/neos8_ds_qaoa_R0001_R0002_R0003_0006.json status=ok wall=1779.1239224870224 peak_mb=438.24609375 choco_obj=0.0
[problem] neos8_ds_qaoa_R0002_R0003_0002 path=data/miplib_benders/qaoa_problems/nvars_10/neos8_ds_qaoa_R0002_R0003_0002.json
[input] n_int=10 n_bin=30 n_constr=2
[input] A=[[1, 1, 1, 0, 1, 1, 1, 1, 1, 0], [1, 0, 0, 1, 1, 1, 0, 0, 0, 1]] b=[1, 1] c=[-1900, -2300, -2200, -2450, -2600, -2700, -1500, -1400, 0, 0]
[encoding]
  C0002 = C0002_b0 + 2*C0002_b1 + 4*C0002_b2
  C0005 = C0005_b0 + 2*C0005_b1 + 4*C0005_b2
  C0006 = C0006_b0 + 2*C0006_b1 + 4*C0006_b2
  C0009 = C0009_b0 + 2*C0009_b1 + 4*C0009_b2
  C0013 = C0013_b0 + 2*C0013_b1 + 4*C0013_b2
  C0014 = C0014_b0 + 2*C0014_b1 + 4*C0014_b2
  C0017 = C0017_b0 + 2*C0017_b1 + 4*C0017_b2
  C0018 = C0018_b0 + 2*C0018_b1 + 4*C0018_b2
  row_slack_R0002 = row_slack_R0002_b0 + 2*row_slack_R0002_b1 + 4*row_slack_R0002_b2
  row_slack_R0003 = row_slack_R0003_b0 + 2*row_slack_R0003_b1 + 4*row_slack_R0003_b2
[expanded] A_binary=[[1, 2, 4, 1, 2, 4, 1, 2, 4, 0, 0, 0, 1, 2, 4, 1, 2, 4, 1, 2, 4, 1, 2, 4, 1, 2, 4, 0, 0, 0], [1, 2, 4, 0, 0, 0, 0, 0, 0, 1, 2, 4, 1, 2, 4, 1, 2, 4, 0, 0, 0, 0, 0, 0, 0, 0, 0, 1, 2, 4]] b=[1, 1]
[expanded] lin_constr_mtx=[[1, 2, 4, 1, 2, 4, 1, 2, 4, 0, 0, 0, 1, 2, 4, 1, 2, 4, 1, 2, 4, 1, 2, 4, 1, 2, 4, 0, 0, 0, 1], [1, 2, 4, 0, 0, 0, 0, 0, 0, 1, 2, 4, 1, 2, 4, 1, 2, 4, 0, 0, 0, 0, 0, 0, 0, 0, 0, 1, 2, 4, 1]]
Set parameter Username
[classical] objective=-0.0 solution={'C0002': 0, 'C0005': 0, 'C0006': 0, 'C0009': 0, 'C0013': 0, 'C0014': 0, 'C0017': 0, 'C0018': 0, 'row_slack_R0002': 1, 'row_slack_R0003': 1}
[circuit] metrics=[495, 62, 238, 536]
[solve] start
[solve] states=[[0, 0, 0, 0, 0, 0, 0, 0, 0, 0, 0, 0, 0, 0, 0, 0, 0, 0, 0, 0, 0, 1, 0, 0, 1, 0, 0, 1, 0, 0]]
[solve] probs=[1.0]
[choco-best] objective=0.0 probability=1.0 solution={'C0005': 0, 'C0006': 0, 'C0009': 0, 'C0013': 0, 'C0014': 0, 'C0017': 0, 'C0018': 0, 'row_slack_R0001': 1, 'row_slack_R0002': 1, 'row_slack_R0003': 1}
[parallel 202/274] path=data/miplib_benders/qaoa_problems/nvars_10/neos8_ds_qaoa_R0001_R0002_R0003_0003.json status=ok wall=3375.2252756049857 peak_mb=484.0859375 choco_obj=0.0
[problem] neos8_ds_qaoa_R0002_R0003_R0004_0001 path=data/miplib_benders/qaoa_problems/nvars_10/neos8_ds_qaoa_R0002_R0003_R0004_0001.json
[input] n_int=10 n_bin=30 n_constr=3
[input] A=[[1, 1, 1, 1, 0, 1, 1, 1, 0, 0], [1, 1, 0, 0, 1, 1, 1, 0, 1, 0], [0, 0, 1, 1, 1, 1, 1, 0, 0, 1]] b=[1, 1, 1] c=[-2000, -1900, -2300, -2200, -2450, -2600, -2700, 0, 0, 0]
[encoding]
  C0001 = C0001_b0 + 2*C0001_b1 + 4*C0001_b2
  C0002 = C0002_b0 + 2*C0002_b1 + 4*C0002_b2
  C0005 = C0005_b0 + 2*C0005_b1 + 4*C0005_b2
  C0006 = C0006_b0 + 2*C0006_b1 + 4*C0006_b2
  C0009 = C0009_b0 + 2*C0009_b1 + 4*C0009_b2
  C0013 = C0013_b0 + 2*C0013_b1 + 4*C0013_b2
  C0014 = C0014_b0 + 2*C0014_b1 + 4*C0014_b2
  row_slack_R0002 = row_slack_R0002_b0 + 2*row_slack_R0002_b1 + 4*row_slack_R0002_b2
  row_slack_R0003 = row_slack_R0003_b0 + 2*row_slack_R0003_b1 + 4*row_slack_R0003_b2
  row_slack_R0004 = row_slack_R0004_b0 + 2*row_slack_R0004_b1 + 4*row_slack_R0004_b2
[expanded] A_binary=[[1, 2, 4, 1, 2, 4, 1, 2, 4, 1, 2, 4, 0, 0, 0, 1, 2, 4, 1, 2, 4, 1, 2, 4, 0, 0, 0, 0, 0, 0], [1, 2, 4, 1, 2, 4, 0, 0, 0, 0, 0, 0, 1, 2, 4, 1, 2, 4, 1, 2, 4, 0, 0, 0, 1, 2, 4, 0, 0, 0], [0, 0, 0, 0, 0, 0, 1, 2, 4, 1, 2, 4, 1, 2, 4, 1, 2, 4, 1, 2, 4, 0, 0, 0, 0, 0, 0, 1, 2, 4]] b=[1, 1, 1]
[expanded] lin_constr_mtx=[[1, 2, 4, 1, 2, 4, 1, 2, 4, 1, 2, 4, 0, 0, 0, 1, 2, 4, 1, 2, 4, 1, 2, 4, 0, 0, 0, 0, 0, 0, 1], [1, 2, 4, 1, 2, 4, 0, 0, 0, 0, 0, 0, 1, 2, 4, 1, 2, 4, 1, 2, 4, 0, 0, 0, 1, 2, 4, 0, 0, 0, 1], [0, 0, 0, 0, 0, 0, 1, 2, 4, 1, 2, 4, 1, 2, 4, 1, 2, 4, 1, 2, 4, 0, 0, 0, 0, 0, 0, 1, 2, 4, 1]]
Set parameter Username
[classical] objective=-0.0 solution={'C0001': 0, 'C0002': 0, 'C0005': 0, 'C0006': 0, 'C0009': 0, 'C0013': 0, 'C0014': 0, 'row_slack_R0002': 1, 'row_slack_R0003': 1, 'row_slack_R0004': 1}
[circuit] metrics=[982, 62, 415, 987]
[solve] start
[solve] states=[[0, 0, 0, 0, 0, 0, 0, 0, 0, 0, 0, 0, 0, 0, 0, 0, 0, 0, 0, 0, 0, 1, 0, 0, 1, 0, 0, 1, 0, 0], [0, 0, 0, 1, 1, 0, 0, 0, 0, 0, 0, 0, 0, 0, 0, 0, 0, 0, 0, 0, 0, 1, 0, 0, 1, 0, 0, 1, 0, 0]]
[solve] probs=[0.99609375, 0.00390625]
[choco-best] objective=0.0 probability=0.99609375 solution={'C0006': 0, 'C0009': 0, 'C0013': 0, 'C0014': 0, 'C0017': 0, 'C0018': 0, 'C0022': 0, 'row_slack_R0001': 1, 'row_slack_R0002': 1, 'row_slack_R0003': 1}
[parallel 203/274] path=data/miplib_benders/qaoa_problems/nvars_10/neos8_ds_qaoa_R0001_R0002_R0003_0004.json status=ok wall=3641.2646558498964 peak_mb=436.4609375 choco_obj=0.0
[problem] neos8_ds_qaoa_R0002_R0003_R0004_0002 path=data/miplib_benders/qaoa_problems/nvars_10/neos8_ds_qaoa_R0002_R0003_R0004_0002.json
[input] n_int=10 n_bin=30 n_constr=3
[input] A=[[1, 1, 1, 0, 1, 1, 1, 1, 0, 0], [1, 0, 0, 1, 1, 1, 0, 0, 1, 0], [0, 1, 1, 1, 1, 1, 0, 0, 0, 1]] b=[1, 1, 1] c=[-1900, -2300, -2200, -2450, -2600, -2700, -1500, 0, 0, 0]
[encoding]
  C0002 = C0002_b0 + 2*C0002_b1 + 4*C0002_b2
  C0005 = C0005_b0 + 2*C0005_b1 + 4*C0005_b2
  C0006 = C0006_b0 + 2*C0006_b1 + 4*C0006_b2
  C0009 = C0009_b0 + 2*C0009_b1 + 4*C0009_b2
  C0013 = C0013_b0 + 2*C0013_b1 + 4*C0013_b2
  C0014 = C0014_b0 + 2*C0014_b1 + 4*C0014_b2
  C0017 = C0017_b0 + 2*C0017_b1 + 4*C0017_b2
  row_slack_R0002 = row_slack_R0002_b0 + 2*row_slack_R0002_b1 + 4*row_slack_R0002_b2
  row_slack_R0003 = row_slack_R0003_b0 + 2*row_slack_R0003_b1 + 4*row_slack_R0003_b2
  row_slack_R0004 = row_slack_R0004_b0 + 2*row_slack_R0004_b1 + 4*row_slack_R0004_b2
[expanded] A_binary=[[1, 2, 4, 1, 2, 4, 1, 2, 4, 0, 0, 0, 1, 2, 4, 1, 2, 4, 1, 2, 4, 1, 2, 4, 0, 0, 0, 0, 0, 0], [1, 2, 4, 0, 0, 0, 0, 0, 0, 1, 2, 4, 1, 2, 4, 1, 2, 4, 0, 0, 0, 0, 0, 0, 1, 2, 4, 0, 0, 0], [0, 0, 0, 1, 2, 4, 1, 2, 4, 1, 2, 4, 1, 2, 4, 1, 2, 4, 0, 0, 0, 0, 0, 0, 0, 0, 0, 1, 2, 4]] b=[1, 1, 1]
[expanded] lin_constr_mtx=[[1, 2, 4, 1, 2, 4, 1, 2, 4, 0, 0, 0, 1, 2, 4, 1, 2, 4, 1, 2, 4, 1, 2, 4, 0, 0, 0, 0, 0, 0, 1], [1, 2, 4, 0, 0, 0, 0, 0, 0, 1, 2, 4, 1, 2, 4, 1, 2, 4, 0, 0, 0, 0, 0, 0, 1, 2, 4, 0, 0, 0, 1], [0, 0, 0, 1, 2, 4, 1, 2, 4, 1, 2, 4, 1, 2, 4, 1, 2, 4, 0, 0, 0, 0, 0, 0, 0, 0, 0, 1, 2, 4, 1]]
Set parameter Username
[classical] objective=-0.0 solution={'C0002': 0, 'C0005': 0, 'C0006': 0, 'C0009': 0, 'C0013': 0, 'C0014': 0, 'C0017': 0, 'row_slack_R0002': 1, 'row_slack_R0003': 1, 'row_slack_R0004': 1}
[circuit] metrics=[1148, 62, 485, 1113]
[solve] start
[solve] states=[[0, 0, 0, 0, 0, 0, 0, 0, 0, 0, 0, 0, 0, 0, 0, 0, 0, 0, 0, 0, 0, 0, 0, 0, 1, 0, 0, 1, 0, 0]]
[solve] probs=[1.0]
[choco-best] objective=0.0 probability=1.0 solution={'C0001': 0, 'C0002': 0, 'C0005': 0, 'C0006': 0, 'C0009': 0, 'C0013': 0, 'C0014': 0, 'C0017': 0, 'row_slack_R0002': 1, 'row_slack_R0003': 1}
[parallel 204/274] path=data/miplib_benders/qaoa_problems/nvars_10/neos8_ds_qaoa_R0002_R0003_0001.json status=ok wall=1279.9779844389996 peak_mb=435.60546875 choco_obj=0.0
[problem] neos8_ds_qaoa_R0002_R0003_R0004_0003 path=data/miplib_benders/qaoa_problems/nvars_10/neos8_ds_qaoa_R0002_R0003_R0004_0003.json
[input] n_int=10 n_bin=30 n_constr=3
[input] A=[[1, 1, 0, 1, 1, 1, 1, 1, 0, 0], [0, 0, 1, 1, 1, 0, 0, 0, 1, 0], [1, 1, 1, 1, 1, 0, 0, 0, 0, 1]] b=[1, 1, 1] c=[-2300, -2200, -2450, -2600, -2700, -1500, -1400, 0, 0, 0]
[encoding]
  C0005 = C0005_b0 + 2*C0005_b1 + 4*C0005_b2
  C0006 = C0006_b0 + 2*C0006_b1 + 4*C0006_b2
  C0009 = C0009_b0 + 2*C0009_b1 + 4*C0009_b2
  C0013 = C0013_b0 + 2*C0013_b1 + 4*C0013_b2
  C0014 = C0014_b0 + 2*C0014_b1 + 4*C0014_b2
  C0017 = C0017_b0 + 2*C0017_b1 + 4*C0017_b2
  C0018 = C0018_b0 + 2*C0018_b1 + 4*C0018_b2
  row_slack_R0002 = row_slack_R0002_b0 + 2*row_slack_R0002_b1 + 4*row_slack_R0002_b2
  row_slack_R0003 = row_slack_R0003_b0 + 2*row_slack_R0003_b1 + 4*row_slack_R0003_b2
  row_slack_R0004 = row_slack_R0004_b0 + 2*row_slack_R0004_b1 + 4*row_slack_R0004_b2
[expanded] A_binary=[[1, 2, 4, 1, 2, 4, 0, 0, 0, 1, 2, 4, 1, 2, 4, 1, 2, 4, 1, 2, 4, 1, 2, 4, 0, 0, 0, 0, 0, 0], [0, 0, 0, 0, 0, 0, 1, 2, 4, 1, 2, 4, 1, 2, 4, 0, 0, 0, 0, 0, 0, 0, 0, 0, 1, 2, 4, 0, 0, 0], [1, 2, 4, 1, 2, 4, 1, 2, 4, 1, 2, 4, 1, 2, 4, 0, 0, 0, 0, 0, 0, 0, 0, 0, 0, 0, 0, 1, 2, 4]] b=[1, 1, 1]
[expanded] lin_constr_mtx=[[1, 2, 4, 1, 2, 4, 0, 0, 0, 1, 2, 4, 1, 2, 4, 1, 2, 4, 1, 2, 4, 1, 2, 4, 0, 0, 0, 0, 0, 0, 1], [0, 0, 0, 0, 0, 0, 1, 2, 4, 1, 2, 4, 1, 2, 4, 0, 0, 0, 0, 0, 0, 0, 0, 0, 1, 2, 4, 0, 0, 0, 1], [1, 2, 4, 1, 2, 4, 1, 2, 4, 1, 2, 4, 1, 2, 4, 0, 0, 0, 0, 0, 0, 0, 0, 0, 0, 0, 0, 1, 2, 4, 1]]
Set parameter Username
[classical] objective=-0.0 solution={'C0005': 0, 'C0006': 0, 'C0009': 0, 'C0013': 0, 'C0014': 0, 'C0017': 0, 'C0018': 0, 'row_slack_R0002': 1, 'row_slack_R0003': 1, 'row_slack_R0004': 1}
[circuit] metrics=[921, 62, 436, 920]
[solve] start
[solve] states=[[0, 0, 0, 0, 0, 0, 0, 0, 0, 0, 0, 0, 0, 0, 0, 0, 0, 0, 0, 0, 0, 0, 0, 0, 1, 0, 0, 1, 0, 0]]
[solve] probs=[1.0]
[choco-best] objective=0.0 probability=1.0 solution={'C0002': 0, 'C0005': 0, 'C0006': 0, 'C0009': 0, 'C0013': 0, 'C0014': 0, 'C0017': 0, 'C0018': 0, 'row_slack_R0002': 1, 'row_slack_R0003': 1}
[parallel 205/274] path=data/miplib_benders/qaoa_problems/nvars_10/neos8_ds_qaoa_R0002_R0003_0002.json status=ok wall=1838.8816982330754 peak_mb=437.5859375 choco_obj=0.0
[problem] neos8_ds_qaoa_R0002_R0003_R0004_0004 path=data/miplib_benders/qaoa_problems/nvars_10/neos8_ds_qaoa_R0002_R0003_R0004_0004.json
[input] n_int=10 n_bin=30 n_constr=3
[input] A=[[1, 0, 1, 1, 1, 1, 0, 1, 0, 0], [0, 1, 1, 1, 0, 0, 1, 0, 1, 0], [1, 1, 1, 1, 0, 0, 0, 0, 0, 1]] b=[1, 1, 1] c=[-2200, -2450, -2600, -2700, -1500, -1400, -1600, 0, 0, 0]
[encoding]
  C0006 = C0006_b0 + 2*C0006_b1 + 4*C0006_b2
  C0009 = C0009_b0 + 2*C0009_b1 + 4*C0009_b2
  C0013 = C0013_b0 + 2*C0013_b1 + 4*C0013_b2
  C0014 = C0014_b0 + 2*C0014_b1 + 4*C0014_b2
  C0017 = C0017_b0 + 2*C0017_b1 + 4*C0017_b2
  C0018 = C0018_b0 + 2*C0018_b1 + 4*C0018_b2
  C0022 = C0022_b0 + 2*C0022_b1 + 4*C0022_b2
  row_slack_R0002 = row_slack_R0002_b0 + 2*row_slack_R0002_b1 + 4*row_slack_R0002_b2
  row_slack_R0003 = row_slack_R0003_b0 + 2*row_slack_R0003_b1 + 4*row_slack_R0003_b2
  row_slack_R0004 = row_slack_R0004_b0 + 2*row_slack_R0004_b1 + 4*row_slack_R0004_b2
[expanded] A_binary=[[1, 2, 4, 0, 0, 0, 1, 2, 4, 1, 2, 4, 1, 2, 4, 1, 2, 4, 0, 0, 0, 1, 2, 4, 0, 0, 0, 0, 0, 0], [0, 0, 0, 1, 2, 4, 1, 2, 4, 1, 2, 4, 0, 0, 0, 0, 0, 0, 1, 2, 4, 0, 0, 0, 1, 2, 4, 0, 0, 0], [1, 2, 4, 1, 2, 4, 1, 2, 4, 1, 2, 4, 0, 0, 0, 0, 0, 0, 0, 0, 0, 0, 0, 0, 0, 0, 0, 1, 2, 4]] b=[1, 1, 1]
[expanded] lin_constr_mtx=[[1, 2, 4, 0, 0, 0, 1, 2, 4, 1, 2, 4, 1, 2, 4, 1, 2, 4, 0, 0, 0, 1, 2, 4, 0, 0, 0, 0, 0, 0, 1], [0, 0, 0, 1, 2, 4, 1, 2, 4, 1, 2, 4, 0, 0, 0, 0, 0, 0, 1, 2, 4, 0, 0, 0, 1, 2, 4, 0, 0, 0, 1], [1, 2, 4, 1, 2, 4, 1, 2, 4, 1, 2, 4, 0, 0, 0, 0, 0, 0, 0, 0, 0, 0, 0, 0, 0, 0, 0, 1, 2, 4, 1]]
Set parameter Username
[classical] objective=-0.0 solution={'C0006': 0, 'C0009': 0, 'C0013': 0, 'C0014': 0, 'C0017': 0, 'C0018': 0, 'C0022': 0, 'row_slack_R0002': 1, 'row_slack_R0003': 1, 'row_slack_R0004': 1}
[circuit] metrics=[1077, 62, 515, 1021]
[solve] start
[solve] states=[[0, 0, 0, 0, 0, 0, 0, 0, 0, 0, 0, 0, 0, 0, 0, 0, 0, 0, 0, 0, 0, 1, 0, 0, 1, 0, 0, 1, 0, 0], [0, 0, 0, 0, 0, 0, 1, 0, 0, 1, 0, 0, 0, 0, 0, 0, 0, 0, 0, 0, 0, 1, 0, 1, 1, 0, 0, 1, 0, 0]]
[solve] probs=[0.99609375, 0.00390625]
[choco-best] objective=0.0 probability=0.99609375 solution={'C0005': 0, 'C0006': 0, 'C0009': 0, 'C0013': 0, 'C0014': 0, 'C0017': 0, 'C0018': 0, 'row_slack_R0002': 1, 'row_slack_R0003': 1, 'row_slack_R0004': 1}
[parallel 206/274] path=data/miplib_benders/qaoa_problems/nvars_10/neos8_ds_qaoa_R0002_R0003_R0004_0003.json status=ok wall=1482.4867604719475 peak_mb=436.4140625 choco_obj=0.0
[problem] neos8_ds_qaoa_R0002_R0003_R0004_0005 path=data/miplib_benders/qaoa_problems/nvars_10/neos8_ds_qaoa_R0002_R0003_R0004_0005.json
[input] n_int=10 n_bin=30 n_constr=3
[input] A=[[0, 1, 1, 1, 1, 0, 1, 1, 0, 0], [1, 1, 1, 0, 0, 1, 0, 0, 1, 0], [1, 1, 1, 0, 0, 0, 1, 0, 0, 1]] b=[1, 1, 1] c=[-2450, -2600, -2700, -1500, -1400, -1600, -1500, 0, 0, 0]
[encoding]
  C0009 = C0009_b0 + 2*C0009_b1 + 4*C0009_b2
  C0013 = C0013_b0 + 2*C0013_b1 + 4*C0013_b2
  C0014 = C0014_b0 + 2*C0014_b1 + 4*C0014_b2
  C0017 = C0017_b0 + 2*C0017_b1 + 4*C0017_b2
  C0018 = C0018_b0 + 2*C0018_b1 + 4*C0018_b2
  C0022 = C0022_b0 + 2*C0022_b1 + 4*C0022_b2
  C0023 = C0023_b0 + 2*C0023_b1 + 4*C0023_b2
  row_slack_R0002 = row_slack_R0002_b0 + 2*row_slack_R0002_b1 + 4*row_slack_R0002_b2
  row_slack_R0003 = row_slack_R0003_b0 + 2*row_slack_R0003_b1 + 4*row_slack_R0003_b2
  row_slack_R0004 = row_slack_R0004_b0 + 2*row_slack_R0004_b1 + 4*row_slack_R0004_b2
[expanded] A_binary=[[0, 0, 0, 1, 2, 4, 1, 2, 4, 1, 2, 4, 1, 2, 4, 0, 0, 0, 1, 2, 4, 1, 2, 4, 0, 0, 0, 0, 0, 0], [1, 2, 4, 1, 2, 4, 1, 2, 4, 0, 0, 0, 0, 0, 0, 1, 2, 4, 0, 0, 0, 0, 0, 0, 1, 2, 4, 0, 0, 0], [1, 2, 4, 1, 2, 4, 1, 2, 4, 0, 0, 0, 0, 0, 0, 0, 0, 0, 1, 2, 4, 0, 0, 0, 0, 0, 0, 1, 2, 4]] b=[1, 1, 1]
[expanded] lin_constr_mtx=[[0, 0, 0, 1, 2, 4, 1, 2, 4, 1, 2, 4, 1, 2, 4, 0, 0, 0, 1, 2, 4, 1, 2, 4, 0, 0, 0, 0, 0, 0, 1], [1, 2, 4, 1, 2, 4, 1, 2, 4, 0, 0, 0, 0, 0, 0, 1, 2, 4, 0, 0, 0, 0, 0, 0, 1, 2, 4, 0, 0, 0, 1], [1, 2, 4, 1, 2, 4, 1, 2, 4, 0, 0, 0, 0, 0, 0, 0, 0, 0, 1, 2, 4, 0, 0, 0, 0, 0, 0, 1, 2, 4, 1]]
Set parameter Username
[classical] objective=-0.0 solution={'C0009': 0, 'C0013': 0, 'C0014': 0, 'C0017': 0, 'C0018': 0, 'C0022': 0, 'C0023': 0, 'row_slack_R0002': 1, 'row_slack_R0003': 1, 'row_slack_R0004': 1}
[circuit] metrics=[831, 62, 413, 831]
[solve] start
[solve] states=[[0, 0, 0, 0, 0, 0, 0, 0, 0, 0, 0, 0, 0, 0, 0, 0, 0, 0, 0, 0, 0, 1, 0, 0, 1, 0, 0, 1, 0, 0]]
[solve] probs=[1.0]
[choco-best] objective=0.0 probability=1.0 solution={'C0001': 0, 'C0002': 0, 'C0005': 0, 'C0006': 0, 'C0009': 0, 'C0013': 0, 'C0014': 0, 'row_slack_R0002': 1, 'row_slack_R0003': 1, 'row_slack_R0004': 1}
[parallel 207/274] path=data/miplib_benders/qaoa_problems/nvars_10/neos8_ds_qaoa_R0002_R0003_R0004_0001.json status=ok wall=2714.283906926983 peak_mb=436.92578125 choco_obj=0.0
[problem] neos8_ds_qaoa_R0002_R0003_R0004_0006 path=data/miplib_benders/qaoa_problems/nvars_10/neos8_ds_qaoa_R0002_R0003_R0004_0006.json
[input] n_int=10 n_bin=30 n_constr=3
[input] A=[[1, 1, 1, 1, 0, 1, 1, 1, 0, 0], [1, 1, 0, 0, 1, 0, 0, 0, 1, 0], [1, 1, 0, 0, 0, 1, 1, 0, 0, 1]] b=[1, 1, 1] c=[-2600, -2700, -1500, -1400, -1600, -1500, -1500, 0, 0, 0]
[encoding]
  C0013 = C0013_b0 + 2*C0013_b1 + 4*C0013_b2
  C0014 = C0014_b0 + 2*C0014_b1 + 4*C0014_b2
  C0017 = C0017_b0 + 2*C0017_b1 + 4*C0017_b2
  C0018 = C0018_b0 + 2*C0018_b1 + 4*C0018_b2
  C0022 = C0022_b0 + 2*C0022_b1 + 4*C0022_b2
  C0023 = C0023_b0 + 2*C0023_b1 + 4*C0023_b2
  C0024 = C0024_b0 + 2*C0024_b1 + 4*C0024_b2
  row_slack_R0002 = row_slack_R0002_b0 + 2*row_slack_R0002_b1 + 4*row_slack_R0002_b2
  row_slack_R0003 = row_slack_R0003_b0 + 2*row_slack_R0003_b1 + 4*row_slack_R0003_b2
  row_slack_R0004 = row_slack_R0004_b0 + 2*row_slack_R0004_b1 + 4*row_slack_R0004_b2
[expanded] A_binary=[[1, 2, 4, 1, 2, 4, 1, 2, 4, 1, 2, 4, 0, 0, 0, 1, 2, 4, 1, 2, 4, 1, 2, 4, 0, 0, 0, 0, 0, 0], [1, 2, 4, 1, 2, 4, 0, 0, 0, 0, 0, 0, 1, 2, 4, 0, 0, 0, 0, 0, 0, 0, 0, 0, 1, 2, 4, 0, 0, 0], [1, 2, 4, 1, 2, 4, 0, 0, 0, 0, 0, 0, 0, 0, 0, 1, 2, 4, 1, 2, 4, 0, 0, 0, 0, 0, 0, 1, 2, 4]] b=[1, 1, 1]
[expanded] lin_constr_mtx=[[1, 2, 4, 1, 2, 4, 1, 2, 4, 1, 2, 4, 0, 0, 0, 1, 2, 4, 1, 2, 4, 1, 2, 4, 0, 0, 0, 0, 0, 0, 1], [1, 2, 4, 1, 2, 4, 0, 0, 0, 0, 0, 0, 1, 2, 4, 0, 0, 0, 0, 0, 0, 0, 0, 0, 1, 2, 4, 0, 0, 0, 1], [1, 2, 4, 1, 2, 4, 0, 0, 0, 0, 0, 0, 0, 0, 0, 1, 2, 4, 1, 2, 4, 0, 0, 0, 0, 0, 0, 1, 2, 4, 1]]
Set parameter Username
[classical] objective=-0.0 solution={'C0013': 0, 'C0014': 0, 'C0017': 0, 'C0018': 0, 'C0022': 0, 'C0023': 0, 'C0024': 0, 'row_slack_R0002': 1, 'row_slack_R0003': 1, 'row_slack_R0004': 1}
[circuit] metrics=[658, 62, 301, 718]
[solve] start
[solve] states=[[0, 0, 0, 0, 0, 0, 0, 0, 0, 0, 0, 0, 0, 0, 0, 0, 0, 0, 0, 0, 0, 1, 0, 0, 1, 0, 0, 1, 0, 0]]
[solve] probs=[1.0]
[choco-best] objective=0.0 probability=1.0 solution={'C0002': 0, 'C0005': 0, 'C0006': 0, 'C0009': 0, 'C0013': 0, 'C0014': 0, 'C0017': 0, 'row_slack_R0002': 1, 'row_slack_R0003': 1, 'row_slack_R0004': 1}
[parallel 208/274] path=data/miplib_benders/qaoa_problems/nvars_10/neos8_ds_qaoa_R0002_R0003_R0004_0002.json status=ok wall=2485.5568780370522 peak_mb=438.453125 choco_obj=0.0
[problem] neos8_ds_qaoa_R0003_R0004_0003 path=data/miplib_benders/qaoa_problems/nvars_10/neos8_ds_qaoa_R0003_R0004_0003.json
[input] n_int=10 n_bin=30 n_constr=2
[input] A=[[0, 0, 1, 1, 1, 1, 0, 0, 1, 0], [1, 1, 1, 1, 1, 0, 1, 1, 0, 1]] b=[1, 1] c=[-2300, -2200, -2450, -2600, -2700, -1600, -1500, -1500, 0, 0]
[encoding]
  C0005 = C0005_b0 + 2*C0005_b1 + 4*C0005_b2
  C0006 = C0006_b0 + 2*C0006_b1 + 4*C0006_b2
  C0009 = C0009_b0 + 2*C0009_b1 + 4*C0009_b2
  C0013 = C0013_b0 + 2*C0013_b1 + 4*C0013_b2
  C0014 = C0014_b0 + 2*C0014_b1 + 4*C0014_b2
  C0022 = C0022_b0 + 2*C0022_b1 + 4*C0022_b2
  C0023 = C0023_b0 + 2*C0023_b1 + 4*C0023_b2
  C0024 = C0024_b0 + 2*C0024_b1 + 4*C0024_b2
  row_slack_R0003 = row_slack_R0003_b0 + 2*row_slack_R0003_b1 + 4*row_slack_R0003_b2
  row_slack_R0004 = row_slack_R0004_b0 + 2*row_slack_R0004_b1 + 4*row_slack_R0004_b2
[expanded] A_binary=[[0, 0, 0, 0, 0, 0, 1, 2, 4, 1, 2, 4, 1, 2, 4, 1, 2, 4, 0, 0, 0, 0, 0, 0, 1, 2, 4, 0, 0, 0], [1, 2, 4, 1, 2, 4, 1, 2, 4, 1, 2, 4, 1, 2, 4, 0, 0, 0, 1, 2, 4, 1, 2, 4, 0, 0, 0, 1, 2, 4]] b=[1, 1]
[expanded] lin_constr_mtx=[[0, 0, 0, 0, 0, 0, 1, 2, 4, 1, 2, 4, 1, 2, 4, 1, 2, 4, 0, 0, 0, 0, 0, 0, 1, 2, 4, 0, 0, 0, 1], [1, 2, 4, 1, 2, 4, 1, 2, 4, 1, 2, 4, 1, 2, 4, 0, 0, 0, 1, 2, 4, 1, 2, 4, 0, 0, 0, 1, 2, 4, 1]]
Set parameter Username
[classical] objective=-0.0 solution={'C0005': 0, 'C0006': 0, 'C0009': 0, 'C0013': 0, 'C0014': 0, 'C0022': 0, 'C0023': 0, 'C0024': 0, 'row_slack_R0003': 1, 'row_slack_R0004': 1}
[circuit] metrics=[535, 62, 256, 536]
[solve] start
[solve] states=[[0, 0, 0, 0, 0, 0, 0, 0, 0, 0, 0, 0, 0, 0, 0, 0, 0, 0, 0, 0, 0, 1, 0, 0, 1, 0, 0, 1, 0, 0], [0, 0, 0, 1, 0, 1, 0, 0, 0, 0, 0, 0, 0, 0, 0, 0, 0, 0, 0, 0, 0, 1, 0, 0, 1, 0, 0, 1, 0, 0], [1, 1, 0, 0, 0, 0, 0, 0, 0, 0, 0, 0, 0, 0, 0, 0, 0, 0, 0, 0, 0, 1, 0, 0, 1, 0, 0, 1, 0, 0]]
[solve] probs=[0.98828125, 0.00390625, 0.0078125]
[choco-best] objective=0.0 probability=0.98828125 solution={'C0006': 0, 'C0009': 0, 'C0013': 0, 'C0014': 0, 'C0017': 0, 'C0018': 0, 'C0022': 0, 'row_slack_R0002': 1, 'row_slack_R0003': 1, 'row_slack_R0004': 1}
[parallel 209/274] path=data/miplib_benders/qaoa_problems/nvars_10/neos8_ds_qaoa_R0002_R0003_R0004_0004.json status=ok wall=1476.227528941934 peak_mb=436.0625 choco_obj=0.0
[problem] neos8_ds_qaoa_R0003_R0004_0004 path=data/miplib_benders/qaoa_problems/nvars_10/neos8_ds_qaoa_R0003_R0004_0004.json
[input] n_int=10 n_bin=30 n_constr=2
[input] A=[[0, 1, 1, 1, 1, 0, 0, 0, 1, 0], [1, 1, 1, 1, 0, 1, 1, 1, 0, 1]] b=[1, 1] c=[-2200, -2450, -2600, -2700, -1600, -1500, -1500, -1450, 0, 0]
[encoding]
  C0006 = C0006_b0 + 2*C0006_b1 + 4*C0006_b2
  C0009 = C0009_b0 + 2*C0009_b1 + 4*C0009_b2
  C0013 = C0013_b0 + 2*C0013_b1 + 4*C0013_b2
  C0014 = C0014_b0 + 2*C0014_b1 + 4*C0014_b2
  C0022 = C0022_b0 + 2*C0022_b1 + 4*C0022_b2
  C0023 = C0023_b0 + 2*C0023_b1 + 4*C0023_b2
  C0024 = C0024_b0 + 2*C0024_b1 + 4*C0024_b2
  C0025 = C0025_b0 + 2*C0025_b1 + 4*C0025_b2
  row_slack_R0003 = row_slack_R0003_b0 + 2*row_slack_R0003_b1 + 4*row_slack_R0003_b2
  row_slack_R0004 = row_slack_R0004_b0 + 2*row_slack_R0004_b1 + 4*row_slack_R0004_b2
[expanded] A_binary=[[0, 0, 0, 1, 2, 4, 1, 2, 4, 1, 2, 4, 1, 2, 4, 0, 0, 0, 0, 0, 0, 0, 0, 0, 1, 2, 4, 0, 0, 0], [1, 2, 4, 1, 2, 4, 1, 2, 4, 1, 2, 4, 0, 0, 0, 1, 2, 4, 1, 2, 4, 1, 2, 4, 0, 0, 0, 1, 2, 4]] b=[1, 1]
[expanded] lin_constr_mtx=[[0, 0, 0, 1, 2, 4, 1, 2, 4, 1, 2, 4, 1, 2, 4, 0, 0, 0, 0, 0, 0, 0, 0, 0, 1, 2, 4, 0, 0, 0, 1], [1, 2, 4, 1, 2, 4, 1, 2, 4, 1, 2, 4, 0, 0, 0, 1, 2, 4, 1, 2, 4, 1, 2, 4, 0, 0, 0, 1, 2, 4, 1]]
Set parameter Username
[classical] objective=-0.0 solution={'C0006': 0, 'C0009': 0, 'C0013': 0, 'C0014': 0, 'C0022': 0, 'C0023': 0, 'C0024': 0, 'C0025': 0, 'row_slack_R0003': 1, 'row_slack_R0004': 1}
[circuit] metrics=[575, 62, 274, 536]
[solve] start
[solve] states=[[0, 0, 0, 0, 0, 0, 0, 0, 0, 0, 0, 0, 0, 0, 0, 0, 0, 0, 0, 0, 0, 1, 0, 0, 1, 0, 0, 1, 0, 0], [0, 0, 0, 0, 0, 0, 0, 0, 0, 0, 0, 0, 0, 0, 0, 1, 0, 0, 0, 0, 0, 1, 0, 0, 1, 1, 0, 1, 0, 0]]
[solve] probs=[0.99609375, 0.00390625]
[choco-best] objective=0.0 probability=0.99609375 solution={'C0009': 0, 'C0013': 0, 'C0014': 0, 'C0017': 0, 'C0018': 0, 'C0022': 0, 'C0023': 0, 'row_slack_R0002': 1, 'row_slack_R0003': 1, 'row_slack_R0004': 1}
[parallel 210/274] path=data/miplib_benders/qaoa_problems/nvars_10/neos8_ds_qaoa_R0002_R0003_R0004_0005.json status=ok wall=1293.4953320609638 peak_mb=438.2265625 choco_obj=0.0
[problem] neos8_ds_qaoa_R0003_R0004_0005 path=data/miplib_benders/qaoa_problems/nvars_10/neos8_ds_qaoa_R0003_R0004_0005.json
[input] n_int=10 n_bin=30 n_constr=2
[input] A=[[1, 1, 1, 1, 0, 0, 0, 0, 1, 0], [1, 1, 1, 0, 1, 1, 1, 1, 0, 1]] b=[1, 1] c=[-2450, -2600, -2700, -1600, -1500, -1500, -1450, -1850, 0, 0]
[encoding]
  C0009 = C0009_b0 + 2*C0009_b1 + 4*C0009_b2
  C0013 = C0013_b0 + 2*C0013_b1 + 4*C0013_b2
  C0014 = C0014_b0 + 2*C0014_b1 + 4*C0014_b2
  C0022 = C0022_b0 + 2*C0022_b1 + 4*C0022_b2
  C0023 = C0023_b0 + 2*C0023_b1 + 4*C0023_b2
  C0024 = C0024_b0 + 2*C0024_b1 + 4*C0024_b2
  C0025 = C0025_b0 + 2*C0025_b1 + 4*C0025_b2
  C0026 = C0026_b0 + 2*C0026_b1 + 4*C0026_b2
  row_slack_R0003 = row_slack_R0003_b0 + 2*row_slack_R0003_b1 + 4*row_slack_R0003_b2
  row_slack_R0004 = row_slack_R0004_b0 + 2*row_slack_R0004_b1 + 4*row_slack_R0004_b2
[expanded] A_binary=[[1, 2, 4, 1, 2, 4, 1, 2, 4, 1, 2, 4, 0, 0, 0, 0, 0, 0, 0, 0, 0, 0, 0, 0, 1, 2, 4, 0, 0, 0], [1, 2, 4, 1, 2, 4, 1, 2, 4, 0, 0, 0, 1, 2, 4, 1, 2, 4, 1, 2, 4, 1, 2, 4, 0, 0, 0, 1, 2, 4]] b=[1, 1]
[expanded] lin_constr_mtx=[[1, 2, 4, 1, 2, 4, 1, 2, 4, 1, 2, 4, 0, 0, 0, 0, 0, 0, 0, 0, 0, 0, 0, 0, 1, 2, 4, 0, 0, 0, 1], [1, 2, 4, 1, 2, 4, 1, 2, 4, 0, 0, 0, 1, 2, 4, 1, 2, 4, 1, 2, 4, 1, 2, 4, 0, 0, 0, 1, 2, 4, 1]]
Set parameter Username
[classical] objective=-0.0 solution={'C0009': 0, 'C0013': 0, 'C0014': 0, 'C0022': 0, 'C0023': 0, 'C0024': 0, 'C0025': 0, 'C0026': 0, 'row_slack_R0003': 1, 'row_slack_R0004': 1}
[circuit] metrics=[905, 62, 445, 833]
[solve] start
[solve] states=[[0, 0, 0, 0, 0, 0, 0, 0, 0, 0, 0, 0, 0, 0, 0, 0, 0, 0, 0, 0, 0, 0, 0, 0, 1, 0, 0, 1, 0, 0]]
[solve] probs=[1.0]
[choco-best] objective=0.0 probability=1.0 solution={'C0005': 0, 'C0006': 0, 'C0009': 0, 'C0013': 0, 'C0014': 0, 'C0022': 0, 'C0023': 0, 'C0024': 0, 'row_slack_R0003': 1, 'row_slack_R0004': 1}
[parallel 211/274] path=data/miplib_benders/qaoa_problems/nvars_10/neos8_ds_qaoa_R0003_R0004_0003.json status=ok wall=1171.27694501495 peak_mb=435.64453125 choco_obj=0.0
[problem] neos8_ds_qaoa_R0003_R0004_R0065_0001 path=data/miplib_benders/qaoa_problems/nvars_10/neos8_ds_qaoa_R0003_R0004_R0065_0001.json
[input] n_int=10 n_bin=30 n_constr=3
[input] A=[[1, 1, 0, 0, 1, 1, 1, 1, 0, 0], [0, 0, 1, 1, 1, 1, 1, 0, 1, 0], [3, 3, 3, 3, 3, 0, 0, 0, 0, 1]] b=[1, 1, 0] c=[-2000, -1900, -2300, -2200, -2450, -2600, -2700, 0, 0, 0]
[encoding]
  C0001 = C0001_b0 + 2*C0001_b1 + 4*C0001_b2
  C0002 = C0002_b0 + 2*C0002_b1 + 4*C0002_b2
  C0005 = C0005_b0 + 2*C0005_b1 + 4*C0005_b2
  C0006 = C0006_b0 + 2*C0006_b1 + 4*C0006_b2
  C0009 = C0009_b0 + 2*C0009_b1 + 4*C0009_b2
  C0013 = C0013_b0 + 2*C0013_b1 + 4*C0013_b2
  C0014 = C0014_b0 + 2*C0014_b1 + 4*C0014_b2
  row_slack_R0003 = row_slack_R0003_b0 + 2*row_slack_R0003_b1 + 4*row_slack_R0003_b2
  row_slack_R0004 = row_slack_R0004_b0 + 2*row_slack_R0004_b1 + 4*row_slack_R0004_b2
  row_slack_R0065 = row_slack_R0065_b0 + 2*row_slack_R0065_b1 + 4*row_slack_R0065_b2
[expanded] A_binary=[[1, 2, 4, 1, 2, 4, 0, 0, 0, 0, 0, 0, 1, 2, 4, 1, 2, 4, 1, 2, 4, 1, 2, 4, 0, 0, 0, 0, 0, 0], [0, 0, 0, 0, 0, 0, 1, 2, 4, 1, 2, 4, 1, 2, 4, 1, 2, 4, 1, 2, 4, 0, 0, 0, 1, 2, 4, 0, 0, 0], [3, 6, 12, 3, 6, 12, 3, 6, 12, 3, 6, 12, 3, 6, 12, 0, 0, 0, 0, 0, 0, 0, 0, 0, 0, 0, 0, 1, 2, 4]] b=[1, 1, 0]
[expanded] lin_constr_mtx=[[1, 2, 4, 1, 2, 4, 0, 0, 0, 0, 0, 0, 1, 2, 4, 1, 2, 4, 1, 2, 4, 1, 2, 4, 0, 0, 0, 0, 0, 0, 1], [0, 0, 0, 0, 0, 0, 1, 2, 4, 1, 2, 4, 1, 2, 4, 1, 2, 4, 1, 2, 4, 0, 0, 0, 1, 2, 4, 0, 0, 0, 1], [3, 6, 12, 3, 6, 12, 3, 6, 12, 3, 6, 12, 3, 6, 12, 0, 0, 0, 0, 0, 0, 0, 0, 0, 0, 0, 0, 1, 2, 4, 0]]
Set parameter Username
[classical] objective=-0.0 solution={'C0001': 0, 'C0002': 0, 'C0005': 0, 'C0006': 0, 'C0009': 0, 'C0013': 0, 'C0014': 0, 'row_slack_R0003': 1, 'row_slack_R0004': 1, 'row_slack_R0065': 0}
[circuit] metrics=[948, 62, 420, 957]
[solve] start
[solve] states=[[0, 0, 0, 0, 0, 0, 0, 0, 0, 0, 0, 0, 0, 0, 0, 0, 0, 0, 0, 0, 0, 1, 0, 0, 1, 0, 0, 1, 0, 0]]
[solve] probs=[1.0]
[choco-best] objective=0.0 probability=1.0 solution={'C0013': 0, 'C0014': 0, 'C0017': 0, 'C0018': 0, 'C0022': 0, 'C0023': 0, 'C0024': 0, 'row_slack_R0002': 1, 'row_slack_R0003': 1, 'row_slack_R0004': 1}
[parallel 212/274] path=data/miplib_benders/qaoa_problems/nvars_10/neos8_ds_qaoa_R0002_R0003_R0004_0006.json status=ok wall=1578.2418527620612 peak_mb=436.13671875 choco_obj=0.0
[problem] neos8_ds_qaoa_R0003_R0004_R0065_0002 path=data/miplib_benders/qaoa_problems/nvars_10/neos8_ds_qaoa_R0003_R0004_R0065_0002.json
[input] n_int=10 n_bin=30 n_constr=3
[input] A=[[1, 0, 0, 1, 1, 1, 0, 1, 0, 0], [0, 1, 1, 1, 1, 1, 0, 0, 1, 0], [3, 3, 3, 3, 0, 0, 3, 0, 0, 1]] b=[1, 1, 0] c=[-1900, -2300, -2200, -2450, -2600, -2700, -1500, 0, 0, 0]
[encoding]
  C0002 = C0002_b0 + 2*C0002_b1 + 4*C0002_b2
  C0005 = C0005_b0 + 2*C0005_b1 + 4*C0005_b2
  C0006 = C0006_b0 + 2*C0006_b1 + 4*C0006_b2
  C0009 = C0009_b0 + 2*C0009_b1 + 4*C0009_b2
  C0013 = C0013_b0 + 2*C0013_b1 + 4*C0013_b2
  C0014 = C0014_b0 + 2*C0014_b1 + 4*C0014_b2
  C0017 = C0017_b0 + 2*C0017_b1 + 4*C0017_b2
  row_slack_R0003 = row_slack_R0003_b0 + 2*row_slack_R0003_b1 + 4*row_slack_R0003_b2
  row_slack_R0004 = row_slack_R0004_b0 + 2*row_slack_R0004_b1 + 4*row_slack_R0004_b2
  row_slack_R0065 = row_slack_R0065_b0 + 2*row_slack_R0065_b1 + 4*row_slack_R0065_b2
[expanded] A_binary=[[1, 2, 4, 0, 0, 0, 0, 0, 0, 1, 2, 4, 1, 2, 4, 1, 2, 4, 0, 0, 0, 1, 2, 4, 0, 0, 0, 0, 0, 0], [0, 0, 0, 1, 2, 4, 1, 2, 4, 1, 2, 4, 1, 2, 4, 1, 2, 4, 0, 0, 0, 0, 0, 0, 1, 2, 4, 0, 0, 0], [3, 6, 12, 3, 6, 12, 3, 6, 12, 3, 6, 12, 0, 0, 0, 0, 0, 0, 3, 6, 12, 0, 0, 0, 0, 0, 0, 1, 2, 4]] b=[1, 1, 0]
[expanded] lin_constr_mtx=[[1, 2, 4, 0, 0, 0, 0, 0, 0, 1, 2, 4, 1, 2, 4, 1, 2, 4, 0, 0, 0, 1, 2, 4, 0, 0, 0, 0, 0, 0, 1], [0, 0, 0, 1, 2, 4, 1, 2, 4, 1, 2, 4, 1, 2, 4, 1, 2, 4, 0, 0, 0, 0, 0, 0, 1, 2, 4, 0, 0, 0, 1], [3, 6, 12, 3, 6, 12, 3, 6, 12, 3, 6, 12, 0, 0, 0, 0, 0, 0, 3, 6, 12, 0, 0, 0, 0, 0, 0, 1, 2, 4, 0]]
Set parameter Username
[classical] objective=-0.0 solution={'C0002': 0, 'C0005': 0, 'C0006': 0, 'C0009': 0, 'C0013': 0, 'C0014': 0, 'C0017': 0, 'row_slack_R0003': 1, 'row_slack_R0004': 1, 'row_slack_R0065': 0}
[circuit] metrics=[1188, 62, 516, 1147]
[solve] start
[solve] states=[[0, 0, 0, 0, 0, 0, 0, 0, 0, 0, 0, 0, 0, 0, 0, 0, 0, 0, 0, 0, 0, 0, 0, 0, 1, 0, 0, 1, 0, 0], [1, 0, 0, 0, 0, 1, 0, 0, 0, 0, 0, 0, 0, 0, 0, 0, 0, 0, 0, 0, 0, 0, 0, 0, 1, 0, 0, 1, 0, 0]]
[solve] probs=[0.99609375, 0.00390625]
[choco-best] objective=0.0 probability=0.99609375 solution={'C0009': 0, 'C0013': 0, 'C0014': 0, 'C0022': 0, 'C0023': 0, 'C0024': 0, 'C0025': 0, 'C0026': 0, 'row_slack_R0003': 1, 'row_slack_R0004': 1}
[parallel 213/274] path=data/miplib_benders/qaoa_problems/nvars_10/neos8_ds_qaoa_R0003_R0004_0005.json status=ok wall=1030.6785448850133 peak_mb=427.203125 choco_obj=0.0
[problem] neos8_ds_qaoa_R0003_R0004_R0065_0003 path=data/miplib_benders/qaoa_problems/nvars_10/neos8_ds_qaoa_R0003_R0004_R0065_0003.json
[input] n_int=10 n_bin=30 n_constr=3
[input] A=[[0, 0, 1, 1, 1, 0, 0, 1, 0, 0], [1, 1, 1, 1, 1, 0, 0, 0, 1, 0], [3, 3, 3, 0, 0, 3, 3, 0, 0, 1]] b=[1, 1, 0] c=[-2300, -2200, -2450, -2600, -2700, -1500, -1400, 0, 0, 0]
[encoding]
  C0005 = C0005_b0 + 2*C0005_b1 + 4*C0005_b2
  C0006 = C0006_b0 + 2*C0006_b1 + 4*C0006_b2
  C0009 = C0009_b0 + 2*C0009_b1 + 4*C0009_b2
  C0013 = C0013_b0 + 2*C0013_b1 + 4*C0013_b2
  C0014 = C0014_b0 + 2*C0014_b1 + 4*C0014_b2
  C0017 = C0017_b0 + 2*C0017_b1 + 4*C0017_b2
  C0018 = C0018_b0 + 2*C0018_b1 + 4*C0018_b2
  row_slack_R0003 = row_slack_R0003_b0 + 2*row_slack_R0003_b1 + 4*row_slack_R0003_b2
  row_slack_R0004 = row_slack_R0004_b0 + 2*row_slack_R0004_b1 + 4*row_slack_R0004_b2
  row_slack_R0065 = row_slack_R0065_b0 + 2*row_slack_R0065_b1 + 4*row_slack_R0065_b2
[expanded] A_binary=[[0, 0, 0, 0, 0, 0, 1, 2, 4, 1, 2, 4, 1, 2, 4, 0, 0, 0, 0, 0, 0, 1, 2, 4, 0, 0, 0, 0, 0, 0], [1, 2, 4, 1, 2, 4, 1, 2, 4, 1, 2, 4, 1, 2, 4, 0, 0, 0, 0, 0, 0, 0, 0, 0, 1, 2, 4, 0, 0, 0], [3, 6, 12, 3, 6, 12, 3, 6, 12, 0, 0, 0, 0, 0, 0, 3, 6, 12, 3, 6, 12, 0, 0, 0, 0, 0, 0, 1, 2, 4]] b=[1, 1, 0]
[expanded] lin_constr_mtx=[[0, 0, 0, 0, 0, 0, 1, 2, 4, 1, 2, 4, 1, 2, 4, 0, 0, 0, 0, 0, 0, 1, 2, 4, 0, 0, 0, 0, 0, 0, 1], [1, 2, 4, 1, 2, 4, 1, 2, 4, 1, 2, 4, 1, 2, 4, 0, 0, 0, 0, 0, 0, 0, 0, 0, 1, 2, 4, 0, 0, 0, 1], [3, 6, 12, 3, 6, 12, 3, 6, 12, 0, 0, 0, 0, 0, 0, 3, 6, 12, 3, 6, 12, 0, 0, 0, 0, 0, 0, 1, 2, 4, 0]]
Set parameter Username
[classical] objective=-0.0 solution={'C0005': 0, 'C0006': 0, 'C0009': 0, 'C0013': 0, 'C0014': 0, 'C0017': 0, 'C0018': 0, 'row_slack_R0003': 1, 'row_slack_R0004': 1, 'row_slack_R0065': 0}
[circuit] metrics=[822, 62, 386, 841]
[solve] start
[solve] states=[[0, 0, 0, 0, 0, 0, 0, 0, 0, 0, 0, 0, 0, 0, 0, 0, 0, 0, 0, 0, 0, 0, 0, 0, 1, 0, 0, 1, 0, 0]]
[solve] probs=[1.0]
[choco-best] objective=0.0 probability=1.0 solution={'C0006': 0, 'C0009': 0, 'C0013': 0, 'C0014': 0, 'C0022': 0, 'C0023': 0, 'C0024': 0, 'C0025': 0, 'row_slack_R0003': 1, 'row_slack_R0004': 1}
[parallel 214/274] path=data/miplib_benders/qaoa_problems/nvars_10/neos8_ds_qaoa_R0003_R0004_0004.json status=ok wall=1688.3652380489511 peak_mb=437.18359375 choco_obj=0.0
[problem] neos8_ds_qaoa_R0003_R0004_R0065_0004 path=data/miplib_benders/qaoa_problems/nvars_10/neos8_ds_qaoa_R0003_R0004_R0065_0004.json
[input] n_int=10 n_bin=30 n_constr=3
[input] A=[[0, 1, 1, 1, 0, 0, 1, 1, 0, 0], [1, 1, 1, 1, 0, 0, 0, 0, 1, 0], [3, 3, 0, 0, 3, 3, 3, 0, 0, 1]] b=[1, 1, 0] c=[-2200, -2450, -2600, -2700, -1500, -1400, -1600, 0, 0, 0]
[encoding]
  C0006 = C0006_b0 + 2*C0006_b1 + 4*C0006_b2
  C0009 = C0009_b0 + 2*C0009_b1 + 4*C0009_b2
  C0013 = C0013_b0 + 2*C0013_b1 + 4*C0013_b2
  C0014 = C0014_b0 + 2*C0014_b1 + 4*C0014_b2
  C0017 = C0017_b0 + 2*C0017_b1 + 4*C0017_b2
  C0018 = C0018_b0 + 2*C0018_b1 + 4*C0018_b2
  C0022 = C0022_b0 + 2*C0022_b1 + 4*C0022_b2
  row_slack_R0003 = row_slack_R0003_b0 + 2*row_slack_R0003_b1 + 4*row_slack_R0003_b2
  row_slack_R0004 = row_slack_R0004_b0 + 2*row_slack_R0004_b1 + 4*row_slack_R0004_b2
  row_slack_R0065 = row_slack_R0065_b0 + 2*row_slack_R0065_b1 + 4*row_slack_R0065_b2
[expanded] A_binary=[[0, 0, 0, 1, 2, 4, 1, 2, 4, 1, 2, 4, 0, 0, 0, 0, 0, 0, 1, 2, 4, 1, 2, 4, 0, 0, 0, 0, 0, 0], [1, 2, 4, 1, 2, 4, 1, 2, 4, 1, 2, 4, 0, 0, 0, 0, 0, 0, 0, 0, 0, 0, 0, 0, 1, 2, 4, 0, 0, 0], [3, 6, 12, 3, 6, 12, 0, 0, 0, 0, 0, 0, 3, 6, 12, 3, 6, 12, 3, 6, 12, 0, 0, 0, 0, 0, 0, 1, 2, 4]] b=[1, 1, 0]
[expanded] lin_constr_mtx=[[0, 0, 0, 1, 2, 4, 1, 2, 4, 1, 2, 4, 0, 0, 0, 0, 0, 0, 1, 2, 4, 1, 2, 4, 0, 0, 0, 0, 0, 0, 1], [1, 2, 4, 1, 2, 4, 1, 2, 4, 1, 2, 4, 0, 0, 0, 0, 0, 0, 0, 0, 0, 0, 0, 0, 1, 2, 4, 0, 0, 0, 1], [3, 6, 12, 3, 6, 12, 0, 0, 0, 0, 0, 0, 3, 6, 12, 3, 6, 12, 3, 6, 12, 0, 0, 0, 0, 0, 0, 1, 2, 4, 0]]
Set parameter Username
[classical] objective=-0.0 solution={'C0006': 0, 'C0009': 0, 'C0013': 0, 'C0014': 0, 'C0017': 0, 'C0018': 0, 'C0022': 0, 'row_slack_R0003': 1, 'row_slack_R0004': 1, 'row_slack_R0065': 0}
[circuit] metrics=[1066, 62, 486, 1031]
[solve] start
[solve] states=[[0, 0, 0, 0, 0, 0, 0, 0, 0, 0, 0, 0, 0, 0, 0, 0, 0, 0, 0, 0, 0, 1, 0, 0, 1, 0, 0, 0, 0, 0]]
[solve] probs=[1.0]
[choco-best] objective=0.0 probability=1.0 solution={'C0001': 0, 'C0002': 0, 'C0005': 0, 'C0006': 0, 'C0009': 0, 'C0013': 0, 'C0014': 0, 'row_slack_R0003': 1, 'row_slack_R0004': 1, 'row_slack_R0065': 0}
[parallel 215/274] path=data/miplib_benders/qaoa_problems/nvars_10/neos8_ds_qaoa_R0003_R0004_R0065_0001.json status=ok wall=1882.7291959099239 peak_mb=435.44921875 choco_obj=0.0
[problem] neos8_ds_qaoa_R0003_R0004_R0065_0005 path=data/miplib_benders/qaoa_problems/nvars_10/neos8_ds_qaoa_R0003_R0004_R0065_0005.json
[input] n_int=10 n_bin=30 n_constr=3
[input] A=[[1, 1, 1, 0, 0, 1, 0, 1, 0, 0], [1, 1, 1, 0, 0, 0, 1, 0, 1, 0], [3, 0, 0, 3, 3, 3, 0, 0, 0, 1]] b=[1, 1, 0] c=[-2450, -2600, -2700, -1500, -1400, -1600, -1500, 0, 0, 0]
[encoding]
  C0009 = C0009_b0 + 2*C0009_b1 + 4*C0009_b2
  C0013 = C0013_b0 + 2*C0013_b1 + 4*C0013_b2
  C0014 = C0014_b0 + 2*C0014_b1 + 4*C0014_b2
  C0017 = C0017_b0 + 2*C0017_b1 + 4*C0017_b2
  C0018 = C0018_b0 + 2*C0018_b1 + 4*C0018_b2
  C0022 = C0022_b0 + 2*C0022_b1 + 4*C0022_b2
  C0023 = C0023_b0 + 2*C0023_b1 + 4*C0023_b2
  row_slack_R0003 = row_slack_R0003_b0 + 2*row_slack_R0003_b1 + 4*row_slack_R0003_b2
  row_slack_R0004 = row_slack_R0004_b0 + 2*row_slack_R0004_b1 + 4*row_slack_R0004_b2
  row_slack_R0065 = row_slack_R0065_b0 + 2*row_slack_R0065_b1 + 4*row_slack_R0065_b2
[expanded] A_binary=[[1, 2, 4, 1, 2, 4, 1, 2, 4, 0, 0, 0, 0, 0, 0, 1, 2, 4, 0, 0, 0, 1, 2, 4, 0, 0, 0, 0, 0, 0], [1, 2, 4, 1, 2, 4, 1, 2, 4, 0, 0, 0, 0, 0, 0, 0, 0, 0, 1, 2, 4, 0, 0, 0, 1, 2, 4, 0, 0, 0], [3, 6, 12, 0, 0, 0, 0, 0, 0, 3, 6, 12, 3, 6, 12, 3, 6, 12, 0, 0, 0, 0, 0, 0, 0, 0, 0, 1, 2, 4]] b=[1, 1, 0]
[expanded] lin_constr_mtx=[[1, 2, 4, 1, 2, 4, 1, 2, 4, 0, 0, 0, 0, 0, 0, 1, 2, 4, 0, 0, 0, 1, 2, 4, 0, 0, 0, 0, 0, 0, 1], [1, 2, 4, 1, 2, 4, 1, 2, 4, 0, 0, 0, 0, 0, 0, 0, 0, 0, 1, 2, 4, 0, 0, 0, 1, 2, 4, 0, 0, 0, 1], [3, 6, 12, 0, 0, 0, 0, 0, 0, 3, 6, 12, 3, 6, 12, 3, 6, 12, 0, 0, 0, 0, 0, 0, 0, 0, 0, 1, 2, 4, 0]]
Set parameter Username
[classical] objective=-0.0 solution={'C0009': 0, 'C0013': 0, 'C0014': 0, 'C0017': 0, 'C0018': 0, 'C0022': 0, 'C0023': 0, 'row_slack_R0003': 1, 'row_slack_R0004': 1, 'row_slack_R0065': 0}
[circuit] metrics=[978, 62, 465, 942]
[solve] start
[solve] states=[[0, 0, 0, 0, 0, 0, 0, 0, 0, 0, 0, 0, 0, 0, 0, 0, 0, 0, 0, 0, 0, 1, 0, 0, 1, 0, 0, 0, 0, 0]]
[solve] probs=[1.0]
[choco-best] objective=0.0 probability=1.0 solution={'C0002': 0, 'C0005': 0, 'C0006': 0, 'C0009': 0, 'C0013': 0, 'C0014': 0, 'C0017': 0, 'row_slack_R0003': 1, 'row_slack_R0004': 1, 'row_slack_R0065': 0}
[parallel 216/274] path=data/miplib_benders/qaoa_problems/nvars_10/neos8_ds_qaoa_R0003_R0004_R0065_0002.json status=ok wall=1821.2526191460202 peak_mb=437.65234375 choco_obj=0.0
[problem] neos8_ds_qaoa_R0003_R0004_R0065_0006 path=data/miplib_benders/qaoa_problems/nvars_10/neos8_ds_qaoa_R0003_R0004_R0065_0006.json
[input] n_int=10 n_bin=30 n_constr=3
[input] A=[[1, 1, 0, 0, 1, 0, 0, 1, 0, 0], [1, 1, 0, 0, 0, 1, 1, 0, 1, 0], [0, 0, 3, 3, 3, 0, 0, 0, 0, 1]] b=[1, 1, 0] c=[-2600, -2700, -1500, -1400, -1600, -1500, -1500, 0, 0, 0]
[encoding]
  C0013 = C0013_b0 + 2*C0013_b1 + 4*C0013_b2
  C0014 = C0014_b0 + 2*C0014_b1 + 4*C0014_b2
  C0017 = C0017_b0 + 2*C0017_b1 + 4*C0017_b2
  C0018 = C0018_b0 + 2*C0018_b1 + 4*C0018_b2
  C0022 = C0022_b0 + 2*C0022_b1 + 4*C0022_b2
  C0023 = C0023_b0 + 2*C0023_b1 + 4*C0023_b2
  C0024 = C0024_b0 + 2*C0024_b1 + 4*C0024_b2
  row_slack_R0003 = row_slack_R0003_b0 + 2*row_slack_R0003_b1 + 4*row_slack_R0003_b2
  row_slack_R0004 = row_slack_R0004_b0 + 2*row_slack_R0004_b1 + 4*row_slack_R0004_b2
  row_slack_R0065 = row_slack_R0065_b0 + 2*row_slack_R0065_b1 + 4*row_slack_R0065_b2
[expanded] A_binary=[[1, 2, 4, 1, 2, 4, 0, 0, 0, 0, 0, 0, 1, 2, 4, 0, 0, 0, 0, 0, 0, 1, 2, 4, 0, 0, 0, 0, 0, 0], [1, 2, 4, 1, 2, 4, 0, 0, 0, 0, 0, 0, 0, 0, 0, 1, 2, 4, 1, 2, 4, 0, 0, 0, 1, 2, 4, 0, 0, 0], [0, 0, 0, 0, 0, 0, 3, 6, 12, 3, 6, 12, 3, 6, 12, 0, 0, 0, 0, 0, 0, 0, 0, 0, 0, 0, 0, 1, 2, 4]] b=[1, 1, 0]
[expanded] lin_constr_mtx=[[1, 2, 4, 1, 2, 4, 0, 0, 0, 0, 0, 0, 1, 2, 4, 0, 0, 0, 0, 0, 0, 1, 2, 4, 0, 0, 0, 0, 0, 0, 1], [1, 2, 4, 1, 2, 4, 0, 0, 0, 0, 0, 0, 0, 0, 0, 1, 2, 4, 1, 2, 4, 0, 0, 0, 1, 2, 4, 0, 0, 0, 1], [0, 0, 0, 0, 0, 0, 3, 6, 12, 3, 6, 12, 3, 6, 12, 0, 0, 0, 0, 0, 0, 0, 0, 0, 0, 0, 0, 1, 2, 4, 0]]
Set parameter Username
[classical] objective=-0.0 solution={'C0013': 0, 'C0014': 0, 'C0017': 0, 'C0018': 0, 'C0022': 0, 'C0023': 0, 'C0024': 0, 'row_slack_R0003': 1, 'row_slack_R0004': 1, 'row_slack_R0065': 0}
[circuit] metrics=[967, 62, 413, 984]
[solve] start
[solve] states=[[0, 0, 0, 0, 0, 0, 0, 0, 0, 0, 0, 0, 0, 0, 0, 0, 0, 0, 0, 0, 0, 1, 0, 0, 1, 0, 0, 0, 0, 0]]
[solve] probs=[1.0]
[choco-best] objective=0.0 probability=1.0 solution={'C0005': 0, 'C0006': 0, 'C0009': 0, 'C0013': 0, 'C0014': 0, 'C0017': 0, 'C0018': 0, 'row_slack_R0003': 1, 'row_slack_R0004': 1, 'row_slack_R0065': 0}
[parallel 217/274] path=data/miplib_benders/qaoa_problems/nvars_10/neos8_ds_qaoa_R0003_R0004_R0065_0003.json status=ok wall=1803.5528553889599 peak_mb=437.6796875 choco_obj=0.0
[problem] neos8_ds_qaoa_R0004_R0065_0001 path=data/miplib_benders/qaoa_problems/nvars_10/neos8_ds_qaoa_R0004_R0065_0001.json
[input] n_int=10 n_bin=30 n_constr=2
[input] A=[[0, 0, 1, 1, 1, 1, 1, 0, 1, 0], [3, 3, 3, 3, 3, 0, 0, 3, 0, 1]] b=[1, 0] c=[-2000, -1900, -2300, -2200, -2450, -2600, -2700, -1500, 0, 0]
[encoding]
  C0001 = C0001_b0 + 2*C0001_b1 + 4*C0001_b2
  C0002 = C0002_b0 + 2*C0002_b1 + 4*C0002_b2
  C0005 = C0005_b0 + 2*C0005_b1 + 4*C0005_b2
  C0006 = C0006_b0 + 2*C0006_b1 + 4*C0006_b2
  C0009 = C0009_b0 + 2*C0009_b1 + 4*C0009_b2
  C0013 = C0013_b0 + 2*C0013_b1 + 4*C0013_b2
  C0014 = C0014_b0 + 2*C0014_b1 + 4*C0014_b2
  C0017 = C0017_b0 + 2*C0017_b1 + 4*C0017_b2
  row_slack_R0004 = row_slack_R0004_b0 + 2*row_slack_R0004_b1 + 4*row_slack_R0004_b2
  row_slack_R0065 = row_slack_R0065_b0 + 2*row_slack_R0065_b1 + 4*row_slack_R0065_b2
[expanded] A_binary=[[0, 0, 0, 0, 0, 0, 1, 2, 4, 1, 2, 4, 1, 2, 4, 1, 2, 4, 1, 2, 4, 0, 0, 0, 1, 2, 4, 0, 0, 0], [3, 6, 12, 3, 6, 12, 3, 6, 12, 3, 6, 12, 3, 6, 12, 0, 0, 0, 0, 0, 0, 3, 6, 12, 0, 0, 0, 1, 2, 4]] b=[1, 0]
[expanded] lin_constr_mtx=[[0, 0, 0, 0, 0, 0, 1, 2, 4, 1, 2, 4, 1, 2, 4, 1, 2, 4, 1, 2, 4, 0, 0, 0, 1, 2, 4, 0, 0, 0, 1], [3, 6, 12, 3, 6, 12, 3, 6, 12, 3, 6, 12, 3, 6, 12, 0, 0, 0, 0, 0, 0, 3, 6, 12, 0, 0, 0, 1, 2, 4, 0]]
Set parameter Username
[classical] objective=-0.0 solution={'C0001': 0, 'C0002': 0, 'C0005': 0, 'C0006': 0, 'C0009': 0, 'C0013': 0, 'C0014': 0, 'C0017': 0, 'row_slack_R0004': 1, 'row_slack_R0065': 0}
[circuit] metrics=[618, 62, 301, 626]
[solve] start
[solve] states=[[0, 0, 0, 0, 0, 0, 0, 0, 0, 0, 0, 0, 0, 0, 0, 0, 0, 0, 0, 0, 0, 1, 0, 0, 1, 0, 0, 0, 0, 0]]
[solve] probs=[1.0]
[choco-best] objective=0.0 probability=1.0 solution={'C0006': 0, 'C0009': 0, 'C0013': 0, 'C0014': 0, 'C0017': 0, 'C0018': 0, 'C0022': 0, 'row_slack_R0003': 1, 'row_slack_R0004': 1, 'row_slack_R0065': 0}
[parallel 218/274] path=data/miplib_benders/qaoa_problems/nvars_10/neos8_ds_qaoa_R0003_R0004_R0065_0004.json status=ok wall=2236.101954748039 peak_mb=437.3203125 choco_obj=0.0
[problem] neos8_ds_qaoa_R0004_R0065_0002 path=data/miplib_benders/qaoa_problems/nvars_10/neos8_ds_qaoa_R0004_R0065_0002.json
[input] n_int=10 n_bin=30 n_constr=2
[input] A=[[0, 1, 1, 1, 1, 1, 0, 0, 1, 0], [3, 3, 3, 3, 0, 0, 3, 3, 0, 1]] b=[1, 0] c=[-1900, -2300, -2200, -2450, -2600, -2700, -1500, -1400, 0, 0]
[encoding]
  C0002 = C0002_b0 + 2*C0002_b1 + 4*C0002_b2
  C0005 = C0005_b0 + 2*C0005_b1 + 4*C0005_b2
  C0006 = C0006_b0 + 2*C0006_b1 + 4*C0006_b2
  C0009 = C0009_b0 + 2*C0009_b1 + 4*C0009_b2
  C0013 = C0013_b0 + 2*C0013_b1 + 4*C0013_b2
  C0014 = C0014_b0 + 2*C0014_b1 + 4*C0014_b2
  C0017 = C0017_b0 + 2*C0017_b1 + 4*C0017_b2
  C0018 = C0018_b0 + 2*C0018_b1 + 4*C0018_b2
  row_slack_R0004 = row_slack_R0004_b0 + 2*row_slack_R0004_b1 + 4*row_slack_R0004_b2
  row_slack_R0065 = row_slack_R0065_b0 + 2*row_slack_R0065_b1 + 4*row_slack_R0065_b2
[expanded] A_binary=[[0, 0, 0, 1, 2, 4, 1, 2, 4, 1, 2, 4, 1, 2, 4, 1, 2, 4, 0, 0, 0, 0, 0, 0, 1, 2, 4, 0, 0, 0], [3, 6, 12, 3, 6, 12, 3, 6, 12, 3, 6, 12, 0, 0, 0, 0, 0, 0, 3, 6, 12, 3, 6, 12, 0, 0, 0, 1, 2, 4]] b=[1, 0]
[expanded] lin_constr_mtx=[[0, 0, 0, 1, 2, 4, 1, 2, 4, 1, 2, 4, 1, 2, 4, 1, 2, 4, 0, 0, 0, 0, 0, 0, 1, 2, 4, 0, 0, 0, 1], [3, 6, 12, 3, 6, 12, 3, 6, 12, 3, 6, 12, 0, 0, 0, 0, 0, 0, 3, 6, 12, 3, 6, 12, 0, 0, 0, 1, 2, 4, 0]]
Set parameter Username
[classical] objective=-0.0 solution={'C0002': 0, 'C0005': 0, 'C0006': 0, 'C0009': 0, 'C0013': 0, 'C0014': 0, 'C0017': 0, 'C0018': 0, 'row_slack_R0004': 1, 'row_slack_R0065': 0}
[circuit] metrics=[658, 62, 319, 626]
[solve] start
[solve] states=[[0, 0, 0, 0, 0, 0, 0, 0, 0, 0, 0, 0, 0, 0, 0, 0, 0, 0, 0, 0, 0, 1, 0, 0, 1, 0, 0, 0, 0, 0], [0, 0, 0, 1, 0, 0, 0, 0, 1, 0, 0, 0, 0, 0, 0, 0, 0, 0, 0, 0, 0, 1, 0, 0, 1, 0, 0, 0, 0, 0], [1, 0, 0, 1, 0, 0, 0, 0, 0, 0, 1, 0, 0, 0, 0, 0, 0, 0, 0, 0, 0, 1, 0, 0, 1, 0, 0, 0, 0, 0]]
[solve] probs=[0.9921875, 0.00390625, 0.00390625]
[choco-best] objective=0.0 probability=0.9921875 solution={'C0009': 0, 'C0013': 0, 'C0014': 0, 'C0017': 0, 'C0018': 0, 'C0022': 0, 'C0023': 0, 'row_slack_R0003': 1, 'row_slack_R0004': 1, 'row_slack_R0065': 0}
[parallel 219/274] path=data/miplib_benders/qaoa_problems/nvars_10/neos8_ds_qaoa_R0003_R0004_R0065_0005.json status=ok wall=1640.1765482309274 peak_mb=438.3203125 choco_obj=0.0
[problem] neos8_ds_qaoa_R0004_R0065_0003 path=data/miplib_benders/qaoa_problems/nvars_10/neos8_ds_qaoa_R0004_R0065_0003.json
[input] n_int=10 n_bin=30 n_constr=2
[input] A=[[1, 1, 1, 1, 1, 0, 0, 0, 1, 0], [3, 3, 3, 0, 0, 3, 3, 3, 0, 1]] b=[1, 0] c=[-2300, -2200, -2450, -2600, -2700, -1500, -1400, -1600, 0, 0]
[encoding]
  C0005 = C0005_b0 + 2*C0005_b1 + 4*C0005_b2
  C0006 = C0006_b0 + 2*C0006_b1 + 4*C0006_b2
  C0009 = C0009_b0 + 2*C0009_b1 + 4*C0009_b2
  C0013 = C0013_b0 + 2*C0013_b1 + 4*C0013_b2
  C0014 = C0014_b0 + 2*C0014_b1 + 4*C0014_b2
  C0017 = C0017_b0 + 2*C0017_b1 + 4*C0017_b2
  C0018 = C0018_b0 + 2*C0018_b1 + 4*C0018_b2
  C0022 = C0022_b0 + 2*C0022_b1 + 4*C0022_b2
  row_slack_R0004 = row_slack_R0004_b0 + 2*row_slack_R0004_b1 + 4*row_slack_R0004_b2
  row_slack_R0065 = row_slack_R0065_b0 + 2*row_slack_R0065_b1 + 4*row_slack_R0065_b2
[expanded] A_binary=[[1, 2, 4, 1, 2, 4, 1, 2, 4, 1, 2, 4, 1, 2, 4, 0, 0, 0, 0, 0, 0, 0, 0, 0, 1, 2, 4, 0, 0, 0], [3, 6, 12, 3, 6, 12, 3, 6, 12, 0, 0, 0, 0, 0, 0, 3, 6, 12, 3, 6, 12, 3, 6, 12, 0, 0, 0, 1, 2, 4]] b=[1, 0]
[expanded] lin_constr_mtx=[[1, 2, 4, 1, 2, 4, 1, 2, 4, 1, 2, 4, 1, 2, 4, 0, 0, 0, 0, 0, 0, 0, 0, 0, 1, 2, 4, 0, 0, 0, 1], [3, 6, 12, 3, 6, 12, 3, 6, 12, 0, 0, 0, 0, 0, 0, 3, 6, 12, 3, 6, 12, 3, 6, 12, 0, 0, 0, 1, 2, 4, 0]]
Set parameter Username
[classical] objective=-0.0 solution={'C0005': 0, 'C0006': 0, 'C0009': 0, 'C0013': 0, 'C0014': 0, 'C0017': 0, 'C0018': 0, 'C0022': 0, 'row_slack_R0004': 1, 'row_slack_R0065': 0}
[circuit] metrics=[655, 62, 320, 657]
[solve] start
[solve] states=[[0, 0, 0, 0, 0, 0, 0, 0, 0, 0, 0, 0, 0, 0, 0, 0, 0, 0, 0, 0, 0, 0, 0, 0, 1, 0, 0, 0, 0, 0]]
[solve] probs=[1.0]
[choco-best] objective=0.0 probability=1.0 solution={'C0001': 0, 'C0002': 0, 'C0005': 0, 'C0006': 0, 'C0009': 0, 'C0013': 0, 'C0014': 0, 'C0017': 0, 'row_slack_R0004': 1, 'row_slack_R0065': 0}
[parallel 220/274] path=data/miplib_benders/qaoa_problems/nvars_10/neos8_ds_qaoa_R0004_R0065_0001.json status=ok wall=2008.642862123088 peak_mb=437.31640625 choco_obj=0.0
[problem] neos8_ds_qaoa_R0004_R0065_0004 path=data/miplib_benders/qaoa_problems/nvars_10/neos8_ds_qaoa_R0004_R0065_0004.json
[input] n_int=10 n_bin=30 n_constr=2
[input] A=[[1, 1, 1, 1, 0, 0, 0, 1, 1, 0], [3, 3, 0, 0, 3, 3, 3, 0, 0, 1]] b=[1, 0] c=[-2200, -2450, -2600, -2700, -1500, -1400, -1600, -1500, 0, 0]
[encoding]
  C0006 = C0006_b0 + 2*C0006_b1 + 4*C0006_b2
  C0009 = C0009_b0 + 2*C0009_b1 + 4*C0009_b2
  C0013 = C0013_b0 + 2*C0013_b1 + 4*C0013_b2
  C0014 = C0014_b0 + 2*C0014_b1 + 4*C0014_b2
  C0017 = C0017_b0 + 2*C0017_b1 + 4*C0017_b2
  C0018 = C0018_b0 + 2*C0018_b1 + 4*C0018_b2
  C0022 = C0022_b0 + 2*C0022_b1 + 4*C0022_b2
  C0023 = C0023_b0 + 2*C0023_b1 + 4*C0023_b2
  row_slack_R0004 = row_slack_R0004_b0 + 2*row_slack_R0004_b1 + 4*row_slack_R0004_b2
  row_slack_R0065 = row_slack_R0065_b0 + 2*row_slack_R0065_b1 + 4*row_slack_R0065_b2
[expanded] A_binary=[[1, 2, 4, 1, 2, 4, 1, 2, 4, 1, 2, 4, 0, 0, 0, 0, 0, 0, 0, 0, 0, 1, 2, 4, 1, 2, 4, 0, 0, 0], [3, 6, 12, 3, 6, 12, 0, 0, 0, 0, 0, 0, 3, 6, 12, 3, 6, 12, 3, 6, 12, 0, 0, 0, 0, 0, 0, 1, 2, 4]] b=[1, 0]
[expanded] lin_constr_mtx=[[1, 2, 4, 1, 2, 4, 1, 2, 4, 1, 2, 4, 0, 0, 0, 0, 0, 0, 0, 0, 0, 1, 2, 4, 1, 2, 4, 0, 0, 0, 1], [3, 6, 12, 3, 6, 12, 0, 0, 0, 0, 0, 0, 3, 6, 12, 3, 6, 12, 3, 6, 12, 0, 0, 0, 0, 0, 0, 1, 2, 4, 0]]
Set parameter Username
[classical] objective=-0.0 solution={'C0006': 0, 'C0009': 0, 'C0013': 0, 'C0014': 0, 'C0017': 0, 'C0018': 0, 'C0022': 0, 'C0023': 0, 'row_slack_R0004': 1, 'row_slack_R0065': 0}
[circuit] metrics=[655, 62, 320, 657]
[solve] start
[solve] states=[[0, 0, 0, 0, 0, 0, 0, 0, 0, 0, 0, 0, 0, 0, 0, 0, 0, 0, 0, 0, 0, 0, 0, 0, 1, 0, 0, 0, 0, 0]]
[solve] probs=[1.0]
[choco-best] objective=0.0 probability=1.0 solution={'C0002': 0, 'C0005': 0, 'C0006': 0, 'C0009': 0, 'C0013': 0, 'C0014': 0, 'C0017': 0, 'C0018': 0, 'row_slack_R0004': 1, 'row_slack_R0065': 0}
[parallel 221/274] path=data/miplib_benders/qaoa_problems/nvars_10/neos8_ds_qaoa_R0004_R0065_0002.json status=ok wall=1588.6725675440393 peak_mb=437.41015625 choco_obj=0.0
[problem] neos8_ds_qaoa_R0004_R0065_0005 path=data/miplib_benders/qaoa_problems/nvars_10/neos8_ds_qaoa_R0004_R0065_0005.json
[input] n_int=10 n_bin=30 n_constr=2
[input] A=[[1, 1, 1, 0, 0, 0, 1, 1, 1, 0], [3, 0, 0, 3, 3, 3, 0, 0, 0, 1]] b=[1, 0] c=[-2450, -2600, -2700, -1500, -1400, -1600, -1500, -1500, 0, 0]
[encoding]
  C0009 = C0009_b0 + 2*C0009_b1 + 4*C0009_b2
  C0013 = C0013_b0 + 2*C0013_b1 + 4*C0013_b2
  C0014 = C0014_b0 + 2*C0014_b1 + 4*C0014_b2
  C0017 = C0017_b0 + 2*C0017_b1 + 4*C0017_b2
  C0018 = C0018_b0 + 2*C0018_b1 + 4*C0018_b2
  C0022 = C0022_b0 + 2*C0022_b1 + 4*C0022_b2
  C0023 = C0023_b0 + 2*C0023_b1 + 4*C0023_b2
  C0024 = C0024_b0 + 2*C0024_b1 + 4*C0024_b2
  row_slack_R0004 = row_slack_R0004_b0 + 2*row_slack_R0004_b1 + 4*row_slack_R0004_b2
  row_slack_R0065 = row_slack_R0065_b0 + 2*row_slack_R0065_b1 + 4*row_slack_R0065_b2
[expanded] A_binary=[[1, 2, 4, 1, 2, 4, 1, 2, 4, 0, 0, 0, 0, 0, 0, 0, 0, 0, 1, 2, 4, 1, 2, 4, 1, 2, 4, 0, 0, 0], [3, 6, 12, 0, 0, 0, 0, 0, 0, 3, 6, 12, 3, 6, 12, 3, 6, 12, 0, 0, 0, 0, 0, 0, 0, 0, 0, 1, 2, 4]] b=[1, 0]
[expanded] lin_constr_mtx=[[1, 2, 4, 1, 2, 4, 1, 2, 4, 0, 0, 0, 0, 0, 0, 0, 0, 0, 1, 2, 4, 1, 2, 4, 1, 2, 4, 0, 0, 0, 1], [3, 6, 12, 0, 0, 0, 0, 0, 0, 3, 6, 12, 3, 6, 12, 3, 6, 12, 0, 0, 0, 0, 0, 0, 0, 0, 0, 1, 2, 4, 0]]
Set parameter Username
[classical] objective=-0.0 solution={'C0009': 0, 'C0013': 0, 'C0014': 0, 'C0017': 0, 'C0018': 0, 'C0022': 0, 'C0023': 0, 'C0024': 0, 'row_slack_R0004': 1, 'row_slack_R0065': 0}
[circuit] metrics=[695, 62, 338, 657]
[solve] start
[solve] states=[[0, 0, 0, 0, 0, 0, 0, 0, 0, 0, 0, 0, 0, 0, 0, 0, 0, 0, 0, 0, 0, 1, 0, 0, 1, 0, 0, 0, 0, 0]]
[solve] probs=[1.0]
[choco-best] objective=0.0 probability=1.0 solution={'C0013': 0, 'C0014': 0, 'C0017': 0, 'C0018': 0, 'C0022': 0, 'C0023': 0, 'C0024': 0, 'row_slack_R0003': 1, 'row_slack_R0004': 1, 'row_slack_R0065': 0}
[parallel 222/274] path=data/miplib_benders/qaoa_problems/nvars_10/neos8_ds_qaoa_R0003_R0004_R0065_0006.json status=ok wall=2726.565204294049 peak_mb=438.03125 choco_obj=0.0
[problem] neos8_ds_qaoa_R0004_R0065_0006 path=data/miplib_benders/qaoa_problems/nvars_10/neos8_ds_qaoa_R0004_R0065_0006.json
[input] n_int=10 n_bin=30 n_constr=2
[input] A=[[1, 1, 0, 0, 0, 1, 1, 1, 1, 0], [0, 0, 3, 3, 3, 0, 0, 3, 0, 1]] b=[1, 0] c=[-2600, -2700, -1500, -1400, -1600, -1500, -1500, -1450, 0, 0]
[encoding]
  C0013 = C0013_b0 + 2*C0013_b1 + 4*C0013_b2
  C0014 = C0014_b0 + 2*C0014_b1 + 4*C0014_b2
  C0017 = C0017_b0 + 2*C0017_b1 + 4*C0017_b2
  C0018 = C0018_b0 + 2*C0018_b1 + 4*C0018_b2
  C0022 = C0022_b0 + 2*C0022_b1 + 4*C0022_b2
  C0023 = C0023_b0 + 2*C0023_b1 + 4*C0023_b2
  C0024 = C0024_b0 + 2*C0024_b1 + 4*C0024_b2
  C0025 = C0025_b0 + 2*C0025_b1 + 4*C0025_b2
  row_slack_R0004 = row_slack_R0004_b0 + 2*row_slack_R0004_b1 + 4*row_slack_R0004_b2
  row_slack_R0065 = row_slack_R0065_b0 + 2*row_slack_R0065_b1 + 4*row_slack_R0065_b2
[expanded] A_binary=[[1, 2, 4, 1, 2, 4, 0, 0, 0, 0, 0, 0, 0, 0, 0, 1, 2, 4, 1, 2, 4, 1, 2, 4, 1, 2, 4, 0, 0, 0], [0, 0, 0, 0, 0, 0, 3, 6, 12, 3, 6, 12, 3, 6, 12, 0, 0, 0, 0, 0, 0, 3, 6, 12, 0, 0, 0, 1, 2, 4]] b=[1, 0]
[expanded] lin_constr_mtx=[[1, 2, 4, 1, 2, 4, 0, 0, 0, 0, 0, 0, 0, 0, 0, 1, 2, 4, 1, 2, 4, 1, 2, 4, 1, 2, 4, 0, 0, 0, 1], [0, 0, 0, 0, 0, 0, 3, 6, 12, 3, 6, 12, 3, 6, 12, 0, 0, 0, 0, 0, 0, 3, 6, 12, 0, 0, 0, 1, 2, 4, 0]]
Set parameter Username
[classical] objective=-0.0 solution={'C0013': 0, 'C0014': 0, 'C0017': 0, 'C0018': 0, 'C0022': 0, 'C0023': 0, 'C0024': 0, 'C0025': 0, 'row_slack_R0004': 1, 'row_slack_R0065': 0}
[circuit] metrics=[342, 62, 161, 422]
[solve] start
[solve] states=[[0, 0, 0, 0, 0, 0, 0, 0, 0, 0, 0, 0, 0, 0, 0, 0, 0, 0, 0, 0, 0, 0, 0, 0, 1, 0, 0, 0, 0, 0]]
[solve] probs=[1.0]
[choco-best] objective=0.0 probability=1.0 solution={'C0005': 0, 'C0006': 0, 'C0009': 0, 'C0013': 0, 'C0014': 0, 'C0017': 0, 'C0018': 0, 'C0022': 0, 'row_slack_R0004': 1, 'row_slack_R0065': 0}
[parallel 223/274] path=data/miplib_benders/qaoa_problems/nvars_10/neos8_ds_qaoa_R0004_R0065_0003.json status=ok wall=1440.8371730000945 peak_mb=436.0234375 choco_obj=0.0
[problem] neos8_ds_qaoa_R0004_R0065_0007 path=data/miplib_benders/qaoa_problems/nvars_10/neos8_ds_qaoa_R0004_R0065_0007.json
[input] n_int=10 n_bin=30 n_constr=2
[input] A=[[1, 0, 0, 0, 1, 1, 1, 1, 1, 0], [0, 3, 3, 3, 0, 0, 3, 3, 0, 1]] b=[1, 0] c=[-2700, -1500, -1400, -1600, -1500, -1500, -1450, -1850, 0, 0]
[encoding]
  C0014 = C0014_b0 + 2*C0014_b1 + 4*C0014_b2
  C0017 = C0017_b0 + 2*C0017_b1 + 4*C0017_b2
  C0018 = C0018_b0 + 2*C0018_b1 + 4*C0018_b2
  C0022 = C0022_b0 + 2*C0022_b1 + 4*C0022_b2
  C0023 = C0023_b0 + 2*C0023_b1 + 4*C0023_b2
  C0024 = C0024_b0 + 2*C0024_b1 + 4*C0024_b2
  C0025 = C0025_b0 + 2*C0025_b1 + 4*C0025_b2
  C0026 = C0026_b0 + 2*C0026_b1 + 4*C0026_b2
  row_slack_R0004 = row_slack_R0004_b0 + 2*row_slack_R0004_b1 + 4*row_slack_R0004_b2
  row_slack_R0065 = row_slack_R0065_b0 + 2*row_slack_R0065_b1 + 4*row_slack_R0065_b2
[expanded] A_binary=[[1, 2, 4, 0, 0, 0, 0, 0, 0, 0, 0, 0, 1, 2, 4, 1, 2, 4, 1, 2, 4, 1, 2, 4, 1, 2, 4, 0, 0, 0], [0, 0, 0, 3, 6, 12, 3, 6, 12, 3, 6, 12, 0, 0, 0, 0, 0, 0, 3, 6, 12, 3, 6, 12, 0, 0, 0, 1, 2, 4]] b=[1, 0]
[expanded] lin_constr_mtx=[[1, 2, 4, 0, 0, 0, 0, 0, 0, 0, 0, 0, 1, 2, 4, 1, 2, 4, 1, 2, 4, 1, 2, 4, 1, 2, 4, 0, 0, 0, 1], [0, 0, 0, 3, 6, 12, 3, 6, 12, 3, 6, 12, 0, 0, 0, 0, 0, 0, 3, 6, 12, 3, 6, 12, 0, 0, 0, 1, 2, 4, 0]]
Set parameter Username
[classical] objective=-0.0 solution={'C0014': 0, 'C0017': 0, 'C0018': 0, 'C0022': 0, 'C0023': 0, 'C0024': 0, 'C0025': 0, 'C0026': 0, 'row_slack_R0004': 1, 'row_slack_R0065': 0}
[circuit] metrics=[452, 62, 218, 521]
[solve] start
[solve] states=[[0, 0, 0, 0, 0, 0, 0, 0, 0, 0, 0, 0, 0, 0, 0, 0, 0, 0, 0, 0, 0, 0, 0, 0, 1, 0, 0, 0, 0, 0], [0, 0, 0, 1, 0, 0, 0, 0, 0, 0, 0, 0, 0, 0, 0, 0, 0, 0, 0, 0, 0, 0, 0, 1, 1, 0, 0, 0, 0, 0]]
[solve] probs=[0.99609375, 0.00390625]
[choco-best] objective=0.0 probability=0.99609375 solution={'C0009': 0, 'C0013': 0, 'C0014': 0, 'C0017': 0, 'C0018': 0, 'C0022': 0, 'C0023': 0, 'C0024': 0, 'row_slack_R0004': 1, 'row_slack_R0065': 0}
[parallel 224/274] path=data/miplib_benders/qaoa_problems/nvars_10/neos8_ds_qaoa_R0004_R0065_0005.json status=ok wall=1284.2869421240175 peak_mb=436.0078125 choco_obj=0.0
[problem] supportcase6_ds_qaoa_c538_c539_c722_0005 path=data/miplib_benders/qaoa_problems/nvars_10/supportcase6_ds_qaoa_c538_c539_c722_0005.json
[input] n_int=10 n_bin=30 n_constr=3
[input] A=[[0, 0, -1, -1, -1, -1, -1, 0, 0, 0], [0, 0, 0, 0, 0, 0, 0, -1, -1, -1], [1, 1, 1, 1, 1, 1, 1, 1, 1, 1]] b=[0, 0, 1] c=[144887000, 151847000, 150892000, 134333000, 145944000, 144887000, 151847000, 150892000, 134333000, 145944000]
[encoding]
  B100608(7) = B100608_7__b0 + 2*B100608_7__b1 + 4*B100608_7__b2
  B100623(7) = B100623_7__b0 + 2*B100623_7__b1 + 4*B100623_7__b2
  B101029(7) = B101029_7__b0 + 2*B101029_7__b1 + 4*B101029_7__b2
  B101035(7) = B101035_7__b0 + 2*B101035_7__b1 + 4*B101035_7__b2
  B101037(7) = B101037_7__b0 + 2*B101037_7__b1 + 4*B101037_7__b2
  B101043(7) = B101043_7__b0 + 2*B101043_7__b1 + 4*B101043_7__b2
  B101058(7) = B101058_7__b0 + 2*B101058_7__b1 + 4*B101058_7__b2
  B101479(7) = B101479_7__b0 + 2*B101479_7__b1 + 4*B101479_7__b2
  B101485(7) = B101485_7__b0 + 2*B101485_7__b1 + 4*B101485_7__b2
  B101487(7) = B101487_7__b0 + 2*B101487_7__b1 + 4*B101487_7__b2
[expanded] A_binary=[[0, 0, 0, 0, 0, 0, -1, -2, -4, -1, -2, -4, -1, -2, -4, -1, -2, -4, -1, -2, -4, 0, 0, 0, 0, 0, 0, 0, 0, 0], [0, 0, 0, 0, 0, 0, 0, 0, 0, 0, 0, 0, 0, 0, 0, 0, 0, 0, 0, 0, 0, -1, -2, -4, -1, -2, -4, -1, -2, -4], [1, 2, 4, 1, 2, 4, 1, 2, 4, 1, 2, 4, 1, 2, 4, 1, 2, 4, 1, 2, 4, 1, 2, 4, 1, 2, 4, 1, 2, 4]] b=[0, 0, 1]
[expanded] lin_constr_mtx=[[0, 0, 0, 0, 0, 0, -1, -2, -4, -1, -2, -4, -1, -2, -4, -1, -2, -4, -1, -2, -4, 0, 0, 0, 0, 0, 0, 0, 0, 0, 0], [0, 0, 0, 0, 0, 0, 0, 0, 0, 0, 0, 0, 0, 0, 0, 0, 0, 0, 0, 0, 0, -1, -2, -4, -1, -2, -4, -1, -2, -4, 0], [1, 2, 4, 1, 2, 4, 1, 2, 4, 1, 2, 4, 1, 2, 4, 1, 2, 4, 1, 2, 4, 1, 2, 4, 1, 2, 4, 1, 2, 4, 1]]
Set parameter Username
[classical] objective=151847000.0 solution={'B100608(7)': 0, 'B100623(7)': 1, 'B101029(7)': 0, 'B101035(7)': 0, 'B101037(7)': 0, 'B101043(7)': 0, 'B101058(7)': 0, 'B101479(7)': 0, 'B101485(7)': 0, 'B101487(7)': 0}
[solve] states=[[0, 0, 0, 0, 0, 0, 0, 0, 0, 0, 0, 0, 0, 0, 0, 0, 0, 0, 0, 0, 0, 0, 0, 0, 1, 0, 0, 0, 0, 0]]
[solve] probs=[1.0]
[choco-best] objective=0.0 probability=1.0 solution={'C0006': 0, 'C0009': 0, 'C0013': 0, 'C0014': 0, 'C0017': 0, 'C0018': 0, 'C0022': 0, 'C0023': 0, 'row_slack_R0004': 1, 'row_slack_R0065': 0}
[parallel 225/274] path=data/miplib_benders/qaoa_problems/nvars_10/neos8_ds_qaoa_R0004_R0065_0004.json status=ok wall=1538.0680201170035 peak_mb=435.39453125 choco_obj=0.0
[problem] supportcase6_ds_qaoa_c539_c722_0005 path=data/miplib_benders/qaoa_problems/nvars_10/supportcase6_ds_qaoa_c539_c722_0005.json
[input] n_int=10 n_bin=30 n_constr=2
[input] A=[[0, 0, 0, 0, 0, 0, 0, -1, -1, -1], [1, 1, 1, 1, 1, 1, 1, 1, 1, 1]] b=[0, 1] c=[144887000, 151847000, 150892000, 134333000, 145944000, 144887000, 151847000, 150892000, 134333000, 145944000]
[encoding]
  B100608(7) = B100608_7__b0 + 2*B100608_7__b1 + 4*B100608_7__b2
  B100623(7) = B100623_7__b0 + 2*B100623_7__b1 + 4*B100623_7__b2
  B101029(7) = B101029_7__b0 + 2*B101029_7__b1 + 4*B101029_7__b2
  B101035(7) = B101035_7__b0 + 2*B101035_7__b1 + 4*B101035_7__b2
  B101037(7) = B101037_7__b0 + 2*B101037_7__b1 + 4*B101037_7__b2
  B101043(7) = B101043_7__b0 + 2*B101043_7__b1 + 4*B101043_7__b2
  B101058(7) = B101058_7__b0 + 2*B101058_7__b1 + 4*B101058_7__b2
  B101479(7) = B101479_7__b0 + 2*B101479_7__b1 + 4*B101479_7__b2
  B101485(7) = B101485_7__b0 + 2*B101485_7__b1 + 4*B101485_7__b2
  B101487(7) = B101487_7__b0 + 2*B101487_7__b1 + 4*B101487_7__b2
[expanded] A_binary=[[0, 0, 0, 0, 0, 0, 0, 0, 0, 0, 0, 0, 0, 0, 0, 0, 0, 0, 0, 0, 0, -1, -2, -4, -1, -2, -4, -1, -2, -4], [1, 2, 4, 1, 2, 4, 1, 2, 4, 1, 2, 4, 1, 2, 4, 1, 2, 4, 1, 2, 4, 1, 2, 4, 1, 2, 4, 1, 2, 4]] b=[0, 1]
[expanded] lin_constr_mtx=[[0, 0, 0, 0, 0, 0, 0, 0, 0, 0, 0, 0, 0, 0, 0, 0, 0, 0, 0, 0, 0, -1, -2, -4, -1, -2, -4, -1, -2, -4, 0], [1, 2, 4, 1, 2, 4, 1, 2, 4, 1, 2, 4, 1, 2, 4, 1, 2, 4, 1, 2, 4, 1, 2, 4, 1, 2, 4, 1, 2, 4, 1]]
Set parameter Username
[classical] objective=151847000.0 solution={'B100608(7)': 0, 'B100623(7)': 0, 'B101029(7)': 0, 'B101035(7)': 0, 'B101037(7)': 0, 'B101043(7)': 0, 'B101058(7)': 1, 'B101479(7)': 0, 'B101485(7)': 0, 'B101487(7)': 0}
[circuit] metrics=[269, 62, 120, 333]
[solve] start
[solve] states=[[0, 0, 0, 0, 0, 0, 0, 0, 0, 0, 0, 0, 0, 0, 0, 0, 0, 0, 0, 0, 0, 0, 0, 0, 1, 0, 0, 0, 0, 0]]
[solve] probs=[1.0]
[choco-best] objective=0.0 probability=1.0 solution={'C0013': 0, 'C0014': 0, 'C0017': 0, 'C0018': 0, 'C0022': 0, 'C0023': 0, 'C0024': 0, 'C0025': 0, 'row_slack_R0004': 1, 'row_slack_R0065': 0}
[parallel 226/274] path=data/miplib_benders/qaoa_problems/nvars_10/neos8_ds_qaoa_R0004_R0065_0006.json status=ok wall=1339.0412961270195 peak_mb=434.53515625 choco_obj=0.0
[problem] supportcase6_ds_qaoa_c539_c722_c726_0005 path=data/miplib_benders/qaoa_problems/nvars_10/supportcase6_ds_qaoa_c539_c722_c726_0005.json
[input] n_int=10 n_bin=30 n_constr=3
[input] A=[[0, 0, 0, 0, 0, 0, 0, -1, -1, -1], [1, 1, 1, 1, 1, 1, 1, 1, 1, 1], [0, 1, 1, 1, 1, 0, 1, 1, 1, 1]] b=[0, 1, 1] c=[144887000, 151847000, 150892000, 134333000, 145944000, 144887000, 151847000, 150892000, 134333000, 145944000]
[encoding]
  B100608(7) = B100608_7__b0 + 2*B100608_7__b1 + 4*B100608_7__b2
  B100623(7) = B100623_7__b0 + 2*B100623_7__b1 + 4*B100623_7__b2
  B101029(7) = B101029_7__b0 + 2*B101029_7__b1 + 4*B101029_7__b2
  B101035(7) = B101035_7__b0 + 2*B101035_7__b1 + 4*B101035_7__b2
  B101037(7) = B101037_7__b0 + 2*B101037_7__b1 + 4*B101037_7__b2
  B101043(7) = B101043_7__b0 + 2*B101043_7__b1 + 4*B101043_7__b2
  B101058(7) = B101058_7__b0 + 2*B101058_7__b1 + 4*B101058_7__b2
  B101479(7) = B101479_7__b0 + 2*B101479_7__b1 + 4*B101479_7__b2
  B101485(7) = B101485_7__b0 + 2*B101485_7__b1 + 4*B101485_7__b2
  B101487(7) = B101487_7__b0 + 2*B101487_7__b1 + 4*B101487_7__b2
[expanded] A_binary=[[0, 0, 0, 0, 0, 0, 0, 0, 0, 0, 0, 0, 0, 0, 0, 0, 0, 0, 0, 0, 0, -1, -2, -4, -1, -2, -4, -1, -2, -4], [1, 2, 4, 1, 2, 4, 1, 2, 4, 1, 2, 4, 1, 2, 4, 1, 2, 4, 1, 2, 4, 1, 2, 4, 1, 2, 4, 1, 2, 4], [0, 0, 0, 1, 2, 4, 1, 2, 4, 1, 2, 4, 1, 2, 4, 0, 0, 0, 1, 2, 4, 1, 2, 4, 1, 2, 4, 1, 2, 4]] b=[0, 1, 1]
[expanded] lin_constr_mtx=[[0, 0, 0, 0, 0, 0, 0, 0, 0, 0, 0, 0, 0, 0, 0, 0, 0, 0, 0, 0, 0, -1, -2, -4, -1, -2, -4, -1, -2, -4, 0], [1, 2, 4, 1, 2, 4, 1, 2, 4, 1, 2, 4, 1, 2, 4, 1, 2, 4, 1, 2, 4, 1, 2, 4, 1, 2, 4, 1, 2, 4, 1], [0, 0, 0, 1, 2, 4, 1, 2, 4, 1, 2, 4, 1, 2, 4, 0, 0, 0, 1, 2, 4, 1, 2, 4, 1, 2, 4, 1, 2, 4, 1]]
Set parameter Username
[classical] objective=151847000.0 solution={'B100608(7)': 0, 'B100623(7)': 1, 'B101029(7)': 0, 'B101035(7)': 0, 'B101037(7)': 0, 'B101043(7)': 0, 'B101058(7)': 0, 'B101479(7)': 0, 'B101485(7)': 0, 'B101487(7)': 0}
[circuit] metrics=[189, 62, 84, 324]
[solve] start
[solve] states=[[0, 0, 0, 0, 0, 0, 0, 0, 0, 0, 0, 0, 0, 0, 0, 0, 0, 0, 0, 0, 0, 0, 0, 0, 1, 0, 0, 0, 0, 0]]
[solve] probs=[1.0]
[choco-best] objective=0.0 probability=1.0 solution={'C0014': 0, 'C0017': 0, 'C0018': 0, 'C0022': 0, 'C0023': 0, 'C0024': 0, 'C0025': 0, 'C0026': 0, 'row_slack_R0004': 1, 'row_slack_R0065': 0}
[parallel 227/274] path=data/miplib_benders/qaoa_problems/nvars_10/neos8_ds_qaoa_R0004_R0065_0007.json status=ok wall=1643.8599277739413 peak_mb=437.0546875 choco_obj=0.0
[problem] supportcase6_ds_qaoa_c722_c726_0001 path=data/miplib_benders/qaoa_problems/nvars_10/supportcase6_ds_qaoa_c722_c726_0001.json
[input] n_int=10 n_bin=30 n_constr=2
[input] A=[[1, 1, 1, 1, 1, 1, 1, 1, 1, 1], [1, 1, 1, 1, 0, 1, 1, 1, 1, 0]] b=[1, 1] c=[151847000, 150892000, 134333000, 145944000, 144887000, 151847000, 150892000, 134333000, 145944000, 144887000]
[encoding]
  B100166(7) = B100166_7__b0 + 2*B100166_7__b1 + 4*B100166_7__b2
  B100594(7) = B100594_7__b0 + 2*B100594_7__b1 + 4*B100594_7__b2
  B100600(7) = B100600_7__b0 + 2*B100600_7__b1 + 4*B100600_7__b2
  B100602(7) = B100602_7__b0 + 2*B100602_7__b1 + 4*B100602_7__b2
  B100608(7) = B100608_7__b0 + 2*B100608_7__b1 + 4*B100608_7__b2
  B100623(7) = B100623_7__b0 + 2*B100623_7__b1 + 4*B100623_7__b2
  B101029(7) = B101029_7__b0 + 2*B101029_7__b1 + 4*B101029_7__b2
  B101035(7) = B101035_7__b0 + 2*B101035_7__b1 + 4*B101035_7__b2
  B101037(7) = B101037_7__b0 + 2*B101037_7__b1 + 4*B101037_7__b2
  B101043(7) = B101043_7__b0 + 2*B101043_7__b1 + 4*B101043_7__b2
[expanded] A_binary=[[1, 2, 4, 1, 2, 4, 1, 2, 4, 1, 2, 4, 1, 2, 4, 1, 2, 4, 1, 2, 4, 1, 2, 4, 1, 2, 4, 1, 2, 4], [1, 2, 4, 1, 2, 4, 1, 2, 4, 1, 2, 4, 0, 0, 0, 1, 2, 4, 1, 2, 4, 1, 2, 4, 1, 2, 4, 0, 0, 0]] b=[1, 1]
[expanded] lin_constr_mtx=[[1, 2, 4, 1, 2, 4, 1, 2, 4, 1, 2, 4, 1, 2, 4, 1, 2, 4, 1, 2, 4, 1, 2, 4, 1, 2, 4, 1, 2, 4, 1], [1, 2, 4, 1, 2, 4, 1, 2, 4, 1, 2, 4, 0, 0, 0, 1, 2, 4, 1, 2, 4, 1, 2, 4, 1, 2, 4, 0, 0, 0, 1]]
Set parameter Username
[classical] objective=151847000.0 solution={'B100166(7)': 1, 'B100594(7)': 0, 'B100600(7)': 0, 'B100602(7)': 0, 'B100608(7)': 0, 'B100623(7)': 0, 'B101029(7)': 0, 'B101035(7)': 0, 'B101037(7)': 0, 'B101043(7)': 0}
[circuit] metrics=[309, 62, 138, 333]
[solve] start
[circuit] metrics=[189, 62, 84, 324]
[solve] start
[solve] states=[[1, 0, 1, 1, 1, 0, 1, 1, 0, 0, 0, 0, 1, 1, 0, 1, 1, 0, 1, 0, 0, 1, 1, 0, 1, 1, 0, 1, 1, 0], [1, 0, 1, 1, 1, 0, 1, 1, 0, 1, 1, 0, 1, 1, 0, 1, 1, 0, 1, 0, 0, 1, 1, 0, 1, 1, 0, 1, 1, 0], [1, 1, 0, 0, 0, 0, 1, 1, 0, 1, 1, 0, 1, 1, 0, 1, 1, 0, 1, 0, 0, 1, 1, 0, 1, 1, 0, 1, 1, 0], [1, 1, 0, 1, 0, 1, 1, 1, 0, 1, 1, 0, 1, 1, 0, 1, 1, 0, 1, 0, 0, 1, 1, 0, 1, 1, 0, 1, 1, 0], [1, 1, 0, 1, 1, 0, 0, 0, 0, 1, 1, 0, 1, 1, 0, 1, 1, 0, 1, 0, 0, 1, 1, 0, 1, 1, 0, 1, 1, 0], [1, 1, 0, 1, 1, 0, 1, 0, 1, 1, 1, 0, 1, 1, 0, 1, 1, 0, 1, 0, 0, 1, 1, 0, 1, 1, 0, 1, 1, 0], [1, 1, 0, 1, 1, 0, 1, 1, 0, 0, 0, 0, 1, 1, 0, 0, 0, 0, 1, 0, 0, 1, 1, 0, 1, 1, 0, 1, 1, 0], [1, 1, 0, 1, 1, 0, 1, 1, 0, 0, 0, 0, 1, 1, 0, 1, 1, 0, 1, 0, 0, 1, 1, 0, 1, 1, 0, 0, 0, 0], [1, 1, 0, 1, 1, 0, 1, 1, 0, 0, 0, 0, 1, 1, 0, 1, 1, 0, 1, 0, 0, 1, 1, 0, 1, 1, 0, 1, 1, 0], [1, 1, 0, 1, 1, 0, 1, 1, 0, 1, 0, 1, 1, 1, 0, 1, 1, 0, 1, 0, 0, 1, 1, 0, 1, 1, 0, 1, 1, 0], [1, 1, 0, 1, 1, 0, 1, 1, 0, 1, 1, 0, 0, 0, 0, 1, 1, 0, 1, 0, 0, 1, 1, 0, 1, 1, 0, 1, 1, 0], [1, 1, 0, 1, 1, 0, 1, 1, 0, 1, 1, 0, 1, 0, 1, 1, 1, 0, 1, 0, 0, 1, 1, 0, 1, 1, 0, 1, 0, 1], [1, 1, 0, 1, 1, 0, 1, 1, 0, 1, 1, 0, 1, 0, 1, 1, 1, 0, 1, 0, 0, 1, 1, 0, 1, 1, 0, 1, 1, 0], [1, 1, 0, 1, 1, 0, 1, 1, 0, 1, 1, 0, 1, 1, 0, 0, 0, 0, 1, 0, 0, 1, 1, 0, 1, 1, 0, 1, 1, 0], [1, 1, 0, 1, 1, 0, 1, 1, 0, 1, 1, 0, 1, 1, 0, 1, 0, 1, 1, 0, 0, 1, 1, 0, 1, 1, 0, 1, 0, 1], [1, 1, 0, 1, 1, 0, 1, 1, 0, 1, 1, 0, 1, 1, 0, 1, 0, 1, 1, 0, 0, 1, 1, 0, 1, 1, 0, 1, 1, 0], [1, 1, 0, 1, 1, 0, 1, 1, 0, 1, 1, 0, 1, 1, 0, 1, 1, 0, 1, 0, 0, 1, 0, 1, 1, 1, 0, 1, 1, 0], [1, 1, 0, 1, 1, 0, 1, 1, 0, 1, 1, 0, 1, 1, 0, 1, 1, 0, 1, 0, 0, 1, 1, 0, 0, 0, 0, 1, 1, 0], [1, 1, 0, 1, 1, 0, 1, 1, 0, 1, 1, 0, 1, 1, 0, 1, 1, 0, 1, 0, 0, 1, 1, 0, 1, 0, 1, 1, 0, 1], [1, 1, 0, 1, 1, 0, 1, 1, 0, 1, 1, 0, 1, 1, 0, 1, 1, 0, 1, 0, 0, 1, 1, 0, 1, 0, 1, 1, 1, 0], [1, 1, 0, 1, 1, 0, 1, 1, 0, 1, 1, 0, 1, 1, 0, 1, 1, 0, 1, 0, 0, 1, 1, 0, 1, 1, 0, 0, 0, 0], [1, 1, 0, 1, 1, 0, 1, 1, 0, 1, 1, 0, 1, 1, 0, 1, 1, 0, 1, 0, 0, 1, 1, 0, 1, 1, 0, 1, 0, 1], [1, 1, 0, 1, 1, 0, 1, 1, 0, 1, 1, 0, 1, 1, 0, 1, 1, 0, 1, 0, 0, 1, 1, 0, 1, 1, 0, 1, 1, 0]]
[solve] probs=[0.00390625, 0.0078125, 0.00390625, 0.015625, 0.0078125, 0.015625, 0.00390625, 0.00390625, 0.00390625, 0.0078125, 0.01171875, 0.00390625, 0.015625, 0.015625, 0.00390625, 0.01171875, 0.01171875, 0.00390625, 0.00390625, 0.0078125, 0.0078125, 0.01171875, 0.81640625]
[choco-best] objective=None probability=None solution=None
[parallel 228/274] path=data/miplib_benders/qaoa_problems/nvars_10/supportcase6_ds_qaoa_c539_c722_0005.json status=ok wall=1933.7468726539519 peak_mb=417.3828125 choco_obj=
[problem] supportcase6_ds_qaoa_c722_c726_0002 path=data/miplib_benders/qaoa_problems/nvars_10/supportcase6_ds_qaoa_c722_c726_0002.json
[input] n_int=10 n_bin=30 n_constr=2
[input] A=[[1, 1, 1, 1, 1, 1, 1, 1, 1, 1], [1, 1, 1, 0, 1, 1, 1, 1, 0, 1]] b=[1, 1] c=[150892000, 134333000, 145944000, 144887000, 151847000, 150892000, 134333000, 145944000, 144887000, 151847000]
[encoding]
  B100594(7) = B100594_7__b0 + 2*B100594_7__b1 + 4*B100594_7__b2
  B100600(7) = B100600_7__b0 + 2*B100600_7__b1 + 4*B100600_7__b2
  B100602(7) = B100602_7__b0 + 2*B100602_7__b1 + 4*B100602_7__b2
  B100608(7) = B100608_7__b0 + 2*B100608_7__b1 + 4*B100608_7__b2
  B100623(7) = B100623_7__b0 + 2*B100623_7__b1 + 4*B100623_7__b2
  B101029(7) = B101029_7__b0 + 2*B101029_7__b1 + 4*B101029_7__b2
  B101035(7) = B101035_7__b0 + 2*B101035_7__b1 + 4*B101035_7__b2
  B101037(7) = B101037_7__b0 + 2*B101037_7__b1 + 4*B101037_7__b2
  B101043(7) = B101043_7__b0 + 2*B101043_7__b1 + 4*B101043_7__b2
  B101058(7) = B101058_7__b0 + 2*B101058_7__b1 + 4*B101058_7__b2
[expanded] A_binary=[[1, 2, 4, 1, 2, 4, 1, 2, 4, 1, 2, 4, 1, 2, 4, 1, 2, 4, 1, 2, 4, 1, 2, 4, 1, 2, 4, 1, 2, 4], [1, 2, 4, 1, 2, 4, 1, 2, 4, 0, 0, 0, 1, 2, 4, 1, 2, 4, 1, 2, 4, 1, 2, 4, 0, 0, 0, 1, 2, 4]] b=[1, 1]
[expanded] lin_constr_mtx=[[1, 2, 4, 1, 2, 4, 1, 2, 4, 1, 2, 4, 1, 2, 4, 1, 2, 4, 1, 2, 4, 1, 2, 4, 1, 2, 4, 1, 2, 4, 1], [1, 2, 4, 1, 2, 4, 1, 2, 4, 0, 0, 0, 1, 2, 4, 1, 2, 4, 1, 2, 4, 1, 2, 4, 0, 0, 0, 1, 2, 4, 1]]
Set parameter Username
[classical] objective=151847000.0 solution={'B100594(7)': 0, 'B100600(7)': 0, 'B100602(7)': 0, 'B100608(7)': 0, 'B100623(7)': 1, 'B101029(7)': 0, 'B101035(7)': 0, 'B101037(7)': 0, 'B101043(7)': 0, 'B101058(7)': 0}
[circuit] metrics=[309, 62, 138, 333]
[solve] start
[solve] states=[[1, 0, 1, 1, 1, 0, 1, 1, 0, 1, 1, 0, 1, 1, 0, 1, 1, 0, 1, 0, 0, 1, 0, 1, 1, 1, 0, 1, 1, 0], [1, 0, 1, 1, 1, 0, 1, 1, 0, 1, 1, 0, 1, 1, 0, 1, 1, 0, 1, 0, 0, 1, 1, 0, 1, 1, 0, 1, 1, 0], [1, 1, 0, 1, 0, 1, 1, 1, 0, 1, 1, 0, 1, 1, 0, 1, 1, 0, 1, 0, 0, 1, 1, 0, 1, 1, 0, 1, 1, 0], [1, 1, 0, 1, 1, 0, 0, 0, 0, 1, 1, 0, 1, 1, 0, 1, 1, 0, 1, 0, 0, 1, 1, 0, 1, 1, 0, 1, 1, 0], [1, 1, 0, 1, 1, 0, 1, 0, 1, 1, 1, 0, 1, 1, 0, 1, 1, 0, 1, 0, 0, 1, 1, 0, 1, 1, 0, 1, 1, 0], [1, 1, 0, 1, 1, 0, 1, 1, 0, 0, 0, 0, 1, 1, 0, 1, 1, 0, 1, 0, 0, 1, 1, 0, 1, 1, 0, 1, 1, 0], [1, 1, 0, 1, 1, 0, 1, 1, 0, 1, 0, 1, 1, 1, 0, 1, 1, 0, 1, 0, 0, 1, 1, 0, 1, 1, 0, 1, 1, 0], [1, 1, 0, 1, 1, 0, 1, 1, 0, 1, 1, 0, 0, 0, 0, 1, 1, 0, 1, 0, 0, 1, 1, 0, 1, 1, 0, 1, 1, 0], [1, 1, 0, 1, 1, 0, 1, 1, 0, 1, 1, 0, 1, 0, 1, 1, 1, 0, 1, 0, 0, 1, 1, 0, 1, 1, 0, 1, 1, 0], [1, 1, 0, 1, 1, 0, 1, 1, 0, 1, 1, 0, 1, 1, 0, 0, 0, 0, 1, 0, 0, 1, 1, 0, 1, 1, 0, 1, 1, 0], [1, 1, 0, 1, 1, 0, 1, 1, 0, 1, 1, 0, 1, 1, 0, 1, 1, 0, 1, 0, 0, 0, 1, 0, 1, 1, 0, 1, 0, 0], [1, 1, 0, 1, 1, 0, 1, 1, 0, 1, 1, 0, 1, 1, 0, 1, 1, 0, 1, 0, 0, 1, 0, 1, 1, 1, 0, 1, 1, 0], [1, 1, 0, 1, 1, 0, 1, 1, 0, 1, 1, 0, 1, 1, 0, 1, 1, 0, 1, 0, 0, 1, 1, 0, 0, 0, 0, 1, 1, 0], [1, 1, 0, 1, 1, 0, 1, 1, 0, 1, 1, 0, 1, 1, 0, 1, 1, 0, 1, 0, 0, 1, 1, 0, 1, 0, 1, 1, 1, 0], [1, 1, 0, 1, 1, 0, 1, 1, 0, 1, 1, 0, 1, 1, 0, 1, 1, 0, 1, 0, 0, 1, 1, 0, 1, 1, 0, 0, 0, 0], [1, 1, 0, 1, 1, 0, 1, 1, 0, 1, 1, 0, 1, 1, 0, 1, 1, 0, 1, 0, 0, 1, 1, 0, 1, 1, 0, 1, 0, 1], [1, 1, 0, 1, 1, 0, 1, 1, 0, 1, 1, 0, 1, 1, 0, 1, 1, 0, 1, 0, 0, 1, 1, 0, 1, 1, 0, 1, 1, 0]]
[solve] probs=[0.00390625, 0.01171875, 0.00390625, 0.01171875, 0.00390625, 0.01171875, 0.015625, 0.01953125, 0.01171875, 0.0078125, 0.00390625, 0.01171875, 0.015625, 0.01171875, 0.0234375, 0.0078125, 0.82421875]
[choco-best] objective=None probability=None solution=None
[parallel 229/274] path=data/miplib_benders/qaoa_problems/nvars_10/supportcase6_ds_qaoa_c539_c722_c726_0005.json status=ok wall=2577.039083254058 peak_mb=418.6328125 choco_obj=
[problem] supportcase6_ds_qaoa_c722_c726_0003 path=data/miplib_benders/qaoa_problems/nvars_10/supportcase6_ds_qaoa_c722_c726_0003.json
[input] n_int=10 n_bin=30 n_constr=2
[input] A=[[1, 1, 1, 1, 1, 1, 1, 1, 1, 1], [1, 1, 0, 1, 1, 1, 1, 0, 1, 1]] b=[1, 1] c=[134333000, 145944000, 144887000, 151847000, 150892000, 134333000, 145944000, 144887000, 151847000, 150892000]
[encoding]
  B100600(7) = B100600_7__b0 + 2*B100600_7__b1 + 4*B100600_7__b2
  B100602(7) = B100602_7__b0 + 2*B100602_7__b1 + 4*B100602_7__b2
  B100608(7) = B100608_7__b0 + 2*B100608_7__b1 + 4*B100608_7__b2
  B100623(7) = B100623_7__b0 + 2*B100623_7__b1 + 4*B100623_7__b2
  B101029(7) = B101029_7__b0 + 2*B101029_7__b1 + 4*B101029_7__b2
  B101035(7) = B101035_7__b0 + 2*B101035_7__b1 + 4*B101035_7__b2
  B101037(7) = B101037_7__b0 + 2*B101037_7__b1 + 4*B101037_7__b2
  B101043(7) = B101043_7__b0 + 2*B101043_7__b1 + 4*B101043_7__b2
  B101058(7) = B101058_7__b0 + 2*B101058_7__b1 + 4*B101058_7__b2
  B101479(7) = B101479_7__b0 + 2*B101479_7__b1 + 4*B101479_7__b2
[expanded] A_binary=[[1, 2, 4, 1, 2, 4, 1, 2, 4, 1, 2, 4, 1, 2, 4, 1, 2, 4, 1, 2, 4, 1, 2, 4, 1, 2, 4, 1, 2, 4], [1, 2, 4, 1, 2, 4, 0, 0, 0, 1, 2, 4, 1, 2, 4, 1, 2, 4, 1, 2, 4, 0, 0, 0, 1, 2, 4, 1, 2, 4]] b=[1, 1]
[expanded] lin_constr_mtx=[[1, 2, 4, 1, 2, 4, 1, 2, 4, 1, 2, 4, 1, 2, 4, 1, 2, 4, 1, 2, 4, 1, 2, 4, 1, 2, 4, 1, 2, 4, 1], [1, 2, 4, 1, 2, 4, 0, 0, 0, 1, 2, 4, 1, 2, 4, 1, 2, 4, 1, 2, 4, 0, 0, 0, 1, 2, 4, 1, 2, 4, 1]]
Set parameter Username
[classical] objective=151847000.0 solution={'B100600(7)': 0, 'B100602(7)': 0, 'B100608(7)': 0, 'B100623(7)': 1, 'B101029(7)': 0, 'B101035(7)': 0, 'B101037(7)': 0, 'B101043(7)': 0, 'B101058(7)': 0, 'B101479(7)': 0}
[circuit] metrics=[309, 62, 138, 333]
[solve] start
[solve] states=[[1, 0, 1, 1, 1, 0, 1, 1, 0, 1, 1, 0, 1, 1, 0, 1, 1, 0, 1, 1, 0, 1, 1, 0, 1, 0, 0, 1, 1, 0], [1, 1, 0, 0, 0, 0, 0, 0, 0, 1, 1, 0, 1, 1, 0, 1, 1, 0, 1, 1, 0, 1, 1, 0, 1, 0, 0, 1, 1, 0], [1, 1, 0, 0, 0, 0, 1, 1, 0, 1, 1, 0, 1, 1, 0, 1, 1, 0, 1, 1, 0, 1, 1, 0, 1, 0, 0, 1, 1, 0], [1, 1, 0, 1, 0, 1, 1, 0, 1, 1, 1, 0, 1, 1, 0, 1, 1, 0, 1, 1, 0, 1, 1, 0, 1, 0, 0, 1, 1, 0], [1, 1, 0, 1, 0, 1, 1, 1, 0, 1, 1, 0, 1, 1, 0, 1, 1, 0, 1, 1, 0, 1, 1, 0, 1, 0, 0, 1, 1, 0], [1, 1, 0, 1, 1, 0, 0, 0, 0, 1, 1, 0, 1, 1, 0, 1, 1, 0, 1, 1, 0, 0, 0, 0, 1, 0, 0, 1, 1, 0], [1, 1, 0, 1, 1, 0, 0, 0, 0, 1, 1, 0, 1, 1, 0, 1, 1, 0, 1, 1, 0, 1, 1, 0, 1, 0, 0, 1, 1, 0], [1, 1, 0, 1, 1, 0, 1, 1, 0, 0, 0, 0, 1, 1, 0, 1, 1, 0, 1, 1, 0, 1, 1, 0, 1, 0, 0, 1, 1, 0], [1, 1, 0, 1, 1, 0, 1, 1, 0, 1, 1, 0, 1, 0, 1, 1, 1, 0, 1, 1, 0, 1, 1, 0, 1, 0, 0, 1, 1, 0], [1, 1, 0, 1, 1, 0, 1, 1, 0, 1, 1, 0, 1, 1, 0, 0, 0, 0, 1, 1, 0, 0, 0, 0, 1, 0, 0, 1, 1, 0], [1, 1, 0, 1, 1, 0, 1, 1, 0, 1, 1, 0, 1, 1, 0, 0, 0, 0, 1, 1, 0, 1, 1, 0, 1, 0, 0, 1, 1, 0], [1, 1, 0, 1, 1, 0, 1, 1, 0, 1, 1, 0, 1, 1, 0, 1, 0, 1, 1, 1, 0, 1, 1, 0, 1, 0, 0, 1, 1, 0], [1, 1, 0, 1, 1, 0, 1, 1, 0, 1, 1, 0, 1, 1, 0, 1, 1, 0, 0, 0, 0, 1, 1, 0, 1, 0, 0, 1, 1, 0], [1, 1, 0, 1, 1, 0, 1, 1, 0, 1, 1, 0, 1, 1, 0, 1, 1, 0, 1, 0, 1, 1, 1, 0, 1, 0, 0, 1, 1, 0], [1, 1, 0, 1, 1, 0, 1, 1, 0, 1, 1, 0, 1, 1, 0, 1, 1, 0, 1, 1, 0, 0, 0, 0, 1, 0, 0, 1, 1, 0], [1, 1, 0, 1, 1, 0, 1, 1, 0, 1, 1, 0, 1, 1, 0, 1, 1, 0, 1, 1, 0, 1, 0, 1, 1, 0, 0, 1, 1, 0], [1, 1, 0, 1, 1, 0, 1, 1, 0, 1, 1, 0, 1, 1, 0, 1, 1, 0, 1, 1, 0, 1, 1, 0, 1, 0, 0, 0, 0, 0], [1, 1, 0, 1, 1, 0, 1, 1, 0, 1, 1, 0, 1, 1, 0, 1, 1, 0, 1, 1, 0, 1, 1, 0, 1, 0, 0, 1, 0, 1], [1, 1, 0, 1, 1, 0, 1, 1, 0, 1, 1, 0, 1, 1, 0, 1, 1, 0, 1, 1, 0, 1, 1, 0, 1, 0, 0, 1, 1, 0]]
[solve] probs=[0.00390625, 0.00390625, 0.00390625, 0.00390625, 0.0078125, 0.00390625, 0.0078125, 0.01171875, 0.0078125, 0.00390625, 0.0078125, 0.0078125, 0.0234375, 0.01171875, 0.015625, 0.0078125, 0.01171875, 0.01171875, 0.84375]
[choco-best] objective=None probability=None solution=None
[parallel 230/274] path=data/miplib_benders/qaoa_problems/nvars_10/supportcase6_ds_qaoa_c722_c726_0001.json status=ok wall=2057.6302805260057 peak_mb=418.61328125 choco_obj=
[problem] supportcase6_ds_qaoa_c722_c726_0004 path=data/miplib_benders/qaoa_problems/nvars_10/supportcase6_ds_qaoa_c722_c726_0004.json
[input] n_int=10 n_bin=30 n_constr=2
[input] A=[[1, 1, 1, 1, 1, 1, 1, 1, 1, 1], [1, 0, 1, 1, 1, 1, 0, 1, 1, 1]] b=[1, 1] c=[145944000, 144887000, 151847000, 150892000, 134333000, 145944000, 144887000, 151847000, 150892000, 134333000]
[encoding]
  B100602(7) = B100602_7__b0 + 2*B100602_7__b1 + 4*B100602_7__b2
  B100608(7) = B100608_7__b0 + 2*B100608_7__b1 + 4*B100608_7__b2
  B100623(7) = B100623_7__b0 + 2*B100623_7__b1 + 4*B100623_7__b2
  B101029(7) = B101029_7__b0 + 2*B101029_7__b1 + 4*B101029_7__b2
  B101035(7) = B101035_7__b0 + 2*B101035_7__b1 + 4*B101035_7__b2
  B101037(7) = B101037_7__b0 + 2*B101037_7__b1 + 4*B101037_7__b2
  B101043(7) = B101043_7__b0 + 2*B101043_7__b1 + 4*B101043_7__b2
  B101058(7) = B101058_7__b0 + 2*B101058_7__b1 + 4*B101058_7__b2
  B101479(7) = B101479_7__b0 + 2*B101479_7__b1 + 4*B101479_7__b2
  B101485(7) = B101485_7__b0 + 2*B101485_7__b1 + 4*B101485_7__b2
[expanded] A_binary=[[1, 2, 4, 1, 2, 4, 1, 2, 4, 1, 2, 4, 1, 2, 4, 1, 2, 4, 1, 2, 4, 1, 2, 4, 1, 2, 4, 1, 2, 4], [1, 2, 4, 0, 0, 0, 1, 2, 4, 1, 2, 4, 1, 2, 4, 1, 2, 4, 0, 0, 0, 1, 2, 4, 1, 2, 4, 1, 2, 4]] b=[1, 1]
[expanded] lin_constr_mtx=[[1, 2, 4, 1, 2, 4, 1, 2, 4, 1, 2, 4, 1, 2, 4, 1, 2, 4, 1, 2, 4, 1, 2, 4, 1, 2, 4, 1, 2, 4, 1], [1, 2, 4, 0, 0, 0, 1, 2, 4, 1, 2, 4, 1, 2, 4, 1, 2, 4, 0, 0, 0, 1, 2, 4, 1, 2, 4, 1, 2, 4, 1]]
Set parameter Username
[classical] objective=151847000.0 solution={'B100602(7)': 0, 'B100608(7)': 0, 'B100623(7)': 1, 'B101029(7)': 0, 'B101035(7)': 0, 'B101037(7)': 0, 'B101043(7)': 0, 'B101058(7)': 0, 'B101479(7)': 0, 'B101485(7)': 0}
[circuit] metrics=[309, 62, 138, 333]
[solve] start
[solve] states=[[1, 0, 1, 1, 1, 0, 1, 1, 0, 1, 1, 0, 1, 1, 0, 1, 1, 0, 1, 1, 0, 1, 1, 0, 1, 1, 0, 1, 0, 0], [1, 1, 0, 0, 0, 0, 1, 1, 0, 1, 1, 0, 1, 1, 0, 1, 1, 0, 1, 1, 0, 1, 1, 0, 1, 1, 0, 1, 0, 0], [1, 1, 0, 1, 0, 1, 1, 1, 0, 1, 1, 0, 1, 1, 0, 1, 1, 0, 1, 1, 0, 1, 1, 0, 1, 1, 0, 1, 0, 0], [1, 1, 0, 1, 1, 0, 0, 0, 0, 1, 1, 0, 1, 1, 0, 1, 1, 0, 1, 1, 0, 1, 1, 0, 1, 1, 0, 1, 0, 0], [1, 1, 0, 1, 1, 0, 1, 1, 0, 1, 1, 0, 1, 1, 0, 0, 0, 0, 1, 1, 0, 1, 1, 0, 1, 1, 0, 1, 0, 0], [1, 1, 0, 1, 1, 0, 1, 1, 0, 1, 1, 0, 1, 1, 0, 1, 1, 0, 0, 0, 0, 1, 1, 0, 1, 1, 0, 1, 0, 0], [1, 1, 0, 1, 1, 0, 1, 1, 0, 1, 1, 0, 1, 1, 0, 1, 1, 0, 1, 1, 0, 0, 0, 0, 1, 1, 0, 1, 0, 0], [1, 1, 0, 1, 1, 0, 1, 1, 0, 1, 1, 0, 1, 1, 0, 1, 1, 0, 1, 1, 0, 1, 0, 1, 1, 1, 0, 1, 0, 0], [1, 1, 0, 1, 1, 0, 1, 1, 0, 1, 1, 0, 1, 1, 0, 1, 1, 0, 1, 1, 0, 1, 1, 0, 1, 1, 0, 1, 0, 0]]
[solve] probs=[0.0078125, 0.00390625, 0.00390625, 0.00390625, 0.0078125, 0.00390625, 0.00390625, 0.00390625, 0.9609375]
[choco-best] objective=None probability=None solution=None
[parallel 231/274] path=data/miplib_benders/qaoa_problems/nvars_10/supportcase6_ds_qaoa_c722_c726_0002.json status=ok wall=1952.5177803318948 peak_mb=419.58203125 choco_obj=
[problem] supportcase6_ds_qaoa_c722_c726_0005 path=data/miplib_benders/qaoa_problems/nvars_10/supportcase6_ds_qaoa_c722_c726_0005.json
[input] n_int=10 n_bin=30 n_constr=2
[input] A=[[1, 1, 1, 1, 1, 1, 1, 1, 1, 1], [0, 1, 1, 1, 1, 0, 1, 1, 1, 1]] b=[1, 1] c=[144887000, 151847000, 150892000, 134333000, 145944000, 144887000, 151847000, 150892000, 134333000, 145944000]
[encoding]
  B100608(7) = B100608_7__b0 + 2*B100608_7__b1 + 4*B100608_7__b2
  B100623(7) = B100623_7__b0 + 2*B100623_7__b1 + 4*B100623_7__b2
  B101029(7) = B101029_7__b0 + 2*B101029_7__b1 + 4*B101029_7__b2
  B101035(7) = B101035_7__b0 + 2*B101035_7__b1 + 4*B101035_7__b2
  B101037(7) = B101037_7__b0 + 2*B101037_7__b1 + 4*B101037_7__b2
  B101043(7) = B101043_7__b0 + 2*B101043_7__b1 + 4*B101043_7__b2
  B101058(7) = B101058_7__b0 + 2*B101058_7__b1 + 4*B101058_7__b2
  B101479(7) = B101479_7__b0 + 2*B101479_7__b1 + 4*B101479_7__b2
  B101485(7) = B101485_7__b0 + 2*B101485_7__b1 + 4*B101485_7__b2
  B101487(7) = B101487_7__b0 + 2*B101487_7__b1 + 4*B101487_7__b2
[expanded] A_binary=[[1, 2, 4, 1, 2, 4, 1, 2, 4, 1, 2, 4, 1, 2, 4, 1, 2, 4, 1, 2, 4, 1, 2, 4, 1, 2, 4, 1, 2, 4], [0, 0, 0, 1, 2, 4, 1, 2, 4, 1, 2, 4, 1, 2, 4, 0, 0, 0, 1, 2, 4, 1, 2, 4, 1, 2, 4, 1, 2, 4]] b=[1, 1]
[expanded] lin_constr_mtx=[[1, 2, 4, 1, 2, 4, 1, 2, 4, 1, 2, 4, 1, 2, 4, 1, 2, 4, 1, 2, 4, 1, 2, 4, 1, 2, 4, 1, 2, 4, 1], [0, 0, 0, 1, 2, 4, 1, 2, 4, 1, 2, 4, 1, 2, 4, 0, 0, 0, 1, 2, 4, 1, 2, 4, 1, 2, 4, 1, 2, 4, 1]]
Set parameter Username
[classical] objective=151847000.0 solution={'B100608(7)': 0, 'B100623(7)': 1, 'B101029(7)': 0, 'B101035(7)': 0, 'B101037(7)': 0, 'B101043(7)': 0, 'B101058(7)': 0, 'B101479(7)': 0, 'B101485(7)': 0, 'B101487(7)': 0}
[circuit] metrics=[309, 62, 138, 333]
[solve] start
[solve] states=[[1, 0, 1, 1, 0, 0, 1, 1, 0, 1, 1, 0, 1, 1, 0, 1, 1, 0, 1, 1, 0, 1, 1, 0, 1, 1, 0, 1, 1, 0], [1, 1, 0, 1, 0, 0, 1, 0, 1, 1, 1, 0, 1, 1, 0, 1, 1, 0, 1, 1, 0, 1, 1, 0, 1, 1, 0, 1, 1, 0], [1, 1, 0, 1, 0, 0, 1, 1, 0, 0, 0, 0, 1, 0, 1, 1, 1, 0, 1, 1, 0, 1, 0, 1, 1, 1, 0, 1, 1, 0], [1, 1, 0, 1, 0, 0, 1, 1, 0, 1, 0, 1, 1, 1, 0, 1, 1, 0, 1, 1, 0, 1, 1, 0, 1, 1, 0, 1, 1, 0], [1, 1, 0, 1, 0, 0, 1, 1, 0, 1, 1, 0, 0, 0, 0, 1, 1, 0, 1, 1, 0, 1, 1, 0, 1, 1, 0, 1, 1, 0], [1, 1, 0, 1, 0, 0, 1, 1, 0, 1, 1, 0, 1, 0, 1, 1, 1, 0, 1, 1, 0, 1, 1, 0, 1, 0, 1, 1, 1, 0], [1, 1, 0, 1, 0, 0, 1, 1, 0, 1, 1, 0, 1, 0, 1, 1, 1, 0, 1, 1, 0, 1, 1, 0, 1, 1, 0, 1, 1, 0], [1, 1, 0, 1, 0, 0, 1, 1, 0, 1, 1, 0, 1, 1, 0, 0, 0, 0, 1, 1, 0, 1, 1, 0, 1, 1, 0, 1, 1, 0], [1, 1, 0, 1, 0, 0, 1, 1, 0, 1, 1, 0, 1, 1, 0, 1, 0, 1, 0, 0, 0, 1, 1, 0, 1, 1, 0, 1, 1, 0], [1, 1, 0, 1, 0, 0, 1, 1, 0, 1, 1, 0, 1, 1, 0, 1, 0, 1, 1, 1, 0, 1, 1, 0, 1, 1, 0, 1, 1, 0], [1, 1, 0, 1, 0, 0, 1, 1, 0, 1, 1, 0, 1, 1, 0, 1, 1, 0, 0, 0, 0, 1, 1, 0, 1, 1, 0, 1, 1, 0], [1, 1, 0, 1, 0, 0, 1, 1, 0, 1, 1, 0, 1, 1, 0, 1, 1, 0, 1, 1, 0, 1, 0, 1, 1, 1, 0, 1, 1, 0], [1, 1, 0, 1, 0, 0, 1, 1, 0, 1, 1, 0, 1, 1, 0, 1, 1, 0, 1, 1, 0, 1, 1, 0, 0, 0, 0, 1, 1, 0], [1, 1, 0, 1, 0, 0, 1, 1, 0, 1, 1, 0, 1, 1, 0, 1, 1, 0, 1, 1, 0, 1, 1, 0, 1, 0, 1, 1, 1, 0], [1, 1, 0, 1, 0, 0, 1, 1, 0, 1, 1, 0, 1, 1, 0, 1, 1, 0, 1, 1, 0, 1, 1, 0, 1, 1, 0, 0, 0, 0], [1, 1, 0, 1, 0, 0, 1, 1, 0, 1, 1, 0, 1, 1, 0, 1, 1, 0, 1, 1, 0, 1, 1, 0, 1, 1, 0, 1, 0, 1], [1, 1, 0, 1, 0, 0, 1, 1, 0, 1, 1, 0, 1, 1, 0, 1, 1, 0, 1, 1, 0, 1, 1, 0, 1, 1, 0, 1, 1, 0]]
[solve] probs=[0.01171875, 0.0078125, 0.00390625, 0.0078125, 0.015625, 0.00390625, 0.00390625, 0.0078125, 0.00390625, 0.0078125, 0.00390625, 0.00390625, 0.0078125, 0.0078125, 0.0078125, 0.01171875, 0.8828125]
[choco-best] objective=None probability=None solution=None
[parallel 232/274] path=data/miplib_benders/qaoa_problems/nvars_10/supportcase6_ds_qaoa_c538_c539_c722_0005.json status=ok wall=3923.0760653790785 peak_mb=406.6875 choco_obj=
[problem] supportcase6_ds_qaoa_c722_c726_c733_0001 path=data/miplib_benders/qaoa_problems/nvars_10/supportcase6_ds_qaoa_c722_c726_c733_0001.json
[input] n_int=10 n_bin=30 n_constr=3
[input] A=[[1, 1, 1, 1, 1, 1, 1, 1, 1, 1], [1, 1, 1, 1, 0, 1, 1, 1, 1, 0], [0, 0, 1, 0, 1, 0, 0, 1, 0, 1]] b=[1, 1, 1] c=[151847000, 150892000, 134333000, 145944000, 144887000, 151847000, 150892000, 134333000, 145944000, 144887000]
[encoding]
  B100166(7) = B100166_7__b0 + 2*B100166_7__b1 + 4*B100166_7__b2
  B100594(7) = B100594_7__b0 + 2*B100594_7__b1 + 4*B100594_7__b2
  B100600(7) = B100600_7__b0 + 2*B100600_7__b1 + 4*B100600_7__b2
  B100602(7) = B100602_7__b0 + 2*B100602_7__b1 + 4*B100602_7__b2
  B100608(7) = B100608_7__b0 + 2*B100608_7__b1 + 4*B100608_7__b2
  B100623(7) = B100623_7__b0 + 2*B100623_7__b1 + 4*B100623_7__b2
  B101029(7) = B101029_7__b0 + 2*B101029_7__b1 + 4*B101029_7__b2
  B101035(7) = B101035_7__b0 + 2*B101035_7__b1 + 4*B101035_7__b2
  B101037(7) = B101037_7__b0 + 2*B101037_7__b1 + 4*B101037_7__b2
  B101043(7) = B101043_7__b0 + 2*B101043_7__b1 + 4*B101043_7__b2
[expanded] A_binary=[[1, 2, 4, 1, 2, 4, 1, 2, 4, 1, 2, 4, 1, 2, 4, 1, 2, 4, 1, 2, 4, 1, 2, 4, 1, 2, 4, 1, 2, 4], [1, 2, 4, 1, 2, 4, 1, 2, 4, 1, 2, 4, 0, 0, 0, 1, 2, 4, 1, 2, 4, 1, 2, 4, 1, 2, 4, 0, 0, 0], [0, 0, 0, 0, 0, 0, 1, 2, 4, 0, 0, 0, 1, 2, 4, 0, 0, 0, 0, 0, 0, 1, 2, 4, 0, 0, 0, 1, 2, 4]] b=[1, 1, 1]
[expanded] lin_constr_mtx=[[1, 2, 4, 1, 2, 4, 1, 2, 4, 1, 2, 4, 1, 2, 4, 1, 2, 4, 1, 2, 4, 1, 2, 4, 1, 2, 4, 1, 2, 4, 1], [1, 2, 4, 1, 2, 4, 1, 2, 4, 1, 2, 4, 0, 0, 0, 1, 2, 4, 1, 2, 4, 1, 2, 4, 1, 2, 4, 0, 0, 0, 1], [0, 0, 0, 0, 0, 0, 1, 2, 4, 0, 0, 0, 1, 2, 4, 0, 0, 0, 0, 0, 0, 1, 2, 4, 0, 0, 0, 1, 2, 4, 1]]
Set parameter Username
[classical] objective=134333000.0 solution={'B100166(7)': 0, 'B100594(7)': 0, 'B100600(7)': 1, 'B100602(7)': 0, 'B100608(7)': 0, 'B100623(7)': 0, 'B101029(7)': 0, 'B101035(7)': 0, 'B101037(7)': 0, 'B101043(7)': 0}
[circuit] metrics=[229, 62, 102, 324]
[solve] start
[solve] states=[[1, 1, 0, 1, 1, 0, 0, 0, 0, 1, 1, 0, 1, 1, 0, 1, 1, 0, 1, 1, 0, 1, 1, 0, 1, 1, 0, 1, 0, 0], [1, 1, 0, 1, 1, 0, 1, 0, 1, 1, 1, 0, 1, 1, 0, 1, 1, 0, 1, 1, 0, 1, 1, 0, 1, 1, 0, 1, 0, 0], [1, 1, 0, 1, 1, 0, 1, 1, 0, 1, 1, 0, 1, 1, 0, 1, 1, 0, 1, 1, 0, 1, 1, 0, 1, 0, 1, 1, 0, 0], [1, 1, 0, 1, 1, 0, 1, 1, 0, 1, 1, 0, 1, 1, 0, 1, 1, 0, 1, 1, 0, 1, 1, 0, 1, 1, 0, 1, 0, 0]]
[solve] probs=[0.00390625, 0.00390625, 0.00390625, 0.98828125]
[choco-best] objective=None probability=None solution=None
[parallel 233/274] path=data/miplib_benders/qaoa_problems/nvars_10/supportcase6_ds_qaoa_c722_c726_0004.json status=ok wall=1506.480499450001 peak_mb=408.453125 choco_obj=
[problem] supportcase6_ds_qaoa_c722_c726_c733_0002 path=data/miplib_benders/qaoa_problems/nvars_10/supportcase6_ds_qaoa_c722_c726_c733_0002.json
[input] n_int=10 n_bin=30 n_constr=3
[input] A=[[1, 1, 1, 1, 1, 1, 1, 1, 1, 1], [1, 1, 1, 0, 1, 1, 1, 1, 0, 1], [0, 1, 0, 1, 0, 0, 1, 0, 1, 0]] b=[1, 1, 1] c=[150892000, 134333000, 145944000, 144887000, 151847000, 150892000, 134333000, 145944000, 144887000, 151847000]
[encoding]
  B100594(7) = B100594_7__b0 + 2*B100594_7__b1 + 4*B100594_7__b2
  B100600(7) = B100600_7__b0 + 2*B100600_7__b1 + 4*B100600_7__b2
  B100602(7) = B100602_7__b0 + 2*B100602_7__b1 + 4*B100602_7__b2
  B100608(7) = B100608_7__b0 + 2*B100608_7__b1 + 4*B100608_7__b2
  B100623(7) = B100623_7__b0 + 2*B100623_7__b1 + 4*B100623_7__b2
  B101029(7) = B101029_7__b0 + 2*B101029_7__b1 + 4*B101029_7__b2
  B101035(7) = B101035_7__b0 + 2*B101035_7__b1 + 4*B101035_7__b2
  B101037(7) = B101037_7__b0 + 2*B101037_7__b1 + 4*B101037_7__b2
  B101043(7) = B101043_7__b0 + 2*B101043_7__b1 + 4*B101043_7__b2
  B101058(7) = B101058_7__b0 + 2*B101058_7__b1 + 4*B101058_7__b2
[expanded] A_binary=[[1, 2, 4, 1, 2, 4, 1, 2, 4, 1, 2, 4, 1, 2, 4, 1, 2, 4, 1, 2, 4, 1, 2, 4, 1, 2, 4, 1, 2, 4], [1, 2, 4, 1, 2, 4, 1, 2, 4, 0, 0, 0, 1, 2, 4, 1, 2, 4, 1, 2, 4, 1, 2, 4, 0, 0, 0, 1, 2, 4], [0, 0, 0, 1, 2, 4, 0, 0, 0, 1, 2, 4, 0, 0, 0, 0, 0, 0, 1, 2, 4, 0, 0, 0, 1, 2, 4, 0, 0, 0]] b=[1, 1, 1]
[expanded] lin_constr_mtx=[[1, 2, 4, 1, 2, 4, 1, 2, 4, 1, 2, 4, 1, 2, 4, 1, 2, 4, 1, 2, 4, 1, 2, 4, 1, 2, 4, 1, 2, 4, 1], [1, 2, 4, 1, 2, 4, 1, 2, 4, 0, 0, 0, 1, 2, 4, 1, 2, 4, 1, 2, 4, 1, 2, 4, 0, 0, 0, 1, 2, 4, 1], [0, 0, 0, 1, 2, 4, 0, 0, 0, 1, 2, 4, 0, 0, 0, 0, 0, 0, 1, 2, 4, 0, 0, 0, 1, 2, 4, 0, 0, 0, 1]]
Set parameter Username
[classical] objective=134333000.0 solution={'B100594(7)': 0, 'B100600(7)': 0, 'B100602(7)': 0, 'B100608(7)': 0, 'B100623(7)': 0, 'B101029(7)': 0, 'B101035(7)': 1, 'B101037(7)': 0, 'B101043(7)': 0, 'B101058(7)': 0}
[circuit] metrics=[229, 62, 102, 324]
[solve] start
[solve] states=[[1, 0, 1, 1, 1, 0, 1, 1, 0, 1, 1, 0, 1, 1, 0, 1, 1, 0, 1, 1, 0, 1, 1, 0, 0, 0, 0, 1, 0, 0], [1, 0, 1, 1, 1, 0, 1, 1, 0, 1, 1, 0, 1, 1, 0, 1, 1, 0, 1, 1, 0, 1, 1, 0, 1, 1, 0, 1, 0, 0], [1, 1, 0, 0, 0, 0, 1, 1, 0, 1, 1, 0, 0, 0, 0, 1, 1, 0, 1, 1, 0, 1, 1, 0, 1, 1, 0, 1, 0, 0], [1, 1, 0, 0, 0, 0, 1, 1, 0, 1, 1, 0, 1, 1, 0, 1, 1, 0, 1, 1, 0, 1, 1, 0, 1, 1, 0, 1, 0, 0], [1, 1, 0, 1, 0, 0, 1, 1, 0, 0, 1, 0, 1, 1, 0, 1, 1, 0, 1, 1, 0, 1, 1, 0, 1, 1, 0, 1, 0, 0], [1, 1, 0, 1, 0, 1, 1, 1, 0, 1, 1, 0, 1, 0, 0, 0, 1, 0, 1, 1, 0, 1, 1, 0, 1, 0, 1, 1, 0, 0], [1, 1, 0, 1, 0, 1, 1, 1, 0, 1, 1, 0, 1, 1, 0, 1, 1, 0, 1, 1, 0, 0, 0, 0, 1, 1, 0, 1, 0, 0], [1, 1, 0, 1, 0, 1, 1, 1, 0, 1, 1, 0, 1, 1, 0, 1, 1, 0, 1, 1, 0, 1, 1, 0, 1, 1, 0, 1, 0, 0], [1, 1, 0, 1, 1, 0, 1, 0, 0, 1, 1, 0, 1, 1, 0, 1, 1, 0, 1, 1, 0, 0, 1, 0, 1, 1, 0, 1, 0, 0], [1, 1, 0, 1, 1, 0, 1, 0, 1, 0, 0, 0, 1, 1, 0, 1, 1, 0, 1, 1, 0, 1, 1, 0, 1, 1, 0, 1, 0, 0], [1, 1, 0, 1, 1, 0, 1, 0, 1, 1, 1, 0, 1, 1, 0, 1, 1, 0, 1, 1, 0, 1, 1, 0, 1, 1, 0, 1, 0, 0], [1, 1, 0, 1, 1, 0, 1, 1, 0, 0, 0, 0, 1, 1, 0, 1, 1, 0, 1, 1, 0, 1, 1, 0, 1, 1, 0, 1, 0, 0], [1, 1, 0, 1, 1, 0, 1, 1, 0, 1, 0, 1, 1, 1, 0, 1, 1, 0, 1, 1, 0, 0, 0, 0, 1, 1, 0, 1, 0, 0], [1, 1, 0, 1, 1, 0, 1, 1, 0, 1, 0, 1, 1, 1, 0, 1, 1, 0, 1, 1, 0, 1, 1, 0, 1, 1, 0, 1, 0, 0], [1, 1, 0, 1, 1, 0, 1, 1, 0, 1, 1, 0, 0, 0, 0, 1, 1, 0, 1, 1, 0, 1, 1, 0, 1, 1, 0, 1, 0, 0], [1, 1, 0, 1, 1, 0, 1, 1, 0, 1, 1, 0, 1, 0, 1, 1, 1, 0, 1, 1, 0, 1, 1, 0, 1, 1, 0, 1, 0, 0], [1, 1, 0, 1, 1, 0, 1, 1, 0, 1, 1, 0, 1, 1, 0, 0, 0, 0, 1, 1, 0, 1, 1, 0, 1, 1, 0, 1, 0, 0], [1, 1, 0, 1, 1, 0, 1, 1, 0, 1, 1, 0, 1, 1, 0, 1, 0, 1, 1, 1, 0, 1, 1, 0, 1, 1, 0, 1, 0, 0], [1, 1, 0, 1, 1, 0, 1, 1, 0, 1, 1, 0, 1, 1, 0, 1, 1, 0, 0, 0, 0, 1, 1, 0, 1, 1, 0, 1, 0, 0], [1, 1, 0, 1, 1, 0, 1, 1, 0, 1, 1, 0, 1, 1, 0, 1, 1, 0, 1, 0, 0, 1, 1, 0, 0, 1, 0, 1, 0, 0], [1, 1, 0, 1, 1, 0, 1, 1, 0, 1, 1, 0, 1, 1, 0, 1, 1, 0, 1, 0, 1, 1, 1, 0, 1, 1, 0, 1, 0, 0], [1, 1, 0, 1, 1, 0, 1, 1, 0, 1, 1, 0, 1, 1, 0, 1, 1, 0, 1, 1, 0, 0, 0, 0, 0, 0, 0, 1, 0, 0], [1, 1, 0, 1, 1, 0, 1, 1, 0, 1, 1, 0, 1, 1, 0, 1, 1, 0, 1, 1, 0, 0, 0, 0, 1, 1, 0, 1, 0, 0], [1, 1, 0, 1, 1, 0, 1, 1, 0, 1, 1, 0, 1, 1, 0, 1, 1, 0, 1, 1, 0, 1, 0, 1, 1, 1, 0, 1, 0, 0], [1, 1, 0, 1, 1, 0, 1, 1, 0, 1, 1, 0, 1, 1, 0, 1, 1, 0, 1, 1, 0, 1, 1, 0, 0, 0, 0, 1, 0, 0], [1, 1, 0, 1, 1, 0, 1, 1, 0, 1, 1, 0, 1, 1, 0, 1, 1, 0, 1, 1, 0, 1, 1, 0, 1, 1, 0, 1, 0, 0]]
[solve] probs=[0.00390625, 0.01171875, 0.00390625, 0.01953125, 0.00390625, 0.00390625, 0.00390625, 0.01953125, 0.00390625, 0.0078125, 0.01171875, 0.01171875, 0.00390625, 0.02734375, 0.015625, 0.00390625, 0.0078125, 0.01953125, 0.01171875, 0.00390625, 0.015625, 0.00390625, 0.01953125, 0.0234375, 0.015625, 0.72265625]
[choco-best] objective=None probability=None solution=None
[parallel 234/274] path=data/miplib_benders/qaoa_problems/nvars_10/supportcase6_ds_qaoa_c722_c726_0003.json status=ok wall=1861.191134579014 peak_mb=420.015625 choco_obj=
[problem] supportcase6_ds_qaoa_c722_c726_c733_0003 path=data/miplib_benders/qaoa_problems/nvars_10/supportcase6_ds_qaoa_c722_c726_c733_0003.json
[input] n_int=10 n_bin=30 n_constr=3
[input] A=[[1, 1, 1, 1, 1, 1, 1, 1, 1, 1], [1, 1, 0, 1, 1, 1, 1, 0, 1, 1], [1, 0, 1, 0, 0, 1, 0, 1, 0, 0]] b=[1, 1, 1] c=[134333000, 145944000, 144887000, 151847000, 150892000, 134333000, 145944000, 144887000, 151847000, 150892000]
[encoding]
  B100600(7) = B100600_7__b0 + 2*B100600_7__b1 + 4*B100600_7__b2
  B100602(7) = B100602_7__b0 + 2*B100602_7__b1 + 4*B100602_7__b2
  B100608(7) = B100608_7__b0 + 2*B100608_7__b1 + 4*B100608_7__b2
  B100623(7) = B100623_7__b0 + 2*B100623_7__b1 + 4*B100623_7__b2
  B101029(7) = B101029_7__b0 + 2*B101029_7__b1 + 4*B101029_7__b2
  B101035(7) = B101035_7__b0 + 2*B101035_7__b1 + 4*B101035_7__b2
  B101037(7) = B101037_7__b0 + 2*B101037_7__b1 + 4*B101037_7__b2
  B101043(7) = B101043_7__b0 + 2*B101043_7__b1 + 4*B101043_7__b2
  B101058(7) = B101058_7__b0 + 2*B101058_7__b1 + 4*B101058_7__b2
  B101479(7) = B101479_7__b0 + 2*B101479_7__b1 + 4*B101479_7__b2
[expanded] A_binary=[[1, 2, 4, 1, 2, 4, 1, 2, 4, 1, 2, 4, 1, 2, 4, 1, 2, 4, 1, 2, 4, 1, 2, 4, 1, 2, 4, 1, 2, 4], [1, 2, 4, 1, 2, 4, 0, 0, 0, 1, 2, 4, 1, 2, 4, 1, 2, 4, 1, 2, 4, 0, 0, 0, 1, 2, 4, 1, 2, 4], [1, 2, 4, 0, 0, 0, 1, 2, 4, 0, 0, 0, 0, 0, 0, 1, 2, 4, 0, 0, 0, 1, 2, 4, 0, 0, 0, 0, 0, 0]] b=[1, 1, 1]
[expanded] lin_constr_mtx=[[1, 2, 4, 1, 2, 4, 1, 2, 4, 1, 2, 4, 1, 2, 4, 1, 2, 4, 1, 2, 4, 1, 2, 4, 1, 2, 4, 1, 2, 4, 1], [1, 2, 4, 1, 2, 4, 0, 0, 0, 1, 2, 4, 1, 2, 4, 1, 2, 4, 1, 2, 4, 0, 0, 0, 1, 2, 4, 1, 2, 4, 1], [1, 2, 4, 0, 0, 0, 1, 2, 4, 0, 0, 0, 0, 0, 0, 1, 2, 4, 0, 0, 0, 1, 2, 4, 0, 0, 0, 0, 0, 0, 1]]
Set parameter Username
[classical] objective=134333000.0 solution={'B100600(7)': 1, 'B100602(7)': 0, 'B100608(7)': 0, 'B100623(7)': 0, 'B101029(7)': 0, 'B101035(7)': 0, 'B101037(7)': 0, 'B101043(7)': 0, 'B101058(7)': 0, 'B101479(7)': 0}
[circuit] metrics=[229, 62, 102, 324]
[solve] start
[solve] states=[[1, 0, 1, 1, 1, 0, 1, 1, 0, 1, 1, 0, 1, 1, 0, 1, 1, 0, 1, 1, 0, 1, 1, 0, 1, 1, 0, 1, 0, 0], [1, 1, 0, 1, 0, 1, 1, 1, 0, 1, 1, 0, 1, 1, 0, 1, 1, 0, 1, 1, 0, 1, 1, 0, 1, 1, 0, 1, 0, 0], [1, 1, 0, 1, 1, 0, 0, 0, 0, 1, 1, 0, 1, 1, 0, 1, 1, 0, 1, 1, 0, 1, 1, 0, 1, 1, 0, 1, 0, 0], [1, 1, 0, 1, 1, 0, 1, 0, 1, 1, 1, 0, 1, 1, 0, 1, 1, 0, 1, 1, 0, 1, 1, 0, 1, 1, 0, 1, 0, 0], [1, 1, 0, 1, 1, 0, 1, 1, 0, 0, 0, 0, 1, 1, 0, 1, 1, 0, 1, 1, 0, 1, 1, 0, 1, 1, 0, 1, 0, 0], [1, 1, 0, 1, 1, 0, 1, 1, 0, 1, 0, 1, 1, 1, 0, 1, 1, 0, 1, 1, 0, 1, 1, 0, 1, 1, 0, 1, 0, 0], [1, 1, 0, 1, 1, 0, 1, 1, 0, 1, 1, 0, 0, 0, 0, 1, 1, 0, 1, 1, 0, 1, 1, 0, 1, 1, 0, 1, 0, 0], [1, 1, 0, 1, 1, 0, 1, 1, 0, 1, 1, 0, 1, 1, 0, 0, 0, 0, 1, 1, 0, 1, 1, 0, 1, 1, 0, 1, 0, 0], [1, 1, 0, 1, 1, 0, 1, 1, 0, 1, 1, 0, 1, 1, 0, 1, 0, 1, 1, 1, 0, 1, 1, 0, 1, 1, 0, 1, 0, 0], [1, 1, 0, 1, 1, 0, 1, 1, 0, 1, 1, 0, 1, 1, 0, 1, 1, 0, 0, 0, 0, 1, 1, 0, 1, 1, 0, 1, 0, 0], [1, 1, 0, 1, 1, 0, 1, 1, 0, 1, 1, 0, 1, 1, 0, 1, 1, 0, 1, 0, 1, 1, 1, 0, 0, 0, 0, 1, 0, 0], [1, 1, 0, 1, 1, 0, 1, 1, 0, 1, 1, 0, 1, 1, 0, 1, 1, 0, 1, 0, 1, 1, 1, 0, 1, 1, 0, 1, 0, 0], [1, 1, 0, 1, 1, 0, 1, 1, 0, 1, 1, 0, 1, 1, 0, 1, 1, 0, 1, 1, 0, 1, 0, 1, 1, 1, 0, 1, 0, 0], [1, 1, 0, 1, 1, 0, 1, 1, 0, 1, 1, 0, 1, 1, 0, 1, 1, 0, 1, 1, 0, 1, 1, 0, 0, 0, 0, 1, 0, 0], [1, 1, 0, 1, 1, 0, 1, 1, 0, 1, 1, 0, 1, 1, 0, 1, 1, 0, 1, 1, 0, 1, 1, 0, 1, 0, 1, 1, 0, 0], [1, 1, 0, 1, 1, 0, 1, 1, 0, 1, 1, 0, 1, 1, 0, 1, 1, 0, 1, 1, 0, 1, 1, 0, 1, 1, 0, 1, 0, 0]]
[solve] probs=[0.015625, 0.00390625, 0.0078125, 0.01171875, 0.0078125, 0.00390625, 0.00390625, 0.0078125, 0.01171875, 0.00390625, 0.00390625, 0.01171875, 0.0078125, 0.01171875, 0.0078125, 0.87890625]
[choco-best] objective=None probability=None solution=None
[parallel 235/274] path=data/miplib_benders/qaoa_problems/nvars_10/supportcase6_ds_qaoa_c722_c726_0005.json status=ok wall=1499.5933246850036 peak_mb=418.76953125 choco_obj=
[problem] supportcase6_ds_qaoa_c722_c726_c733_0004 path=data/miplib_benders/qaoa_problems/nvars_10/supportcase6_ds_qaoa_c722_c726_c733_0004.json
[input] n_int=10 n_bin=30 n_constr=3
[input] A=[[1, 1, 1, 1, 1, 1, 1, 1, 1, 1], [1, 0, 1, 1, 1, 1, 0, 1, 1, 1], [0, 1, 0, 0, 1, 0, 1, 0, 0, 1]] b=[1, 1, 1] c=[145944000, 144887000, 151847000, 150892000, 134333000, 145944000, 144887000, 151847000, 150892000, 134333000]
[encoding]
  B100602(7) = B100602_7__b0 + 2*B100602_7__b1 + 4*B100602_7__b2
  B100608(7) = B100608_7__b0 + 2*B100608_7__b1 + 4*B100608_7__b2
  B100623(7) = B100623_7__b0 + 2*B100623_7__b1 + 4*B100623_7__b2
  B101029(7) = B101029_7__b0 + 2*B101029_7__b1 + 4*B101029_7__b2
  B101035(7) = B101035_7__b0 + 2*B101035_7__b1 + 4*B101035_7__b2
  B101037(7) = B101037_7__b0 + 2*B101037_7__b1 + 4*B101037_7__b2
  B101043(7) = B101043_7__b0 + 2*B101043_7__b1 + 4*B101043_7__b2
  B101058(7) = B101058_7__b0 + 2*B101058_7__b1 + 4*B101058_7__b2
  B101479(7) = B101479_7__b0 + 2*B101479_7__b1 + 4*B101479_7__b2
  B101485(7) = B101485_7__b0 + 2*B101485_7__b1 + 4*B101485_7__b2
[expanded] A_binary=[[1, 2, 4, 1, 2, 4, 1, 2, 4, 1, 2, 4, 1, 2, 4, 1, 2, 4, 1, 2, 4, 1, 2, 4, 1, 2, 4, 1, 2, 4], [1, 2, 4, 0, 0, 0, 1, 2, 4, 1, 2, 4, 1, 2, 4, 1, 2, 4, 0, 0, 0, 1, 2, 4, 1, 2, 4, 1, 2, 4], [0, 0, 0, 1, 2, 4, 0, 0, 0, 0, 0, 0, 1, 2, 4, 0, 0, 0, 1, 2, 4, 0, 0, 0, 0, 0, 0, 1, 2, 4]] b=[1, 1, 1]
[expanded] lin_constr_mtx=[[1, 2, 4, 1, 2, 4, 1, 2, 4, 1, 2, 4, 1, 2, 4, 1, 2, 4, 1, 2, 4, 1, 2, 4, 1, 2, 4, 1, 2, 4, 1], [1, 2, 4, 0, 0, 0, 1, 2, 4, 1, 2, 4, 1, 2, 4, 1, 2, 4, 0, 0, 0, 1, 2, 4, 1, 2, 4, 1, 2, 4, 1], [0, 0, 0, 1, 2, 4, 0, 0, 0, 0, 0, 0, 1, 2, 4, 0, 0, 0, 1, 2, 4, 0, 0, 0, 0, 0, 0, 1, 2, 4, 1]]
Set parameter Username
[classical] objective=134333000.0 solution={'B100602(7)': 0, 'B100608(7)': 0, 'B100623(7)': 0, 'B101029(7)': 0, 'B101035(7)': 1, 'B101037(7)': 0, 'B101043(7)': 0, 'B101058(7)': 0, 'B101479(7)': 0, 'B101485(7)': 0}
[circuit] metrics=[229, 62, 102, 324]
[solve] start
[solve] states=[[1, 0, 1, 1, 1, 0, 1, 1, 0, 1, 1, 0, 1, 1, 0, 1, 1, 0, 1, 1, 0, 1, 0, 0, 1, 1, 0, 1, 1, 0], [1, 1, 0, 1, 1, 0, 1, 1, 0, 1, 1, 0, 1, 0, 1, 1, 1, 0, 1, 1, 0, 1, 0, 0, 1, 1, 0, 1, 1, 0], [1, 1, 0, 1, 1, 0, 1, 1, 0, 1, 1, 0, 1, 1, 0, 1, 0, 1, 1, 1, 0, 1, 0, 0, 1, 1, 0, 1, 1, 0], [1, 1, 0, 1, 1, 0, 1, 1, 0, 1, 1, 0, 1, 1, 0, 1, 1, 0, 1, 0, 1, 1, 0, 0, 1, 1, 0, 1, 1, 0], [1, 1, 0, 1, 1, 0, 1, 1, 0, 1, 1, 0, 1, 1, 0, 1, 1, 0, 1, 1, 0, 1, 0, 0, 0, 0, 0, 1, 1, 0], [1, 1, 0, 1, 1, 0, 1, 1, 0, 1, 1, 0, 1, 1, 0, 1, 1, 0, 1, 1, 0, 1, 0, 0, 1, 1, 0, 1, 0, 1], [1, 1, 0, 1, 1, 0, 1, 1, 0, 1, 1, 0, 1, 1, 0, 1, 1, 0, 1, 1, 0, 1, 0, 0, 1, 1, 0, 1, 1, 0]]
[solve] probs=[0.00390625, 0.00390625, 0.00390625, 0.00390625, 0.00390625, 0.00390625, 0.9765625]
[choco-best] objective=None probability=None solution=None
[parallel 236/274] path=data/miplib_benders/qaoa_problems/nvars_10/supportcase6_ds_qaoa_c722_c726_c733_0001.json status=ok wall=2907.0682395440526 peak_mb=482.359375 choco_obj=
[problem] supportcase6_ds_qaoa_c722_c726_c733_0005 path=data/miplib_benders/qaoa_problems/nvars_10/supportcase6_ds_qaoa_c722_c726_c733_0005.json
[input] n_int=10 n_bin=30 n_constr=3
[input] A=[[1, 1, 1, 1, 1, 1, 1, 1, 1, 1], [0, 1, 1, 1, 1, 0, 1, 1, 1, 1], [1, 0, 0, 1, 0, 1, 0, 0, 1, 0]] b=[1, 1, 1] c=[144887000, 151847000, 150892000, 134333000, 145944000, 144887000, 151847000, 150892000, 134333000, 145944000]
[encoding]
  B100608(7) = B100608_7__b0 + 2*B100608_7__b1 + 4*B100608_7__b2
  B100623(7) = B100623_7__b0 + 2*B100623_7__b1 + 4*B100623_7__b2
  B101029(7) = B101029_7__b0 + 2*B101029_7__b1 + 4*B101029_7__b2
  B101035(7) = B101035_7__b0 + 2*B101035_7__b1 + 4*B101035_7__b2
  B101037(7) = B101037_7__b0 + 2*B101037_7__b1 + 4*B101037_7__b2
  B101043(7) = B101043_7__b0 + 2*B101043_7__b1 + 4*B101043_7__b2
  B101058(7) = B101058_7__b0 + 2*B101058_7__b1 + 4*B101058_7__b2
  B101479(7) = B101479_7__b0 + 2*B101479_7__b1 + 4*B101479_7__b2
  B101485(7) = B101485_7__b0 + 2*B101485_7__b1 + 4*B101485_7__b2
  B101487(7) = B101487_7__b0 + 2*B101487_7__b1 + 4*B101487_7__b2
[expanded] A_binary=[[1, 2, 4, 1, 2, 4, 1, 2, 4, 1, 2, 4, 1, 2, 4, 1, 2, 4, 1, 2, 4, 1, 2, 4, 1, 2, 4, 1, 2, 4], [0, 0, 0, 1, 2, 4, 1, 2, 4, 1, 2, 4, 1, 2, 4, 0, 0, 0, 1, 2, 4, 1, 2, 4, 1, 2, 4, 1, 2, 4], [1, 2, 4, 0, 0, 0, 0, 0, 0, 1, 2, 4, 0, 0, 0, 1, 2, 4, 0, 0, 0, 0, 0, 0, 1, 2, 4, 0, 0, 0]] b=[1, 1, 1]
[expanded] lin_constr_mtx=[[1, 2, 4, 1, 2, 4, 1, 2, 4, 1, 2, 4, 1, 2, 4, 1, 2, 4, 1, 2, 4, 1, 2, 4, 1, 2, 4, 1, 2, 4, 1], [0, 0, 0, 1, 2, 4, 1, 2, 4, 1, 2, 4, 1, 2, 4, 0, 0, 0, 1, 2, 4, 1, 2, 4, 1, 2, 4, 1, 2, 4, 1], [1, 2, 4, 0, 0, 0, 0, 0, 0, 1, 2, 4, 0, 0, 0, 1, 2, 4, 0, 0, 0, 0, 0, 0, 1, 2, 4, 0, 0, 0, 1]]
Set parameter Username
[classical] objective=134333000.0 solution={'B100608(7)': 0, 'B100623(7)': 0, 'B101029(7)': 0, 'B101035(7)': 0, 'B101037(7)': 0, 'B101043(7)': 0, 'B101058(7)': 0, 'B101479(7)': 0, 'B101485(7)': 1, 'B101487(7)': 0}
[circuit] metrics=[229, 62, 102, 324]
[solve] start
[solve] states=[[1, 0, 1, 1, 1, 0, 1, 1, 0, 1, 0, 1, 1, 1, 0, 1, 0, 0, 1, 1, 0, 1, 1, 0, 1, 1, 0, 1, 1, 0], [1, 0, 1, 1, 1, 0, 1, 1, 0, 1, 1, 0, 1, 1, 0, 1, 0, 0, 1, 1, 0, 1, 1, 0, 0, 0, 0, 1, 1, 0], [1, 0, 1, 1, 1, 0, 1, 1, 0, 1, 1, 0, 1, 1, 0, 1, 0, 0, 1, 1, 0, 1, 1, 0, 1, 1, 0, 1, 1, 0], [1, 1, 0, 1, 0, 1, 1, 1, 0, 1, 0, 1, 1, 1, 0, 1, 0, 0, 1, 0, 1, 1, 1, 0, 1, 1, 0, 1, 1, 0], [1, 1, 0, 1, 0, 1, 1, 1, 0, 1, 1, 0, 1, 0, 1, 1, 0, 0, 1, 1, 0, 1, 1, 0, 1, 0, 1, 1, 1, 0], [1, 1, 0, 1, 0, 1, 1, 1, 0, 1, 1, 0, 1, 1, 0, 1, 0, 0, 1, 1, 0, 1, 0, 1, 1, 1, 0, 1, 1, 0], [1, 1, 0, 1, 0, 1, 1, 1, 0, 1, 1, 0, 1, 1, 0, 1, 0, 0, 1, 1, 0, 1, 1, 0, 1, 1, 0, 0, 0, 0], [1, 1, 0, 1, 0, 1, 1, 1, 0, 1, 1, 0, 1, 1, 0, 1, 0, 0, 1, 1, 0, 1, 1, 0, 1, 1, 0, 1, 1, 0], [1, 1, 0, 1, 1, 0, 1, 0, 1, 1, 1, 0, 0, 0, 0, 1, 0, 0, 1, 1, 0, 1, 1, 0, 1, 1, 0, 1, 1, 0], [1, 1, 0, 1, 1, 0, 1, 0, 1, 1, 1, 0, 1, 1, 0, 1, 0, 0, 1, 1, 0, 1, 1, 0, 1, 0, 1, 1, 1, 0], [1, 1, 0, 1, 1, 0, 1, 0, 1, 1, 1, 0, 1, 1, 0, 1, 0, 0, 1, 1, 0, 1, 1, 0, 1, 1, 0, 0, 0, 0], [1, 1, 0, 1, 1, 0, 1, 0, 1, 1, 1, 0, 1, 1, 0, 1, 0, 0, 1, 1, 0, 1, 1, 0, 1, 1, 0, 1, 1, 0], [1, 1, 0, 1, 1, 0, 1, 1, 0, 0, 0, 0, 0, 0, 0, 1, 0, 0, 1, 1, 0, 1, 1, 0, 1, 1, 0, 1, 1, 0], [1, 1, 0, 1, 1, 0, 1, 1, 0, 0, 0, 0, 1, 1, 0, 1, 0, 0, 1, 1, 0, 1, 1, 0, 1, 1, 0, 1, 1, 0], [1, 1, 0, 1, 1, 0, 1, 1, 0, 1, 0, 1, 1, 1, 0, 1, 0, 0, 1, 1, 0, 1, 0, 1, 1, 1, 0, 1, 1, 0], [1, 1, 0, 1, 1, 0, 1, 1, 0, 1, 0, 1, 1, 1, 0, 1, 0, 0, 1, 1, 0, 1, 1, 0, 1, 0, 1, 0, 0, 0], [1, 1, 0, 1, 1, 0, 1, 1, 0, 1, 0, 1, 1, 1, 0, 1, 0, 0, 1, 1, 0, 1, 1, 0, 1, 1, 0, 1, 1, 0], [1, 1, 0, 1, 1, 0, 1, 1, 0, 1, 1, 0, 0, 0, 0, 1, 0, 0, 0, 0, 0, 1, 1, 0, 1, 1, 0, 1, 1, 0], [1, 1, 0, 1, 1, 0, 1, 1, 0, 1, 1, 0, 0, 0, 0, 1, 0, 0, 1, 1, 0, 1, 1, 0, 0, 0, 0, 1, 1, 0], [1, 1, 0, 1, 1, 0, 1, 1, 0, 1, 1, 0, 0, 0, 0, 1, 0, 0, 1, 1, 0, 1, 1, 0, 1, 1, 0, 1, 1, 0], [1, 1, 0, 1, 1, 0, 1, 1, 0, 1, 1, 0, 1, 0, 1, 1, 0, 0, 1, 0, 1, 1, 1, 0, 1, 1, 0, 1, 1, 0], [1, 1, 0, 1, 1, 0, 1, 1, 0, 1, 1, 0, 1, 0, 1, 1, 0, 0, 1, 1, 0, 1, 1, 0, 1, 1, 0, 0, 0, 0], [1, 1, 0, 1, 1, 0, 1, 1, 0, 1, 1, 0, 1, 0, 1, 1, 0, 0, 1, 1, 0, 1, 1, 0, 1, 1, 0, 1, 1, 0], [1, 1, 0, 1, 1, 0, 1, 1, 0, 1, 1, 0, 1, 1, 0, 1, 0, 0, 0, 0, 0, 1, 1, 0, 1, 1, 0, 1, 1, 0], [1, 1, 0, 1, 1, 0, 1, 1, 0, 1, 1, 0, 1, 1, 0, 1, 0, 0, 1, 0, 1, 1, 1, 0, 1, 1, 0, 0, 0, 0], [1, 1, 0, 1, 1, 0, 1, 1, 0, 1, 1, 0, 1, 1, 0, 1, 0, 0, 1, 0, 1, 1, 1, 0, 1, 1, 0, 1, 1, 0], [1, 1, 0, 1, 1, 0, 1, 1, 0, 1, 1, 0, 1, 1, 0, 1, 0, 0, 1, 1, 0, 0, 0, 0, 1, 1, 0, 1, 1, 0], [1, 1, 0, 1, 1, 0, 1, 1, 0, 1, 1, 0, 1, 1, 0, 1, 0, 0, 1, 1, 0, 1, 0, 1, 1, 1, 0, 1, 1, 0], [1, 1, 0, 1, 1, 0, 1, 1, 0, 1, 1, 0, 1, 1, 0, 1, 0, 0, 1, 1, 0, 1, 1, 0, 0, 0, 0, 1, 1, 0], [1, 1, 0, 1, 1, 0, 1, 1, 0, 1, 1, 0, 1, 1, 0, 1, 0, 0, 1, 1, 0, 1, 1, 0, 1, 0, 0, 0, 1, 0], [1, 1, 0, 1, 1, 0, 1, 1, 0, 1, 1, 0, 1, 1, 0, 1, 0, 0, 1, 1, 0, 1, 1, 0, 1, 0, 1, 1, 1, 0], [1, 1, 0, 1, 1, 0, 1, 1, 0, 1, 1, 0, 1, 1, 0, 1, 0, 0, 1, 1, 0, 1, 1, 0, 1, 1, 0, 0, 0, 0], [1, 1, 0, 1, 1, 0, 1, 1, 0, 1, 1, 0, 1, 1, 0, 1, 0, 0, 1, 1, 0, 1, 1, 0, 1, 1, 0, 1, 0, 1], [1, 1, 0, 1, 1, 0, 1, 1, 0, 1, 1, 0, 1, 1, 0, 1, 0, 0, 1, 1, 0, 1, 1, 0, 1, 1, 0, 1, 1, 0]]
[solve] probs=[0.00390625, 0.00390625, 0.01953125, 0.00390625, 0.00390625, 0.00390625, 0.0078125, 0.0078125, 0.00390625, 0.00390625, 0.00390625, 0.03125, 0.0078125, 0.01171875, 0.00390625, 0.00390625, 0.015625, 0.00390625, 0.00390625, 0.0078125, 0.00390625, 0.00390625, 0.015625, 0.0234375, 0.00390625, 0.02734375, 0.03125, 0.0078125, 0.00390625, 0.00390625, 0.01953125, 0.04296875, 0.0234375, 0.6328125]
[choco-best] objective=None probability=None solution=None
[parallel 237/274] path=data/miplib_benders/qaoa_problems/nvars_10/supportcase6_ds_qaoa_c722_c726_c733_0003.json status=ok wall=2649.829876735923 peak_mb=421.72265625 choco_obj=
[problem] supportcase6_ds_qaoa_c726_c733_0001 path=data/miplib_benders/qaoa_problems/nvars_10/supportcase6_ds_qaoa_c726_c733_0001.json
[input] n_int=10 n_bin=30 n_constr=2
[input] A=[[1, 1, 1, 1, 0, 1, 1, 1, 1, 0], [0, 0, 1, 0, 1, 0, 0, 1, 0, 1]] b=[1, 1] c=[151847000, 150892000, 134333000, 145944000, 144887000, 151847000, 150892000, 134333000, 145944000, 144887000]
[encoding]
  B100166(7) = B100166_7__b0 + 2*B100166_7__b1 + 4*B100166_7__b2
  B100594(7) = B100594_7__b0 + 2*B100594_7__b1 + 4*B100594_7__b2
  B100600(7) = B100600_7__b0 + 2*B100600_7__b1 + 4*B100600_7__b2
  B100602(7) = B100602_7__b0 + 2*B100602_7__b1 + 4*B100602_7__b2
  B100608(7) = B100608_7__b0 + 2*B100608_7__b1 + 4*B100608_7__b2
  B100623(7) = B100623_7__b0 + 2*B100623_7__b1 + 4*B100623_7__b2
  B101029(7) = B101029_7__b0 + 2*B101029_7__b1 + 4*B101029_7__b2
  B101035(7) = B101035_7__b0 + 2*B101035_7__b1 + 4*B101035_7__b2
  B101037(7) = B101037_7__b0 + 2*B101037_7__b1 + 4*B101037_7__b2
  B101043(7) = B101043_7__b0 + 2*B101043_7__b1 + 4*B101043_7__b2
[expanded] A_binary=[[1, 2, 4, 1, 2, 4, 1, 2, 4, 1, 2, 4, 0, 0, 0, 1, 2, 4, 1, 2, 4, 1, 2, 4, 1, 2, 4, 0, 0, 0], [0, 0, 0, 0, 0, 0, 1, 2, 4, 0, 0, 0, 1, 2, 4, 0, 0, 0, 0, 0, 0, 1, 2, 4, 0, 0, 0, 1, 2, 4]] b=[1, 1]
[expanded] lin_constr_mtx=[[1, 2, 4, 1, 2, 4, 1, 2, 4, 1, 2, 4, 0, 0, 0, 1, 2, 4, 1, 2, 4, 1, 2, 4, 1, 2, 4, 0, 0, 0, 1], [0, 0, 0, 0, 0, 0, 1, 2, 4, 0, 0, 0, 1, 2, 4, 0, 0, 0, 0, 0, 0, 1, 2, 4, 0, 0, 0, 1, 2, 4, 1]]
Set parameter Username
[classical] objective=296734000.0 solution={'B100166(7)': 0, 'B100594(7)': 0, 'B100600(7)': 0, 'B100602(7)': 0, 'B100608(7)': 0, 'B100623(7)': 1, 'B101029(7)': 0, 'B101035(7)': 0, 'B101037(7)': 0, 'B101043(7)': 1}
[circuit] metrics=[535, 62, 256, 536]
[solve] start
[solve] states=[[1, 1, 0, 1, 0, 1, 1, 1, 0, 1, 1, 0, 1, 1, 0, 1, 1, 0, 1, 1, 0, 1, 1, 0, 1, 1, 0, 1, 0, 0], [1, 1, 0, 1, 1, 0, 1, 1, 0, 1, 0, 1, 1, 1, 0, 1, 1, 0, 1, 1, 0, 1, 1, 0, 1, 1, 0, 1, 0, 0], [1, 1, 0, 1, 1, 0, 1, 1, 0, 1, 1, 0, 1, 0, 1, 1, 1, 0, 1, 1, 0, 1, 1, 0, 1, 1, 0, 1, 0, 0], [1, 1, 0, 1, 1, 0, 1, 1, 0, 1, 1, 0, 1, 1, 0, 1, 1, 0, 1, 1, 0, 1, 1, 0, 1, 1, 0, 1, 0, 0]]
[solve] probs=[0.01171875, 0.0078125, 0.00390625, 0.9765625]
[choco-best] objective=None probability=None solution=None
[parallel 238/274] path=data/miplib_benders/qaoa_problems/nvars_10/supportcase6_ds_qaoa_c722_c726_c733_0004.json status=ok wall=1926.1354101879988 peak_mb=419.4453125 choco_obj=
[problem] supportcase6_ds_qaoa_c726_c733_0002 path=data/miplib_benders/qaoa_problems/nvars_10/supportcase6_ds_qaoa_c726_c733_0002.json
[input] n_int=10 n_bin=30 n_constr=2
[input] A=[[1, 1, 1, 0, 1, 1, 1, 1, 0, 1], [0, 1, 0, 1, 0, 0, 1, 0, 1, 0]] b=[1, 1] c=[150892000, 134333000, 145944000, 144887000, 151847000, 150892000, 134333000, 145944000, 144887000, 151847000]
[encoding]
  B100594(7) = B100594_7__b0 + 2*B100594_7__b1 + 4*B100594_7__b2
  B100600(7) = B100600_7__b0 + 2*B100600_7__b1 + 4*B100600_7__b2
  B100602(7) = B100602_7__b0 + 2*B100602_7__b1 + 4*B100602_7__b2
  B100608(7) = B100608_7__b0 + 2*B100608_7__b1 + 4*B100608_7__b2
  B100623(7) = B100623_7__b0 + 2*B100623_7__b1 + 4*B100623_7__b2
  B101029(7) = B101029_7__b0 + 2*B101029_7__b1 + 4*B101029_7__b2
  B101035(7) = B101035_7__b0 + 2*B101035_7__b1 + 4*B101035_7__b2
  B101037(7) = B101037_7__b0 + 2*B101037_7__b1 + 4*B101037_7__b2
  B101043(7) = B101043_7__b0 + 2*B101043_7__b1 + 4*B101043_7__b2
  B101058(7) = B101058_7__b0 + 2*B101058_7__b1 + 4*B101058_7__b2
[expanded] A_binary=[[1, 2, 4, 1, 2, 4, 1, 2, 4, 0, 0, 0, 1, 2, 4, 1, 2, 4, 1, 2, 4, 1, 2, 4, 0, 0, 0, 1, 2, 4], [0, 0, 0, 1, 2, 4, 0, 0, 0, 1, 2, 4, 0, 0, 0, 0, 0, 0, 1, 2, 4, 0, 0, 0, 1, 2, 4, 0, 0, 0]] b=[1, 1]
[expanded] lin_constr_mtx=[[1, 2, 4, 1, 2, 4, 1, 2, 4, 0, 0, 0, 1, 2, 4, 1, 2, 4, 1, 2, 4, 1, 2, 4, 0, 0, 0, 1, 2, 4, 1], [0, 0, 0, 1, 2, 4, 0, 0, 0, 1, 2, 4, 0, 0, 0, 0, 0, 0, 1, 2, 4, 0, 0, 0, 1, 2, 4, 0, 0, 0, 1]]
Set parameter Username
[classical] objective=296734000.0 solution={'B100594(7)': 0, 'B100600(7)': 0, 'B100602(7)': 0, 'B100608(7)': 0, 'B100623(7)': 0, 'B101029(7)': 0, 'B101035(7)': 0, 'B101037(7)': 0, 'B101043(7)': 1, 'B101058(7)': 1}
[circuit] metrics=[535, 62, 256, 536]
[solve] start
[solve] states=[[0, 1, 0, 1, 1, 0, 1, 0, 1, 1, 1, 0, 1, 1, 0, 1, 1, 0, 1, 0, 0, 1, 1, 0, 1, 1, 0, 1, 0, 0], [0, 1, 0, 1, 1, 0, 1, 1, 0, 1, 1, 0, 1, 1, 0, 1, 1, 0, 1, 0, 0, 1, 1, 0, 1, 1, 0, 1, 0, 0], [1, 0, 1, 1, 1, 0, 1, 1, 0, 1, 1, 0, 1, 1, 0, 1, 1, 0, 1, 0, 0, 1, 1, 0, 1, 1, 0, 1, 1, 0], [1, 1, 0, 1, 0, 0, 1, 1, 0, 1, 1, 0, 1, 1, 0, 1, 1, 0, 0, 0, 0, 1, 1, 0, 1, 1, 0, 1, 1, 0], [1, 1, 0, 1, 0, 1, 1, 0, 1, 1, 1, 0, 1, 1, 0, 1, 1, 0, 1, 0, 0, 1, 1, 0, 1, 1, 0, 1, 1, 0], [1, 1, 0, 1, 0, 1, 1, 1, 0, 1, 0, 1, 1, 1, 0, 1, 1, 0, 1, 0, 0, 1, 1, 0, 1, 1, 0, 1, 1, 0], [1, 1, 0, 1, 0, 1, 1, 1, 0, 1, 1, 0, 0, 0, 0, 1, 1, 0, 1, 0, 0, 1, 0, 1, 1, 1, 0, 1, 1, 0], [1, 1, 0, 1, 0, 1, 1, 1, 0, 1, 1, 0, 1, 1, 0, 1, 1, 0, 1, 0, 0, 1, 1, 0, 1, 1, 0, 1, 1, 0], [1, 1, 0, 1, 1, 0, 0, 0, 0, 1, 1, 0, 0, 0, 0, 1, 1, 0, 1, 0, 0, 1, 1, 0, 1, 0, 1, 0, 0, 0], [1, 1, 0, 1, 1, 0, 0, 0, 0, 1, 1, 0, 1, 1, 0, 1, 1, 0, 1, 0, 0, 1, 1, 0, 1, 1, 0, 1, 0, 1], [1, 1, 0, 1, 1, 0, 0, 0, 0, 1, 1, 0, 1, 1, 0, 1, 1, 0, 1, 0, 0, 1, 1, 0, 1, 1, 0, 1, 1, 0], [1, 1, 0, 1, 1, 0, 1, 0, 1, 1, 1, 0, 1, 1, 0, 1, 1, 0, 1, 0, 0, 1, 0, 1, 1, 1, 0, 1, 1, 0], [1, 1, 0, 1, 1, 0, 1, 0, 1, 1, 1, 0, 1, 1, 0, 1, 1, 0, 1, 0, 0, 1, 1, 0, 1, 1, 0, 1, 1, 0], [1, 1, 0, 1, 1, 0, 1, 1, 0, 1, 0, 1, 1, 1, 0, 1, 1, 0, 1, 0, 0, 0, 0, 0, 1, 1, 0, 1, 1, 0], [1, 1, 0, 1, 1, 0, 1, 1, 0, 1, 0, 1, 1, 1, 0, 1, 1, 0, 1, 0, 0, 1, 1, 0, 1, 0, 1, 1, 1, 0], [1, 1, 0, 1, 1, 0, 1, 1, 0, 1, 0, 1, 1, 1, 0, 1, 1, 0, 1, 0, 0, 1, 1, 0, 1, 1, 0, 1, 1, 0], [1, 1, 0, 1, 1, 0, 1, 1, 0, 1, 1, 0, 0, 0, 0, 1, 0, 1, 1, 0, 0, 1, 1, 0, 1, 1, 0, 1, 1, 0], [1, 1, 0, 1, 1, 0, 1, 1, 0, 1, 1, 0, 0, 0, 0, 1, 1, 0, 1, 0, 0, 1, 1, 0, 1, 0, 1, 1, 1, 0], [1, 1, 0, 1, 1, 0, 1, 1, 0, 1, 1, 0, 0, 0, 0, 1, 1, 0, 1, 0, 0, 1, 1, 0, 1, 1, 0, 1, 1, 0], [1, 1, 0, 1, 1, 0, 1, 1, 0, 1, 1, 0, 1, 0, 1, 0, 0, 0, 1, 0, 0, 1, 1, 0, 1, 0, 1, 1, 1, 0], [1, 1, 0, 1, 1, 0, 1, 1, 0, 1, 1, 0, 1, 0, 1, 0, 0, 0, 1, 0, 0, 1, 1, 0, 1, 1, 0, 1, 0, 1], [1, 1, 0, 1, 1, 0, 1, 1, 0, 1, 1, 0, 1, 0, 1, 1, 1, 0, 1, 0, 0, 1, 1, 0, 1, 1, 0, 1, 0, 1], [1, 1, 0, 1, 1, 0, 1, 1, 0, 1, 1, 0, 1, 0, 1, 1, 1, 0, 1, 0, 0, 1, 1, 0, 1, 1, 0, 1, 1, 0], [1, 1, 0, 1, 1, 0, 1, 1, 0, 1, 1, 0, 1, 1, 0, 0, 0, 0, 1, 0, 0, 0, 0, 0, 1, 1, 0, 1, 0, 1], [1, 1, 0, 1, 1, 0, 1, 1, 0, 1, 1, 0, 1, 1, 0, 0, 0, 0, 1, 0, 0, 1, 1, 0, 1, 1, 0, 1, 1, 0], [1, 1, 0, 1, 1, 0, 1, 1, 0, 1, 1, 0, 1, 1, 0, 1, 0, 1, 1, 0, 0, 1, 1, 0, 1, 1, 0, 1, 1, 0], [1, 1, 0, 1, 1, 0, 1, 1, 0, 1, 1, 0, 1, 1, 0, 1, 1, 0, 1, 0, 0, 0, 0, 0, 1, 1, 0, 1, 0, 1], [1, 1, 0, 1, 1, 0, 1, 1, 0, 1, 1, 0, 1, 1, 0, 1, 1, 0, 1, 0, 0, 0, 0, 0, 1, 1, 0, 1, 1, 0], [1, 1, 0, 1, 1, 0, 1, 1, 0, 1, 1, 0, 1, 1, 0, 1, 1, 0, 1, 0, 0, 1, 0, 1, 1, 1, 0, 1, 1, 0], [1, 1, 0, 1, 1, 0, 1, 1, 0, 1, 1, 0, 1, 1, 0, 1, 1, 0, 1, 0, 0, 1, 1, 0, 0, 0, 0, 1, 1, 0], [1, 1, 0, 1, 1, 0, 1, 1, 0, 1, 1, 0, 1, 1, 0, 1, 1, 0, 1, 0, 0, 1, 1, 0, 1, 0, 1, 1, 1, 0], [1, 1, 0, 1, 1, 0, 1, 1, 0, 1, 1, 0, 1, 1, 0, 1, 1, 0, 1, 0, 0, 1, 1, 0, 1, 1, 0, 0, 0, 0], [1, 1, 0, 1, 1, 0, 1, 1, 0, 1, 1, 0, 1, 1, 0, 1, 1, 0, 1, 0, 0, 1, 1, 0, 1, 1, 0, 1, 0, 1], [1, 1, 0, 1, 1, 0, 1, 1, 0, 1, 1, 0, 1, 1, 0, 1, 1, 0, 1, 0, 0, 1, 1, 0, 1, 1, 0, 1, 1, 0]]
[solve] probs=[0.00390625, 0.00390625, 0.0078125, 0.00390625, 0.00390625, 0.0078125, 0.00390625, 0.01171875, 0.00390625, 0.00390625, 0.0234375, 0.00390625, 0.0234375, 0.00390625, 0.00390625, 0.03125, 0.00390625, 0.0078125, 0.015625, 0.00390625, 0.00390625, 0.00390625, 0.0234375, 0.00390625, 0.02734375, 0.01171875, 0.00390625, 0.015625, 0.015625, 0.02734375, 0.015625, 0.02734375, 0.01953125, 0.625]
[choco-best] objective=None probability=None solution=None
[parallel 239/274] path=data/miplib_benders/qaoa_problems/nvars_10/supportcase6_ds_qaoa_c722_c726_c733_0002.json status=ok wall=3813.45138930704 peak_mb=419.421875 choco_obj=
[problem] supportcase6_ds_qaoa_c726_c733_c745_0001 path=data/miplib_benders/qaoa_problems/nvars_10/supportcase6_ds_qaoa_c726_c733_c745_0001.json
[input] n_int=10 n_bin=30 n_constr=3
[input] A=[[1, 1, 1, 1, 0, 1, 1, 1, 1, 0], [0, 0, 1, 0, 1, 0, 0, 1, 0, 1], [0, 1, 1, 1, 1, 0, 1, 1, 1, 1]] b=[1, 1, 1] c=[151847000, 150892000, 134333000, 145944000, 144887000, 151847000, 150892000, 134333000, 145944000, 144887000]
[encoding]
  B100166(7) = B100166_7__b0 + 2*B100166_7__b1 + 4*B100166_7__b2
  B100594(7) = B100594_7__b0 + 2*B100594_7__b1 + 4*B100594_7__b2
  B100600(7) = B100600_7__b0 + 2*B100600_7__b1 + 4*B100600_7__b2
  B100602(7) = B100602_7__b0 + 2*B100602_7__b1 + 4*B100602_7__b2
  B100608(7) = B100608_7__b0 + 2*B100608_7__b1 + 4*B100608_7__b2
  B100623(7) = B100623_7__b0 + 2*B100623_7__b1 + 4*B100623_7__b2
  B101029(7) = B101029_7__b0 + 2*B101029_7__b1 + 4*B101029_7__b2
  B101035(7) = B101035_7__b0 + 2*B101035_7__b1 + 4*B101035_7__b2
  B101037(7) = B101037_7__b0 + 2*B101037_7__b1 + 4*B101037_7__b2
  B101043(7) = B101043_7__b0 + 2*B101043_7__b1 + 4*B101043_7__b2
[expanded] A_binary=[[1, 2, 4, 1, 2, 4, 1, 2, 4, 1, 2, 4, 0, 0, 0, 1, 2, 4, 1, 2, 4, 1, 2, 4, 1, 2, 4, 0, 0, 0], [0, 0, 0, 0, 0, 0, 1, 2, 4, 0, 0, 0, 1, 2, 4, 0, 0, 0, 0, 0, 0, 1, 2, 4, 0, 0, 0, 1, 2, 4], [0, 0, 0, 1, 2, 4, 1, 2, 4, 1, 2, 4, 1, 2, 4, 0, 0, 0, 1, 2, 4, 1, 2, 4, 1, 2, 4, 1, 2, 4]] b=[1, 1, 1]
[expanded] lin_constr_mtx=[[1, 2, 4, 1, 2, 4, 1, 2, 4, 1, 2, 4, 0, 0, 0, 1, 2, 4, 1, 2, 4, 1, 2, 4, 1, 2, 4, 0, 0, 0, 1], [0, 0, 0, 0, 0, 0, 1, 2, 4, 0, 0, 0, 1, 2, 4, 0, 0, 0, 0, 0, 0, 1, 2, 4, 0, 0, 0, 1, 2, 4, 1], [0, 0, 0, 1, 2, 4, 1, 2, 4, 1, 2, 4, 1, 2, 4, 0, 0, 0, 1, 2, 4, 1, 2, 4, 1, 2, 4, 1, 2, 4, 1]]
Set parameter Username
[classical] objective=296734000.0 solution={'B100166(7)': 0, 'B100594(7)': 0, 'B100600(7)': 0, 'B100602(7)': 0, 'B100608(7)': 0, 'B100623(7)': 1, 'B101029(7)': 0, 'B101035(7)': 0, 'B101037(7)': 0, 'B101043(7)': 1}
[circuit] metrics=[375, 62, 184, 526]
[solve] start
[solve] states=[[1, 0, 1, 1, 1, 0, 1, 1, 0, 0, 0, 0, 1, 0, 1, 1, 1, 0, 1, 1, 0, 1, 1, 0, 1, 0, 0, 1, 0, 0], [1, 0, 1, 1, 1, 0, 1, 1, 0, 0, 0, 0, 1, 1, 0, 1, 1, 0, 1, 1, 0, 1, 1, 0, 1, 0, 0, 1, 0, 0], [1, 1, 0, 1, 0, 0, 1, 1, 0, 0, 0, 0, 1, 1, 0, 1, 1, 0, 0, 1, 0, 1, 1, 0, 1, 0, 0, 1, 0, 0], [1, 1, 0, 1, 0, 1, 1, 1, 0, 0, 0, 0, 1, 1, 0, 1, 1, 0, 1, 1, 0, 1, 1, 0, 1, 0, 0, 1, 0, 0], [1, 1, 0, 1, 1, 0, 0, 0, 0, 0, 0, 0, 1, 1, 0, 1, 1, 0, 1, 1, 0, 1, 1, 0, 1, 0, 0, 1, 0, 0], [1, 1, 0, 1, 1, 0, 1, 0, 1, 0, 0, 0, 1, 1, 0, 1, 1, 0, 1, 1, 0, 1, 1, 0, 1, 0, 0, 1, 0, 0], [1, 1, 0, 1, 1, 0, 1, 1, 0, 0, 0, 0, 0, 0, 0, 1, 1, 0, 1, 1, 0, 1, 1, 0, 1, 0, 0, 1, 0, 0], [1, 1, 0, 1, 1, 0, 1, 1, 0, 0, 0, 0, 1, 0, 1, 1, 1, 0, 1, 1, 0, 1, 1, 0, 1, 0, 0, 1, 0, 0], [1, 1, 0, 1, 1, 0, 1, 1, 0, 0, 0, 0, 1, 1, 0, 0, 0, 0, 1, 0, 1, 1, 1, 0, 1, 0, 0, 1, 0, 0], [1, 1, 0, 1, 1, 0, 1, 1, 0, 0, 0, 0, 1, 1, 0, 0, 0, 0, 1, 1, 0, 1, 1, 0, 1, 0, 0, 1, 0, 0], [1, 1, 0, 1, 1, 0, 1, 1, 0, 0, 0, 0, 1, 1, 0, 1, 0, 1, 1, 1, 0, 1, 1, 0, 1, 0, 0, 1, 0, 0], [1, 1, 0, 1, 1, 0, 1, 1, 0, 0, 0, 0, 1, 1, 0, 1, 1, 0, 0, 0, 0, 1, 1, 0, 1, 0, 0, 1, 0, 0], [1, 1, 0, 1, 1, 0, 1, 1, 0, 0, 0, 0, 1, 1, 0, 1, 1, 0, 1, 0, 1, 1, 1, 0, 1, 0, 0, 1, 0, 0], [1, 1, 0, 1, 1, 0, 1, 1, 0, 0, 0, 0, 1, 1, 0, 1, 1, 0, 1, 1, 0, 1, 0, 1, 1, 0, 0, 1, 0, 0], [1, 1, 0, 1, 1, 0, 1, 1, 0, 0, 0, 0, 1, 1, 0, 1, 1, 0, 1, 1, 0, 1, 1, 0, 1, 0, 0, 1, 0, 0]]
[solve] probs=[0.00390625, 0.015625, 0.00390625, 0.01171875, 0.0078125, 0.01171875, 0.0078125, 0.015625, 0.00390625, 0.0078125, 0.0078125, 0.0078125, 0.0078125, 0.01171875, 0.875]
[choco-best] objective=None probability=None solution=None
[parallel 240/274] path=data/miplib_benders/qaoa_problems/nvars_10/supportcase6_ds_qaoa_c726_c733_0002.json status=ok wall=1332.5241076130187 peak_mb=437.3359375 choco_obj=
[problem] supportcase6_ds_qaoa_c726_c733_c745_0002 path=data/miplib_benders/qaoa_problems/nvars_10/supportcase6_ds_qaoa_c726_c733_c745_0002.json
[input] n_int=10 n_bin=30 n_constr=3
[input] A=[[1, 1, 1, 0, 1, 1, 1, 1, 0, 1], [0, 1, 0, 1, 0, 0, 1, 0, 1, 0], [1, 1, 1, 1, 0, 1, 1, 1, 1, 0]] b=[1, 1, 1] c=[150892000, 134333000, 145944000, 144887000, 151847000, 150892000, 134333000, 145944000, 144887000, 151847000]
[encoding]
  B100594(7) = B100594_7__b0 + 2*B100594_7__b1 + 4*B100594_7__b2
  B100600(7) = B100600_7__b0 + 2*B100600_7__b1 + 4*B100600_7__b2
  B100602(7) = B100602_7__b0 + 2*B100602_7__b1 + 4*B100602_7__b2
  B100608(7) = B100608_7__b0 + 2*B100608_7__b1 + 4*B100608_7__b2
  B100623(7) = B100623_7__b0 + 2*B100623_7__b1 + 4*B100623_7__b2
  B101029(7) = B101029_7__b0 + 2*B101029_7__b1 + 4*B101029_7__b2
  B101035(7) = B101035_7__b0 + 2*B101035_7__b1 + 4*B101035_7__b2
  B101037(7) = B101037_7__b0 + 2*B101037_7__b1 + 4*B101037_7__b2
  B101043(7) = B101043_7__b0 + 2*B101043_7__b1 + 4*B101043_7__b2
  B101058(7) = B101058_7__b0 + 2*B101058_7__b1 + 4*B101058_7__b2
[expanded] A_binary=[[1, 2, 4, 1, 2, 4, 1, 2, 4, 0, 0, 0, 1, 2, 4, 1, 2, 4, 1, 2, 4, 1, 2, 4, 0, 0, 0, 1, 2, 4], [0, 0, 0, 1, 2, 4, 0, 0, 0, 1, 2, 4, 0, 0, 0, 0, 0, 0, 1, 2, 4, 0, 0, 0, 1, 2, 4, 0, 0, 0], [1, 2, 4, 1, 2, 4, 1, 2, 4, 1, 2, 4, 0, 0, 0, 1, 2, 4, 1, 2, 4, 1, 2, 4, 1, 2, 4, 0, 0, 0]] b=[1, 1, 1]
[expanded] lin_constr_mtx=[[1, 2, 4, 1, 2, 4, 1, 2, 4, 0, 0, 0, 1, 2, 4, 1, 2, 4, 1, 2, 4, 1, 2, 4, 0, 0, 0, 1, 2, 4, 1], [0, 0, 0, 1, 2, 4, 0, 0, 0, 1, 2, 4, 0, 0, 0, 0, 0, 0, 1, 2, 4, 0, 0, 0, 1, 2, 4, 0, 0, 0, 1], [1, 2, 4, 1, 2, 4, 1, 2, 4, 1, 2, 4, 0, 0, 0, 1, 2, 4, 1, 2, 4, 1, 2, 4, 1, 2, 4, 0, 0, 0, 1]]
Set parameter Username
[classical] objective=296734000.0 solution={'B100594(7)': 0, 'B100600(7)': 0, 'B100602(7)': 0, 'B100608(7)': 1, 'B100623(7)': 0, 'B101029(7)': 0, 'B101035(7)': 0, 'B101037(7)': 0, 'B101043(7)': 0, 'B101058(7)': 1}
[circuit] metrics=[375, 62, 184, 527]
[solve] start
[solve] states=[[1, 0, 1, 1, 1, 0, 1, 1, 0, 1, 1, 0, 0, 0, 0, 1, 1, 0, 1, 1, 0, 1, 1, 0, 1, 0, 0, 1, 0, 0], [1, 1, 0, 0, 0, 0, 1, 1, 0, 1, 1, 0, 0, 0, 0, 1, 1, 0, 1, 1, 0, 1, 1, 0, 1, 0, 0, 1, 0, 0], [1, 1, 0, 1, 1, 0, 1, 1, 0, 1, 1, 0, 0, 0, 0, 1, 0, 1, 1, 1, 0, 1, 1, 0, 1, 0, 0, 1, 0, 0], [1, 1, 0, 1, 1, 0, 1, 1, 0, 1, 1, 0, 0, 0, 0, 1, 1, 0, 0, 0, 0, 1, 1, 0, 1, 0, 0, 1, 0, 0], [1, 1, 0, 1, 1, 0, 1, 1, 0, 1, 1, 0, 0, 0, 0, 1, 1, 0, 1, 1, 0, 1, 1, 0, 1, 0, 0, 1, 0, 0]]
[solve] probs=[0.00390625, 0.00390625, 0.0078125, 0.0078125, 0.9765625]
[choco-best] objective=None probability=None solution=None
[parallel 241/274] path=data/miplib_benders/qaoa_problems/nvars_10/supportcase6_ds_qaoa_c726_c733_0001.json status=ok wall=1685.2045514259953 peak_mb=435.14453125 choco_obj=
[problem] supportcase6_ds_qaoa_c726_c733_c745_0003 path=data/miplib_benders/qaoa_problems/nvars_10/supportcase6_ds_qaoa_c726_c733_c745_0003.json
[input] n_int=10 n_bin=30 n_constr=3
[input] A=[[1, 1, 0, 1, 1, 1, 1, 0, 1, 1], [1, 0, 1, 0, 0, 1, 0, 1, 0, 0], [1, 1, 1, 0, 1, 1, 1, 1, 0, 1]] b=[1, 1, 1] c=[134333000, 145944000, 144887000, 151847000, 150892000, 134333000, 145944000, 144887000, 151847000, 150892000]
[encoding]
  B100600(7) = B100600_7__b0 + 2*B100600_7__b1 + 4*B100600_7__b2
  B100602(7) = B100602_7__b0 + 2*B100602_7__b1 + 4*B100602_7__b2
  B100608(7) = B100608_7__b0 + 2*B100608_7__b1 + 4*B100608_7__b2
  B100623(7) = B100623_7__b0 + 2*B100623_7__b1 + 4*B100623_7__b2
  B101029(7) = B101029_7__b0 + 2*B101029_7__b1 + 4*B101029_7__b2
  B101035(7) = B101035_7__b0 + 2*B101035_7__b1 + 4*B101035_7__b2
  B101037(7) = B101037_7__b0 + 2*B101037_7__b1 + 4*B101037_7__b2
  B101043(7) = B101043_7__b0 + 2*B101043_7__b1 + 4*B101043_7__b2
  B101058(7) = B101058_7__b0 + 2*B101058_7__b1 + 4*B101058_7__b2
  B101479(7) = B101479_7__b0 + 2*B101479_7__b1 + 4*B101479_7__b2
[expanded] A_binary=[[1, 2, 4, 1, 2, 4, 0, 0, 0, 1, 2, 4, 1, 2, 4, 1, 2, 4, 1, 2, 4, 0, 0, 0, 1, 2, 4, 1, 2, 4], [1, 2, 4, 0, 0, 0, 1, 2, 4, 0, 0, 0, 0, 0, 0, 1, 2, 4, 0, 0, 0, 1, 2, 4, 0, 0, 0, 0, 0, 0], [1, 2, 4, 1, 2, 4, 1, 2, 4, 0, 0, 0, 1, 2, 4, 1, 2, 4, 1, 2, 4, 1, 2, 4, 0, 0, 0, 1, 2, 4]] b=[1, 1, 1]
[expanded] lin_constr_mtx=[[1, 2, 4, 1, 2, 4, 0, 0, 0, 1, 2, 4, 1, 2, 4, 1, 2, 4, 1, 2, 4, 0, 0, 0, 1, 2, 4, 1, 2, 4, 1], [1, 2, 4, 0, 0, 0, 1, 2, 4, 0, 0, 0, 0, 0, 0, 1, 2, 4, 0, 0, 0, 1, 2, 4, 0, 0, 0, 0, 0, 0, 1], [1, 2, 4, 1, 2, 4, 1, 2, 4, 0, 0, 0, 1, 2, 4, 1, 2, 4, 1, 2, 4, 1, 2, 4, 0, 0, 0, 1, 2, 4, 1]]
Set parameter Username
[classical] objective=296734000.0 solution={'B100600(7)': 0, 'B100602(7)': 0, 'B100608(7)': 1, 'B100623(7)': 0, 'B101029(7)': 0, 'B101035(7)': 0, 'B101037(7)': 0, 'B101043(7)': 0, 'B101058(7)': 1, 'B101479(7)': 0}
[circuit] metrics=[375, 62, 184, 527]
[solve] start
[solve] states=[[1, 0, 1, 1, 1, 0, 1, 1, 0, 1, 1, 0, 1, 1, 0, 1, 1, 0, 1, 1, 0, 1, 1, 0, 1, 0, 0, 1, 1, 0], [1, 1, 0, 1, 0, 1, 0, 0, 0, 1, 1, 0, 1, 1, 0, 1, 1, 0, 1, 1, 0, 1, 1, 0, 1, 0, 0, 1, 1, 0], [1, 1, 0, 1, 0, 1, 1, 1, 0, 1, 1, 0, 1, 1, 0, 0, 0, 0, 1, 1, 0, 1, 1, 0, 1, 0, 0, 1, 1, 0], [1, 1, 0, 1, 0, 1, 1, 1, 0, 1, 1, 0, 1, 1, 0, 1, 1, 0, 1, 1, 0, 1, 1, 0, 1, 0, 0, 1, 1, 0], [1, 1, 0, 1, 1, 0, 0, 0, 0, 1, 1, 0, 1, 1, 0, 0, 0, 0, 1, 1, 0, 1, 1, 0, 1, 0, 0, 1, 1, 0], [1, 1, 0, 1, 1, 0, 1, 0, 1, 1, 1, 0, 1, 1, 0, 1, 1, 0, 1, 0, 1, 1, 0, 1, 1, 0, 0, 1, 1, 0], [1, 1, 0, 1, 1, 0, 1, 0, 1, 1, 1, 0, 1, 1, 0, 1, 1, 0, 1, 1, 0, 1, 1, 0, 1, 0, 0, 1, 1, 0], [1, 1, 0, 1, 1, 0, 1, 1, 0, 1, 0, 1, 1, 1, 0, 1, 1, 0, 1, 1, 0, 1, 1, 0, 1, 0, 0, 1, 1, 0], [1, 1, 0, 1, 1, 0, 1, 1, 0, 1, 1, 0, 0, 0, 0, 1, 1, 0, 1, 1, 0, 1, 1, 0, 1, 0, 0, 1, 1, 0], [1, 1, 0, 1, 1, 0, 1, 1, 0, 1, 1, 0, 1, 0, 0, 1, 1, 0, 0, 1, 0, 1, 1, 0, 1, 0, 0, 1, 1, 0], [1, 1, 0, 1, 1, 0, 1, 1, 0, 1, 1, 0, 1, 0, 1, 1, 1, 0, 1, 1, 0, 1, 1, 0, 1, 0, 0, 1, 1, 0], [1, 1, 0, 1, 1, 0, 1, 1, 0, 1, 1, 0, 1, 1, 0, 0, 0, 0, 0, 0, 0, 1, 1, 0, 1, 0, 0, 1, 1, 0], [1, 1, 0, 1, 1, 0, 1, 1, 0, 1, 1, 0, 1, 1, 0, 0, 0, 0, 1, 1, 0, 1, 1, 0, 1, 0, 0, 1, 1, 0], [1, 1, 0, 1, 1, 0, 1, 1, 0, 1, 1, 0, 1, 1, 0, 1, 0, 1, 1, 0, 1, 1, 1, 0, 1, 0, 0, 1, 1, 0], [1, 1, 0, 1, 1, 0, 1, 1, 0, 1, 1, 0, 1, 1, 0, 1, 0, 1, 1, 1, 0, 1, 1, 0, 1, 0, 0, 1, 1, 0], [1, 1, 0, 1, 1, 0, 1, 1, 0, 1, 1, 0, 1, 1, 0, 1, 1, 0, 0, 0, 0, 1, 1, 0, 1, 0, 0, 1, 1, 0], [1, 1, 0, 1, 1, 0, 1, 1, 0, 1, 1, 0, 1, 1, 0, 1, 1, 0, 1, 0, 1, 1, 1, 0, 1, 0, 0, 1, 1, 0], [1, 1, 0, 1, 1, 0, 1, 1, 0, 1, 1, 0, 1, 1, 0, 1, 1, 0, 1, 1, 0, 0, 0, 0, 1, 0, 0, 1, 1, 0], [1, 1, 0, 1, 1, 0, 1, 1, 0, 1, 1, 0, 1, 1, 0, 1, 1, 0, 1, 1, 0, 1, 0, 1, 1, 0, 0, 1, 1, 0], [1, 1, 0, 1, 1, 0, 1, 1, 0, 1, 1, 0, 1, 1, 0, 1, 1, 0, 1, 1, 0, 1, 1, 0, 1, 0, 0, 0, 0, 0], [1, 1, 0, 1, 1, 0, 1, 1, 0, 1, 1, 0, 1, 1, 0, 1, 1, 0, 1, 1, 0, 1, 1, 0, 1, 0, 0, 1, 0, 1], [1, 1, 0, 1, 1, 0, 1, 1, 0, 1, 1, 0, 1, 1, 0, 1, 1, 0, 1, 1, 0, 1, 1, 0, 1, 0, 0, 1, 1, 0]]
[solve] probs=[0.00390625, 0.0078125, 0.00390625, 0.015625, 0.00390625, 0.00390625, 0.00390625, 0.015625, 0.0078125, 0.00390625, 0.01953125, 0.00390625, 0.00390625, 0.00390625, 0.0234375, 0.00390625, 0.01953125, 0.01171875, 0.01171875, 0.0078125, 0.0234375, 0.796875]
[choco-best] objective=None probability=None solution=None
[parallel 242/274] path=data/miplib_benders/qaoa_problems/nvars_10/supportcase6_ds_qaoa_c722_c726_c733_0005.json status=ok wall=2817.1715134840924 peak_mb=421.57421875 choco_obj=
[problem] supportcase6_ds_qaoa_c726_c733_c745_0004 path=data/miplib_benders/qaoa_problems/nvars_10/supportcase6_ds_qaoa_c726_c733_c745_0004.json
[input] n_int=10 n_bin=30 n_constr=3
[input] A=[[1, 0, 1, 1, 1, 1, 0, 1, 1, 1], [0, 1, 0, 0, 1, 0, 1, 0, 0, 1], [1, 1, 0, 1, 1, 1, 1, 0, 1, 1]] b=[1, 1, 1] c=[145944000, 144887000, 151847000, 150892000, 134333000, 145944000, 144887000, 151847000, 150892000, 134333000]
[encoding]
  B100602(7) = B100602_7__b0 + 2*B100602_7__b1 + 4*B100602_7__b2
  B100608(7) = B100608_7__b0 + 2*B100608_7__b1 + 4*B100608_7__b2
  B100623(7) = B100623_7__b0 + 2*B100623_7__b1 + 4*B100623_7__b2
  B101029(7) = B101029_7__b0 + 2*B101029_7__b1 + 4*B101029_7__b2
  B101035(7) = B101035_7__b0 + 2*B101035_7__b1 + 4*B101035_7__b2
  B101037(7) = B101037_7__b0 + 2*B101037_7__b1 + 4*B101037_7__b2
  B101043(7) = B101043_7__b0 + 2*B101043_7__b1 + 4*B101043_7__b2
  B101058(7) = B101058_7__b0 + 2*B101058_7__b1 + 4*B101058_7__b2
  B101479(7) = B101479_7__b0 + 2*B101479_7__b1 + 4*B101479_7__b2
  B101485(7) = B101485_7__b0 + 2*B101485_7__b1 + 4*B101485_7__b2
[expanded] A_binary=[[1, 2, 4, 0, 0, 0, 1, 2, 4, 1, 2, 4, 1, 2, 4, 1, 2, 4, 0, 0, 0, 1, 2, 4, 1, 2, 4, 1, 2, 4], [0, 0, 0, 1, 2, 4, 0, 0, 0, 0, 0, 0, 1, 2, 4, 0, 0, 0, 1, 2, 4, 0, 0, 0, 0, 0, 0, 1, 2, 4], [1, 2, 4, 1, 2, 4, 0, 0, 0, 1, 2, 4, 1, 2, 4, 1, 2, 4, 1, 2, 4, 0, 0, 0, 1, 2, 4, 1, 2, 4]] b=[1, 1, 1]
[expanded] lin_constr_mtx=[[1, 2, 4, 0, 0, 0, 1, 2, 4, 1, 2, 4, 1, 2, 4, 1, 2, 4, 0, 0, 0, 1, 2, 4, 1, 2, 4, 1, 2, 4, 1], [0, 0, 0, 1, 2, 4, 0, 0, 0, 0, 0, 0, 1, 2, 4, 0, 0, 0, 1, 2, 4, 0, 0, 0, 0, 0, 0, 1, 2, 4, 1], [1, 2, 4, 1, 2, 4, 0, 0, 0, 1, 2, 4, 1, 2, 4, 1, 2, 4, 1, 2, 4, 0, 0, 0, 1, 2, 4, 1, 2, 4, 1]]
Set parameter Username
[classical] objective=296734000.0 solution={'B100602(7)': 0, 'B100608(7)': 1, 'B100623(7)': 0, 'B101029(7)': 0, 'B101035(7)': 0, 'B101037(7)': 0, 'B101043(7)': 0, 'B101058(7)': 1, 'B101479(7)': 0, 'B101485(7)': 0}
[circuit] metrics=[375, 62, 184, 522]
[solve] start
[solve] states=[[1, 0, 0, 1, 0, 1, 1, 0, 1, 1, 1, 0, 1, 0, 0, 1, 1, 0, 1, 0, 1, 0, 0, 0, 1, 1, 0, 0, 0, 0], [1, 0, 0, 1, 1, 0, 1, 1, 0, 0, 0, 0, 1, 0, 0, 1, 1, 0, 1, 1, 0, 1, 1, 0, 1, 1, 0, 0, 0, 0], [1, 0, 0, 1, 1, 0, 1, 1, 0, 1, 1, 0, 1, 0, 0, 1, 1, 0, 1, 0, 1, 1, 1, 0, 1, 1, 0, 0, 0, 0], [1, 0, 0, 1, 1, 0, 1, 1, 0, 1, 1, 0, 1, 0, 0, 1, 1, 0, 1, 1, 0, 0, 0, 0, 1, 1, 0, 0, 0, 0], [1, 0, 1, 1, 1, 0, 1, 0, 1, 1, 1, 0, 0, 0, 0, 1, 1, 0, 1, 1, 0, 1, 0, 0, 1, 1, 0, 0, 0, 0], [1, 0, 1, 1, 1, 0, 1, 1, 0, 0, 0, 0, 0, 0, 0, 1, 1, 0, 1, 0, 1, 1, 0, 0, 1, 1, 0, 0, 0, 0], [1, 0, 1, 1, 1, 0, 1, 1, 0, 1, 1, 0, 0, 0, 0, 1, 1, 0, 1, 1, 0, 1, 0, 0, 1, 1, 0, 0, 0, 0], [1, 1, 0, 1, 0, 1, 1, 1, 0, 0, 0, 0, 0, 0, 0, 1, 1, 0, 1, 1, 0, 1, 0, 0, 1, 1, 0, 0, 0, 0], [1, 1, 0, 1, 0, 1, 1, 1, 0, 1, 1, 0, 0, 0, 0, 1, 1, 0, 0, 0, 0, 1, 0, 0, 1, 1, 0, 0, 0, 0], [1, 1, 0, 1, 0, 1, 1, 1, 0, 1, 1, 0, 0, 0, 0, 1, 1, 0, 1, 1, 0, 1, 0, 0, 0, 0, 0, 0, 0, 0], [1, 1, 0, 1, 0, 1, 1, 1, 0, 1, 1, 0, 0, 0, 0, 1, 1, 0, 1, 1, 0, 1, 0, 0, 1, 1, 0, 0, 0, 0], [1, 1, 0, 1, 1, 0, 0, 1, 0, 1, 1, 0, 0, 0, 0, 1, 0, 0, 1, 1, 0, 1, 0, 0, 1, 1, 0, 1, 0, 0], [1, 1, 0, 1, 1, 0, 1, 0, 0, 1, 1, 0, 0, 0, 0, 1, 1, 0, 1, 1, 0, 0, 0, 0, 0, 0, 0, 0, 0, 0], [1, 1, 0, 1, 1, 0, 1, 0, 1, 0, 0, 0, 0, 0, 0, 1, 1, 0, 1, 1, 0, 1, 0, 0, 1, 1, 0, 0, 0, 0], [1, 1, 0, 1, 1, 0, 1, 0, 1, 1, 0, 1, 0, 0, 0, 1, 1, 0, 1, 1, 0, 1, 0, 0, 1, 1, 0, 0, 0, 0], [1, 1, 0, 1, 1, 0, 1, 0, 1, 1, 1, 0, 0, 0, 0, 0, 0, 0, 1, 1, 0, 1, 0, 0, 1, 1, 0, 0, 0, 0], [1, 1, 0, 1, 1, 0, 1, 0, 1, 1, 1, 0, 0, 0, 0, 1, 0, 1, 1, 1, 0, 1, 0, 0, 1, 1, 0, 0, 0, 0], [1, 1, 0, 1, 1, 0, 1, 0, 1, 1, 1, 0, 0, 0, 0, 1, 1, 0, 1, 1, 0, 1, 0, 0, 1, 1, 0, 0, 0, 0], [1, 1, 0, 1, 1, 0, 1, 1, 0, 0, 0, 0, 0, 0, 0, 0, 0, 0, 1, 1, 0, 1, 0, 0, 1, 1, 0, 0, 0, 0], [1, 1, 0, 1, 1, 0, 1, 1, 0, 0, 0, 0, 0, 0, 0, 1, 0, 1, 1, 1, 0, 1, 0, 0, 1, 1, 0, 0, 0, 0], [1, 1, 0, 1, 1, 0, 1, 1, 0, 0, 0, 0, 0, 0, 0, 1, 1, 0, 1, 1, 0, 1, 0, 0, 1, 0, 1, 0, 0, 0], [1, 1, 0, 1, 1, 0, 1, 1, 0, 0, 0, 0, 0, 0, 0, 1, 1, 0, 1, 1, 0, 1, 0, 0, 1, 1, 0, 0, 0, 0], [1, 1, 0, 1, 1, 0, 1, 1, 0, 1, 0, 0, 0, 0, 0, 1, 1, 0, 0, 1, 0, 1, 0, 0, 1, 1, 0, 0, 0, 0], [1, 1, 0, 1, 1, 0, 1, 1, 0, 1, 0, 1, 0, 0, 0, 1, 1, 0, 1, 0, 1, 1, 0, 0, 1, 1, 0, 0, 0, 0], [1, 1, 0, 1, 1, 0, 1, 1, 0, 1, 0, 1, 0, 0, 0, 1, 1, 0, 1, 1, 0, 1, 0, 0, 0, 0, 0, 0, 0, 0], [1, 1, 0, 1, 1, 0, 1, 1, 0, 1, 0, 1, 0, 0, 0, 1, 1, 0, 1, 1, 0, 1, 0, 0, 1, 0, 1, 0, 0, 0], [1, 1, 0, 1, 1, 0, 1, 1, 0, 1, 0, 1, 0, 0, 0, 1, 1, 0, 1, 1, 0, 1, 0, 0, 1, 1, 0, 0, 0, 0], [1, 1, 0, 1, 1, 0, 1, 1, 0, 1, 1, 0, 0, 0, 0, 0, 0, 0, 1, 0, 1, 1, 0, 0, 1, 1, 0, 0, 0, 0], [1, 1, 0, 1, 1, 0, 1, 1, 0, 1, 1, 0, 0, 0, 0, 0, 0, 0, 1, 1, 0, 1, 0, 0, 1, 1, 0, 0, 0, 0], [1, 1, 0, 1, 1, 0, 1, 1, 0, 1, 1, 0, 0, 0, 0, 1, 0, 1, 0, 0, 0, 1, 0, 0, 1, 1, 0, 0, 0, 0], [1, 1, 0, 1, 1, 0, 1, 1, 0, 1, 1, 0, 0, 0, 0, 1, 0, 1, 1, 1, 0, 1, 0, 0, 0, 0, 0, 0, 0, 0], [1, 1, 0, 1, 1, 0, 1, 1, 0, 1, 1, 0, 0, 0, 0, 1, 0, 1, 1, 1, 0, 1, 0, 0, 1, 1, 0, 0, 0, 0], [1, 1, 0, 1, 1, 0, 1, 1, 0, 1, 1, 0, 0, 0, 0, 1, 1, 0, 0, 0, 0, 1, 0, 0, 0, 0, 0, 0, 0, 0], [1, 1, 0, 1, 1, 0, 1, 1, 0, 1, 1, 0, 0, 0, 0, 1, 1, 0, 0, 0, 0, 1, 0, 0, 1, 1, 0, 0, 0, 0], [1, 1, 0, 1, 1, 0, 1, 1, 0, 1, 1, 0, 0, 0, 0, 1, 1, 0, 1, 0, 0, 1, 0, 0, 0, 1, 0, 0, 0, 0], [1, 1, 0, 1, 1, 0, 1, 1, 0, 1, 1, 0, 0, 0, 0, 1, 1, 0, 1, 0, 1, 1, 0, 0, 1, 0, 1, 0, 0, 0], [1, 1, 0, 1, 1, 0, 1, 1, 0, 1, 1, 0, 0, 0, 0, 1, 1, 0, 1, 0, 1, 1, 0, 0, 1, 1, 0, 0, 0, 0], [1, 1, 0, 1, 1, 0, 1, 1, 0, 1, 1, 0, 0, 0, 0, 1, 1, 0, 1, 1, 0, 1, 0, 0, 0, 0, 0, 0, 0, 0], [1, 1, 0, 1, 1, 0, 1, 1, 0, 1, 1, 0, 0, 0, 0, 1, 1, 0, 1, 1, 0, 1, 0, 0, 1, 0, 1, 0, 0, 0], [1, 1, 0, 1, 1, 0, 1, 1, 0, 1, 1, 0, 0, 0, 0, 1, 1, 0, 1, 1, 0, 1, 0, 0, 1, 1, 0, 0, 0, 0]]
[solve] probs=[0.00390625, 0.00390625, 0.00390625, 0.00390625, 0.00390625, 0.00390625, 0.01953125, 0.00390625, 0.00390625, 0.00390625, 0.01171875, 0.00390625, 0.00390625, 0.0078125, 0.00390625, 0.00390625, 0.00390625, 0.0234375, 0.00390625, 0.00390625, 0.0078125, 0.02734375, 0.0078125, 0.00390625, 0.00390625, 0.00390625, 0.03515625, 0.00390625, 0.0234375, 0.0078125, 0.00390625, 0.03515625, 0.00390625, 0.0234375, 0.00390625, 0.00390625, 0.0390625, 0.02734375, 0.02734375, 0.58203125]
[choco-best] objective=None probability=None solution=None
[parallel 243/274] path=data/miplib_benders/qaoa_problems/nvars_10/supportcase6_ds_qaoa_c726_c733_c745_0001.json status=ok wall=2397.833239324973 peak_mb=437.08984375 choco_obj=
[problem] supportcase6_ds_qaoa_c726_c733_c745_0005 path=data/miplib_benders/qaoa_problems/nvars_10/supportcase6_ds_qaoa_c726_c733_c745_0005.json
[input] n_int=10 n_bin=30 n_constr=3
[input] A=[[0, 1, 1, 1, 1, 0, 1, 1, 1, 1], [1, 0, 0, 1, 0, 1, 0, 0, 1, 0], [1, 0, 1, 1, 1, 1, 0, 1, 1, 1]] b=[1, 1, 1] c=[144887000, 151847000, 150892000, 134333000, 145944000, 144887000, 151847000, 150892000, 134333000, 145944000]
[encoding]
  B100608(7) = B100608_7__b0 + 2*B100608_7__b1 + 4*B100608_7__b2
  B100623(7) = B100623_7__b0 + 2*B100623_7__b1 + 4*B100623_7__b2
  B101029(7) = B101029_7__b0 + 2*B101029_7__b1 + 4*B101029_7__b2
  B101035(7) = B101035_7__b0 + 2*B101035_7__b1 + 4*B101035_7__b2
  B101037(7) = B101037_7__b0 + 2*B101037_7__b1 + 4*B101037_7__b2
  B101043(7) = B101043_7__b0 + 2*B101043_7__b1 + 4*B101043_7__b2
  B101058(7) = B101058_7__b0 + 2*B101058_7__b1 + 4*B101058_7__b2
  B101479(7) = B101479_7__b0 + 2*B101479_7__b1 + 4*B101479_7__b2
  B101485(7) = B101485_7__b0 + 2*B101485_7__b1 + 4*B101485_7__b2
  B101487(7) = B101487_7__b0 + 2*B101487_7__b1 + 4*B101487_7__b2
[expanded] A_binary=[[0, 0, 0, 1, 2, 4, 1, 2, 4, 1, 2, 4, 1, 2, 4, 0, 0, 0, 1, 2, 4, 1, 2, 4, 1, 2, 4, 1, 2, 4], [1, 2, 4, 0, 0, 0, 0, 0, 0, 1, 2, 4, 0, 0, 0, 1, 2, 4, 0, 0, 0, 0, 0, 0, 1, 2, 4, 0, 0, 0], [1, 2, 4, 0, 0, 0, 1, 2, 4, 1, 2, 4, 1, 2, 4, 1, 2, 4, 0, 0, 0, 1, 2, 4, 1, 2, 4, 1, 2, 4]] b=[1, 1, 1]
[expanded] lin_constr_mtx=[[0, 0, 0, 1, 2, 4, 1, 2, 4, 1, 2, 4, 1, 2, 4, 0, 0, 0, 1, 2, 4, 1, 2, 4, 1, 2, 4, 1, 2, 4, 1], [1, 2, 4, 0, 0, 0, 0, 0, 0, 1, 2, 4, 0, 0, 0, 1, 2, 4, 0, 0, 0, 0, 0, 0, 1, 2, 4, 0, 0, 0, 1], [1, 2, 4, 0, 0, 0, 1, 2, 4, 1, 2, 4, 1, 2, 4, 1, 2, 4, 0, 0, 0, 1, 2, 4, 1, 2, 4, 1, 2, 4, 1]]
Set parameter Username
[classical] objective=296734000.0 solution={'B100608(7)': 1, 'B100623(7)': 0, 'B101029(7)': 0, 'B101035(7)': 0, 'B101037(7)': 0, 'B101043(7)': 0, 'B101058(7)': 1, 'B101479(7)': 0, 'B101485(7)': 0, 'B101487(7)': 0}
[circuit] metrics=[375, 62, 184, 522]
[solve] start
[solve] states=[[1, 0, 1, 1, 1, 0, 1, 1, 0, 1, 1, 0, 0, 0, 0, 1, 1, 0, 1, 1, 0, 1, 1, 0, 1, 0, 0, 1, 0, 0], [1, 1, 0, 1, 0, 1, 1, 1, 0, 1, 0, 1, 0, 0, 0, 1, 1, 0, 1, 1, 0, 1, 1, 0, 1, 0, 0, 1, 0, 0], [1, 1, 0, 1, 0, 1, 1, 1, 0, 1, 1, 0, 0, 0, 0, 1, 1, 0, 1, 1, 0, 1, 1, 0, 1, 0, 0, 1, 0, 0], [1, 1, 0, 1, 1, 0, 0, 0, 0, 1, 0, 1, 0, 0, 0, 1, 1, 0, 1, 1, 0, 1, 1, 0, 1, 0, 0, 1, 0, 0], [1, 1, 0, 1, 1, 0, 0, 0, 0, 1, 1, 0, 0, 0, 0, 1, 1, 0, 1, 1, 0, 1, 1, 0, 1, 0, 0, 1, 0, 0], [1, 1, 0, 1, 1, 0, 1, 0, 0, 1, 1, 0, 0, 0, 0, 0, 1, 0, 1, 1, 0, 1, 1, 0, 1, 0, 0, 1, 0, 0], [1, 1, 0, 1, 1, 0, 1, 0, 1, 1, 1, 0, 0, 0, 0, 1, 1, 0, 1, 1, 0, 1, 1, 0, 1, 0, 0, 1, 0, 0], [1, 1, 0, 1, 1, 0, 1, 1, 0, 1, 0, 1, 0, 0, 0, 0, 0, 0, 1, 1, 0, 1, 1, 0, 1, 0, 0, 1, 0, 0], [1, 1, 0, 1, 1, 0, 1, 1, 0, 1, 0, 1, 0, 0, 0, 1, 1, 0, 1, 1, 0, 1, 1, 0, 1, 0, 0, 1, 0, 0], [1, 1, 0, 1, 1, 0, 1, 1, 0, 1, 1, 0, 0, 0, 0, 0, 0, 0, 1, 1, 0, 1, 1, 0, 1, 0, 0, 1, 0, 0], [1, 1, 0, 1, 1, 0, 1, 1, 0, 1, 1, 0, 0, 0, 0, 1, 0, 1, 1, 1, 0, 1, 1, 0, 1, 0, 0, 1, 0, 0], [1, 1, 0, 1, 1, 0, 1, 1, 0, 1, 1, 0, 0, 0, 0, 1, 1, 0, 0, 0, 0, 1, 1, 0, 1, 0, 0, 1, 0, 0], [1, 1, 0, 1, 1, 0, 1, 1, 0, 1, 1, 0, 0, 0, 0, 1, 1, 0, 1, 0, 1, 1, 1, 0, 1, 0, 0, 1, 0, 0], [1, 1, 0, 1, 1, 0, 1, 1, 0, 1, 1, 0, 0, 0, 0, 1, 1, 0, 1, 1, 0, 0, 0, 0, 1, 0, 0, 1, 0, 0], [1, 1, 0, 1, 1, 0, 1, 1, 0, 1, 1, 0, 0, 0, 0, 1, 1, 0, 1, 1, 0, 1, 0, 1, 1, 0, 0, 1, 0, 0], [1, 1, 0, 1, 1, 0, 1, 1, 0, 1, 1, 0, 0, 0, 0, 1, 1, 0, 1, 1, 0, 1, 1, 0, 1, 0, 0, 1, 0, 0]]
[solve] probs=[0.0078125, 0.00390625, 0.0078125, 0.00390625, 0.0078125, 0.00390625, 0.0078125, 0.00390625, 0.0078125, 0.0078125, 0.01953125, 0.01171875, 0.00390625, 0.01953125, 0.01171875, 0.87109375]
[choco-best] objective=None probability=None solution=None
[parallel 244/274] path=data/miplib_benders/qaoa_problems/nvars_10/supportcase6_ds_qaoa_c726_c733_c745_0002.json status=ok wall=2976.131163924001 peak_mb=435.87109375 choco_obj=
[problem] supportcase6_ds_qaoa_c733_c745_0001 path=data/miplib_benders/qaoa_problems/nvars_10/supportcase6_ds_qaoa_c733_c745_0001.json
[input] n_int=10 n_bin=30 n_constr=2
[input] A=[[0, 1, 0, 1, 0, 1, 0, 1, 0, 1], [1, 1, 1, 1, 1, 1, 1, 1, 1, 1]] b=[1, 1] c=[150892000, 134333000, 145944000, 144887000, 150892000, 134333000, 145944000, 144887000, 150892000, 134333000]
[encoding]
  B100594(7) = B100594_7__b0 + 2*B100594_7__b1 + 4*B100594_7__b2
  B100600(7) = B100600_7__b0 + 2*B100600_7__b1 + 4*B100600_7__b2
  B100602(7) = B100602_7__b0 + 2*B100602_7__b1 + 4*B100602_7__b2
  B100608(7) = B100608_7__b0 + 2*B100608_7__b1 + 4*B100608_7__b2
  B101029(7) = B101029_7__b0 + 2*B101029_7__b1 + 4*B101029_7__b2
  B101035(7) = B101035_7__b0 + 2*B101035_7__b1 + 4*B101035_7__b2
  B101037(7) = B101037_7__b0 + 2*B101037_7__b1 + 4*B101037_7__b2
  B101043(7) = B101043_7__b0 + 2*B101043_7__b1 + 4*B101043_7__b2
  B101479(7) = B101479_7__b0 + 2*B101479_7__b1 + 4*B101479_7__b2
  B101485(7) = B101485_7__b0 + 2*B101485_7__b1 + 4*B101485_7__b2
[expanded] A_binary=[[0, 0, 0, 1, 2, 4, 0, 0, 0, 1, 2, 4, 0, 0, 0, 1, 2, 4, 0, 0, 0, 1, 2, 4, 0, 0, 0, 1, 2, 4], [1, 2, 4, 1, 2, 4, 1, 2, 4, 1, 2, 4, 1, 2, 4, 1, 2, 4, 1, 2, 4, 1, 2, 4, 1, 2, 4, 1, 2, 4]] b=[1, 1]
[expanded] lin_constr_mtx=[[0, 0, 0, 1, 2, 4, 0, 0, 0, 1, 2, 4, 0, 0, 0, 1, 2, 4, 0, 0, 0, 1, 2, 4, 0, 0, 0, 1, 2, 4, 1], [1, 2, 4, 1, 2, 4, 1, 2, 4, 1, 2, 4, 1, 2, 4, 1, 2, 4, 1, 2, 4, 1, 2, 4, 1, 2, 4, 1, 2, 4, 1]]
Set parameter Username
[classical] objective=144887000.0 solution={'B100594(7)': 0, 'B100600(7)': 0, 'B100602(7)': 0, 'B100608(7)': 0, 'B101029(7)': 0, 'B101035(7)': 0, 'B101037(7)': 0, 'B101043(7)': 1, 'B101479(7)': 0, 'B101485(7)': 0}
[circuit] metrics=[189, 62, 84, 333]
[solve] start
[solve] states=[[1, 0, 1, 1, 1, 0, 1, 1, 0, 0, 0, 0, 0, 0, 0, 1, 1, 0, 1, 1, 0, 1, 0, 0, 1, 0, 0, 1, 1, 0], [1, 0, 1, 1, 1, 0, 1, 1, 0, 0, 0, 0, 1, 1, 0, 1, 1, 0, 1, 0, 1, 1, 0, 0, 1, 0, 0, 1, 1, 0], [1, 0, 1, 1, 1, 0, 1, 1, 0, 0, 0, 0, 1, 1, 0, 1, 1, 0, 1, 1, 0, 1, 0, 0, 1, 0, 0, 1, 1, 0], [1, 1, 0, 1, 0, 1, 1, 1, 0, 0, 0, 0, 1, 1, 0, 1, 1, 0, 1, 1, 0, 1, 0, 0, 1, 0, 0, 1, 1, 0], [1, 1, 0, 1, 1, 0, 1, 0, 0, 1, 0, 0, 1, 1, 0, 0, 1, 0, 1, 1, 0, 1, 0, 0, 1, 0, 0, 1, 1, 0], [1, 1, 0, 1, 1, 0, 1, 0, 1, 0, 0, 0, 1, 1, 0, 1, 1, 0, 1, 1, 0, 1, 0, 0, 1, 0, 0, 1, 1, 0], [1, 1, 0, 1, 1, 0, 1, 1, 0, 0, 0, 0, 0, 0, 0, 1, 1, 0, 1, 1, 0, 1, 0, 0, 1, 0, 0, 1, 1, 0], [1, 1, 0, 1, 1, 0, 1, 1, 0, 0, 0, 0, 1, 0, 0, 1, 1, 0, 0, 1, 0, 1, 0, 0, 1, 0, 0, 1, 1, 0], [1, 1, 0, 1, 1, 0, 1, 1, 0, 0, 0, 0, 1, 0, 1, 1, 1, 0, 1, 1, 0, 1, 0, 0, 1, 0, 0, 1, 1, 0], [1, 1, 0, 1, 1, 0, 1, 1, 0, 0, 0, 0, 1, 1, 0, 0, 0, 0, 1, 1, 0, 1, 0, 0, 1, 0, 0, 1, 1, 0], [1, 1, 0, 1, 1, 0, 1, 1, 0, 0, 0, 0, 1, 1, 0, 1, 0, 1, 1, 1, 0, 1, 0, 0, 1, 0, 0, 1, 1, 0], [1, 1, 0, 1, 1, 0, 1, 1, 0, 0, 0, 0, 1, 1, 0, 1, 1, 0, 0, 0, 0, 1, 0, 0, 1, 0, 0, 1, 1, 0], [1, 1, 0, 1, 1, 0, 1, 1, 0, 0, 0, 0, 1, 1, 0, 1, 1, 0, 1, 0, 1, 1, 0, 0, 1, 0, 0, 1, 0, 1], [1, 1, 0, 1, 1, 0, 1, 1, 0, 0, 0, 0, 1, 1, 0, 1, 1, 0, 1, 0, 1, 1, 0, 0, 1, 0, 0, 1, 1, 0], [1, 1, 0, 1, 1, 0, 1, 1, 0, 0, 0, 0, 1, 1, 0, 1, 1, 0, 1, 1, 0, 1, 0, 0, 1, 0, 0, 0, 0, 0], [1, 1, 0, 1, 1, 0, 1, 1, 0, 0, 0, 0, 1, 1, 0, 1, 1, 0, 1, 1, 0, 1, 0, 0, 1, 0, 0, 1, 0, 1], [1, 1, 0, 1, 1, 0, 1, 1, 0, 0, 0, 0, 1, 1, 0, 1, 1, 0, 1, 1, 0, 1, 0, 0, 1, 0, 0, 1, 1, 0]]
[solve] probs=[0.00390625, 0.00390625, 0.01953125, 0.01953125, 0.00390625, 0.0078125, 0.015625, 0.00390625, 0.0078125, 0.0234375, 0.0234375, 0.0078125, 0.00390625, 0.01171875, 0.0078125, 0.01171875, 0.82421875]
[choco-best] objective=None probability=None solution=None
[parallel 245/274] path=data/miplib_benders/qaoa_problems/nvars_10/supportcase6_ds_qaoa_c726_c733_c745_0003.json status=ok wall=3137.7519016370643 peak_mb=437.0078125 choco_obj=
[problem] supportcase6_ds_qaoa_c733_c745_0002 path=data/miplib_benders/qaoa_problems/nvars_10/supportcase6_ds_qaoa_c733_c745_0002.json
[input] n_int=10 n_bin=30 n_constr=2
[input] A=[[1, 0, 1, 0, 1, 0, 1, 0, 1, 0], [1, 1, 1, 1, 1, 1, 1, 1, 1, 1]] b=[1, 1] c=[134333000, 145944000, 144887000, 150892000, 134333000, 145944000, 144887000, 150892000, 134333000, 145944000]
[encoding]
  B100600(7) = B100600_7__b0 + 2*B100600_7__b1 + 4*B100600_7__b2
  B100602(7) = B100602_7__b0 + 2*B100602_7__b1 + 4*B100602_7__b2
  B100608(7) = B100608_7__b0 + 2*B100608_7__b1 + 4*B100608_7__b2
  B101029(7) = B101029_7__b0 + 2*B101029_7__b1 + 4*B101029_7__b2
  B101035(7) = B101035_7__b0 + 2*B101035_7__b1 + 4*B101035_7__b2
  B101037(7) = B101037_7__b0 + 2*B101037_7__b1 + 4*B101037_7__b2
  B101043(7) = B101043_7__b0 + 2*B101043_7__b1 + 4*B101043_7__b2
  B101479(7) = B101479_7__b0 + 2*B101479_7__b1 + 4*B101479_7__b2
  B101485(7) = B101485_7__b0 + 2*B101485_7__b1 + 4*B101485_7__b2
  B101487(7) = B101487_7__b0 + 2*B101487_7__b1 + 4*B101487_7__b2
[expanded] A_binary=[[1, 2, 4, 0, 0, 0, 1, 2, 4, 0, 0, 0, 1, 2, 4, 0, 0, 0, 1, 2, 4, 0, 0, 0, 1, 2, 4, 0, 0, 0], [1, 2, 4, 1, 2, 4, 1, 2, 4, 1, 2, 4, 1, 2, 4, 1, 2, 4, 1, 2, 4, 1, 2, 4, 1, 2, 4, 1, 2, 4]] b=[1, 1]
[expanded] lin_constr_mtx=[[1, 2, 4, 0, 0, 0, 1, 2, 4, 0, 0, 0, 1, 2, 4, 0, 0, 0, 1, 2, 4, 0, 0, 0, 1, 2, 4, 0, 0, 0, 1], [1, 2, 4, 1, 2, 4, 1, 2, 4, 1, 2, 4, 1, 2, 4, 1, 2, 4, 1, 2, 4, 1, 2, 4, 1, 2, 4, 1, 2, 4, 1]]
Set parameter Username
[classical] objective=144887000.0 solution={'B100600(7)': 0, 'B100602(7)': 0, 'B100608(7)': 0, 'B101029(7)': 0, 'B101035(7)': 0, 'B101037(7)': 0, 'B101043(7)': 1, 'B101479(7)': 0, 'B101485(7)': 0, 'B101487(7)': 0}
[circuit] metrics=[189, 62, 84, 333]
[solve] start
[solve] states=[[1, 0, 1, 1, 1, 0, 1, 1, 0, 1, 1, 0, 1, 1, 0, 1, 1, 0, 1, 1, 0, 1, 1, 0, 1, 1, 0, 1, 0, 0], [1, 1, 0, 1, 0, 1, 1, 1, 0, 1, 1, 0, 1, 1, 0, 1, 1, 0, 1, 1, 0, 1, 1, 0, 1, 1, 0, 1, 0, 0], [1, 1, 0, 1, 1, 0, 1, 0, 1, 1, 1, 0, 1, 1, 0, 1, 1, 0, 1, 1, 0, 1, 1, 0, 1, 1, 0, 1, 0, 0], [1, 1, 0, 1, 1, 0, 1, 1, 0, 0, 0, 0, 1, 1, 0, 1, 1, 0, 1, 1, 0, 1, 1, 0, 1, 1, 0, 1, 0, 0], [1, 1, 0, 1, 1, 0, 1, 1, 0, 1, 0, 1, 1, 1, 0, 1, 1, 0, 1, 1, 0, 1, 1, 0, 1, 1, 0, 1, 0, 0], [1, 1, 0, 1, 1, 0, 1, 1, 0, 1, 1, 0, 0, 0, 0, 1, 1, 0, 1, 1, 0, 1, 1, 0, 1, 1, 0, 1, 0, 0], [1, 1, 0, 1, 1, 0, 1, 1, 0, 1, 1, 0, 1, 0, 1, 1, 1, 0, 1, 1, 0, 1, 1, 0, 1, 1, 0, 1, 0, 0], [1, 1, 0, 1, 1, 0, 1, 1, 0, 1, 1, 0, 1, 1, 0, 0, 0, 0, 1, 1, 0, 1, 1, 0, 1, 1, 0, 1, 0, 0], [1, 1, 0, 1, 1, 0, 1, 1, 0, 1, 1, 0, 1, 1, 0, 1, 0, 1, 1, 1, 0, 1, 1, 0, 1, 1, 0, 1, 0, 0], [1, 1, 0, 1, 1, 0, 1, 1, 0, 1, 1, 0, 1, 1, 0, 1, 1, 0, 0, 0, 0, 1, 1, 0, 1, 1, 0, 1, 0, 0], [1, 1, 0, 1, 1, 0, 1, 1, 0, 1, 1, 0, 1, 1, 0, 1, 1, 0, 1, 0, 1, 0, 0, 0, 1, 1, 0, 1, 0, 0], [1, 1, 0, 1, 1, 0, 1, 1, 0, 1, 1, 0, 1, 1, 0, 1, 1, 0, 1, 0, 1, 1, 1, 0, 1, 1, 0, 1, 0, 0], [1, 1, 0, 1, 1, 0, 1, 1, 0, 1, 1, 0, 1, 1, 0, 1, 1, 0, 1, 1, 0, 0, 0, 0, 1, 1, 0, 1, 0, 0], [1, 1, 0, 1, 1, 0, 1, 1, 0, 1, 1, 0, 1, 1, 0, 1, 1, 0, 1, 1, 0, 1, 0, 1, 1, 1, 0, 1, 0, 0], [1, 1, 0, 1, 1, 0, 1, 1, 0, 1, 1, 0, 1, 1, 0, 1, 1, 0, 1, 1, 0, 1, 1, 0, 0, 0, 0, 1, 0, 0], [1, 1, 0, 1, 1, 0, 1, 1, 0, 1, 1, 0, 1, 1, 0, 1, 1, 0, 1, 1, 0, 1, 1, 0, 1, 0, 1, 1, 0, 0], [1, 1, 0, 1, 1, 0, 1, 1, 0, 1, 1, 0, 1, 1, 0, 1, 1, 0, 1, 1, 0, 1, 1, 0, 1, 1, 0, 1, 0, 0]]
[solve] probs=[0.00390625, 0.0078125, 0.00390625, 0.015625, 0.00390625, 0.0078125, 0.01171875, 0.00390625, 0.01171875, 0.0078125, 0.00390625, 0.00390625, 0.01171875, 0.01171875, 0.01953125, 0.00390625, 0.8671875]
[choco-best] objective=None probability=None solution=None
[parallel 246/274] path=data/miplib_benders/qaoa_problems/nvars_10/supportcase6_ds_qaoa_c726_c733_c745_0004.json status=ok wall=3575.640275817015 peak_mb=437.23046875 choco_obj=
[problem] supportcase6_ds_qaoa_c733_c745_c747_0001 path=data/miplib_benders/qaoa_problems/nvars_10/supportcase6_ds_qaoa_c733_c745_c747_0001.json
[input] n_int=10 n_bin=30 n_constr=3
[input] A=[[0, 0, 1, 0, 1, 0, 0, 1, 0, 1], [0, 1, 1, 1, 1, 0, 1, 1, 1, 1], [1, 1, 1, 1, 1, 1, 1, 1, 1, 1]] b=[1, 1, 1] c=[151847000, 150892000, 134333000, 145944000, 144887000, 151847000, 150892000, 134333000, 145944000, 144887000]
[encoding]
  B100166(7) = B100166_7__b0 + 2*B100166_7__b1 + 4*B100166_7__b2
  B100594(7) = B100594_7__b0 + 2*B100594_7__b1 + 4*B100594_7__b2
  B100600(7) = B100600_7__b0 + 2*B100600_7__b1 + 4*B100600_7__b2
  B100602(7) = B100602_7__b0 + 2*B100602_7__b1 + 4*B100602_7__b2
  B100608(7) = B100608_7__b0 + 2*B100608_7__b1 + 4*B100608_7__b2
  B100623(7) = B100623_7__b0 + 2*B100623_7__b1 + 4*B100623_7__b2
  B101029(7) = B101029_7__b0 + 2*B101029_7__b1 + 4*B101029_7__b2
  B101035(7) = B101035_7__b0 + 2*B101035_7__b1 + 4*B101035_7__b2
  B101037(7) = B101037_7__b0 + 2*B101037_7__b1 + 4*B101037_7__b2
  B101043(7) = B101043_7__b0 + 2*B101043_7__b1 + 4*B101043_7__b2
[expanded] A_binary=[[0, 0, 0, 0, 0, 0, 1, 2, 4, 0, 0, 0, 1, 2, 4, 0, 0, 0, 0, 0, 0, 1, 2, 4, 0, 0, 0, 1, 2, 4], [0, 0, 0, 1, 2, 4, 1, 2, 4, 1, 2, 4, 1, 2, 4, 0, 0, 0, 1, 2, 4, 1, 2, 4, 1, 2, 4, 1, 2, 4], [1, 2, 4, 1, 2, 4, 1, 2, 4, 1, 2, 4, 1, 2, 4, 1, 2, 4, 1, 2, 4, 1, 2, 4, 1, 2, 4, 1, 2, 4]] b=[1, 1, 1]
[expanded] lin_constr_mtx=[[0, 0, 0, 0, 0, 0, 1, 2, 4, 0, 0, 0, 1, 2, 4, 0, 0, 0, 0, 0, 0, 1, 2, 4, 0, 0, 0, 1, 2, 4, 1], [0, 0, 0, 1, 2, 4, 1, 2, 4, 1, 2, 4, 1, 2, 4, 0, 0, 0, 1, 2, 4, 1, 2, 4, 1, 2, 4, 1, 2, 4, 1], [1, 2, 4, 1, 2, 4, 1, 2, 4, 1, 2, 4, 1, 2, 4, 1, 2, 4, 1, 2, 4, 1, 2, 4, 1, 2, 4, 1, 2, 4, 1]]
Set parameter Username
[classical] objective=144887000.0 solution={'B100166(7)': 0, 'B100594(7)': 0, 'B100600(7)': 0, 'B100602(7)': 0, 'B100608(7)': 1, 'B100623(7)': 0, 'B101029(7)': 0, 'B101035(7)': 0, 'B101037(7)': 0, 'B101043(7)': 0}
[circuit] metrics=[149, 62, 66, 324]
[solve] start
[solve] states=[[1, 0, 0, 1, 1, 0, 0, 1, 0, 1, 1, 0, 1, 1, 0, 0, 0, 0, 1, 1, 0, 1, 1, 0, 1, 1, 0, 1, 0, 0], [1, 0, 1, 1, 1, 0, 1, 1, 0, 1, 1, 0, 1, 1, 0, 1, 1, 0, 0, 0, 0, 1, 1, 0, 1, 1, 0, 1, 0, 0], [1, 0, 1, 1, 1, 0, 1, 1, 0, 1, 1, 0, 1, 1, 0, 1, 1, 0, 1, 1, 0, 1, 1, 0, 1, 1, 0, 1, 0, 0], [1, 1, 0, 1, 0, 1, 1, 0, 1, 1, 1, 0, 1, 1, 0, 1, 1, 0, 1, 1, 0, 1, 1, 0, 1, 1, 0, 1, 0, 0], [1, 1, 0, 1, 0, 1, 1, 1, 0, 1, 1, 0, 0, 0, 0, 1, 1, 0, 1, 1, 0, 1, 1, 0, 1, 1, 0, 1, 0, 0], [1, 1, 0, 1, 0, 1, 1, 1, 0, 1, 1, 0, 1, 1, 0, 1, 1, 0, 1, 1, 0, 1, 1, 0, 1, 1, 0, 1, 0, 0], [1, 1, 0, 1, 1, 0, 0, 0, 0, 1, 1, 0, 1, 1, 0, 1, 1, 0, 1, 1, 0, 1, 1, 0, 1, 1, 0, 1, 0, 0], [1, 1, 0, 1, 1, 0, 1, 0, 0, 1, 1, 0, 0, 1, 0, 1, 1, 0, 1, 1, 0, 1, 1, 0, 1, 1, 0, 1, 0, 0], [1, 1, 0, 1, 1, 0, 1, 0, 1, 1, 0, 1, 1, 1, 0, 1, 1, 0, 1, 1, 0, 1, 1, 0, 1, 1, 0, 1, 0, 0], [1, 1, 0, 1, 1, 0, 1, 0, 1, 1, 1, 0, 0, 0, 0, 1, 1, 0, 1, 1, 0, 1, 1, 0, 1, 1, 0, 1, 0, 0], [1, 1, 0, 1, 1, 0, 1, 0, 1, 1, 1, 0, 1, 1, 0, 1, 1, 0, 1, 1, 0, 1, 1, 0, 1, 0, 1, 1, 0, 0], [1, 1, 0, 1, 1, 0, 1, 0, 1, 1, 1, 0, 1, 1, 0, 1, 1, 0, 1, 1, 0, 1, 1, 0, 1, 1, 0, 1, 0, 0], [1, 1, 0, 1, 1, 0, 1, 1, 0, 0, 0, 0, 0, 0, 0, 1, 1, 0, 1, 1, 0, 1, 1, 0, 1, 1, 0, 1, 0, 0], [1, 1, 0, 1, 1, 0, 1, 1, 0, 0, 0, 0, 1, 1, 0, 1, 1, 0, 1, 1, 0, 0, 0, 0, 1, 1, 0, 1, 0, 0], [1, 1, 0, 1, 1, 0, 1, 1, 0, 0, 0, 0, 1, 1, 0, 1, 1, 0, 1, 1, 0, 1, 1, 0, 1, 0, 1, 1, 0, 0], [1, 1, 0, 1, 1, 0, 1, 1, 0, 0, 0, 0, 1, 1, 0, 1, 1, 0, 1, 1, 0, 1, 1, 0, 1, 1, 0, 1, 0, 0], [1, 1, 0, 1, 1, 0, 1, 1, 0, 1, 0, 1, 1, 1, 0, 1, 1, 0, 1, 1, 0, 1, 1, 0, 1, 1, 0, 1, 0, 0], [1, 1, 0, 1, 1, 0, 1, 1, 0, 1, 1, 0, 0, 0, 0, 1, 1, 0, 1, 1, 0, 1, 1, 0, 1, 1, 0, 1, 0, 0], [1, 1, 0, 1, 1, 0, 1, 1, 0, 1, 1, 0, 1, 0, 1, 1, 0, 1, 1, 1, 0, 1, 1, 0, 1, 1, 0, 1, 0, 0], [1, 1, 0, 1, 1, 0, 1, 1, 0, 1, 1, 0, 1, 0, 1, 1, 1, 0, 1, 1, 0, 1, 1, 0, 0, 0, 0, 1, 0, 0], [1, 1, 0, 1, 1, 0, 1, 1, 0, 1, 1, 0, 1, 0, 1, 1, 1, 0, 1, 1, 0, 1, 1, 0, 1, 1, 0, 1, 0, 0], [1, 1, 0, 1, 1, 0, 1, 1, 0, 1, 1, 0, 1, 1, 0, 0, 0, 0, 1, 1, 0, 1, 1, 0, 1, 1, 0, 1, 0, 0], [1, 1, 0, 1, 1, 0, 1, 1, 0, 1, 1, 0, 1, 1, 0, 1, 0, 1, 1, 1, 0, 1, 1, 0, 1, 1, 0, 1, 0, 0], [1, 1, 0, 1, 1, 0, 1, 1, 0, 1, 1, 0, 1, 1, 0, 1, 1, 0, 0, 0, 0, 1, 1, 0, 1, 1, 0, 1, 0, 0], [1, 1, 0, 1, 1, 0, 1, 1, 0, 1, 1, 0, 1, 1, 0, 1, 1, 0, 1, 0, 1, 1, 1, 0, 1, 0, 1, 1, 0, 0], [1, 1, 0, 1, 1, 0, 1, 1, 0, 1, 1, 0, 1, 1, 0, 1, 1, 0, 1, 0, 1, 1, 1, 0, 1, 1, 0, 1, 0, 0], [1, 1, 0, 1, 1, 0, 1, 1, 0, 1, 1, 0, 1, 1, 0, 1, 1, 0, 1, 1, 0, 0, 0, 0, 1, 1, 0, 1, 0, 0], [1, 1, 0, 1, 1, 0, 1, 1, 0, 1, 1, 0, 1, 1, 0, 1, 1, 0, 1, 1, 0, 1, 1, 0, 0, 0, 0, 1, 0, 0], [1, 1, 0, 1, 1, 0, 1, 1, 0, 1, 1, 0, 1, 1, 0, 1, 1, 0, 1, 1, 0, 1, 1, 0, 1, 0, 1, 1, 0, 0], [1, 1, 0, 1, 1, 0, 1, 1, 0, 1, 1, 0, 1, 1, 0, 1, 1, 0, 1, 1, 0, 1, 1, 0, 1, 1, 0, 1, 0, 0]]
[solve] probs=[0.00390625, 0.00390625, 0.0078125, 0.00390625, 0.00390625, 0.01171875, 0.0078125, 0.00390625, 0.00390625, 0.00390625, 0.00390625, 0.01953125, 0.00390625, 0.00390625, 0.00390625, 0.03125, 0.02734375, 0.01953125, 0.00390625, 0.00390625, 0.0234375, 0.0078125, 0.015625, 0.01171875, 0.00390625, 0.01171875, 0.02734375, 0.0234375, 0.01953125, 0.6796875]
[choco-best] objective=None probability=None solution=None
[parallel 247/274] path=data/miplib_benders/qaoa_problems/nvars_10/supportcase6_ds_qaoa_c733_c745_0001.json status=ok wall=2198.8669845010154 peak_mb=418.45703125 choco_obj=
[problem] supportcase6_ds_qaoa_c733_c745_c747_0002 path=data/miplib_benders/qaoa_problems/nvars_10/supportcase6_ds_qaoa_c733_c745_c747_0002.json
[input] n_int=10 n_bin=30 n_constr=3
[input] A=[[0, 1, 0, 1, 0, 0, 1, 0, 1, 0], [1, 1, 1, 1, 0, 1, 1, 1, 1, 0], [1, 1, 1, 1, 1, 1, 1, 1, 1, 1]] b=[1, 1, 1] c=[150892000, 134333000, 145944000, 144887000, 151847000, 150892000, 134333000, 145944000, 144887000, 151847000]
[encoding]
  B100594(7) = B100594_7__b0 + 2*B100594_7__b1 + 4*B100594_7__b2
  B100600(7) = B100600_7__b0 + 2*B100600_7__b1 + 4*B100600_7__b2
  B100602(7) = B100602_7__b0 + 2*B100602_7__b1 + 4*B100602_7__b2
  B100608(7) = B100608_7__b0 + 2*B100608_7__b1 + 4*B100608_7__b2
  B100623(7) = B100623_7__b0 + 2*B100623_7__b1 + 4*B100623_7__b2
  B101029(7) = B101029_7__b0 + 2*B101029_7__b1 + 4*B101029_7__b2
  B101035(7) = B101035_7__b0 + 2*B101035_7__b1 + 4*B101035_7__b2
  B101037(7) = B101037_7__b0 + 2*B101037_7__b1 + 4*B101037_7__b2
  B101043(7) = B101043_7__b0 + 2*B101043_7__b1 + 4*B101043_7__b2
  B101058(7) = B101058_7__b0 + 2*B101058_7__b1 + 4*B101058_7__b2
[expanded] A_binary=[[0, 0, 0, 1, 2, 4, 0, 0, 0, 1, 2, 4, 0, 0, 0, 0, 0, 0, 1, 2, 4, 0, 0, 0, 1, 2, 4, 0, 0, 0], [1, 2, 4, 1, 2, 4, 1, 2, 4, 1, 2, 4, 0, 0, 0, 1, 2, 4, 1, 2, 4, 1, 2, 4, 1, 2, 4, 0, 0, 0], [1, 2, 4, 1, 2, 4, 1, 2, 4, 1, 2, 4, 1, 2, 4, 1, 2, 4, 1, 2, 4, 1, 2, 4, 1, 2, 4, 1, 2, 4]] b=[1, 1, 1]
[expanded] lin_constr_mtx=[[0, 0, 0, 1, 2, 4, 0, 0, 0, 1, 2, 4, 0, 0, 0, 0, 0, 0, 1, 2, 4, 0, 0, 0, 1, 2, 4, 0, 0, 0, 1], [1, 2, 4, 1, 2, 4, 1, 2, 4, 1, 2, 4, 0, 0, 0, 1, 2, 4, 1, 2, 4, 1, 2, 4, 1, 2, 4, 0, 0, 0, 1], [1, 2, 4, 1, 2, 4, 1, 2, 4, 1, 2, 4, 1, 2, 4, 1, 2, 4, 1, 2, 4, 1, 2, 4, 1, 2, 4, 1, 2, 4, 1]]
Set parameter Username
[classical] objective=144887000.0 solution={'B100594(7)': 0, 'B100600(7)': 0, 'B100602(7)': 0, 'B100608(7)': 1, 'B100623(7)': 0, 'B101029(7)': 0, 'B101035(7)': 0, 'B101037(7)': 0, 'B101043(7)': 0, 'B101058(7)': 0}
[circuit] metrics=[149, 62, 66, 324]
[solve] start
[solve] states=[[1, 0, 1, 1, 1, 0, 1, 0, 1, 1, 1, 0, 1, 1, 0, 1, 1, 0, 1, 1, 0, 1, 1, 0, 1, 0, 0, 1, 1, 0], [1, 0, 1, 1, 1, 0, 1, 1, 0, 1, 1, 0, 1, 1, 0, 1, 1, 0, 0, 0, 0, 0, 0, 0, 1, 0, 0, 1, 0, 1], [1, 0, 1, 1, 1, 0, 1, 1, 0, 1, 1, 0, 1, 1, 0, 1, 1, 0, 1, 0, 1, 1, 0, 1, 1, 0, 0, 1, 1, 0], [1, 0, 1, 1, 1, 0, 1, 1, 0, 1, 1, 0, 1, 1, 0, 1, 1, 0, 1, 1, 0, 1, 1, 0, 1, 0, 0, 1, 1, 0], [1, 1, 0, 1, 0, 1, 1, 1, 0, 1, 0, 1, 1, 0, 1, 1, 1, 0, 1, 1, 0, 1, 1, 0, 1, 0, 0, 1, 1, 0], [1, 1, 0, 1, 0, 1, 1, 1, 0, 1, 1, 0, 1, 1, 0, 1, 0, 1, 1, 1, 0, 1, 1, 0, 1, 0, 0, 1, 1, 0], [1, 1, 0, 1, 0, 1, 1, 1, 0, 1, 1, 0, 1, 1, 0, 1, 1, 0, 1, 1, 0, 1, 1, 0, 1, 0, 0, 1, 1, 0], [1, 1, 0, 1, 1, 0, 0, 0, 0, 1, 1, 0, 1, 1, 0, 0, 0, 0, 1, 1, 0, 1, 1, 0, 1, 0, 0, 1, 1, 0], [1, 1, 0, 1, 1, 0, 0, 0, 0, 1, 1, 0, 1, 1, 0, 1, 1, 0, 1, 1, 0, 1, 0, 1, 1, 0, 0, 1, 1, 0], [1, 1, 0, 1, 1, 0, 0, 0, 0, 1, 1, 0, 1, 1, 0, 1, 1, 0, 1, 1, 0, 1, 1, 0, 1, 0, 0, 0, 0, 0], [1, 1, 0, 1, 1, 0, 0, 0, 0, 1, 1, 0, 1, 1, 0, 1, 1, 0, 1, 1, 0, 1, 1, 0, 1, 0, 0, 1, 1, 0], [1, 1, 0, 1, 1, 0, 1, 0, 1, 0, 0, 0, 1, 1, 0, 1, 1, 0, 1, 1, 0, 1, 1, 0, 1, 0, 0, 1, 1, 0], [1, 1, 0, 1, 1, 0, 1, 0, 1, 1, 1, 0, 1, 0, 1, 1, 0, 1, 1, 1, 0, 1, 1, 0, 1, 0, 0, 1, 1, 0], [1, 1, 0, 1, 1, 0, 1, 0, 1, 1, 1, 0, 1, 1, 0, 1, 1, 0, 1, 1, 0, 1, 1, 0, 1, 0, 0, 1, 1, 0], [1, 1, 0, 1, 1, 0, 1, 1, 0, 0, 0, 0, 1, 1, 0, 1, 1, 0, 1, 1, 0, 1, 1, 0, 1, 0, 0, 1, 1, 0], [1, 1, 0, 1, 1, 0, 1, 1, 0, 1, 0, 1, 0, 0, 0, 1, 1, 0, 1, 1, 0, 1, 1, 0, 1, 0, 0, 1, 1, 0], [1, 1, 0, 1, 1, 0, 1, 1, 0, 1, 0, 1, 1, 1, 0, 1, 1, 0, 0, 0, 0, 1, 1, 0, 1, 0, 0, 1, 1, 0], [1, 1, 0, 1, 1, 0, 1, 1, 0, 1, 0, 1, 1, 1, 0, 1, 1, 0, 1, 1, 0, 0, 0, 0, 1, 0, 0, 1, 1, 0], [1, 1, 0, 1, 1, 0, 1, 1, 0, 1, 0, 1, 1, 1, 0, 1, 1, 0, 1, 1, 0, 1, 1, 0, 1, 0, 0, 1, 1, 0], [1, 1, 0, 1, 1, 0, 1, 1, 0, 1, 1, 0, 0, 0, 0, 1, 1, 0, 1, 1, 0, 1, 1, 0, 1, 0, 0, 1, 1, 0], [1, 1, 0, 1, 1, 0, 1, 1, 0, 1, 1, 0, 1, 0, 1, 1, 1, 0, 1, 1, 0, 1, 1, 0, 1, 0, 0, 1, 1, 0], [1, 1, 0, 1, 1, 0, 1, 1, 0, 1, 1, 0, 1, 1, 0, 0, 0, 0, 1, 1, 0, 1, 1, 0, 1, 0, 0, 1, 1, 0], [1, 1, 0, 1, 1, 0, 1, 1, 0, 1, 1, 0, 1, 1, 0, 1, 0, 1, 1, 1, 0, 0, 0, 0, 1, 0, 0, 1, 1, 0], [1, 1, 0, 1, 1, 0, 1, 1, 0, 1, 1, 0, 1, 1, 0, 1, 0, 1, 1, 1, 0, 1, 0, 1, 1, 0, 0, 1, 1, 0], [1, 1, 0, 1, 1, 0, 1, 1, 0, 1, 1, 0, 1, 1, 0, 1, 0, 1, 1, 1, 0, 1, 1, 0, 1, 0, 0, 1, 0, 1], [1, 1, 0, 1, 1, 0, 1, 1, 0, 1, 1, 0, 1, 1, 0, 1, 0, 1, 1, 1, 0, 1, 1, 0, 1, 0, 0, 1, 1, 0], [1, 1, 0, 1, 1, 0, 1, 1, 0, 1, 1, 0, 1, 1, 0, 1, 1, 0, 0, 0, 0, 1, 0, 1, 1, 0, 0, 1, 1, 0], [1, 1, 0, 1, 1, 0, 1, 1, 0, 1, 1, 0, 1, 1, 0, 1, 1, 0, 0, 0, 0, 1, 1, 0, 1, 0, 0, 1, 1, 0], [1, 1, 0, 1, 1, 0, 1, 1, 0, 1, 1, 0, 1, 1, 0, 1, 1, 0, 1, 0, 1, 1, 1, 0, 1, 0, 0, 0, 0, 0], [1, 1, 0, 1, 1, 0, 1, 1, 0, 1, 1, 0, 1, 1, 0, 1, 1, 0, 1, 0, 1, 1, 1, 0, 1, 0, 0, 1, 1, 0], [1, 1, 0, 1, 1, 0, 1, 1, 0, 1, 1, 0, 1, 1, 0, 1, 1, 0, 1, 1, 0, 0, 0, 0, 1, 0, 0, 1, 1, 0], [1, 1, 0, 1, 1, 0, 1, 1, 0, 1, 1, 0, 1, 1, 0, 1, 1, 0, 1, 1, 0, 1, 0, 1, 1, 0, 0, 0, 0, 0], [1, 1, 0, 1, 1, 0, 1, 1, 0, 1, 1, 0, 1, 1, 0, 1, 1, 0, 1, 1, 0, 1, 0, 1, 1, 0, 0, 1, 1, 0], [1, 1, 0, 1, 1, 0, 1, 1, 0, 1, 1, 0, 1, 1, 0, 1, 1, 0, 1, 1, 0, 1, 1, 0, 1, 0, 0, 0, 0, 0], [1, 1, 0, 1, 1, 0, 1, 1, 0, 1, 1, 0, 1, 1, 0, 1, 1, 0, 1, 1, 0, 1, 1, 0, 1, 0, 0, 1, 0, 1], [1, 1, 0, 1, 1, 0, 1, 1, 0, 1, 1, 0, 1, 1, 0, 1, 1, 0, 1, 1, 0, 1, 1, 0, 1, 0, 0, 1, 1, 0]]
[solve] probs=[0.00390625, 0.00390625, 0.00390625, 0.01953125, 0.00390625, 0.00390625, 0.0390625, 0.00390625, 0.00390625, 0.00390625, 0.02734375, 0.00390625, 0.00390625, 0.01953125, 0.01171875, 0.0078125, 0.00390625, 0.0078125, 0.01953125, 0.0390625, 0.01953125, 0.015625, 0.00390625, 0.0078125, 0.00390625, 0.02734375, 0.00390625, 0.01953125, 0.00390625, 0.0078125, 0.01953125, 0.00390625, 0.015625, 0.01953125, 0.00390625, 0.58984375]
[choco-best] objective=None probability=None solution=None
[parallel 248/274] path=data/miplib_benders/qaoa_problems/nvars_10/supportcase6_ds_qaoa_c733_c745_0002.json status=ok wall=2726.7818144269986 peak_mb=419.62890625 choco_obj=
[problem] supportcase6_ds_qaoa_c733_c745_c747_0003 path=data/miplib_benders/qaoa_problems/nvars_10/supportcase6_ds_qaoa_c733_c745_c747_0003.json
[input] n_int=10 n_bin=30 n_constr=3
[input] A=[[1, 0, 1, 0, 0, 1, 0, 1, 0, 0], [1, 1, 1, 0, 1, 1, 1, 1, 0, 1], [1, 1, 1, 1, 1, 1, 1, 1, 1, 1]] b=[1, 1, 1] c=[134333000, 145944000, 144887000, 151847000, 150892000, 134333000, 145944000, 144887000, 151847000, 150892000]
[encoding]
  B100600(7) = B100600_7__b0 + 2*B100600_7__b1 + 4*B100600_7__b2
  B100602(7) = B100602_7__b0 + 2*B100602_7__b1 + 4*B100602_7__b2
  B100608(7) = B100608_7__b0 + 2*B100608_7__b1 + 4*B100608_7__b2
  B100623(7) = B100623_7__b0 + 2*B100623_7__b1 + 4*B100623_7__b2
  B101029(7) = B101029_7__b0 + 2*B101029_7__b1 + 4*B101029_7__b2
  B101035(7) = B101035_7__b0 + 2*B101035_7__b1 + 4*B101035_7__b2
  B101037(7) = B101037_7__b0 + 2*B101037_7__b1 + 4*B101037_7__b2
  B101043(7) = B101043_7__b0 + 2*B101043_7__b1 + 4*B101043_7__b2
  B101058(7) = B101058_7__b0 + 2*B101058_7__b1 + 4*B101058_7__b2
  B101479(7) = B101479_7__b0 + 2*B101479_7__b1 + 4*B101479_7__b2
[expanded] A_binary=[[1, 2, 4, 0, 0, 0, 1, 2, 4, 0, 0, 0, 0, 0, 0, 1, 2, 4, 0, 0, 0, 1, 2, 4, 0, 0, 0, 0, 0, 0], [1, 2, 4, 1, 2, 4, 1, 2, 4, 0, 0, 0, 1, 2, 4, 1, 2, 4, 1, 2, 4, 1, 2, 4, 0, 0, 0, 1, 2, 4], [1, 2, 4, 1, 2, 4, 1, 2, 4, 1, 2, 4, 1, 2, 4, 1, 2, 4, 1, 2, 4, 1, 2, 4, 1, 2, 4, 1, 2, 4]] b=[1, 1, 1]
[expanded] lin_constr_mtx=[[1, 2, 4, 0, 0, 0, 1, 2, 4, 0, 0, 0, 0, 0, 0, 1, 2, 4, 0, 0, 0, 1, 2, 4, 0, 0, 0, 0, 0, 0, 1], [1, 2, 4, 1, 2, 4, 1, 2, 4, 0, 0, 0, 1, 2, 4, 1, 2, 4, 1, 2, 4, 1, 2, 4, 0, 0, 0, 1, 2, 4, 1], [1, 2, 4, 1, 2, 4, 1, 2, 4, 1, 2, 4, 1, 2, 4, 1, 2, 4, 1, 2, 4, 1, 2, 4, 1, 2, 4, 1, 2, 4, 1]]
Set parameter Username
[classical] objective=144887000.0 solution={'B100600(7)': 0, 'B100602(7)': 0, 'B100608(7)': 1, 'B100623(7)': 0, 'B101029(7)': 0, 'B101035(7)': 0, 'B101037(7)': 0, 'B101043(7)': 0, 'B101058(7)': 0, 'B101479(7)': 0}
[circuit] metrics=[149, 62, 66, 324]
[solve] start
[solve] states=[[1, 0, 0, 1, 1, 0, 1, 1, 0, 0, 0, 0, 1, 1, 0, 0, 1, 0, 1, 0, 1, 1, 1, 0, 1, 0, 0, 1, 1, 0], [1, 0, 1, 1, 1, 0, 1, 1, 0, 0, 0, 0, 1, 1, 0, 1, 1, 0, 1, 1, 0, 1, 1, 0, 1, 0, 0, 1, 1, 0], [1, 0, 1, 1, 1, 0, 1, 1, 0, 1, 1, 0, 0, 0, 0, 1, 0, 1, 1, 1, 0, 1, 1, 0, 1, 0, 0, 1, 1, 0], [1, 0, 1, 1, 1, 0, 1, 1, 0, 1, 1, 0, 1, 0, 1, 1, 1, 0, 1, 1, 0, 1, 1, 0, 1, 0, 0, 1, 1, 0], [1, 0, 1, 1, 1, 0, 1, 1, 0, 1, 1, 0, 1, 1, 0, 0, 0, 0, 1, 1, 0, 1, 1, 0, 1, 0, 0, 1, 1, 0], [1, 0, 1, 1, 1, 0, 1, 1, 0, 1, 1, 0, 1, 1, 0, 1, 1, 0, 1, 1, 0, 0, 0, 0, 1, 0, 0, 1, 1, 0], [1, 0, 1, 1, 1, 0, 1, 1, 0, 1, 1, 0, 1, 1, 0, 1, 1, 0, 1, 1, 0, 1, 1, 0, 1, 0, 0, 1, 1, 0], [1, 1, 0, 1, 0, 0, 1, 1, 0, 0, 0, 0, 1, 1, 0, 1, 1, 0, 0, 0, 1, 1, 1, 0, 1, 0, 0, 1, 1, 0], [1, 1, 0, 1, 0, 1, 1, 0, 1, 1, 1, 0, 1, 1, 0, 1, 1, 0, 1, 1, 0, 1, 1, 0, 1, 0, 0, 0, 0, 0], [1, 1, 0, 1, 0, 1, 1, 1, 0, 1, 0, 1, 1, 1, 0, 1, 1, 0, 1, 1, 0, 1, 0, 1, 1, 0, 0, 1, 1, 0], [1, 1, 0, 1, 0, 1, 1, 1, 0, 1, 0, 1, 1, 1, 0, 1, 1, 0, 1, 1, 0, 1, 1, 0, 1, 0, 0, 1, 1, 0], [1, 1, 0, 1, 0, 1, 1, 1, 0, 1, 1, 0, 1, 1, 0, 0, 0, 0, 1, 1, 0, 1, 1, 0, 1, 0, 0, 0, 0, 0], [1, 1, 0, 1, 0, 1, 1, 1, 0, 1, 1, 0, 1, 1, 0, 1, 0, 1, 1, 1, 0, 1, 1, 0, 1, 0, 0, 1, 1, 0], [1, 1, 0, 1, 0, 1, 1, 1, 0, 1, 1, 0, 1, 1, 0, 1, 1, 0, 1, 1, 0, 1, 1, 0, 1, 0, 0, 1, 0, 1], [1, 1, 0, 1, 0, 1, 1, 1, 0, 1, 1, 0, 1, 1, 0, 1, 1, 0, 1, 1, 0, 1, 1, 0, 1, 0, 0, 1, 1, 0], [1, 1, 0, 1, 1, 0, 1, 0, 0, 1, 1, 0, 0, 0, 1, 1, 1, 0, 1, 1, 0, 1, 1, 0, 1, 0, 0, 1, 1, 0], [1, 1, 0, 1, 1, 0, 1, 0, 1, 1, 0, 1, 1, 1, 0, 1, 1, 0, 1, 1, 0, 0, 0, 0, 1, 0, 0, 1, 1, 0], [1, 1, 0, 1, 1, 0, 1, 0, 1, 1, 1, 0, 1, 1, 0, 1, 1, 0, 1, 1, 0, 1, 1, 0, 1, 0, 0, 1, 1, 0], [1, 1, 0, 1, 1, 0, 1, 1, 0, 0, 0, 0, 0, 0, 0, 1, 1, 0, 1, 1, 0, 1, 1, 0, 1, 0, 0, 1, 1, 0], [1, 1, 0, 1, 1, 0, 1, 1, 0, 0, 0, 0, 1, 1, 0, 1, 1, 0, 0, 0, 0, 1, 1, 0, 1, 0, 0, 1, 1, 0], [1, 1, 0, 1, 1, 0, 1, 1, 0, 0, 0, 0, 1, 1, 0, 1, 1, 0, 1, 0, 1, 1, 1, 0, 1, 0, 0, 1, 0, 1], [1, 1, 0, 1, 1, 0, 1, 1, 0, 0, 0, 0, 1, 1, 0, 1, 1, 0, 1, 1, 0, 1, 1, 0, 1, 0, 0, 0, 0, 0], [1, 1, 0, 1, 1, 0, 1, 1, 0, 0, 0, 0, 1, 1, 0, 1, 1, 0, 1, 1, 0, 1, 1, 0, 1, 0, 0, 1, 1, 0], [1, 1, 0, 1, 1, 0, 1, 1, 0, 1, 0, 0, 1, 1, 0, 0, 1, 0, 0, 1, 0, 1, 1, 0, 1, 0, 0, 1, 1, 0], [1, 1, 0, 1, 1, 0, 1, 1, 0, 1, 0, 1, 1, 1, 0, 1, 0, 1, 1, 1, 0, 1, 1, 0, 1, 0, 0, 1, 1, 0], [1, 1, 0, 1, 1, 0, 1, 1, 0, 1, 0, 1, 1, 1, 0, 1, 1, 0, 1, 1, 0, 1, 0, 1, 1, 0, 0, 1, 0, 1], [1, 1, 0, 1, 1, 0, 1, 1, 0, 1, 0, 1, 1, 1, 0, 1, 1, 0, 1, 1, 0, 1, 1, 0, 1, 0, 0, 1, 1, 0], [1, 1, 0, 1, 1, 0, 1, 1, 0, 1, 1, 0, 0, 0, 0, 0, 0, 0, 1, 1, 0, 1, 1, 0, 1, 0, 0, 1, 1, 0], [1, 1, 0, 1, 1, 0, 1, 1, 0, 1, 1, 0, 0, 0, 0, 1, 1, 0, 1, 1, 0, 1, 1, 0, 1, 0, 0, 1, 1, 0], [1, 1, 0, 1, 1, 0, 1, 1, 0, 1, 1, 0, 1, 0, 1, 0, 0, 0, 1, 1, 0, 1, 1, 0, 1, 0, 0, 1, 1, 0], [1, 1, 0, 1, 1, 0, 1, 1, 0, 1, 1, 0, 1, 0, 1, 1, 0, 1, 1, 1, 0, 1, 1, 0, 1, 0, 0, 1, 1, 0], [1, 1, 0, 1, 1, 0, 1, 1, 0, 1, 1, 0, 1, 0, 1, 1, 1, 0, 1, 0, 1, 1, 1, 0, 1, 0, 0, 1, 1, 0], [1, 1, 0, 1, 1, 0, 1, 1, 0, 1, 1, 0, 1, 0, 1, 1, 1, 0, 1, 1, 0, 1, 1, 0, 1, 0, 0, 1, 1, 0], [1, 1, 0, 1, 1, 0, 1, 1, 0, 1, 1, 0, 1, 1, 0, 0, 0, 0, 1, 1, 0, 0, 0, 0, 1, 0, 0, 1, 0, 1], [1, 1, 0, 1, 1, 0, 1, 1, 0, 1, 1, 0, 1, 1, 0, 0, 0, 0, 1, 1, 0, 1, 0, 1, 1, 0, 0, 1, 1, 0], [1, 1, 0, 1, 1, 0, 1, 1, 0, 1, 1, 0, 1, 1, 0, 0, 0, 0, 1, 1, 0, 1, 1, 0, 1, 0, 0, 1, 1, 0], [1, 1, 0, 1, 1, 0, 1, 1, 0, 1, 1, 0, 1, 1, 0, 1, 0, 1, 1, 1, 0, 0, 0, 0, 1, 0, 0, 1, 1, 0], [1, 1, 0, 1, 1, 0, 1, 1, 0, 1, 1, 0, 1, 1, 0, 1, 0, 1, 1, 1, 0, 1, 1, 0, 1, 0, 0, 1, 1, 0], [1, 1, 0, 1, 1, 0, 1, 1, 0, 1, 1, 0, 1, 1, 0, 1, 1, 0, 0, 0, 0, 0, 0, 0, 1, 0, 0, 1, 1, 0], [1, 1, 0, 1, 1, 0, 1, 1, 0, 1, 1, 0, 1, 1, 0, 1, 1, 0, 0, 0, 0, 1, 1, 0, 1, 0, 0, 1, 1, 0], [1, 1, 0, 1, 1, 0, 1, 1, 0, 1, 1, 0, 1, 1, 0, 1, 1, 0, 1, 0, 1, 1, 1, 0, 1, 0, 0, 1, 1, 0], [1, 1, 0, 1, 1, 0, 1, 1, 0, 1, 1, 0, 1, 1, 0, 1, 1, 0, 1, 1, 0, 0, 0, 0, 1, 0, 0, 0, 0, 0], [1, 1, 0, 1, 1, 0, 1, 1, 0, 1, 1, 0, 1, 1, 0, 1, 1, 0, 1, 1, 0, 0, 0, 0, 1, 0, 0, 1, 1, 0], [1, 1, 0, 1, 1, 0, 1, 1, 0, 1, 1, 0, 1, 1, 0, 1, 1, 0, 1, 1, 0, 1, 0, 0, 1, 0, 0, 0, 1, 0], [1, 1, 0, 1, 1, 0, 1, 1, 0, 1, 1, 0, 1, 1, 0, 1, 1, 0, 1, 1, 0, 1, 0, 1, 1, 0, 0, 0, 0, 0], [1, 1, 0, 1, 1, 0, 1, 1, 0, 1, 1, 0, 1, 1, 0, 1, 1, 0, 1, 1, 0, 1, 0, 1, 1, 0, 0, 1, 0, 1], [1, 1, 0, 1, 1, 0, 1, 1, 0, 1, 1, 0, 1, 1, 0, 1, 1, 0, 1, 1, 0, 1, 0, 1, 1, 0, 0, 1, 1, 0], [1, 1, 0, 1, 1, 0, 1, 1, 0, 1, 1, 0, 1, 1, 0, 1, 1, 0, 1, 1, 0, 1, 1, 0, 1, 0, 0, 0, 0, 0], [1, 1, 0, 1, 1, 0, 1, 1, 0, 1, 1, 0, 1, 1, 0, 1, 1, 0, 1, 1, 0, 1, 1, 0, 1, 0, 0, 1, 0, 1], [1, 1, 0, 1, 1, 0, 1, 1, 0, 1, 1, 0, 1, 1, 0, 1, 1, 0, 1, 1, 0, 1, 1, 0, 1, 0, 0, 1, 1, 0]]
[solve] probs=[0.00390625, 0.00390625, 0.00390625, 0.00390625, 0.00390625, 0.00390625, 0.01171875, 0.00390625, 0.00390625, 0.00390625, 0.00390625, 0.00390625, 0.00390625, 0.00390625, 0.0234375, 0.00390625, 0.00390625, 0.02734375, 0.00390625, 0.00390625, 0.00390625, 0.00390625, 0.0390625, 0.00390625, 0.0078125, 0.00390625, 0.01171875, 0.00390625, 0.0078125, 0.00390625, 0.0078125, 0.00390625, 0.01953125, 0.00390625, 0.01171875, 0.015625, 0.00390625, 0.02734375, 0.00390625, 0.02734375, 0.01953125, 0.00390625, 0.01953125, 0.00390625, 0.00390625, 0.00390625, 0.03125, 0.046875, 0.0234375, 0.5]
[choco-best] objective=None probability=None solution=None
[parallel 249/274] path=data/miplib_benders/qaoa_problems/nvars_10/supportcase6_ds_qaoa_c726_c733_c745_0005.json status=ok wall=4994.699006258044 peak_mb=452.95703125 choco_obj=
[problem] supportcase6_ds_qaoa_c733_c745_c747_0004 path=data/miplib_benders/qaoa_problems/nvars_10/supportcase6_ds_qaoa_c733_c745_c747_0004.json
[input] n_int=10 n_bin=30 n_constr=3
[input] A=[[0, 1, 0, 0, 1, 0, 1, 0, 0, 1], [1, 1, 0, 1, 1, 1, 1, 0, 1, 1], [1, 1, 1, 1, 1, 1, 1, 1, 1, 1]] b=[1, 1, 1] c=[145944000, 144887000, 151847000, 150892000, 134333000, 145944000, 144887000, 151847000, 150892000, 134333000]
[encoding]
  B100602(7) = B100602_7__b0 + 2*B100602_7__b1 + 4*B100602_7__b2
  B100608(7) = B100608_7__b0 + 2*B100608_7__b1 + 4*B100608_7__b2
  B100623(7) = B100623_7__b0 + 2*B100623_7__b1 + 4*B100623_7__b2
  B101029(7) = B101029_7__b0 + 2*B101029_7__b1 + 4*B101029_7__b2
  B101035(7) = B101035_7__b0 + 2*B101035_7__b1 + 4*B101035_7__b2
  B101037(7) = B101037_7__b0 + 2*B101037_7__b1 + 4*B101037_7__b2
  B101043(7) = B101043_7__b0 + 2*B101043_7__b1 + 4*B101043_7__b2
  B101058(7) = B101058_7__b0 + 2*B101058_7__b1 + 4*B101058_7__b2
  B101479(7) = B101479_7__b0 + 2*B101479_7__b1 + 4*B101479_7__b2
  B101485(7) = B101485_7__b0 + 2*B101485_7__b1 + 4*B101485_7__b2
[expanded] A_binary=[[0, 0, 0, 1, 2, 4, 0, 0, 0, 0, 0, 0, 1, 2, 4, 0, 0, 0, 1, 2, 4, 0, 0, 0, 0, 0, 0, 1, 2, 4], [1, 2, 4, 1, 2, 4, 0, 0, 0, 1, 2, 4, 1, 2, 4, 1, 2, 4, 1, 2, 4, 0, 0, 0, 1, 2, 4, 1, 2, 4], [1, 2, 4, 1, 2, 4, 1, 2, 4, 1, 2, 4, 1, 2, 4, 1, 2, 4, 1, 2, 4, 1, 2, 4, 1, 2, 4, 1, 2, 4]] b=[1, 1, 1]
[expanded] lin_constr_mtx=[[0, 0, 0, 1, 2, 4, 0, 0, 0, 0, 0, 0, 1, 2, 4, 0, 0, 0, 1, 2, 4, 0, 0, 0, 0, 0, 0, 1, 2, 4, 1], [1, 2, 4, 1, 2, 4, 0, 0, 0, 1, 2, 4, 1, 2, 4, 1, 2, 4, 1, 2, 4, 0, 0, 0, 1, 2, 4, 1, 2, 4, 1], [1, 2, 4, 1, 2, 4, 1, 2, 4, 1, 2, 4, 1, 2, 4, 1, 2, 4, 1, 2, 4, 1, 2, 4, 1, 2, 4, 1, 2, 4, 1]]
Set parameter Username
[classical] objective=144887000.0 solution={'B100602(7)': 0, 'B100608(7)': 1, 'B100623(7)': 0, 'B101029(7)': 0, 'B101035(7)': 0, 'B101037(7)': 0, 'B101043(7)': 0, 'B101058(7)': 0, 'B101479(7)': 0, 'B101485(7)': 0}
[circuit] metrics=[149, 62, 66, 324]
[solve] start
[solve] states=[[1, 0, 1, 1, 1, 0, 1, 1, 0, 1, 1, 0, 1, 1, 0, 1, 1, 0, 1, 1, 0, 1, 1, 0, 1, 0, 0, 1, 1, 0], [1, 1, 0, 1, 1, 0, 0, 0, 0, 1, 1, 0, 1, 1, 0, 1, 1, 0, 1, 1, 0, 0, 0, 0, 1, 0, 0, 1, 1, 0], [1, 1, 0, 1, 1, 0, 0, 0, 0, 1, 1, 0, 1, 1, 0, 1, 1, 0, 1, 1, 0, 1, 1, 0, 1, 0, 0, 1, 1, 0], [1, 1, 0, 1, 1, 0, 1, 0, 1, 1, 1, 0, 1, 1, 0, 1, 1, 0, 1, 1, 0, 1, 1, 0, 1, 0, 0, 1, 1, 0], [1, 1, 0, 1, 1, 0, 1, 1, 0, 0, 0, 0, 1, 1, 0, 1, 1, 0, 1, 1, 0, 1, 1, 0, 1, 0, 0, 1, 1, 0], [1, 1, 0, 1, 1, 0, 1, 1, 0, 1, 0, 1, 1, 1, 0, 1, 1, 0, 1, 1, 0, 1, 1, 0, 1, 0, 0, 1, 1, 0], [1, 1, 0, 1, 1, 0, 1, 1, 0, 1, 1, 0, 1, 0, 1, 1, 1, 0, 1, 0, 1, 1, 1, 0, 1, 0, 0, 1, 1, 0], [1, 1, 0, 1, 1, 0, 1, 1, 0, 1, 1, 0, 1, 0, 1, 1, 1, 0, 1, 1, 0, 1, 1, 0, 1, 0, 0, 1, 1, 0], [1, 1, 0, 1, 1, 0, 1, 1, 0, 1, 1, 0, 1, 1, 0, 0, 0, 0, 1, 1, 0, 1, 1, 0, 1, 0, 0, 1, 1, 0], [1, 1, 0, 1, 1, 0, 1, 1, 0, 1, 1, 0, 1, 1, 0, 1, 0, 1, 1, 1, 0, 1, 1, 0, 1, 0, 0, 1, 1, 0], [1, 1, 0, 1, 1, 0, 1, 1, 0, 1, 1, 0, 1, 1, 0, 1, 1, 0, 0, 0, 0, 1, 1, 0, 1, 0, 0, 1, 1, 0], [1, 1, 0, 1, 1, 0, 1, 1, 0, 1, 1, 0, 1, 1, 0, 1, 1, 0, 1, 0, 1, 1, 1, 0, 1, 0, 0, 1, 1, 0], [1, 1, 0, 1, 1, 0, 1, 1, 0, 1, 1, 0, 1, 1, 0, 1, 1, 0, 1, 1, 0, 0, 0, 0, 1, 0, 0, 1, 1, 0], [1, 1, 0, 1, 1, 0, 1, 1, 0, 1, 1, 0, 1, 1, 0, 1, 1, 0, 1, 1, 0, 1, 0, 1, 1, 0, 0, 1, 1, 0], [1, 1, 0, 1, 1, 0, 1, 1, 0, 1, 1, 0, 1, 1, 0, 1, 1, 0, 1, 1, 0, 1, 1, 0, 1, 0, 0, 0, 0, 0], [1, 1, 0, 1, 1, 0, 1, 1, 0, 1, 1, 0, 1, 1, 0, 1, 1, 0, 1, 1, 0, 1, 1, 0, 1, 0, 0, 1, 0, 1], [1, 1, 0, 1, 1, 0, 1, 1, 0, 1, 1, 0, 1, 1, 0, 1, 1, 0, 1, 1, 0, 1, 1, 0, 1, 0, 0, 1, 1, 0]]
[solve] probs=[0.0078125, 0.00390625, 0.015625, 0.00390625, 0.015625, 0.0078125, 0.00390625, 0.015625, 0.00390625, 0.01171875, 0.0078125, 0.0078125, 0.00390625, 0.00390625, 0.0078125, 0.0078125, 0.87109375]
[choco-best] objective=None probability=None solution=None
[parallel 250/274] path=data/miplib_benders/qaoa_problems/nvars_10/supportcase6_ds_qaoa_c733_c745_c747_0002.json status=ok wall=2113.5565378960455 peak_mb=421.53125 choco_obj=
[problem] supportcase6_ds_qaoa_c733_c745_c747_0005 path=data/miplib_benders/qaoa_problems/nvars_10/supportcase6_ds_qaoa_c733_c745_c747_0005.json
[input] n_int=10 n_bin=30 n_constr=3
[input] A=[[1, 0, 0, 1, 0, 1, 0, 0, 1, 0], [1, 0, 1, 1, 1, 1, 0, 1, 1, 1], [1, 1, 1, 1, 1, 1, 1, 1, 1, 1]] b=[1, 1, 1] c=[144887000, 151847000, 150892000, 134333000, 145944000, 144887000, 151847000, 150892000, 134333000, 145944000]
[encoding]
  B100608(7) = B100608_7__b0 + 2*B100608_7__b1 + 4*B100608_7__b2
  B100623(7) = B100623_7__b0 + 2*B100623_7__b1 + 4*B100623_7__b2
  B101029(7) = B101029_7__b0 + 2*B101029_7__b1 + 4*B101029_7__b2
  B101035(7) = B101035_7__b0 + 2*B101035_7__b1 + 4*B101035_7__b2
  B101037(7) = B101037_7__b0 + 2*B101037_7__b1 + 4*B101037_7__b2
  B101043(7) = B101043_7__b0 + 2*B101043_7__b1 + 4*B101043_7__b2
  B101058(7) = B101058_7__b0 + 2*B101058_7__b1 + 4*B101058_7__b2
  B101479(7) = B101479_7__b0 + 2*B101479_7__b1 + 4*B101479_7__b2
  B101485(7) = B101485_7__b0 + 2*B101485_7__b1 + 4*B101485_7__b2
  B101487(7) = B101487_7__b0 + 2*B101487_7__b1 + 4*B101487_7__b2
[expanded] A_binary=[[1, 2, 4, 0, 0, 0, 0, 0, 0, 1, 2, 4, 0, 0, 0, 1, 2, 4, 0, 0, 0, 0, 0, 0, 1, 2, 4, 0, 0, 0], [1, 2, 4, 0, 0, 0, 1, 2, 4, 1, 2, 4, 1, 2, 4, 1, 2, 4, 0, 0, 0, 1, 2, 4, 1, 2, 4, 1, 2, 4], [1, 2, 4, 1, 2, 4, 1, 2, 4, 1, 2, 4, 1, 2, 4, 1, 2, 4, 1, 2, 4, 1, 2, 4, 1, 2, 4, 1, 2, 4]] b=[1, 1, 1]
[expanded] lin_constr_mtx=[[1, 2, 4, 0, 0, 0, 0, 0, 0, 1, 2, 4, 0, 0, 0, 1, 2, 4, 0, 0, 0, 0, 0, 0, 1, 2, 4, 0, 0, 0, 1], [1, 2, 4, 0, 0, 0, 1, 2, 4, 1, 2, 4, 1, 2, 4, 1, 2, 4, 0, 0, 0, 1, 2, 4, 1, 2, 4, 1, 2, 4, 1], [1, 2, 4, 1, 2, 4, 1, 2, 4, 1, 2, 4, 1, 2, 4, 1, 2, 4, 1, 2, 4, 1, 2, 4, 1, 2, 4, 1, 2, 4, 1]]
Set parameter Username
[classical] objective=144887000.0 solution={'B100608(7)': 1, 'B100623(7)': 0, 'B101029(7)': 0, 'B101035(7)': 0, 'B101037(7)': 0, 'B101043(7)': 0, 'B101058(7)': 0, 'B101479(7)': 0, 'B101485(7)': 0, 'B101487(7)': 0}
[circuit] metrics=[149, 62, 66, 324]
[solve] start
[solve] states=[[1, 0, 1, 1, 1, 0, 1, 1, 0, 1, 1, 0, 1, 1, 0, 1, 1, 0, 1, 1, 0, 1, 1, 0, 1, 1, 0, 1, 0, 0], [1, 1, 0, 1, 1, 0, 1, 1, 0, 1, 0, 1, 1, 1, 0, 1, 1, 0, 1, 1, 0, 1, 1, 0, 1, 1, 0, 1, 0, 0], [1, 1, 0, 1, 1, 0, 1, 1, 0, 1, 1, 0, 1, 1, 0, 1, 0, 1, 1, 1, 0, 1, 1, 0, 1, 1, 0, 1, 0, 0], [1, 1, 0, 1, 1, 0, 1, 1, 0, 1, 1, 0, 1, 1, 0, 1, 1, 0, 0, 0, 0, 1, 1, 0, 1, 1, 0, 1, 0, 0], [1, 1, 0, 1, 1, 0, 1, 1, 0, 1, 1, 0, 1, 1, 0, 1, 1, 0, 1, 0, 1, 1, 1, 0, 1, 1, 0, 1, 0, 0], [1, 1, 0, 1, 1, 0, 1, 1, 0, 1, 1, 0, 1, 1, 0, 1, 1, 0, 1, 1, 0, 1, 1, 0, 1, 0, 1, 1, 0, 0], [1, 1, 0, 1, 1, 0, 1, 1, 0, 1, 1, 0, 1, 1, 0, 1, 1, 0, 1, 1, 0, 1, 1, 0, 1, 1, 0, 1, 0, 0]]
[solve] probs=[0.00390625, 0.0078125, 0.0078125, 0.00390625, 0.00390625, 0.0078125, 0.96484375]
[choco-best] objective=None probability=None solution=None
[parallel 251/274] path=data/miplib_benders/qaoa_problems/nvars_10/supportcase6_ds_qaoa_c733_c745_c747_0001.json status=ok wall=2958.6150069329888 peak_mb=421.6171875 choco_obj=
[problem] supportcase6_ds_qaoa_c745_c747_0001 path=data/miplib_benders/qaoa_problems/nvars_10/supportcase6_ds_qaoa_c745_c747_0001.json
[input] n_int=10 n_bin=30 n_constr=2
[input] A=[[0, 1, 1, 1, 1, 0, 1, 1, 1, 1], [1, 1, 1, 1, 1, 1, 1, 1, 1, 1]] b=[1, 1] c=[151847000, 150892000, 134333000, 145944000, 144887000, 151847000, 150892000, 134333000, 145944000, 144887000]
[encoding]
  B100166(7) = B100166_7__b0 + 2*B100166_7__b1 + 4*B100166_7__b2
  B100594(7) = B100594_7__b0 + 2*B100594_7__b1 + 4*B100594_7__b2
  B100600(7) = B100600_7__b0 + 2*B100600_7__b1 + 4*B100600_7__b2
  B100602(7) = B100602_7__b0 + 2*B100602_7__b1 + 4*B100602_7__b2
  B100608(7) = B100608_7__b0 + 2*B100608_7__b1 + 4*B100608_7__b2
  B100623(7) = B100623_7__b0 + 2*B100623_7__b1 + 4*B100623_7__b2
  B101029(7) = B101029_7__b0 + 2*B101029_7__b1 + 4*B101029_7__b2
  B101035(7) = B101035_7__b0 + 2*B101035_7__b1 + 4*B101035_7__b2
  B101037(7) = B101037_7__b0 + 2*B101037_7__b1 + 4*B101037_7__b2
  B101043(7) = B101043_7__b0 + 2*B101043_7__b1 + 4*B101043_7__b2
[expanded] A_binary=[[0, 0, 0, 1, 2, 4, 1, 2, 4, 1, 2, 4, 1, 2, 4, 0, 0, 0, 1, 2, 4, 1, 2, 4, 1, 2, 4, 1, 2, 4], [1, 2, 4, 1, 2, 4, 1, 2, 4, 1, 2, 4, 1, 2, 4, 1, 2, 4, 1, 2, 4, 1, 2, 4, 1, 2, 4, 1, 2, 4]] b=[1, 1]
[expanded] lin_constr_mtx=[[0, 0, 0, 1, 2, 4, 1, 2, 4, 1, 2, 4, 1, 2, 4, 0, 0, 0, 1, 2, 4, 1, 2, 4, 1, 2, 4, 1, 2, 4, 1], [1, 2, 4, 1, 2, 4, 1, 2, 4, 1, 2, 4, 1, 2, 4, 1, 2, 4, 1, 2, 4, 1, 2, 4, 1, 2, 4, 1, 2, 4, 1]]
Set parameter Username
[classical] objective=150892000.0 solution={'B100166(7)': 0, 'B100594(7)': 1, 'B100600(7)': 0, 'B100602(7)': 0, 'B100608(7)': 0, 'B100623(7)': 0, 'B101029(7)': 0, 'B101035(7)': 0, 'B101037(7)': 0, 'B101043(7)': 0}
[circuit] metrics=[309, 62, 138, 333]
[solve] start
[solve] states=[[1, 1, 0, 1, 0, 1, 1, 1, 0, 1, 1, 0, 1, 1, 0, 1, 1, 0, 1, 1, 0, 1, 1, 0, 1, 1, 0, 1, 0, 0], [1, 1, 0, 1, 1, 0, 1, 0, 1, 1, 1, 0, 1, 1, 0, 1, 1, 0, 1, 1, 0, 1, 1, 0, 1, 1, 0, 1, 0, 0], [1, 1, 0, 1, 1, 0, 1, 1, 0, 1, 0, 1, 1, 1, 0, 1, 1, 0, 1, 1, 0, 1, 1, 0, 1, 1, 0, 1, 0, 0], [1, 1, 0, 1, 1, 0, 1, 1, 0, 1, 1, 0, 0, 0, 0, 1, 1, 0, 1, 1, 0, 1, 0, 1, 1, 1, 0, 1, 0, 0], [1, 1, 0, 1, 1, 0, 1, 1, 0, 1, 1, 0, 0, 0, 0, 1, 1, 0, 1, 1, 0, 1, 1, 0, 1, 1, 0, 1, 0, 0], [1, 1, 0, 1, 1, 0, 1, 1, 0, 1, 1, 0, 1, 1, 0, 1, 0, 1, 1, 1, 0, 1, 1, 0, 1, 1, 0, 1, 0, 0], [1, 1, 0, 1, 1, 0, 1, 1, 0, 1, 1, 0, 1, 1, 0, 1, 1, 0, 0, 0, 0, 1, 1, 0, 1, 1, 0, 1, 0, 0], [1, 1, 0, 1, 1, 0, 1, 1, 0, 1, 1, 0, 1, 1, 0, 1, 1, 0, 1, 0, 1, 1, 1, 0, 1, 1, 0, 1, 0, 0], [1, 1, 0, 1, 1, 0, 1, 1, 0, 1, 1, 0, 1, 1, 0, 1, 1, 0, 1, 1, 0, 1, 0, 1, 1, 1, 0, 1, 0, 0], [1, 1, 0, 1, 1, 0, 1, 1, 0, 1, 1, 0, 1, 1, 0, 1, 1, 0, 1, 1, 0, 1, 1, 0, 1, 0, 1, 1, 0, 0], [1, 1, 0, 1, 1, 0, 1, 1, 0, 1, 1, 0, 1, 1, 0, 1, 1, 0, 1, 1, 0, 1, 1, 0, 1, 1, 0, 1, 0, 0]]
[solve] probs=[0.0078125, 0.00390625, 0.00390625, 0.00390625, 0.00390625, 0.00390625, 0.01171875, 0.00390625, 0.00390625, 0.0078125, 0.9453125]
[choco-best] objective=None probability=None solution=None
[parallel 252/274] path=data/miplib_benders/qaoa_problems/nvars_10/supportcase6_ds_qaoa_c733_c745_c747_0004.json status=ok wall=1929.0155266070506 peak_mb=425.6953125 choco_obj=
[problem] supportcase6_ds_qaoa_c745_c747_0002 path=data/miplib_benders/qaoa_problems/nvars_10/supportcase6_ds_qaoa_c745_c747_0002.json
[input] n_int=10 n_bin=30 n_constr=2
[input] A=[[1, 1, 1, 1, 0, 1, 1, 1, 1, 0], [1, 1, 1, 1, 1, 1, 1, 1, 1, 1]] b=[1, 1] c=[150892000, 134333000, 145944000, 144887000, 151847000, 150892000, 134333000, 145944000, 144887000, 151847000]
[encoding]
  B100594(7) = B100594_7__b0 + 2*B100594_7__b1 + 4*B100594_7__b2
  B100600(7) = B100600_7__b0 + 2*B100600_7__b1 + 4*B100600_7__b2
  B100602(7) = B100602_7__b0 + 2*B100602_7__b1 + 4*B100602_7__b2
  B100608(7) = B100608_7__b0 + 2*B100608_7__b1 + 4*B100608_7__b2
  B100623(7) = B100623_7__b0 + 2*B100623_7__b1 + 4*B100623_7__b2
  B101029(7) = B101029_7__b0 + 2*B101029_7__b1 + 4*B101029_7__b2
  B101035(7) = B101035_7__b0 + 2*B101035_7__b1 + 4*B101035_7__b2
  B101037(7) = B101037_7__b0 + 2*B101037_7__b1 + 4*B101037_7__b2
  B101043(7) = B101043_7__b0 + 2*B101043_7__b1 + 4*B101043_7__b2
  B101058(7) = B101058_7__b0 + 2*B101058_7__b1 + 4*B101058_7__b2
[expanded] A_binary=[[1, 2, 4, 1, 2, 4, 1, 2, 4, 1, 2, 4, 0, 0, 0, 1, 2, 4, 1, 2, 4, 1, 2, 4, 1, 2, 4, 0, 0, 0], [1, 2, 4, 1, 2, 4, 1, 2, 4, 1, 2, 4, 1, 2, 4, 1, 2, 4, 1, 2, 4, 1, 2, 4, 1, 2, 4, 1, 2, 4]] b=[1, 1]
[expanded] lin_constr_mtx=[[1, 2, 4, 1, 2, 4, 1, 2, 4, 1, 2, 4, 0, 0, 0, 1, 2, 4, 1, 2, 4, 1, 2, 4, 1, 2, 4, 0, 0, 0, 1], [1, 2, 4, 1, 2, 4, 1, 2, 4, 1, 2, 4, 1, 2, 4, 1, 2, 4, 1, 2, 4, 1, 2, 4, 1, 2, 4, 1, 2, 4, 1]]
Set parameter Username
[classical] objective=150892000.0 solution={'B100594(7)': 1, 'B100600(7)': 0, 'B100602(7)': 0, 'B100608(7)': 0, 'B100623(7)': 0, 'B101029(7)': 0, 'B101035(7)': 0, 'B101037(7)': 0, 'B101043(7)': 0, 'B101058(7)': 0}
[circuit] metrics=[309, 62, 138, 333]
[solve] start
[solve] states=[[1, 0, 1, 1, 1, 0, 1, 1, 0, 1, 1, 0, 1, 1, 0, 1, 1, 0, 1, 1, 0, 1, 1, 0, 1, 1, 0, 1, 0, 0], [1, 1, 0, 1, 0, 1, 1, 1, 0, 1, 1, 0, 1, 1, 0, 1, 1, 0, 1, 1, 0, 1, 1, 0, 1, 1, 0, 1, 0, 0], [1, 1, 0, 1, 1, 0, 0, 0, 0, 1, 1, 0, 1, 1, 0, 1, 1, 0, 1, 1, 0, 1, 1, 0, 1, 1, 0, 1, 0, 0], [1, 1, 0, 1, 1, 0, 1, 0, 1, 1, 1, 0, 1, 1, 0, 1, 1, 0, 1, 1, 0, 1, 1, 0, 1, 1, 0, 1, 0, 0], [1, 1, 0, 1, 1, 0, 1, 1, 0, 0, 0, 0, 1, 1, 0, 1, 1, 0, 1, 1, 0, 1, 1, 0, 1, 1, 0, 1, 0, 0], [1, 1, 0, 1, 1, 0, 1, 1, 0, 1, 0, 1, 1, 1, 0, 1, 1, 0, 1, 1, 0, 1, 1, 0, 1, 1, 0, 1, 0, 0], [1, 1, 0, 1, 1, 0, 1, 1, 0, 1, 1, 0, 0, 0, 0, 1, 1, 0, 1, 1, 0, 1, 1, 0, 1, 1, 0, 1, 0, 0], [1, 1, 0, 1, 1, 0, 1, 1, 0, 1, 1, 0, 1, 0, 1, 1, 1, 0, 1, 1, 0, 1, 1, 0, 1, 1, 0, 1, 0, 0], [1, 1, 0, 1, 1, 0, 1, 1, 0, 1, 1, 0, 1, 1, 0, 0, 0, 0, 1, 1, 0, 1, 0, 1, 1, 1, 0, 1, 0, 0], [1, 1, 0, 1, 1, 0, 1, 1, 0, 1, 1, 0, 1, 1, 0, 1, 0, 1, 1, 1, 0, 0, 0, 0, 1, 1, 0, 1, 0, 0], [1, 1, 0, 1, 1, 0, 1, 1, 0, 1, 1, 0, 1, 1, 0, 1, 1, 0, 0, 0, 0, 1, 1, 0, 1, 1, 0, 1, 0, 0], [1, 1, 0, 1, 1, 0, 1, 1, 0, 1, 1, 0, 1, 1, 0, 1, 1, 0, 1, 1, 0, 0, 0, 0, 1, 1, 0, 1, 0, 0], [1, 1, 0, 1, 1, 0, 1, 1, 0, 1, 1, 0, 1, 1, 0, 1, 1, 0, 1, 1, 0, 1, 0, 1, 1, 1, 0, 1, 0, 0], [1, 1, 0, 1, 1, 0, 1, 1, 0, 1, 1, 0, 1, 1, 0, 1, 1, 0, 1, 1, 0, 1, 1, 0, 0, 0, 0, 1, 0, 0], [1, 1, 0, 1, 1, 0, 1, 1, 0, 1, 1, 0, 1, 1, 0, 1, 1, 0, 1, 1, 0, 1, 1, 0, 1, 0, 1, 1, 0, 0], [1, 1, 0, 1, 1, 0, 1, 1, 0, 1, 1, 0, 1, 1, 0, 1, 1, 0, 1, 1, 0, 1, 1, 0, 1, 1, 0, 1, 0, 0]]
[solve] probs=[0.0078125, 0.00390625, 0.00390625, 0.00390625, 0.00390625, 0.00390625, 0.0078125, 0.0078125, 0.00390625, 0.00390625, 0.00390625, 0.0078125, 0.00390625, 0.015625, 0.0078125, 0.91015625]
[choco-best] objective=None probability=None solution=None
[parallel 253/274] path=data/miplib_benders/qaoa_problems/nvars_10/supportcase6_ds_qaoa_c745_c747_0001.json status=ok wall=1661.5463804299943 peak_mb=418.3125 choco_obj=
[problem] supportcase6_ds_qaoa_c745_c747_0003 path=data/miplib_benders/qaoa_problems/nvars_10/supportcase6_ds_qaoa_c745_c747_0003.json
[input] n_int=10 n_bin=30 n_constr=2
[input] A=[[1, 1, 1, 0, 1, 1, 1, 1, 0, 1], [1, 1, 1, 1, 1, 1, 1, 1, 1, 1]] b=[1, 1] c=[134333000, 145944000, 144887000, 151847000, 150892000, 134333000, 145944000, 144887000, 151847000, 150892000]
[encoding]
  B100600(7) = B100600_7__b0 + 2*B100600_7__b1 + 4*B100600_7__b2
  B100602(7) = B100602_7__b0 + 2*B100602_7__b1 + 4*B100602_7__b2
  B100608(7) = B100608_7__b0 + 2*B100608_7__b1 + 4*B100608_7__b2
  B100623(7) = B100623_7__b0 + 2*B100623_7__b1 + 4*B100623_7__b2
  B101029(7) = B101029_7__b0 + 2*B101029_7__b1 + 4*B101029_7__b2
  B101035(7) = B101035_7__b0 + 2*B101035_7__b1 + 4*B101035_7__b2
  B101037(7) = B101037_7__b0 + 2*B101037_7__b1 + 4*B101037_7__b2
  B101043(7) = B101043_7__b0 + 2*B101043_7__b1 + 4*B101043_7__b2
  B101058(7) = B101058_7__b0 + 2*B101058_7__b1 + 4*B101058_7__b2
  B101479(7) = B101479_7__b0 + 2*B101479_7__b1 + 4*B101479_7__b2
[expanded] A_binary=[[1, 2, 4, 1, 2, 4, 1, 2, 4, 0, 0, 0, 1, 2, 4, 1, 2, 4, 1, 2, 4, 1, 2, 4, 0, 0, 0, 1, 2, 4], [1, 2, 4, 1, 2, 4, 1, 2, 4, 1, 2, 4, 1, 2, 4, 1, 2, 4, 1, 2, 4, 1, 2, 4, 1, 2, 4, 1, 2, 4]] b=[1, 1]
[expanded] lin_constr_mtx=[[1, 2, 4, 1, 2, 4, 1, 2, 4, 0, 0, 0, 1, 2, 4, 1, 2, 4, 1, 2, 4, 1, 2, 4, 0, 0, 0, 1, 2, 4, 1], [1, 2, 4, 1, 2, 4, 1, 2, 4, 1, 2, 4, 1, 2, 4, 1, 2, 4, 1, 2, 4, 1, 2, 4, 1, 2, 4, 1, 2, 4, 1]]
Set parameter Username
[classical] objective=150892000.0 solution={'B100600(7)': 0, 'B100602(7)': 0, 'B100608(7)': 0, 'B100623(7)': 0, 'B101029(7)': 1, 'B101035(7)': 0, 'B101037(7)': 0, 'B101043(7)': 0, 'B101058(7)': 0, 'B101479(7)': 0}
[circuit] metrics=[309, 62, 138, 333]
[solve] start
[solve] states=[[1, 0, 1, 1, 1, 0, 1, 1, 0, 1, 0, 1, 1, 1, 0, 1, 1, 0, 1, 1, 0, 1, 0, 0, 1, 1, 0, 1, 1, 0], [1, 0, 1, 1, 1, 0, 1, 1, 0, 1, 1, 0, 1, 1, 0, 1, 1, 0, 1, 1, 0, 1, 0, 0, 1, 1, 0, 0, 0, 0], [1, 0, 1, 1, 1, 0, 1, 1, 0, 1, 1, 0, 1, 1, 0, 1, 1, 0, 1, 1, 0, 1, 0, 0, 1, 1, 0, 1, 1, 0], [1, 1, 0, 1, 0, 1, 1, 1, 0, 1, 1, 0, 1, 1, 0, 1, 1, 0, 1, 1, 0, 1, 0, 0, 1, 1, 0, 1, 1, 0], [1, 1, 0, 1, 1, 0, 0, 0, 0, 1, 1, 0, 0, 0, 0, 1, 1, 0, 1, 1, 0, 1, 0, 0, 1, 1, 0, 1, 1, 0], [1, 1, 0, 1, 1, 0, 0, 0, 0, 1, 1, 0, 1, 1, 0, 1, 1, 0, 1, 0, 1, 1, 0, 0, 1, 1, 0, 1, 1, 0], [1, 1, 0, 1, 1, 0, 0, 0, 0, 1, 1, 0, 1, 1, 0, 1, 1, 0, 1, 1, 0, 1, 0, 0, 1, 1, 0, 1, 0, 1], [1, 1, 0, 1, 1, 0, 0, 0, 0, 1, 1, 0, 1, 1, 0, 1, 1, 0, 1, 1, 0, 1, 0, 0, 1, 1, 0, 1, 1, 0], [1, 1, 0, 1, 1, 0, 1, 0, 1, 1, 1, 0, 0, 0, 0, 1, 1, 0, 1, 1, 0, 1, 0, 0, 1, 1, 0, 1, 1, 0], [1, 1, 0, 1, 1, 0, 1, 0, 1, 1, 1, 0, 1, 1, 0, 1, 1, 0, 1, 1, 0, 1, 0, 0, 1, 1, 0, 0, 0, 0], [1, 1, 0, 1, 1, 0, 1, 0, 1, 1, 1, 0, 1, 1, 0, 1, 1, 0, 1, 1, 0, 1, 0, 0, 1, 1, 0, 1, 1, 0], [1, 1, 0, 1, 1, 0, 1, 1, 0, 0, 1, 0, 1, 1, 0, 1, 1, 0, 1, 0, 1, 1, 0, 0, 1, 0, 0, 1, 1, 0], [1, 1, 0, 1, 1, 0, 1, 1, 0, 1, 0, 1, 1, 1, 0, 1, 1, 0, 0, 0, 0, 1, 0, 0, 1, 1, 0, 1, 1, 0], [1, 1, 0, 1, 1, 0, 1, 1, 0, 1, 0, 1, 1, 1, 0, 1, 1, 0, 1, 0, 1, 1, 0, 0, 1, 1, 0, 1, 1, 0], [1, 1, 0, 1, 1, 0, 1, 1, 0, 1, 0, 1, 1, 1, 0, 1, 1, 0, 1, 1, 0, 1, 0, 0, 1, 1, 0, 1, 1, 0], [1, 1, 0, 1, 1, 0, 1, 1, 0, 1, 1, 0, 0, 0, 0, 1, 1, 0, 1, 1, 0, 1, 0, 0, 1, 0, 1, 1, 1, 0], [1, 1, 0, 1, 1, 0, 1, 1, 0, 1, 1, 0, 0, 0, 0, 1, 1, 0, 1, 1, 0, 1, 0, 0, 1, 1, 0, 1, 1, 0], [1, 1, 0, 1, 1, 0, 1, 1, 0, 1, 1, 0, 1, 0, 0, 1, 1, 0, 0, 1, 0, 1, 0, 0, 1, 1, 0, 1, 1, 0], [1, 1, 0, 1, 1, 0, 1, 1, 0, 1, 1, 0, 1, 0, 1, 1, 1, 0, 1, 1, 0, 1, 0, 0, 1, 1, 0, 1, 1, 0], [1, 1, 0, 1, 1, 0, 1, 1, 0, 1, 1, 0, 1, 1, 0, 0, 0, 0, 0, 0, 0, 1, 0, 0, 1, 1, 0, 1, 1, 0], [1, 1, 0, 1, 1, 0, 1, 1, 0, 1, 1, 0, 1, 1, 0, 0, 0, 0, 1, 1, 0, 1, 0, 0, 0, 0, 0, 1, 1, 0], [1, 1, 0, 1, 1, 0, 1, 1, 0, 1, 1, 0, 1, 1, 0, 0, 0, 0, 1, 1, 0, 1, 0, 0, 1, 1, 0, 1, 1, 0], [1, 1, 0, 1, 1, 0, 1, 1, 0, 1, 1, 0, 1, 1, 0, 1, 0, 0, 1, 1, 0, 0, 0, 0, 1, 1, 0, 1, 1, 0], [1, 1, 0, 1, 1, 0, 1, 1, 0, 1, 1, 0, 1, 1, 0, 1, 0, 1, 0, 0, 0, 1, 0, 0, 1, 1, 0, 1, 1, 0], [1, 1, 0, 1, 1, 0, 1, 1, 0, 1, 1, 0, 1, 1, 0, 1, 0, 1, 1, 1, 0, 1, 0, 0, 1, 0, 1, 1, 1, 0], [1, 1, 0, 1, 1, 0, 1, 1, 0, 1, 1, 0, 1, 1, 0, 1, 0, 1, 1, 1, 0, 1, 0, 0, 1, 1, 0, 1, 1, 0], [1, 1, 0, 1, 1, 0, 1, 1, 0, 1, 1, 0, 1, 1, 0, 1, 1, 0, 0, 0, 0, 1, 0, 0, 0, 0, 0, 1, 1, 0], [1, 1, 0, 1, 1, 0, 1, 1, 0, 1, 1, 0, 1, 1, 0, 1, 1, 0, 0, 0, 0, 1, 0, 0, 1, 1, 0, 1, 1, 0], [1, 1, 0, 1, 1, 0, 1, 1, 0, 1, 1, 0, 1, 1, 0, 1, 1, 0, 1, 0, 1, 1, 0, 0, 1, 1, 0, 0, 0, 0], [1, 1, 0, 1, 1, 0, 1, 1, 0, 1, 1, 0, 1, 1, 0, 1, 1, 0, 1, 0, 1, 1, 0, 0, 1, 1, 0, 1, 0, 1], [1, 1, 0, 1, 1, 0, 1, 1, 0, 1, 1, 0, 1, 1, 0, 1, 1, 0, 1, 0, 1, 1, 0, 0, 1, 1, 0, 1, 1, 0], [1, 1, 0, 1, 1, 0, 1, 1, 0, 1, 1, 0, 1, 1, 0, 1, 1, 0, 1, 1, 0, 1, 0, 0, 0, 0, 0, 1, 0, 1], [1, 1, 0, 1, 1, 0, 1, 1, 0, 1, 1, 0, 1, 1, 0, 1, 1, 0, 1, 1, 0, 1, 0, 0, 0, 0, 0, 1, 1, 0], [1, 1, 0, 1, 1, 0, 1, 1, 0, 1, 1, 0, 1, 1, 0, 1, 1, 0, 1, 1, 0, 1, 0, 0, 1, 0, 1, 0, 0, 0], [1, 1, 0, 1, 1, 0, 1, 1, 0, 1, 1, 0, 1, 1, 0, 1, 1, 0, 1, 1, 0, 1, 0, 0, 1, 0, 1, 1, 1, 0], [1, 1, 0, 1, 1, 0, 1, 1, 0, 1, 1, 0, 1, 1, 0, 1, 1, 0, 1, 1, 0, 1, 0, 0, 1, 1, 0, 0, 0, 0], [1, 1, 0, 1, 1, 0, 1, 1, 0, 1, 1, 0, 1, 1, 0, 1, 1, 0, 1, 1, 0, 1, 0, 0, 1, 1, 0, 1, 0, 1], [1, 1, 0, 1, 1, 0, 1, 1, 0, 1, 1, 0, 1, 1, 0, 1, 1, 0, 1, 1, 0, 1, 0, 0, 1, 1, 0, 1, 1, 0]]
[solve] probs=[0.00390625, 0.00390625, 0.0234375, 0.015625, 0.00390625, 0.00390625, 0.00390625, 0.0390625, 0.00390625, 0.00390625, 0.00390625, 0.00390625, 0.00390625, 0.00390625, 0.03515625, 0.00390625, 0.02734375, 0.00390625, 0.01171875, 0.00390625, 0.00390625, 0.03515625, 0.00390625, 0.00390625, 0.00390625, 0.01953125, 0.00390625, 0.0078125, 0.00390625, 0.00390625, 0.0078125, 0.00390625, 0.01171875, 0.00390625, 0.01953125, 0.0234375, 0.01953125, 0.61328125]
[choco-best] objective=None probability=None solution=None
[parallel 254/274] path=data/miplib_benders/qaoa_problems/nvars_10/supportcase6_ds_qaoa_c733_c745_c747_0003.json status=ok wall=3693.678426587023 peak_mb=437.90234375 choco_obj=
[problem] supportcase6_ds_qaoa_c745_c747_0004 path=data/miplib_benders/qaoa_problems/nvars_10/supportcase6_ds_qaoa_c745_c747_0004.json
[input] n_int=10 n_bin=30 n_constr=2
[input] A=[[1, 1, 0, 1, 1, 1, 1, 0, 1, 1], [1, 1, 1, 1, 1, 1, 1, 1, 1, 1]] b=[1, 1] c=[145944000, 144887000, 151847000, 150892000, 134333000, 145944000, 144887000, 151847000, 150892000, 134333000]
[encoding]
  B100602(7) = B100602_7__b0 + 2*B100602_7__b1 + 4*B100602_7__b2
  B100608(7) = B100608_7__b0 + 2*B100608_7__b1 + 4*B100608_7__b2
  B100623(7) = B100623_7__b0 + 2*B100623_7__b1 + 4*B100623_7__b2
  B101029(7) = B101029_7__b0 + 2*B101029_7__b1 + 4*B101029_7__b2
  B101035(7) = B101035_7__b0 + 2*B101035_7__b1 + 4*B101035_7__b2
  B101037(7) = B101037_7__b0 + 2*B101037_7__b1 + 4*B101037_7__b2
  B101043(7) = B101043_7__b0 + 2*B101043_7__b1 + 4*B101043_7__b2
  B101058(7) = B101058_7__b0 + 2*B101058_7__b1 + 4*B101058_7__b2
  B101479(7) = B101479_7__b0 + 2*B101479_7__b1 + 4*B101479_7__b2
  B101485(7) = B101485_7__b0 + 2*B101485_7__b1 + 4*B101485_7__b2
[expanded] A_binary=[[1, 2, 4, 1, 2, 4, 0, 0, 0, 1, 2, 4, 1, 2, 4, 1, 2, 4, 1, 2, 4, 0, 0, 0, 1, 2, 4, 1, 2, 4], [1, 2, 4, 1, 2, 4, 1, 2, 4, 1, 2, 4, 1, 2, 4, 1, 2, 4, 1, 2, 4, 1, 2, 4, 1, 2, 4, 1, 2, 4]] b=[1, 1]
[expanded] lin_constr_mtx=[[1, 2, 4, 1, 2, 4, 0, 0, 0, 1, 2, 4, 1, 2, 4, 1, 2, 4, 1, 2, 4, 0, 0, 0, 1, 2, 4, 1, 2, 4, 1], [1, 2, 4, 1, 2, 4, 1, 2, 4, 1, 2, 4, 1, 2, 4, 1, 2, 4, 1, 2, 4, 1, 2, 4, 1, 2, 4, 1, 2, 4, 1]]
Set parameter Username
[classical] objective=150892000.0 solution={'B100602(7)': 0, 'B100608(7)': 0, 'B100623(7)': 0, 'B101029(7)': 1, 'B101035(7)': 0, 'B101037(7)': 0, 'B101043(7)': 0, 'B101058(7)': 0, 'B101479(7)': 0, 'B101485(7)': 0}
[circuit] metrics=[309, 62, 138, 333]
[solve] start
[solve] states=[[1, 1, 0, 1, 0, 1, 1, 1, 0, 1, 1, 0, 1, 1, 0, 1, 1, 0, 0, 0, 0, 1, 1, 0, 1, 1, 0, 1, 0, 0], [1, 1, 0, 1, 0, 1, 1, 1, 0, 1, 1, 0, 1, 1, 0, 1, 1, 0, 1, 1, 0, 1, 1, 0, 1, 0, 1, 1, 0, 0], [1, 1, 0, 1, 1, 0, 0, 0, 0, 1, 1, 0, 1, 1, 0, 1, 1, 0, 1, 1, 0, 1, 1, 0, 1, 1, 0, 1, 0, 0], [1, 1, 0, 1, 1, 0, 1, 0, 1, 1, 1, 0, 1, 1, 0, 1, 1, 0, 1, 1, 0, 1, 1, 0, 1, 1, 0, 1, 0, 0], [1, 1, 0, 1, 1, 0, 1, 1, 0, 1, 0, 1, 1, 1, 0, 1, 1, 0, 1, 1, 0, 1, 1, 0, 1, 1, 0, 1, 0, 0], [1, 1, 0, 1, 1, 0, 1, 1, 0, 1, 1, 0, 1, 0, 1, 1, 1, 0, 1, 1, 0, 1, 1, 0, 1, 1, 0, 1, 0, 0], [1, 1, 0, 1, 1, 0, 1, 1, 0, 1, 1, 0, 1, 1, 0, 0, 0, 0, 1, 1, 0, 1, 1, 0, 1, 1, 0, 1, 0, 0], [1, 1, 0, 1, 1, 0, 1, 1, 0, 1, 1, 0, 1, 1, 0, 1, 0, 1, 1, 1, 0, 1, 1, 0, 1, 1, 0, 1, 0, 0], [1, 1, 0, 1, 1, 0, 1, 1, 0, 1, 1, 0, 1, 1, 0, 1, 1, 0, 1, 0, 1, 1, 1, 0, 1, 1, 0, 1, 0, 0], [1, 1, 0, 1, 1, 0, 1, 1, 0, 1, 1, 0, 1, 1, 0, 1, 1, 0, 1, 1, 0, 0, 0, 0, 1, 1, 0, 1, 0, 0], [1, 1, 0, 1, 1, 0, 1, 1, 0, 1, 1, 0, 1, 1, 0, 1, 1, 0, 1, 1, 0, 1, 1, 0, 1, 1, 0, 1, 0, 0]]
[solve] probs=[0.00390625, 0.00390625, 0.00390625, 0.00390625, 0.00390625, 0.00390625, 0.01171875, 0.00390625, 0.00390625, 0.00390625, 0.953125]
[choco-best] objective=None probability=None solution=None
[parallel 255/274] path=data/miplib_benders/qaoa_problems/nvars_10/supportcase6_ds_qaoa_c745_c747_0003.json status=ok wall=1352.7280591940507 peak_mb=418.0546875 choco_obj=
[problem] supportcase6_ds_qaoa_c745_c747_0005 path=data/miplib_benders/qaoa_problems/nvars_10/supportcase6_ds_qaoa_c745_c747_0005.json
[input] n_int=10 n_bin=30 n_constr=2
[input] A=[[1, 0, 1, 1, 1, 1, 0, 1, 1, 1], [1, 1, 1, 1, 1, 1, 1, 1, 1, 1]] b=[1, 1] c=[144887000, 151847000, 150892000, 134333000, 145944000, 144887000, 151847000, 150892000, 134333000, 145944000]
[encoding]
  B100608(7) = B100608_7__b0 + 2*B100608_7__b1 + 4*B100608_7__b2
  B100623(7) = B100623_7__b0 + 2*B100623_7__b1 + 4*B100623_7__b2
  B101029(7) = B101029_7__b0 + 2*B101029_7__b1 + 4*B101029_7__b2
  B101035(7) = B101035_7__b0 + 2*B101035_7__b1 + 4*B101035_7__b2
  B101037(7) = B101037_7__b0 + 2*B101037_7__b1 + 4*B101037_7__b2
  B101043(7) = B101043_7__b0 + 2*B101043_7__b1 + 4*B101043_7__b2
  B101058(7) = B101058_7__b0 + 2*B101058_7__b1 + 4*B101058_7__b2
  B101479(7) = B101479_7__b0 + 2*B101479_7__b1 + 4*B101479_7__b2
  B101485(7) = B101485_7__b0 + 2*B101485_7__b1 + 4*B101485_7__b2
  B101487(7) = B101487_7__b0 + 2*B101487_7__b1 + 4*B101487_7__b2
[expanded] A_binary=[[1, 2, 4, 0, 0, 0, 1, 2, 4, 1, 2, 4, 1, 2, 4, 1, 2, 4, 0, 0, 0, 1, 2, 4, 1, 2, 4, 1, 2, 4], [1, 2, 4, 1, 2, 4, 1, 2, 4, 1, 2, 4, 1, 2, 4, 1, 2, 4, 1, 2, 4, 1, 2, 4, 1, 2, 4, 1, 2, 4]] b=[1, 1]
[expanded] lin_constr_mtx=[[1, 2, 4, 0, 0, 0, 1, 2, 4, 1, 2, 4, 1, 2, 4, 1, 2, 4, 0, 0, 0, 1, 2, 4, 1, 2, 4, 1, 2, 4, 1], [1, 2, 4, 1, 2, 4, 1, 2, 4, 1, 2, 4, 1, 2, 4, 1, 2, 4, 1, 2, 4, 1, 2, 4, 1, 2, 4, 1, 2, 4, 1]]
Set parameter Username
[classical] objective=150892000.0 solution={'B100608(7)': 0, 'B100623(7)': 0, 'B101029(7)': 1, 'B101035(7)': 0, 'B101037(7)': 0, 'B101043(7)': 0, 'B101058(7)': 0, 'B101479(7)': 0, 'B101485(7)': 0, 'B101487(7)': 0}
[circuit] metrics=[309, 62, 138, 333]
[solve] start
[solve] states=[[1, 0, 1, 1, 1, 0, 0, 0, 0, 1, 1, 0, 1, 1, 0, 1, 1, 0, 1, 1, 0, 1, 1, 0, 1, 0, 0, 1, 1, 0], [1, 0, 1, 1, 1, 0, 1, 1, 0, 1, 1, 0, 1, 1, 0, 1, 1, 0, 1, 1, 0, 1, 1, 0, 1, 0, 0, 1, 1, 0], [1, 1, 0, 0, 0, 0, 1, 1, 0, 1, 1, 0, 1, 1, 0, 0, 0, 0, 1, 1, 0, 1, 1, 0, 1, 0, 0, 1, 1, 0], [1, 1, 0, 0, 0, 0, 1, 1, 0, 1, 1, 0, 1, 1, 0, 1, 1, 0, 1, 1, 0, 1, 1, 0, 1, 0, 0, 1, 1, 0], [1, 1, 0, 1, 0, 1, 1, 1, 0, 1, 1, 0, 1, 1, 0, 1, 1, 0, 1, 1, 0, 1, 1, 0, 1, 0, 0, 1, 1, 0], [1, 1, 0, 1, 1, 0, 0, 0, 0, 1, 1, 0, 1, 1, 0, 1, 1, 0, 1, 1, 0, 1, 1, 0, 1, 0, 0, 1, 1, 0], [1, 1, 0, 1, 1, 0, 1, 0, 1, 1, 1, 0, 1, 1, 0, 1, 1, 0, 1, 1, 0, 1, 1, 0, 1, 0, 0, 1, 1, 0], [1, 1, 0, 1, 1, 0, 1, 1, 0, 0, 0, 0, 1, 1, 0, 1, 1, 0, 1, 1, 0, 1, 1, 0, 1, 0, 0, 1, 1, 0], [1, 1, 0, 1, 1, 0, 1, 1, 0, 1, 0, 1, 1, 1, 0, 1, 1, 0, 1, 1, 0, 1, 1, 0, 1, 0, 0, 1, 1, 0], [1, 1, 0, 1, 1, 0, 1, 1, 0, 1, 1, 0, 1, 0, 1, 1, 1, 0, 1, 1, 0, 1, 1, 0, 1, 0, 0, 1, 1, 0], [1, 1, 0, 1, 1, 0, 1, 1, 0, 1, 1, 0, 1, 1, 0, 0, 0, 0, 1, 1, 0, 1, 1, 0, 1, 0, 0, 1, 1, 0], [1, 1, 0, 1, 1, 0, 1, 1, 0, 1, 1, 0, 1, 1, 0, 1, 0, 1, 1, 1, 0, 1, 1, 0, 1, 0, 0, 1, 1, 0], [1, 1, 0, 1, 1, 0, 1, 1, 0, 1, 1, 0, 1, 1, 0, 1, 1, 0, 0, 0, 0, 1, 1, 0, 1, 0, 0, 1, 1, 0], [1, 1, 0, 1, 1, 0, 1, 1, 0, 1, 1, 0, 1, 1, 0, 1, 1, 0, 1, 0, 1, 1, 1, 0, 1, 0, 0, 1, 1, 0], [1, 1, 0, 1, 1, 0, 1, 1, 0, 1, 1, 0, 1, 1, 0, 1, 1, 0, 1, 1, 0, 0, 0, 0, 1, 0, 0, 1, 1, 0], [1, 1, 0, 1, 1, 0, 1, 1, 0, 1, 1, 0, 1, 1, 0, 1, 1, 0, 1, 1, 0, 1, 0, 1, 1, 0, 0, 1, 1, 0], [1, 1, 0, 1, 1, 0, 1, 1, 0, 1, 1, 0, 1, 1, 0, 1, 1, 0, 1, 1, 0, 1, 1, 0, 1, 0, 0, 0, 0, 0], [1, 1, 0, 1, 1, 0, 1, 1, 0, 1, 1, 0, 1, 1, 0, 1, 1, 0, 1, 1, 0, 1, 1, 0, 1, 0, 0, 1, 1, 0]]
[solve] probs=[0.00390625, 0.0078125, 0.0078125, 0.0078125, 0.0078125, 0.00390625, 0.0078125, 0.00390625, 0.01171875, 0.01171875, 0.02734375, 0.00390625, 0.015625, 0.00390625, 0.01953125, 0.0078125, 0.015625, 0.83203125]
[choco-best] objective=None probability=None solution=None
[parallel 256/274] path=data/miplib_benders/qaoa_problems/nvars_10/supportcase6_ds_qaoa_c745_c747_0002.json status=ok wall=2004.9881765090395 peak_mb=419.47265625 choco_obj=
[problem] supportcase6_ds_qaoa_c745_c747_c759_0001 path=data/miplib_benders/qaoa_problems/nvars_10/supportcase6_ds_qaoa_c745_c747_c759_0001.json
[input] n_int=10 n_bin=30 n_constr=3
[input] A=[[0, 1, 1, 1, 1, 0, 1, 1, 1, 1], [1, 1, 1, 1, 1, 1, 1, 1, 1, 1], [1, 1, 0, 0, 0, 1, 1, 0, 0, 0]] b=[1, 1, 1] c=[151847000, 150892000, 134333000, 145944000, 144887000, 151847000, 150892000, 134333000, 145944000, 144887000]
[encoding]
  B100166(7) = B100166_7__b0 + 2*B100166_7__b1 + 4*B100166_7__b2
  B100594(7) = B100594_7__b0 + 2*B100594_7__b1 + 4*B100594_7__b2
  B100600(7) = B100600_7__b0 + 2*B100600_7__b1 + 4*B100600_7__b2
  B100602(7) = B100602_7__b0 + 2*B100602_7__b1 + 4*B100602_7__b2
  B100608(7) = B100608_7__b0 + 2*B100608_7__b1 + 4*B100608_7__b2
  B100623(7) = B100623_7__b0 + 2*B100623_7__b1 + 4*B100623_7__b2
  B101029(7) = B101029_7__b0 + 2*B101029_7__b1 + 4*B101029_7__b2
  B101035(7) = B101035_7__b0 + 2*B101035_7__b1 + 4*B101035_7__b2
  B101037(7) = B101037_7__b0 + 2*B101037_7__b1 + 4*B101037_7__b2
  B101043(7) = B101043_7__b0 + 2*B101043_7__b1 + 4*B101043_7__b2
[expanded] A_binary=[[0, 0, 0, 1, 2, 4, 1, 2, 4, 1, 2, 4, 1, 2, 4, 0, 0, 0, 1, 2, 4, 1, 2, 4, 1, 2, 4, 1, 2, 4], [1, 2, 4, 1, 2, 4, 1, 2, 4, 1, 2, 4, 1, 2, 4, 1, 2, 4, 1, 2, 4, 1, 2, 4, 1, 2, 4, 1, 2, 4], [1, 2, 4, 1, 2, 4, 0, 0, 0, 0, 0, 0, 0, 0, 0, 1, 2, 4, 1, 2, 4, 0, 0, 0, 0, 0, 0, 0, 0, 0]] b=[1, 1, 1]
[expanded] lin_constr_mtx=[[0, 0, 0, 1, 2, 4, 1, 2, 4, 1, 2, 4, 1, 2, 4, 0, 0, 0, 1, 2, 4, 1, 2, 4, 1, 2, 4, 1, 2, 4, 1], [1, 2, 4, 1, 2, 4, 1, 2, 4, 1, 2, 4, 1, 2, 4, 1, 2, 4, 1, 2, 4, 1, 2, 4, 1, 2, 4, 1, 2, 4, 1], [1, 2, 4, 1, 2, 4, 0, 0, 0, 0, 0, 0, 0, 0, 0, 1, 2, 4, 1, 2, 4, 0, 0, 0, 0, 0, 0, 0, 0, 0, 1]]
Set parameter Username
[classical] objective=150892000.0 solution={'B100166(7)': 0, 'B100594(7)': 0, 'B100600(7)': 0, 'B100602(7)': 0, 'B100608(7)': 0, 'B100623(7)': 0, 'B101029(7)': 1, 'B101035(7)': 0, 'B101037(7)': 0, 'B101043(7)': 0}
[circuit] metrics=[229, 62, 102, 324]
[solve] start
[solve] states=[[1, 0, 1, 1, 1, 0, 1, 1, 0, 1, 1, 0, 0, 0, 0, 1, 1, 0, 1, 1, 0, 1, 1, 0, 1, 0, 0, 1, 0, 1], [1, 0, 1, 1, 1, 0, 1, 1, 0, 1, 1, 0, 1, 1, 0, 1, 0, 1, 0, 0, 0, 1, 1, 0, 1, 0, 0, 1, 1, 0], [1, 0, 1, 1, 1, 0, 1, 1, 0, 1, 1, 0, 1, 1, 0, 1, 1, 0, 1, 0, 1, 1, 1, 0, 1, 0, 0, 1, 1, 0], [1, 0, 1, 1, 1, 0, 1, 1, 0, 1, 1, 0, 1, 1, 0, 1, 1, 0, 1, 1, 0, 0, 0, 0, 1, 0, 0, 1, 1, 0], [1, 0, 1, 1, 1, 0, 1, 1, 0, 1, 1, 0, 1, 1, 0, 1, 1, 0, 1, 1, 0, 1, 0, 1, 1, 0, 0, 1, 1, 0], [1, 0, 1, 1, 1, 0, 1, 1, 0, 1, 1, 0, 1, 1, 0, 1, 1, 0, 1, 1, 0, 1, 1, 0, 1, 0, 0, 1, 1, 0], [1, 1, 0, 1, 0, 1, 1, 0, 1, 1, 1, 0, 1, 1, 0, 1, 1, 0, 1, 0, 1, 1, 1, 0, 1, 0, 0, 1, 1, 0], [1, 1, 0, 1, 0, 1, 1, 1, 0, 1, 0, 1, 0, 0, 0, 1, 1, 0, 1, 0, 1, 1, 1, 0, 1, 0, 0, 1, 1, 0], [1, 1, 0, 1, 0, 1, 1, 1, 0, 1, 1, 0, 1, 1, 0, 1, 1, 0, 1, 1, 0, 1, 1, 0, 1, 0, 0, 1, 0, 1], [1, 1, 0, 1, 0, 1, 1, 1, 0, 1, 1, 0, 1, 1, 0, 1, 1, 0, 1, 1, 0, 1, 1, 0, 1, 0, 0, 1, 1, 0], [1, 1, 0, 1, 1, 0, 1, 0, 0, 1, 1, 0, 0, 1, 0, 1, 1, 0, 1, 1, 0, 1, 1, 0, 1, 0, 0, 0, 0, 0], [1, 1, 0, 1, 1, 0, 1, 0, 1, 0, 0, 0, 1, 1, 0, 1, 1, 0, 1, 1, 0, 0, 0, 0, 1, 0, 0, 1, 1, 0], [1, 1, 0, 1, 1, 0, 1, 0, 1, 1, 1, 0, 1, 1, 0, 1, 0, 1, 1, 1, 0, 1, 1, 0, 1, 0, 0, 1, 1, 0], [1, 1, 0, 1, 1, 0, 1, 0, 1, 1, 1, 0, 1, 1, 0, 1, 1, 0, 1, 1, 0, 1, 1, 0, 1, 0, 0, 1, 1, 0], [1, 1, 0, 1, 1, 0, 1, 1, 0, 0, 0, 0, 1, 1, 0, 1, 0, 1, 1, 1, 0, 1, 0, 1, 1, 0, 0, 1, 1, 0], [1, 1, 0, 1, 1, 0, 1, 1, 0, 0, 0, 0, 1, 1, 0, 1, 1, 0, 1, 1, 0, 1, 1, 0, 1, 0, 0, 1, 1, 0], [1, 1, 0, 1, 1, 0, 1, 1, 0, 1, 0, 0, 1, 1, 0, 0, 1, 0, 1, 1, 0, 1, 1, 0, 1, 0, 0, 1, 1, 0], [1, 1, 0, 1, 1, 0, 1, 1, 0, 1, 0, 1, 1, 1, 0, 1, 0, 1, 1, 1, 0, 1, 1, 0, 1, 0, 0, 1, 1, 0], [1, 1, 0, 1, 1, 0, 1, 1, 0, 1, 0, 1, 1, 1, 0, 1, 1, 0, 1, 1, 0, 1, 1, 0, 1, 0, 0, 1, 1, 0], [1, 1, 0, 1, 1, 0, 1, 1, 0, 1, 1, 0, 0, 0, 0, 1, 1, 0, 0, 0, 0, 1, 1, 0, 1, 0, 0, 1, 1, 0], [1, 1, 0, 1, 1, 0, 1, 1, 0, 1, 1, 0, 0, 0, 0, 1, 1, 0, 1, 1, 0, 1, 0, 1, 1, 0, 0, 1, 1, 0], [1, 1, 0, 1, 1, 0, 1, 1, 0, 1, 1, 0, 0, 0, 0, 1, 1, 0, 1, 1, 0, 1, 1, 0, 1, 0, 0, 0, 0, 0], [1, 1, 0, 1, 1, 0, 1, 1, 0, 1, 1, 0, 0, 0, 0, 1, 1, 0, 1, 1, 0, 1, 1, 0, 1, 0, 0, 1, 1, 0], [1, 1, 0, 1, 1, 0, 1, 1, 0, 1, 1, 0, 1, 0, 1, 1, 0, 1, 1, 1, 0, 1, 1, 0, 1, 0, 0, 1, 0, 1], [1, 1, 0, 1, 1, 0, 1, 1, 0, 1, 1, 0, 1, 0, 1, 1, 1, 0, 1, 1, 0, 1, 1, 0, 1, 0, 0, 1, 1, 0], [1, 1, 0, 1, 1, 0, 1, 1, 0, 1, 1, 0, 1, 1, 0, 0, 0, 0, 1, 1, 0, 1, 0, 1, 1, 0, 0, 1, 1, 0], [1, 1, 0, 1, 1, 0, 1, 1, 0, 1, 1, 0, 1, 1, 0, 0, 0, 0, 1, 1, 0, 1, 1, 0, 1, 0, 0, 0, 0, 0], [1, 1, 0, 1, 1, 0, 1, 1, 0, 1, 1, 0, 1, 1, 0, 0, 0, 0, 1, 1, 0, 1, 1, 0, 1, 0, 0, 1, 1, 0], [1, 1, 0, 1, 1, 0, 1, 1, 0, 1, 1, 0, 1, 1, 0, 1, 0, 1, 1, 1, 0, 1, 0, 1, 1, 0, 0, 0, 0, 0], [1, 1, 0, 1, 1, 0, 1, 1, 0, 1, 1, 0, 1, 1, 0, 1, 0, 1, 1, 1, 0, 1, 0, 1, 1, 0, 0, 1, 1, 0], [1, 1, 0, 1, 1, 0, 1, 1, 0, 1, 1, 0, 1, 1, 0, 1, 0, 1, 1, 1, 0, 1, 1, 0, 1, 0, 0, 1, 1, 0], [1, 1, 0, 1, 1, 0, 1, 1, 0, 1, 1, 0, 1, 1, 0, 1, 1, 0, 0, 0, 0, 0, 0, 0, 1, 0, 0, 1, 1, 0], [1, 1, 0, 1, 1, 0, 1, 1, 0, 1, 1, 0, 1, 1, 0, 1, 1, 0, 0, 0, 0, 1, 1, 0, 1, 0, 0, 1, 0, 1], [1, 1, 0, 1, 1, 0, 1, 1, 0, 1, 1, 0, 1, 1, 0, 1, 1, 0, 0, 0, 0, 1, 1, 0, 1, 0, 0, 1, 1, 0], [1, 1, 0, 1, 1, 0, 1, 1, 0, 1, 1, 0, 1, 1, 0, 1, 1, 0, 1, 0, 1, 1, 1, 0, 1, 0, 0, 1, 1, 0], [1, 1, 0, 1, 1, 0, 1, 1, 0, 1, 1, 0, 1, 1, 0, 1, 1, 0, 1, 1, 0, 0, 0, 0, 1, 0, 0, 1, 1, 0], [1, 1, 0, 1, 1, 0, 1, 1, 0, 1, 1, 0, 1, 1, 0, 1, 1, 0, 1, 1, 0, 1, 0, 1, 1, 0, 0, 1, 1, 0], [1, 1, 0, 1, 1, 0, 1, 1, 0, 1, 1, 0, 1, 1, 0, 1, 1, 0, 1, 1, 0, 1, 1, 0, 1, 0, 0, 0, 0, 0], [1, 1, 0, 1, 1, 0, 1, 1, 0, 1, 1, 0, 1, 1, 0, 1, 1, 0, 1, 1, 0, 1, 1, 0, 1, 0, 0, 1, 0, 1], [1, 1, 0, 1, 1, 0, 1, 1, 0, 1, 1, 0, 1, 1, 0, 1, 1, 0, 1, 1, 0, 1, 1, 0, 1, 0, 0, 1, 1, 0]]
[solve] probs=[0.00390625, 0.00390625, 0.00390625, 0.00390625, 0.00390625, 0.02734375, 0.00390625, 0.00390625, 0.00390625, 0.0234375, 0.00390625, 0.00390625, 0.00390625, 0.01171875, 0.00390625, 0.046875, 0.00390625, 0.00390625, 0.015625, 0.0078125, 0.00390625, 0.00390625, 0.01953125, 0.00390625, 0.01953125, 0.00390625, 0.00390625, 0.01953125, 0.00390625, 0.00390625, 0.01171875, 0.00390625, 0.00390625, 0.02734375, 0.02734375, 0.02734375, 0.0234375, 0.015625, 0.03515625, 0.55078125]
[choco-best] objective=None probability=None solution=None
[parallel 257/274] path=data/miplib_benders/qaoa_problems/nvars_10/supportcase6_ds_qaoa_c733_c745_c747_0005.json status=ok wall=4143.84241507703 peak_mb=421.6015625 choco_obj=
[problem] supportcase6_ds_qaoa_c745_c747_c759_0002 path=data/miplib_benders/qaoa_problems/nvars_10/supportcase6_ds_qaoa_c745_c747_c759_0002.json
[input] n_int=10 n_bin=30 n_constr=3
[input] A=[[1, 1, 1, 1, 0, 1, 1, 1, 1, 0], [1, 1, 1, 1, 1, 1, 1, 1, 1, 1], [1, 0, 0, 0, 1, 1, 0, 0, 0, 1]] b=[1, 1, 1] c=[150892000, 134333000, 145944000, 144887000, 151847000, 150892000, 134333000, 145944000, 144887000, 151847000]
[encoding]
  B100594(7) = B100594_7__b0 + 2*B100594_7__b1 + 4*B100594_7__b2
  B100600(7) = B100600_7__b0 + 2*B100600_7__b1 + 4*B100600_7__b2
  B100602(7) = B100602_7__b0 + 2*B100602_7__b1 + 4*B100602_7__b2
  B100608(7) = B100608_7__b0 + 2*B100608_7__b1 + 4*B100608_7__b2
  B100623(7) = B100623_7__b0 + 2*B100623_7__b1 + 4*B100623_7__b2
  B101029(7) = B101029_7__b0 + 2*B101029_7__b1 + 4*B101029_7__b2
  B101035(7) = B101035_7__b0 + 2*B101035_7__b1 + 4*B101035_7__b2
  B101037(7) = B101037_7__b0 + 2*B101037_7__b1 + 4*B101037_7__b2
  B101043(7) = B101043_7__b0 + 2*B101043_7__b1 + 4*B101043_7__b2
  B101058(7) = B101058_7__b0 + 2*B101058_7__b1 + 4*B101058_7__b2
[expanded] A_binary=[[1, 2, 4, 1, 2, 4, 1, 2, 4, 1, 2, 4, 0, 0, 0, 1, 2, 4, 1, 2, 4, 1, 2, 4, 1, 2, 4, 0, 0, 0], [1, 2, 4, 1, 2, 4, 1, 2, 4, 1, 2, 4, 1, 2, 4, 1, 2, 4, 1, 2, 4, 1, 2, 4, 1, 2, 4, 1, 2, 4], [1, 2, 4, 0, 0, 0, 0, 0, 0, 0, 0, 0, 1, 2, 4, 1, 2, 4, 0, 0, 0, 0, 0, 0, 0, 0, 0, 1, 2, 4]] b=[1, 1, 1]
[expanded] lin_constr_mtx=[[1, 2, 4, 1, 2, 4, 1, 2, 4, 1, 2, 4, 0, 0, 0, 1, 2, 4, 1, 2, 4, 1, 2, 4, 1, 2, 4, 0, 0, 0, 1], [1, 2, 4, 1, 2, 4, 1, 2, 4, 1, 2, 4, 1, 2, 4, 1, 2, 4, 1, 2, 4, 1, 2, 4, 1, 2, 4, 1, 2, 4, 1], [1, 2, 4, 0, 0, 0, 0, 0, 0, 0, 0, 0, 1, 2, 4, 1, 2, 4, 0, 0, 0, 0, 0, 0, 0, 0, 0, 1, 2, 4, 1]]
Set parameter Username
[classical] objective=150892000.0 solution={'B100594(7)': 1, 'B100600(7)': 0, 'B100602(7)': 0, 'B100608(7)': 0, 'B100623(7)': 0, 'B101029(7)': 0, 'B101035(7)': 0, 'B101037(7)': 0, 'B101043(7)': 0, 'B101058(7)': 0}
[circuit] metrics=[229, 62, 102, 324]
[solve] start
[solve] states=[[1, 0, 0, 0, 1, 0, 1, 1, 0, 1, 1, 0, 1, 1, 0, 1, 1, 0, 1, 0, 1, 1, 1, 0, 1, 1, 0, 1, 0, 0], [1, 0, 1, 1, 1, 0, 1, 1, 0, 1, 1, 0, 1, 1, 0, 1, 1, 0, 1, 1, 0, 1, 1, 0, 1, 1, 0, 1, 0, 0], [1, 1, 0, 1, 0, 1, 1, 1, 0, 1, 1, 0, 1, 1, 0, 1, 1, 0, 1, 1, 0, 1, 1, 0, 1, 1, 0, 1, 0, 0], [1, 1, 0, 1, 1, 0, 1, 0, 1, 1, 1, 0, 1, 1, 0, 1, 1, 0, 1, 1, 0, 1, 1, 0, 1, 1, 0, 1, 0, 0], [1, 1, 0, 1, 1, 0, 1, 1, 0, 0, 0, 0, 1, 1, 0, 1, 1, 0, 1, 0, 1, 1, 1, 0, 1, 1, 0, 1, 0, 0], [1, 1, 0, 1, 1, 0, 1, 1, 0, 0, 0, 0, 1, 1, 0, 1, 1, 0, 1, 1, 0, 1, 1, 0, 1, 1, 0, 1, 0, 0], [1, 1, 0, 1, 1, 0, 1, 1, 0, 1, 0, 1, 1, 1, 0, 1, 1, 0, 1, 1, 0, 1, 1, 0, 1, 1, 0, 1, 0, 0], [1, 1, 0, 1, 1, 0, 1, 1, 0, 1, 1, 0, 0, 0, 0, 1, 1, 0, 1, 1, 0, 1, 1, 0, 1, 1, 0, 1, 0, 0], [1, 1, 0, 1, 1, 0, 1, 1, 0, 1, 1, 0, 1, 0, 1, 1, 1, 0, 1, 1, 0, 1, 1, 0, 1, 1, 0, 1, 0, 0], [1, 1, 0, 1, 1, 0, 1, 1, 0, 1, 1, 0, 1, 1, 0, 0, 0, 0, 1, 1, 0, 1, 1, 0, 1, 1, 0, 1, 0, 0], [1, 1, 0, 1, 1, 0, 1, 1, 0, 1, 1, 0, 1, 1, 0, 1, 0, 1, 1, 1, 0, 1, 1, 0, 1, 1, 0, 1, 0, 0], [1, 1, 0, 1, 1, 0, 1, 1, 0, 1, 1, 0, 1, 1, 0, 1, 1, 0, 0, 0, 0, 1, 1, 0, 1, 1, 0, 1, 0, 0], [1, 1, 0, 1, 1, 0, 1, 1, 0, 1, 1, 0, 1, 1, 0, 1, 1, 0, 1, 0, 1, 1, 1, 0, 1, 1, 0, 1, 0, 0], [1, 1, 0, 1, 1, 0, 1, 1, 0, 1, 1, 0, 1, 1, 0, 1, 1, 0, 1, 1, 0, 0, 0, 0, 1, 1, 0, 1, 0, 0], [1, 1, 0, 1, 1, 0, 1, 1, 0, 1, 1, 0, 1, 1, 0, 1, 1, 0, 1, 1, 0, 1, 1, 0, 0, 0, 0, 1, 0, 0], [1, 1, 0, 1, 1, 0, 1, 1, 0, 1, 1, 0, 1, 1, 0, 1, 1, 0, 1, 1, 0, 1, 1, 0, 1, 0, 1, 1, 0, 0], [1, 1, 0, 1, 1, 0, 1, 1, 0, 1, 1, 0, 1, 1, 0, 1, 1, 0, 1, 1, 0, 1, 1, 0, 1, 1, 0, 1, 0, 0]]
[solve] probs=[0.00390625, 0.00390625, 0.0078125, 0.0078125, 0.00390625, 0.00390625, 0.0234375, 0.0078125, 0.00390625, 0.00390625, 0.0078125, 0.01171875, 0.01171875, 0.0078125, 0.01171875, 0.0078125, 0.87109375]
[choco-best] objective=None probability=None solution=None
[parallel 258/274] path=data/miplib_benders/qaoa_problems/nvars_10/supportcase6_ds_qaoa_c745_c747_0004.json status=ok wall=2435.280038216966 peak_mb=419.76171875 choco_obj=
[problem] supportcase6_ds_qaoa_c745_c747_c759_0003 path=data/miplib_benders/qaoa_problems/nvars_10/supportcase6_ds_qaoa_c745_c747_c759_0003.json
[input] n_int=10 n_bin=30 n_constr=3
[input] A=[[1, 1, 1, 0, 1, 1, 1, 1, 0, 1], [1, 1, 1, 1, 1, 1, 1, 1, 1, 1], [0, 0, 0, 1, 1, 0, 0, 0, 1, 1]] b=[1, 1, 1] c=[134333000, 145944000, 144887000, 151847000, 150892000, 134333000, 145944000, 144887000, 151847000, 150892000]
[encoding]
  B100600(7) = B100600_7__b0 + 2*B100600_7__b1 + 4*B100600_7__b2
  B100602(7) = B100602_7__b0 + 2*B100602_7__b1 + 4*B100602_7__b2
  B100608(7) = B100608_7__b0 + 2*B100608_7__b1 + 4*B100608_7__b2
  B100623(7) = B100623_7__b0 + 2*B100623_7__b1 + 4*B100623_7__b2
  B101029(7) = B101029_7__b0 + 2*B101029_7__b1 + 4*B101029_7__b2
  B101035(7) = B101035_7__b0 + 2*B101035_7__b1 + 4*B101035_7__b2
  B101037(7) = B101037_7__b0 + 2*B101037_7__b1 + 4*B101037_7__b2
  B101043(7) = B101043_7__b0 + 2*B101043_7__b1 + 4*B101043_7__b2
  B101058(7) = B101058_7__b0 + 2*B101058_7__b1 + 4*B101058_7__b2
  B101479(7) = B101479_7__b0 + 2*B101479_7__b1 + 4*B101479_7__b2
[expanded] A_binary=[[1, 2, 4, 1, 2, 4, 1, 2, 4, 0, 0, 0, 1, 2, 4, 1, 2, 4, 1, 2, 4, 1, 2, 4, 0, 0, 0, 1, 2, 4], [1, 2, 4, 1, 2, 4, 1, 2, 4, 1, 2, 4, 1, 2, 4, 1, 2, 4, 1, 2, 4, 1, 2, 4, 1, 2, 4, 1, 2, 4], [0, 0, 0, 0, 0, 0, 0, 0, 0, 1, 2, 4, 1, 2, 4, 0, 0, 0, 0, 0, 0, 0, 0, 0, 1, 2, 4, 1, 2, 4]] b=[1, 1, 1]
[expanded] lin_constr_mtx=[[1, 2, 4, 1, 2, 4, 1, 2, 4, 0, 0, 0, 1, 2, 4, 1, 2, 4, 1, 2, 4, 1, 2, 4, 0, 0, 0, 1, 2, 4, 1], [1, 2, 4, 1, 2, 4, 1, 2, 4, 1, 2, 4, 1, 2, 4, 1, 2, 4, 1, 2, 4, 1, 2, 4, 1, 2, 4, 1, 2, 4, 1], [0, 0, 0, 0, 0, 0, 0, 0, 0, 1, 2, 4, 1, 2, 4, 0, 0, 0, 0, 0, 0, 0, 0, 0, 1, 2, 4, 1, 2, 4, 1]]
Set parameter Username
[classical] objective=150892000.0 solution={'B100600(7)': 0, 'B100602(7)': 0, 'B100608(7)': 0, 'B100623(7)': 0, 'B101029(7)': 1, 'B101035(7)': 0, 'B101037(7)': 0, 'B101043(7)': 0, 'B101058(7)': 0, 'B101479(7)': 0}
[circuit] metrics=[229, 62, 102, 324]
[solve] start
[solve] states=[[1, 0, 1, 1, 1, 0, 1, 1, 0, 1, 1, 0, 1, 1, 0, 1, 1, 0, 1, 1, 0, 1, 1, 0, 1, 1, 0, 1, 0, 0], [1, 1, 0, 1, 1, 0, 0, 0, 0, 1, 1, 0, 1, 1, 0, 1, 1, 0, 1, 1, 0, 1, 1, 0, 1, 1, 0, 1, 0, 0], [1, 1, 0, 1, 1, 0, 1, 0, 1, 1, 1, 0, 1, 1, 0, 1, 1, 0, 1, 1, 0, 1, 1, 0, 1, 1, 0, 1, 0, 0], [1, 1, 0, 1, 1, 0, 1, 1, 0, 0, 0, 0, 1, 1, 0, 1, 1, 0, 1, 1, 0, 1, 1, 0, 1, 1, 0, 1, 0, 0], [1, 1, 0, 1, 1, 0, 1, 1, 0, 1, 0, 1, 1, 1, 0, 1, 1, 0, 1, 1, 0, 1, 1, 0, 1, 1, 0, 1, 0, 0], [1, 1, 0, 1, 1, 0, 1, 1, 0, 1, 1, 0, 0, 0, 0, 1, 1, 0, 1, 1, 0, 1, 1, 0, 1, 1, 0, 1, 0, 0], [1, 1, 0, 1, 1, 0, 1, 1, 0, 1, 1, 0, 1, 0, 1, 1, 1, 0, 1, 1, 0, 1, 1, 0, 1, 1, 0, 1, 0, 0], [1, 1, 0, 1, 1, 0, 1, 1, 0, 1, 1, 0, 1, 1, 0, 0, 0, 0, 1, 1, 0, 1, 1, 0, 1, 0, 1, 1, 0, 0], [1, 1, 0, 1, 1, 0, 1, 1, 0, 1, 1, 0, 1, 1, 0, 0, 0, 0, 1, 1, 0, 1, 1, 0, 1, 1, 0, 1, 0, 0], [1, 1, 0, 1, 1, 0, 1, 1, 0, 1, 1, 0, 1, 1, 0, 1, 0, 1, 1, 1, 0, 1, 1, 0, 1, 1, 0, 1, 0, 0], [1, 1, 0, 1, 1, 0, 1, 1, 0, 1, 1, 0, 1, 1, 0, 1, 1, 0, 0, 0, 0, 1, 1, 0, 1, 1, 0, 1, 0, 0], [1, 1, 0, 1, 1, 0, 1, 1, 0, 1, 1, 0, 1, 1, 0, 1, 1, 0, 1, 0, 1, 1, 1, 0, 1, 1, 0, 1, 0, 0], [1, 1, 0, 1, 1, 0, 1, 1, 0, 1, 1, 0, 1, 1, 0, 1, 1, 0, 1, 1, 0, 0, 0, 0, 1, 1, 0, 1, 0, 0], [1, 1, 0, 1, 1, 0, 1, 1, 0, 1, 1, 0, 1, 1, 0, 1, 1, 0, 1, 1, 0, 1, 0, 1, 1, 1, 0, 1, 0, 0], [1, 1, 0, 1, 1, 0, 1, 1, 0, 1, 1, 0, 1, 1, 0, 1, 1, 0, 1, 1, 0, 1, 1, 0, 0, 0, 0, 1, 0, 0], [1, 1, 0, 1, 1, 0, 1, 1, 0, 1, 1, 0, 1, 1, 0, 1, 1, 0, 1, 1, 0, 1, 1, 0, 1, 0, 1, 1, 0, 0], [1, 1, 0, 1, 1, 0, 1, 1, 0, 1, 1, 0, 1, 1, 0, 1, 1, 0, 1, 1, 0, 1, 1, 0, 1, 1, 0, 1, 0, 0]]
[solve] probs=[0.0078125, 0.0234375, 0.01171875, 0.01171875, 0.00390625, 0.01171875, 0.01171875, 0.00390625, 0.0078125, 0.01171875, 0.00390625, 0.015625, 0.00390625, 0.01171875, 0.0078125, 0.00390625, 0.84765625]
[choco-best] objective=None probability=None solution=None
[parallel 259/274] path=data/miplib_benders/qaoa_problems/nvars_10/supportcase6_ds_qaoa_c745_c747_0005.json status=ok wall=2209.7510059640044 peak_mb=418.51171875 choco_obj=
[problem] supportcase6_ds_qaoa_c745_c747_c759_0004 path=data/miplib_benders/qaoa_problems/nvars_10/supportcase6_ds_qaoa_c745_c747_c759_0004.json
[input] n_int=10 n_bin=30 n_constr=3
[input] A=[[1, 1, 0, 1, 1, 1, 1, 0, 1, 1], [1, 1, 1, 1, 1, 1, 1, 1, 1, 1], [0, 0, 1, 1, 0, 0, 0, 1, 1, 0]] b=[1, 1, 1] c=[145944000, 144887000, 151847000, 150892000, 134333000, 145944000, 144887000, 151847000, 150892000, 134333000]
[encoding]
  B100602(7) = B100602_7__b0 + 2*B100602_7__b1 + 4*B100602_7__b2
  B100608(7) = B100608_7__b0 + 2*B100608_7__b1 + 4*B100608_7__b2
  B100623(7) = B100623_7__b0 + 2*B100623_7__b1 + 4*B100623_7__b2
  B101029(7) = B101029_7__b0 + 2*B101029_7__b1 + 4*B101029_7__b2
  B101035(7) = B101035_7__b0 + 2*B101035_7__b1 + 4*B101035_7__b2
  B101037(7) = B101037_7__b0 + 2*B101037_7__b1 + 4*B101037_7__b2
  B101043(7) = B101043_7__b0 + 2*B101043_7__b1 + 4*B101043_7__b2
  B101058(7) = B101058_7__b0 + 2*B101058_7__b1 + 4*B101058_7__b2
  B101479(7) = B101479_7__b0 + 2*B101479_7__b1 + 4*B101479_7__b2
  B101485(7) = B101485_7__b0 + 2*B101485_7__b1 + 4*B101485_7__b2
[expanded] A_binary=[[1, 2, 4, 1, 2, 4, 0, 0, 0, 1, 2, 4, 1, 2, 4, 1, 2, 4, 1, 2, 4, 0, 0, 0, 1, 2, 4, 1, 2, 4], [1, 2, 4, 1, 2, 4, 1, 2, 4, 1, 2, 4, 1, 2, 4, 1, 2, 4, 1, 2, 4, 1, 2, 4, 1, 2, 4, 1, 2, 4], [0, 0, 0, 0, 0, 0, 1, 2, 4, 1, 2, 4, 0, 0, 0, 0, 0, 0, 0, 0, 0, 1, 2, 4, 1, 2, 4, 0, 0, 0]] b=[1, 1, 1]
[expanded] lin_constr_mtx=[[1, 2, 4, 1, 2, 4, 0, 0, 0, 1, 2, 4, 1, 2, 4, 1, 2, 4, 1, 2, 4, 0, 0, 0, 1, 2, 4, 1, 2, 4, 1], [1, 2, 4, 1, 2, 4, 1, 2, 4, 1, 2, 4, 1, 2, 4, 1, 2, 4, 1, 2, 4, 1, 2, 4, 1, 2, 4, 1, 2, 4, 1], [0, 0, 0, 0, 0, 0, 1, 2, 4, 1, 2, 4, 0, 0, 0, 0, 0, 0, 0, 0, 0, 1, 2, 4, 1, 2, 4, 0, 0, 0, 1]]
Set parameter Username
[classical] objective=150892000.0 solution={'B100602(7)': 0, 'B100608(7)': 0, 'B100623(7)': 0, 'B101029(7)': 0, 'B101035(7)': 0, 'B101037(7)': 0, 'B101043(7)': 0, 'B101058(7)': 0, 'B101479(7)': 1, 'B101485(7)': 0}
[circuit] metrics=[229, 62, 102, 324]
[solve] start
[solve] states=[[1, 0, 1, 1, 1, 0, 1, 1, 0, 1, 0, 1, 1, 1, 0, 1, 1, 0, 1, 0, 0, 1, 1, 0, 1, 1, 0, 1, 1, 0], [1, 0, 1, 1, 1, 0, 1, 1, 0, 1, 1, 0, 1, 1, 0, 1, 1, 0, 1, 0, 0, 1, 1, 0, 1, 1, 0, 1, 1, 0], [1, 1, 0, 1, 0, 1, 1, 1, 0, 1, 1, 0, 1, 1, 0, 1, 1, 0, 1, 0, 0, 1, 1, 0, 1, 1, 0, 1, 1, 0], [1, 1, 0, 1, 1, 0, 1, 0, 1, 1, 1, 0, 1, 1, 0, 1, 1, 0, 1, 0, 0, 1, 1, 0, 1, 1, 0, 1, 1, 0], [1, 1, 0, 1, 1, 0, 1, 1, 0, 0, 0, 0, 1, 1, 0, 1, 1, 0, 1, 0, 0, 1, 1, 0, 1, 1, 0, 1, 1, 0], [1, 1, 0, 1, 1, 0, 1, 1, 0, 1, 0, 1, 1, 1, 0, 1, 1, 0, 1, 0, 0, 1, 1, 0, 1, 1, 0, 1, 1, 0], [1, 1, 0, 1, 1, 0, 1, 1, 0, 1, 1, 0, 0, 0, 0, 1, 1, 0, 1, 0, 0, 1, 1, 0, 1, 1, 0, 1, 1, 0], [1, 1, 0, 1, 1, 0, 1, 1, 0, 1, 1, 0, 1, 0, 1, 1, 1, 0, 1, 0, 0, 1, 1, 0, 1, 1, 0, 1, 1, 0], [1, 1, 0, 1, 1, 0, 1, 1, 0, 1, 1, 0, 1, 1, 0, 0, 0, 0, 1, 0, 0, 1, 1, 0, 1, 1, 0, 1, 1, 0], [1, 1, 0, 1, 1, 0, 1, 1, 0, 1, 1, 0, 1, 1, 0, 1, 0, 1, 1, 0, 0, 1, 1, 0, 1, 1, 0, 1, 1, 0], [1, 1, 0, 1, 1, 0, 1, 1, 0, 1, 1, 0, 1, 1, 0, 1, 1, 0, 1, 0, 0, 0, 0, 0, 1, 1, 0, 1, 1, 0], [1, 1, 0, 1, 1, 0, 1, 1, 0, 1, 1, 0, 1, 1, 0, 1, 1, 0, 1, 0, 0, 1, 0, 1, 1, 1, 0, 1, 1, 0], [1, 1, 0, 1, 1, 0, 1, 1, 0, 1, 1, 0, 1, 1, 0, 1, 1, 0, 1, 0, 0, 1, 1, 0, 0, 0, 0, 1, 1, 0], [1, 1, 0, 1, 1, 0, 1, 1, 0, 1, 1, 0, 1, 1, 0, 1, 1, 0, 1, 0, 0, 1, 1, 0, 1, 0, 1, 1, 1, 0], [1, 1, 0, 1, 1, 0, 1, 1, 0, 1, 1, 0, 1, 1, 0, 1, 1, 0, 1, 0, 0, 1, 1, 0, 1, 1, 0, 0, 0, 0], [1, 1, 0, 1, 1, 0, 1, 1, 0, 1, 1, 0, 1, 1, 0, 1, 1, 0, 1, 0, 0, 1, 1, 0, 1, 1, 0, 1, 0, 1], [1, 1, 0, 1, 1, 0, 1, 1, 0, 1, 1, 0, 1, 1, 0, 1, 1, 0, 1, 0, 0, 1, 1, 0, 1, 1, 0, 1, 1, 0]]
[solve] probs=[0.00390625, 0.0078125, 0.0234375, 0.00390625, 0.01171875, 0.0078125, 0.00390625, 0.0078125, 0.0078125, 0.00390625, 0.00390625, 0.01171875, 0.01171875, 0.015625, 0.01171875, 0.00390625, 0.859375]
[choco-best] objective=None probability=None solution=None
[parallel 260/274] path=data/miplib_benders/qaoa_problems/nvars_10/supportcase6_ds_qaoa_c745_c747_c759_0001.json status=ok wall=2691.5700636879774 peak_mb=476.12109375 choco_obj=
[problem] supportcase6_ds_qaoa_c745_c747_c759_0005 path=data/miplib_benders/qaoa_problems/nvars_10/supportcase6_ds_qaoa_c745_c747_c759_0005.json
[input] n_int=10 n_bin=30 n_constr=3
[input] A=[[1, 0, 1, 1, 1, 1, 0, 1, 1, 1], [1, 1, 1, 1, 1, 1, 1, 1, 1, 1], [0, 1, 1, 0, 0, 0, 1, 1, 0, 0]] b=[1, 1, 1] c=[144887000, 151847000, 150892000, 134333000, 145944000, 144887000, 151847000, 150892000, 134333000, 145944000]
[encoding]
  B100608(7) = B100608_7__b0 + 2*B100608_7__b1 + 4*B100608_7__b2
  B100623(7) = B100623_7__b0 + 2*B100623_7__b1 + 4*B100623_7__b2
  B101029(7) = B101029_7__b0 + 2*B101029_7__b1 + 4*B101029_7__b2
  B101035(7) = B101035_7__b0 + 2*B101035_7__b1 + 4*B101035_7__b2
  B101037(7) = B101037_7__b0 + 2*B101037_7__b1 + 4*B101037_7__b2
  B101043(7) = B101043_7__b0 + 2*B101043_7__b1 + 4*B101043_7__b2
  B101058(7) = B101058_7__b0 + 2*B101058_7__b1 + 4*B101058_7__b2
  B101479(7) = B101479_7__b0 + 2*B101479_7__b1 + 4*B101479_7__b2
  B101485(7) = B101485_7__b0 + 2*B101485_7__b1 + 4*B101485_7__b2
  B101487(7) = B101487_7__b0 + 2*B101487_7__b1 + 4*B101487_7__b2
[expanded] A_binary=[[1, 2, 4, 0, 0, 0, 1, 2, 4, 1, 2, 4, 1, 2, 4, 1, 2, 4, 0, 0, 0, 1, 2, 4, 1, 2, 4, 1, 2, 4], [1, 2, 4, 1, 2, 4, 1, 2, 4, 1, 2, 4, 1, 2, 4, 1, 2, 4, 1, 2, 4, 1, 2, 4, 1, 2, 4, 1, 2, 4], [0, 0, 0, 1, 2, 4, 1, 2, 4, 0, 0, 0, 0, 0, 0, 0, 0, 0, 1, 2, 4, 1, 2, 4, 0, 0, 0, 0, 0, 0]] b=[1, 1, 1]
[expanded] lin_constr_mtx=[[1, 2, 4, 0, 0, 0, 1, 2, 4, 1, 2, 4, 1, 2, 4, 1, 2, 4, 0, 0, 0, 1, 2, 4, 1, 2, 4, 1, 2, 4, 1], [1, 2, 4, 1, 2, 4, 1, 2, 4, 1, 2, 4, 1, 2, 4, 1, 2, 4, 1, 2, 4, 1, 2, 4, 1, 2, 4, 1, 2, 4, 1], [0, 0, 0, 1, 2, 4, 1, 2, 4, 0, 0, 0, 0, 0, 0, 0, 0, 0, 1, 2, 4, 1, 2, 4, 0, 0, 0, 0, 0, 0, 1]]
Set parameter Username
[classical] objective=150892000.0 solution={'B100608(7)': 0, 'B100623(7)': 0, 'B101029(7)': 1, 'B101035(7)': 0, 'B101037(7)': 0, 'B101043(7)': 0, 'B101058(7)': 0, 'B101479(7)': 0, 'B101485(7)': 0, 'B101487(7)': 0}
[circuit] metrics=[229, 62, 102, 324]
[solve] start
[solve] states=[[0, 1, 0, 1, 1, 0, 1, 1, 0, 1, 1, 0, 1, 1, 0, 1, 1, 0, 1, 1, 0, 1, 0, 0, 1, 1, 0, 1, 0, 0], [1, 0, 1, 1, 1, 0, 1, 1, 0, 1, 1, 0, 1, 1, 0, 1, 1, 0, 1, 1, 0, 1, 1, 0, 1, 1, 0, 1, 0, 0], [1, 1, 0, 0, 0, 0, 1, 1, 0, 1, 1, 0, 1, 1, 0, 1, 1, 0, 1, 1, 0, 1, 1, 0, 1, 1, 0, 1, 0, 0], [1, 1, 0, 1, 1, 0, 0, 0, 0, 1, 1, 0, 1, 1, 0, 1, 1, 0, 0, 0, 0, 1, 1, 0, 1, 1, 0, 1, 0, 0], [1, 1, 0, 1, 1, 0, 0, 0, 0, 1, 1, 0, 1, 1, 0, 1, 1, 0, 1, 1, 0, 1, 1, 0, 1, 1, 0, 1, 0, 0], [1, 1, 0, 1, 1, 0, 1, 0, 1, 1, 1, 0, 1, 1, 0, 1, 1, 0, 1, 1, 0, 1, 1, 0, 1, 1, 0, 1, 0, 0], [1, 1, 0, 1, 1, 0, 1, 1, 0, 1, 0, 1, 1, 1, 0, 1, 1, 0, 1, 1, 0, 1, 1, 0, 1, 1, 0, 1, 0, 0], [1, 1, 0, 1, 1, 0, 1, 1, 0, 1, 1, 0, 1, 0, 1, 1, 1, 0, 1, 1, 0, 1, 1, 0, 1, 1, 0, 1, 0, 0], [1, 1, 0, 1, 1, 0, 1, 1, 0, 1, 1, 0, 1, 1, 0, 0, 0, 0, 1, 1, 0, 1, 1, 0, 1, 1, 0, 1, 0, 0], [1, 1, 0, 1, 1, 0, 1, 1, 0, 1, 1, 0, 1, 1, 0, 1, 0, 1, 1, 1, 0, 1, 1, 0, 1, 1, 0, 1, 0, 0], [1, 1, 0, 1, 1, 0, 1, 1, 0, 1, 1, 0, 1, 1, 0, 1, 1, 0, 1, 0, 1, 1, 1, 0, 1, 1, 0, 1, 0, 0], [1, 1, 0, 1, 1, 0, 1, 1, 0, 1, 1, 0, 1, 1, 0, 1, 1, 0, 1, 1, 0, 0, 0, 0, 1, 1, 0, 1, 0, 0], [1, 1, 0, 1, 1, 0, 1, 1, 0, 1, 1, 0, 1, 1, 0, 1, 1, 0, 1, 1, 0, 1, 0, 1, 1, 1, 0, 1, 0, 0], [1, 1, 0, 1, 1, 0, 1, 1, 0, 1, 1, 0, 1, 1, 0, 1, 1, 0, 1, 1, 0, 1, 1, 0, 0, 0, 0, 1, 0, 0], [1, 1, 0, 1, 1, 0, 1, 1, 0, 1, 1, 0, 1, 1, 0, 1, 1, 0, 1, 1, 0, 1, 1, 0, 1, 0, 1, 1, 0, 0], [1, 1, 0, 1, 1, 0, 1, 1, 0, 1, 1, 0, 1, 1, 0, 1, 1, 0, 1, 1, 0, 1, 1, 0, 1, 1, 0, 1, 0, 0]]
[solve] probs=[0.00390625, 0.00390625, 0.0078125, 0.00390625, 0.0078125, 0.0078125, 0.0078125, 0.01171875, 0.01171875, 0.0078125, 0.0078125, 0.0078125, 0.00390625, 0.0078125, 0.00390625, 0.89453125]
[choco-best] objective=None probability=None solution=None
[parallel 261/274] path=data/miplib_benders/qaoa_problems/nvars_10/supportcase6_ds_qaoa_c745_c747_c759_0003.json status=ok wall=2110.345043926034 peak_mb=421.44921875 choco_obj=
[problem] supportcase6_ds_qaoa_c747_c759_0001 path=data/miplib_benders/qaoa_problems/nvars_10/supportcase6_ds_qaoa_c747_c759_0001.json
[input] n_int=10 n_bin=30 n_constr=2
[input] A=[[1, 1, 1, 1, 1, 1, 1, 1, 1, 1], [1, 1, 0, 0, 0, 1, 1, 0, 0, 0]] b=[1, 1] c=[151847000, 150892000, 134333000, 145944000, 144887000, 151847000, 150892000, 134333000, 145944000, 144887000]
[encoding]
  B100166(7) = B100166_7__b0 + 2*B100166_7__b1 + 4*B100166_7__b2
  B100594(7) = B100594_7__b0 + 2*B100594_7__b1 + 4*B100594_7__b2
  B100600(7) = B100600_7__b0 + 2*B100600_7__b1 + 4*B100600_7__b2
  B100602(7) = B100602_7__b0 + 2*B100602_7__b1 + 4*B100602_7__b2
  B100608(7) = B100608_7__b0 + 2*B100608_7__b1 + 4*B100608_7__b2
  B100623(7) = B100623_7__b0 + 2*B100623_7__b1 + 4*B100623_7__b2
  B101029(7) = B101029_7__b0 + 2*B101029_7__b1 + 4*B101029_7__b2
  B101035(7) = B101035_7__b0 + 2*B101035_7__b1 + 4*B101035_7__b2
  B101037(7) = B101037_7__b0 + 2*B101037_7__b1 + 4*B101037_7__b2
  B101043(7) = B101043_7__b0 + 2*B101043_7__b1 + 4*B101043_7__b2
[expanded] A_binary=[[1, 2, 4, 1, 2, 4, 1, 2, 4, 1, 2, 4, 1, 2, 4, 1, 2, 4, 1, 2, 4, 1, 2, 4, 1, 2, 4, 1, 2, 4], [1, 2, 4, 1, 2, 4, 0, 0, 0, 0, 0, 0, 0, 0, 0, 1, 2, 4, 1, 2, 4, 0, 0, 0, 0, 0, 0, 0, 0, 0]] b=[1, 1]
[expanded] lin_constr_mtx=[[1, 2, 4, 1, 2, 4, 1, 2, 4, 1, 2, 4, 1, 2, 4, 1, 2, 4, 1, 2, 4, 1, 2, 4, 1, 2, 4, 1, 2, 4, 1], [1, 2, 4, 1, 2, 4, 0, 0, 0, 0, 0, 0, 0, 0, 0, 1, 2, 4, 1, 2, 4, 0, 0, 0, 0, 0, 0, 0, 0, 0, 1]]
Set parameter Username
[classical] objective=151847000.0 solution={'B100166(7)': 1, 'B100594(7)': 0, 'B100600(7)': 0, 'B100602(7)': 0, 'B100608(7)': 0, 'B100623(7)': 0, 'B101029(7)': 0, 'B101035(7)': 0, 'B101037(7)': 0, 'B101043(7)': 0}
[circuit] metrics=[229, 62, 102, 333]
[solve] start
[solve] states=[[1, 0, 1, 1, 1, 0, 1, 1, 0, 1, 1, 0, 1, 1, 0, 1, 0, 0, 1, 1, 0, 1, 1, 0, 1, 1, 0, 1, 1, 0], [1, 1, 0, 0, 1, 0, 1, 1, 0, 1, 1, 0, 1, 1, 0, 1, 0, 0, 1, 1, 0, 1, 1, 0, 1, 0, 0, 1, 1, 0], [1, 1, 0, 1, 0, 1, 1, 1, 0, 1, 1, 0, 1, 1, 0, 1, 0, 0, 1, 1, 0, 1, 1, 0, 1, 1, 0, 1, 1, 0], [1, 1, 0, 1, 1, 0, 0, 0, 0, 1, 1, 0, 1, 1, 0, 1, 0, 0, 1, 1, 0, 1, 1, 0, 1, 1, 0, 1, 1, 0], [1, 1, 0, 1, 1, 0, 1, 0, 1, 1, 1, 0, 1, 1, 0, 1, 0, 0, 1, 1, 0, 1, 1, 0, 1, 1, 0, 1, 1, 0], [1, 1, 0, 1, 1, 0, 1, 1, 0, 0, 0, 0, 1, 1, 0, 1, 0, 0, 1, 1, 0, 1, 1, 0, 1, 1, 0, 1, 0, 1], [1, 1, 0, 1, 1, 0, 1, 1, 0, 0, 0, 0, 1, 1, 0, 1, 0, 0, 1, 1, 0, 1, 1, 0, 1, 1, 0, 1, 1, 0], [1, 1, 0, 1, 1, 0, 1, 1, 0, 1, 0, 1, 1, 1, 0, 1, 0, 0, 1, 1, 0, 1, 1, 0, 1, 1, 0, 1, 1, 0], [1, 1, 0, 1, 1, 0, 1, 1, 0, 1, 1, 0, 1, 0, 1, 1, 0, 0, 1, 1, 0, 1, 1, 0, 1, 1, 0, 1, 1, 0], [1, 1, 0, 1, 1, 0, 1, 1, 0, 1, 1, 0, 1, 1, 0, 1, 0, 0, 0, 0, 0, 1, 1, 0, 1, 1, 0, 1, 1, 0], [1, 1, 0, 1, 1, 0, 1, 1, 0, 1, 1, 0, 1, 1, 0, 1, 0, 0, 1, 0, 1, 1, 1, 0, 1, 1, 0, 1, 0, 1], [1, 1, 0, 1, 1, 0, 1, 1, 0, 1, 1, 0, 1, 1, 0, 1, 0, 0, 1, 0, 1, 1, 1, 0, 1, 1, 0, 1, 1, 0], [1, 1, 0, 1, 1, 0, 1, 1, 0, 1, 1, 0, 1, 1, 0, 1, 0, 0, 1, 1, 0, 0, 0, 0, 1, 1, 0, 1, 0, 1], [1, 1, 0, 1, 1, 0, 1, 1, 0, 1, 1, 0, 1, 1, 0, 1, 0, 0, 1, 1, 0, 0, 0, 0, 1, 1, 0, 1, 1, 0], [1, 1, 0, 1, 1, 0, 1, 1, 0, 1, 1, 0, 1, 1, 0, 1, 0, 0, 1, 1, 0, 1, 0, 1, 1, 1, 0, 1, 1, 0], [1, 1, 0, 1, 1, 0, 1, 1, 0, 1, 1, 0, 1, 1, 0, 1, 0, 0, 1, 1, 0, 1, 1, 0, 0, 0, 0, 1, 1, 0], [1, 1, 0, 1, 1, 0, 1, 1, 0, 1, 1, 0, 1, 1, 0, 1, 0, 0, 1, 1, 0, 1, 1, 0, 1, 0, 1, 1, 1, 0], [1, 1, 0, 1, 1, 0, 1, 1, 0, 1, 1, 0, 1, 1, 0, 1, 0, 0, 1, 1, 0, 1, 1, 0, 1, 1, 0, 0, 0, 0], [1, 1, 0, 1, 1, 0, 1, 1, 0, 1, 1, 0, 1, 1, 0, 1, 0, 0, 1, 1, 0, 1, 1, 0, 1, 1, 0, 1, 0, 1], [1, 1, 0, 1, 1, 0, 1, 1, 0, 1, 1, 0, 1, 1, 0, 1, 0, 0, 1, 1, 0, 1, 1, 0, 1, 1, 0, 1, 1, 0]]
[solve] probs=[0.01171875, 0.00390625, 0.01171875, 0.0234375, 0.0078125, 0.00390625, 0.0078125, 0.0078125, 0.01171875, 0.015625, 0.00390625, 0.01171875, 0.00390625, 0.01171875, 0.01171875, 0.01171875, 0.01171875, 0.01953125, 0.0234375, 0.78515625]
[choco-best] objective=None probability=None solution=None
[parallel 262/274] path=data/miplib_benders/qaoa_problems/nvars_10/supportcase6_ds_qaoa_c745_c747_c759_0002.json status=ok wall=3173.015949790948 peak_mb=418.62109375 choco_obj=
[problem] supportcase6_ds_qaoa_c747_c759_0002 path=data/miplib_benders/qaoa_problems/nvars_10/supportcase6_ds_qaoa_c747_c759_0002.json
[input] n_int=10 n_bin=30 n_constr=2
[input] A=[[1, 1, 1, 1, 1, 1, 1, 1, 1, 1], [1, 0, 0, 0, 1, 1, 0, 0, 0, 1]] b=[1, 1] c=[150892000, 134333000, 145944000, 144887000, 151847000, 150892000, 134333000, 145944000, 144887000, 151847000]
[encoding]
  B100594(7) = B100594_7__b0 + 2*B100594_7__b1 + 4*B100594_7__b2
  B100600(7) = B100600_7__b0 + 2*B100600_7__b1 + 4*B100600_7__b2
  B100602(7) = B100602_7__b0 + 2*B100602_7__b1 + 4*B100602_7__b2
  B100608(7) = B100608_7__b0 + 2*B100608_7__b1 + 4*B100608_7__b2
  B100623(7) = B100623_7__b0 + 2*B100623_7__b1 + 4*B100623_7__b2
  B101029(7) = B101029_7__b0 + 2*B101029_7__b1 + 4*B101029_7__b2
  B101035(7) = B101035_7__b0 + 2*B101035_7__b1 + 4*B101035_7__b2
  B101037(7) = B101037_7__b0 + 2*B101037_7__b1 + 4*B101037_7__b2
  B101043(7) = B101043_7__b0 + 2*B101043_7__b1 + 4*B101043_7__b2
  B101058(7) = B101058_7__b0 + 2*B101058_7__b1 + 4*B101058_7__b2
[expanded] A_binary=[[1, 2, 4, 1, 2, 4, 1, 2, 4, 1, 2, 4, 1, 2, 4, 1, 2, 4, 1, 2, 4, 1, 2, 4, 1, 2, 4, 1, 2, 4], [1, 2, 4, 0, 0, 0, 0, 0, 0, 0, 0, 0, 1, 2, 4, 1, 2, 4, 0, 0, 0, 0, 0, 0, 0, 0, 0, 1, 2, 4]] b=[1, 1]
[expanded] lin_constr_mtx=[[1, 2, 4, 1, 2, 4, 1, 2, 4, 1, 2, 4, 1, 2, 4, 1, 2, 4, 1, 2, 4, 1, 2, 4, 1, 2, 4, 1, 2, 4, 1], [1, 2, 4, 0, 0, 0, 0, 0, 0, 0, 0, 0, 1, 2, 4, 1, 2, 4, 0, 0, 0, 0, 0, 0, 0, 0, 0, 1, 2, 4, 1]]
Set parameter Username
[classical] objective=151847000.0 solution={'B100594(7)': 0, 'B100600(7)': 0, 'B100602(7)': 0, 'B100608(7)': 0, 'B100623(7)': 1, 'B101029(7)': 0, 'B101035(7)': 0, 'B101037(7)': 0, 'B101043(7)': 0, 'B101058(7)': 0}
[circuit] metrics=[229, 62, 102, 333]
[solve] start
[solve] states=[[1, 0, 1, 1, 1, 0, 1, 0, 1, 1, 1, 0, 1, 1, 0, 1, 1, 0, 1, 1, 0, 1, 0, 0, 1, 1, 0, 1, 1, 0], [1, 0, 1, 1, 1, 0, 1, 1, 0, 0, 0, 0, 1, 1, 0, 1, 0, 1, 1, 1, 0, 1, 0, 0, 1, 1, 0, 1, 1, 0], [1, 0, 1, 1, 1, 0, 1, 1, 0, 1, 1, 0, 1, 0, 1, 0, 0, 0, 1, 1, 0, 1, 0, 0, 1, 1, 0, 1, 1, 0], [1, 0, 1, 1, 1, 0, 1, 1, 0, 1, 1, 0, 1, 1, 0, 1, 1, 0, 1, 1, 0, 1, 0, 0, 1, 1, 0, 1, 1, 0], [1, 1, 0, 1, 0, 1, 1, 1, 0, 1, 1, 0, 1, 1, 0, 1, 1, 0, 1, 1, 0, 1, 0, 0, 1, 1, 0, 1, 1, 0], [1, 1, 0, 1, 1, 0, 1, 0, 1, 1, 1, 0, 1, 1, 0, 1, 1, 0, 1, 1, 0, 1, 0, 0, 1, 1, 0, 1, 1, 0], [1, 1, 0, 1, 1, 0, 1, 1, 0, 0, 0, 0, 1, 1, 0, 1, 1, 0, 1, 1, 0, 1, 0, 0, 1, 1, 0, 0, 0, 0], [1, 1, 0, 1, 1, 0, 1, 1, 0, 0, 0, 0, 1, 1, 0, 1, 1, 0, 1, 1, 0, 1, 0, 0, 1, 1, 0, 1, 1, 0], [1, 1, 0, 1, 1, 0, 1, 1, 0, 1, 0, 1, 1, 1, 0, 1, 1, 0, 1, 1, 0, 1, 0, 0, 1, 1, 0, 1, 1, 0], [1, 1, 0, 1, 1, 0, 1, 1, 0, 1, 1, 0, 0, 0, 0, 1, 1, 0, 1, 1, 0, 1, 0, 0, 1, 1, 0, 1, 1, 0], [1, 1, 0, 1, 1, 0, 1, 1, 0, 1, 1, 0, 1, 0, 1, 1, 1, 0, 0, 0, 0, 1, 0, 0, 1, 1, 0, 1, 1, 0], [1, 1, 0, 1, 1, 0, 1, 1, 0, 1, 1, 0, 1, 0, 1, 1, 1, 0, 1, 1, 0, 1, 0, 0, 1, 1, 0, 1, 1, 0], [1, 1, 0, 1, 1, 0, 1, 1, 0, 1, 1, 0, 1, 1, 0, 0, 0, 0, 1, 1, 0, 1, 0, 0, 1, 1, 0, 1, 1, 0], [1, 1, 0, 1, 1, 0, 1, 1, 0, 1, 1, 0, 1, 1, 0, 1, 0, 1, 1, 1, 0, 1, 0, 0, 1, 1, 0, 1, 1, 0], [1, 1, 0, 1, 1, 0, 1, 1, 0, 1, 1, 0, 1, 1, 0, 1, 1, 0, 0, 0, 0, 1, 0, 0, 1, 1, 0, 1, 1, 0], [1, 1, 0, 1, 1, 0, 1, 1, 0, 1, 1, 0, 1, 1, 0, 1, 1, 0, 1, 0, 1, 1, 0, 0, 1, 1, 0, 1, 1, 0], [1, 1, 0, 1, 1, 0, 1, 1, 0, 1, 1, 0, 1, 1, 0, 1, 1, 0, 1, 1, 0, 1, 0, 0, 0, 0, 0, 1, 1, 0], [1, 1, 0, 1, 1, 0, 1, 1, 0, 1, 1, 0, 1, 1, 0, 1, 1, 0, 1, 1, 0, 1, 0, 0, 1, 0, 1, 1, 1, 0], [1, 1, 0, 1, 1, 0, 1, 1, 0, 1, 1, 0, 1, 1, 0, 1, 1, 0, 1, 1, 0, 1, 0, 0, 1, 1, 0, 0, 0, 0], [1, 1, 0, 1, 1, 0, 1, 1, 0, 1, 1, 0, 1, 1, 0, 1, 1, 0, 1, 1, 0, 1, 0, 0, 1, 1, 0, 1, 0, 1], [1, 1, 0, 1, 1, 0, 1, 1, 0, 1, 1, 0, 1, 1, 0, 1, 1, 0, 1, 1, 0, 1, 0, 0, 1, 1, 0, 1, 1, 0]]
[solve] probs=[0.00390625, 0.00390625, 0.00390625, 0.0078125, 0.015625, 0.0234375, 0.00390625, 0.0078125, 0.015625, 0.02734375, 0.00390625, 0.0078125, 0.0078125, 0.0078125, 0.01171875, 0.01171875, 0.015625, 0.01953125, 0.0078125, 0.01171875, 0.78125]
[choco-best] objective=None probability=None solution=None
[parallel 263/274] path=data/miplib_benders/qaoa_problems/nvars_10/supportcase6_ds_qaoa_c745_c747_c759_0005.json status=ok wall=2346.769743293058 peak_mb=421.3984375 choco_obj=
[problem] supportcase6_ds_qaoa_c747_c759_0003 path=data/miplib_benders/qaoa_problems/nvars_10/supportcase6_ds_qaoa_c747_c759_0003.json
[input] n_int=10 n_bin=30 n_constr=2
[input] A=[[1, 1, 1, 1, 1, 1, 1, 1, 1, 1], [0, 0, 0, 1, 1, 0, 0, 0, 1, 1]] b=[1, 1] c=[134333000, 145944000, 144887000, 151847000, 150892000, 134333000, 145944000, 144887000, 151847000, 150892000]
[encoding]
  B100600(7) = B100600_7__b0 + 2*B100600_7__b1 + 4*B100600_7__b2
  B100602(7) = B100602_7__b0 + 2*B100602_7__b1 + 4*B100602_7__b2
  B100608(7) = B100608_7__b0 + 2*B100608_7__b1 + 4*B100608_7__b2
  B100623(7) = B100623_7__b0 + 2*B100623_7__b1 + 4*B100623_7__b2
  B101029(7) = B101029_7__b0 + 2*B101029_7__b1 + 4*B101029_7__b2
  B101035(7) = B101035_7__b0 + 2*B101035_7__b1 + 4*B101035_7__b2
  B101037(7) = B101037_7__b0 + 2*B101037_7__b1 + 4*B101037_7__b2
  B101043(7) = B101043_7__b0 + 2*B101043_7__b1 + 4*B101043_7__b2
  B101058(7) = B101058_7__b0 + 2*B101058_7__b1 + 4*B101058_7__b2
  B101479(7) = B101479_7__b0 + 2*B101479_7__b1 + 4*B101479_7__b2
[expanded] A_binary=[[1, 2, 4, 1, 2, 4, 1, 2, 4, 1, 2, 4, 1, 2, 4, 1, 2, 4, 1, 2, 4, 1, 2, 4, 1, 2, 4, 1, 2, 4], [0, 0, 0, 0, 0, 0, 0, 0, 0, 1, 2, 4, 1, 2, 4, 0, 0, 0, 0, 0, 0, 0, 0, 0, 1, 2, 4, 1, 2, 4]] b=[1, 1]
[expanded] lin_constr_mtx=[[1, 2, 4, 1, 2, 4, 1, 2, 4, 1, 2, 4, 1, 2, 4, 1, 2, 4, 1, 2, 4, 1, 2, 4, 1, 2, 4, 1, 2, 4, 1], [0, 0, 0, 0, 0, 0, 0, 0, 0, 1, 2, 4, 1, 2, 4, 0, 0, 0, 0, 0, 0, 0, 0, 0, 1, 2, 4, 1, 2, 4, 1]]
Set parameter Username
[classical] objective=151847000.0 solution={'B100600(7)': 0, 'B100602(7)': 0, 'B100608(7)': 0, 'B100623(7)': 1, 'B101029(7)': 0, 'B101035(7)': 0, 'B101037(7)': 0, 'B101043(7)': 0, 'B101058(7)': 0, 'B101479(7)': 0}
[circuit] metrics=[229, 62, 102, 333]
[solve] start
[solve] states=[[1, 0, 1, 1, 1, 0, 1, 1, 0, 1, 1, 0, 1, 1, 0, 1, 1, 0, 1, 1, 0, 1, 1, 0, 1, 1, 0, 1, 0, 0], [1, 1, 0, 1, 0, 1, 1, 1, 0, 1, 1, 0, 1, 1, 0, 1, 1, 0, 1, 0, 1, 1, 1, 0, 1, 1, 0, 1, 0, 0], [1, 1, 0, 1, 1, 0, 0, 0, 0, 1, 1, 0, 1, 1, 0, 1, 0, 1, 1, 1, 0, 1, 1, 0, 1, 1, 0, 1, 0, 0], [1, 1, 0, 1, 1, 0, 0, 0, 0, 1, 1, 0, 1, 1, 0, 1, 1, 0, 1, 1, 0, 1, 1, 0, 1, 0, 1, 1, 0, 0], [1, 1, 0, 1, 1, 0, 0, 0, 0, 1, 1, 0, 1, 1, 0, 1, 1, 0, 1, 1, 0, 1, 1, 0, 1, 1, 0, 1, 0, 0], [1, 1, 0, 1, 1, 0, 1, 0, 1, 1, 1, 0, 1, 1, 0, 1, 1, 0, 1, 1, 0, 1, 1, 0, 1, 1, 0, 1, 0, 0], [1, 1, 0, 1, 1, 0, 1, 1, 0, 0, 0, 0, 1, 1, 0, 1, 1, 0, 1, 1, 0, 1, 1, 0, 1, 1, 0, 1, 0, 0], [1, 1, 0, 1, 1, 0, 1, 1, 0, 1, 0, 1, 1, 1, 0, 1, 1, 0, 1, 1, 0, 1, 1, 0, 1, 1, 0, 1, 0, 0], [1, 1, 0, 1, 1, 0, 1, 1, 0, 1, 1, 0, 0, 0, 0, 1, 1, 0, 1, 1, 0, 1, 1, 0, 1, 1, 0, 1, 0, 0], [1, 1, 0, 1, 1, 0, 1, 1, 0, 1, 1, 0, 1, 0, 1, 1, 1, 0, 1, 1, 0, 1, 0, 1, 1, 1, 0, 1, 0, 0], [1, 1, 0, 1, 1, 0, 1, 1, 0, 1, 1, 0, 1, 0, 1, 1, 1, 0, 1, 1, 0, 1, 1, 0, 1, 1, 0, 1, 0, 0], [1, 1, 0, 1, 1, 0, 1, 1, 0, 1, 1, 0, 1, 1, 0, 0, 0, 0, 1, 1, 0, 1, 1, 0, 1, 1, 0, 1, 0, 0], [1, 1, 0, 1, 1, 0, 1, 1, 0, 1, 1, 0, 1, 1, 0, 1, 0, 1, 1, 1, 0, 0, 0, 0, 1, 1, 0, 1, 0, 0], [1, 1, 0, 1, 1, 0, 1, 1, 0, 1, 1, 0, 1, 1, 0, 1, 0, 1, 1, 1, 0, 1, 1, 0, 1, 1, 0, 1, 0, 0], [1, 1, 0, 1, 1, 0, 1, 1, 0, 1, 1, 0, 1, 1, 0, 1, 1, 0, 0, 0, 0, 1, 1, 0, 1, 1, 0, 1, 0, 0], [1, 1, 0, 1, 1, 0, 1, 1, 0, 1, 1, 0, 1, 1, 0, 1, 1, 0, 1, 0, 1, 1, 1, 0, 0, 0, 0, 1, 0, 0], [1, 1, 0, 1, 1, 0, 1, 1, 0, 1, 1, 0, 1, 1, 0, 1, 1, 0, 1, 0, 1, 1, 1, 0, 1, 0, 1, 1, 0, 0], [1, 1, 0, 1, 1, 0, 1, 1, 0, 1, 1, 0, 1, 1, 0, 1, 1, 0, 1, 0, 1, 1, 1, 0, 1, 1, 0, 1, 0, 0], [1, 1, 0, 1, 1, 0, 1, 1, 0, 1, 1, 0, 1, 1, 0, 1, 1, 0, 1, 1, 0, 0, 0, 0, 1, 1, 0, 1, 0, 0], [1, 1, 0, 1, 1, 0, 1, 1, 0, 1, 1, 0, 1, 1, 0, 1, 1, 0, 1, 1, 0, 1, 0, 1, 1, 0, 1, 1, 0, 0], [1, 1, 0, 1, 1, 0, 1, 1, 0, 1, 1, 0, 1, 1, 0, 1, 1, 0, 1, 1, 0, 1, 0, 1, 1, 1, 0, 1, 0, 0], [1, 1, 0, 1, 1, 0, 1, 1, 0, 1, 1, 0, 1, 1, 0, 1, 1, 0, 1, 1, 0, 1, 1, 0, 0, 0, 0, 1, 0, 0], [1, 1, 0, 1, 1, 0, 1, 1, 0, 1, 1, 0, 1, 1, 0, 1, 1, 0, 1, 1, 0, 1, 1, 0, 1, 1, 0, 1, 0, 0]]
[solve] probs=[0.01171875, 0.00390625, 0.00390625, 0.00390625, 0.015625, 0.0078125, 0.0078125, 0.0078125, 0.01953125, 0.00390625, 0.0078125, 0.00390625, 0.00390625, 0.0078125, 0.015625, 0.00390625, 0.00390625, 0.015625, 0.0078125, 0.00390625, 0.0078125, 0.00390625, 0.828125]
[choco-best] objective=None probability=None solution=None
[parallel 264/274] path=data/miplib_benders/qaoa_problems/nvars_10/supportcase6_ds_qaoa_c747_c759_0002.json status=ok wall=1644.2850766349584 peak_mb=478.29296875 choco_obj=
[problem] supportcase6_ds_qaoa_c747_c759_0004 path=data/miplib_benders/qaoa_problems/nvars_10/supportcase6_ds_qaoa_c747_c759_0004.json
[input] n_int=10 n_bin=30 n_constr=2
[input] A=[[1, 1, 1, 1, 1, 1, 1, 1, 1, 1], [0, 0, 1, 1, 0, 0, 0, 1, 1, 0]] b=[1, 1] c=[145944000, 144887000, 151847000, 150892000, 134333000, 145944000, 144887000, 151847000, 150892000, 134333000]
[encoding]
  B100602(7) = B100602_7__b0 + 2*B100602_7__b1 + 4*B100602_7__b2
  B100608(7) = B100608_7__b0 + 2*B100608_7__b1 + 4*B100608_7__b2
  B100623(7) = B100623_7__b0 + 2*B100623_7__b1 + 4*B100623_7__b2
  B101029(7) = B101029_7__b0 + 2*B101029_7__b1 + 4*B101029_7__b2
  B101035(7) = B101035_7__b0 + 2*B101035_7__b1 + 4*B101035_7__b2
  B101037(7) = B101037_7__b0 + 2*B101037_7__b1 + 4*B101037_7__b2
  B101043(7) = B101043_7__b0 + 2*B101043_7__b1 + 4*B101043_7__b2
  B101058(7) = B101058_7__b0 + 2*B101058_7__b1 + 4*B101058_7__b2
  B101479(7) = B101479_7__b0 + 2*B101479_7__b1 + 4*B101479_7__b2
  B101485(7) = B101485_7__b0 + 2*B101485_7__b1 + 4*B101485_7__b2
[expanded] A_binary=[[1, 2, 4, 1, 2, 4, 1, 2, 4, 1, 2, 4, 1, 2, 4, 1, 2, 4, 1, 2, 4, 1, 2, 4, 1, 2, 4, 1, 2, 4], [0, 0, 0, 0, 0, 0, 1, 2, 4, 1, 2, 4, 0, 0, 0, 0, 0, 0, 0, 0, 0, 1, 2, 4, 1, 2, 4, 0, 0, 0]] b=[1, 1]
[expanded] lin_constr_mtx=[[1, 2, 4, 1, 2, 4, 1, 2, 4, 1, 2, 4, 1, 2, 4, 1, 2, 4, 1, 2, 4, 1, 2, 4, 1, 2, 4, 1, 2, 4, 1], [0, 0, 0, 0, 0, 0, 1, 2, 4, 1, 2, 4, 0, 0, 0, 0, 0, 0, 0, 0, 0, 1, 2, 4, 1, 2, 4, 0, 0, 0, 1]]
Set parameter Username
[classical] objective=151847000.0 solution={'B100602(7)': 0, 'B100608(7)': 0, 'B100623(7)': 1, 'B101029(7)': 0, 'B101035(7)': 0, 'B101037(7)': 0, 'B101043(7)': 0, 'B101058(7)': 0, 'B101479(7)': 0, 'B101485(7)': 0}
[circuit] metrics=[229, 62, 102, 333]
[solve] start
[solve] states=[[1, 0, 1, 0, 0, 0, 1, 1, 0, 1, 1, 0, 1, 1, 0, 1, 1, 0, 1, 0, 0, 1, 1, 0, 1, 1, 0, 1, 1, 0], [1, 0, 1, 1, 1, 0, 1, 1, 0, 1, 1, 0, 1, 1, 0, 1, 1, 0, 1, 0, 0, 1, 1, 0, 1, 1, 0, 1, 1, 0], [1, 1, 0, 0, 0, 0, 1, 1, 0, 1, 1, 0, 1, 1, 0, 1, 1, 0, 1, 0, 0, 1, 1, 0, 1, 1, 0, 1, 1, 0], [1, 1, 0, 1, 0, 1, 1, 1, 0, 1, 1, 0, 1, 1, 0, 1, 1, 0, 1, 0, 0, 1, 1, 0, 1, 1, 0, 1, 1, 0], [1, 1, 0, 1, 1, 0, 1, 0, 1, 1, 1, 0, 1, 1, 0, 1, 1, 0, 1, 0, 0, 1, 1, 0, 1, 1, 0, 1, 1, 0], [1, 1, 0, 1, 1, 0, 1, 1, 0, 0, 0, 0, 1, 1, 0, 1, 1, 0, 1, 0, 0, 1, 1, 0, 1, 1, 0, 1, 1, 0], [1, 1, 0, 1, 1, 0, 1, 1, 0, 1, 0, 1, 1, 1, 0, 1, 1, 0, 1, 0, 0, 1, 1, 0, 1, 1, 0, 1, 1, 0], [1, 1, 0, 1, 1, 0, 1, 1, 0, 1, 1, 0, 1, 1, 0, 1, 1, 0, 1, 0, 0, 0, 0, 0, 1, 1, 0, 1, 1, 0], [1, 1, 0, 1, 1, 0, 1, 1, 0, 1, 1, 0, 1, 1, 0, 1, 1, 0, 1, 0, 0, 1, 1, 0, 1, 1, 0, 1, 1, 0]]
[solve] probs=[0.00390625, 0.00390625, 0.0078125, 0.00390625, 0.00390625, 0.0078125, 0.00390625, 0.0078125, 0.95703125]
[choco-best] objective=None probability=None solution=None
[parallel 265/274] path=data/miplib_benders/qaoa_problems/nvars_10/supportcase6_ds_qaoa_c747_c759_0001.json status=ok wall=1812.861789121991 peak_mb=419.56640625 choco_obj=
[problem] supportcase6_ds_qaoa_c747_c759_0005 path=data/miplib_benders/qaoa_problems/nvars_10/supportcase6_ds_qaoa_c747_c759_0005.json
[input] n_int=10 n_bin=30 n_constr=2
[input] A=[[1, 1, 1, 1, 1, 1, 1, 1, 1, 1], [0, 1, 1, 0, 0, 0, 1, 1, 0, 0]] b=[1, 1] c=[144887000, 151847000, 150892000, 134333000, 145944000, 144887000, 151847000, 150892000, 134333000, 145944000]
[encoding]
  B100608(7) = B100608_7__b0 + 2*B100608_7__b1 + 4*B100608_7__b2
  B100623(7) = B100623_7__b0 + 2*B100623_7__b1 + 4*B100623_7__b2
  B101029(7) = B101029_7__b0 + 2*B101029_7__b1 + 4*B101029_7__b2
  B101035(7) = B101035_7__b0 + 2*B101035_7__b1 + 4*B101035_7__b2
  B101037(7) = B101037_7__b0 + 2*B101037_7__b1 + 4*B101037_7__b2
  B101043(7) = B101043_7__b0 + 2*B101043_7__b1 + 4*B101043_7__b2
  B101058(7) = B101058_7__b0 + 2*B101058_7__b1 + 4*B101058_7__b2
  B101479(7) = B101479_7__b0 + 2*B101479_7__b1 + 4*B101479_7__b2
  B101485(7) = B101485_7__b0 + 2*B101485_7__b1 + 4*B101485_7__b2
  B101487(7) = B101487_7__b0 + 2*B101487_7__b1 + 4*B101487_7__b2
[expanded] A_binary=[[1, 2, 4, 1, 2, 4, 1, 2, 4, 1, 2, 4, 1, 2, 4, 1, 2, 4, 1, 2, 4, 1, 2, 4, 1, 2, 4, 1, 2, 4], [0, 0, 0, 1, 2, 4, 1, 2, 4, 0, 0, 0, 0, 0, 0, 0, 0, 0, 1, 2, 4, 1, 2, 4, 0, 0, 0, 0, 0, 0]] b=[1, 1]
[expanded] lin_constr_mtx=[[1, 2, 4, 1, 2, 4, 1, 2, 4, 1, 2, 4, 1, 2, 4, 1, 2, 4, 1, 2, 4, 1, 2, 4, 1, 2, 4, 1, 2, 4, 1], [0, 0, 0, 1, 2, 4, 1, 2, 4, 0, 0, 0, 0, 0, 0, 0, 0, 0, 1, 2, 4, 1, 2, 4, 0, 0, 0, 0, 0, 0, 1]]
Set parameter Username
[classical] objective=151847000.0 solution={'B100608(7)': 0, 'B100623(7)': 1, 'B101029(7)': 0, 'B101035(7)': 0, 'B101037(7)': 0, 'B101043(7)': 0, 'B101058(7)': 0, 'B101479(7)': 0, 'B101485(7)': 0, 'B101487(7)': 0}
[circuit] metrics=[229, 62, 102, 333]
[solve] start
[solve] states=[[1, 0, 1, 1, 0, 1, 1, 1, 0, 1, 1, 0, 1, 1, 0, 1, 1, 0, 1, 1, 0, 1, 1, 0, 1, 0, 0, 1, 1, 0], [1, 0, 1, 1, 1, 0, 1, 1, 0, 1, 1, 0, 0, 0, 0, 1, 1, 0, 1, 1, 0, 1, 1, 0, 1, 0, 0, 1, 1, 0], [1, 0, 1, 1, 1, 0, 1, 1, 0, 1, 1, 0, 1, 1, 0, 1, 1, 0, 1, 1, 0, 1, 1, 0, 1, 0, 0, 1, 1, 0], [1, 1, 0, 0, 0, 0, 1, 1, 0, 1, 1, 0, 1, 1, 0, 1, 1, 0, 1, 1, 0, 1, 1, 0, 1, 0, 0, 1, 1, 0], [1, 1, 0, 1, 0, 1, 1, 1, 0, 1, 1, 0, 1, 1, 0, 1, 1, 0, 1, 1, 0, 1, 0, 1, 1, 0, 0, 1, 1, 0], [1, 1, 0, 1, 0, 1, 1, 1, 0, 1, 1, 0, 1, 1, 0, 1, 1, 0, 1, 1, 0, 1, 1, 0, 1, 0, 0, 1, 1, 0], [1, 1, 0, 1, 1, 0, 1, 0, 1, 1, 1, 0, 1, 1, 0, 1, 1, 0, 1, 1, 0, 1, 1, 0, 1, 0, 0, 1, 1, 0], [1, 1, 0, 1, 1, 0, 1, 1, 0, 1, 0, 0, 1, 1, 0, 1, 1, 0, 1, 1, 0, 1, 1, 0, 0, 0, 0, 1, 1, 0], [1, 1, 0, 1, 1, 0, 1, 1, 0, 1, 0, 1, 1, 1, 0, 0, 0, 0, 1, 1, 0, 1, 1, 0, 1, 0, 0, 1, 1, 0], [1, 1, 0, 1, 1, 0, 1, 1, 0, 1, 0, 1, 1, 1, 0, 1, 1, 0, 1, 1, 0, 1, 1, 0, 1, 0, 0, 1, 1, 0], [1, 1, 0, 1, 1, 0, 1, 1, 0, 1, 1, 0, 0, 0, 0, 1, 1, 0, 1, 1, 0, 1, 1, 0, 1, 0, 0, 1, 1, 0], [1, 1, 0, 1, 1, 0, 1, 1, 0, 1, 1, 0, 1, 0, 1, 1, 0, 1, 1, 1, 0, 1, 1, 0, 1, 0, 0, 1, 1, 0], [1, 1, 0, 1, 1, 0, 1, 1, 0, 1, 1, 0, 1, 0, 1, 1, 1, 0, 1, 1, 0, 1, 1, 0, 1, 0, 0, 1, 1, 0], [1, 1, 0, 1, 1, 0, 1, 1, 0, 1, 1, 0, 1, 1, 0, 0, 0, 0, 1, 1, 0, 1, 1, 0, 1, 0, 0, 1, 1, 0], [1, 1, 0, 1, 1, 0, 1, 1, 0, 1, 1, 0, 1, 1, 0, 1, 0, 1, 1, 0, 1, 1, 1, 0, 1, 0, 0, 1, 0, 1], [1, 1, 0, 1, 1, 0, 1, 1, 0, 1, 1, 0, 1, 1, 0, 1, 0, 1, 1, 1, 0, 1, 1, 0, 1, 0, 0, 1, 1, 0], [1, 1, 0, 1, 1, 0, 1, 1, 0, 1, 1, 0, 1, 1, 0, 1, 1, 0, 0, 0, 0, 1, 1, 0, 1, 0, 0, 1, 1, 0], [1, 1, 0, 1, 1, 0, 1, 1, 0, 1, 1, 0, 1, 1, 0, 1, 1, 0, 1, 0, 1, 1, 0, 1, 1, 0, 0, 1, 1, 0], [1, 1, 0, 1, 1, 0, 1, 1, 0, 1, 1, 0, 1, 1, 0, 1, 1, 0, 1, 0, 1, 1, 1, 0, 1, 0, 0, 1, 1, 0], [1, 1, 0, 1, 1, 0, 1, 1, 0, 1, 1, 0, 1, 1, 0, 1, 1, 0, 1, 1, 0, 0, 0, 0, 1, 0, 0, 1, 1, 0], [1, 1, 0, 1, 1, 0, 1, 1, 0, 1, 1, 0, 1, 1, 0, 1, 1, 0, 1, 1, 0, 1, 0, 1, 1, 0, 0, 1, 1, 0], [1, 1, 0, 1, 1, 0, 1, 1, 0, 1, 1, 0, 1, 1, 0, 1, 1, 0, 1, 1, 0, 1, 1, 0, 1, 0, 0, 0, 0, 0], [1, 1, 0, 1, 1, 0, 1, 1, 0, 1, 1, 0, 1, 1, 0, 1, 1, 0, 1, 1, 0, 1, 1, 0, 1, 0, 0, 1, 0, 1], [1, 1, 0, 1, 1, 0, 1, 1, 0, 1, 1, 0, 1, 1, 0, 1, 1, 0, 1, 1, 0, 1, 1, 0, 1, 0, 0, 1, 1, 0]]
[solve] probs=[0.00390625, 0.00390625, 0.03125, 0.0078125, 0.00390625, 0.0234375, 0.01953125, 0.00390625, 0.00390625, 0.02734375, 0.03125, 0.00390625, 0.015625, 0.01171875, 0.00390625, 0.0078125, 0.00390625, 0.00390625, 0.01953125, 0.02734375, 0.02734375, 0.02734375, 0.03125, 0.65625]
[choco-best] objective=None probability=None solution=None
[parallel 266/274] path=data/miplib_benders/qaoa_problems/nvars_10/supportcase6_ds_qaoa_c745_c747_c759_0004.json status=ok wall=3575.366065533017 peak_mb=439.62890625 choco_obj=
[problem] supportcase6_ds_qaoa_c747_c759_c762_0001 path=data/miplib_benders/qaoa_problems/nvars_10/supportcase6_ds_qaoa_c747_c759_c762_0001.json
[input] n_int=10 n_bin=30 n_constr=3
[input] A=[[1, 1, 1, 1, 1, 1, 1, 1, 1, 1], [1, 1, 0, 0, 0, 1, 1, 0, 0, 0], [1, 0, 0, 1, 1, 1, 0, 0, 1, 1]] b=[1, 1, 1] c=[151847000, 150892000, 134333000, 145944000, 144887000, 151847000, 150892000, 134333000, 145944000, 144887000]
[encoding]
  B100166(7) = B100166_7__b0 + 2*B100166_7__b1 + 4*B100166_7__b2
  B100594(7) = B100594_7__b0 + 2*B100594_7__b1 + 4*B100594_7__b2
  B100600(7) = B100600_7__b0 + 2*B100600_7__b1 + 4*B100600_7__b2
  B100602(7) = B100602_7__b0 + 2*B100602_7__b1 + 4*B100602_7__b2
  B100608(7) = B100608_7__b0 + 2*B100608_7__b1 + 4*B100608_7__b2
  B100623(7) = B100623_7__b0 + 2*B100623_7__b1 + 4*B100623_7__b2
  B101029(7) = B101029_7__b0 + 2*B101029_7__b1 + 4*B101029_7__b2
  B101035(7) = B101035_7__b0 + 2*B101035_7__b1 + 4*B101035_7__b2
  B101037(7) = B101037_7__b0 + 2*B101037_7__b1 + 4*B101037_7__b2
  B101043(7) = B101043_7__b0 + 2*B101043_7__b1 + 4*B101043_7__b2
[expanded] A_binary=[[1, 2, 4, 1, 2, 4, 1, 2, 4, 1, 2, 4, 1, 2, 4, 1, 2, 4, 1, 2, 4, 1, 2, 4, 1, 2, 4, 1, 2, 4], [1, 2, 4, 1, 2, 4, 0, 0, 0, 0, 0, 0, 0, 0, 0, 1, 2, 4, 1, 2, 4, 0, 0, 0, 0, 0, 0, 0, 0, 0], [1, 2, 4, 0, 0, 0, 0, 0, 0, 1, 2, 4, 1, 2, 4, 1, 2, 4, 0, 0, 0, 0, 0, 0, 1, 2, 4, 1, 2, 4]] b=[1, 1, 1]
[expanded] lin_constr_mtx=[[1, 2, 4, 1, 2, 4, 1, 2, 4, 1, 2, 4, 1, 2, 4, 1, 2, 4, 1, 2, 4, 1, 2, 4, 1, 2, 4, 1, 2, 4, 1], [1, 2, 4, 1, 2, 4, 0, 0, 0, 0, 0, 0, 0, 0, 0, 1, 2, 4, 1, 2, 4, 0, 0, 0, 0, 0, 0, 0, 0, 0, 1], [1, 2, 4, 0, 0, 0, 0, 0, 0, 1, 2, 4, 1, 2, 4, 1, 2, 4, 0, 0, 0, 0, 0, 0, 1, 2, 4, 1, 2, 4, 1]]
Set parameter Username
[classical] objective=151847000.0 solution={'B100166(7)': 1, 'B100594(7)': 0, 'B100600(7)': 0, 'B100602(7)': 0, 'B100608(7)': 0, 'B100623(7)': 0, 'B101029(7)': 0, 'B101035(7)': 0, 'B101037(7)': 0, 'B101043(7)': 0}
[circuit] metrics=[1041, 62, 426, 1084]
[solve] start
[solve] states=[[1, 0, 1, 1, 1, 0, 1, 1, 0, 1, 1, 0, 1, 1, 0, 1, 1, 0, 1, 1, 0, 1, 1, 0, 1, 0, 0, 1, 1, 0], [1, 1, 0, 0, 0, 0, 1, 1, 0, 1, 1, 0, 1, 1, 0, 1, 1, 0, 1, 1, 0, 1, 1, 0, 1, 0, 0, 1, 1, 0], [1, 1, 0, 1, 0, 1, 1, 0, 1, 1, 1, 0, 1, 1, 0, 1, 1, 0, 1, 1, 0, 1, 1, 0, 1, 0, 0, 1, 1, 0], [1, 1, 0, 1, 1, 0, 1, 0, 0, 0, 1, 0, 1, 1, 0, 1, 1, 0, 1, 1, 0, 1, 1, 0, 1, 0, 0, 1, 1, 0], [1, 1, 0, 1, 1, 0, 1, 0, 1, 1, 1, 0, 1, 1, 0, 1, 1, 0, 1, 1, 0, 1, 1, 0, 1, 0, 0, 1, 1, 0], [1, 1, 0, 1, 1, 0, 1, 1, 0, 0, 0, 0, 1, 1, 0, 1, 1, 0, 1, 1, 0, 1, 1, 0, 1, 0, 0, 1, 1, 0], [1, 1, 0, 1, 1, 0, 1, 1, 0, 1, 0, 1, 1, 1, 0, 1, 1, 0, 1, 1, 0, 1, 1, 0, 1, 0, 0, 1, 1, 0], [1, 1, 0, 1, 1, 0, 1, 1, 0, 1, 1, 0, 0, 0, 0, 1, 1, 0, 1, 1, 0, 1, 1, 0, 1, 0, 0, 1, 1, 0], [1, 1, 0, 1, 1, 0, 1, 1, 0, 1, 1, 0, 1, 0, 1, 1, 1, 0, 1, 1, 0, 1, 1, 0, 1, 0, 0, 1, 1, 0], [1, 1, 0, 1, 1, 0, 1, 1, 0, 1, 1, 0, 1, 1, 0, 0, 0, 0, 1, 1, 0, 1, 1, 0, 1, 0, 0, 1, 1, 0], [1, 1, 0, 1, 1, 0, 1, 1, 0, 1, 1, 0, 1, 1, 0, 1, 0, 1, 1, 0, 1, 1, 1, 0, 1, 0, 0, 1, 1, 0], [1, 1, 0, 1, 1, 0, 1, 1, 0, 1, 1, 0, 1, 1, 0, 1, 0, 1, 1, 1, 0, 1, 1, 0, 1, 0, 0, 1, 1, 0], [1, 1, 0, 1, 1, 0, 1, 1, 0, 1, 1, 0, 1, 1, 0, 1, 1, 0, 0, 0, 0, 1, 1, 0, 1, 0, 0, 1, 1, 0], [1, 1, 0, 1, 1, 0, 1, 1, 0, 1, 1, 0, 1, 1, 0, 1, 1, 0, 1, 0, 1, 1, 1, 0, 1, 0, 0, 1, 1, 0], [1, 1, 0, 1, 1, 0, 1, 1, 0, 1, 1, 0, 1, 1, 0, 1, 1, 0, 1, 1, 0, 0, 0, 0, 1, 0, 0, 1, 1, 0], [1, 1, 0, 1, 1, 0, 1, 1, 0, 1, 1, 0, 1, 1, 0, 1, 1, 0, 1, 1, 0, 1, 0, 1, 1, 0, 0, 1, 1, 0], [1, 1, 0, 1, 1, 0, 1, 1, 0, 1, 1, 0, 1, 1, 0, 1, 1, 0, 1, 1, 0, 1, 1, 0, 1, 0, 0, 0, 0, 0], [1, 1, 0, 1, 1, 0, 1, 1, 0, 1, 1, 0, 1, 1, 0, 1, 1, 0, 1, 1, 0, 1, 1, 0, 1, 0, 0, 1, 0, 1], [1, 1, 0, 1, 1, 0, 1, 1, 0, 1, 1, 0, 1, 1, 0, 1, 1, 0, 1, 1, 0, 1, 1, 0, 1, 0, 0, 1, 1, 0]]
[solve] probs=[0.0078125, 0.0078125, 0.00390625, 0.00390625, 0.00390625, 0.0078125, 0.01171875, 0.00390625, 0.01171875, 0.015625, 0.00390625, 0.015625, 0.00390625, 0.01171875, 0.00390625, 0.0078125, 0.01171875, 0.01953125, 0.84375]
[choco-best] objective=None probability=None solution=None
[parallel 267/274] path=data/miplib_benders/qaoa_problems/nvars_10/supportcase6_ds_qaoa_c747_c759_0004.json status=ok wall=1579.5159448800841 peak_mb=419.5625 choco_obj=
[problem] supportcase6_ds_qaoa_c747_c759_c762_0002 path=data/miplib_benders/qaoa_problems/nvars_10/supportcase6_ds_qaoa_c747_c759_c762_0002.json
[input] n_int=10 n_bin=30 n_constr=3
[input] A=[[1, 1, 1, 1, 1, 1, 1, 1, 1, 1], [1, 0, 0, 0, 1, 1, 0, 0, 0, 1], [0, 0, 1, 1, 1, 0, 0, 1, 1, 1]] b=[1, 1, 1] c=[150892000, 134333000, 145944000, 144887000, 151847000, 150892000, 134333000, 145944000, 144887000, 151847000]
[encoding]
  B100594(7) = B100594_7__b0 + 2*B100594_7__b1 + 4*B100594_7__b2
  B100600(7) = B100600_7__b0 + 2*B100600_7__b1 + 4*B100600_7__b2
  B100602(7) = B100602_7__b0 + 2*B100602_7__b1 + 4*B100602_7__b2
  B100608(7) = B100608_7__b0 + 2*B100608_7__b1 + 4*B100608_7__b2
  B100623(7) = B100623_7__b0 + 2*B100623_7__b1 + 4*B100623_7__b2
  B101029(7) = B101029_7__b0 + 2*B101029_7__b1 + 4*B101029_7__b2
  B101035(7) = B101035_7__b0 + 2*B101035_7__b1 + 4*B101035_7__b2
  B101037(7) = B101037_7__b0 + 2*B101037_7__b1 + 4*B101037_7__b2
  B101043(7) = B101043_7__b0 + 2*B101043_7__b1 + 4*B101043_7__b2
  B101058(7) = B101058_7__b0 + 2*B101058_7__b1 + 4*B101058_7__b2
[expanded] A_binary=[[1, 2, 4, 1, 2, 4, 1, 2, 4, 1, 2, 4, 1, 2, 4, 1, 2, 4, 1, 2, 4, 1, 2, 4, 1, 2, 4, 1, 2, 4], [1, 2, 4, 0, 0, 0, 0, 0, 0, 0, 0, 0, 1, 2, 4, 1, 2, 4, 0, 0, 0, 0, 0, 0, 0, 0, 0, 1, 2, 4], [0, 0, 0, 0, 0, 0, 1, 2, 4, 1, 2, 4, 1, 2, 4, 0, 0, 0, 0, 0, 0, 1, 2, 4, 1, 2, 4, 1, 2, 4]] b=[1, 1, 1]
[expanded] lin_constr_mtx=[[1, 2, 4, 1, 2, 4, 1, 2, 4, 1, 2, 4, 1, 2, 4, 1, 2, 4, 1, 2, 4, 1, 2, 4, 1, 2, 4, 1, 2, 4, 1], [1, 2, 4, 0, 0, 0, 0, 0, 0, 0, 0, 0, 1, 2, 4, 1, 2, 4, 0, 0, 0, 0, 0, 0, 0, 0, 0, 1, 2, 4, 1], [0, 0, 0, 0, 0, 0, 1, 2, 4, 1, 2, 4, 1, 2, 4, 0, 0, 0, 0, 0, 0, 1, 2, 4, 1, 2, 4, 1, 2, 4, 1]]
Set parameter Username
[classical] objective=151847000.0 solution={'B100594(7)': 0, 'B100600(7)': 0, 'B100602(7)': 0, 'B100608(7)': 0, 'B100623(7)': 1, 'B101029(7)': 0, 'B101035(7)': 0, 'B101037(7)': 0, 'B101043(7)': 0, 'B101058(7)': 0}
[circuit] metrics=[638, 62, 267, 704]
[solve] start
[solve] states=[[1, 0, 1, 1, 1, 0, 1, 1, 0, 1, 1, 0, 1, 1, 0, 1, 1, 0, 1, 1, 0, 1, 0, 0, 1, 1, 0, 1, 1, 0], [1, 1, 0, 1, 0, 1, 1, 1, 0, 1, 1, 0, 1, 1, 0, 1, 1, 0, 1, 1, 0, 1, 0, 0, 1, 1, 0, 1, 1, 0], [1, 1, 0, 1, 1, 0, 0, 0, 0, 1, 1, 0, 1, 1, 0, 1, 1, 0, 1, 1, 0, 1, 0, 0, 1, 1, 0, 1, 1, 0], [1, 1, 0, 1, 1, 0, 1, 0, 1, 1, 1, 0, 1, 1, 0, 1, 1, 0, 1, 1, 0, 1, 0, 0, 1, 1, 0, 1, 1, 0], [1, 1, 0, 1, 1, 0, 1, 1, 0, 0, 0, 0, 1, 1, 0, 1, 1, 0, 1, 1, 0, 1, 0, 0, 1, 1, 0, 1, 1, 0], [1, 1, 0, 1, 1, 0, 1, 1, 0, 1, 0, 1, 1, 1, 0, 1, 1, 0, 1, 1, 0, 1, 0, 0, 1, 1, 0, 1, 1, 0], [1, 1, 0, 1, 1, 0, 1, 1, 0, 1, 1, 0, 0, 0, 0, 1, 1, 0, 1, 1, 0, 1, 0, 0, 1, 1, 0, 1, 1, 0], [1, 1, 0, 1, 1, 0, 1, 1, 0, 1, 1, 0, 1, 0, 1, 1, 1, 0, 1, 1, 0, 1, 0, 0, 1, 1, 0, 1, 1, 0], [1, 1, 0, 1, 1, 0, 1, 1, 0, 1, 1, 0, 1, 1, 0, 0, 0, 0, 1, 1, 0, 1, 0, 0, 1, 1, 0, 1, 1, 0], [1, 1, 0, 1, 1, 0, 1, 1, 0, 1, 1, 0, 1, 1, 0, 1, 0, 1, 1, 1, 0, 1, 0, 0, 1, 1, 0, 1, 1, 0], [1, 1, 0, 1, 1, 0, 1, 1, 0, 1, 1, 0, 1, 1, 0, 1, 1, 0, 0, 0, 0, 1, 0, 0, 1, 1, 0, 1, 1, 0], [1, 1, 0, 1, 1, 0, 1, 1, 0, 1, 1, 0, 1, 1, 0, 1, 1, 0, 1, 0, 1, 1, 0, 0, 1, 1, 0, 1, 1, 0], [1, 1, 0, 1, 1, 0, 1, 1, 0, 1, 1, 0, 1, 1, 0, 1, 1, 0, 1, 1, 0, 1, 0, 0, 0, 0, 0, 1, 1, 0], [1, 1, 0, 1, 1, 0, 1, 1, 0, 1, 1, 0, 1, 1, 0, 1, 1, 0, 1, 1, 0, 1, 0, 0, 1, 0, 1, 1, 1, 0], [1, 1, 0, 1, 1, 0, 1, 1, 0, 1, 1, 0, 1, 1, 0, 1, 1, 0, 1, 1, 0, 1, 0, 0, 1, 1, 0, 0, 0, 0], [1, 1, 0, 1, 1, 0, 1, 1, 0, 1, 1, 0, 1, 1, 0, 1, 1, 0, 1, 1, 0, 1, 0, 0, 1, 1, 0, 1, 0, 1], [1, 1, 0, 1, 1, 0, 1, 1, 0, 1, 1, 0, 1, 1, 0, 1, 1, 0, 1, 1, 0, 1, 0, 0, 1, 1, 0, 1, 1, 0]]
[solve] probs=[0.00390625, 0.00390625, 0.01953125, 0.015625, 0.0078125, 0.01171875, 0.0078125, 0.00390625, 0.01171875, 0.0078125, 0.00390625, 0.00390625, 0.01171875, 0.0078125, 0.00390625, 0.0078125, 0.8671875]
[choco-best] objective=None probability=None solution=None
[parallel 268/274] path=data/miplib_benders/qaoa_problems/nvars_10/supportcase6_ds_qaoa_c747_c759_0005.json status=ok wall=1685.997290099971 peak_mb=419.83984375 choco_obj=
[problem] supportcase6_ds_qaoa_c747_c759_c762_0003 path=data/miplib_benders/qaoa_problems/nvars_10/supportcase6_ds_qaoa_c747_c759_c762_0003.json
[input] n_int=10 n_bin=30 n_constr=3
[input] A=[[1, 1, 1, 1, 1, 1, 1, 1, 1, 1], [0, 0, 0, 1, 1, 0, 0, 0, 1, 1], [0, 1, 1, 1, 0, 0, 1, 1, 1, 0]] b=[1, 1, 1] c=[134333000, 145944000, 144887000, 151847000, 150892000, 134333000, 145944000, 144887000, 151847000, 150892000]
[encoding]
  B100600(7) = B100600_7__b0 + 2*B100600_7__b1 + 4*B100600_7__b2
  B100602(7) = B100602_7__b0 + 2*B100602_7__b1 + 4*B100602_7__b2
  B100608(7) = B100608_7__b0 + 2*B100608_7__b1 + 4*B100608_7__b2
  B100623(7) = B100623_7__b0 + 2*B100623_7__b1 + 4*B100623_7__b2
  B101029(7) = B101029_7__b0 + 2*B101029_7__b1 + 4*B101029_7__b2
  B101035(7) = B101035_7__b0 + 2*B101035_7__b1 + 4*B101035_7__b2
  B101037(7) = B101037_7__b0 + 2*B101037_7__b1 + 4*B101037_7__b2
  B101043(7) = B101043_7__b0 + 2*B101043_7__b1 + 4*B101043_7__b2
  B101058(7) = B101058_7__b0 + 2*B101058_7__b1 + 4*B101058_7__b2
  B101479(7) = B101479_7__b0 + 2*B101479_7__b1 + 4*B101479_7__b2
[expanded] A_binary=[[1, 2, 4, 1, 2, 4, 1, 2, 4, 1, 2, 4, 1, 2, 4, 1, 2, 4, 1, 2, 4, 1, 2, 4, 1, 2, 4, 1, 2, 4], [0, 0, 0, 0, 0, 0, 0, 0, 0, 1, 2, 4, 1, 2, 4, 0, 0, 0, 0, 0, 0, 0, 0, 0, 1, 2, 4, 1, 2, 4], [0, 0, 0, 1, 2, 4, 1, 2, 4, 1, 2, 4, 0, 0, 0, 0, 0, 0, 1, 2, 4, 1, 2, 4, 1, 2, 4, 0, 0, 0]] b=[1, 1, 1]
[expanded] lin_constr_mtx=[[1, 2, 4, 1, 2, 4, 1, 2, 4, 1, 2, 4, 1, 2, 4, 1, 2, 4, 1, 2, 4, 1, 2, 4, 1, 2, 4, 1, 2, 4, 1], [0, 0, 0, 0, 0, 0, 0, 0, 0, 1, 2, 4, 1, 2, 4, 0, 0, 0, 0, 0, 0, 0, 0, 0, 1, 2, 4, 1, 2, 4, 1], [0, 0, 0, 1, 2, 4, 1, 2, 4, 1, 2, 4, 0, 0, 0, 0, 0, 0, 1, 2, 4, 1, 2, 4, 1, 2, 4, 0, 0, 0, 1]]
Set parameter Username
[classical] objective=151847000.0 solution={'B100600(7)': 0, 'B100602(7)': 0, 'B100608(7)': 0, 'B100623(7)': 1, 'B101029(7)': 0, 'B101035(7)': 0, 'B101037(7)': 0, 'B101043(7)': 0, 'B101058(7)': 0, 'B101479(7)': 0}
[circuit] metrics=[641, 62, 270, 704]
[solve] start
[solve] states=[[1, 0, 1, 1, 1, 0, 1, 1, 0, 1, 1, 0, 1, 1, 0, 0, 0, 0, 1, 1, 0, 1, 1, 0, 1, 1, 0, 1, 0, 0], [1, 0, 1, 1, 1, 0, 1, 1, 0, 1, 1, 0, 1, 1, 0, 1, 1, 0, 1, 1, 0, 1, 1, 0, 1, 1, 0, 1, 0, 0], [1, 1, 0, 0, 0, 0, 1, 1, 0, 1, 1, 0, 1, 0, 1, 1, 1, 0, 1, 1, 0, 1, 1, 0, 1, 1, 0, 1, 0, 0], [1, 1, 0, 0, 0, 0, 1, 1, 0, 1, 1, 0, 1, 1, 0, 1, 1, 0, 1, 1, 0, 1, 1, 0, 1, 1, 0, 1, 0, 0], [1, 1, 0, 1, 0, 0, 0, 1, 0, 1, 1, 0, 1, 1, 0, 1, 1, 0, 1, 1, 0, 1, 1, 0, 1, 1, 0, 1, 0, 0], [1, 1, 0, 1, 0, 1, 1, 1, 0, 1, 1, 0, 1, 1, 0, 1, 1, 0, 1, 0, 1, 1, 1, 0, 1, 1, 0, 1, 0, 0], [1, 1, 0, 1, 0, 1, 1, 1, 0, 1, 1, 0, 1, 1, 0, 1, 1, 0, 1, 1, 0, 1, 1, 0, 1, 1, 0, 1, 0, 0], [1, 1, 0, 1, 1, 0, 0, 0, 0, 1, 1, 0, 1, 1, 0, 1, 1, 0, 1, 1, 0, 1, 1, 0, 0, 0, 0, 1, 0, 0], [1, 1, 0, 1, 1, 0, 0, 0, 0, 1, 1, 0, 1, 1, 0, 1, 1, 0, 1, 1, 0, 1, 1, 0, 1, 1, 0, 1, 0, 0], [1, 1, 0, 1, 1, 0, 1, 0, 1, 1, 1, 0, 1, 1, 0, 1, 1, 0, 1, 1, 0, 1, 1, 0, 1, 1, 0, 1, 0, 0], [1, 1, 0, 1, 1, 0, 1, 1, 0, 1, 0, 1, 1, 1, 0, 1, 1, 0, 1, 1, 0, 1, 1, 0, 1, 1, 0, 1, 0, 0], [1, 1, 0, 1, 1, 0, 1, 1, 0, 1, 1, 0, 0, 0, 0, 1, 1, 0, 0, 0, 0, 1, 1, 0, 1, 1, 0, 1, 0, 0], [1, 1, 0, 1, 1, 0, 1, 1, 0, 1, 1, 0, 0, 0, 0, 1, 1, 0, 1, 0, 1, 1, 1, 0, 1, 1, 0, 1, 0, 0], [1, 1, 0, 1, 1, 0, 1, 1, 0, 1, 1, 0, 0, 0, 0, 1, 1, 0, 1, 1, 0, 1, 1, 0, 1, 1, 0, 1, 0, 0], [1, 1, 0, 1, 1, 0, 1, 1, 0, 1, 1, 0, 1, 0, 1, 1, 1, 0, 1, 1, 0, 1, 1, 0, 1, 0, 1, 1, 0, 0], [1, 1, 0, 1, 1, 0, 1, 1, 0, 1, 1, 0, 1, 0, 1, 1, 1, 0, 1, 1, 0, 1, 1, 0, 1, 1, 0, 1, 0, 0], [1, 1, 0, 1, 1, 0, 1, 1, 0, 1, 1, 0, 1, 1, 0, 0, 0, 0, 1, 1, 0, 1, 1, 0, 1, 0, 1, 1, 0, 0], [1, 1, 0, 1, 1, 0, 1, 1, 0, 1, 1, 0, 1, 1, 0, 0, 0, 0, 1, 1, 0, 1, 1, 0, 1, 1, 0, 1, 0, 0], [1, 1, 0, 1, 1, 0, 1, 1, 0, 1, 1, 0, 1, 1, 0, 1, 0, 1, 1, 1, 0, 1, 1, 0, 1, 0, 1, 1, 0, 0], [1, 1, 0, 1, 1, 0, 1, 1, 0, 1, 1, 0, 1, 1, 0, 1, 0, 1, 1, 1, 0, 1, 1, 0, 1, 1, 0, 1, 0, 0], [1, 1, 0, 1, 1, 0, 1, 1, 0, 1, 1, 0, 1, 1, 0, 1, 1, 0, 0, 0, 0, 1, 1, 0, 0, 0, 0, 1, 0, 0], [1, 1, 0, 1, 1, 0, 1, 1, 0, 1, 1, 0, 1, 1, 0, 1, 1, 0, 0, 0, 0, 1, 1, 0, 1, 1, 0, 1, 0, 0], [1, 1, 0, 1, 1, 0, 1, 1, 0, 1, 1, 0, 1, 1, 0, 1, 1, 0, 1, 0, 1, 1, 1, 0, 1, 1, 0, 1, 0, 0], [1, 1, 0, 1, 1, 0, 1, 1, 0, 1, 1, 0, 1, 1, 0, 1, 1, 0, 1, 1, 0, 0, 0, 0, 1, 0, 1, 1, 0, 0], [1, 1, 0, 1, 1, 0, 1, 1, 0, 1, 1, 0, 1, 1, 0, 1, 1, 0, 1, 1, 0, 0, 0, 0, 1, 1, 0, 1, 0, 0], [1, 1, 0, 1, 1, 0, 1, 1, 0, 1, 1, 0, 1, 1, 0, 1, 1, 0, 1, 1, 0, 1, 0, 1, 1, 1, 0, 1, 0, 0], [1, 1, 0, 1, 1, 0, 1, 1, 0, 1, 1, 0, 1, 1, 0, 1, 1, 0, 1, 1, 0, 1, 1, 0, 0, 0, 0, 1, 0, 0], [1, 1, 0, 1, 1, 0, 1, 1, 0, 1, 1, 0, 1, 1, 0, 1, 1, 0, 1, 1, 0, 1, 1, 0, 1, 0, 1, 1, 0, 0], [1, 1, 0, 1, 1, 0, 1, 1, 0, 1, 1, 0, 1, 1, 0, 1, 1, 0, 1, 1, 0, 1, 1, 0, 1, 1, 0, 1, 0, 0]]
[solve] probs=[0.00390625, 0.015625, 0.00390625, 0.015625, 0.00390625, 0.00390625, 0.00390625, 0.00390625, 0.01953125, 0.01171875, 0.01953125, 0.00390625, 0.00390625, 0.015625, 0.00390625, 0.01171875, 0.00390625, 0.01171875, 0.00390625, 0.0234375, 0.00390625, 0.015625, 0.00390625, 0.00390625, 0.0078125, 0.01953125, 0.01953125, 0.01171875, 0.7265625]
[choco-best] objective=None probability=None solution=None
[parallel 269/274] path=data/miplib_benders/qaoa_problems/nvars_10/supportcase6_ds_qaoa_c747_c759_0003.json status=ok wall=2039.9727761429967 peak_mb=418.43359375 choco_obj=
[problem] supportcase6_ds_qaoa_c747_c759_c762_0004 path=data/miplib_benders/qaoa_problems/nvars_10/supportcase6_ds_qaoa_c747_c759_c762_0004.json
[input] n_int=10 n_bin=30 n_constr=3
[input] A=[[1, 1, 1, 1, 1, 1, 1, 1, 1, 1], [0, 0, 1, 1, 0, 0, 0, 1, 1, 0], [1, 1, 1, 0, 0, 1, 1, 1, 0, 0]] b=[1, 1, 1] c=[145944000, 144887000, 151847000, 150892000, 134333000, 145944000, 144887000, 151847000, 150892000, 134333000]
[encoding]
  B100602(7) = B100602_7__b0 + 2*B100602_7__b1 + 4*B100602_7__b2
  B100608(7) = B100608_7__b0 + 2*B100608_7__b1 + 4*B100608_7__b2
  B100623(7) = B100623_7__b0 + 2*B100623_7__b1 + 4*B100623_7__b2
  B101029(7) = B101029_7__b0 + 2*B101029_7__b1 + 4*B101029_7__b2
  B101035(7) = B101035_7__b0 + 2*B101035_7__b1 + 4*B101035_7__b2
  B101037(7) = B101037_7__b0 + 2*B101037_7__b1 + 4*B101037_7__b2
  B101043(7) = B101043_7__b0 + 2*B101043_7__b1 + 4*B101043_7__b2
  B101058(7) = B101058_7__b0 + 2*B101058_7__b1 + 4*B101058_7__b2
  B101479(7) = B101479_7__b0 + 2*B101479_7__b1 + 4*B101479_7__b2
  B101485(7) = B101485_7__b0 + 2*B101485_7__b1 + 4*B101485_7__b2
[expanded] A_binary=[[1, 2, 4, 1, 2, 4, 1, 2, 4, 1, 2, 4, 1, 2, 4, 1, 2, 4, 1, 2, 4, 1, 2, 4, 1, 2, 4, 1, 2, 4], [0, 0, 0, 0, 0, 0, 1, 2, 4, 1, 2, 4, 0, 0, 0, 0, 0, 0, 0, 0, 0, 1, 2, 4, 1, 2, 4, 0, 0, 0], [1, 2, 4, 1, 2, 4, 1, 2, 4, 0, 0, 0, 0, 0, 0, 1, 2, 4, 1, 2, 4, 1, 2, 4, 0, 0, 0, 0, 0, 0]] b=[1, 1, 1]
[expanded] lin_constr_mtx=[[1, 2, 4, 1, 2, 4, 1, 2, 4, 1, 2, 4, 1, 2, 4, 1, 2, 4, 1, 2, 4, 1, 2, 4, 1, 2, 4, 1, 2, 4, 1], [0, 0, 0, 0, 0, 0, 1, 2, 4, 1, 2, 4, 0, 0, 0, 0, 0, 0, 0, 0, 0, 1, 2, 4, 1, 2, 4, 0, 0, 0, 1], [1, 2, 4, 1, 2, 4, 1, 2, 4, 0, 0, 0, 0, 0, 0, 1, 2, 4, 1, 2, 4, 1, 2, 4, 0, 0, 0, 0, 0, 0, 1]]
Set parameter Username
[classical] objective=151847000.0 solution={'B100602(7)': 0, 'B100608(7)': 0, 'B100623(7)': 1, 'B101029(7)': 0, 'B101035(7)': 0, 'B101037(7)': 0, 'B101043(7)': 0, 'B101058(7)': 0, 'B101479(7)': 0, 'B101485(7)': 0}
[circuit] metrics=[641, 62, 270, 704]
[solve] start
[solve] states=[[0, 0, 1, 1, 0, 1, 0, 1, 0, 0, 0, 0, 0, 0, 0, 1, 0, 0, 1, 0, 0, 1, 1, 0, 1, 0, 0, 0, 0, 0], [0, 0, 1, 1, 1, 0, 0, 1, 0, 0, 0, 0, 0, 0, 0, 1, 0, 0, 1, 0, 0, 1, 1, 0, 1, 0, 0, 0, 0, 0], [0, 1, 0, 1, 1, 0, 0, 0, 0, 0, 0, 0, 0, 0, 0, 1, 0, 0, 1, 0, 0, 0, 1, 0, 1, 0, 0, 0, 0, 0], [0, 1, 0, 1, 1, 0, 0, 1, 0, 0, 0, 0, 0, 0, 0, 1, 0, 0, 1, 0, 0, 0, 0, 0, 0, 0, 0, 1, 0, 0], [0, 1, 0, 1, 1, 0, 0, 1, 0, 0, 0, 0, 0, 0, 0, 1, 0, 0, 1, 0, 0, 1, 1, 0, 0, 0, 0, 1, 0, 0], [1, 0, 0, 1, 1, 0, 1, 1, 0, 0, 0, 0, 0, 0, 0, 0, 0, 0, 1, 1, 0, 1, 1, 0, 0, 0, 0, 0, 0, 0], [1, 0, 1, 1, 0, 0, 1, 0, 1, 1, 0, 0, 0, 0, 0, 0, 0, 0, 1, 1, 0, 0, 1, 0, 0, 0, 0, 0, 0, 0], [1, 0, 1, 1, 0, 0, 1, 1, 0, 1, 0, 0, 0, 0, 0, 1, 1, 0, 1, 1, 0, 0, 1, 0, 0, 0, 0, 0, 0, 0], [1, 0, 1, 1, 0, 1, 1, 1, 0, 0, 0, 0, 0, 0, 0, 1, 0, 0, 1, 0, 1, 1, 1, 0, 0, 0, 0, 0, 0, 0], [1, 0, 1, 1, 1, 0, 1, 0, 1, 0, 0, 0, 0, 0, 0, 1, 0, 0, 0, 0, 0, 1, 0, 1, 0, 0, 0, 0, 0, 0], [1, 0, 1, 1, 1, 0, 1, 0, 1, 0, 0, 0, 0, 0, 0, 1, 0, 0, 0, 0, 0, 1, 1, 0, 0, 0, 0, 0, 0, 0], [1, 0, 1, 1, 1, 0, 1, 0, 1, 0, 0, 0, 0, 0, 0, 1, 0, 0, 1, 1, 0, 1, 1, 0, 0, 0, 0, 0, 0, 0], [1, 0, 1, 1, 1, 0, 1, 1, 0, 0, 0, 0, 0, 0, 0, 1, 0, 0, 0, 0, 0, 1, 1, 0, 0, 0, 0, 0, 0, 0], [1, 0, 1, 1, 1, 0, 1, 1, 0, 0, 0, 0, 0, 0, 0, 1, 0, 0, 1, 1, 0, 0, 0, 0, 0, 0, 0, 0, 0, 0], [1, 0, 1, 1, 1, 0, 1, 1, 0, 0, 0, 0, 0, 0, 0, 1, 0, 0, 1, 1, 0, 1, 0, 1, 0, 0, 0, 0, 0, 0], [1, 0, 1, 1, 1, 0, 1, 1, 0, 0, 0, 0, 0, 0, 0, 1, 0, 0, 1, 1, 0, 1, 1, 0, 0, 0, 0, 0, 0, 0], [1, 1, 0, 1, 0, 0, 1, 1, 0, 1, 0, 0, 0, 0, 0, 0, 0, 0, 1, 1, 0, 0, 1, 0, 0, 0, 0, 0, 0, 0], [1, 1, 0, 1, 0, 1, 1, 1, 0, 0, 0, 0, 0, 0, 0, 1, 0, 0, 0, 0, 0, 1, 1, 0, 0, 0, 0, 0, 0, 0], [1, 1, 0, 1, 0, 1, 1, 1, 0, 0, 0, 0, 0, 0, 0, 1, 0, 0, 1, 0, 1, 0, 0, 0, 0, 0, 0, 0, 0, 0], [1, 1, 0, 1, 0, 1, 1, 1, 0, 0, 0, 0, 0, 0, 0, 1, 0, 0, 1, 0, 1, 1, 1, 0, 0, 0, 0, 0, 0, 0], [1, 1, 0, 1, 0, 1, 1, 1, 0, 0, 0, 0, 0, 0, 0, 1, 0, 0, 1, 1, 0, 1, 1, 0, 0, 0, 0, 0, 0, 0], [1, 1, 0, 1, 1, 0, 0, 1, 0, 0, 0, 0, 0, 0, 0, 1, 0, 0, 1, 1, 0, 1, 0, 0, 0, 0, 0, 0, 0, 0], [1, 1, 0, 1, 1, 0, 1, 0, 0, 0, 0, 0, 0, 0, 0, 1, 0, 0, 1, 1, 0, 0, 1, 0, 0, 0, 0, 0, 0, 0], [1, 1, 0, 1, 1, 0, 1, 0, 1, 0, 0, 0, 0, 0, 0, 1, 0, 0, 0, 0, 0, 1, 1, 0, 0, 0, 0, 0, 0, 0], [1, 1, 0, 1, 1, 0, 1, 0, 1, 0, 0, 0, 0, 0, 0, 1, 0, 0, 1, 1, 0, 0, 0, 0, 0, 0, 0, 0, 0, 0], [1, 1, 0, 1, 1, 0, 1, 0, 1, 0, 0, 0, 0, 0, 0, 1, 0, 0, 1, 1, 0, 1, 0, 1, 0, 0, 0, 0, 0, 0], [1, 1, 0, 1, 1, 0, 1, 0, 1, 0, 0, 0, 0, 0, 0, 1, 0, 0, 1, 1, 0, 1, 1, 0, 0, 0, 0, 0, 0, 0], [1, 1, 0, 1, 1, 0, 1, 1, 0, 0, 0, 0, 0, 0, 0, 1, 0, 0, 0, 0, 0, 0, 0, 0, 0, 0, 0, 0, 0, 0], [1, 1, 0, 1, 1, 0, 1, 1, 0, 0, 0, 0, 0, 0, 0, 1, 0, 0, 0, 0, 0, 1, 0, 1, 0, 0, 0, 0, 0, 0], [1, 1, 0, 1, 1, 0, 1, 1, 0, 0, 0, 0, 0, 0, 0, 1, 0, 0, 0, 0, 0, 1, 1, 0, 0, 0, 0, 0, 0, 0], [1, 1, 0, 1, 1, 0, 1, 1, 0, 0, 0, 0, 0, 0, 0, 1, 0, 0, 1, 0, 1, 1, 1, 0, 0, 0, 0, 0, 0, 0], [1, 1, 0, 1, 1, 0, 1, 1, 0, 0, 0, 0, 0, 0, 0, 1, 0, 0, 1, 1, 0, 0, 0, 0, 0, 0, 0, 0, 0, 0], [1, 1, 0, 1, 1, 0, 1, 1, 0, 0, 0, 0, 0, 0, 0, 1, 0, 0, 1, 1, 0, 1, 0, 1, 0, 0, 0, 0, 0, 0], [1, 1, 0, 1, 1, 0, 1, 1, 0, 0, 0, 0, 0, 0, 0, 1, 0, 0, 1, 1, 0, 1, 1, 0, 0, 0, 0, 0, 0, 0]]
[solve] probs=[0.00390625, 0.00390625, 0.00390625, 0.00390625, 0.00390625, 0.0078125, 0.00390625, 0.00390625, 0.0078125, 0.00390625, 0.0078125, 0.0078125, 0.0078125, 0.0078125, 0.00390625, 0.03515625, 0.015625, 0.01171875, 0.00390625, 0.015625, 0.04296875, 0.00390625, 0.01171875, 0.01171875, 0.01171875, 0.0078125, 0.05859375, 0.00390625, 0.00390625, 0.0859375, 0.0390625, 0.04296875, 0.05078125, 0.4609375]
[choco-best] objective=None probability=None solution=None
[parallel 270/274] path=data/miplib_benders/qaoa_problems/nvars_10/supportcase6_ds_qaoa_c747_c759_c762_0001.json status=ok wall=3636.683425436029 peak_mb=439.515625 choco_obj=
[problem] supportcase6_ds_qaoa_c747_c759_c762_0005 path=data/miplib_benders/qaoa_problems/nvars_10/supportcase6_ds_qaoa_c747_c759_c762_0005.json
[input] n_int=10 n_bin=30 n_constr=3
[input] A=[[1, 1, 1, 1, 1, 1, 1, 1, 1, 1], [0, 1, 1, 0, 0, 0, 1, 1, 0, 0], [1, 1, 0, 0, 1, 1, 1, 0, 0, 1]] b=[1, 1, 1] c=[144887000, 151847000, 150892000, 134333000, 145944000, 144887000, 151847000, 150892000, 134333000, 145944000]
[encoding]
  B100608(7) = B100608_7__b0 + 2*B100608_7__b1 + 4*B100608_7__b2
  B100623(7) = B100623_7__b0 + 2*B100623_7__b1 + 4*B100623_7__b2
  B101029(7) = B101029_7__b0 + 2*B101029_7__b1 + 4*B101029_7__b2
  B101035(7) = B101035_7__b0 + 2*B101035_7__b1 + 4*B101035_7__b2
  B101037(7) = B101037_7__b0 + 2*B101037_7__b1 + 4*B101037_7__b2
  B101043(7) = B101043_7__b0 + 2*B101043_7__b1 + 4*B101043_7__b2
  B101058(7) = B101058_7__b0 + 2*B101058_7__b1 + 4*B101058_7__b2
  B101479(7) = B101479_7__b0 + 2*B101479_7__b1 + 4*B101479_7__b2
  B101485(7) = B101485_7__b0 + 2*B101485_7__b1 + 4*B101485_7__b2
  B101487(7) = B101487_7__b0 + 2*B101487_7__b1 + 4*B101487_7__b2
[expanded] A_binary=[[1, 2, 4, 1, 2, 4, 1, 2, 4, 1, 2, 4, 1, 2, 4, 1, 2, 4, 1, 2, 4, 1, 2, 4, 1, 2, 4, 1, 2, 4], [0, 0, 0, 1, 2, 4, 1, 2, 4, 0, 0, 0, 0, 0, 0, 0, 0, 0, 1, 2, 4, 1, 2, 4, 0, 0, 0, 0, 0, 0], [1, 2, 4, 1, 2, 4, 0, 0, 0, 0, 0, 0, 1, 2, 4, 1, 2, 4, 1, 2, 4, 0, 0, 0, 0, 0, 0, 1, 2, 4]] b=[1, 1, 1]
[expanded] lin_constr_mtx=[[1, 2, 4, 1, 2, 4, 1, 2, 4, 1, 2, 4, 1, 2, 4, 1, 2, 4, 1, 2, 4, 1, 2, 4, 1, 2, 4, 1, 2, 4, 1], [0, 0, 0, 1, 2, 4, 1, 2, 4, 0, 0, 0, 0, 0, 0, 0, 0, 0, 1, 2, 4, 1, 2, 4, 0, 0, 0, 0, 0, 0, 1], [1, 2, 4, 1, 2, 4, 0, 0, 0, 0, 0, 0, 1, 2, 4, 1, 2, 4, 1, 2, 4, 0, 0, 0, 0, 0, 0, 1, 2, 4, 1]]
Set parameter Username
[classical] objective=151847000.0 solution={'B100608(7)': 0, 'B100623(7)': 1, 'B101029(7)': 0, 'B101035(7)': 0, 'B101037(7)': 0, 'B101043(7)': 0, 'B101058(7)': 0, 'B101479(7)': 0, 'B101485(7)': 0, 'B101487(7)': 0}
[circuit] metrics=[641, 62, 270, 704]
[solve] start
[solve] states=[[1, 0, 1, 1, 1, 0, 1, 1, 0, 1, 1, 0, 0, 0, 0, 1, 1, 0, 1, 1, 0, 0, 0, 0, 1, 0, 0, 0, 0, 0], [1, 0, 1, 1, 1, 0, 1, 1, 0, 1, 1, 0, 0, 0, 0, 1, 1, 0, 1, 1, 0, 1, 1, 0, 1, 0, 0, 0, 0, 0], [1, 1, 0, 1, 0, 1, 1, 1, 0, 1, 1, 0, 0, 0, 0, 1, 1, 0, 1, 1, 0, 0, 0, 0, 1, 0, 0, 0, 0, 0], [1, 1, 0, 1, 0, 1, 1, 1, 0, 1, 1, 0, 0, 0, 0, 1, 1, 0, 1, 1, 0, 1, 1, 0, 1, 0, 0, 0, 0, 0], [1, 1, 0, 1, 1, 0, 0, 0, 0, 1, 1, 0, 0, 0, 0, 1, 1, 0, 1, 1, 0, 1, 0, 1, 1, 0, 0, 0, 0, 0], [1, 1, 0, 1, 1, 0, 0, 0, 0, 1, 1, 0, 0, 0, 0, 1, 1, 0, 1, 1, 0, 1, 1, 0, 1, 0, 0, 0, 0, 0], [1, 1, 0, 1, 1, 0, 1, 0, 0, 1, 1, 0, 1, 0, 0, 0, 1, 0, 1, 1, 0, 1, 1, 0, 0, 0, 0, 0, 0, 0], [1, 1, 0, 1, 1, 0, 1, 0, 1, 1, 1, 0, 0, 0, 0, 1, 1, 0, 1, 1, 0, 1, 1, 0, 1, 0, 0, 0, 0, 0], [1, 1, 0, 1, 1, 0, 1, 1, 0, 1, 0, 1, 0, 0, 0, 1, 1, 0, 0, 0, 0, 1, 1, 0, 1, 0, 0, 0, 0, 0], [1, 1, 0, 1, 1, 0, 1, 1, 0, 1, 0, 1, 0, 0, 0, 1, 1, 0, 1, 1, 0, 1, 0, 1, 1, 0, 0, 0, 0, 0], [1, 1, 0, 1, 1, 0, 1, 1, 0, 1, 0, 1, 0, 0, 0, 1, 1, 0, 1, 1, 0, 1, 1, 0, 1, 0, 0, 0, 0, 0], [1, 1, 0, 1, 1, 0, 1, 1, 0, 1, 1, 0, 0, 0, 0, 0, 0, 0, 1, 1, 0, 0, 0, 0, 1, 0, 0, 0, 0, 0], [1, 1, 0, 1, 1, 0, 1, 1, 0, 1, 1, 0, 0, 0, 0, 0, 0, 0, 1, 1, 0, 1, 1, 0, 1, 0, 0, 0, 0, 0], [1, 1, 0, 1, 1, 0, 1, 1, 0, 1, 1, 0, 0, 0, 0, 1, 0, 1, 0, 0, 0, 1, 1, 0, 1, 0, 0, 0, 0, 0], [1, 1, 0, 1, 1, 0, 1, 1, 0, 1, 1, 0, 0, 0, 0, 1, 0, 1, 1, 1, 0, 1, 0, 1, 1, 0, 0, 0, 0, 0], [1, 1, 0, 1, 1, 0, 1, 1, 0, 1, 1, 0, 0, 0, 0, 1, 0, 1, 1, 1, 0, 1, 1, 0, 1, 0, 0, 0, 0, 0], [1, 1, 0, 1, 1, 0, 1, 1, 0, 1, 1, 0, 0, 0, 0, 1, 1, 0, 0, 0, 0, 1, 1, 0, 1, 0, 0, 0, 0, 0], [1, 1, 0, 1, 1, 0, 1, 1, 0, 1, 1, 0, 0, 0, 0, 1, 1, 0, 1, 0, 1, 1, 1, 0, 1, 0, 0, 0, 0, 0], [1, 1, 0, 1, 1, 0, 1, 1, 0, 1, 1, 0, 0, 0, 0, 1, 1, 0, 1, 1, 0, 0, 0, 0, 1, 0, 0, 0, 0, 0], [1, 1, 0, 1, 1, 0, 1, 1, 0, 1, 1, 0, 0, 0, 0, 1, 1, 0, 1, 1, 0, 1, 0, 1, 1, 0, 0, 0, 0, 0], [1, 1, 0, 1, 1, 0, 1, 1, 0, 1, 1, 0, 0, 0, 0, 1, 1, 0, 1, 1, 0, 1, 1, 0, 1, 0, 0, 0, 0, 0]]
[solve] probs=[0.00390625, 0.01953125, 0.00390625, 0.00390625, 0.00390625, 0.01171875, 0.00390625, 0.01171875, 0.00390625, 0.00390625, 0.02734375, 0.00390625, 0.01171875, 0.00390625, 0.00390625, 0.01171875, 0.0078125, 0.0390625, 0.0234375, 0.01171875, 0.78515625]
[choco-best] objective=None probability=None solution=None
[parallel 271/274] path=data/miplib_benders/qaoa_problems/nvars_10/supportcase6_ds_qaoa_c747_c759_c762_0003.json status=ok wall=3385.029529031017 peak_mb=437.859375 choco_obj=
[solve] states=[[1, 0, 1, 0, 0, 0, 1, 1, 0, 1, 1, 0, 0, 0, 0, 1, 1, 0, 1, 1, 0, 1, 0, 0, 1, 1, 0, 0, 0, 0], [1, 0, 1, 1, 0, 1, 1, 1, 0, 1, 1, 0, 0, 0, 0, 1, 1, 0, 1, 1, 0, 1, 0, 0, 1, 1, 0, 0, 0, 0], [1, 0, 1, 1, 1, 0, 1, 1, 0, 1, 1, 0, 0, 0, 0, 1, 1, 0, 1, 1, 0, 1, 0, 0, 1, 1, 0, 0, 0, 0], [1, 1, 0, 0, 0, 0, 1, 0, 1, 1, 1, 0, 0, 0, 0, 1, 1, 0, 1, 1, 0, 1, 0, 0, 1, 1, 0, 0, 0, 0], [1, 1, 0, 0, 0, 0, 1, 1, 0, 1, 0, 1, 0, 0, 0, 1, 1, 0, 1, 1, 0, 1, 0, 0, 1, 1, 0, 0, 0, 0], [1, 1, 0, 0, 0, 0, 1, 1, 0, 1, 1, 0, 0, 0, 0, 1, 1, 0, 1, 1, 0, 1, 0, 0, 1, 1, 0, 0, 0, 0], [1, 1, 0, 1, 0, 0, 1, 1, 0, 1, 1, 0, 0, 0, 0, 0, 1, 0, 1, 1, 0, 1, 0, 0, 1, 1, 0, 0, 0, 0], [1, 1, 0, 1, 0, 1, 1, 0, 1, 1, 1, 0, 0, 0, 0, 1, 1, 0, 1, 1, 0, 1, 0, 0, 1, 1, 0, 0, 0, 0], [1, 1, 0, 1, 0, 1, 1, 1, 0, 1, 1, 0, 0, 0, 0, 1, 1, 0, 1, 1, 0, 1, 0, 0, 1, 1, 0, 0, 0, 0], [1, 1, 0, 1, 1, 0, 1, 0, 1, 1, 1, 0, 0, 0, 0, 1, 1, 0, 0, 0, 0, 1, 0, 0, 1, 1, 0, 0, 0, 0], [1, 1, 0, 1, 1, 0, 1, 0, 1, 1, 1, 0, 0, 0, 0, 1, 1, 0, 1, 1, 0, 1, 0, 0, 1, 0, 1, 0, 0, 0], [1, 1, 0, 1, 1, 0, 1, 0, 1, 1, 1, 0, 0, 0, 0, 1, 1, 0, 1, 1, 0, 1, 0, 0, 1, 1, 0, 0, 0, 0], [1, 1, 0, 1, 1, 0, 1, 1, 0, 1, 0, 1, 0, 0, 0, 1, 0, 1, 1, 1, 0, 1, 0, 0, 1, 1, 0, 0, 0, 0], [1, 1, 0, 1, 1, 0, 1, 1, 0, 1, 0, 1, 0, 0, 0, 1, 1, 0, 1, 1, 0, 1, 0, 0, 0, 0, 0, 0, 0, 0], [1, 1, 0, 1, 1, 0, 1, 1, 0, 1, 0, 1, 0, 0, 0, 1, 1, 0, 1, 1, 0, 1, 0, 0, 1, 0, 1, 0, 0, 0], [1, 1, 0, 1, 1, 0, 1, 1, 0, 1, 0, 1, 0, 0, 0, 1, 1, 0, 1, 1, 0, 1, 0, 0, 1, 1, 0, 0, 0, 0], [1, 1, 0, 1, 1, 0, 1, 1, 0, 1, 1, 0, 0, 0, 0, 0, 0, 0, 1, 1, 0, 1, 0, 0, 1, 1, 0, 0, 0, 0], [1, 1, 0, 1, 1, 0, 1, 1, 0, 1, 1, 0, 0, 0, 0, 1, 0, 1, 1, 1, 0, 1, 0, 0, 1, 1, 0, 0, 0, 0], [1, 1, 0, 1, 1, 0, 1, 1, 0, 1, 1, 0, 0, 0, 0, 1, 1, 0, 0, 0, 0, 1, 0, 0, 1, 1, 0, 0, 0, 0], [1, 1, 0, 1, 1, 0, 1, 1, 0, 1, 1, 0, 0, 0, 0, 1, 1, 0, 1, 0, 1, 1, 0, 0, 1, 0, 1, 0, 0, 0], [1, 1, 0, 1, 1, 0, 1, 1, 0, 1, 1, 0, 0, 0, 0, 1, 1, 0, 1, 0, 1, 1, 0, 0, 1, 1, 0, 0, 0, 0], [1, 1, 0, 1, 1, 0, 1, 1, 0, 1, 1, 0, 0, 0, 0, 1, 1, 0, 1, 1, 0, 1, 0, 0, 0, 0, 0, 0, 0, 0], [1, 1, 0, 1, 1, 0, 1, 1, 0, 1, 1, 0, 0, 0, 0, 1, 1, 0, 1, 1, 0, 1, 0, 0, 1, 0, 1, 0, 0, 0], [1, 1, 0, 1, 1, 0, 1, 1, 0, 1, 1, 0, 0, 0, 0, 1, 1, 0, 1, 1, 0, 1, 0, 0, 1, 1, 0, 0, 0, 0]]
[solve] probs=[0.00390625, 0.00390625, 0.01171875, 0.00390625, 0.00390625, 0.03125, 0.00390625, 0.00390625, 0.02734375, 0.00390625, 0.00390625, 0.01953125, 0.00390625, 0.00390625, 0.00390625, 0.01953125, 0.02734375, 0.03125, 0.01953125, 0.00390625, 0.03125, 0.0234375, 0.0390625, 0.671875]
[choco-best] objective=None probability=None solution=None
[parallel 272/274] path=data/miplib_benders/qaoa_problems/nvars_10/supportcase6_ds_qaoa_c747_c759_c762_0004.json status=ok wall=4003.0683007489424 peak_mb=485.109375 choco_obj=
[solve] states=[[1, 0, 1, 1, 0, 0, 1, 1, 0, 1, 1, 0, 1, 0, 0, 0, 1, 0, 1, 1, 0, 0, 1, 0, 1, 1, 0, 1, 0, 0], [1, 0, 1, 1, 1, 0, 1, 0, 1, 1, 1, 0, 0, 0, 0, 1, 1, 0, 1, 0, 1, 1, 1, 0, 1, 1, 0, 1, 0, 0], [1, 0, 1, 1, 1, 0, 1, 0, 1, 1, 1, 0, 0, 0, 0, 1, 1, 0, 1, 1, 0, 1, 1, 0, 0, 0, 0, 1, 0, 0], [1, 0, 1, 1, 1, 0, 1, 1, 0, 0, 0, 0, 0, 0, 0, 1, 0, 1, 0, 0, 0, 1, 1, 0, 1, 1, 0, 1, 0, 0], [1, 0, 1, 1, 1, 0, 1, 1, 0, 1, 0, 1, 0, 0, 0, 1, 0, 1, 1, 1, 0, 1, 1, 0, 1, 1, 0, 1, 0, 0], [1, 0, 1, 1, 1, 0, 1, 1, 0, 1, 1, 0, 0, 0, 0, 1, 0, 1, 1, 1, 0, 1, 1, 0, 1, 1, 0, 1, 0, 0], [1, 0, 1, 1, 1, 0, 1, 1, 0, 1, 1, 0, 0, 0, 0, 1, 1, 0, 1, 0, 1, 1, 1, 0, 1, 1, 0, 1, 0, 0], [1, 0, 1, 1, 1, 0, 1, 1, 0, 1, 1, 0, 0, 0, 0, 1, 1, 0, 1, 1, 0, 1, 0, 1, 1, 1, 0, 1, 0, 0], [1, 0, 1, 1, 1, 0, 1, 1, 0, 1, 1, 0, 0, 0, 0, 1, 1, 0, 1, 1, 0, 1, 1, 0, 0, 0, 0, 1, 0, 0], [1, 0, 1, 1, 1, 0, 1, 1, 0, 1, 1, 0, 0, 0, 0, 1, 1, 0, 1, 1, 0, 1, 1, 0, 1, 1, 0, 1, 0, 0], [1, 1, 0, 0, 1, 0, 1, 1, 0, 1, 1, 0, 0, 0, 0, 1, 1, 0, 1, 0, 0, 1, 1, 0, 1, 1, 0, 1, 0, 0], [1, 1, 0, 1, 0, 0, 1, 1, 0, 0, 0, 0, 1, 0, 0, 0, 1, 0, 1, 1, 0, 0, 1, 0, 1, 1, 0, 1, 0, 0], [1, 1, 0, 1, 0, 0, 1, 1, 0, 1, 1, 0, 1, 0, 0, 0, 1, 0, 1, 1, 0, 0, 1, 0, 1, 1, 0, 1, 0, 0], [1, 1, 0, 1, 0, 1, 1, 0, 1, 1, 1, 0, 0, 0, 0, 1, 1, 0, 1, 1, 0, 1, 1, 0, 1, 1, 0, 1, 0, 0], [1, 1, 0, 1, 0, 1, 1, 1, 0, 0, 0, 0, 0, 0, 0, 1, 1, 0, 1, 1, 0, 1, 1, 0, 1, 1, 0, 1, 0, 0], [1, 1, 0, 1, 0, 1, 1, 1, 0, 1, 0, 1, 0, 0, 0, 1, 1, 0, 1, 1, 0, 1, 1, 0, 1, 1, 0, 1, 0, 0], [1, 1, 0, 1, 0, 1, 1, 1, 0, 1, 1, 0, 0, 0, 0, 0, 0, 0, 0, 0, 0, 1, 1, 0, 0, 0, 0, 1, 0, 0], [1, 1, 0, 1, 0, 1, 1, 1, 0, 1, 1, 0, 0, 0, 0, 1, 1, 0, 1, 1, 0, 0, 0, 0, 1, 0, 1, 1, 0, 0], [1, 1, 0, 1, 0, 1, 1, 1, 0, 1, 1, 0, 0, 0, 0, 1, 1, 0, 1, 1, 0, 1, 0, 1, 1, 1, 0, 1, 0, 0], [1, 1, 0, 1, 0, 1, 1, 1, 0, 1, 1, 0, 0, 0, 0, 1, 1, 0, 1, 1, 0, 1, 1, 0, 0, 0, 0, 1, 0, 0], [1, 1, 0, 1, 0, 1, 1, 1, 0, 1, 1, 0, 0, 0, 0, 1, 1, 0, 1, 1, 0, 1, 1, 0, 1, 1, 0, 1, 0, 0], [1, 1, 0, 1, 1, 0, 1, 0, 1, 0, 0, 0, 0, 0, 0, 1, 1, 0, 0, 0, 0, 1, 1, 0, 1, 1, 0, 1, 0, 0], [1, 1, 0, 1, 1, 0, 1, 0, 1, 0, 0, 0, 0, 0, 0, 1, 1, 0, 1, 1, 0, 1, 1, 0, 1, 1, 0, 1, 0, 0], [1, 1, 0, 1, 1, 0, 1, 0, 1, 1, 0, 1, 0, 0, 0, 1, 1, 0, 1, 1, 0, 0, 0, 0, 1, 1, 0, 1, 0, 0], [1, 1, 0, 1, 1, 0, 1, 0, 1, 1, 0, 1, 0, 0, 0, 1, 1, 0, 1, 1, 0, 1, 1, 0, 1, 1, 0, 1, 0, 0], [1, 1, 0, 1, 1, 0, 1, 0, 1, 1, 1, 0, 0, 0, 0, 1, 1, 0, 0, 0, 0, 1, 1, 0, 1, 1, 0, 1, 0, 0], [1, 1, 0, 1, 1, 0, 1, 0, 1, 1, 1, 0, 0, 0, 0, 1, 1, 0, 1, 0, 1, 1, 1, 0, 1, 1, 0, 1, 0, 0], [1, 1, 0, 1, 1, 0, 1, 0, 1, 1, 1, 0, 0, 0, 0, 1, 1, 0, 1, 1, 0, 0, 0, 0, 1, 1, 0, 1, 0, 0], [1, 1, 0, 1, 1, 0, 1, 0, 1, 1, 1, 0, 0, 0, 0, 1, 1, 0, 1, 1, 0, 1, 0, 1, 1, 1, 0, 1, 0, 0], [1, 1, 0, 1, 1, 0, 1, 0, 1, 1, 1, 0, 0, 0, 0, 1, 1, 0, 1, 1, 0, 1, 1, 0, 0, 0, 0, 1, 0, 0], [1, 1, 0, 1, 1, 0, 1, 0, 1, 1, 1, 0, 0, 0, 0, 1, 1, 0, 1, 1, 0, 1, 1, 0, 1, 1, 0, 1, 0, 0], [1, 1, 0, 1, 1, 0, 1, 1, 0, 0, 0, 0, 0, 0, 0, 1, 0, 1, 1, 1, 0, 1, 1, 0, 1, 1, 0, 1, 0, 0], [1, 1, 0, 1, 1, 0, 1, 1, 0, 0, 0, 0, 0, 0, 0, 1, 1, 0, 0, 0, 0, 1, 1, 0, 1, 1, 0, 1, 0, 0], [1, 1, 0, 1, 1, 0, 1, 1, 0, 0, 0, 0, 0, 0, 0, 1, 1, 0, 1, 1, 0, 0, 0, 0, 1, 1, 0, 1, 0, 0], [1, 1, 0, 1, 1, 0, 1, 1, 0, 0, 0, 0, 0, 0, 0, 1, 1, 0, 1, 1, 0, 1, 0, 1, 1, 1, 0, 1, 0, 0], [1, 1, 0, 1, 1, 0, 1, 1, 0, 0, 0, 0, 0, 0, 0, 1, 1, 0, 1, 1, 0, 1, 1, 0, 1, 0, 1, 1, 0, 0], [1, 1, 0, 1, 1, 0, 1, 1, 0, 0, 0, 0, 0, 0, 0, 1, 1, 0, 1, 1, 0, 1, 1, 0, 1, 1, 0, 1, 0, 0], [1, 1, 0, 1, 1, 0, 1, 1, 0, 1, 0, 1, 0, 0, 0, 1, 1, 0, 1, 1, 0, 0, 0, 0, 1, 1, 0, 1, 0, 0], [1, 1, 0, 1, 1, 0, 1, 1, 0, 1, 0, 1, 0, 0, 0, 1, 1, 0, 1, 1, 0, 1, 1, 0, 0, 0, 0, 1, 0, 0], [1, 1, 0, 1, 1, 0, 1, 1, 0, 1, 0, 1, 0, 0, 0, 1, 1, 0, 1, 1, 0, 1, 1, 0, 1, 1, 0, 1, 0, 0], [1, 1, 0, 1, 1, 0, 1, 1, 0, 1, 1, 0, 0, 0, 0, 0, 0, 0, 1, 0, 1, 1, 1, 0, 1, 1, 0, 1, 0, 0], [1, 1, 0, 1, 1, 0, 1, 1, 0, 1, 1, 0, 0, 0, 0, 0, 0, 0, 1, 1, 0, 1, 0, 1, 1, 1, 0, 1, 0, 0], [1, 1, 0, 1, 1, 0, 1, 1, 0, 1, 1, 0, 0, 0, 0, 0, 0, 0, 1, 1, 0, 1, 1, 0, 1, 0, 1, 1, 0, 0], [1, 1, 0, 1, 1, 0, 1, 1, 0, 1, 1, 0, 0, 0, 0, 0, 0, 0, 1, 1, 0, 1, 1, 0, 1, 1, 0, 1, 0, 0], [1, 1, 0, 1, 1, 0, 1, 1, 0, 1, 1, 0, 0, 0, 0, 1, 0, 1, 0, 0, 0, 1, 1, 0, 1, 1, 0, 1, 0, 0], [1, 1, 0, 1, 1, 0, 1, 1, 0, 1, 1, 0, 0, 0, 0, 1, 0, 1, 1, 1, 0, 1, 1, 0, 1, 0, 1, 1, 0, 0], [1, 1, 0, 1, 1, 0, 1, 1, 0, 1, 1, 0, 0, 0, 0, 1, 0, 1, 1, 1, 0, 1, 1, 0, 1, 1, 0, 1, 0, 0], [1, 1, 0, 1, 1, 0, 1, 1, 0, 1, 1, 0, 0, 0, 0, 1, 1, 0, 0, 0, 0, 1, 1, 0, 1, 1, 0, 1, 0, 0], [1, 1, 0, 1, 1, 0, 1, 1, 0, 1, 1, 0, 0, 0, 0, 1, 1, 0, 1, 0, 1, 1, 0, 1, 1, 1, 0, 1, 0, 0], [1, 1, 0, 1, 1, 0, 1, 1, 0, 1, 1, 0, 0, 0, 0, 1, 1, 0, 1, 0, 1, 1, 1, 0, 0, 0, 0, 1, 0, 0], [1, 1, 0, 1, 1, 0, 1, 1, 0, 1, 1, 0, 0, 0, 0, 1, 1, 0, 1, 0, 1, 1, 1, 0, 1, 1, 0, 1, 0, 0], [1, 1, 0, 1, 1, 0, 1, 1, 0, 1, 1, 0, 0, 0, 0, 1, 1, 0, 1, 1, 0, 0, 0, 0, 0, 0, 0, 1, 0, 0], [1, 1, 0, 1, 1, 0, 1, 1, 0, 1, 1, 0, 0, 0, 0, 1, 1, 0, 1, 1, 0, 0, 0, 0, 1, 1, 0, 1, 0, 0], [1, 1, 0, 1, 1, 0, 1, 1, 0, 1, 1, 0, 0, 0, 0, 1, 1, 0, 1, 1, 0, 1, 0, 1, 1, 0, 1, 1, 0, 0], [1, 1, 0, 1, 1, 0, 1, 1, 0, 1, 1, 0, 0, 0, 0, 1, 1, 0, 1, 1, 0, 1, 0, 1, 1, 1, 0, 1, 0, 0], [1, 1, 0, 1, 1, 0, 1, 1, 0, 1, 1, 0, 0, 0, 0, 1, 1, 0, 1, 1, 0, 1, 1, 0, 0, 0, 0, 1, 0, 0], [1, 1, 0, 1, 1, 0, 1, 1, 0, 1, 1, 0, 0, 0, 0, 1, 1, 0, 1, 1, 0, 1, 1, 0, 1, 0, 1, 1, 0, 0], [1, 1, 0, 1, 1, 0, 1, 1, 0, 1, 1, 0, 0, 0, 0, 1, 1, 0, 1, 1, 0, 1, 1, 0, 1, 1, 0, 1, 0, 0]]
[solve] probs=[0.0078125, 0.00390625, 0.00390625, 0.00390625, 0.00390625, 0.00390625, 0.00390625, 0.00390625, 0.0078125, 0.01171875, 0.00390625, 0.00390625, 0.00390625, 0.00390625, 0.00390625, 0.00390625, 0.00390625, 0.00390625, 0.00390625, 0.00390625, 0.03515625, 0.00390625, 0.00390625, 0.00390625, 0.00390625, 0.00390625, 0.00390625, 0.0078125, 0.00390625, 0.00390625, 0.03125, 0.00390625, 0.00390625, 0.0078125, 0.00390625, 0.00390625, 0.03125, 0.00390625, 0.00390625, 0.0234375, 0.00390625, 0.00390625, 0.0078125, 0.03125, 0.00390625, 0.0078125, 0.0390625, 0.04296875, 0.00390625, 0.0078125, 0.01171875, 0.00390625, 0.02734375, 0.00390625, 0.015625, 0.00390625, 0.0234375, 0.47265625]
[choco-best] objective=None probability=None solution=None
[parallel 273/274] path=data/miplib_benders/qaoa_problems/nvars_10/supportcase6_ds_qaoa_c747_c759_c762_0002.json status=ok wall=5902.105215760996 peak_mb=437.42578125 choco_obj=
[solve] states=[[0, 1, 0, 1, 1, 0, 1, 1, 0, 0, 0, 0, 1, 1, 0, 0, 0, 0, 1, 0, 0, 1, 1, 0, 0, 0, 0, 1, 0, 0], [0, 1, 0, 1, 1, 0, 1, 1, 0, 0, 0, 0, 1, 1, 0, 1, 1, 0, 1, 0, 0, 1, 1, 0, 0, 0, 0, 1, 0, 0], [1, 0, 0, 1, 1, 0, 1, 0, 1, 0, 0, 0, 0, 1, 0, 1, 1, 0, 1, 0, 0, 1, 1, 0, 0, 0, 0, 1, 1, 0], [1, 0, 0, 1, 1, 0, 1, 1, 0, 0, 0, 0, 0, 1, 0, 1, 1, 0, 1, 0, 0, 1, 1, 0, 0, 0, 0, 1, 1, 0], [1, 0, 1, 1, 0, 1, 1, 1, 0, 0, 0, 0, 1, 1, 0, 1, 1, 0, 1, 0, 0, 1, 1, 0, 0, 0, 0, 0, 0, 0], [1, 0, 1, 1, 0, 1, 1, 1, 0, 0, 0, 0, 1, 1, 0, 1, 1, 0, 1, 0, 0, 1, 1, 0, 0, 0, 0, 1, 1, 0], [1, 0, 1, 1, 1, 0, 1, 0, 1, 0, 0, 0, 1, 1, 0, 1, 1, 0, 1, 0, 0, 0, 0, 0, 0, 0, 0, 1, 1, 0], [1, 0, 1, 1, 1, 0, 1, 0, 1, 0, 0, 0, 1, 1, 0, 1, 1, 0, 1, 0, 0, 1, 1, 0, 0, 0, 0, 1, 1, 0], [1, 0, 1, 1, 1, 0, 1, 1, 0, 0, 0, 0, 0, 0, 0, 1, 1, 0, 1, 0, 0, 1, 1, 0, 0, 0, 0, 1, 1, 0], [1, 0, 1, 1, 1, 0, 1, 1, 0, 0, 0, 0, 1, 0, 1, 1, 1, 0, 1, 0, 0, 1, 1, 0, 0, 0, 0, 1, 1, 0], [1, 0, 1, 1, 1, 0, 1, 1, 0, 0, 0, 0, 1, 1, 0, 0, 0, 0, 1, 0, 0, 1, 1, 0, 0, 0, 0, 1, 0, 1], [1, 0, 1, 1, 1, 0, 1, 1, 0, 0, 0, 0, 1, 1, 0, 0, 0, 0, 1, 0, 0, 1, 1, 0, 0, 0, 0, 1, 1, 0], [1, 0, 1, 1, 1, 0, 1, 1, 0, 0, 0, 0, 1, 1, 0, 1, 0, 1, 1, 0, 0, 1, 1, 0, 0, 0, 0, 1, 1, 0], [1, 0, 1, 1, 1, 0, 1, 1, 0, 0, 0, 0, 1, 1, 0, 1, 1, 0, 1, 0, 0, 0, 0, 0, 0, 0, 0, 1, 1, 0], [1, 0, 1, 1, 1, 0, 1, 1, 0, 0, 0, 0, 1, 1, 0, 1, 1, 0, 1, 0, 0, 1, 0, 1, 0, 0, 0, 1, 1, 0], [1, 0, 1, 1, 1, 0, 1, 1, 0, 0, 0, 0, 1, 1, 0, 1, 1, 0, 1, 0, 0, 1, 1, 0, 0, 0, 0, 1, 0, 1], [1, 0, 1, 1, 1, 0, 1, 1, 0, 0, 0, 0, 1, 1, 0, 1, 1, 0, 1, 0, 0, 1, 1, 0, 0, 0, 0, 1, 1, 0], [1, 1, 0, 1, 0, 0, 1, 1, 0, 1, 0, 0, 0, 1, 0, 1, 0, 1, 1, 0, 0, 0, 0, 1, 0, 0, 0, 1, 1, 0], [1, 1, 0, 1, 0, 0, 1, 1, 0, 1, 0, 0, 0, 1, 0, 1, 1, 0, 1, 0, 0, 0, 1, 0, 0, 0, 0, 1, 1, 0], [1, 1, 0, 1, 0, 1, 1, 1, 0, 0, 0, 0, 0, 0, 0, 1, 1, 0, 1, 0, 0, 1, 1, 0, 0, 0, 0, 1, 1, 0], [1, 1, 0, 1, 0, 1, 1, 1, 0, 0, 0, 0, 1, 0, 1, 1, 1, 0, 1, 0, 0, 1, 1, 0, 0, 0, 0, 1, 1, 0], [1, 1, 0, 1, 0, 1, 1, 1, 0, 0, 0, 0, 1, 1, 0, 1, 0, 1, 1, 0, 0, 1, 1, 0, 0, 0, 0, 1, 0, 1], [1, 1, 0, 1, 0, 1, 1, 1, 0, 0, 0, 0, 1, 1, 0, 1, 1, 0, 1, 0, 0, 0, 0, 0, 0, 0, 0, 1, 1, 0], [1, 1, 0, 1, 0, 1, 1, 1, 0, 0, 0, 0, 1, 1, 0, 1, 1, 0, 1, 0, 0, 1, 1, 0, 0, 0, 0, 1, 1, 0], [1, 1, 0, 1, 1, 0, 0, 1, 0, 0, 0, 0, 1, 1, 0, 1, 1, 0, 1, 0, 0, 1, 0, 0, 0, 0, 0, 1, 1, 0], [1, 1, 0, 1, 1, 0, 1, 0, 1, 0, 0, 0, 0, 0, 0, 1, 1, 0, 1, 0, 0, 0, 0, 0, 0, 0, 0, 1, 1, 0], [1, 1, 0, 1, 1, 0, 1, 0, 1, 0, 0, 0, 1, 0, 1, 1, 1, 0, 1, 0, 0, 1, 1, 0, 0, 0, 0, 1, 0, 1], [1, 1, 0, 1, 1, 0, 1, 0, 1, 0, 0, 0, 1, 0, 1, 1, 1, 0, 1, 0, 0, 1, 1, 0, 0, 0, 0, 1, 1, 0], [1, 1, 0, 1, 1, 0, 1, 0, 1, 0, 0, 0, 1, 1, 0, 0, 0, 0, 1, 0, 0, 0, 0, 0, 0, 0, 0, 1, 1, 0], [1, 1, 0, 1, 1, 0, 1, 0, 1, 0, 0, 0, 1, 1, 0, 0, 0, 0, 1, 0, 0, 1, 1, 0, 0, 0, 0, 1, 1, 0], [1, 1, 0, 1, 1, 0, 1, 0, 1, 0, 0, 0, 1, 1, 0, 1, 0, 1, 1, 0, 0, 1, 1, 0, 0, 0, 0, 1, 1, 0], [1, 1, 0, 1, 1, 0, 1, 0, 1, 0, 0, 0, 1, 1, 0, 1, 1, 0, 1, 0, 0, 0, 0, 0, 0, 0, 0, 1, 1, 0], [1, 1, 0, 1, 1, 0, 1, 0, 1, 0, 0, 0, 1, 1, 0, 1, 1, 0, 1, 0, 0, 1, 0, 1, 0, 0, 0, 1, 1, 0], [1, 1, 0, 1, 1, 0, 1, 0, 1, 0, 0, 0, 1, 1, 0, 1, 1, 0, 1, 0, 0, 1, 1, 0, 0, 0, 0, 0, 0, 0], [1, 1, 0, 1, 1, 0, 1, 0, 1, 0, 0, 0, 1, 1, 0, 1, 1, 0, 1, 0, 0, 1, 1, 0, 0, 0, 0, 1, 0, 1], [1, 1, 0, 1, 1, 0, 1, 0, 1, 0, 0, 0, 1, 1, 0, 1, 1, 0, 1, 0, 0, 1, 1, 0, 0, 0, 0, 1, 1, 0], [1, 1, 0, 1, 1, 0, 1, 1, 0, 0, 0, 0, 0, 0, 0, 0, 0, 0, 1, 0, 0, 1, 1, 0, 0, 0, 0, 1, 1, 0], [1, 1, 0, 1, 1, 0, 1, 1, 0, 0, 0, 0, 0, 0, 0, 1, 1, 0, 1, 0, 0, 0, 0, 0, 0, 0, 0, 1, 1, 0], [1, 1, 0, 1, 1, 0, 1, 1, 0, 0, 0, 0, 0, 0, 0, 1, 1, 0, 1, 0, 0, 1, 0, 1, 0, 0, 0, 1, 1, 0], [1, 1, 0, 1, 1, 0, 1, 1, 0, 0, 0, 0, 0, 0, 0, 1, 1, 0, 1, 0, 0, 1, 1, 0, 0, 0, 0, 0, 0, 0], [1, 1, 0, 1, 1, 0, 1, 1, 0, 0, 0, 0, 0, 0, 0, 1, 1, 0, 1, 0, 0, 1, 1, 0, 0, 0, 0, 1, 1, 0], [1, 1, 0, 1, 1, 0, 1, 1, 0, 0, 0, 0, 1, 0, 0, 0, 1, 0, 1, 0, 0, 1, 1, 0, 0, 0, 0, 1, 1, 0], [1, 1, 0, 1, 1, 0, 1, 1, 0, 0, 0, 0, 1, 0, 1, 0, 0, 0, 1, 0, 0, 1, 1, 0, 0, 0, 0, 1, 1, 0], [1, 1, 0, 1, 1, 0, 1, 1, 0, 0, 0, 0, 1, 0, 1, 1, 0, 1, 1, 0, 0, 1, 1, 0, 0, 0, 0, 1, 1, 0], [1, 1, 0, 1, 1, 0, 1, 1, 0, 0, 0, 0, 1, 0, 1, 1, 1, 0, 1, 0, 0, 0, 0, 0, 0, 0, 0, 1, 1, 0], [1, 1, 0, 1, 1, 0, 1, 1, 0, 0, 0, 0, 1, 0, 1, 1, 1, 0, 1, 0, 0, 1, 1, 0, 0, 0, 0, 1, 1, 0], [1, 1, 0, 1, 1, 0, 1, 1, 0, 0, 0, 0, 1, 1, 0, 0, 0, 0, 1, 0, 0, 1, 1, 0, 0, 0, 0, 1, 1, 0], [1, 1, 0, 1, 1, 0, 1, 1, 0, 0, 0, 0, 1, 1, 0, 1, 0, 0, 1, 0, 0, 1, 1, 0, 0, 0, 0, 0, 1, 0], [1, 1, 0, 1, 1, 0, 1, 1, 0, 0, 0, 0, 1, 1, 0, 1, 0, 1, 1, 0, 0, 0, 0, 0, 0, 0, 0, 1, 0, 1], [1, 1, 0, 1, 1, 0, 1, 1, 0, 0, 0, 0, 1, 1, 0, 1, 0, 1, 1, 0, 0, 0, 0, 0, 0, 0, 0, 1, 1, 0], [1, 1, 0, 1, 1, 0, 1, 1, 0, 0, 0, 0, 1, 1, 0, 1, 0, 1, 1, 0, 0, 1, 1, 0, 0, 0, 0, 0, 0, 0], [1, 1, 0, 1, 1, 0, 1, 1, 0, 0, 0, 0, 1, 1, 0, 1, 0, 1, 1, 0, 0, 1, 1, 0, 0, 0, 0, 1, 0, 1], [1, 1, 0, 1, 1, 0, 1, 1, 0, 0, 0, 0, 1, 1, 0, 1, 0, 1, 1, 0, 0, 1, 1, 0, 0, 0, 0, 1, 1, 0], [1, 1, 0, 1, 1, 0, 1, 1, 0, 0, 0, 0, 1, 1, 0, 1, 1, 0, 1, 0, 0, 0, 0, 0, 0, 0, 0, 0, 0, 0], [1, 1, 0, 1, 1, 0, 1, 1, 0, 0, 0, 0, 1, 1, 0, 1, 1, 0, 1, 0, 0, 0, 0, 0, 0, 0, 0, 1, 1, 0], [1, 1, 0, 1, 1, 0, 1, 1, 0, 0, 0, 0, 1, 1, 0, 1, 1, 0, 1, 0, 0, 1, 0, 1, 0, 0, 0, 0, 0, 0], [1, 1, 0, 1, 1, 0, 1, 1, 0, 0, 0, 0, 1, 1, 0, 1, 1, 0, 1, 0, 0, 1, 0, 1, 0, 0, 0, 1, 0, 1], [1, 1, 0, 1, 1, 0, 1, 1, 0, 0, 0, 0, 1, 1, 0, 1, 1, 0, 1, 0, 0, 1, 0, 1, 0, 0, 0, 1, 1, 0], [1, 1, 0, 1, 1, 0, 1, 1, 0, 0, 0, 0, 1, 1, 0, 1, 1, 0, 1, 0, 0, 1, 1, 0, 0, 0, 0, 0, 0, 0], [1, 1, 0, 1, 1, 0, 1, 1, 0, 0, 0, 0, 1, 1, 0, 1, 1, 0, 1, 0, 0, 1, 1, 0, 0, 0, 0, 1, 0, 1], [1, 1, 0, 1, 1, 0, 1, 1, 0, 0, 0, 0, 1, 1, 0, 1, 1, 0, 1, 0, 0, 1, 1, 0, 0, 0, 0, 1, 1, 0]]
[solve] probs=[0.00390625, 0.0078125, 0.00390625, 0.0078125, 0.00390625, 0.00390625, 0.00390625, 0.00390625, 0.00390625, 0.00390625, 0.00390625, 0.00390625, 0.00390625, 0.01171875, 0.00390625, 0.0078125, 0.02734375, 0.00390625, 0.00390625, 0.0078125, 0.00390625, 0.0078125, 0.0078125, 0.03125, 0.00390625, 0.00390625, 0.00390625, 0.00390625, 0.00390625, 0.00390625, 0.00390625, 0.00390625, 0.01171875, 0.0078125, 0.0078125, 0.0234375, 0.00390625, 0.00390625, 0.00390625, 0.00390625, 0.0546875, 0.00390625, 0.00390625, 0.00390625, 0.0078125, 0.0390625, 0.0390625, 0.00390625, 0.00390625, 0.01171875, 0.0078125, 0.0078125, 0.03125, 0.0078125, 0.0234375, 0.0078125, 0.00390625, 0.03125, 0.046875, 0.03515625, 0.3515625]
[choco-best] objective=None probability=None solution=None
[parallel 274/274] path=data/miplib_benders/qaoa_problems/nvars_10/supportcase6_ds_qaoa_c747_c759_c762_0005.json status=ok wall=5923.017810277059 peak_mb=436.16015625 choco_obj=

