source_file,timestamp,pid,problem,problem_path,nvars,nconstraints,N,constraint_type,candidate_state_space_size,time_to_first_feasible_sec,init_elapsed_to_first_feasible_sec,first_feasible_objective,first_feasible_state,current_memory_mb,peak_memory_mb,argv
qaoa_feasible_benchmark_a100_20260721_162713_cvIP_qaoa_first_feasible.csv,2026-07-21T16:27:15+0800,8869,assign1-5-8_ds_qaoa_R0002_0001,/home/zhenyusen/MIP-quantum/data/miplib_benders/qaoa_problems/nvars_04/assign1-5-8_ds_qaoa_R0002_0001.json,4,1,8,linear,4096,0.0004737658891826868,0.00671446998603642,0.0,"[0, 0, 0, 5]",152.0,152.0,/home/zhenyusen/MIP-quantum/benchmark_qaoa_feasible.py --worker-problem /home/zhenyusen/MIP-quantum/data/miplib_benders/qaoa_problems/nvars_04/assign1-5-8_ds_qaoa_R0002_0001.json --worker-result /tmp/qaoa_feasible_2e8tkzki/result.json --p 1 --maxiter 5 --seed 42 --circuit-type multi_beta
qaoa_feasible_benchmark_a100_20260721_162713_cvIP_qaoa_first_feasible.csv,2026-07-21T16:27:17+0800,9070,assign1-5-8_ds_qaoa_R0003_0001,/home/zhenyusen/MIP-quantum/data/miplib_benders/qaoa_problems/nvars_04/assign1-5-8_ds_qaoa_R0003_0001.json,4,1,8,linear,4096,0.0002731429412961006,0.004595848033204675,0.0,"[0, 0, 0, 5]",150.0,150.0,/home/zhenyusen/MIP-quantum/benchmark_qaoa_feasible.py --worker-problem /home/zhenyusen/MIP-quantum/data/miplib_benders/qaoa_problems/nvars_04/assign1-5-8_ds_qaoa_R0003_0001.json --worker-result /tmp/qaoa_feasible_38xl8f04/result.json --p 1 --maxiter 5 --seed 42 --circuit-type multi_beta
qaoa_feasible_benchmark_a100_20260721_162713_cvIP_qaoa_first_feasible.csv,2026-07-21T16:27:18+0800,9219,assign1-5-8_ds_qaoa_R0007_0001,/home/zhenyusen/MIP-quantum/data/miplib_benders/qaoa_problems/nvars_04/assign1-5-8_ds_qaoa_R0007_0001.json,4,1,8,linear,4096,0.0002845099661499262,0.00471313507296145,0.0,"[0, 0, 0, 5]",150.0,150.0,/home/zhenyusen/MIP-quantum/benchmark_qaoa_feasible.py --worker-problem /home/zhenyusen/MIP-quantum/data/miplib_benders/qaoa_problems/nvars_04/assign1-5-8_ds_qaoa_R0007_0001.json --worker-result /tmp/qaoa_feasible_hgmiauca/result.json --p 1 --maxiter 5 --seed 42 --circuit-type multi_beta
qaoa_feasible_benchmark_a100_20260721_162713_cvIP_qaoa_first_feasible.csv,2026-07-21T16:27:20+0800,9378,assign1-5-8_ds_qaoa_R0008_0001,/home/zhenyusen/MIP-quantum/data/miplib_benders/qaoa_problems/nvars_04/assign1-5-8_ds_qaoa_R0008_0001.json,4,1,8,linear,4096,0.0004039101768285036,0.006129016168415546,0.0,"[0, 0, 0, 5]",150.0,150.0,/home/zhenyusen/MIP-quantum/benchmark_qaoa_feasible.py --worker-problem /home/zhenyusen/MIP-quantum/data/miplib_benders/qaoa_problems/nvars_04/assign1-5-8_ds_qaoa_R0008_0001.json --worker-result /tmp/qaoa_feasible_fp5cmonr/result.json --p 1 --maxiter 5 --seed 42 --circuit-type multi_beta
qaoa_feasible_benchmark_a100_20260721_162713_cvIP_qaoa_first_feasible.csv,2026-07-21T16:27:22+0800,9597,assign1-5-8_ds_qaoa_R0013_0001,/home/zhenyusen/MIP-quantum/data/miplib_benders/qaoa_problems/nvars_04/assign1-5-8_ds_qaoa_R0013_0001.json,4,1,8,linear,4096,0.000384381040930748,0.006121003068983555,0.0,"[0, 0, 0, 5]",152.0,152.0,/home/zhenyusen/MIP-quantum/benchmark_qaoa_feasible.py --worker-problem /home/zhenyusen/MIP-quantum/data/miplib_benders/qaoa_problems/nvars_04/assign1-5-8_ds_qaoa_R0013_0001.json --worker-result /tmp/qaoa_feasible_kzo9df3y/result.json --p 1 --maxiter 5 --seed 42 --circuit-type multi_beta
qaoa_feasible_benchmark_a100_20260721_162713_cvIP_qaoa_first_feasible.csv,2026-07-21T16:27:24+0800,9915,assign1-5-8_ds_qaoa_R0033_0001,/home/zhenyusen/MIP-quantum/data/miplib_benders/qaoa_problems/nvars_04/assign1-5-8_ds_qaoa_R0033_0001.json,4,1,8,linear,4096,0.0003941059112548828,0.006129155866801739,0.0,"[0, 0, 0, 5]",150.0,150.0,/home/zhenyusen/MIP-quantum/benchmark_qaoa_feasible.py --worker-problem /home/zhenyusen/MIP-quantum/data/miplib_benders/qaoa_problems/nvars_04/assign1-5-8_ds_qaoa_R0033_0001.json --worker-result /tmp/qaoa_feasible_33mmx_yh/result.json --p 1 --maxiter 5 --seed 42 --circuit-type multi_beta
qaoa_feasible_benchmark_a100_20260721_162713_cvIP_qaoa_first_feasible.csv,2026-07-21T16:27:25+0800,10143,assign1-5-8_ds_qaoa_R0037_0001,/home/zhenyusen/MIP-quantum/data/miplib_benders/qaoa_problems/nvars_04/assign1-5-8_ds_qaoa_R0037_0001.json,4,1,8,linear,4096,0.00029693800024688244,0.004487783880904317,0.0,"[0, 0, 0, 5]",152.0,152.0,/home/zhenyusen/MIP-quantum/benchmark_qaoa_feasible.py --worker-problem /home/zhenyusen/MIP-quantum/data/miplib_benders/qaoa_problems/nvars_04/assign1-5-8_ds_qaoa_R0037_0001.json --worker-result /tmp/qaoa_feasible_6km26p36/result.json --p 1 --maxiter 5 --seed 42 --circuit-type multi_beta
qaoa_feasible_benchmark_a100_20260721_162713_cvIP_qaoa_first_feasible.csv,2026-07-21T16:27:27+0800,10293,assign1-5-8_ds_qaoa_R0038_0001,/home/zhenyusen/MIP-quantum/data/miplib_benders/qaoa_problems/nvars_04/assign1-5-8_ds_qaoa_R0038_0001.json,4,1,8,linear,4096,0.0004565201234072447,0.006873290985822678,0.0,"[0, 0, 0, 5]",152.0,152.0,/home/zhenyusen/MIP-quantum/benchmark_qaoa_feasible.py --worker-problem /home/zhenyusen/MIP-quantum/data/miplib_benders/qaoa_problems/nvars_04/assign1-5-8_ds_qaoa_R0038_0001.json --worker-result /tmp/qaoa_feasible_26xtvf0a/result.json --p 1 --maxiter 5 --seed 42 --circuit-type multi_beta
qaoa_feasible_benchmark_a100_20260721_162713_cvIP_qaoa_first_feasible.csv,2026-07-21T16:27:29+0800,10470,assign1-5-8_ds_qaoa_R0132_0001,/home/zhenyusen/MIP-quantum/data/miplib_benders/qaoa_problems/nvars_04/assign1-5-8_ds_qaoa_R0132_0001.json,4,1,8,linear,4096,0.0002485760487616062,0.005302675999701023,4.0,"[0, 0, 0, 1]",148.0,150.0,/home/zhenyusen/MIP-quantum/benchmark_qaoa_feasible.py --worker-problem /home/zhenyusen/MIP-quantum/data/miplib_benders/qaoa_problems/nvars_04/assign1-5-8_ds_qaoa_R0132_0001.json --worker-result /tmp/qaoa_feasible_n689f2ac/result.json --p 1 --maxiter 5 --seed 42 --circuit-type multi_beta
qaoa_feasible_benchmark_a100_20260721_162713_cvIP_qaoa_first_feasible.csv,2026-07-21T16:27:31+0800,10653,ex10_ds_qaoa_NOD26_0001,/home/zhenyusen/MIP-quantum/data/miplib_benders/qaoa_problems/nvars_04/ex10_ds_qaoa_NOD26_0001.json,4,1,8,linear,4096,0.00025189109146595,0.00498798000626266,1.0,"[0, 0, 0, 1]",150.0,150.0,/home/zhenyusen/MIP-quantum/benchmark_qaoa_feasible.py --worker-problem /home/zhenyusen/MIP-quantum/data/miplib_benders/qaoa_problems/nvars_04/ex10_ds_qaoa_NOD26_0001.json --worker-result /tmp/qaoa_feasible_jdnjqqr7/result.json --p 1 --maxiter 5 --seed 42 --circuit-type multi_beta
qaoa_feasible_benchmark_a100_20260721_162713_cvIP_qaoa_first_feasible.csv,2026-07-21T16:27:32+0800,10859,ex10_ds_qaoa_NOD26_NOD2X2_0001,/home/zhenyusen/MIP-quantum/data/miplib_benders/qaoa_problems/nvars_04/ex10_ds_qaoa_NOD26_NOD2X2_0001.json,4,2,8,linear,4096,0.0004665050655603409,0.0053343139588832855,1.0,"[0, 0, 1, 0]",152.0,152.0,/home/zhenyusen/MIP-quantum/benchmark_qaoa_feasible.py --worker-problem /home/zhenyusen/MIP-quantum/data/miplib_benders/qaoa_problems/nvars_04/ex10_ds_qaoa_NOD26_NOD2X2_0001.json --worker-result /tmp/qaoa_feasible_0v_vxpms/result.json --p 1 --maxiter 5 --seed 42 --circuit-type multi_beta
qaoa_feasible_benchmark_a100_20260721_162713_cvIP_qaoa_first_feasible.csv,2026-07-21T16:27:34+0800,11038,ex9_ds_qaoa_NOD2X5_NOD37_0008,/home/zhenyusen/MIP-quantum/data/miplib_benders/qaoa_problems/nvars_04/ex9_ds_qaoa_NOD2X5_NOD37_0008.json,4,2,8,linear,4096,0.0002617558930069208,0.004149502143263817,1.0,"[0, 0, 0, 1]",152.0,152.0,/home/zhenyusen/MIP-quantum/benchmark_qaoa_feasible.py --worker-problem /home/zhenyusen/MIP-quantum/data/miplib_benders/qaoa_problems/nvars_04/ex9_ds_qaoa_NOD2X5_NOD37_0008.json --worker-result /tmp/qaoa_feasible_d7zywqwt/result.json --p 1 --maxiter 5 --seed 42 --circuit-type multi_beta
qaoa_feasible_benchmark_a100_20260721_162713_cvIP_qaoa_first_feasible.csv,2026-07-21T16:27:36+0800,11220,ex9_ds_qaoa_NOD2X5_NOD37_0010,/home/zhenyusen/MIP-quantum/data/miplib_benders/qaoa_problems/nvars_04/ex9_ds_qaoa_NOD2X5_NOD37_0010.json,4,2,8,linear,4096,0.0003441500011831522,0.004074268974363804,1.0,"[0, 0, 1, 0]",150.0,150.0,/home/zhenyusen/MIP-quantum/benchmark_qaoa_feasible.py --worker-problem /home/zhenyusen/MIP-quantum/data/miplib_benders/qaoa_problems/nvars_04/ex9_ds_qaoa_NOD2X5_NOD37_0010.json --worker-result /tmp/qaoa_feasible_3nta925a/result.json --p 1 --maxiter 5 --seed 42 --circuit-type multi_beta
qaoa_feasible_benchmark_a100_20260721_162713_cvIP_qaoa_first_feasible.csv,2026-07-21T16:27:37+0800,11389,irp_ds_qaoa_R0002_0001,/home/zhenyusen/MIP-quantum/data/miplib_benders/qaoa_problems/nvars_04/irp_ds_qaoa_R0002_0001.json,4,1,8,linear,4096,0.00019435305148363113,0.00414534704759717,5861240000.0,"[0, 0, 0, 1]",152.0,152.0,/home/zhenyusen/MIP-quantum/benchmark_qaoa_feasible.py --worker-problem /home/zhenyusen/MIP-quantum/data/miplib_benders/qaoa_problems/nvars_04/irp_ds_qaoa_R0002_0001.json --worker-result /tmp/qaoa_feasible_ihyd3lfp/result.json --p 1 --maxiter 5 --seed 42 --circuit-type multi_beta
qaoa_feasible_benchmark_a100_20260721_162713_cvIP_qaoa_first_feasible.csv,2026-07-21T16:27:39+0800,11558,irp_ds_qaoa_R0002_0002,/home/zhenyusen/MIP-quantum/data/miplib_benders/qaoa_problems/nvars_04/irp_ds_qaoa_R0002_0002.json,4,1,8,linear,4096,0.00032173609361052513,0.005893769906833768,6049200000.0,"[0, 0, 0, 1]",150.0,150.0,/home/zhenyusen/MIP-quantum/benchmark_qaoa_feasible.py --worker-problem /home/zhenyusen/MIP-quantum/data/miplib_benders/qaoa_problems/nvars_04/irp_ds_qaoa_R0002_0002.json --worker-result /tmp/qaoa_feasible_9tl6t9f3/result.json --p 1 --maxiter 5 --seed 42 --circuit-type multi_beta
qaoa_feasible_benchmark_a100_20260721_162713_cvIP_qaoa_first_feasible.csv,2026-07-21T16:27:41+0800,11727,irp_ds_qaoa_R0002_0003,/home/zhenyusen/MIP-quantum/data/miplib_benders/qaoa_problems/nvars_04/irp_ds_qaoa_R0002_0003.json,4,1,8,linear,4096,0.0002738239709287882,0.00607894011773169,5946950000.0,"[0, 0, 0, 1]",152.0,152.0,/home/zhenyusen/MIP-quantum/benchmark_qaoa_feasible.py --worker-problem /home/zhenyusen/MIP-quantum/data/miplib_benders/qaoa_problems/nvars_04/irp_ds_qaoa_R0002_0003.json --worker-result /tmp/qaoa_feasible_lzfg78ep/result.json --p 1 --maxiter 5 --seed 42 --circuit-type multi_beta
qaoa_feasible_benchmark_a100_20260721_162713_cvIP_qaoa_first_feasible.csv,2026-07-21T16:27:43+0800,11920,irp_ds_qaoa_R0002_0004,/home/zhenyusen/MIP-quantum/data/miplib_benders/qaoa_problems/nvars_04/irp_ds_qaoa_R0002_0004.json,4,1,8,linear,4096,0.00025482592172920704,0.0056583338882774115,6340890000.0,"[0, 0, 0, 1]",152.0,152.0,/home/zhenyusen/MIP-quantum/benchmark_qaoa_feasible.py --worker-problem /home/zhenyusen/MIP-quantum/data/miplib_benders/qaoa_problems/nvars_04/irp_ds_qaoa_R0002_0004.json --worker-result /tmp/qaoa_feasible_axn0k4yk/result.json --p 1 --maxiter 5 --seed 42 --circuit-type multi_beta
qaoa_feasible_benchmark_a100_20260721_162713_cvIP_qaoa_first_feasible.csv,2026-07-21T16:27:44+0800,12092,irp_ds_qaoa_R0002_0005,/home/zhenyusen/MIP-quantum/data/miplib_benders/qaoa_problems/nvars_04/irp_ds_qaoa_R0002_0005.json,4,1,8,linear,4096,0.000197218032553792,0.004130163928493857,5861380000.0,"[0, 0, 0, 1]",152.0,152.0,/home/zhenyusen/MIP-quantum/benchmark_qaoa_feasible.py --worker-problem /home/zhenyusen/MIP-quantum/data/miplib_benders/qaoa_problems/nvars_04/irp_ds_qaoa_R0002_0005.json --worker-result /tmp/qaoa_feasible_d8xkww2y/result.json --p 1 --maxiter 5 --seed 42 --circuit-type multi_beta
qaoa_feasible_benchmark_a100_20260721_162713_cvIP_qaoa_first_feasible.csv,2026-07-21T16:27:46+0800,12289,irp_ds_qaoa_R0002_0006,/home/zhenyusen/MIP-quantum/data/miplib_benders/qaoa_problems/nvars_04/irp_ds_qaoa_R0002_0006.json,4,1,8,linear,4096,0.00030446983873844147,0.006237059133127332,5813350000.0,"[0, 0, 0, 1]",152.0,152.0,/home/zhenyusen/MIP-quantum/benchmark_qaoa_feasible.py --worker-problem /home/zhenyusen/MIP-quantum/data/miplib_benders/qaoa_problems/nvars_04/irp_ds_qaoa_R0002_0006.json --worker-result /tmp/qaoa_feasible_o8jgsna8/result.json --p 1 --maxiter 5 --seed 42 --circuit-type multi_beta
qaoa_feasible_benchmark_a100_20260721_162713_cvIP_qaoa_first_feasible.csv,2026-07-21T16:27:48+0800,12470,irp_ds_qaoa_R0002_0007,/home/zhenyusen/MIP-quantum/data/miplib_benders/qaoa_problems/nvars_04/irp_ds_qaoa_R0002_0007.json,4,1,8,linear,4096,0.00024328799918293953,0.005758404964581132,5989160000.0,"[0, 0, 0, 1]",152.0,152.0,/home/zhenyusen/MIP-quantum/benchmark_qaoa_feasible.py --worker-problem /home/zhenyusen/MIP-quantum/data/miplib_benders/qaoa_problems/nvars_04/irp_ds_qaoa_R0002_0007.json --worker-result /tmp/qaoa_feasible_wz4tud68/result.json --p 1 --maxiter 5 --seed 42 --circuit-type multi_beta
qaoa_feasible_benchmark_a100_20260721_162713_cvIP_qaoa_first_feasible.csv,2026-07-21T16:27:50+0800,12619,irp_ds_qaoa_R0002_0008,/home/zhenyusen/MIP-quantum/data/miplib_benders/qaoa_problems/nvars_04/irp_ds_qaoa_R0002_0008.json,4,1,8,linear,4096,0.00025815097615122795,0.005256676115095615,5886900000.0,"[0, 0, 0, 1]",152.0,152.0,/home/zhenyusen/MIP-quantum/benchmark_qaoa_feasible.py --worker-problem /home/zhenyusen/MIP-quantum/data/miplib_benders/qaoa_problems/nvars_04/irp_ds_qaoa_R0002_0008.json --worker-result /tmp/qaoa_feasible_s7j20m87/result.json --p 1 --maxiter 5 --seed 42 --circuit-type multi_beta
qaoa_feasible_benchmark_a100_20260721_162713_cvIP_qaoa_first_feasible.csv,2026-07-21T16:27:52+0800,12792,irp_ds_qaoa_R0002_0009,/home/zhenyusen/MIP-quantum/data/miplib_benders/qaoa_problems/nvars_04/irp_ds_qaoa_R0002_0009.json,4,1,8,linear,4096,0.0002735729794949293,0.005863043013960123,6280850000.0,"[0, 0, 0, 1]",152.0,152.0,/home/zhenyusen/MIP-quantum/benchmark_qaoa_feasible.py --worker-problem /home/zhenyusen/MIP-quantum/data/miplib_benders/qaoa_problems/nvars_04/irp_ds_qaoa_R0002_0009.json --worker-result /tmp/qaoa_feasible_2ga_t3xh/result.json --p 1 --maxiter 5 --seed 42 --circuit-type multi_beta
qaoa_feasible_benchmark_a100_20260721_162713_cvIP_qaoa_first_feasible.csv,2026-07-21T16:27:54+0800,12992,irp_ds_qaoa_R0002_0010,/home/zhenyusen/MIP-quantum/data/miplib_benders/qaoa_problems/nvars_04/irp_ds_qaoa_R0002_0010.json,4,1,8,linear,4096,0.00025066896341741085,0.0058140691835433245,5801330000.0,"[0, 0, 0, 1]",152.0,152.0,/home/zhenyusen/MIP-quantum/benchmark_qaoa_feasible.py --worker-problem /home/zhenyusen/MIP-quantum/data/miplib_benders/qaoa_problems/nvars_04/irp_ds_qaoa_R0002_0010.json --worker-result /tmp/qaoa_feasible_vcb97a6x/result.json --p 1 --maxiter 5 --seed 42 --circuit-type multi_beta
qaoa_feasible_benchmark_a100_20260721_162713_cvIP_qaoa_first_feasible.csv,2026-07-21T16:27:55+0800,13147,irp_ds_qaoa_R0002_0011,/home/zhenyusen/MIP-quantum/data/miplib_benders/qaoa_problems/nvars_04/irp_ds_qaoa_R0002_0011.json,4,1,8,linear,4096,0.00018799398094415665,0.004069312009960413,5753300000.0,"[0, 0, 0, 1]",148.0,150.0,/home/zhenyusen/MIP-quantum/benchmark_qaoa_feasible.py --worker-problem /home/zhenyusen/MIP-quantum/data/miplib_benders/qaoa_problems/nvars_04/irp_ds_qaoa_R0002_0011.json --worker-result /tmp/qaoa_feasible_27h5pu2_/result.json --p 1 --maxiter 5 --seed 42 --circuit-type multi_beta
qaoa_feasible_benchmark_a100_20260721_162713_cvIP_qaoa_first_feasible.csv,2026-07-21T16:27:56+0800,13339,irp_ds_qaoa_R0010_R0015_0001,/home/zhenyusen/MIP-quantum/data/miplib_benders/qaoa_problems/nvars_04/irp_ds_qaoa_R0010_R0015_0001.json,4,2,8,linear,4096,0.00032733497209846973,0.003945143893361092,5627280000.0,"[0, 0, 1, 0]",148.0,150.0,/home/zhenyusen/MIP-quantum/benchmark_qaoa_feasible.py --worker-problem /home/zhenyusen/MIP-quantum/data/miplib_benders/qaoa_problems/nvars_04/irp_ds_qaoa_R0010_R0015_0001.json --worker-result /tmp/qaoa_feasible_klwotisv/result.json --p 1 --maxiter 5 --seed 42 --circuit-type multi_beta
qaoa_feasible_benchmark_a100_20260721_162713_cvIP_qaoa_first_feasible.csv,2026-07-21T16:27:58+0800,13493,irp_ds_qaoa_R0026_0001,/home/zhenyusen/MIP-quantum/data/miplib_benders/qaoa_problems/nvars_04/irp_ds_qaoa_R0026_0001.json,4,1,8,linear,4096,0.0003528741654008627,0.006598345004022121,6280850000.0,"[0, 0, 0, 1]",148.0,150.0,/home/zhenyusen/MIP-quantum/benchmark_qaoa_feasible.py --worker-problem /home/zhenyusen/MIP-quantum/data/miplib_benders/qaoa_problems/nvars_04/irp_ds_qaoa_R0026_0001.json --worker-result /tmp/qaoa_feasible_u7_8u978/result.json --p 1 --maxiter 5 --seed 42 --circuit-type multi_beta
qaoa_feasible_benchmark_a100_20260721_162713_cvIP_qaoa_first_feasible.csv,2026-07-21T16:28:00+0800,13679,leo1_ds_qaoa_R0000002_0001,/home/zhenyusen/MIP-quantum/data/miplib_benders/qaoa_problems/nvars_04/leo1_ds_qaoa_R0000002_0001.json,4,1,8,linear,4096,0.0005584449972957373,0.006613126955926418,3.0,"[0, 0, 1, 0]",148.0,150.0,/home/zhenyusen/MIP-quantum/benchmark_qaoa_feasible.py --worker-problem /home/zhenyusen/MIP-quantum/data/miplib_benders/qaoa_problems/nvars_04/leo1_ds_qaoa_R0000002_0001.json --worker-result /tmp/qaoa_feasible_mennhws4/result.json --p 1 --maxiter 5 --seed 42 --circuit-type multi_beta
qaoa_feasible_benchmark_a100_20260721_162713_cvIP_qaoa_first_feasible.csv,2026-07-21T16:28:02+0800,13857,leo1_ds_qaoa_R0000004_0001,/home/zhenyusen/MIP-quantum/data/miplib_benders/qaoa_problems/nvars_04/leo1_ds_qaoa_R0000004_0001.json,4,1,8,linear,4096,0.0008413419127464294,0.005865646991878748,6.0,"[0, 0, 2, 5]",148.0,150.0,/home/zhenyusen/MIP-quantum/benchmark_qaoa_feasible.py --worker-problem /home/zhenyusen/MIP-quantum/data/miplib_benders/qaoa_problems/nvars_04/leo1_ds_qaoa_R0000004_0001.json --worker-result /tmp/qaoa_feasible_reogpou6/result.json --p 1 --maxiter 5 --seed 42 --circuit-type multi_beta
qaoa_feasible_benchmark_a100_20260721_162713_cvIP_qaoa_first_feasible.csv,2026-07-21T16:28:04+0800,14057,leo1_ds_qaoa_R0000004_0002,/home/zhenyusen/MIP-quantum/data/miplib_benders/qaoa_problems/nvars_04/leo1_ds_qaoa_R0000004_0002.json,4,1,8,linear,4096,0.0007809610106050968,0.005000198958441615,6.0,"[0, 0, 2, 7]",146.0,150.0,/home/zhenyusen/MIP-quantum/benchmark_qaoa_feasible.py --worker-problem /home/zhenyusen/MIP-quantum/data/miplib_benders/qaoa_problems/nvars_04/leo1_ds_qaoa_R0000004_0002.json --worker-result /tmp/qaoa_feasible_cmmqd3zq/result.json --p 1 --maxiter 5 --seed 42 --circuit-type multi_beta
qaoa_feasible_benchmark_a100_20260721_162713_cvIP_qaoa_first_feasible.csv,2026-07-21T16:28:06+0800,14224,leo1_ds_qaoa_R0000004_0003,/home/zhenyusen/MIP-quantum/data/miplib_benders/qaoa_problems/nvars_04/leo1_ds_qaoa_R0000004_0003.json,4,1,8,linear,4096,0.0022683891002088785,0.00561905512586236,4.0,"[0, 2, 0, 7]",152.0,152.0,/home/zhenyusen/MIP-quantum/benchmark_qaoa_feasible.py --worker-problem /home/zhenyusen/MIP-quantum/data/miplib_benders/qaoa_problems/nvars_04/leo1_ds_qaoa_R0000004_0003.json --worker-result /tmp/qaoa_feasible_cuz36s87/result.json --p 1 --maxiter 5 --seed 42 --circuit-type multi_beta
qaoa_feasible_benchmark_a100_20260721_162713_cvIP_qaoa_first_feasible.csv,2026-07-21T16:28:08+0800,14368,leo1_ds_qaoa_R0000004_0004,/home/zhenyusen/MIP-quantum/data/miplib_benders/qaoa_problems/nvars_04/leo1_ds_qaoa_R0000004_0004.json,4,1,8,linear,4096,0.0013925449457019567,0.006358722923323512,15.0,"[0, 0, 5, 0]",148.0,150.0,/home/zhenyusen/MIP-quantum/benchmark_qaoa_feasible.py --worker-problem /home/zhenyusen/MIP-quantum/data/miplib_benders/qaoa_problems/nvars_04/leo1_ds_qaoa_R0000004_0004.json --worker-result /tmp/qaoa_feasible_vgp9ww20/result.json --p 1 --maxiter 5 --seed 42 --circuit-type multi_beta
qaoa_feasible_benchmark_a100_20260721_162713_cvIP_qaoa_first_feasible.csv,2026-07-21T16:28:09+0800,14548,leo1_ds_qaoa_R0000004_0009,/home/zhenyusen/MIP-quantum/data/miplib_benders/qaoa_problems/nvars_04/leo1_ds_qaoa_R0000004_0009.json,4,1,8,linear,4096,0.0004629199393093586,0.0038137559313327074,6.0,"[0, 0, 2, 3]",152.0,152.0,/home/zhenyusen/MIP-quantum/benchmark_qaoa_feasible.py --worker-problem /home/zhenyusen/MIP-quantum/data/miplib_benders/qaoa_problems/nvars_04/leo1_ds_qaoa_R0000004_0009.json --worker-result /tmp/qaoa_feasible_g_y34bj3/result.json --p 1 --maxiter 5 --seed 42 --circuit-type multi_beta
qaoa_feasible_benchmark_a100_20260721_162713_cvIP_qaoa_first_feasible.csv,2026-07-21T16:28:10+0800,14696,leo2_ds_qaoa_R0000004_0004,/home/zhenyusen/MIP-quantum/data/miplib_benders/qaoa_problems/nvars_04/leo2_ds_qaoa_R0000004_0004.json,4,1,8,linear,4096,0.0005901020485907793,0.004181961994618177,9.0,"[0, 0, 3, 3]",150.0,150.0,/home/zhenyusen/MIP-quantum/benchmark_qaoa_feasible.py --worker-problem /home/zhenyusen/MIP-quantum/data/miplib_benders/qaoa_problems/nvars_04/leo2_ds_qaoa_R0000004_0004.json --worker-result /tmp/qaoa_feasible_nayjz8cs/result.json --p 1 --maxiter 5 --seed 42 --circuit-type multi_beta
qaoa_feasible_benchmark_a100_20260721_162713_cvIP_qaoa_first_feasible.csv,2026-07-21T16:28:12+0800,14850,leo2_ds_qaoa_R0000004_0005,/home/zhenyusen/MIP-quantum/data/miplib_benders/qaoa_problems/nvars_04/leo2_ds_qaoa_R0000004_0005.json,4,1,8,linear,4096,0.0004459838382899761,0.004113467875868082,6.0,"[0, 0, 2, 1]",148.0,150.0,/home/zhenyusen/MIP-quantum/benchmark_qaoa_feasible.py --worker-problem /home/zhenyusen/MIP-quantum/data/miplib_benders/qaoa_problems/nvars_04/leo2_ds_qaoa_R0000004_0005.json --worker-result /tmp/qaoa_feasible_lhs1k_xh/result.json --p 1 --maxiter 5 --seed 42 --circuit-type multi_beta
qaoa_feasible_benchmark_a100_20260721_162713_cvIP_qaoa_first_feasible.csv,2026-07-21T16:28:13+0800,15031,leo2_ds_qaoa_R0000004_0006,/home/zhenyusen/MIP-quantum/data/miplib_benders/qaoa_problems/nvars_04/leo2_ds_qaoa_R0000004_0006.json,4,1,8,linear,4096,0.0013054939918220043,0.0055764608550816774,5.0,"[0, 1, 1, 5]",152.0,152.0,/home/zhenyusen/MIP-quantum/benchmark_qaoa_feasible.py --worker-problem /home/zhenyusen/MIP-quantum/data/miplib_benders/qaoa_problems/nvars_04/leo2_ds_qaoa_R0000004_0006.json --worker-result /tmp/qaoa_feasible_yafz_c_r/result.json --p 1 --maxiter 5 --seed 42 --circuit-type multi_beta
qaoa_feasible_benchmark_a100_20260721_162713_cvIP_qaoa_first_feasible.csv,2026-07-21T16:28:14+0800,15168,leo2_ds_qaoa_R0000004_0007,/home/zhenyusen/MIP-quantum/data/miplib_benders/qaoa_problems/nvars_04/leo2_ds_qaoa_R0000004_0007.json,4,1,8,linear,4096,0.007824659114703536,0.011282436084002256,4.0,"[1, 0, 1, 7]",152.0,152.0,/home/zhenyusen/MIP-quantum/benchmark_qaoa_feasible.py --worker-problem /home/zhenyusen/MIP-quantum/data/miplib_benders/qaoa_problems/nvars_04/leo2_ds_qaoa_R0000004_0007.json --worker-result /tmp/qaoa_feasible_f18roctf/result.json --p 1 --maxiter 5 --seed 42 --circuit-type multi_beta
qaoa_feasible_benchmark_a100_20260721_162713_cvIP_qaoa_first_feasible.csv,2026-07-21T16:28:15+0800,15378,leo2_ds_qaoa_R0000004_0009,/home/zhenyusen/MIP-quantum/data/miplib_benders/qaoa_problems/nvars_04/leo2_ds_qaoa_R0000004_0009.json,4,1,8,linear,4096,0.0007504650857299566,0.0038202961441129446,15.0,"[0, 0, 5, 0]",152.0,152.0,/home/zhenyusen/MIP-quantum/benchmark_qaoa_feasible.py --worker-problem /home/zhenyusen/MIP-quantum/data/miplib_benders/qaoa_problems/nvars_04/leo2_ds_qaoa_R0000004_0009.json --worker-result /tmp/qaoa_feasible_4kzru_pg/result.json --p 1 --maxiter 5 --seed 42 --circuit-type multi_beta
qaoa_feasible_benchmark_a100_20260721_162713_cvIP_qaoa_first_feasible.csv,2026-07-21T16:28:17+0800,15521,neos-1456979_ds_qaoa_R0007_0001,/home/zhenyusen/MIP-quantum/data/miplib_benders/qaoa_problems/nvars_04/neos-1456979_ds_qaoa_R0007_0001.json,4,1,8,linear,4096,0.00018697301857173443,0.004017593804746866,6.0,"[0, 0, 0, 1]",150.0,150.0,/home/zhenyusen/MIP-quantum/benchmark_qaoa_feasible.py --worker-problem /home/zhenyusen/MIP-quantum/data/miplib_benders/qaoa_problems/nvars_04/neos-1456979_ds_qaoa_R0007_0001.json --worker-result /tmp/qaoa_feasible_gymd0c8b/result.json --p 1 --maxiter 5 --seed 42 --circuit-type multi_beta
qaoa_feasible_benchmark_a100_20260721_162713_cvIP_qaoa_first_feasible.csv,2026-07-21T16:28:18+0800,15693,neos-1456979_ds_qaoa_R0008_0001,/home/zhenyusen/MIP-quantum/data/miplib_benders/qaoa_problems/nvars_04/neos-1456979_ds_qaoa_R0008_0001.json,4,1,8,linear,4096,0.00016761291772127151,0.003651049919426441,4.0,"[0, 0, 0, 1]",152.0,152.0,/home/zhenyusen/MIP-quantum/benchmark_qaoa_feasible.py --worker-problem /home/zhenyusen/MIP-quantum/data/miplib_benders/qaoa_problems/nvars_04/neos-1456979_ds_qaoa_R0008_0001.json --worker-result /tmp/qaoa_feasible_30qyoilh/result.json --p 1 --maxiter 5 --seed 42 --circuit-type multi_beta
qaoa_feasible_benchmark_a100_20260721_162713_cvIP_qaoa_first_feasible.csv,2026-07-21T16:28:19+0800,15825,neos-2746589-doon_ds_qaoa_R0001_0001,/home/zhenyusen/MIP-quantum/data/miplib_benders/qaoa_problems/nvars_04/neos-2746589-doon_ds_qaoa_R0001_0001.json,4,1,8,linear,4096,0.00018007191829383373,0.0038240011781454086,29.0,"[0, 0, 0, 1]",152.0,152.0,/home/zhenyusen/MIP-quantum/benchmark_qaoa_feasible.py --worker-problem /home/zhenyusen/MIP-quantum/data/miplib_benders/qaoa_problems/nvars_04/neos-2746589-doon_ds_qaoa_R0001_0001.json --worker-result /tmp/qaoa_feasible_yd84t5h1/result.json --p 1 --maxiter 5 --seed 42 --circuit-type multi_beta
qaoa_feasible_benchmark_a100_20260721_162713_cvIP_qaoa_first_feasible.csv,2026-07-21T16:28:20+0800,15976,neos-2746589-doon_ds_qaoa_R0002_0001,/home/zhenyusen/MIP-quantum/data/miplib_benders/qaoa_problems/nvars_04/neos-2746589-doon_ds_qaoa_R0002_0001.json,4,1,8,linear,4096,0.00017089792527258396,0.00403502001427114,209.0,"[0, 0, 0, 1]",152.0,152.0,/home/zhenyusen/MIP-quantum/benchmark_qaoa_feasible.py --worker-problem /home/zhenyusen/MIP-quantum/data/miplib_benders/qaoa_problems/nvars_04/neos-2746589-doon_ds_qaoa_R0002_0001.json --worker-result /tmp/qaoa_feasible_ltuxa1ki/result.json --p 1 --maxiter 5 --seed 42 --circuit-type multi_beta
qaoa_feasible_benchmark_a100_20260721_162713_cvIP_qaoa_first_feasible.csv,2026-07-21T16:28:21+0800,16145,neos-4300652-rahue_ds_qaoa_R14653_0002,/home/zhenyusen/MIP-quantum/data/miplib_benders/qaoa_problems/nvars_04/neos-4300652-rahue_ds_qaoa_R14653_0002.json,4,1,8,linear,4096,0.05112657300196588,0.05468917801044881,25.0,"[7, 0, 6, 7]",152.0,152.0,/home/zhenyusen/MIP-quantum/benchmark_qaoa_feasible.py --worker-problem /home/zhenyusen/MIP-quantum/data/miplib_benders/qaoa_problems/nvars_04/neos-4300652-rahue_ds_qaoa_R14653_0002.json --worker-result /tmp/qaoa_feasible_exx69hn2/result.json --p 1 --maxiter 5 --seed 42 --circuit-type multi_beta
qaoa_feasible_benchmark_a100_20260721_162713_cvIP_qaoa_first_feasible.csv,2026-07-21T16:28:22+0800,16300,neos-4647030-tutaki_ds_qaoa_R7864_0001,/home/zhenyusen/MIP-quantum/data/miplib_benders/qaoa_problems/nvars_04/neos-4647030-tutaki_ds_qaoa_R7864_0001.json,4,1,8,linear,4096,0.00017420295625925064,0.00371273304335773,0.0,"[0, 0, 0, 1]",152.0,152.0,/home/zhenyusen/MIP-quantum/benchmark_qaoa_feasible.py --worker-problem /home/zhenyusen/MIP-quantum/data/miplib_benders/qaoa_problems/nvars_04/neos-4647030-tutaki_ds_qaoa_R7864_0001.json --worker-result /tmp/qaoa_feasible_7ff00vjy/result.json --p 1 --maxiter 5 --seed 42 --circuit-type multi_beta
qaoa_feasible_benchmark_a100_20260721_162713_cvIP_qaoa_first_feasible.csv,2026-07-21T16:28:23+0800,16479,neos8_ds_qaoa_R0001_0001,/home/zhenyusen/MIP-quantum/data/miplib_benders/qaoa_problems/nvars_04/neos8_ds_qaoa_R0001_0001.json,4,1,8,linear,4096,0.0001905879471451044,0.0038907218258827925,0.0,"[0, 0, 0, 1]",152.0,152.0,/home/zhenyusen/MIP-quantum/benchmark_qaoa_feasible.py --worker-problem /home/zhenyusen/MIP-quantum/data/miplib_benders/qaoa_problems/nvars_04/neos8_ds_qaoa_R0001_0001.json --worker-result /tmp/qaoa_feasible_a0ti_7ea/result.json --p 1 --maxiter 5 --seed 42 --circuit-type multi_beta
qaoa_feasible_benchmark_a100_20260721_162713_cvIP_qaoa_first_feasible.csv,2026-07-21T16:28:25+0800,16628,neos8_ds_qaoa_R0001_0002,/home/zhenyusen/MIP-quantum/data/miplib_benders/qaoa_problems/nvars_04/neos8_ds_qaoa_R0001_0002.json,4,1,8,linear,4096,0.00016408809460699558,0.0036874848883599043,0.0,"[0, 0, 0, 1]",152.0,152.0,/home/zhenyusen/MIP-quantum/benchmark_qaoa_feasible.py --worker-problem /home/zhenyusen/MIP-quantum/data/miplib_benders/qaoa_problems/nvars_04/neos8_ds_qaoa_R0001_0002.json --worker-result /tmp/qaoa_feasible_uxk1081b/result.json --p 1 --maxiter 5 --seed 42 --circuit-type multi_beta
qaoa_feasible_benchmark_a100_20260721_162713_cvIP_qaoa_first_feasible.csv,2026-07-21T16:28:26+0800,16821,neos8_ds_qaoa_R0001_0003,/home/zhenyusen/MIP-quantum/data/miplib_benders/qaoa_problems/nvars_04/neos8_ds_qaoa_R0001_0003.json,4,1,8,linear,4096,0.0001753049436956644,0.003744730958715081,0.0,"[0, 0, 0, 1]",152.0,152.0,/home/zhenyusen/MIP-quantum/benchmark_qaoa_feasible.py --worker-problem /home/zhenyusen/MIP-quantum/data/miplib_benders/qaoa_problems/nvars_04/neos8_ds_qaoa_R0001_0003.json --worker-result /tmp/qaoa_feasible_zlok4g6c/result.json --p 1 --maxiter 5 --seed 42 --circuit-type multi_beta
qaoa_feasible_benchmark_a100_20260721_162713_cvIP_qaoa_first_feasible.csv,2026-07-21T16:28:27+0800,16964,neos8_ds_qaoa_R0001_0004,/home/zhenyusen/MIP-quantum/data/miplib_benders/qaoa_problems/nvars_04/neos8_ds_qaoa_R0001_0004.json,4,1,8,linear,4096,0.00016615097410976887,0.00351988198235631,0.0,"[0, 0, 0, 1]",152.0,152.0,/home/zhenyusen/MIP-quantum/benchmark_qaoa_feasible.py --worker-problem /home/zhenyusen/MIP-quantum/data/miplib_benders/qaoa_problems/nvars_04/neos8_ds_qaoa_R0001_0004.json --worker-result /tmp/qaoa_feasible_62js27yl/result.json --p 1 --maxiter 5 --seed 42 --circuit-type multi_beta
qaoa_feasible_benchmark_a100_20260721_162713_cvIP_qaoa_first_feasible.csv,2026-07-21T16:28:28+0800,17395,neos8_ds_qaoa_R0001_0005,/home/zhenyusen/MIP-quantum/data/miplib_benders/qaoa_problems/nvars_04/neos8_ds_qaoa_R0001_0005.json,4,1,8,linear,4096,0.00018186494708061218,0.0036499081179499626,0.0,"[0, 0, 0, 1]",152.0,152.0,/home/zhenyusen/MIP-quantum/benchmark_qaoa_feasible.py --worker-problem /home/zhenyusen/MIP-quantum/data/miplib_benders/qaoa_problems/nvars_04/neos8_ds_qaoa_R0001_0005.json --worker-result /tmp/qaoa_feasible_fty7pwyc/result.json --p 1 --maxiter 5 --seed 42 --circuit-type multi_beta
qaoa_feasible_benchmark_a100_20260721_162713_cvIP_qaoa_first_feasible.csv,2026-07-21T16:28:29+0800,17527,neos8_ds_qaoa_R0001_0006,/home/zhenyusen/MIP-quantum/data/miplib_benders/qaoa_problems/nvars_04/neos8_ds_qaoa_R0001_0006.json,4,1,8,linear,4096,0.000171249033883214,0.003586391918361187,0.0,"[0, 0, 0, 1]",152.0,152.0,/home/zhenyusen/MIP-quantum/benchmark_qaoa_feasible.py --worker-problem /home/zhenyusen/MIP-quantum/data/miplib_benders/qaoa_problems/nvars_04/neos8_ds_qaoa_R0001_0006.json --worker-result /tmp/qaoa_feasible_j0_20ioi/result.json --p 1 --maxiter 5 --seed 42 --circuit-type multi_beta
qaoa_feasible_benchmark_a100_20260721_162713_cvIP_qaoa_first_feasible.csv,2026-07-21T16:28:30+0800,17688,neos8_ds_qaoa_R0001_0007,/home/zhenyusen/MIP-quantum/data/miplib_benders/qaoa_problems/nvars_04/neos8_ds_qaoa_R0001_0007.json,4,1,8,linear,4096,0.00017331191338598728,0.003748716786503792,0.0,"[0, 0, 0, 1]",150.0,150.0,/home/zhenyusen/MIP-quantum/benchmark_qaoa_feasible.py --worker-problem /home/zhenyusen/MIP-quantum/data/miplib_benders/qaoa_problems/nvars_04/neos8_ds_qaoa_R0001_0007.json --worker-result /tmp/qaoa_feasible_7302laoa/result.json --p 1 --maxiter 5 --seed 42 --circuit-type multi_beta
qaoa_feasible_benchmark_a100_20260721_162713_cvIP_qaoa_first_feasible.csv,2026-07-21T16:28:32+0800,17852,neos8_ds_qaoa_R0001_0008,/home/zhenyusen/MIP-quantum/data/miplib_benders/qaoa_problems/nvars_04/neos8_ds_qaoa_R0001_0008.json,4,1,8,linear,4096,0.0001687849871814251,0.0039023200515657663,0.0,"[0, 0, 0, 1]",152.0,152.0,/home/zhenyusen/MIP-quantum/benchmark_qaoa_feasible.py --worker-problem /home/zhenyusen/MIP-quantum/data/miplib_benders/qaoa_problems/nvars_04/neos8_ds_qaoa_R0001_0008.json --worker-result /tmp/qaoa_feasible_e6_rra_5/result.json --p 1 --maxiter 5 --seed 42 --circuit-type multi_beta
qaoa_feasible_benchmark_a100_20260721_162713_cvIP_qaoa_first_feasible.csv,2026-07-21T16:28:33+0800,18026,neos8_ds_qaoa_R0002_0003,/home/zhenyusen/MIP-quantum/data/miplib_benders/qaoa_problems/nvars_04/neos8_ds_qaoa_R0002_0003.json,4,1,8,linear,4096,0.00017367210239171982,0.0036957571282982826,0.0,"[0, 0, 0, 1]",152.0,152.0,/home/zhenyusen/MIP-quantum/benchmark_qaoa_feasible.py --worker-problem /home/zhenyusen/MIP-quantum/data/miplib_benders/qaoa_problems/nvars_04/neos8_ds_qaoa_R0002_0003.json --worker-result /tmp/qaoa_feasible_31ir61fg/result.json --p 1 --maxiter 5 --seed 42 --circuit-type multi_beta
qaoa_feasible_benchmark_a100_20260721_162713_cvIP_qaoa_first_feasible.csv,2026-07-21T16:28:34+0800,18185,neos8_ds_qaoa_R0002_0004,/home/zhenyusen/MIP-quantum/data/miplib_benders/qaoa_problems/nvars_04/neos8_ds_qaoa_R0002_0004.json,4,1,8,linear,4096,0.00016603083349764347,0.0036081939470022917,0.0,"[0, 0, 0, 1]",148.0,150.0,/home/zhenyusen/MIP-quantum/benchmark_qaoa_feasible.py --worker-problem /home/zhenyusen/MIP-quantum/data/miplib_benders/qaoa_problems/nvars_04/neos8_ds_qaoa_R0002_0004.json --worker-result /tmp/qaoa_feasible_zd8yz82i/result.json --p 1 --maxiter 5 --seed 42 --circuit-type multi_beta
qaoa_feasible_benchmark_a100_20260721_162713_cvIP_qaoa_first_feasible.csv,2026-07-21T16:28:35+0800,18402,neos8_ds_qaoa_R0002_0005,/home/zhenyusen/MIP-quantum/data/miplib_benders/qaoa_problems/nvars_04/neos8_ds_qaoa_R0002_0005.json,4,1,8,linear,4096,0.00016817403957247734,0.0035721200983971357,0.0,"[0, 0, 0, 1]",152.0,152.0,/home/zhenyusen/MIP-quantum/benchmark_qaoa_feasible.py --worker-problem /home/zhenyusen/MIP-quantum/data/miplib_benders/qaoa_problems/nvars_04/neos8_ds_qaoa_R0002_0005.json --worker-result /tmp/qaoa_feasible_kved6w8m/result.json --p 1 --maxiter 5 --seed 42 --circuit-type multi_beta
qaoa_feasible_benchmark_a100_20260721_162713_cvIP_qaoa_first_feasible.csv,2026-07-21T16:28:36+0800,18617,neos8_ds_qaoa_R0002_0006,/home/zhenyusen/MIP-quantum/data/miplib_benders/qaoa_problems/nvars_04/neos8_ds_qaoa_R0002_0006.json,4,1,8,linear,4096,0.0001543140970170498,0.003472949843853712,0.0,"[0, 0, 0, 1]",150.0,150.0,/home/zhenyusen/MIP-quantum/benchmark_qaoa_feasible.py --worker-problem /home/zhenyusen/MIP-quantum/data/miplib_benders/qaoa_problems/nvars_04/neos8_ds_qaoa_R0002_0006.json --worker-result /tmp/qaoa_feasible_xfodkony/result.json --p 1 --maxiter 5 --seed 42 --circuit-type multi_beta
qaoa_feasible_benchmark_a100_20260721_162713_cvIP_qaoa_first_feasible.csv,2026-07-21T16:28:37+0800,18826,neos8_ds_qaoa_R0002_0007,/home/zhenyusen/MIP-quantum/data/miplib_benders/qaoa_problems/nvars_04/neos8_ds_qaoa_R0002_0007.json,4,1,8,linear,4096,0.00015453295782208443,0.003419749904423952,0.0,"[0, 0, 0, 1]",152.0,152.0,/home/zhenyusen/MIP-quantum/benchmark_qaoa_feasible.py --worker-problem /home/zhenyusen/MIP-quantum/data/miplib_benders/qaoa_problems/nvars_04/neos8_ds_qaoa_R0002_0007.json --worker-result /tmp/qaoa_feasible_7u1sld2k/result.json --p 1 --maxiter 5 --seed 42 --circuit-type multi_beta
qaoa_feasible_benchmark_a100_20260721_162713_cvIP_qaoa_first_feasible.csv,2026-07-21T16:28:38+0800,18976,neos8_ds_qaoa_R0002_0008,/home/zhenyusen/MIP-quantum/data/miplib_benders/qaoa_problems/nvars_04/neos8_ds_qaoa_R0002_0008.json,4,1,8,linear,4096,0.00017025810666382313,0.0035649400670081377,0.0,"[0, 0, 0, 1]",150.0,150.0,/home/zhenyusen/MIP-quantum/benchmark_qaoa_feasible.py --worker-problem /home/zhenyusen/MIP-quantum/data/miplib_benders/qaoa_problems/nvars_04/neos8_ds_qaoa_R0002_0008.json --worker-result /tmp/qaoa_feasible_lwzw1ro5/result.json --p 1 --maxiter 5 --seed 42 --circuit-type multi_beta
qaoa_feasible_benchmark_a100_20260721_162713_cvIP_qaoa_first_feasible.csv,2026-07-21T16:28:39+0800,19137,neos8_ds_qaoa_R0003_0001,/home/zhenyusen/MIP-quantum/data/miplib_benders/qaoa_problems/nvars_04/neos8_ds_qaoa_R0003_0001.json,4,1,8,linear,4096,0.0001574489288032055,0.0035155550576746464,0.0,"[0, 0, 0, 1]",150.0,150.0,/home/zhenyusen/MIP-quantum/benchmark_qaoa_feasible.py --worker-problem /home/zhenyusen/MIP-quantum/data/miplib_benders/qaoa_problems/nvars_04/neos8_ds_qaoa_R0003_0001.json --worker-result /tmp/qaoa_feasible_ph7ed67i/result.json --p 1 --maxiter 5 --seed 42 --circuit-type multi_beta
qaoa_feasible_benchmark_a100_20260721_162713_cvIP_qaoa_first_feasible.csv,2026-07-21T16:28:40+0800,19269,neos8_ds_qaoa_R0003_0002,/home/zhenyusen/MIP-quantum/data/miplib_benders/qaoa_problems/nvars_04/neos8_ds_qaoa_R0003_0002.json,4,1,8,linear,4096,0.00017242017202079296,0.0036837889347225428,0.0,"[0, 0, 0, 1]",152.0,152.0,/home/zhenyusen/MIP-quantum/benchmark_qaoa_feasible.py --worker-problem /home/zhenyusen/MIP-quantum/data/miplib_benders/qaoa_problems/nvars_04/neos8_ds_qaoa_R0003_0002.json --worker-result /tmp/qaoa_feasible_79lyslr2/result.json --p 1 --maxiter 5 --seed 42 --circuit-type multi_beta
qaoa_feasible_benchmark_a100_20260721_162713_cvIP_qaoa_first_feasible.csv,2026-07-21T16:28:41+0800,19428,neos8_ds_qaoa_R0003_0003,/home/zhenyusen/MIP-quantum/data/miplib_benders/qaoa_problems/nvars_04/neos8_ds_qaoa_R0003_0003.json,4,1,8,linear,4096,0.00016470905393362045,0.0035593309439718723,0.0,"[0, 0, 0, 1]",152.0,152.0,/home/zhenyusen/MIP-quantum/benchmark_qaoa_feasible.py --worker-problem /home/zhenyusen/MIP-quantum/data/miplib_benders/qaoa_problems/nvars_04/neos8_ds_qaoa_R0003_0003.json --worker-result /tmp/qaoa_feasible_zkovlp9e/result.json --p 1 --maxiter 5 --seed 42 --circuit-type multi_beta
qaoa_feasible_benchmark_a100_20260721_162713_cvIP_qaoa_first_feasible.csv,2026-07-21T16:28:42+0800,19592,neos8_ds_qaoa_R0003_0004,/home/zhenyusen/MIP-quantum/data/miplib_benders/qaoa_problems/nvars_04/neos8_ds_qaoa_R0003_0004.json,4,1,8,linear,4096,0.00015699700452387333,0.0034903171472251415,0.0,"[0, 0, 0, 1]",152.0,152.0,/home/zhenyusen/MIP-quantum/benchmark_qaoa_feasible.py --worker-problem /home/zhenyusen/MIP-quantum/data/miplib_benders/qaoa_problems/nvars_04/neos8_ds_qaoa_R0003_0004.json --worker-result /tmp/qaoa_feasible_9kk0w8y9/result.json --p 1 --maxiter 5 --seed 42 --circuit-type multi_beta
qaoa_feasible_benchmark_a100_20260721_162713_cvIP_qaoa_first_feasible.csv,2026-07-21T16:28:43+0800,19746,neos8_ds_qaoa_R0004_0002,/home/zhenyusen/MIP-quantum/data/miplib_benders/qaoa_problems/nvars_04/neos8_ds_qaoa_R0004_0002.json,4,1,8,linear,4096,0.00015791808255016804,0.0035493560135364532,0.0,"[0, 0, 0, 1]",152.0,152.0,/home/zhenyusen/MIP-quantum/benchmark_qaoa_feasible.py --worker-problem /home/zhenyusen/MIP-quantum/data/miplib_benders/qaoa_problems/nvars_04/neos8_ds_qaoa_R0004_0002.json --worker-result /tmp/qaoa_feasible_bgtp8hni/result.json --p 1 --maxiter 5 --seed 42 --circuit-type multi_beta
qaoa_feasible_benchmark_a100_20260721_162713_cvIP_qaoa_first_feasible.csv,2026-07-21T16:28:44+0800,19899,neos8_ds_qaoa_R0004_0005,/home/zhenyusen/MIP-quantum/data/miplib_benders/qaoa_problems/nvars_04/neos8_ds_qaoa_R0004_0005.json,4,1,8,linear,4096,0.00016626110300421715,0.0038829499389976263,0.0,"[0, 0, 0, 1]",152.0,152.0,/home/zhenyusen/MIP-quantum/benchmark_qaoa_feasible.py --worker-problem /home/zhenyusen/MIP-quantum/data/miplib_benders/qaoa_problems/nvars_04/neos8_ds_qaoa_R0004_0005.json --worker-result /tmp/qaoa_feasible_5x948asr/result.json --p 1 --maxiter 5 --seed 42 --circuit-type multi_beta
qaoa_feasible_benchmark_a100_20260721_162713_cvIP_qaoa_first_feasible.csv,2026-07-21T16:28:45+0800,20091,neos8_ds_qaoa_R0004_0006,/home/zhenyusen/MIP-quantum/data/miplib_benders/qaoa_problems/nvars_04/neos8_ds_qaoa_R0004_0006.json,4,1,8,linear,4096,0.0001658010296523571,0.0035760460887104273,0.0,"[0, 0, 0, 1]",152.0,152.0,/home/zhenyusen/MIP-quantum/benchmark_qaoa_feasible.py --worker-problem /home/zhenyusen/MIP-quantum/data/miplib_benders/qaoa_problems/nvars_04/neos8_ds_qaoa_R0004_0006.json --worker-result /tmp/qaoa_feasible_5simlxvg/result.json --p 1 --maxiter 5 --seed 42 --circuit-type multi_beta
qaoa_feasible_benchmark_a100_20260721_162713_cvIP_qaoa_first_feasible.csv,2026-07-21T16:28:47+0800,20248,neos8_ds_qaoa_R0004_0007,/home/zhenyusen/MIP-quantum/data/miplib_benders/qaoa_problems/nvars_04/neos8_ds_qaoa_R0004_0007.json,4,1,8,linear,4096,0.00020375801250338554,0.003940117079764605,0.0,"[0, 0, 0, 1]",150.0,150.0,/home/zhenyusen/MIP-quantum/benchmark_qaoa_feasible.py --worker-problem /home/zhenyusen/MIP-quantum/data/miplib_benders/qaoa_problems/nvars_04/neos8_ds_qaoa_R0004_0007.json --worker-result /tmp/qaoa_feasible_d2kd37rb/result.json --p 1 --maxiter 5 --seed 42 --circuit-type multi_beta
qaoa_feasible_benchmark_a100_20260721_162713_cvIP_qaoa_first_feasible.csv,2026-07-21T16:28:48+0800,20448,ns1830653_ds_qaoa_R0880_0001,/home/zhenyusen/MIP-quantum/data/miplib_benders/qaoa_problems/nvars_04/ns1830653_ds_qaoa_R0880_0001.json,4,1,8,linear,4096,0.00016943598166108131,0.003587214043363929,121.0,"[0, 0, 0, 1]",152.0,152.0,/home/zhenyusen/MIP-quantum/benchmark_qaoa_feasible.py --worker-problem /home/zhenyusen/MIP-quantum/data/miplib_benders/qaoa_problems/nvars_04/ns1830653_ds_qaoa_R0880_0001.json --worker-result /tmp/qaoa_feasible_seugbztw/result.json --p 1 --maxiter 5 --seed 42 --circuit-type multi_beta
qaoa_feasible_benchmark_a100_20260721_162713_cvIP_qaoa_first_feasible.csv,2026-07-21T16:28:49+0800,20581,ns1830653_ds_qaoa_R0880_0002,/home/zhenyusen/MIP-quantum/data/miplib_benders/qaoa_problems/nvars_04/ns1830653_ds_qaoa_R0880_0002.json,4,1,8,linear,4096,0.00017851009033620358,0.0037695090286433697,224.0,"[0, 0, 0, 1]",152.0,152.0,/home/zhenyusen/MIP-quantum/benchmark_qaoa_feasible.py --worker-problem /home/zhenyusen/MIP-quantum/data/miplib_benders/qaoa_problems/nvars_04/ns1830653_ds_qaoa_R0880_0002.json --worker-result /tmp/qaoa_feasible_5vjmyy3f/result.json --p 1 --maxiter 5 --seed 42 --circuit-type multi_beta
qaoa_feasible_benchmark_a100_20260721_162713_cvIP_qaoa_first_feasible.csv,2026-07-21T16:28:50+0800,20765,ns1830653_ds_qaoa_R0880_0003,/home/zhenyusen/MIP-quantum/data/miplib_benders/qaoa_problems/nvars_04/ns1830653_ds_qaoa_R0880_0003.json,4,1,8,linear,4096,0.00016216491349041462,0.003594354959204793,127.0,"[0, 0, 0, 1]",150.0,150.0,/home/zhenyusen/MIP-quantum/benchmark_qaoa_feasible.py --worker-problem /home/zhenyusen/MIP-quantum/data/miplib_benders/qaoa_problems/nvars_04/ns1830653_ds_qaoa_R0880_0003.json --worker-result /tmp/qaoa_feasible_9fc8m88a/result.json --p 1 --maxiter 5 --seed 42 --circuit-type multi_beta
qaoa_feasible_benchmark_a100_20260721_162713_cvIP_qaoa_first_feasible.csv,2026-07-21T16:28:51+0800,20905,ns1830653_ds_qaoa_R0898_0001,/home/zhenyusen/MIP-quantum/data/miplib_benders/qaoa_problems/nvars_04/ns1830653_ds_qaoa_R0898_0001.json,4,1,8,linear,4096,0.00017346208915114403,0.0035946050193160772,129.0,"[0, 0, 0, 1]",152.0,152.0,/home/zhenyusen/MIP-quantum/benchmark_qaoa_feasible.py --worker-problem /home/zhenyusen/MIP-quantum/data/miplib_benders/qaoa_problems/nvars_04/ns1830653_ds_qaoa_R0898_0001.json --worker-result /tmp/qaoa_feasible_vevrepof/result.json --p 1 --maxiter 5 --seed 42 --circuit-type multi_beta
qaoa_feasible_benchmark_a100_20260721_162713_cvIP_qaoa_first_feasible.csv,2026-07-21T16:28:52+0800,21061,ns1830653_ds_qaoa_R0898_0002,/home/zhenyusen/MIP-quantum/data/miplib_benders/qaoa_problems/nvars_04/ns1830653_ds_qaoa_R0898_0002.json,4,1,8,linear,4096,0.00016078283078968525,0.003541403915733099,148.0,"[0, 0, 0, 1]",152.0,152.0,/home/zhenyusen/MIP-quantum/benchmark_qaoa_feasible.py --worker-problem /home/zhenyusen/MIP-quantum/data/miplib_benders/qaoa_problems/nvars_04/ns1830653_ds_qaoa_R0898_0002.json --worker-result /tmp/qaoa_feasible_gz6k7oy4/result.json --p 1 --maxiter 5 --seed 42 --circuit-type multi_beta
qaoa_feasible_benchmark_a100_20260721_162713_cvIP_qaoa_first_feasible.csv,2026-07-21T16:28:53+0800,21243,ns1830653_ds_qaoa_R0898_0003,/home/zhenyusen/MIP-quantum/data/miplib_benders/qaoa_problems/nvars_04/ns1830653_ds_qaoa_R0898_0003.json,4,1,8,linear,4096,0.0001509480644017458,0.0035693461541086435,264.0,"[0, 0, 0, 1]",152.0,152.0,/home/zhenyusen/MIP-quantum/benchmark_qaoa_feasible.py --worker-problem /home/zhenyusen/MIP-quantum/data/miplib_benders/qaoa_problems/nvars_04/ns1830653_ds_qaoa_R0898_0003.json --worker-result /tmp/qaoa_feasible_ys2vlmpt/result.json --p 1 --maxiter 5 --seed 42 --circuit-type multi_beta
qaoa_feasible_benchmark_a100_20260721_162713_cvIP_qaoa_first_feasible.csv,2026-07-21T16:28:54+0800,21394,ns1830653_ds_qaoa_R0898_0004,/home/zhenyusen/MIP-quantum/data/miplib_benders/qaoa_problems/nvars_04/ns1830653_ds_qaoa_R0898_0004.json,4,1,8,linear,4096,0.00016089389100670815,0.0036990619264543056,224.0,"[0, 0, 0, 1]",152.0,152.0,/home/zhenyusen/MIP-quantum/benchmark_qaoa_feasible.py --worker-problem /home/zhenyusen/MIP-quantum/data/miplib_benders/qaoa_problems/nvars_04/ns1830653_ds_qaoa_R0898_0004.json --worker-result /tmp/qaoa_feasible_ifmdt61o/result.json --p 1 --maxiter 5 --seed 42 --circuit-type multi_beta
qaoa_feasible_benchmark_a100_20260721_162713_cvIP_qaoa_first_feasible.csv,2026-07-21T16:28:55+0800,21558,ns1830653_ds_qaoa_R0898_0005,/home/zhenyusen/MIP-quantum/data/miplib_benders/qaoa_problems/nvars_04/ns1830653_ds_qaoa_R0898_0005.json,4,1,8,linear,4096,0.0001622361596673727,0.0035688651259988546,58.0,"[0, 0, 0, 1]",152.0,152.0,/home/zhenyusen/MIP-quantum/benchmark_qaoa_feasible.py --worker-problem /home/zhenyusen/MIP-quantum/data/miplib_benders/qaoa_problems/nvars_04/ns1830653_ds_qaoa_R0898_0005.json --worker-result /tmp/qaoa_feasible_4oi2t1k2/result.json --p 1 --maxiter 5 --seed 42 --circuit-type multi_beta
qaoa_feasible_benchmark_a100_20260721_162713_cvIP_qaoa_first_feasible.csv,2026-07-21T16:28:56+0800,21715,satellites2-60-fs_ds_qaoa_R13541_0001,/home/zhenyusen/MIP-quantum/data/miplib_benders/qaoa_problems/nvars_04/satellites2-60-fs_ds_qaoa_R13541_0001.json,4,1,8,linear,4096,0.00015984103083610535,0.003511688904836774,0.0,"[0, 0, 0, 1]",152.0,152.0,/home/zhenyusen/MIP-quantum/benchmark_qaoa_feasible.py --worker-problem /home/zhenyusen/MIP-quantum/data/miplib_benders/qaoa_problems/nvars_04/satellites2-60-fs_ds_qaoa_R13541_0001.json --worker-result /tmp/qaoa_feasible_0ij5o57y/result.json --p 1 --maxiter 5 --seed 42 --circuit-type multi_beta
qaoa_feasible_benchmark_a100_20260721_162713_cvIP_qaoa_first_feasible.csv,2026-07-21T16:28:57+0800,21869,supportcase6_ds_qaoa_c722_0001,/home/zhenyusen/MIP-quantum/data/miplib_benders/qaoa_problems/nvars_04/supportcase6_ds_qaoa_c722_0001.json,4,1,8,linear,4096,0.00015913997776806355,0.0035196710377931595,145944000.0,"[0, 0, 0, 1]",152.0,152.0,/home/zhenyusen/MIP-quantum/benchmark_qaoa_feasible.py --worker-problem /home/zhenyusen/MIP-quantum/data/miplib_benders/qaoa_problems/nvars_04/supportcase6_ds_qaoa_c722_0001.json --worker-result /tmp/qaoa_feasible_j8cnrcnz/result.json --p 1 --maxiter 5 --seed 42 --circuit-type multi_beta
qaoa_feasible_benchmark_a100_20260721_162713_cvIP_qaoa_first_feasible.csv,2026-07-21T16:28:58+0800,22031,supportcase6_ds_qaoa_c722_0002,/home/zhenyusen/MIP-quantum/data/miplib_benders/qaoa_problems/nvars_04/supportcase6_ds_qaoa_c722_0002.json,4,1,8,linear,4096,0.00015955115668475628,0.003431258024647832,144887000.0,"[0, 0, 0, 1]",152.0,152.0,/home/zhenyusen/MIP-quantum/benchmark_qaoa_feasible.py --worker-problem /home/zhenyusen/MIP-quantum/data/miplib_benders/qaoa_problems/nvars_04/supportcase6_ds_qaoa_c722_0002.json --worker-result /tmp/qaoa_feasible_c_s2xiyb/result.json --p 1 --maxiter 5 --seed 42 --circuit-type multi_beta
qaoa_feasible_benchmark_a100_20260721_162713_cvIP_qaoa_first_feasible.csv,2026-07-21T16:28:59+0800,22189,supportcase6_ds_qaoa_c722_0003,/home/zhenyusen/MIP-quantum/data/miplib_benders/qaoa_problems/nvars_04/supportcase6_ds_qaoa_c722_0003.json,4,1,8,linear,4096,0.00015831901691854,0.003499381011351943,151847000.0,"[0, 0, 0, 1]",152.0,152.0,/home/zhenyusen/MIP-quantum/benchmark_qaoa_feasible.py --worker-problem /home/zhenyusen/MIP-quantum/data/miplib_benders/qaoa_problems/nvars_04/supportcase6_ds_qaoa_c722_0003.json --worker-result /tmp/qaoa_feasible_q7fufry_/result.json --p 1 --maxiter 5 --seed 42 --circuit-type multi_beta
qaoa_feasible_benchmark_a100_20260721_162713_cvIP_qaoa_first_feasible.csv,2026-07-21T16:29:00+0800,22361,supportcase6_ds_qaoa_c722_0004,/home/zhenyusen/MIP-quantum/data/miplib_benders/qaoa_problems/nvars_04/supportcase6_ds_qaoa_c722_0004.json,4,1,8,linear,4096,0.0001591709442436695,0.0035099168308079243,150892000.0,"[0, 0, 0, 1]",152.0,152.0,/home/zhenyusen/MIP-quantum/benchmark_qaoa_feasible.py --worker-problem /home/zhenyusen/MIP-quantum/data/miplib_benders/qaoa_problems/nvars_04/supportcase6_ds_qaoa_c722_0004.json --worker-result /tmp/qaoa_feasible_lbzapbb8/result.json --p 1 --maxiter 5 --seed 42 --circuit-type multi_beta
qaoa_feasible_benchmark_a100_20260721_162713_cvIP_qaoa_first_feasible.csv,2026-07-21T16:29:01+0800,22498,supportcase6_ds_qaoa_c722_0005,/home/zhenyusen/MIP-quantum/data/miplib_benders/qaoa_problems/nvars_04/supportcase6_ds_qaoa_c722_0005.json,4,1,8,linear,4096,0.00014998717233538628,0.0035715801641345024,134333000.0,"[0, 0, 0, 1]",152.0,152.0,/home/zhenyusen/MIP-quantum/benchmark_qaoa_feasible.py --worker-problem /home/zhenyusen/MIP-quantum/data/miplib_benders/qaoa_problems/nvars_04/supportcase6_ds_qaoa_c722_0005.json --worker-result /tmp/qaoa_feasible_xcw1pwlg/result.json --p 1 --maxiter 5 --seed 42 --circuit-type multi_beta
qaoa_feasible_benchmark_a100_20260721_162713_cvIP_qaoa_first_feasible.csv,2026-07-21T16:29:02+0800,22646,supportcase6_ds_qaoa_c722_c726_0002,/home/zhenyusen/MIP-quantum/data/miplib_benders/qaoa_problems/nvars_04/supportcase6_ds_qaoa_c722_c726_0002.json,4,2,8,linear,4096,0.00026997807435691357,0.0032202990259975195,145944000.0,"[0, 0, 1, 0]",152.0,152.0,/home/zhenyusen/MIP-quantum/benchmark_qaoa_feasible.py --worker-problem /home/zhenyusen/MIP-quantum/data/miplib_benders/qaoa_problems/nvars_04/supportcase6_ds_qaoa_c722_c726_0002.json --worker-result /tmp/qaoa_feasible_j9lhuuzr/result.json --p 1 --maxiter 5 --seed 42 --circuit-type multi_beta
qaoa_feasible_benchmark_a100_20260721_162713_cvIP_qaoa_first_feasible.csv,2026-07-21T16:29:03+0800,23082,supportcase6_ds_qaoa_c722_c726_0003,/home/zhenyusen/MIP-quantum/data/miplib_benders/qaoa_problems/nvars_04/supportcase6_ds_qaoa_c722_c726_0003.json,4,2,8,linear,4096,0.00015428289771080017,0.0030461458954960108,151847000.0,"[0, 0, 0, 1]",152.0,152.0,/home/zhenyusen/MIP-quantum/benchmark_qaoa_feasible.py --worker-problem /home/zhenyusen/MIP-quantum/data/miplib_benders/qaoa_problems/nvars_04/supportcase6_ds_qaoa_c722_c726_0003.json --worker-result /tmp/qaoa_feasible_5y71ziah/result.json --p 1 --maxiter 5 --seed 42 --circuit-type multi_beta
qaoa_feasible_benchmark_a100_20260721_162713_cvIP_qaoa_first_feasible.csv,2026-07-21T16:29:04+0800,23233,supportcase6_ds_qaoa_c722_c726_0004,/home/zhenyusen/MIP-quantum/data/miplib_benders/qaoa_problems/nvars_04/supportcase6_ds_qaoa_c722_c726_0004.json,4,2,8,linear,4096,0.00014953594654798508,0.0030286880210042,150892000.0,"[0, 0, 0, 1]",152.0,152.0,/home/zhenyusen/MIP-quantum/benchmark_qaoa_feasible.py --worker-problem /home/zhenyusen/MIP-quantum/data/miplib_benders/qaoa_problems/nvars_04/supportcase6_ds_qaoa_c722_c726_0004.json --worker-result /tmp/qaoa_feasible_wib2pv1e/result.json --p 1 --maxiter 5 --seed 42 --circuit-type multi_beta
qaoa_feasible_benchmark_a100_20260721_162713_cvIP_qaoa_first_feasible.csv,2026-07-21T16:29:05+0800,23421,supportcase6_ds_qaoa_c722_c726_0005,/home/zhenyusen/MIP-quantum/data/miplib_benders/qaoa_problems/nvars_04/supportcase6_ds_qaoa_c722_c726_0005.json,4,2,8,linear,4096,0.0001921909861266613,0.003269714070484042,134333000.0,"[0, 0, 0, 1]",150.0,150.0,/home/zhenyusen/MIP-quantum/benchmark_qaoa_feasible.py --worker-problem /home/zhenyusen/MIP-quantum/data/miplib_benders/qaoa_problems/nvars_04/supportcase6_ds_qaoa_c722_c726_0005.json --worker-result /tmp/qaoa_feasible_omgw9q7v/result.json --p 1 --maxiter 5 --seed 42 --circuit-type multi_beta
qaoa_feasible_benchmark_a100_20260721_162713_cvIP_qaoa_first_feasible.csv,2026-07-21T16:29:06+0800,23562,supportcase6_ds_qaoa_c726_0002,/home/zhenyusen/MIP-quantum/data/miplib_benders/qaoa_problems/nvars_04/supportcase6_ds_qaoa_c726_0002.json,4,1,8,linear,4096,0.00015515508130192757,0.003518239129334688,151847000.0,"[0, 0, 0, 1]",152.0,152.0,/home/zhenyusen/MIP-quantum/benchmark_qaoa_feasible.py --worker-problem /home/zhenyusen/MIP-quantum/data/miplib_benders/qaoa_problems/nvars_04/supportcase6_ds_qaoa_c726_0002.json --worker-result /tmp/qaoa_feasible_lwgqvn0i/result.json --p 1 --maxiter 5 --seed 42 --circuit-type multi_beta
qaoa_feasible_benchmark_a100_20260721_162713_cvIP_qaoa_first_feasible.csv,2026-07-21T16:29:08+0800,23715,supportcase6_ds_qaoa_c726_0003,/home/zhenyusen/MIP-quantum/data/miplib_benders/qaoa_problems/nvars_04/supportcase6_ds_qaoa_c726_0003.json,4,1,8,linear,4096,0.00015565590001642704,0.003427271032705903,150892000.0,"[0, 0, 0, 1]",152.0,152.0,/home/zhenyusen/MIP-quantum/benchmark_qaoa_feasible.py --worker-problem /home/zhenyusen/MIP-quantum/data/miplib_benders/qaoa_problems/nvars_04/supportcase6_ds_qaoa_c726_0003.json --worker-result /tmp/qaoa_feasible__po6l3n9/result.json --p 1 --maxiter 5 --seed 42 --circuit-type multi_beta
qaoa_feasible_benchmark_a100_20260721_162713_cvIP_qaoa_first_feasible.csv,2026-07-21T16:29:09+0800,23874,supportcase6_ds_qaoa_c726_0004,/home/zhenyusen/MIP-quantum/data/miplib_benders/qaoa_problems/nvars_04/supportcase6_ds_qaoa_c726_0004.json,4,1,8,linear,4096,0.00015253107994794846,0.0034282729029655457,134333000.0,"[0, 0, 0, 1]",152.0,152.0,/home/zhenyusen/MIP-quantum/benchmark_qaoa_feasible.py --worker-problem /home/zhenyusen/MIP-quantum/data/miplib_benders/qaoa_problems/nvars_04/supportcase6_ds_qaoa_c726_0004.json --worker-result /tmp/qaoa_feasible_32u7jzql/result.json --p 1 --maxiter 5 --seed 42 --circuit-type multi_beta
qaoa_feasible_benchmark_a100_20260721_162713_cvIP_qaoa_first_feasible.csv,2026-07-21T16:29:10+0800,24023,supportcase6_ds_qaoa_c733_0001,/home/zhenyusen/MIP-quantum/data/miplib_benders/qaoa_problems/nvars_04/supportcase6_ds_qaoa_c733_0001.json,4,1,8,linear,4096,0.00016448902897536755,0.0034856090787798166,144887000.0,"[0, 0, 0, 1]",152.0,152.0,/home/zhenyusen/MIP-quantum/benchmark_qaoa_feasible.py --worker-problem /home/zhenyusen/MIP-quantum/data/miplib_benders/qaoa_problems/nvars_04/supportcase6_ds_qaoa_c733_0001.json --worker-result /tmp/qaoa_feasible_sdpr0gzl/result.json --p 1 --maxiter 5 --seed 42 --circuit-type multi_beta
qaoa_feasible_benchmark_a100_20260721_162713_cvIP_qaoa_first_feasible.csv,2026-07-21T16:29:11+0800,24193,supportcase6_ds_qaoa_c733_0002,/home/zhenyusen/MIP-quantum/data/miplib_benders/qaoa_problems/nvars_04/supportcase6_ds_qaoa_c733_0002.json,4,1,8,linear,4096,0.00015494413673877716,0.003427372081205249,134333000.0,"[0, 0, 0, 1]",152.0,152.0,/home/zhenyusen/MIP-quantum/benchmark_qaoa_feasible.py --worker-problem /home/zhenyusen/MIP-quantum/data/miplib_benders/qaoa_problems/nvars_04/supportcase6_ds_qaoa_c733_0002.json --worker-result /tmp/qaoa_feasible_0jjulop0/result.json --p 1 --maxiter 5 --seed 42 --circuit-type multi_beta
qaoa_feasible_benchmark_a100_20260721_162713_cvIP_qaoa_first_feasible.csv,2026-07-21T16:29:12+0800,24333,supportcase6_ds_qaoa_c745_0002,/home/zhenyusen/MIP-quantum/data/miplib_benders/qaoa_problems/nvars_04/supportcase6_ds_qaoa_c745_0002.json,4,1,8,linear,4096,0.00015555601567029953,0.003399598877876997,150892000.0,"[0, 0, 0, 1]",152.0,152.0,/home/zhenyusen/MIP-quantum/benchmark_qaoa_feasible.py --worker-problem /home/zhenyusen/MIP-quantum/data/miplib_benders/qaoa_problems/nvars_04/supportcase6_ds_qaoa_c745_0002.json --worker-result /tmp/qaoa_feasible_0mxlwlx4/result.json --p 1 --maxiter 5 --seed 42 --circuit-type multi_beta
qaoa_feasible_benchmark_a100_20260721_162713_cvIP_qaoa_first_feasible.csv,2026-07-21T16:29:13+0800,24478,supportcase6_ds_qaoa_c745_0003,/home/zhenyusen/MIP-quantum/data/miplib_benders/qaoa_problems/nvars_04/supportcase6_ds_qaoa_c745_0003.json,4,1,8,linear,4096,0.0001511680893599987,0.003379629924893379,134333000.0,"[0, 0, 0, 1]",152.0,152.0,/home/zhenyusen/MIP-quantum/benchmark_qaoa_feasible.py --worker-problem /home/zhenyusen/MIP-quantum/data/miplib_benders/qaoa_problems/nvars_04/supportcase6_ds_qaoa_c745_0003.json --worker-result /tmp/qaoa_feasible_t21fvq44/result.json --p 1 --maxiter 5 --seed 42 --circuit-type multi_beta
qaoa_feasible_benchmark_a100_20260721_162713_cvIP_qaoa_first_feasible.csv,2026-07-21T16:29:14+0800,24659,supportcase6_ds_qaoa_c745_0004,/home/zhenyusen/MIP-quantum/data/miplib_benders/qaoa_problems/nvars_04/supportcase6_ds_qaoa_c745_0004.json,4,1,8,linear,4096,0.00014885514974594116,0.0033784580882638693,145944000.0,"[0, 0, 0, 1]",152.0,152.0,/home/zhenyusen/MIP-quantum/benchmark_qaoa_feasible.py --worker-problem /home/zhenyusen/MIP-quantum/data/miplib_benders/qaoa_problems/nvars_04/supportcase6_ds_qaoa_c745_0004.json --worker-result /tmp/qaoa_feasible_wosh4a5g/result.json --p 1 --maxiter 5 --seed 42 --circuit-type multi_beta
qaoa_feasible_benchmark_a100_20260721_162713_cvIP_qaoa_first_feasible.csv,2026-07-21T16:29:15+0800,24811,supportcase6_ds_qaoa_c745_c747_0001,/home/zhenyusen/MIP-quantum/data/miplib_benders/qaoa_problems/nvars_04/supportcase6_ds_qaoa_c745_c747_0001.json,4,2,8,linear,4096,0.00015465309843420982,0.003019304946064949,145944000.0,"[0, 0, 0, 1]",152.0,152.0,/home/zhenyusen/MIP-quantum/benchmark_qaoa_feasible.py --worker-problem /home/zhenyusen/MIP-quantum/data/miplib_benders/qaoa_problems/nvars_04/supportcase6_ds_qaoa_c745_c747_0001.json --worker-result /tmp/qaoa_feasible_0zwcs1oy/result.json --p 1 --maxiter 5 --seed 42 --circuit-type multi_beta
qaoa_feasible_benchmark_a100_20260721_162713_cvIP_qaoa_first_feasible.csv,2026-07-21T16:29:16+0800,25010,supportcase6_ds_qaoa_c745_c747_0003,/home/zhenyusen/MIP-quantum/data/miplib_benders/qaoa_problems/nvars_04/supportcase6_ds_qaoa_c745_c747_0003.json,4,2,8,linear,4096,0.0002628669608384371,0.003108580131083727,144887000.0,"[0, 0, 1, 0]",152.0,152.0,/home/zhenyusen/MIP-quantum/benchmark_qaoa_feasible.py --worker-problem /home/zhenyusen/MIP-quantum/data/miplib_benders/qaoa_problems/nvars_04/supportcase6_ds_qaoa_c745_c747_0003.json --worker-result /tmp/qaoa_feasible_pqobw_7q/result.json --p 1 --maxiter 5 --seed 42 --circuit-type multi_beta
qaoa_feasible_benchmark_a100_20260721_162713_cvIP_qaoa_first_feasible.csv,2026-07-21T16:29:17+0800,25147,supportcase6_ds_qaoa_c745_c747_0004,/home/zhenyusen/MIP-quantum/data/miplib_benders/qaoa_problems/nvars_04/supportcase6_ds_qaoa_c745_c747_0004.json,4,2,8,linear,4096,0.00016484898515045643,0.0031321749556809664,150892000.0,"[0, 0, 0, 1]",152.0,152.0,/home/zhenyusen/MIP-quantum/benchmark_qaoa_feasible.py --worker-problem /home/zhenyusen/MIP-quantum/data/miplib_benders/qaoa_problems/nvars_04/supportcase6_ds_qaoa_c745_c747_0004.json --worker-result /tmp/qaoa_feasible_c968wiie/result.json --p 1 --maxiter 5 --seed 42 --circuit-type multi_beta
qaoa_feasible_benchmark_a100_20260721_162713_cvIP_qaoa_first_feasible.csv,2026-07-21T16:29:18+0800,25296,supportcase6_ds_qaoa_c745_c747_0005,/home/zhenyusen/MIP-quantum/data/miplib_benders/qaoa_problems/nvars_04/supportcase6_ds_qaoa_c745_c747_0005.json,4,2,8,linear,4096,0.00014850497245788574,0.003046504920348525,134333000.0,"[0, 0, 0, 1]",152.0,152.0,/home/zhenyusen/MIP-quantum/benchmark_qaoa_feasible.py --worker-problem /home/zhenyusen/MIP-quantum/data/miplib_benders/qaoa_problems/nvars_04/supportcase6_ds_qaoa_c745_c747_0005.json --worker-result /tmp/qaoa_feasible_qkbqh02w/result.json --p 1 --maxiter 5 --seed 42 --circuit-type multi_beta
qaoa_feasible_benchmark_a100_20260721_162713_cvIP_qaoa_first_feasible.csv,2026-07-21T16:29:19+0800,25455,supportcase6_ds_qaoa_c759_0001,/home/zhenyusen/MIP-quantum/data/miplib_benders/qaoa_problems/nvars_04/supportcase6_ds_qaoa_c759_0001.json,4,1,8,linear,4096,0.00015317206270992756,0.003572331042960286,150892000.0,"[0, 0, 0, 1]",150.0,150.0,/home/zhenyusen/MIP-quantum/benchmark_qaoa_feasible.py --worker-problem /home/zhenyusen/MIP-quantum/data/miplib_benders/qaoa_problems/nvars_04/supportcase6_ds_qaoa_c759_0001.json --worker-result /tmp/qaoa_feasible_ecjzxtmc/result.json --p 1 --maxiter 5 --seed 42 --circuit-type multi_beta
qaoa_feasible_benchmark_a100_20260721_162713_cvIP_qaoa_first_feasible.csv,2026-07-21T16:29:20+0800,25605,supportcase6_ds_qaoa_c759_0002,/home/zhenyusen/MIP-quantum/data/miplib_benders/qaoa_problems/nvars_04/supportcase6_ds_qaoa_c759_0002.json,4,1,8,linear,4096,0.0001585199497640133,0.0034798819106072187,151847000.0,"[0, 0, 0, 1]",152.0,152.0,/home/zhenyusen/MIP-quantum/benchmark_qaoa_feasible.py --worker-problem /home/zhenyusen/MIP-quantum/data/miplib_benders/qaoa_problems/nvars_04/supportcase6_ds_qaoa_c759_0002.json --worker-result /tmp/qaoa_feasible_oyo5d_l2/result.json --p 1 --maxiter 5 --seed 42 --circuit-type multi_beta
qaoa_feasible_benchmark_a100_20260721_162713_cvIP_qaoa_first_feasible.csv,2026-07-21T16:29:21+0800,25771,supportcase6_ds_qaoa_c762_0001,/home/zhenyusen/MIP-quantum/data/miplib_benders/qaoa_problems/nvars_04/supportcase6_ds_qaoa_c762_0001.json,4,1,8,linear,4096,0.00015139905735850334,0.0034636061172932386,151847000.0,"[0, 0, 0, 1]",150.0,150.0,/home/zhenyusen/MIP-quantum/benchmark_qaoa_feasible.py --worker-problem /home/zhenyusen/MIP-quantum/data/miplib_benders/qaoa_problems/nvars_04/supportcase6_ds_qaoa_c762_0001.json --worker-result /tmp/qaoa_feasible_ogtid4q7/result.json --p 1 --maxiter 5 --seed 42 --circuit-type multi_beta
qaoa_feasible_benchmark_a100_20260721_162713_cvIP_qaoa_first_feasible.csv,2026-07-21T16:29:22+0800,25907,supportcase6_ds_qaoa_c762_0002,/home/zhenyusen/MIP-quantum/data/miplib_benders/qaoa_problems/nvars_04/supportcase6_ds_qaoa_c762_0002.json,4,1,8,linear,4096,0.0001571269240230322,0.0034458900336176157,145944000.0,"[0, 0, 0, 1]",152.0,152.0,/home/zhenyusen/MIP-quantum/benchmark_qaoa_feasible.py --worker-problem /home/zhenyusen/MIP-quantum/data/miplib_benders/qaoa_problems/nvars_04/supportcase6_ds_qaoa_c762_0002.json --worker-result /tmp/qaoa_feasible_18zaz1yg/result.json --p 1 --maxiter 5 --seed 42 --circuit-type multi_beta
qaoa_feasible_benchmark_a100_20260721_162713_cvIP_qaoa_first_feasible.csv,2026-07-21T16:29:23+0800,26058,supportcase6_ds_qaoa_c762_0003,/home/zhenyusen/MIP-quantum/data/miplib_benders/qaoa_problems/nvars_04/supportcase6_ds_qaoa_c762_0003.json,4,1,8,linear,4096,0.00015314086340367794,0.003761376952752471,144887000.0,"[0, 0, 0, 1]",150.0,150.0,/home/zhenyusen/MIP-quantum/benchmark_qaoa_feasible.py --worker-problem /home/zhenyusen/MIP-quantum/data/miplib_benders/qaoa_problems/nvars_04/supportcase6_ds_qaoa_c762_0003.json --worker-result /tmp/qaoa_feasible_ot9j2adc/result.json --p 1 --maxiter 5 --seed 42 --circuit-type multi_beta
qaoa_feasible_benchmark_a100_20260721_162713_cvIP_qaoa_first_feasible.csv,2026-07-21T16:29:24+0800,26243,assign1-5-8_ds_qaoa_R0003_0001,/home/zhenyusen/MIP-quantum/data/miplib_benders/qaoa_problems/nvars_05/assign1-5-8_ds_qaoa_R0003_0001.json,5,1,8,linear,32768,0.0003340349067002535,0.026787878945469856,0.0,"[0, 0, 0, 0, 5]",169.07421875,172.0,/home/zhenyusen/MIP-quantum/benchmark_qaoa_feasible.py --worker-problem /home/zhenyusen/MIP-quantum/data/miplib_benders/qaoa_problems/nvars_05/assign1-5-8_ds_qaoa_R0003_0001.json --worker-result /tmp/qaoa_feasible_wsryb5ju/result.json --p 1 --maxiter 5 --seed 42 --circuit-type multi_beta
qaoa_feasible_benchmark_a100_20260721_162713_cvIP_qaoa_first_feasible.csv,2026-07-21T16:29:25+0800,26394,assign1-5-8_ds_qaoa_R0008_0001,/home/zhenyusen/MIP-quantum/data/miplib_benders/qaoa_problems/nvars_05/assign1-5-8_ds_qaoa_R0008_0001.json,5,1,8,linear,32768,0.0003222471568733454,0.024122609989717603,0.0,"[0, 0, 0, 0, 5]",169.0703125,172.0,/home/zhenyusen/MIP-quantum/benchmark_qaoa_feasible.py --worker-problem /home/zhenyusen/MIP-quantum/data/miplib_benders/qaoa_problems/nvars_05/assign1-5-8_ds_qaoa_R0008_0001.json --worker-result /tmp/qaoa_feasible_cda71crm/result.json --p 1 --maxiter 5 --seed 42 --circuit-type multi_beta
qaoa_feasible_benchmark_a100_20260721_162713_cvIP_qaoa_first_feasible.csv,2026-07-21T16:29:26+0800,26586,assign1-5-8_ds_qaoa_R0038_0001,/home/zhenyusen/MIP-quantum/data/miplib_benders/qaoa_problems/nvars_05/assign1-5-8_ds_qaoa_R0038_0001.json,5,1,8,linear,32768,0.0003292879555374384,0.025622647954151034,0.0,"[0, 0, 0, 0, 5]",167.9765625,170.0,/home/zhenyusen/MIP-quantum/benchmark_qaoa_feasible.py --worker-problem /home/zhenyusen/MIP-quantum/data/miplib_benders/qaoa_problems/nvars_05/assign1-5-8_ds_qaoa_R0038_0001.json --worker-result /tmp/qaoa_feasible_ld75240k/result.json --p 1 --maxiter 5 --seed 42 --circuit-type multi_beta
qaoa_feasible_benchmark_a100_20260721_162713_cvIP_qaoa_first_feasible.csv,2026-07-21T16:29:28+0800,26736,ex10_ds_qaoa_NOD26_0001,/home/zhenyusen/MIP-quantum/data/miplib_benders/qaoa_problems/nvars_05/ex10_ds_qaoa_NOD26_0001.json,5,1,8,linear,32768,0.00023635686375200748,0.024188239825889468,1.0,"[0, 0, 0, 0, 1]",170.0546875,173.05078125,/home/zhenyusen/MIP-quantum/benchmark_qaoa_feasible.py --worker-problem /home/zhenyusen/MIP-quantum/data/miplib_benders/qaoa_problems/nvars_05/ex10_ds_qaoa_NOD26_0001.json --worker-result /tmp/qaoa_feasible_kvo2w1hv/result.json --p 1 --maxiter 5 --seed 42 --circuit-type multi_beta
qaoa_feasible_benchmark_a100_20260721_162713_cvIP_qaoa_first_feasible.csv,2026-07-21T16:29:29+0800,26895,ex10_ds_qaoa_NOD26_NOD2X2_0001,/home/zhenyusen/MIP-quantum/data/miplib_benders/qaoa_problems/nvars_05/ex10_ds_qaoa_NOD26_NOD2X2_0001.json,5,2,8,linear,32768,0.0014561810530722141,0.021346482913941145,1.0,"[0, 0, 1, 0, 0]",170.0,170.0,/home/zhenyusen/MIP-quantum/benchmark_qaoa_feasible.py --worker-problem /home/zhenyusen/MIP-quantum/data/miplib_benders/qaoa_problems/nvars_05/ex10_ds_qaoa_NOD26_NOD2X2_0001.json --worker-result /tmp/qaoa_feasible_qcat_iny/result.json --p 1 --maxiter 5 --seed 42 --circuit-type multi_beta
qaoa_feasible_benchmark_a100_20260721_162713_cvIP_qaoa_first_feasible.csv,2026-07-21T16:29:31+0800,27057,ex9_ds_qaoa_NOD2X5_NOD37_0007,/home/zhenyusen/MIP-quantum/data/miplib_benders/qaoa_problems/nvars_05/ex9_ds_qaoa_NOD2X5_NOD37_0007.json,5,2,8,linear,32768,0.00022437889128923416,0.01974670495837927,1.0,"[0, 0, 0, 0, 1]",168.0,168.0,/home/zhenyusen/MIP-quantum/benchmark_qaoa_feasible.py --worker-problem /home/zhenyusen/MIP-quantum/data/miplib_benders/qaoa_problems/nvars_05/ex9_ds_qaoa_NOD2X5_NOD37_0007.json --worker-result /tmp/qaoa_feasible_qc0ip_6v/result.json --p 1 --maxiter 5 --seed 42 --circuit-type multi_beta
qaoa_feasible_benchmark_a100_20260721_162713_cvIP_qaoa_first_feasible.csv,2026-07-21T16:29:32+0800,27229,ex9_ds_qaoa_NOD2X5_NOD37_0008,/home/zhenyusen/MIP-quantum/data/miplib_benders/qaoa_problems/nvars_05/ex9_ds_qaoa_NOD2X5_NOD37_0008.json,5,2,8,linear,32768,0.00022470997646450996,0.019895198987796903,1.0,"[0, 0, 0, 0, 1]",172.0,172.0,/home/zhenyusen/MIP-quantum/benchmark_qaoa_feasible.py --worker-problem /home/zhenyusen/MIP-quantum/data/miplib_benders/qaoa_problems/nvars_05/ex9_ds_qaoa_NOD2X5_NOD37_0008.json --worker-result /tmp/qaoa_feasible_ii_ieft4/result.json --p 1 --maxiter 5 --seed 42 --circuit-type multi_beta
qaoa_feasible_benchmark_a100_20260721_162713_cvIP_qaoa_first_feasible.csv,2026-07-21T16:29:34+0800,27426,ex9_ds_qaoa_NOD2X5_NOD37_0009,/home/zhenyusen/MIP-quantum/data/miplib_benders/qaoa_problems/nvars_05/ex9_ds_qaoa_NOD2X5_NOD37_0009.json,5,2,8,linear,32768,0.0003773400094360113,0.020134520949795842,1.0,"[0, 0, 0, 1, 0]",172.0,172.0,/home/zhenyusen/MIP-quantum/benchmark_qaoa_feasible.py --worker-problem /home/zhenyusen/MIP-quantum/data/miplib_benders/qaoa_problems/nvars_05/ex9_ds_qaoa_NOD2X5_NOD37_0009.json --worker-result /tmp/qaoa_feasible_qwmts4a8/result.json --p 1 --maxiter 5 --seed 42 --circuit-type multi_beta
qaoa_feasible_benchmark_a100_20260721_162713_cvIP_qaoa_first_feasible.csv,2026-07-21T16:29:35+0800,27597,ex9_ds_qaoa_NOD2X5_NOD37_0010,/home/zhenyusen/MIP-quantum/data/miplib_benders/qaoa_problems/nvars_05/ex9_ds_qaoa_NOD2X5_NOD37_0010.json,5,2,8,linear,32768,0.001446436857804656,0.02151292492635548,1.0,"[0, 0, 1, 0, 0]",172.0,172.0,/home/zhenyusen/MIP-quantum/benchmark_qaoa_feasible.py --worker-problem /home/zhenyusen/MIP-quantum/data/miplib_benders/qaoa_problems/nvars_05/ex9_ds_qaoa_NOD2X5_NOD37_0010.json --worker-result /tmp/qaoa_feasible_flnhcd1w/result.json --p 1 --maxiter 5 --seed 42 --circuit-type multi_beta
qaoa_feasible_benchmark_a100_20260721_162713_cvIP_qaoa_first_feasible.csv,2026-07-21T16:29:36+0800,27804,irp_ds_qaoa_R0002_0001,/home/zhenyusen/MIP-quantum/data/miplib_benders/qaoa_problems/nvars_05/irp_ds_qaoa_R0002_0001.json,5,1,8,linear,32768,0.00022759404964745045,0.02341743395663798,6049200000.0,"[0, 0, 0, 0, 1]",172.04296875,175.0390625,/home/zhenyusen/MIP-quantum/benchmark_qaoa_feasible.py --worker-problem /home/zhenyusen/MIP-quantum/data/miplib_benders/qaoa_problems/nvars_05/irp_ds_qaoa_R0002_0001.json --worker-result /tmp/qaoa_feasible_1gk8socr/result.json --p 1 --maxiter 5 --seed 42 --circuit-type multi_beta
qaoa_feasible_benchmark_a100_20260721_162713_cvIP_qaoa_first_feasible.csv,2026-07-21T16:29:38+0800,27950,irp_ds_qaoa_R0002_0002,/home/zhenyusen/MIP-quantum/data/miplib_benders/qaoa_problems/nvars_05/irp_ds_qaoa_R0002_0002.json,5,1,8,linear,32768,0.00023872102610766888,0.02427964797243476,5946950000.0,"[0, 0, 0, 0, 1]",172.0625,175.05859375,/home/zhenyusen/MIP-quantum/benchmark_qaoa_feasible.py --worker-problem /home/zhenyusen/MIP-quantum/data/miplib_benders/qaoa_problems/nvars_05/irp_ds_qaoa_R0002_0002.json --worker-result /tmp/qaoa_feasible_89ohg_qy/result.json --p 1 --maxiter 5 --seed 42 --circuit-type multi_beta
qaoa_feasible_benchmark_a100_20260721_162713_cvIP_qaoa_first_feasible.csv,2026-07-21T16:29:39+0800,28126,irp_ds_qaoa_R0002_0003,/home/zhenyusen/MIP-quantum/data/miplib_benders/qaoa_problems/nvars_05/irp_ds_qaoa_R0002_0003.json,5,1,8,linear,32768,0.0002277148887515068,0.02394905802793801,6340890000.0,"[0, 0, 0, 0, 1]",172.1640625,175.16015625,/home/zhenyusen/MIP-quantum/benchmark_qaoa_feasible.py --worker-problem /home/zhenyusen/MIP-quantum/data/miplib_benders/qaoa_problems/nvars_05/irp_ds_qaoa_R0002_0003.json --worker-result /tmp/qaoa_feasible_y729qmvw/result.json --p 1 --maxiter 5 --seed 42 --circuit-type multi_beta
qaoa_feasible_benchmark_a100_20260721_162713_cvIP_qaoa_first_feasible.csv,2026-07-21T16:29:41+0800,28293,irp_ds_qaoa_R0002_0004,/home/zhenyusen/MIP-quantum/data/miplib_benders/qaoa_problems/nvars_05/irp_ds_qaoa_R0002_0004.json,5,1,8,linear,32768,0.0002416861243546009,0.023774613859131932,5861380000.0,"[0, 0, 0, 0, 1]",170.05859375,173.0546875,/home/zhenyusen/MIP-quantum/benchmark_qaoa_feasible.py --worker-problem /home/zhenyusen/MIP-quantum/data/miplib_benders/qaoa_problems/nvars_05/irp_ds_qaoa_R0002_0004.json --worker-result /tmp/qaoa_feasible_v2jeycge/result.json --p 1 --maxiter 5 --seed 42 --circuit-type multi_beta
qaoa_feasible_benchmark_a100_20260721_162713_cvIP_qaoa_first_feasible.csv,2026-07-21T16:29:42+0800,28457,irp_ds_qaoa_R0002_0005,/home/zhenyusen/MIP-quantum/data/miplib_benders/qaoa_problems/nvars_05/irp_ds_qaoa_R0002_0005.json,5,1,8,linear,32768,0.00022940686903893948,0.024439610075205564,5813350000.0,"[0, 0, 0, 0, 1]",172.17578125,175.171875,/home/zhenyusen/MIP-quantum/benchmark_qaoa_feasible.py --worker-problem /home/zhenyusen/MIP-quantum/data/miplib_benders/qaoa_problems/nvars_05/irp_ds_qaoa_R0002_0005.json --worker-result /tmp/qaoa_feasible_176iu_t8/result.json --p 1 --maxiter 5 --seed 42 --circuit-type multi_beta
qaoa_feasible_benchmark_a100_20260721_162713_cvIP_qaoa_first_feasible.csv,2026-07-21T16:29:44+0800,28627,irp_ds_qaoa_R0002_0006,/home/zhenyusen/MIP-quantum/data/miplib_benders/qaoa_problems/nvars_05/irp_ds_qaoa_R0002_0006.json,5,1,8,linear,32768,0.00025364384055137634,0.024065193021669984,5989160000.0,"[0, 0, 0, 0, 1]",170.06640625,173.0625,/home/zhenyusen/MIP-quantum/benchmark_qaoa_feasible.py --worker-problem /home/zhenyusen/MIP-quantum/data/miplib_benders/qaoa_problems/nvars_05/irp_ds_qaoa_R0002_0006.json --worker-result /tmp/qaoa_feasible_rv424p25/result.json --p 1 --maxiter 5 --seed 42 --circuit-type multi_beta
qaoa_feasible_benchmark_a100_20260721_162713_cvIP_qaoa_first_feasible.csv,2026-07-21T16:29:45+0800,28793,irp_ds_qaoa_R0002_0007,/home/zhenyusen/MIP-quantum/data/miplib_benders/qaoa_problems/nvars_05/irp_ds_qaoa_R0002_0007.json,5,1,8,linear,32768,0.00023649795912206173,0.02519254805520177,5886900000.0,"[0, 0, 0, 0, 1]",172.0625,175.05859375,/home/zhenyusen/MIP-quantum/benchmark_qaoa_feasible.py --worker-problem /home/zhenyusen/MIP-quantum/data/miplib_benders/qaoa_problems/nvars_05/irp_ds_qaoa_R0002_0007.json --worker-result /tmp/qaoa_feasible_3ud3y6gh/result.json --p 1 --maxiter 5 --seed 42 --circuit-type multi_beta
qaoa_feasible_benchmark_a100_20260721_162713_cvIP_qaoa_first_feasible.csv,2026-07-21T16:29:46+0800,28978,irp_ds_qaoa_R0002_0008,/home/zhenyusen/MIP-quantum/data/miplib_benders/qaoa_problems/nvars_05/irp_ds_qaoa_R0002_0008.json,5,1,8,linear,32768,0.00023740902543067932,0.024563387036323547,6280850000.0,"[0, 0, 0, 0, 1]",172.05859375,175.0546875,/home/zhenyusen/MIP-quantum/benchmark_qaoa_feasible.py --worker-problem /home/zhenyusen/MIP-quantum/data/miplib_benders/qaoa_problems/nvars_05/irp_ds_qaoa_R0002_0008.json --worker-result /tmp/qaoa_feasible_roz7rnjp/result.json --p 1 --maxiter 5 --seed 42 --circuit-type multi_beta
qaoa_feasible_benchmark_a100_20260721_162713_cvIP_qaoa_first_feasible.csv,2026-07-21T16:29:48+0800,29145,irp_ds_qaoa_R0002_0009,/home/zhenyusen/MIP-quantum/data/miplib_benders/qaoa_problems/nvars_05/irp_ds_qaoa_R0002_0009.json,5,1,8,linear,32768,0.0002361468505114317,0.024995200103148818,5801330000.0,"[0, 0, 0, 0, 1]",172.05859375,175.0546875,/home/zhenyusen/MIP-quantum/benchmark_qaoa_feasible.py --worker-problem /home/zhenyusen/MIP-quantum/data/miplib_benders/qaoa_problems/nvars_05/irp_ds_qaoa_R0002_0009.json --worker-result /tmp/qaoa_feasible_f5yvyzxu/result.json --p 1 --maxiter 5 --seed 42 --circuit-type multi_beta
qaoa_feasible_benchmark_a100_20260721_162713_cvIP_qaoa_first_feasible.csv,2026-07-21T16:29:49+0800,29294,irp_ds_qaoa_R0002_0010,/home/zhenyusen/MIP-quantum/data/miplib_benders/qaoa_problems/nvars_05/irp_ds_qaoa_R0002_0010.json,5,1,8,linear,32768,0.00022982689552009106,0.023628032999113202,5753300000.0,"[0, 0, 0, 0, 1]",172.06640625,175.0625,/home/zhenyusen/MIP-quantum/benchmark_qaoa_feasible.py --worker-problem /home/zhenyusen/MIP-quantum/data/miplib_benders/qaoa_problems/nvars_05/irp_ds_qaoa_R0002_0010.json --worker-result /tmp/qaoa_feasible_lu6r96uk/result.json --p 1 --maxiter 5 --seed 42 --circuit-type multi_beta
qaoa_feasible_benchmark_a100_20260721_162713_cvIP_qaoa_first_feasible.csv,2026-07-21T16:29:51+0800,29463,irp_ds_qaoa_R0010_R0015_0001,/home/zhenyusen/MIP-quantum/data/miplib_benders/qaoa_problems/nvars_05/irp_ds_qaoa_R0010_R0015_0001.json,5,2,8,linear,32768,0.0014304129872471094,0.021316508995369077,5627280000.0,"[0, 0, 1, 0, 0]",172.0,172.0,/home/zhenyusen/MIP-quantum/benchmark_qaoa_feasible.py --worker-problem /home/zhenyusen/MIP-quantum/data/miplib_benders/qaoa_problems/nvars_05/irp_ds_qaoa_R0010_R0015_0001.json --worker-result /tmp/qaoa_feasible_6jyj7p__/result.json --p 1 --maxiter 5 --seed 42 --circuit-type multi_beta
qaoa_feasible_benchmark_a100_20260721_162713_cvIP_qaoa_first_feasible.csv,2026-07-21T16:29:52+0800,29664,irp_ds_qaoa_R0026_0001,/home/zhenyusen/MIP-quantum/data/miplib_benders/qaoa_problems/nvars_05/irp_ds_qaoa_R0026_0001.json,5,1,8,linear,32768,0.00023423414677381516,0.024258235935121775,5801330000.0,"[0, 0, 0, 0, 1]",172.16796875,175.1640625,/home/zhenyusen/MIP-quantum/benchmark_qaoa_feasible.py --worker-problem /home/zhenyusen/MIP-quantum/data/miplib_benders/qaoa_problems/nvars_05/irp_ds_qaoa_R0026_0001.json --worker-result /tmp/qaoa_feasible_fg1zibva/result.json --p 1 --maxiter 5 --seed 42 --circuit-type multi_beta
qaoa_feasible_benchmark_a100_20260721_162713_cvIP_qaoa_first_feasible.csv,2026-07-21T16:29:54+0800,29845,leo1_ds_qaoa_R0000004_0002,/home/zhenyusen/MIP-quantum/data/miplib_benders/qaoa_problems/nvars_05/leo1_ds_qaoa_R0000004_0002.json,5,1,8,linear,32768,0.0027960380539298058,0.018318184884265065,6.0,"[0, 0, 2, 0, 7]",164.0,164.0,/home/zhenyusen/MIP-quantum/benchmark_qaoa_feasible.py --worker-problem /home/zhenyusen/MIP-quantum/data/miplib_benders/qaoa_problems/nvars_05/leo1_ds_qaoa_R0000004_0002.json --worker-result /tmp/qaoa_feasible_8e9w5u05/result.json --p 1 --maxiter 5 --seed 42 --circuit-type multi_beta
qaoa_feasible_benchmark_a100_20260721_162713_cvIP_qaoa_first_feasible.csv,2026-07-21T16:29:55+0800,29977,leo2_ds_qaoa_R0000004_0003,/home/zhenyusen/MIP-quantum/data/miplib_benders/qaoa_problems/nvars_05/leo2_ds_qaoa_R0000004_0003.json,5,1,8,linear,32768,0.0007893829606473446,0.05054974602535367,12.0,"[0, 0, 0, 3, 3]",170.0,170.0,/home/zhenyusen/MIP-quantum/benchmark_qaoa_feasible.py --worker-problem /home/zhenyusen/MIP-quantum/data/miplib_benders/qaoa_problems/nvars_05/leo2_ds_qaoa_R0000004_0003.json --worker-result /tmp/qaoa_feasible_errhlif2/result.json --p 1 --maxiter 5 --seed 42 --circuit-type multi_beta
qaoa_feasible_benchmark_a100_20260721_162713_cvIP_qaoa_first_feasible.csv,2026-07-21T16:29:57+0800,30194,leo2_ds_qaoa_R0000004_0004,/home/zhenyusen/MIP-quantum/data/miplib_benders/qaoa_problems/nvars_05/leo2_ds_qaoa_R0000004_0004.json,5,1,8,linear,32768,0.0005848640576004982,0.08134948299266398,8.0,"[0, 0, 0, 2, 1]",162.0,162.0,/home/zhenyusen/MIP-quantum/benchmark_qaoa_feasible.py --worker-problem /home/zhenyusen/MIP-quantum/data/miplib_benders/qaoa_problems/nvars_05/leo2_ds_qaoa_R0000004_0004.json --worker-result /tmp/qaoa_feasible_pfes9440/result.json --p 1 --maxiter 5 --seed 42 --circuit-type multi_beta
qaoa_feasible_benchmark_a100_20260721_162713_cvIP_qaoa_first_feasible.csv,2026-07-21T16:29:59+0800,30351,leo2_ds_qaoa_R0000004_0005,/home/zhenyusen/MIP-quantum/data/miplib_benders/qaoa_problems/nvars_05/leo2_ds_qaoa_R0000004_0005.json,5,1,8,linear,32768,0.0017380679491907358,0.08044181996956468,7.0,"[0, 0, 1, 1, 5]",172.0,172.0,/home/zhenyusen/MIP-quantum/benchmark_qaoa_feasible.py --worker-problem /home/zhenyusen/MIP-quantum/data/miplib_benders/qaoa_problems/nvars_05/leo2_ds_qaoa_R0000004_0005.json --worker-result /tmp/qaoa_feasible_hwoq584z/result.json --p 1 --maxiter 5 --seed 42 --circuit-type multi_beta
qaoa_feasible_benchmark_a100_20260721_162713_cvIP_qaoa_first_feasible.csv,2026-07-21T16:30:00+0800,30524,leo2_ds_qaoa_R0000004_0006,/home/zhenyusen/MIP-quantum/data/miplib_benders/qaoa_problems/nvars_05/leo2_ds_qaoa_R0000004_0006.json,5,1,8,linear,32768,0.010267563862726092,0.036250938195735216,6.0,"[0, 1, 0, 1, 7]",164.98046875,167.9765625,/home/zhenyusen/MIP-quantum/benchmark_qaoa_feasible.py --worker-problem /home/zhenyusen/MIP-quantum/data/miplib_benders/qaoa_problems/nvars_05/leo2_ds_qaoa_R0000004_0006.json --worker-result /tmp/qaoa_feasible_eboe8tun/result.json --p 1 --maxiter 5 --seed 42 --circuit-type multi_beta
qaoa_feasible_benchmark_a100_20260721_162713_cvIP_qaoa_first_feasible.csv,2026-07-21T16:30:02+0800,30718,leo2_ds_qaoa_R0000004_0007,/home/zhenyusen/MIP-quantum/data/miplib_benders/qaoa_problems/nvars_05/leo2_ds_qaoa_R0000004_0007.json,5,1,8,linear,32768,0.000363379018381238,0.019422214943915606,4.0,"[0, 0, 0, 1, 0]",170.0,170.0,/home/zhenyusen/MIP-quantum/benchmark_qaoa_feasible.py --worker-problem /home/zhenyusen/MIP-quantum/data/miplib_benders/qaoa_problems/nvars_05/leo2_ds_qaoa_R0000004_0007.json --worker-result /tmp/qaoa_feasible_qkxjkogh/result.json --p 1 --maxiter 5 --seed 42 --circuit-type multi_beta
qaoa_feasible_benchmark_a100_20260721_162713_cvIP_qaoa_first_feasible.csv,2026-07-21T16:30:03+0800,30899,neos-1456979_ds_qaoa_R0007_0001,/home/zhenyusen/MIP-quantum/data/miplib_benders/qaoa_problems/nvars_05/neos-1456979_ds_qaoa_R0007_0001.json,5,1,8,linear,32768,0.00022796494886279106,0.025487946113571525,6.0,"[0, 0, 0, 0, 1]",172.05859375,175.0546875,/home/zhenyusen/MIP-quantum/benchmark_qaoa_feasible.py --worker-problem /home/zhenyusen/MIP-quantum/data/miplib_benders/qaoa_problems/nvars_05/neos-1456979_ds_qaoa_R0007_0001.json --worker-result /tmp/qaoa_feasible_8jm6182r/result.json --p 1 --maxiter 5 --seed 42 --circuit-type multi_beta
qaoa_feasible_benchmark_a100_20260721_162713_cvIP_qaoa_first_feasible.csv,2026-07-21T16:30:05+0800,31053,neos-1456979_ds_qaoa_R0008_0001,/home/zhenyusen/MIP-quantum/data/miplib_benders/qaoa_problems/nvars_05/neos-1456979_ds_qaoa_R0008_0001.json,5,1,8,linear,32768,0.00023348303511738777,0.02554451092146337,4.0,"[0, 0, 0, 0, 1]",172.0546875,175.05078125,/home/zhenyusen/MIP-quantum/benchmark_qaoa_feasible.py --worker-problem /home/zhenyusen/MIP-quantum/data/miplib_benders/qaoa_problems/nvars_05/neos-1456979_ds_qaoa_R0008_0001.json --worker-result /tmp/qaoa_feasible_j3asi8kr/result.json --p 1 --maxiter 5 --seed 42 --circuit-type multi_beta
qaoa_feasible_benchmark_a100_20260721_162713_cvIP_qaoa_first_feasible.csv,2026-07-21T16:30:06+0800,31244,neos-1456979_ds_qaoa_R0009_R0046_0001,/home/zhenyusen/MIP-quantum/data/miplib_benders/qaoa_problems/nvars_05/neos-1456979_ds_qaoa_R0009_R0046_0001.json,5,2,8,linear,32768,0.0002290660049766302,0.021376399090513587,9.0,"[0, 0, 0, 0, 1]",169.5625,172.0,/home/zhenyusen/MIP-quantum/benchmark_qaoa_feasible.py --worker-problem /home/zhenyusen/MIP-quantum/data/miplib_benders/qaoa_problems/nvars_05/neos-1456979_ds_qaoa_R0009_R0046_0001.json --worker-result /tmp/qaoa_feasible_rrr1i1su/result.json --p 1 --maxiter 5 --seed 42 --circuit-type multi_beta
qaoa_feasible_benchmark_a100_20260721_162713_cvIP_qaoa_first_feasible.csv,2026-07-21T16:30:08+0800,31402,neos-2746589-doon_ds_qaoa_R0001_0001,/home/zhenyusen/MIP-quantum/data/miplib_benders/qaoa_problems/nvars_05/neos-2746589-doon_ds_qaoa_R0001_0001.json,5,1,8,linear,32768,0.0002490768674761057,0.025632034055888653,29.0,"[0, 0, 0, 0, 1]",172.05859375,175.0546875,/home/zhenyusen/MIP-quantum/benchmark_qaoa_feasible.py --worker-problem /home/zhenyusen/MIP-quantum/data/miplib_benders/qaoa_problems/nvars_05/neos-2746589-doon_ds_qaoa_R0001_0001.json --worker-result /tmp/qaoa_feasible_l629bglx/result.json --p 1 --maxiter 5 --seed 42 --circuit-type multi_beta
qaoa_feasible_benchmark_a100_20260721_162713_cvIP_qaoa_first_feasible.csv,2026-07-21T16:30:09+0800,31564,neos-2746589-doon_ds_qaoa_R0002_0001,/home/zhenyusen/MIP-quantum/data/miplib_benders/qaoa_problems/nvars_05/neos-2746589-doon_ds_qaoa_R0002_0001.json,5,1,8,linear,32768,0.00024421000853180885,0.025889332173392177,209.0,"[0, 0, 0, 0, 1]",172.05859375,175.0546875,/home/zhenyusen/MIP-quantum/benchmark_qaoa_feasible.py --worker-problem /home/zhenyusen/MIP-quantum/data/miplib_benders/qaoa_problems/nvars_05/neos-2746589-doon_ds_qaoa_R0002_0001.json --worker-result /tmp/qaoa_feasible_swdwd98f/result.json --p 1 --maxiter 5 --seed 42 --circuit-type multi_beta
qaoa_feasible_benchmark_a100_20260721_162713_cvIP_qaoa_first_feasible.csv,2026-07-21T16:30:11+0800,31752,neos-4300652-rahue_ds_qaoa_R14653_0001,/home/zhenyusen/MIP-quantum/data/miplib_benders/qaoa_problems/nvars_05/neos-4300652-rahue_ds_qaoa_R14653_0001.json,5,1,8,linear,32768,0.06993033783510327,0.0952907910104841,38.0,"[0, 7, 0, 6, 7]",171.546875,174.0,/home/zhenyusen/MIP-quantum/benchmark_qaoa_feasible.py --worker-problem /home/zhenyusen/MIP-quantum/data/miplib_benders/qaoa_problems/nvars_05/neos-4300652-rahue_ds_qaoa_R14653_0001.json --worker-result /tmp/qaoa_feasible_rgl54o01/result.json --p 1 --maxiter 5 --seed 42 --circuit-type multi_beta
qaoa_feasible_benchmark_a100_20260721_162713_cvIP_qaoa_first_feasible.csv,2026-07-21T16:30:12+0800,31908,neos-4300652-rahue_ds_qaoa_R14653_0002,/home/zhenyusen/MIP-quantum/data/miplib_benders/qaoa_problems/nvars_05/neos-4300652-rahue_ds_qaoa_R14653_0002.json,5,1,8,linear,32768,0.4316344049293548,0.4578248921316117,25.0,"[7, 0, 6, 0, 7]",172.17578125,175.171875,/home/zhenyusen/MIP-quantum/benchmark_qaoa_feasible.py --worker-problem /home/zhenyusen/MIP-quantum/data/miplib_benders/qaoa_problems/nvars_05/neos-4300652-rahue_ds_qaoa_R14653_0002.json --worker-result /tmp/qaoa_feasible_88yr2cbq/result.json --p 1 --maxiter 5 --seed 42 --circuit-type multi_beta
qaoa_feasible_benchmark_a100_20260721_162713_cvIP_qaoa_first_feasible.csv,2026-07-21T16:30:13+0800,32090,neos-4413714-turia_ds_qaoa_R0951_0001,/home/zhenyusen/MIP-quantum/data/miplib_benders/qaoa_problems/nvars_05/neos-4413714-turia_ds_qaoa_R0951_0001.json,5,1,8,linear,32768,0.00023951195180416107,0.025903064059093595,5.0,"[0, 0, 0, 0, 1]",172.0546875,175.05078125,/home/zhenyusen/MIP-quantum/benchmark_qaoa_feasible.py --worker-problem /home/zhenyusen/MIP-quantum/data/miplib_benders/qaoa_problems/nvars_05/neos-4413714-turia_ds_qaoa_R0951_0001.json --worker-result /tmp/qaoa_feasible_u40_xzdx/result.json --p 1 --maxiter 5 --seed 42 --circuit-type multi_beta
qaoa_feasible_benchmark_a100_20260721_162713_cvIP_qaoa_first_feasible.csv,2026-07-21T16:30:15+0800,32228,neos-4647030-tutaki_ds_qaoa_R7864_0001,/home/zhenyusen/MIP-quantum/data/miplib_benders/qaoa_problems/nvars_05/neos-4647030-tutaki_ds_qaoa_R7864_0001.json,5,1,8,linear,32768,0.00023921113461256027,0.02550606313161552,0.0,"[0, 0, 0, 0, 1]",172.0546875,175.05078125,/home/zhenyusen/MIP-quantum/benchmark_qaoa_feasible.py --worker-problem /home/zhenyusen/MIP-quantum/data/miplib_benders/qaoa_problems/nvars_05/neos-4647030-tutaki_ds_qaoa_R7864_0001.json --worker-result /tmp/qaoa_feasible_ym1sln9w/result.json --p 1 --maxiter 5 --seed 42 --circuit-type multi_beta
qaoa_feasible_benchmark_a100_20260721_162713_cvIP_qaoa_first_feasible.csv,2026-07-21T16:30:17+0800,32421,neos-827175_ds_qaoa_R0004_0001,/home/zhenyusen/MIP-quantum/data/miplib_benders/qaoa_problems/nvars_05/neos-827175_ds_qaoa_R0004_0001.json,5,1,8,linear,32768,0.4003616450354457,0.4232880568597466,27.0,"[6, 7, 7, 7, 0]",169.28125,172.0,/home/zhenyusen/MIP-quantum/benchmark_qaoa_feasible.py --worker-problem /home/zhenyusen/MIP-quantum/data/miplib_benders/qaoa_problems/nvars_05/neos-827175_ds_qaoa_R0004_0001.json --worker-result /tmp/qaoa_feasible_lz8kxcpp/result.json --p 1 --maxiter 5 --seed 42 --circuit-type multi_beta
qaoa_feasible_benchmark_a100_20260721_162713_cvIP_qaoa_first_feasible.csv,2026-07-21T16:30:18+0800,32588,neos8_ds_qaoa_R0001_0001,/home/zhenyusen/MIP-quantum/data/miplib_benders/qaoa_problems/nvars_05/neos8_ds_qaoa_R0001_0001.json,5,1,8,linear,32768,0.0002286951057612896,0.02522155293263495,0.0,"[0, 0, 0, 0, 1]",172.171875,175.16796875,/home/zhenyusen/MIP-quantum/benchmark_qaoa_feasible.py --worker-problem /home/zhenyusen/MIP-quantum/data/miplib_benders/qaoa_problems/nvars_05/neos8_ds_qaoa_R0001_0001.json --worker-result /tmp/qaoa_feasible_k0ln8m5w/result.json --p 1 --maxiter 5 --seed 42 --circuit-type multi_beta
qaoa_feasible_benchmark_a100_20260721_162713_cvIP_qaoa_first_feasible.csv,2026-07-21T16:30:19+0800,32724,neos8_ds_qaoa_R0001_0002,/home/zhenyusen/MIP-quantum/data/miplib_benders/qaoa_problems/nvars_05/neos8_ds_qaoa_R0001_0002.json,5,1,8,linear,32768,0.00023240107111632824,0.02438034093938768,0.0,"[0, 0, 0, 0, 1]",170.16796875,173.1640625,/home/zhenyusen/MIP-quantum/benchmark_qaoa_feasible.py --worker-problem /home/zhenyusen/MIP-quantum/data/miplib_benders/qaoa_problems/nvars_05/neos8_ds_qaoa_R0001_0002.json --worker-result /tmp/qaoa_feasible_f8k44juz/result.json --p 1 --maxiter 5 --seed 42 --circuit-type multi_beta
qaoa_feasible_benchmark_a100_20260721_162713_cvIP_qaoa_first_feasible.csv,2026-07-21T16:30:21+0800,32914,neos8_ds_qaoa_R0001_0003,/home/zhenyusen/MIP-quantum/data/miplib_benders/qaoa_problems/nvars_05/neos8_ds_qaoa_R0001_0003.json,5,1,8,linear,32768,0.00023813010193407536,0.024594204034656286,0.0,"[0, 0, 0, 0, 1]",172.04296875,175.0390625,/home/zhenyusen/MIP-quantum/benchmark_qaoa_feasible.py --worker-problem /home/zhenyusen/MIP-quantum/data/miplib_benders/qaoa_problems/nvars_05/neos8_ds_qaoa_R0001_0003.json --worker-result /tmp/qaoa_feasible_1xopheai/result.json --p 1 --maxiter 5 --seed 42 --circuit-type multi_beta
qaoa_feasible_benchmark_a100_20260721_162713_cvIP_qaoa_first_feasible.csv,2026-07-21T16:30:22+0800,33068,neos8_ds_qaoa_R0001_0004,/home/zhenyusen/MIP-quantum/data/miplib_benders/qaoa_problems/nvars_05/neos8_ds_qaoa_R0001_0004.json,5,1,8,linear,32768,0.00022896705195307732,0.024307620944455266,0.0,"[0, 0, 0, 0, 1]",172.15625,175.15234375,/home/zhenyusen/MIP-quantum/benchmark_qaoa_feasible.py --worker-problem /home/zhenyusen/MIP-quantum/data/miplib_benders/qaoa_problems/nvars_05/neos8_ds_qaoa_R0001_0004.json --worker-result /tmp/qaoa_feasible_xd76_nym/result.json --p 1 --maxiter 5 --seed 42 --circuit-type multi_beta
qaoa_feasible_benchmark_a100_20260721_162713_cvIP_qaoa_first_feasible.csv,2026-07-21T16:30:24+0800,33253,neos8_ds_qaoa_R0001_0005,/home/zhenyusen/MIP-quantum/data/miplib_benders/qaoa_problems/nvars_05/neos8_ds_qaoa_R0001_0005.json,5,1,8,linear,32768,0.00023074890486896038,0.025250036967918277,0.0,"[0, 0, 0, 0, 1]",172.0703125,175.06640625,/home/zhenyusen/MIP-quantum/benchmark_qaoa_feasible.py --worker-problem /home/zhenyusen/MIP-quantum/data/miplib_benders/qaoa_problems/nvars_05/neos8_ds_qaoa_R0001_0005.json --worker-result /tmp/qaoa_feasible_bal9l9lj/result.json --p 1 --maxiter 5 --seed 42 --circuit-type multi_beta
qaoa_feasible_benchmark_a100_20260721_162713_cvIP_qaoa_first_feasible.csv,2026-07-21T16:30:25+0800,33406,neos8_ds_qaoa_R0001_0006,/home/zhenyusen/MIP-quantum/data/miplib_benders/qaoa_problems/nvars_05/neos8_ds_qaoa_R0001_0006.json,5,1,8,linear,32768,0.00024350802414119244,0.024997524917125702,0.0,"[0, 0, 0, 0, 1]",172.1484375,175.14453125,/home/zhenyusen/MIP-quantum/benchmark_qaoa_feasible.py --worker-problem /home/zhenyusen/MIP-quantum/data/miplib_benders/qaoa_problems/nvars_05/neos8_ds_qaoa_R0001_0006.json --worker-result /tmp/qaoa_feasible_071tric0/result.json --p 1 --maxiter 5 --seed 42 --circuit-type multi_beta
qaoa_feasible_benchmark_a100_20260721_162713_cvIP_qaoa_first_feasible.csv,2026-07-21T16:30:27+0800,33595,neos8_ds_qaoa_R0001_0007,/home/zhenyusen/MIP-quantum/data/miplib_benders/qaoa_problems/nvars_05/neos8_ds_qaoa_R0001_0007.json,5,1,8,linear,32768,0.0002711999695748091,0.023424607003107667,0.0,"[0, 0, 0, 0, 1]",168.11328125,171.109375,/home/zhenyusen/MIP-quantum/benchmark_qaoa_feasible.py --worker-problem /home/zhenyusen/MIP-quantum/data/miplib_benders/qaoa_problems/nvars_05/neos8_ds_qaoa_R0001_0007.json --worker-result /tmp/qaoa_feasible_mhrbluga/result.json --p 1 --maxiter 5 --seed 42 --circuit-type multi_beta
qaoa_feasible_benchmark_a100_20260721_162713_cvIP_qaoa_first_feasible.csv,2026-07-21T16:30:28+0800,33744,neos8_ds_qaoa_R0002_0002,/home/zhenyusen/MIP-quantum/data/miplib_benders/qaoa_problems/nvars_05/neos8_ds_qaoa_R0002_0002.json,5,1,8,linear,32768,0.00022904598154127598,0.024918606039136648,0.0,"[0, 0, 0, 0, 1]",172.0625,175.05859375,/home/zhenyusen/MIP-quantum/benchmark_qaoa_feasible.py --worker-problem /home/zhenyusen/MIP-quantum/data/miplib_benders/qaoa_problems/nvars_05/neos8_ds_qaoa_R0002_0002.json --worker-result /tmp/qaoa_feasible_2_28tibd/result.json --p 1 --maxiter 5 --seed 42 --circuit-type multi_beta
qaoa_feasible_benchmark_a100_20260721_162713_cvIP_qaoa_first_feasible.csv,2026-07-21T16:30:29+0800,33905,neos8_ds_qaoa_R0002_0003,/home/zhenyusen/MIP-quantum/data/miplib_benders/qaoa_problems/nvars_05/neos8_ds_qaoa_R0002_0003.json,5,1,8,linear,32768,0.00024362909607589245,0.02540016290731728,0.0,"[0, 0, 0, 0, 1]",172.0546875,175.05078125,/home/zhenyusen/MIP-quantum/benchmark_qaoa_feasible.py --worker-problem /home/zhenyusen/MIP-quantum/data/miplib_benders/qaoa_problems/nvars_05/neos8_ds_qaoa_R0002_0003.json --worker-result /tmp/qaoa_feasible_y3i5qu2_/result.json --p 1 --maxiter 5 --seed 42 --circuit-type multi_beta
qaoa_feasible_benchmark_a100_20260721_162713_cvIP_qaoa_first_feasible.csv,2026-07-21T16:30:31+0800,34067,neos8_ds_qaoa_R0002_0004,/home/zhenyusen/MIP-quantum/data/miplib_benders/qaoa_problems/nvars_05/neos8_ds_qaoa_R0002_0004.json,5,1,8,linear,32768,0.0002479748800396919,0.025388805894181132,0.0,"[0, 0, 0, 0, 1]",172.0546875,175.05078125,/home/zhenyusen/MIP-quantum/benchmark_qaoa_feasible.py --worker-problem /home/zhenyusen/MIP-quantum/data/miplib_benders/qaoa_problems/nvars_05/neos8_ds_qaoa_R0002_0004.json --worker-result /tmp/qaoa_feasible_526r7z9d/result.json --p 1 --maxiter 5 --seed 42 --circuit-type multi_beta
qaoa_feasible_benchmark_a100_20260721_162713_cvIP_qaoa_first_feasible.csv,2026-07-21T16:30:32+0800,34237,neos8_ds_qaoa_R0002_0005,/home/zhenyusen/MIP-quantum/data/miplib_benders/qaoa_problems/nvars_05/neos8_ds_qaoa_R0002_0005.json,5,1,8,linear,32768,0.00022643199190497398,0.02403247612528503,0.0,"[0, 0, 0, 0, 1]",169.8984375,172.0,/home/zhenyusen/MIP-quantum/benchmark_qaoa_feasible.py --worker-problem /home/zhenyusen/MIP-quantum/data/miplib_benders/qaoa_problems/nvars_05/neos8_ds_qaoa_R0002_0005.json --worker-result /tmp/qaoa_feasible_4a1yj65a/result.json --p 1 --maxiter 5 --seed 42 --circuit-type multi_beta
qaoa_feasible_benchmark_a100_20260721_162713_cvIP_qaoa_first_feasible.csv,2026-07-21T16:30:34+0800,34438,neos8_ds_qaoa_R0002_0006,/home/zhenyusen/MIP-quantum/data/miplib_benders/qaoa_problems/nvars_05/neos8_ds_qaoa_R0002_0006.json,5,1,8,linear,32768,0.0002320408821105957,0.02536288695409894,0.0,"[0, 0, 0, 0, 1]",172.06640625,175.0625,/home/zhenyusen/MIP-quantum/benchmark_qaoa_feasible.py --worker-problem /home/zhenyusen/MIP-quantum/data/miplib_benders/qaoa_problems/nvars_05/neos8_ds_qaoa_R0002_0006.json --worker-result /tmp/qaoa_feasible_wg8n7hs7/result.json --p 1 --maxiter 5 --seed 42 --circuit-type multi_beta
qaoa_feasible_benchmark_a100_20260721_162713_cvIP_qaoa_first_feasible.csv,2026-07-21T16:30:35+0800,34597,neos8_ds_qaoa_R0002_0007,/home/zhenyusen/MIP-quantum/data/miplib_benders/qaoa_problems/nvars_05/neos8_ds_qaoa_R0002_0007.json,5,1,8,linear,32768,0.0002352660521864891,0.025183976162225008,0.0,"[0, 0, 0, 0, 1]",172.06640625,175.0625,/home/zhenyusen/MIP-quantum/benchmark_qaoa_feasible.py --worker-problem /home/zhenyusen/MIP-quantum/data/miplib_benders/qaoa_problems/nvars_05/neos8_ds_qaoa_R0002_0007.json --worker-result /tmp/qaoa_feasible_8ijp9s7_/result.json --p 1 --maxiter 5 --seed 42 --circuit-type multi_beta
qaoa_feasible_benchmark_a100_20260721_162713_cvIP_qaoa_first_feasible.csv,2026-07-21T16:30:37+0800,34788,neos8_ds_qaoa_R0003_0001,/home/zhenyusen/MIP-quantum/data/miplib_benders/qaoa_problems/nvars_05/neos8_ds_qaoa_R0003_0001.json,5,1,8,linear,32768,0.00024492107331752777,0.0241078888066113,0.0,"[0, 0, 0, 0, 1]",172.0390625,175.03515625,/home/zhenyusen/MIP-quantum/benchmark_qaoa_feasible.py --worker-problem /home/zhenyusen/MIP-quantum/data/miplib_benders/qaoa_problems/nvars_05/neos8_ds_qaoa_R0003_0001.json --worker-result /tmp/qaoa_feasible_qso_c7dt/result.json --p 1 --maxiter 5 --seed 42 --circuit-type multi_beta
qaoa_feasible_benchmark_a100_20260721_162713_cvIP_qaoa_first_feasible.csv,2026-07-21T16:30:38+0800,34937,neos8_ds_qaoa_R0003_0002,/home/zhenyusen/MIP-quantum/data/miplib_benders/qaoa_problems/nvars_05/neos8_ds_qaoa_R0003_0002.json,5,1,8,linear,32768,0.00023772893473505974,0.024141591042280197,0.0,"[0, 0, 0, 0, 1]",172.17578125,175.171875,/home/zhenyusen/MIP-quantum/benchmark_qaoa_feasible.py --worker-problem /home/zhenyusen/MIP-quantum/data/miplib_benders/qaoa_problems/nvars_05/neos8_ds_qaoa_R0003_0002.json --worker-result /tmp/qaoa_feasible_5jl39o4m/result.json --p 1 --maxiter 5 --seed 42 --circuit-type multi_beta
qaoa_feasible_benchmark_a100_20260721_162713_cvIP_qaoa_first_feasible.csv,2026-07-21T16:30:39+0800,35099,neos8_ds_qaoa_R0003_0003,/home/zhenyusen/MIP-quantum/data/miplib_benders/qaoa_problems/nvars_05/neos8_ds_qaoa_R0003_0003.json,5,1,8,linear,32768,0.00025525595992803574,0.025356057099997997,0.0,"[0, 0, 0, 0, 1]",172.0546875,175.05078125,/home/zhenyusen/MIP-quantum/benchmark_qaoa_feasible.py --worker-problem /home/zhenyusen/MIP-quantum/data/miplib_benders/qaoa_problems/nvars_05/neos8_ds_qaoa_R0003_0003.json --worker-result /tmp/qaoa_feasible_2dkcne92/result.json --p 1 --maxiter 5 --seed 42 --circuit-type multi_beta
qaoa_feasible_benchmark_a100_20260721_162713_cvIP_qaoa_first_feasible.csv,2026-07-21T16:30:41+0800,35258,neos8_ds_qaoa_R0004_0001,/home/zhenyusen/MIP-quantum/data/miplib_benders/qaoa_problems/nvars_05/neos8_ds_qaoa_R0004_0001.json,5,1,8,linear,32768,0.0002309400588274002,0.025057654827833176,0.0,"[0, 0, 0, 0, 1]",172.05078125,175.046875,/home/zhenyusen/MIP-quantum/benchmark_qaoa_feasible.py --worker-problem /home/zhenyusen/MIP-quantum/data/miplib_benders/qaoa_problems/nvars_05/neos8_ds_qaoa_R0004_0001.json --worker-result /tmp/qaoa_feasible_xyfkvlja/result.json --p 1 --maxiter 5 --seed 42 --circuit-type multi_beta
qaoa_feasible_benchmark_a100_20260721_162713_cvIP_qaoa_first_feasible.csv,2026-07-21T16:30:42+0800,35441,neos8_ds_qaoa_R0004_0002,/home/zhenyusen/MIP-quantum/data/miplib_benders/qaoa_problems/nvars_05/neos8_ds_qaoa_R0004_0002.json,5,1,8,linear,32768,0.00025405408814549446,0.025092888856306672,0.0,"[0, 0, 0, 0, 1]",172.14453125,175.140625,/home/zhenyusen/MIP-quantum/benchmark_qaoa_feasible.py --worker-problem /home/zhenyusen/MIP-quantum/data/miplib_benders/qaoa_problems/nvars_05/neos8_ds_qaoa_R0004_0002.json --worker-result /tmp/qaoa_feasible_x9jjs933/result.json --p 1 --maxiter 5 --seed 42 --circuit-type multi_beta
qaoa_feasible_benchmark_a100_20260721_162713_cvIP_qaoa_first_feasible.csv,2026-07-21T16:30:44+0800,35622,neos8_ds_qaoa_R0004_0003,/home/zhenyusen/MIP-quantum/data/miplib_benders/qaoa_problems/nvars_05/neos8_ds_qaoa_R0004_0003.json,5,1,8,linear,32768,0.0002340739592909813,0.024874549126252532,0.0,"[0, 0, 0, 0, 1]",172.1640625,175.16015625,/home/zhenyusen/MIP-quantum/benchmark_qaoa_feasible.py --worker-problem /home/zhenyusen/MIP-quantum/data/miplib_benders/qaoa_problems/nvars_05/neos8_ds_qaoa_R0004_0003.json --worker-result /tmp/qaoa_feasible_whwco_3x/result.json --p 1 --maxiter 5 --seed 42 --circuit-type multi_beta
qaoa_feasible_benchmark_a100_20260721_162713_cvIP_qaoa_first_feasible.csv,2026-07-21T16:30:45+0800,35797,neos8_ds_qaoa_R0004_0004,/home/zhenyusen/MIP-quantum/data/miplib_benders/qaoa_problems/nvars_05/neos8_ds_qaoa_R0004_0004.json,5,1,8,linear,32768,0.0002375589683651924,0.02430706098675728,0.0,"[0, 0, 0, 0, 1]",172.05859375,175.0546875,/home/zhenyusen/MIP-quantum/benchmark_qaoa_feasible.py --worker-problem /home/zhenyusen/MIP-quantum/data/miplib_benders/qaoa_problems/nvars_05/neos8_ds_qaoa_R0004_0004.json --worker-result /tmp/qaoa_feasible_e036gzc_/result.json --p 1 --maxiter 5 --seed 42 --circuit-type multi_beta
qaoa_feasible_benchmark_a100_20260721_162713_cvIP_qaoa_first_feasible.csv,2026-07-21T16:30:47+0800,36002,neos8_ds_qaoa_R0004_0005,/home/zhenyusen/MIP-quantum/data/miplib_benders/qaoa_problems/nvars_05/neos8_ds_qaoa_R0004_0005.json,5,1,8,linear,32768,0.00023190095089375973,0.02397550013847649,0.0,"[0, 0, 0, 0, 1]",172.0546875,175.05078125,/home/zhenyusen/MIP-quantum/benchmark_qaoa_feasible.py --worker-problem /home/zhenyusen/MIP-quantum/data/miplib_benders/qaoa_problems/nvars_05/neos8_ds_qaoa_R0004_0005.json --worker-result /tmp/qaoa_feasible_ozkbsj27/result.json --p 1 --maxiter 5 --seed 42 --circuit-type multi_beta
qaoa_feasible_benchmark_a100_20260721_162713_cvIP_qaoa_first_feasible.csv,2026-07-21T16:30:48+0800,36138,neos8_ds_qaoa_R0004_0006,/home/zhenyusen/MIP-quantum/data/miplib_benders/qaoa_problems/nvars_05/neos8_ds_qaoa_R0004_0006.json,5,1,8,linear,32768,0.00023313285782933235,0.02541960310190916,0.0,"[0, 0, 0, 0, 1]",172.046875,175.04296875,/home/zhenyusen/MIP-quantum/benchmark_qaoa_feasible.py --worker-problem /home/zhenyusen/MIP-quantum/data/miplib_benders/qaoa_problems/nvars_05/neos8_ds_qaoa_R0004_0006.json --worker-result /tmp/qaoa_feasible_3f9ri88u/result.json --p 1 --maxiter 5 --seed 42 --circuit-type multi_beta
qaoa_feasible_benchmark_a100_20260721_162713_cvIP_qaoa_first_feasible.csv,2026-07-21T16:30:50+0800,36322,ns1830653_ds_qaoa_R0880_0001,/home/zhenyusen/MIP-quantum/data/miplib_benders/qaoa_problems/nvars_05/ns1830653_ds_qaoa_R0880_0001.json,5,1,8,linear,32768,0.00023125018924474716,0.025625284062698483,224.0,"[0, 0, 0, 0, 1]",172.05859375,175.0546875,/home/zhenyusen/MIP-quantum/benchmark_qaoa_feasible.py --worker-problem /home/zhenyusen/MIP-quantum/data/miplib_benders/qaoa_problems/nvars_05/ns1830653_ds_qaoa_R0880_0001.json --worker-result /tmp/qaoa_feasible_vpc066hg/result.json --p 1 --maxiter 5 --seed 42 --circuit-type multi_beta
qaoa_feasible_benchmark_a100_20260721_162713_cvIP_qaoa_first_feasible.csv,2026-07-21T16:30:51+0800,36481,ns1830653_ds_qaoa_R0880_0002,/home/zhenyusen/MIP-quantum/data/miplib_benders/qaoa_problems/nvars_05/ns1830653_ds_qaoa_R0880_0002.json,5,1,8,linear,32768,0.0002784209791570902,0.024185596965253353,127.0,"[0, 0, 0, 0, 1]",169.16015625,172.0,/home/zhenyusen/MIP-quantum/benchmark_qaoa_feasible.py --worker-problem /home/zhenyusen/MIP-quantum/data/miplib_benders/qaoa_problems/nvars_05/ns1830653_ds_qaoa_R0880_0002.json --worker-result /tmp/qaoa_feasible_i3o10nvl/result.json --p 1 --maxiter 5 --seed 42 --circuit-type multi_beta
qaoa_feasible_benchmark_a100_20260721_162713_cvIP_qaoa_first_feasible.csv,2026-07-21T16:30:53+0800,36651,ns1830653_ds_qaoa_R0898_0001,/home/zhenyusen/MIP-quantum/data/miplib_benders/qaoa_problems/nvars_05/ns1830653_ds_qaoa_R0898_0001.json,5,1,8,linear,32768,0.00023449514992535114,0.025565203046426177,148.0,"[0, 0, 0, 0, 1]",172.05078125,175.046875,/home/zhenyusen/MIP-quantum/benchmark_qaoa_feasible.py --worker-problem /home/zhenyusen/MIP-quantum/data/miplib_benders/qaoa_problems/nvars_05/ns1830653_ds_qaoa_R0898_0001.json --worker-result /tmp/qaoa_feasible_m8b4fxrd/result.json --p 1 --maxiter 5 --seed 42 --circuit-type multi_beta
qaoa_feasible_benchmark_a100_20260721_162713_cvIP_qaoa_first_feasible.csv,2026-07-21T16:30:54+0800,36820,ns1830653_ds_qaoa_R0898_0002,/home/zhenyusen/MIP-quantum/data/miplib_benders/qaoa_problems/nvars_05/ns1830653_ds_qaoa_R0898_0002.json,5,1,8,linear,32768,0.00029700901359319687,0.023742448072880507,264.0,"[0, 0, 0, 0, 1]",168.90234375,171.8984375,/home/zhenyusen/MIP-quantum/benchmark_qaoa_feasible.py --worker-problem /home/zhenyusen/MIP-quantum/data/miplib_benders/qaoa_problems/nvars_05/ns1830653_ds_qaoa_R0898_0002.json --worker-result /tmp/qaoa_feasible_d_e94h5q/result.json --p 1 --maxiter 5 --seed 42 --circuit-type multi_beta
qaoa_feasible_benchmark_a100_20260721_162713_cvIP_qaoa_first_feasible.csv,2026-07-21T16:30:56+0800,36989,ns1830653_ds_qaoa_R0898_0003,/home/zhenyusen/MIP-quantum/data/miplib_benders/qaoa_problems/nvars_05/ns1830653_ds_qaoa_R0898_0003.json,5,1,8,linear,32768,0.0002308799885213375,0.024916271911934018,224.0,"[0, 0, 0, 0, 1]",172.078125,175.07421875,/home/zhenyusen/MIP-quantum/benchmark_qaoa_feasible.py --worker-problem /home/zhenyusen/MIP-quantum/data/miplib_benders/qaoa_problems/nvars_05/ns1830653_ds_qaoa_R0898_0003.json --worker-result /tmp/qaoa_feasible_9ocwc8ra/result.json --p 1 --maxiter 5 --seed 42 --circuit-type multi_beta
qaoa_feasible_benchmark_a100_20260721_162713_cvIP_qaoa_first_feasible.csv,2026-07-21T16:30:57+0800,37246,ns1830653_ds_qaoa_R0898_0004,/home/zhenyusen/MIP-quantum/data/miplib_benders/qaoa_problems/nvars_05/ns1830653_ds_qaoa_R0898_0004.json,5,1,8,linear,32768,0.00023513520136475563,0.02474354114383459,58.0,"[0, 0, 0, 0, 1]",170.0625,173.05859375,/home/zhenyusen/MIP-quantum/benchmark_qaoa_feasible.py --worker-problem /home/zhenyusen/MIP-quantum/data/miplib_benders/qaoa_problems/nvars_05/ns1830653_ds_qaoa_R0898_0004.json --worker-result /tmp/qaoa_feasible_qlu47lz0/result.json --p 1 --maxiter 5 --seed 42 --circuit-type multi_beta
qaoa_feasible_benchmark_a100_20260721_162713_cvIP_qaoa_first_feasible.csv,2026-07-21T16:30:58+0800,37407,satellites2-60-fs_ds_qaoa_R13541_0001,/home/zhenyusen/MIP-quantum/data/miplib_benders/qaoa_problems/nvars_05/satellites2-60-fs_ds_qaoa_R13541_0001.json,5,1,8,linear,32768,0.00022762385196983814,0.02476501394994557,0.0,"[0, 0, 0, 0, 1]",172.05859375,175.0546875,/home/zhenyusen/MIP-quantum/benchmark_qaoa_feasible.py --worker-problem /home/zhenyusen/MIP-quantum/data/miplib_benders/qaoa_problems/nvars_05/satellites2-60-fs_ds_qaoa_R13541_0001.json --worker-result /tmp/qaoa_feasible_uaujwhj3/result.json --p 1 --maxiter 5 --seed 42 --circuit-type multi_beta
qaoa_feasible_benchmark_a100_20260721_162713_cvIP_qaoa_first_feasible.csv,2026-07-21T16:31:00+0800,37560,supportcase6_ds_qaoa_c539_c722_0010,/home/zhenyusen/MIP-quantum/data/miplib_benders/qaoa_problems/nvars_05/supportcase6_ds_qaoa_c539_c722_0010.json,5,2,8,linear,32768,0.010031868005171418,0.031049024080857635,151847000.0,"[0, 1, 0, 0, 0]",172.0,172.0,/home/zhenyusen/MIP-quantum/benchmark_qaoa_feasible.py --worker-problem /home/zhenyusen/MIP-quantum/data/miplib_benders/qaoa_problems/nvars_05/supportcase6_ds_qaoa_c539_c722_0010.json --worker-result /tmp/qaoa_feasible_kxrk44zv/result.json --p 1 --maxiter 5 --seed 42 --circuit-type multi_beta
qaoa_feasible_benchmark_a100_20260721_162713_cvIP_qaoa_first_feasible.csv,2026-07-21T16:31:01+0800,37742,supportcase6_ds_qaoa_c722_0001,/home/zhenyusen/MIP-quantum/data/miplib_benders/qaoa_problems/nvars_05/supportcase6_ds_qaoa_c722_0001.json,5,1,8,linear,32768,0.00022709299810230732,0.024672955041751266,144887000.0,"[0, 0, 0, 0, 1]",170.0625,173.05859375,/home/zhenyusen/MIP-quantum/benchmark_qaoa_feasible.py --worker-problem /home/zhenyusen/MIP-quantum/data/miplib_benders/qaoa_problems/nvars_05/supportcase6_ds_qaoa_c722_0001.json --worker-result /tmp/qaoa_feasible_p9jcumx3/result.json --p 1 --maxiter 5 --seed 42 --circuit-type multi_beta
qaoa_feasible_benchmark_a100_20260721_162713_cvIP_qaoa_first_feasible.csv,2026-07-21T16:31:03+0800,38063,supportcase6_ds_qaoa_c722_0002,/home/zhenyusen/MIP-quantum/data/miplib_benders/qaoa_problems/nvars_05/supportcase6_ds_qaoa_c722_0002.json,5,1,8,linear,32768,0.00025648786686360836,0.02557652094401419,151847000.0,"[0, 0, 0, 0, 1]",172.0625,175.05859375,/home/zhenyusen/MIP-quantum/benchmark_qaoa_feasible.py --worker-problem /home/zhenyusen/MIP-quantum/data/miplib_benders/qaoa_problems/nvars_05/supportcase6_ds_qaoa_c722_0002.json --worker-result /tmp/qaoa_feasible_l0ak7l42/result.json --p 1 --maxiter 5 --seed 42 --circuit-type multi_beta
qaoa_feasible_benchmark_a100_20260721_162713_cvIP_qaoa_first_feasible.csv,2026-07-21T16:31:04+0800,38229,supportcase6_ds_qaoa_c722_0003,/home/zhenyusen/MIP-quantum/data/miplib_benders/qaoa_problems/nvars_05/supportcase6_ds_qaoa_c722_0003.json,5,1,8,linear,32768,0.00023519480600953102,0.024573845090344548,150892000.0,"[0, 0, 0, 0, 1]",172.0546875,175.05078125,/home/zhenyusen/MIP-quantum/benchmark_qaoa_feasible.py --worker-problem /home/zhenyusen/MIP-quantum/data/miplib_benders/qaoa_problems/nvars_05/supportcase6_ds_qaoa_c722_0003.json --worker-result /tmp/qaoa_feasible_k50qoig9/result.json --p 1 --maxiter 5 --seed 42 --circuit-type multi_beta
qaoa_feasible_benchmark_a100_20260721_162713_cvIP_qaoa_first_feasible.csv,2026-07-21T16:31:06+0800,38400,supportcase6_ds_qaoa_c722_0004,/home/zhenyusen/MIP-quantum/data/miplib_benders/qaoa_problems/nvars_05/supportcase6_ds_qaoa_c722_0004.json,5,1,8,linear,32768,0.00025061890482902527,0.025651945034042,134333000.0,"[0, 0, 0, 0, 1]",172.05859375,175.0546875,/home/zhenyusen/MIP-quantum/benchmark_qaoa_feasible.py --worker-problem /home/zhenyusen/MIP-quantum/data/miplib_benders/qaoa_problems/nvars_05/supportcase6_ds_qaoa_c722_0004.json --worker-result /tmp/qaoa_feasible_x9gcsl78/result.json --p 1 --maxiter 5 --seed 42 --circuit-type multi_beta
qaoa_feasible_benchmark_a100_20260721_162713_cvIP_qaoa_first_feasible.csv,2026-07-21T16:31:07+0800,38625,supportcase6_ds_qaoa_c722_0005,/home/zhenyusen/MIP-quantum/data/miplib_benders/qaoa_problems/nvars_05/supportcase6_ds_qaoa_c722_0005.json,5,1,8,linear,32768,0.00025974283926188946,0.026023776968941092,145944000.0,"[0, 0, 0, 0, 1]",168.59375,171.58984375,/home/zhenyusen/MIP-quantum/benchmark_qaoa_feasible.py --worker-problem /home/zhenyusen/MIP-quantum/data/miplib_benders/qaoa_problems/nvars_05/supportcase6_ds_qaoa_c722_0005.json --worker-result /tmp/qaoa_feasible_hqy710b7/result.json --p 1 --maxiter 5 --seed 42 --circuit-type multi_beta
qaoa_feasible_benchmark_a100_20260721_162713_cvIP_qaoa_first_feasible.csv,2026-07-21T16:31:08+0800,38790,supportcase6_ds_qaoa_c722_c726_0001,/home/zhenyusen/MIP-quantum/data/miplib_benders/qaoa_problems/nvars_05/supportcase6_ds_qaoa_c722_c726_0001.json,5,2,8,linear,32768,0.0003880159929394722,0.0220737149938941,145944000.0,"[0, 0, 0, 1, 0]",170.0,170.0,/home/zhenyusen/MIP-quantum/benchmark_qaoa_feasible.py --worker-problem /home/zhenyusen/MIP-quantum/data/miplib_benders/qaoa_problems/nvars_05/supportcase6_ds_qaoa_c722_c726_0001.json --worker-result /tmp/qaoa_feasible_hdrr9xnl/result.json --p 1 --maxiter 5 --seed 42 --circuit-type multi_beta
qaoa_feasible_benchmark_a100_20260721_162713_cvIP_qaoa_first_feasible.csv,2026-07-21T16:31:10+0800,38947,supportcase6_ds_qaoa_c722_c726_0002,/home/zhenyusen/MIP-quantum/data/miplib_benders/qaoa_problems/nvars_05/supportcase6_ds_qaoa_c722_c726_0002.json,5,2,8,linear,32768,0.00022161519154906273,0.021097619086503983,151847000.0,"[0, 0, 0, 0, 1]",172.0,172.0,/home/zhenyusen/MIP-quantum/benchmark_qaoa_feasible.py --worker-problem /home/zhenyusen/MIP-quantum/data/miplib_benders/qaoa_problems/nvars_05/supportcase6_ds_qaoa_c722_c726_0002.json --worker-result /tmp/qaoa_feasible_8pjdnse8/result.json --p 1 --maxiter 5 --seed 42 --circuit-type multi_beta
qaoa_feasible_benchmark_a100_20260721_162713_cvIP_qaoa_first_feasible.csv,2026-07-21T16:31:11+0800,39123,supportcase6_ds_qaoa_c722_c726_0003,/home/zhenyusen/MIP-quantum/data/miplib_benders/qaoa_problems/nvars_05/supportcase6_ds_qaoa_c722_c726_0003.json,5,2,8,linear,32768,0.00023930193856358528,0.02117595705203712,150892000.0,"[0, 0, 0, 0, 1]",172.0,172.0,/home/zhenyusen/MIP-quantum/benchmark_qaoa_feasible.py --worker-problem /home/zhenyusen/MIP-quantum/data/miplib_benders/qaoa_problems/nvars_05/supportcase6_ds_qaoa_c722_c726_0003.json --worker-result /tmp/qaoa_feasible_hu828oo3/result.json --p 1 --maxiter 5 --seed 42 --circuit-type multi_beta
qaoa_feasible_benchmark_a100_20260721_162713_cvIP_qaoa_first_feasible.csv,2026-07-21T16:31:13+0800,39272,supportcase6_ds_qaoa_c722_c726_0004,/home/zhenyusen/MIP-quantum/data/miplib_benders/qaoa_problems/nvars_05/supportcase6_ds_qaoa_c722_c726_0004.json,5,2,8,linear,32768,0.00022681313566863537,0.021544345188885927,134333000.0,"[0, 0, 0, 0, 1]",172.0,172.0,/home/zhenyusen/MIP-quantum/benchmark_qaoa_feasible.py --worker-problem /home/zhenyusen/MIP-quantum/data/miplib_benders/qaoa_problems/nvars_05/supportcase6_ds_qaoa_c722_c726_0004.json --worker-result /tmp/qaoa_feasible_jz25ch3h/result.json --p 1 --maxiter 5 --seed 42 --circuit-type multi_beta
qaoa_feasible_benchmark_a100_20260721_162713_cvIP_qaoa_first_feasible.csv,2026-07-21T16:31:14+0800,39469,supportcase6_ds_qaoa_c722_c726_0005,/home/zhenyusen/MIP-quantum/data/miplib_benders/qaoa_problems/nvars_05/supportcase6_ds_qaoa_c722_c726_0005.json,5,2,8,linear,32768,0.00023359316401183605,0.021704747108742595,145944000.0,"[0, 0, 0, 0, 1]",172.0,172.0,/home/zhenyusen/MIP-quantum/benchmark_qaoa_feasible.py --worker-problem /home/zhenyusen/MIP-quantum/data/miplib_benders/qaoa_problems/nvars_05/supportcase6_ds_qaoa_c722_c726_0005.json --worker-result /tmp/qaoa_feasible_viqcqyde/result.json --p 1 --maxiter 5 --seed 42 --circuit-type multi_beta
qaoa_feasible_benchmark_a100_20260721_162713_cvIP_qaoa_first_feasible.csv,2026-07-21T16:31:16+0800,39630,supportcase6_ds_qaoa_c726_0001,/home/zhenyusen/MIP-quantum/data/miplib_benders/qaoa_problems/nvars_05/supportcase6_ds_qaoa_c726_0001.json,5,1,8,linear,32768,0.00023969309404492378,0.026035164017230272,151847000.0,"[0, 0, 0, 0, 1]",172.0390625,175.03515625,/home/zhenyusen/MIP-quantum/benchmark_qaoa_feasible.py --worker-problem /home/zhenyusen/MIP-quantum/data/miplib_benders/qaoa_problems/nvars_05/supportcase6_ds_qaoa_c726_0001.json --worker-result /tmp/qaoa_feasible_jr77omid/result.json --p 1 --maxiter 5 --seed 42 --circuit-type multi_beta
qaoa_feasible_benchmark_a100_20260721_162713_cvIP_qaoa_first_feasible.csv,2026-07-21T16:31:17+0800,39818,supportcase6_ds_qaoa_c726_0002,/home/zhenyusen/MIP-quantum/data/miplib_benders/qaoa_problems/nvars_05/supportcase6_ds_qaoa_c726_0002.json,5,1,8,linear,32768,0.0002272031269967556,0.025842684088274837,150892000.0,"[0, 0, 0, 0, 1]",172.04296875,175.0390625,/home/zhenyusen/MIP-quantum/benchmark_qaoa_feasible.py --worker-problem /home/zhenyusen/MIP-quantum/data/miplib_benders/qaoa_problems/nvars_05/supportcase6_ds_qaoa_c726_0002.json --worker-result /tmp/qaoa_feasible_rwunkgs8/result.json --p 1 --maxiter 5 --seed 42 --circuit-type multi_beta
qaoa_feasible_benchmark_a100_20260721_162713_cvIP_qaoa_first_feasible.csv,2026-07-21T16:31:19+0800,40010,supportcase6_ds_qaoa_c726_0003,/home/zhenyusen/MIP-quantum/data/miplib_benders/qaoa_problems/nvars_05/supportcase6_ds_qaoa_c726_0003.json,5,1,8,linear,32768,0.00023565697483718395,0.026127674849703908,134333000.0,"[0, 0, 0, 0, 1]",168.2109375,171.20703125,/home/zhenyusen/MIP-quantum/benchmark_qaoa_feasible.py --worker-problem /home/zhenyusen/MIP-quantum/data/miplib_benders/qaoa_problems/nvars_05/supportcase6_ds_qaoa_c726_0003.json --worker-result /tmp/qaoa_feasible_qwqwenst/result.json --p 1 --maxiter 5 --seed 42 --circuit-type multi_beta
qaoa_feasible_benchmark_a100_20260721_162713_cvIP_qaoa_first_feasible.csv,2026-07-21T16:31:20+0800,40169,supportcase6_ds_qaoa_c726_0004,/home/zhenyusen/MIP-quantum/data/miplib_benders/qaoa_problems/nvars_05/supportcase6_ds_qaoa_c726_0004.json,5,1,8,linear,32768,0.0002539341803640127,0.02512153284624219,145944000.0,"[0, 0, 0, 0, 1]",172.0546875,175.05078125,/home/zhenyusen/MIP-quantum/benchmark_qaoa_feasible.py --worker-problem /home/zhenyusen/MIP-quantum/data/miplib_benders/qaoa_problems/nvars_05/supportcase6_ds_qaoa_c726_0004.json --worker-result /tmp/qaoa_feasible_0z4z_hvc/result.json --p 1 --maxiter 5 --seed 42 --circuit-type multi_beta
qaoa_feasible_benchmark_a100_20260721_162713_cvIP_qaoa_first_feasible.csv,2026-07-21T16:31:21+0800,40366,supportcase6_ds_qaoa_c733_0001,/home/zhenyusen/MIP-quantum/data/miplib_benders/qaoa_problems/nvars_05/supportcase6_ds_qaoa_c733_0001.json,5,1,8,linear,32768,0.00023247208446264267,0.02558265090920031,134333000.0,"[0, 0, 0, 0, 1]",172.12109375,175.1171875,/home/zhenyusen/MIP-quantum/benchmark_qaoa_feasible.py --worker-problem /home/zhenyusen/MIP-quantum/data/miplib_benders/qaoa_problems/nvars_05/supportcase6_ds_qaoa_c733_0001.json --worker-result /tmp/qaoa_feasible_xdcgf93u/result.json --p 1 --maxiter 5 --seed 42 --circuit-type multi_beta
qaoa_feasible_benchmark_a100_20260721_162713_cvIP_qaoa_first_feasible.csv,2026-07-21T16:31:23+0800,40642,supportcase6_ds_qaoa_c733_c745_0002,/home/zhenyusen/MIP-quantum/data/miplib_benders/qaoa_problems/nvars_05/supportcase6_ds_qaoa_c733_c745_0002.json,5,2,8,linear,32768,0.0002300678752362728,0.021328208036720753,134333000.0,"[0, 0, 0, 0, 1]",172.0,172.0,/home/zhenyusen/MIP-quantum/benchmark_qaoa_feasible.py --worker-problem /home/zhenyusen/MIP-quantum/data/miplib_benders/qaoa_problems/nvars_05/supportcase6_ds_qaoa_c733_c745_0002.json --worker-result /tmp/qaoa_feasible_7riwy9e0/result.json --p 1 --maxiter 5 --seed 42 --circuit-type multi_beta
qaoa_feasible_benchmark_a100_20260721_162713_cvIP_qaoa_first_feasible.csv,2026-07-21T16:31:24+0800,40825,supportcase6_ds_qaoa_c733_c745_0004,/home/zhenyusen/MIP-quantum/data/miplib_benders/qaoa_problems/nvars_05/supportcase6_ds_qaoa_c733_c745_0004.json,5,2,8,linear,32768,0.0002220161259174347,0.021669765003025532,144887000.0,"[0, 0, 0, 0, 1]",172.0,172.0,/home/zhenyusen/MIP-quantum/benchmark_qaoa_feasible.py --worker-problem /home/zhenyusen/MIP-quantum/data/miplib_benders/qaoa_problems/nvars_05/supportcase6_ds_qaoa_c733_c745_0004.json --worker-result /tmp/qaoa_feasible_ss983kqk/result.json --p 1 --maxiter 5 --seed 42 --circuit-type multi_beta
qaoa_feasible_benchmark_a100_20260721_162713_cvIP_qaoa_first_feasible.csv,2026-07-21T16:31:26+0800,40994,supportcase6_ds_qaoa_c745_0001,/home/zhenyusen/MIP-quantum/data/miplib_benders/qaoa_problems/nvars_05/supportcase6_ds_qaoa_c745_0001.json,5,1,8,linear,32768,0.00022936612367630005,0.02554941992275417,150892000.0,"[0, 0, 0, 0, 1]",172.0546875,175.05078125,/home/zhenyusen/MIP-quantum/benchmark_qaoa_feasible.py --worker-problem /home/zhenyusen/MIP-quantum/data/miplib_benders/qaoa_problems/nvars_05/supportcase6_ds_qaoa_c745_0001.json --worker-result /tmp/qaoa_feasible_7bp69ikb/result.json --p 1 --maxiter 5 --seed 42 --circuit-type multi_beta
qaoa_feasible_benchmark_a100_20260721_162713_cvIP_qaoa_first_feasible.csv,2026-07-21T16:31:27+0800,41167,supportcase6_ds_qaoa_c745_0002,/home/zhenyusen/MIP-quantum/data/miplib_benders/qaoa_problems/nvars_05/supportcase6_ds_qaoa_c745_0002.json,5,1,8,linear,32768,0.00024507101625204086,0.025671645998954773,134333000.0,"[0, 0, 0, 0, 1]",172.0625,175.05859375,/home/zhenyusen/MIP-quantum/benchmark_qaoa_feasible.py --worker-problem /home/zhenyusen/MIP-quantum/data/miplib_benders/qaoa_problems/nvars_05/supportcase6_ds_qaoa_c745_0002.json --worker-result /tmp/qaoa_feasible_tanovjma/result.json --p 1 --maxiter 5 --seed 42 --circuit-type multi_beta
qaoa_feasible_benchmark_a100_20260721_162713_cvIP_qaoa_first_feasible.csv,2026-07-21T16:31:29+0800,41329,supportcase6_ds_qaoa_c745_0003,/home/zhenyusen/MIP-quantum/data/miplib_benders/qaoa_problems/nvars_05/supportcase6_ds_qaoa_c745_0003.json,5,1,8,linear,32768,0.00024656206369400024,0.025720349047333002,145944000.0,"[0, 0, 0, 0, 1]",170.0625,173.05859375,/home/zhenyusen/MIP-quantum/benchmark_qaoa_feasible.py --worker-problem /home/zhenyusen/MIP-quantum/data/miplib_benders/qaoa_problems/nvars_05/supportcase6_ds_qaoa_c745_0003.json --worker-result /tmp/qaoa_feasible_4cy2gl90/result.json --p 1 --maxiter 5 --seed 42 --circuit-type multi_beta
qaoa_feasible_benchmark_a100_20260721_162713_cvIP_qaoa_first_feasible.csv,2026-07-21T16:31:30+0800,41482,supportcase6_ds_qaoa_c745_0004,/home/zhenyusen/MIP-quantum/data/miplib_benders/qaoa_problems/nvars_05/supportcase6_ds_qaoa_c745_0004.json,5,1,8,linear,32768,0.0002415559720247984,0.025441376958042383,144887000.0,"[0, 0, 0, 0, 1]",172.05078125,175.046875,/home/zhenyusen/MIP-quantum/benchmark_qaoa_feasible.py --worker-problem /home/zhenyusen/MIP-quantum/data/miplib_benders/qaoa_problems/nvars_05/supportcase6_ds_qaoa_c745_0004.json --worker-result /tmp/qaoa_feasible_qmnlw6rm/result.json --p 1 --maxiter 5 --seed 42 --circuit-type multi_beta
qaoa_feasible_benchmark_a100_20260721_162713_cvIP_qaoa_first_feasible.csv,2026-07-21T16:31:31+0800,41657,supportcase6_ds_qaoa_c745_c747_0001,/home/zhenyusen/MIP-quantum/data/miplib_benders/qaoa_problems/nvars_05/supportcase6_ds_qaoa_c745_c747_0001.json,5,2,8,linear,32768,0.00023348303511738777,0.021546387812122703,144887000.0,"[0, 0, 0, 0, 1]",170.0,170.0,/home/zhenyusen/MIP-quantum/benchmark_qaoa_feasible.py --worker-problem /home/zhenyusen/MIP-quantum/data/miplib_benders/qaoa_problems/nvars_05/supportcase6_ds_qaoa_c745_c747_0001.json --worker-result /tmp/qaoa_feasible_589dt5t8/result.json --p 1 --maxiter 5 --seed 42 --circuit-type multi_beta
qaoa_feasible_benchmark_a100_20260721_162713_cvIP_qaoa_first_feasible.csv,2026-07-21T16:31:33+0800,41822,supportcase6_ds_qaoa_c745_c747_0002,/home/zhenyusen/MIP-quantum/data/miplib_benders/qaoa_problems/nvars_05/supportcase6_ds_qaoa_c745_c747_0002.json,5,2,8,linear,32768,0.0003637701738625765,0.021287195850163698,144887000.0,"[0, 0, 0, 1, 0]",172.0,172.0,/home/zhenyusen/MIP-quantum/benchmark_qaoa_feasible.py --worker-problem /home/zhenyusen/MIP-quantum/data/miplib_benders/qaoa_problems/nvars_05/supportcase6_ds_qaoa_c745_c747_0002.json --worker-result /tmp/qaoa_feasible_v9kk36sl/result.json --p 1 --maxiter 5 --seed 42 --circuit-type multi_beta
qaoa_feasible_benchmark_a100_20260721_162713_cvIP_qaoa_first_feasible.csv,2026-07-21T16:31:34+0800,41990,supportcase6_ds_qaoa_c745_c747_0003,/home/zhenyusen/MIP-quantum/data/miplib_benders/qaoa_problems/nvars_05/supportcase6_ds_qaoa_c745_c747_0003.json,5,2,8,linear,32768,0.00023992289789021015,0.021310572046786547,150892000.0,"[0, 0, 0, 0, 1]",168.0,168.0,/home/zhenyusen/MIP-quantum/benchmark_qaoa_feasible.py --worker-problem /home/zhenyusen/MIP-quantum/data/miplib_benders/qaoa_problems/nvars_05/supportcase6_ds_qaoa_c745_c747_0003.json --worker-result /tmp/qaoa_feasible_9lojpq50/result.json --p 1 --maxiter 5 --seed 42 --circuit-type multi_beta
qaoa_feasible_benchmark_a100_20260721_162713_cvIP_qaoa_first_feasible.csv,2026-07-21T16:31:36+0800,42176,supportcase6_ds_qaoa_c745_c747_0004,/home/zhenyusen/MIP-quantum/data/miplib_benders/qaoa_problems/nvars_05/supportcase6_ds_qaoa_c745_c747_0004.json,5,2,8,linear,32768,0.00023595686070621014,0.021520158043131232,134333000.0,"[0, 0, 0, 0, 1]",172.0,172.0,/home/zhenyusen/MIP-quantum/benchmark_qaoa_feasible.py --worker-problem /home/zhenyusen/MIP-quantum/data/miplib_benders/qaoa_problems/nvars_05/supportcase6_ds_qaoa_c745_c747_0004.json --worker-result /tmp/qaoa_feasible_u35dbymq/result.json --p 1 --maxiter 5 --seed 42 --circuit-type multi_beta
qaoa_feasible_benchmark_a100_20260721_162713_cvIP_qaoa_first_feasible.csv,2026-07-21T16:31:37+0800,42353,supportcase6_ds_qaoa_c745_c747_0005,/home/zhenyusen/MIP-quantum/data/miplib_benders/qaoa_problems/nvars_05/supportcase6_ds_qaoa_c745_c747_0005.json,5,2,8,linear,32768,0.00023373402655124664,0.021346576046198606,145944000.0,"[0, 0, 0, 0, 1]",172.0,172.0,/home/zhenyusen/MIP-quantum/benchmark_qaoa_feasible.py --worker-problem /home/zhenyusen/MIP-quantum/data/miplib_benders/qaoa_problems/nvars_05/supportcase6_ds_qaoa_c745_c747_0005.json --worker-result /tmp/qaoa_feasible_dsskddb7/result.json --p 1 --maxiter 5 --seed 42 --circuit-type multi_beta
qaoa_feasible_benchmark_a100_20260721_162713_cvIP_qaoa_first_feasible.csv,2026-07-21T16:31:39+0800,42514,supportcase6_ds_qaoa_c759_0001,/home/zhenyusen/MIP-quantum/data/miplib_benders/qaoa_problems/nvars_05/supportcase6_ds_qaoa_c759_0001.json,5,1,8,linear,32768,0.0002437580842524767,0.02597082802094519,151847000.0,"[0, 0, 0, 0, 1]",170.05078125,173.046875,/home/zhenyusen/MIP-quantum/benchmark_qaoa_feasible.py --worker-problem /home/zhenyusen/MIP-quantum/data/miplib_benders/qaoa_problems/nvars_05/supportcase6_ds_qaoa_c759_0001.json --worker-result /tmp/qaoa_feasible_2e9i47vf/result.json --p 1 --maxiter 5 --seed 42 --circuit-type multi_beta
qaoa_feasible_benchmark_a100_20260721_162713_cvIP_qaoa_first_feasible.csv,2026-07-21T16:31:40+0800,42673,supportcase6_ds_qaoa_c759_0002,/home/zhenyusen/MIP-quantum/data/miplib_benders/qaoa_problems/nvars_05/supportcase6_ds_qaoa_c759_0002.json,5,1,8,linear,32768,0.0002514999359846115,0.025801962008699775,150892000.0,"[0, 0, 0, 0, 1]",169.8359375,172.0,/home/zhenyusen/MIP-quantum/benchmark_qaoa_feasible.py --worker-problem /home/zhenyusen/MIP-quantum/data/miplib_benders/qaoa_problems/nvars_05/supportcase6_ds_qaoa_c759_0002.json --worker-result /tmp/qaoa_feasible_jcggu3u9/result.json --p 1 --maxiter 5 --seed 42 --circuit-type multi_beta
qaoa_feasible_benchmark_a100_20260721_162713_cvIP_qaoa_first_feasible.csv,2026-07-21T16:31:41+0800,42850,supportcase6_ds_qaoa_c759_c762_0001,/home/zhenyusen/MIP-quantum/data/miplib_benders/qaoa_problems/nvars_05/supportcase6_ds_qaoa_c759_c762_0001.json,5,2,8,linear,32768,0.0002168780192732811,0.021692218957468867,151847000.0,"[0, 0, 0, 0, 1]",169.1640625,172.0,/home/zhenyusen/MIP-quantum/benchmark_qaoa_feasible.py --worker-problem /home/zhenyusen/MIP-quantum/data/miplib_benders/qaoa_problems/nvars_05/supportcase6_ds_qaoa_c759_c762_0001.json --worker-result /tmp/qaoa_feasible_wvf5f0f5/result.json --p 1 --maxiter 5 --seed 42 --circuit-type multi_beta
qaoa_feasible_benchmark_a100_20260721_162713_cvIP_qaoa_first_feasible.csv,2026-07-21T16:31:43+0800,43001,supportcase6_ds_qaoa_c759_c762_0002,/home/zhenyusen/MIP-quantum/data/miplib_benders/qaoa_problems/nvars_05/supportcase6_ds_qaoa_c759_c762_0002.json,5,2,8,linear,32768,0.0003681168891489506,0.02174946595914662,151847000.0,"[0, 0, 0, 1, 0]",172.0,172.0,/home/zhenyusen/MIP-quantum/benchmark_qaoa_feasible.py --worker-problem /home/zhenyusen/MIP-quantum/data/miplib_benders/qaoa_problems/nvars_05/supportcase6_ds_qaoa_c759_c762_0002.json --worker-result /tmp/qaoa_feasible_7_7z1lhh/result.json --p 1 --maxiter 5 --seed 42 --circuit-type multi_beta
qaoa_feasible_benchmark_a100_20260721_162713_cvIP_qaoa_first_feasible.csv,2026-07-21T16:31:44+0800,43179,supportcase6_ds_qaoa_c762_0001,/home/zhenyusen/MIP-quantum/data/miplib_benders/qaoa_problems/nvars_05/supportcase6_ds_qaoa_c762_0001.json,5,1,8,linear,32768,0.0002415149938315153,0.025936756981536746,145944000.0,"[0, 0, 0, 0, 1]",172.0625,175.05859375,/home/zhenyusen/MIP-quantum/benchmark_qaoa_feasible.py --worker-problem /home/zhenyusen/MIP-quantum/data/miplib_benders/qaoa_problems/nvars_05/supportcase6_ds_qaoa_c762_0001.json --worker-result /tmp/qaoa_feasible_9r30biv2/result.json --p 1 --maxiter 5 --seed 42 --circuit-type multi_beta
qaoa_feasible_benchmark_a100_20260721_162713_cvIP_qaoa_first_feasible.csv,2026-07-21T16:31:46+0800,43342,supportcase6_ds_qaoa_c762_0002,/home/zhenyusen/MIP-quantum/data/miplib_benders/qaoa_problems/nvars_05/supportcase6_ds_qaoa_c762_0002.json,5,1,8,linear,32768,0.00023042806424200535,0.026094825938344002,144887000.0,"[0, 0, 0, 0, 1]",172.0625,175.05859375,/home/zhenyusen/MIP-quantum/benchmark_qaoa_feasible.py --worker-problem /home/zhenyusen/MIP-quantum/data/miplib_benders/qaoa_problems/nvars_05/supportcase6_ds_qaoa_c762_0002.json --worker-result /tmp/qaoa_feasible_hux7ph_o/result.json --p 1 --maxiter 5 --seed 42 --circuit-type multi_beta
qaoa_feasible_benchmark_a100_20260721_162713_cvIP_qaoa_first_feasible.csv,2026-07-21T16:31:47+0800,43527,supportcase6_ds_qaoa_c762_0003,/home/zhenyusen/MIP-quantum/data/miplib_benders/qaoa_problems/nvars_05/supportcase6_ds_qaoa_c762_0003.json,5,1,8,linear,32768,0.00024169590324163437,0.026553418952971697,151847000.0,"[0, 0, 0, 0, 1]",172.0546875,175.05078125,/home/zhenyusen/MIP-quantum/benchmark_qaoa_feasible.py --worker-problem /home/zhenyusen/MIP-quantum/data/miplib_benders/qaoa_problems/nvars_05/supportcase6_ds_qaoa_c762_0003.json --worker-result /tmp/qaoa_feasible_wvs398pr/result.json --p 1 --maxiter 5 --seed 42 --circuit-type multi_beta
qaoa_feasible_benchmark_a100_20260721_162713_cvIP_qaoa_first_feasible.csv,2026-07-21T16:31:49+0800,43682,ex10_ds_qaoa_NOD26_0001,/home/zhenyusen/MIP-quantum/data/miplib_benders/qaoa_problems/nvars_06/ex10_ds_qaoa_NOD26_0001.json,6,1,8,linear,262144,0.00026451004669070244,0.227588766021654,1.0,"[0, 0, 0, 0, 0, 1]",343.0546875,383.0546875,/home/zhenyusen/MIP-quantum/benchmark_qaoa_feasible.py --worker-problem /home/zhenyusen/MIP-quantum/data/miplib_benders/qaoa_problems/nvars_06/ex10_ds_qaoa_NOD26_0001.json --worker-result /tmp/qaoa_feasible_4s7ilo_f/result.json --p 1 --maxiter 5 --seed 42 --circuit-type multi_beta
qaoa_feasible_benchmark_a100_20260721_162713_cvIP_qaoa_first_feasible.csv,2026-07-21T16:31:54+0800,43915,ex10_ds_qaoa_NOD26_NOD2X2_0001,/home/zhenyusen/MIP-quantum/data/miplib_benders/qaoa_problems/nvars_06/ex10_ds_qaoa_NOD26_NOD2X2_0001.json,6,2,8,linear,262144,0.007392938947305083,0.20219624391756952,1.0,"[0, 0, 1, 0, 0, 0]",327.19140625,359.19140625,/home/zhenyusen/MIP-quantum/benchmark_qaoa_feasible.py --worker-problem /home/zhenyusen/MIP-quantum/data/miplib_benders/qaoa_problems/nvars_06/ex10_ds_qaoa_NOD26_NOD2X2_0001.json --worker-result /tmp/qaoa_feasible_f7_wp694/result.json --p 1 --maxiter 5 --seed 42 --circuit-type multi_beta
qaoa_feasible_benchmark_a100_20260721_162713_cvIP_qaoa_first_feasible.csv,2026-07-21T16:31:58+0800,44218,ex9_ds_qaoa_NOD2X5_NOD37_0006,/home/zhenyusen/MIP-quantum/data/miplib_benders/qaoa_problems/nvars_06/ex9_ds_qaoa_NOD2X5_NOD37_0006.json,6,2,8,linear,262144,0.00025755888782441616,0.19414908695034683,1.0,"[0, 0, 0, 0, 0, 1]",325.07421875,357.07421875,/home/zhenyusen/MIP-quantum/benchmark_qaoa_feasible.py --worker-problem /home/zhenyusen/MIP-quantum/data/miplib_benders/qaoa_problems/nvars_06/ex9_ds_qaoa_NOD2X5_NOD37_0006.json --worker-result /tmp/qaoa_feasible_q7l3zqck/result.json --p 1 --maxiter 5 --seed 42 --circuit-type multi_beta
qaoa_feasible_benchmark_a100_20260721_162713_cvIP_qaoa_first_feasible.csv,2026-07-21T16:32:03+0800,44449,ex9_ds_qaoa_NOD2X5_NOD37_0007,/home/zhenyusen/MIP-quantum/data/miplib_benders/qaoa_problems/nvars_06/ex9_ds_qaoa_NOD2X5_NOD37_0007.json,6,2,8,linear,262144,0.000258841086179018,0.19444757886230946,1.0,"[0, 0, 0, 0, 0, 1]",327.05859375,359.05859375,/home/zhenyusen/MIP-quantum/benchmark_qaoa_feasible.py --worker-problem /home/zhenyusen/MIP-quantum/data/miplib_benders/qaoa_problems/nvars_06/ex9_ds_qaoa_NOD2X5_NOD37_0007.json --worker-result /tmp/qaoa_feasible_bd9u850y/result.json --p 1 --maxiter 5 --seed 42 --circuit-type multi_beta
qaoa_feasible_benchmark_a100_20260721_162713_cvIP_qaoa_first_feasible.csv,2026-07-21T16:32:08+0800,44738,ex9_ds_qaoa_NOD2X5_NOD37_0008,/home/zhenyusen/MIP-quantum/data/miplib_benders/qaoa_problems/nvars_06/ex9_ds_qaoa_NOD2X5_NOD37_0008.json,6,2,8,linear,262144,0.0003824378363788128,0.19712971500121057,1.0,"[0, 0, 0, 0, 1, 0]",327.07421875,359.07421875,/home/zhenyusen/MIP-quantum/benchmark_qaoa_feasible.py --worker-problem /home/zhenyusen/MIP-quantum/data/miplib_benders/qaoa_problems/nvars_06/ex9_ds_qaoa_NOD2X5_NOD37_0008.json --worker-result /tmp/qaoa_feasible_nrgu2wnw/result.json --p 1 --maxiter 5 --seed 42 --circuit-type multi_beta
qaoa_feasible_benchmark_a100_20260721_162713_cvIP_qaoa_first_feasible.csv,2026-07-21T16:32:13+0800,44976,ex9_ds_qaoa_NOD2X5_NOD37_0009,/home/zhenyusen/MIP-quantum/data/miplib_benders/qaoa_problems/nvars_06/ex9_ds_qaoa_NOD2X5_NOD37_0009.json,6,2,8,linear,262144,0.0011794539168477058,0.19612322398461401,1.0,"[0, 0, 0, 1, 0, 0]",327.06640625,359.06640625,/home/zhenyusen/MIP-quantum/benchmark_qaoa_feasible.py --worker-problem /home/zhenyusen/MIP-quantum/data/miplib_benders/qaoa_problems/nvars_06/ex9_ds_qaoa_NOD2X5_NOD37_0009.json --worker-result /tmp/qaoa_feasible_z7s_qp8w/result.json --p 1 --maxiter 5 --seed 42 --circuit-type multi_beta
qaoa_feasible_benchmark_a100_20260721_162713_cvIP_qaoa_first_feasible.csv,2026-07-21T16:32:18+0800,45273,highschool1-aigio_ds_qaoa_spreadEventsUB_SpreadEvents1_108_Th_subeventsNotActive_108_1_1_0003,/home/zhenyusen/MIP-quantum/data/miplib_benders/qaoa_problems/nvars_06/highschool1-aigio_ds_qaoa_spreadEventsUB_SpreadEvents1_108_Th_subeventsNotActive_108_1_1_0003.json,6,2,8,linear,262144,0.0003872048109769821,0.1907703410834074,0.0,"[0, 0, 0, 0, 1, 0]",323.078125,355.078125,/home/zhenyusen/MIP-quantum/benchmark_qaoa_feasible.py --worker-problem /home/zhenyusen/MIP-quantum/data/miplib_benders/qaoa_problems/nvars_06/highschool1-aigio_ds_qaoa_spreadEventsUB_SpreadEvents1_108_Th_subeventsNotActive_108_1_1_0003.json --worker-result /tmp/qaoa_feasible_6858uinh/result.json --p 1 --maxiter 5 --seed 42 --circuit-type multi_beta
qaoa_feasible_benchmark_a100_20260721_162713_cvIP_qaoa_first_feasible.csv,2026-07-21T16:32:23+0800,45529,highschool1-aigio_ds_qaoa_spreadEventsUB_SpreadEvents1_108_Th_subeventsNotActive_108_1_1_0004,/home/zhenyusen/MIP-quantum/data/miplib_benders/qaoa_problems/nvars_06/highschool1-aigio_ds_qaoa_spreadEventsUB_SpreadEvents1_108_Th_subeventsNotActive_108_1_1_0004.json,6,2,8,linear,262144,0.00038139708340168,0.18796466989442706,0.0,"[0, 0, 0, 0, 1, 0]",323.078125,355.078125,/home/zhenyusen/MIP-quantum/benchmark_qaoa_feasible.py --worker-problem /home/zhenyusen/MIP-quantum/data/miplib_benders/qaoa_problems/nvars_06/highschool1-aigio_ds_qaoa_spreadEventsUB_SpreadEvents1_108_Th_subeventsNotActive_108_1_1_0004.json --worker-result /tmp/qaoa_feasible_e9j42z2z/result.json --p 1 --maxiter 5 --seed 42 --circuit-type multi_beta
qaoa_feasible_benchmark_a100_20260721_162713_cvIP_qaoa_first_feasible.csv,2026-07-21T16:32:27+0800,45863,irp_ds_qaoa_R0002_0001,/home/zhenyusen/MIP-quantum/data/miplib_benders/qaoa_problems/nvars_06/irp_ds_qaoa_R0002_0001.json,6,1,8,linear,262144,0.0002712998539209366,0.22732008690945804,5946950000.0,"[0, 0, 0, 0, 0, 1]",343.06640625,383.06640625,/home/zhenyusen/MIP-quantum/benchmark_qaoa_feasible.py --worker-problem /home/zhenyusen/MIP-quantum/data/miplib_benders/qaoa_problems/nvars_06/irp_ds_qaoa_R0002_0001.json --worker-result /tmp/qaoa_feasible__6hu5qnu/result.json --p 1 --maxiter 5 --seed 42 --circuit-type multi_beta
qaoa_feasible_benchmark_a100_20260721_162713_cvIP_qaoa_first_feasible.csv,2026-07-21T16:32:32+0800,46190,irp_ds_qaoa_R0002_0002,/home/zhenyusen/MIP-quantum/data/miplib_benders/qaoa_problems/nvars_06/irp_ds_qaoa_R0002_0002.json,6,1,8,linear,262144,0.0002717298921197653,0.2300079520791769,6340890000.0,"[0, 0, 0, 0, 0, 1]",343.07421875,383.07421875,/home/zhenyusen/MIP-quantum/benchmark_qaoa_feasible.py --worker-problem /home/zhenyusen/MIP-quantum/data/miplib_benders/qaoa_problems/nvars_06/irp_ds_qaoa_R0002_0002.json --worker-result /tmp/qaoa_feasible_xi1au6ab/result.json --p 1 --maxiter 5 --seed 42 --circuit-type multi_beta
qaoa_feasible_benchmark_a100_20260721_162713_cvIP_qaoa_first_feasible.csv,2026-07-21T16:32:39+0800,46742,irp_ds_qaoa_R0002_0003,/home/zhenyusen/MIP-quantum/data/miplib_benders/qaoa_problems/nvars_06/irp_ds_qaoa_R0002_0003.json,6,1,8,linear,262144,0.00033060996793210506,0.29973902087658644,5861380000.0,"[0, 0, 0, 0, 0, 1]",339.734375,379.734375,/home/zhenyusen/MIP-quantum/benchmark_qaoa_feasible.py --worker-problem /home/zhenyusen/MIP-quantum/data/miplib_benders/qaoa_problems/nvars_06/irp_ds_qaoa_R0002_0003.json --worker-result /tmp/qaoa_feasible__1ltrr02/result.json --p 1 --maxiter 5 --seed 42 --circuit-type multi_beta
qaoa_feasible_benchmark_a100_20260721_162713_cvIP_qaoa_first_feasible.csv,2026-07-21T16:32:47+0800,47066,irp_ds_qaoa_R0002_0004,/home/zhenyusen/MIP-quantum/data/miplib_benders/qaoa_problems/nvars_06/irp_ds_qaoa_R0002_0004.json,6,1,8,linear,262144,0.0004135449416935444,0.3733455999754369,5813350000.0,"[0, 0, 0, 0, 0, 1]",343.08984375,383.08984375,/home/zhenyusen/MIP-quantum/benchmark_qaoa_feasible.py --worker-problem /home/zhenyusen/MIP-quantum/data/miplib_benders/qaoa_problems/nvars_06/irp_ds_qaoa_R0002_0004.json --worker-result /tmp/qaoa_feasible_ukmcr71p/result.json --p 1 --maxiter 5 --seed 42 --circuit-type multi_beta
qaoa_feasible_benchmark_a100_20260721_162713_cvIP_qaoa_first_feasible.csv,2026-07-21T16:32:56+0800,47424,irp_ds_qaoa_R0002_0005,/home/zhenyusen/MIP-quantum/data/miplib_benders/qaoa_problems/nvars_06/irp_ds_qaoa_R0002_0005.json,6,1,8,linear,262144,0.00040524196811020374,0.36128527601249516,5989160000.0,"[0, 0, 0, 0, 0, 1]",342.25390625,382.25390625,/home/zhenyusen/MIP-quantum/benchmark_qaoa_feasible.py --worker-problem /home/zhenyusen/MIP-quantum/data/miplib_benders/qaoa_problems/nvars_06/irp_ds_qaoa_R0002_0005.json --worker-result /tmp/qaoa_feasible_mpaf5_ve/result.json --p 1 --maxiter 5 --seed 42 --circuit-type multi_beta
qaoa_feasible_benchmark_a100_20260721_162713_cvIP_qaoa_first_feasible.csv,2026-07-21T16:33:04+0800,47755,irp_ds_qaoa_R0002_0006,/home/zhenyusen/MIP-quantum/data/miplib_benders/qaoa_problems/nvars_06/irp_ds_qaoa_R0002_0006.json,6,1,8,linear,262144,0.0004263340961188078,0.4346543080173433,5886900000.0,"[0, 0, 0, 0, 0, 1]",343.08984375,383.08984375,/home/zhenyusen/MIP-quantum/benchmark_qaoa_feasible.py --worker-problem /home/zhenyusen/MIP-quantum/data/miplib_benders/qaoa_problems/nvars_06/irp_ds_qaoa_R0002_0006.json --worker-result /tmp/qaoa_feasible_ypaccdm2/result.json --p 1 --maxiter 5 --seed 42 --circuit-type multi_beta
qaoa_feasible_benchmark_a100_20260721_162713_cvIP_qaoa_first_feasible.csv,2026-07-21T16:33:12+0800,48113,irp_ds_qaoa_R0002_0007,/home/zhenyusen/MIP-quantum/data/miplib_benders/qaoa_problems/nvars_06/irp_ds_qaoa_R0002_0007.json,6,1,8,linear,262144,0.00041979504749178886,0.36888681491836905,6280850000.0,"[0, 0, 0, 0, 0, 1]",341.08203125,381.08203125,/home/zhenyusen/MIP-quantum/benchmark_qaoa_feasible.py --worker-problem /home/zhenyusen/MIP-quantum/data/miplib_benders/qaoa_problems/nvars_06/irp_ds_qaoa_R0002_0007.json --worker-result /tmp/qaoa_feasible_s8xtwnhu/result.json --p 1 --maxiter 5 --seed 42 --circuit-type multi_beta
qaoa_feasible_benchmark_a100_20260721_162713_cvIP_qaoa_first_feasible.csv,2026-07-21T16:33:20+0800,48769,irp_ds_qaoa_R0002_0008,/home/zhenyusen/MIP-quantum/data/miplib_benders/qaoa_problems/nvars_06/irp_ds_qaoa_R0002_0008.json,6,1,8,linear,262144,0.0004390040412545204,0.3598704228643328,5801330000.0,"[0, 0, 0, 0, 0, 1]",343.06640625,383.06640625,/home/zhenyusen/MIP-quantum/benchmark_qaoa_feasible.py --worker-problem /home/zhenyusen/MIP-quantum/data/miplib_benders/qaoa_problems/nvars_06/irp_ds_qaoa_R0002_0008.json --worker-result /tmp/qaoa_feasible_i1phy7tg/result.json --p 1 --maxiter 5 --seed 42 --circuit-type multi_beta
qaoa_feasible_benchmark_a100_20260721_162713_cvIP_qaoa_first_feasible.csv,2026-07-21T16:33:28+0800,49141,irp_ds_qaoa_R0002_0009,/home/zhenyusen/MIP-quantum/data/miplib_benders/qaoa_problems/nvars_06/irp_ds_qaoa_R0002_0009.json,6,1,8,linear,262144,0.0002801839727908373,0.3486514310352504,5753300000.0,"[0, 0, 0, 0, 0, 1]",340.4140625,380.4140625,/home/zhenyusen/MIP-quantum/benchmark_qaoa_feasible.py --worker-problem /home/zhenyusen/MIP-quantum/data/miplib_benders/qaoa_problems/nvars_06/irp_ds_qaoa_R0002_0009.json --worker-result /tmp/qaoa_feasible_fnhs58ga/result.json --p 1 --maxiter 5 --seed 42 --circuit-type multi_beta
qaoa_feasible_benchmark_a100_20260721_162713_cvIP_qaoa_first_feasible.csv,2026-07-21T16:33:33+0800,49421,irp_ds_qaoa_R0010_R0015_0001,/home/zhenyusen/MIP-quantum/data/miplib_benders/qaoa_problems/nvars_06/irp_ds_qaoa_R0010_R0015_0001.json,6,2,8,linear,262144,0.008366640890017152,0.2174431539606303,5627280000.0,"[0, 0, 1, 0, 0, 0]",327.06640625,359.06640625,/home/zhenyusen/MIP-quantum/benchmark_qaoa_feasible.py --worker-problem /home/zhenyusen/MIP-quantum/data/miplib_benders/qaoa_problems/nvars_06/irp_ds_qaoa_R0010_R0015_0001.json --worker-result /tmp/qaoa_feasible_um8qseot/result.json --p 1 --maxiter 5 --seed 42 --circuit-type multi_beta
qaoa_feasible_benchmark_a100_20260721_162713_cvIP_qaoa_first_feasible.csv,2026-07-21T16:33:40+0800,49722,irp_ds_qaoa_R0026_0001,/home/zhenyusen/MIP-quantum/data/miplib_benders/qaoa_problems/nvars_06/irp_ds_qaoa_R0026_0001.json,6,1,8,linear,262144,0.00026658293791115284,0.29512645001523197,5753300000.0,"[0, 0, 0, 0, 0, 1]",342.2890625,382.2890625,/home/zhenyusen/MIP-quantum/benchmark_qaoa_feasible.py --worker-problem /home/zhenyusen/MIP-quantum/data/miplib_benders/qaoa_problems/nvars_06/irp_ds_qaoa_R0026_0001.json --worker-result /tmp/qaoa_feasible_phbnbj4f/result.json --p 1 --maxiter 5 --seed 42 --circuit-type multi_beta
qaoa_feasible_benchmark_a100_20260721_162713_cvIP_qaoa_first_feasible.csv,2026-07-21T16:33:46+0800,50044,leo1_ds_qaoa_R0000031_R0000042_0003,/home/zhenyusen/MIP-quantum/data/miplib_benders/qaoa_problems/nvars_06/leo1_ds_qaoa_R0000031_R0000042_0003.json,6,2,8,linear,262144,0.007418396882712841,0.21048060688190162,3.0,"[0, 0, 1, 0, 0, 0]",291.05078125,323.0546875,/home/zhenyusen/MIP-quantum/benchmark_qaoa_feasible.py --worker-problem /home/zhenyusen/MIP-quantum/data/miplib_benders/qaoa_problems/nvars_06/leo1_ds_qaoa_R0000031_R0000042_0003.json --worker-result /tmp/qaoa_feasible_hku3wl9d/result.json --p 1 --maxiter 5 --seed 42 --circuit-type multi_beta
qaoa_feasible_benchmark_a100_20260721_162713_cvIP_qaoa_first_feasible.csv,2026-07-21T16:33:53+0800,50425,leo1_ds_qaoa_R0000042_R0000043_0003,/home/zhenyusen/MIP-quantum/data/miplib_benders/qaoa_problems/nvars_06/leo1_ds_qaoa_R0000042_R0000043_0003.json,6,2,8,linear,262144,0.012983663007616997,0.23300964501686394,3.0,"[0, 0, 1, 0, 0, 0]",319.578125,351.578125,/home/zhenyusen/MIP-quantum/benchmark_qaoa_feasible.py --worker-problem /home/zhenyusen/MIP-quantum/data/miplib_benders/qaoa_problems/nvars_06/leo1_ds_qaoa_R0000042_R0000043_0003.json --worker-result /tmp/qaoa_feasible_o9xva1d_/result.json --p 1 --maxiter 5 --seed 42 --circuit-type multi_beta
qaoa_feasible_benchmark_a100_20260721_162713_cvIP_qaoa_first_feasible.csv,2026-07-21T16:33:59+0800,50781,leo1_ds_qaoa_R0000043_R0000047_0005,/home/zhenyusen/MIP-quantum/data/miplib_benders/qaoa_problems/nvars_06/leo1_ds_qaoa_R0000043_R0000047_0005.json,6,2,8,linear,262144,0.0014756510499864817,0.22869384987279773,4.0,"[0, 0, 0, 1, 0, 0]",317.8671875,349.8671875,/home/zhenyusen/MIP-quantum/benchmark_qaoa_feasible.py --worker-problem /home/zhenyusen/MIP-quantum/data/miplib_benders/qaoa_problems/nvars_06/leo1_ds_qaoa_R0000043_R0000047_0005.json --worker-result /tmp/qaoa_feasible_rou0o0rr/result.json --p 1 --maxiter 5 --seed 42 --circuit-type multi_beta
qaoa_feasible_benchmark_a100_20260721_162713_cvIP_qaoa_first_feasible.csv,2026-07-21T16:34:06+0800,51133,leo1_ds_qaoa_R0000047_R0000048_0005,/home/zhenyusen/MIP-quantum/data/miplib_benders/qaoa_problems/nvars_06/leo1_ds_qaoa_R0000047_R0000048_0005.json,6,2,8,linear,262144,0.004170586122199893,0.2082273738924414,8.0,"[0, 0, 0, 2, 6, 3]",300.52734375,316.52734375,/home/zhenyusen/MIP-quantum/benchmark_qaoa_feasible.py --worker-problem /home/zhenyusen/MIP-quantum/data/miplib_benders/qaoa_problems/nvars_06/leo1_ds_qaoa_R0000047_R0000048_0005.json --worker-result /tmp/qaoa_feasible_og8t1w_0/result.json --p 1 --maxiter 5 --seed 42 --circuit-type multi_beta
qaoa_feasible_benchmark_a100_20260721_162713_cvIP_qaoa_first_feasible.csv,2026-07-21T16:34:12+0800,51408,leo1_ds_qaoa_R0000079_R0000090_0003,/home/zhenyusen/MIP-quantum/data/miplib_benders/qaoa_problems/nvars_06/leo1_ds_qaoa_R0000079_R0000090_0003.json,6,2,8,linear,262144,0.007381953066214919,0.20623474102467299,3.0,"[0, 0, 1, 0, 0, 0]",323.05078125,355.05078125,/home/zhenyusen/MIP-quantum/benchmark_qaoa_feasible.py --worker-problem /home/zhenyusen/MIP-quantum/data/miplib_benders/qaoa_problems/nvars_06/leo1_ds_qaoa_R0000079_R0000090_0003.json --worker-result /tmp/qaoa_feasible_bq3ljs85/result.json --p 1 --maxiter 5 --seed 42 --circuit-type multi_beta
qaoa_feasible_benchmark_a100_20260721_162713_cvIP_qaoa_first_feasible.csv,2026-07-21T16:34:18+0800,51730,leo1_ds_qaoa_R0000090_R0000091_0003,/home/zhenyusen/MIP-quantum/data/miplib_benders/qaoa_problems/nvars_06/leo1_ds_qaoa_R0000090_R0000091_0003.json,6,2,8,linear,262144,0.00835536397062242,0.25169115816242993,7.0,"[0, 0, 1, 1, 0, 0]",321.69921875,353.33984375,/home/zhenyusen/MIP-quantum/benchmark_qaoa_feasible.py --worker-problem /home/zhenyusen/MIP-quantum/data/miplib_benders/qaoa_problems/nvars_06/leo1_ds_qaoa_R0000090_R0000091_0003.json --worker-result /tmp/qaoa_feasible_b0pawi2x/result.json --p 1 --maxiter 5 --seed 42 --circuit-type multi_beta
qaoa_feasible_benchmark_a100_20260721_162713_cvIP_qaoa_first_feasible.csv,2026-07-21T16:34:25+0800,52018,leo1_ds_qaoa_R0000091_R0000095_0005,/home/zhenyusen/MIP-quantum/data/miplib_benders/qaoa_problems/nvars_06/leo1_ds_qaoa_R0000091_R0000095_0005.json,6,2,8,linear,262144,0.0022576740011572838,0.27393577597104013,8.0,"[0, 0, 0, 2, 0, 0]",320.85546875,352.85546875,/home/zhenyusen/MIP-quantum/benchmark_qaoa_feasible.py --worker-problem /home/zhenyusen/MIP-quantum/data/miplib_benders/qaoa_problems/nvars_06/leo1_ds_qaoa_R0000091_R0000095_0005.json --worker-result /tmp/qaoa_feasible_ojtzojh7/result.json --p 1 --maxiter 5 --seed 42 --circuit-type multi_beta
qaoa_feasible_benchmark_a100_20260721_162713_cvIP_qaoa_first_feasible.csv,2026-07-21T16:34:31+0800,52353,leo1_ds_qaoa_R0000095_R0000096_0005,/home/zhenyusen/MIP-quantum/data/miplib_benders/qaoa_problems/nvars_06/leo1_ds_qaoa_R0000095_R0000096_0005.json,6,2,8,linear,262144,0.0035544750280678272,0.25918010505847633,8.0,"[0, 0, 0, 2, 0, 0]",327.06640625,359.06640625,/home/zhenyusen/MIP-quantum/benchmark_qaoa_feasible.py --worker-problem /home/zhenyusen/MIP-quantum/data/miplib_benders/qaoa_problems/nvars_06/leo1_ds_qaoa_R0000095_R0000096_0005.json --worker-result /tmp/qaoa_feasible_gn5ozna5/result.json --p 1 --maxiter 5 --seed 42 --circuit-type multi_beta
qaoa_feasible_benchmark_a100_20260721_162713_cvIP_qaoa_first_feasible.csv,2026-07-21T16:34:38+0800,52714,leo1_ds_qaoa_R0000097_R0000335_0003,/home/zhenyusen/MIP-quantum/data/miplib_benders/qaoa_problems/nvars_06/leo1_ds_qaoa_R0000097_R0000335_0003.json,6,2,8,linear,262144,0.002091903006657958,0.21809013187885284,8.0,"[0, 0, 0, 2, 0, 1]",322.0234375,354.0234375,/home/zhenyusen/MIP-quantum/benchmark_qaoa_feasible.py --worker-problem /home/zhenyusen/MIP-quantum/data/miplib_benders/qaoa_problems/nvars_06/leo1_ds_qaoa_R0000097_R0000335_0003.json --worker-result /tmp/qaoa_feasible_yaa83n9j/result.json --p 1 --maxiter 5 --seed 42 --circuit-type multi_beta
qaoa_feasible_benchmark_a100_20260721_162713_cvIP_qaoa_first_feasible.csv,2026-07-21T16:34:44+0800,52966,leo1_ds_qaoa_R0000339_R0000535_0005,/home/zhenyusen/MIP-quantum/data/miplib_benders/qaoa_problems/nvars_06/leo1_ds_qaoa_R0000339_R0000535_0005.json,6,2,8,linear,262144,0.0016089531127363443,0.20013401098549366,4.0,"[0, 0, 0, 1, 0, 0]",320.203125,352.203125,/home/zhenyusen/MIP-quantum/benchmark_qaoa_feasible.py --worker-problem /home/zhenyusen/MIP-quantum/data/miplib_benders/qaoa_problems/nvars_06/leo1_ds_qaoa_R0000339_R0000535_0005.json --worker-result /tmp/qaoa_feasible_kkuq2zqi/result.json --p 1 --maxiter 5 --seed 42 --circuit-type multi_beta
qaoa_feasible_benchmark_a100_20260721_162713_cvIP_qaoa_first_feasible.csv,2026-07-21T16:34:51+0800,53288,leo1_ds_qaoa_R0000541_R0000542_0003,/home/zhenyusen/MIP-quantum/data/miplib_benders/qaoa_problems/nvars_06/leo1_ds_qaoa_R0000541_R0000542_0003.json,6,2,8,linear,262144,0.007382282987236977,0.19433335005305707,3.0,"[0, 0, 1, 0, 0, 0]",325.0859375,357.0859375,/home/zhenyusen/MIP-quantum/benchmark_qaoa_feasible.py --worker-problem /home/zhenyusen/MIP-quantum/data/miplib_benders/qaoa_problems/nvars_06/leo1_ds_qaoa_R0000541_R0000542_0003.json --worker-result /tmp/qaoa_feasible_7a_yr0ce/result.json --p 1 --maxiter 5 --seed 42 --circuit-type multi_beta
qaoa_feasible_benchmark_a100_20260721_162713_cvIP_qaoa_first_feasible.csv,2026-07-21T16:34:56+0800,53569,leo2_ds_qaoa_R0000079_R0000090_0008,/home/zhenyusen/MIP-quantum/data/miplib_benders/qaoa_problems/nvars_06/leo2_ds_qaoa_R0000079_R0000090_0008.json,6,2,8,linear,262144,0.007552850991487503,0.19957459601573646,3.0,"[0, 0, 1, 0, 1, 1]",323.05859375,355.05859375,/home/zhenyusen/MIP-quantum/benchmark_qaoa_feasible.py --worker-problem /home/zhenyusen/MIP-quantum/data/miplib_benders/qaoa_problems/nvars_06/leo2_ds_qaoa_R0000079_R0000090_0008.json --worker-result /tmp/qaoa_feasible_0tjuagmd/result.json --p 1 --maxiter 5 --seed 42 --circuit-type multi_beta
qaoa_feasible_benchmark_a100_20260721_162713_cvIP_qaoa_first_feasible.csv,2026-07-21T16:35:01+0800,53859,leo2_ds_qaoa_R0000090_R0000091_0008,/home/zhenyusen/MIP-quantum/data/miplib_benders/qaoa_problems/nvars_06/leo2_ds_qaoa_R0000090_R0000091_0008.json,6,2,8,linear,262144,0.007655625930055976,0.1894878139719367,3.0,"[0, 0, 1, 0, 1, 0]",320.42578125,352.42578125,/home/zhenyusen/MIP-quantum/benchmark_qaoa_feasible.py --worker-problem /home/zhenyusen/MIP-quantum/data/miplib_benders/qaoa_problems/nvars_06/leo2_ds_qaoa_R0000090_R0000091_0008.json --worker-result /tmp/qaoa_feasible_psb4mxik/result.json --p 1 --maxiter 5 --seed 42 --circuit-type multi_beta
qaoa_feasible_benchmark_a100_20260721_162713_cvIP_qaoa_first_feasible.csv,2026-07-21T16:35:05+0800,54183,leo2_ds_qaoa_R0000091_R0000095_0010,/home/zhenyusen/MIP-quantum/data/miplib_benders/qaoa_problems/nvars_06/leo2_ds_qaoa_R0000091_R0000095_0010.json,6,2,8,linear,262144,0.0021022579167038202,0.19236337300390005,8.0,"[0, 0, 0, 2, 0, 0]",325.06640625,357.06640625,/home/zhenyusen/MIP-quantum/benchmark_qaoa_feasible.py --worker-problem /home/zhenyusen/MIP-quantum/data/miplib_benders/qaoa_problems/nvars_06/leo2_ds_qaoa_R0000091_R0000095_0010.json --worker-result /tmp/qaoa_feasible_763pcoi8/result.json --p 1 --maxiter 5 --seed 42 --circuit-type multi_beta
qaoa_feasible_benchmark_a100_20260721_162713_cvIP_qaoa_first_feasible.csv,2026-07-21T16:35:10+0800,54501,leo2_ds_qaoa_R0000095_R0000096_0010,/home/zhenyusen/MIP-quantum/data/miplib_benders/qaoa_problems/nvars_06/leo2_ds_qaoa_R0000095_R0000096_0010.json,6,2,8,linear,262144,0.002084270818158984,0.19845217000693083,8.0,"[0, 0, 0, 2, 0, 0]",327.18359375,359.18359375,/home/zhenyusen/MIP-quantum/benchmark_qaoa_feasible.py --worker-problem /home/zhenyusen/MIP-quantum/data/miplib_benders/qaoa_problems/nvars_06/leo2_ds_qaoa_R0000095_R0000096_0010.json --worker-result /tmp/qaoa_feasible_3zuxp32u/result.json --p 1 --maxiter 5 --seed 42 --circuit-type multi_beta
qaoa_feasible_benchmark_a100_20260721_162713_cvIP_qaoa_first_feasible.csv,2026-07-21T16:35:15+0800,54753,leo2_ds_qaoa_R0000097_R0000335_0008,/home/zhenyusen/MIP-quantum/data/miplib_benders/qaoa_problems/nvars_06/leo2_ds_qaoa_R0000097_R0000335_0008.json,6,2,8,linear,262144,0.0021415080409497023,0.19257980096153915,8.0,"[0, 0, 0, 2, 0, 1]",323.05859375,355.05859375,/home/zhenyusen/MIP-quantum/benchmark_qaoa_feasible.py --worker-problem /home/zhenyusen/MIP-quantum/data/miplib_benders/qaoa_problems/nvars_06/leo2_ds_qaoa_R0000097_R0000335_0008.json --worker-result /tmp/qaoa_feasible_oct358fz/result.json --p 1 --maxiter 5 --seed 42 --circuit-type multi_beta
qaoa_feasible_benchmark_a100_20260721_162713_cvIP_qaoa_first_feasible.csv,2026-07-21T16:35:20+0800,55062,leo2_ds_qaoa_R0000335_R0000535_0008,/home/zhenyusen/MIP-quantum/data/miplib_benders/qaoa_problems/nvars_06/leo2_ds_qaoa_R0000335_R0000535_0008.json,6,2,8,linear,262144,0.0012909830547869205,0.18922991608269513,4.0,"[0, 0, 0, 1, 1, 0]",327.06640625,359.06640625,/home/zhenyusen/MIP-quantum/benchmark_qaoa_feasible.py --worker-problem /home/zhenyusen/MIP-quantum/data/miplib_benders/qaoa_problems/nvars_06/leo2_ds_qaoa_R0000335_R0000535_0008.json --worker-result /tmp/qaoa_feasible_jvz9k97e/result.json --p 1 --maxiter 5 --seed 42 --circuit-type multi_beta
qaoa_feasible_benchmark_a100_20260721_162713_cvIP_qaoa_first_feasible.csv,2026-07-21T16:35:25+0800,55320,leo2_ds_qaoa_R0000571_R0000582_0008,/home/zhenyusen/MIP-quantum/data/miplib_benders/qaoa_problems/nvars_06/leo2_ds_qaoa_R0000571_R0000582_0008.json,6,2,8,linear,262144,0.007480722153559327,0.1992171190213412,3.0,"[0, 0, 1, 0, 0, 0]",321.05859375,353.05859375,/home/zhenyusen/MIP-quantum/benchmark_qaoa_feasible.py --worker-problem /home/zhenyusen/MIP-quantum/data/miplib_benders/qaoa_problems/nvars_06/leo2_ds_qaoa_R0000571_R0000582_0008.json --worker-result /tmp/qaoa_feasible_pmha028f/result.json --p 1 --maxiter 5 --seed 42 --circuit-type multi_beta
qaoa_feasible_benchmark_a100_20260721_162713_cvIP_qaoa_first_feasible.csv,2026-07-21T16:35:30+0800,55587,leo2_ds_qaoa_R0000582_R0000583_0008,/home/zhenyusen/MIP-quantum/data/miplib_benders/qaoa_problems/nvars_06/leo2_ds_qaoa_R0000582_R0000583_0008.json,6,2,8,linear,262144,0.00737699493765831,0.19839331391267478,3.0,"[0, 0, 1, 0, 0, 0]",319.65234375,351.65234375,/home/zhenyusen/MIP-quantum/benchmark_qaoa_feasible.py --worker-problem /home/zhenyusen/MIP-quantum/data/miplib_benders/qaoa_problems/nvars_06/leo2_ds_qaoa_R0000582_R0000583_0008.json --worker-result /tmp/qaoa_feasible_db9uz6ac/result.json --p 1 --maxiter 5 --seed 42 --circuit-type multi_beta
qaoa_feasible_benchmark_a100_20260721_162713_cvIP_qaoa_first_feasible.csv,2026-07-21T16:35:35+0800,55839,neos-2746589-doon_ds_qaoa_R0001_0001,/home/zhenyusen/MIP-quantum/data/miplib_benders/qaoa_problems/nvars_06/neos-2746589-doon_ds_qaoa_R0001_0001.json,6,1,8,linear,262144,0.00026766397058963776,0.23082749010063708,29.0,"[0, 0, 0, 0, 0, 1]",343.05859375,383.05859375,/home/zhenyusen/MIP-quantum/benchmark_qaoa_feasible.py --worker-problem /home/zhenyusen/MIP-quantum/data/miplib_benders/qaoa_problems/nvars_06/neos-2746589-doon_ds_qaoa_R0001_0001.json --worker-result /tmp/qaoa_feasible_2waltd7z/result.json --p 1 --maxiter 5 --seed 42 --circuit-type multi_beta
qaoa_feasible_benchmark_a100_20260721_162713_cvIP_qaoa_first_feasible.csv,2026-07-21T16:35:40+0800,56120,neos-2746589-doon_ds_qaoa_R0002_0001,/home/zhenyusen/MIP-quantum/data/miplib_benders/qaoa_problems/nvars_06/neos-2746589-doon_ds_qaoa_R0002_0001.json,6,1,8,linear,262144,0.00026622298173606396,0.2289268970489502,209.0,"[0, 0, 0, 0, 0, 1]",343.171875,383.171875,/home/zhenyusen/MIP-quantum/benchmark_qaoa_feasible.py --worker-problem /home/zhenyusen/MIP-quantum/data/miplib_benders/qaoa_problems/nvars_06/neos-2746589-doon_ds_qaoa_R0002_0001.json --worker-result /tmp/qaoa_feasible_ny80ewqo/result.json --p 1 --maxiter 5 --seed 42 --circuit-type multi_beta
qaoa_feasible_benchmark_a100_20260721_162713_cvIP_qaoa_first_feasible.csv,2026-07-21T16:35:44+0800,56366,neos-3216931-puriri_ds_qaoa_R0626_R5329_0008,/home/zhenyusen/MIP-quantum/data/miplib_benders/qaoa_problems/nvars_06/neos-3216931-puriri_ds_qaoa_R0626_R5329_0008.json,6,2,8,linear,262144,0.0004992450121790171,0.1879682398866862,0.0,"[0, 0, 0, 0, 2, 0]",323.06640625,355.06640625,/home/zhenyusen/MIP-quantum/benchmark_qaoa_feasible.py --worker-problem /home/zhenyusen/MIP-quantum/data/miplib_benders/qaoa_problems/nvars_06/neos-3216931-puriri_ds_qaoa_R0626_R5329_0008.json --worker-result /tmp/qaoa_feasible_ciwqe7nb/result.json --p 1 --maxiter 5 --seed 42 --circuit-type multi_beta
qaoa_feasible_benchmark_a100_20260721_162713_cvIP_qaoa_first_feasible.csv,2026-07-21T16:35:50+0800,56656,neos-4300652-rahue_ds_qaoa_R14653_0001,/home/zhenyusen/MIP-quantum/data/miplib_benders/qaoa_problems/nvars_06/neos-4300652-rahue_ds_qaoa_R14653_0001.json,6,1,8,linear,262144,0.40302403294481337,0.6382636169437319,38.0,"[0, 7, 0, 6, 0, 7]",339.0625,379.0625,/home/zhenyusen/MIP-quantum/benchmark_qaoa_feasible.py --worker-problem /home/zhenyusen/MIP-quantum/data/miplib_benders/qaoa_problems/nvars_06/neos-4300652-rahue_ds_qaoa_R14653_0001.json --worker-result /tmp/qaoa_feasible_xfr3a62d/result.json --p 1 --maxiter 5 --seed 42 --circuit-type multi_beta
qaoa_feasible_benchmark_a100_20260721_162713_cvIP_qaoa_first_feasible.csv,2026-07-21T16:35:54+0800,56908,neos-4413714-turia_ds_qaoa_R0951_0001,/home/zhenyusen/MIP-quantum/data/miplib_benders/qaoa_problems/nvars_06/neos-4413714-turia_ds_qaoa_R0951_0001.json,6,1,8,linear,262144,0.0002747748512774706,0.22790754679590464,6.0,"[0, 0, 0, 0, 0, 1]",343.0625,383.0625,/home/zhenyusen/MIP-quantum/benchmark_qaoa_feasible.py --worker-problem /home/zhenyusen/MIP-quantum/data/miplib_benders/qaoa_problems/nvars_06/neos-4413714-turia_ds_qaoa_R0951_0001.json --worker-result /tmp/qaoa_feasible_za13guwc/result.json --p 1 --maxiter 5 --seed 42 --circuit-type multi_beta
qaoa_feasible_benchmark_a100_20260721_162713_cvIP_qaoa_first_feasible.csv,2026-07-21T16:35:59+0800,57179,neos-4647030-tutaki_ds_qaoa_R7864_0001,/home/zhenyusen/MIP-quantum/data/miplib_benders/qaoa_problems/nvars_06/neos-4647030-tutaki_ds_qaoa_R7864_0001.json,6,1,8,linear,262144,0.0002697280142456293,0.22510970709845424,0.0,"[0, 0, 0, 0, 0, 1]",341.0703125,381.0703125,/home/zhenyusen/MIP-quantum/benchmark_qaoa_feasible.py --worker-problem /home/zhenyusen/MIP-quantum/data/miplib_benders/qaoa_problems/nvars_06/neos-4647030-tutaki_ds_qaoa_R7864_0001.json --worker-result /tmp/qaoa_feasible_et7ao_2i/result.json --p 1 --maxiter 5 --seed 42 --circuit-type multi_beta
qaoa_feasible_benchmark_a100_20260721_162713_cvIP_qaoa_first_feasible.csv,2026-07-21T16:36:04+0800,57428,neos8_ds_qaoa_R0001_0001,/home/zhenyusen/MIP-quantum/data/miplib_benders/qaoa_problems/nvars_06/neos8_ds_qaoa_R0001_0001.json,6,1,8,linear,262144,0.0002677550073713064,0.225195367122069,0.0,"[0, 0, 0, 0, 0, 1]",343.06640625,383.06640625,/home/zhenyusen/MIP-quantum/benchmark_qaoa_feasible.py --worker-problem /home/zhenyusen/MIP-quantum/data/miplib_benders/qaoa_problems/nvars_06/neos8_ds_qaoa_R0001_0001.json --worker-result /tmp/qaoa_feasible_8rxuyacb/result.json --p 1 --maxiter 5 --seed 42 --circuit-type multi_beta
qaoa_feasible_benchmark_a100_20260721_162713_cvIP_qaoa_first_feasible.csv,2026-07-21T16:36:09+0800,57865,neos8_ds_qaoa_R0001_0002,/home/zhenyusen/MIP-quantum/data/miplib_benders/qaoa_problems/nvars_06/neos8_ds_qaoa_R0001_0002.json,6,1,8,linear,262144,0.0002618159633129835,0.225226673996076,0.0,"[0, 0, 0, 0, 0, 1]",340.05859375,380.05859375,/home/zhenyusen/MIP-quantum/benchmark_qaoa_feasible.py --worker-problem /home/zhenyusen/MIP-quantum/data/miplib_benders/qaoa_problems/nvars_06/neos8_ds_qaoa_R0001_0002.json --worker-result /tmp/qaoa_feasible_wucjw0lp/result.json --p 1 --maxiter 5 --seed 42 --circuit-type multi_beta
qaoa_feasible_benchmark_a100_20260721_162713_cvIP_qaoa_first_feasible.csv,2026-07-21T16:36:14+0800,58222,neos8_ds_qaoa_R0001_0003,/home/zhenyusen/MIP-quantum/data/miplib_benders/qaoa_problems/nvars_06/neos8_ds_qaoa_R0001_0003.json,6,1,8,linear,262144,0.0002657719887793064,0.22232250310480595,0.0,"[0, 0, 0, 0, 0, 1]",343.18359375,383.18359375,/home/zhenyusen/MIP-quantum/benchmark_qaoa_feasible.py --worker-problem /home/zhenyusen/MIP-quantum/data/miplib_benders/qaoa_problems/nvars_06/neos8_ds_qaoa_R0001_0003.json --worker-result /tmp/qaoa_feasible_w8527dkv/result.json --p 1 --maxiter 5 --seed 42 --circuit-type multi_beta
qaoa_feasible_benchmark_a100_20260721_162713_cvIP_qaoa_first_feasible.csv,2026-07-21T16:36:18+0800,58545,neos8_ds_qaoa_R0001_0004,/home/zhenyusen/MIP-quantum/data/miplib_benders/qaoa_problems/nvars_06/neos8_ds_qaoa_R0001_0004.json,6,1,8,linear,262144,0.0002643200568854809,0.22496176487766206,0.0,"[0, 0, 0, 0, 0, 1]",339.75390625,379.75390625,/home/zhenyusen/MIP-quantum/benchmark_qaoa_feasible.py --worker-problem /home/zhenyusen/MIP-quantum/data/miplib_benders/qaoa_problems/nvars_06/neos8_ds_qaoa_R0001_0004.json --worker-result /tmp/qaoa_feasible_hdeendfw/result.json --p 1 --maxiter 5 --seed 42 --circuit-type multi_beta
qaoa_feasible_benchmark_a100_20260721_162713_cvIP_qaoa_first_feasible.csv,2026-07-21T16:36:23+0800,58841,neos8_ds_qaoa_R0001_0005,/home/zhenyusen/MIP-quantum/data/miplib_benders/qaoa_problems/nvars_06/neos8_ds_qaoa_R0001_0005.json,6,1,8,linear,262144,0.00025605689734220505,0.22687757294625044,0.0,"[0, 0, 0, 0, 0, 1]",343.05859375,383.05859375,/home/zhenyusen/MIP-quantum/benchmark_qaoa_feasible.py --worker-problem /home/zhenyusen/MIP-quantum/data/miplib_benders/qaoa_problems/nvars_06/neos8_ds_qaoa_R0001_0005.json --worker-result /tmp/qaoa_feasible_dlj3ra0c/result.json --p 1 --maxiter 5 --seed 42 --circuit-type multi_beta
qaoa_feasible_benchmark_a100_20260721_162713_cvIP_qaoa_first_feasible.csv,2026-07-21T16:36:28+0800,59136,neos8_ds_qaoa_R0001_0006,/home/zhenyusen/MIP-quantum/data/miplib_benders/qaoa_problems/nvars_06/neos8_ds_qaoa_R0001_0006.json,6,1,8,linear,262144,0.0002653510309755802,0.2257021670229733,0.0,"[0, 0, 0, 0, 0, 1]",343.17578125,383.17578125,/home/zhenyusen/MIP-quantum/benchmark_qaoa_feasible.py --worker-problem /home/zhenyusen/MIP-quantum/data/miplib_benders/qaoa_problems/nvars_06/neos8_ds_qaoa_R0001_0006.json --worker-result /tmp/qaoa_feasible_di4ywmt3/result.json --p 1 --maxiter 5 --seed 42 --circuit-type multi_beta
qaoa_feasible_benchmark_a100_20260721_162713_cvIP_qaoa_first_feasible.csv,2026-07-21T16:36:33+0800,59404,neos8_ds_qaoa_R0001_R0002_0002,/home/zhenyusen/MIP-quantum/data/miplib_benders/qaoa_problems/nvars_06/neos8_ds_qaoa_R0001_R0002_0002.json,6,2,8,linear,262144,0.0003977320156991482,0.18881929200142622,0.0,"[0, 0, 0, 0, 1, 1]",323.17578125,355.17578125,/home/zhenyusen/MIP-quantum/benchmark_qaoa_feasible.py --worker-problem /home/zhenyusen/MIP-quantum/data/miplib_benders/qaoa_problems/nvars_06/neos8_ds_qaoa_R0001_R0002_0002.json --worker-result /tmp/qaoa_feasible__xfkjktx/result.json --p 1 --maxiter 5 --seed 42 --circuit-type multi_beta
qaoa_feasible_benchmark_a100_20260721_162713_cvIP_qaoa_first_feasible.csv,2026-07-21T16:36:38+0800,59643,neos8_ds_qaoa_R0001_R0002_0003,/home/zhenyusen/MIP-quantum/data/miplib_benders/qaoa_problems/nvars_06/neos8_ds_qaoa_R0001_R0002_0003.json,6,2,8,linear,262144,0.00038994988426566124,0.18696925602853298,0.0,"[0, 0, 0, 0, 1, 1]",323.0625,355.0625,/home/zhenyusen/MIP-quantum/benchmark_qaoa_feasible.py --worker-problem /home/zhenyusen/MIP-quantum/data/miplib_benders/qaoa_problems/nvars_06/neos8_ds_qaoa_R0001_R0002_0003.json --worker-result /tmp/qaoa_feasible_bi_pbczu/result.json --p 1 --maxiter 5 --seed 42 --circuit-type multi_beta
qaoa_feasible_benchmark_a100_20260721_162713_cvIP_qaoa_first_feasible.csv,2026-07-21T16:36:43+0800,59950,neos8_ds_qaoa_R0001_R0002_0007,/home/zhenyusen/MIP-quantum/data/miplib_benders/qaoa_problems/nvars_06/neos8_ds_qaoa_R0001_R0002_0007.json,6,2,8,linear,262144,0.0004003150388598442,0.19389259489253163,0.0,"[0, 0, 0, 0, 1, 1]",331.06640625,363.06640625,/home/zhenyusen/MIP-quantum/benchmark_qaoa_feasible.py --worker-problem /home/zhenyusen/MIP-quantum/data/miplib_benders/qaoa_problems/nvars_06/neos8_ds_qaoa_R0001_R0002_0007.json --worker-result /tmp/qaoa_feasible_j0lzgtev/result.json --p 1 --maxiter 5 --seed 42 --circuit-type multi_beta
qaoa_feasible_benchmark_a100_20260721_162713_cvIP_qaoa_first_feasible.csv,2026-07-21T16:36:48+0800,60216,neos8_ds_qaoa_R0001_R0002_0008,/home/zhenyusen/MIP-quantum/data/miplib_benders/qaoa_problems/nvars_06/neos8_ds_qaoa_R0001_R0002_0008.json,6,2,8,linear,262144,0.00040451204404234886,0.18978979112580419,0.0,"[0, 0, 0, 0, 1, 1]",323.0625,355.0625,/home/zhenyusen/MIP-quantum/benchmark_qaoa_feasible.py --worker-problem /home/zhenyusen/MIP-quantum/data/miplib_benders/qaoa_problems/nvars_06/neos8_ds_qaoa_R0001_R0002_0008.json --worker-result /tmp/qaoa_feasible__0e_ofv_/result.json --p 1 --maxiter 5 --seed 42 --circuit-type multi_beta
qaoa_feasible_benchmark_a100_20260721_162713_cvIP_qaoa_first_feasible.csv,2026-07-21T16:36:52+0800,60466,neos8_ds_qaoa_R0002_0001,/home/zhenyusen/MIP-quantum/data/miplib_benders/qaoa_problems/nvars_06/neos8_ds_qaoa_R0002_0001.json,6,1,8,linear,262144,0.00026675290428102016,0.22490977006964386,0.0,"[0, 0, 0, 0, 0, 1]",341.06640625,381.06640625,/home/zhenyusen/MIP-quantum/benchmark_qaoa_feasible.py --worker-problem /home/zhenyusen/MIP-quantum/data/miplib_benders/qaoa_problems/nvars_06/neos8_ds_qaoa_R0002_0001.json --worker-result /tmp/qaoa_feasible_l0vr3l7q/result.json --p 1 --maxiter 5 --seed 42 --circuit-type multi_beta
qaoa_feasible_benchmark_a100_20260721_162713_cvIP_qaoa_first_feasible.csv,2026-07-21T16:36:57+0800,60716,neos8_ds_qaoa_R0002_0002,/home/zhenyusen/MIP-quantum/data/miplib_benders/qaoa_problems/nvars_06/neos8_ds_qaoa_R0002_0002.json,6,1,8,linear,262144,0.00026829494163393974,0.22872003307566047,0.0,"[0, 0, 0, 0, 0, 1]",341.0625,381.0625,/home/zhenyusen/MIP-quantum/benchmark_qaoa_feasible.py --worker-problem /home/zhenyusen/MIP-quantum/data/miplib_benders/qaoa_problems/nvars_06/neos8_ds_qaoa_R0002_0002.json --worker-result /tmp/qaoa_feasible_lhz6_hjn/result.json --p 1 --maxiter 5 --seed 42 --circuit-type multi_beta
qaoa_feasible_benchmark_a100_20260721_162713_cvIP_qaoa_first_feasible.csv,2026-07-21T16:37:02+0800,60974,neos8_ds_qaoa_R0002_0003,/home/zhenyusen/MIP-quantum/data/miplib_benders/qaoa_problems/nvars_06/neos8_ds_qaoa_R0002_0003.json,6,1,8,linear,262144,0.0002732928842306137,0.22721563815139234,0.0,"[0, 0, 0, 0, 0, 1]",343.05859375,383.05859375,/home/zhenyusen/MIP-quantum/benchmark_qaoa_feasible.py --worker-problem /home/zhenyusen/MIP-quantum/data/miplib_benders/qaoa_problems/nvars_06/neos8_ds_qaoa_R0002_0003.json --worker-result /tmp/qaoa_feasible_kg_bbkdd/result.json --p 1 --maxiter 5 --seed 42 --circuit-type multi_beta
qaoa_feasible_benchmark_a100_20260721_162713_cvIP_qaoa_first_feasible.csv,2026-07-21T16:37:07+0800,61224,neos8_ds_qaoa_R0002_0004,/home/zhenyusen/MIP-quantum/data/miplib_benders/qaoa_problems/nvars_06/neos8_ds_qaoa_R0002_0004.json,6,1,8,linear,262144,0.0002644001506268978,0.22819326701574028,0.0,"[0, 0, 0, 0, 0, 1]",343.0625,383.0625,/home/zhenyusen/MIP-quantum/benchmark_qaoa_feasible.py --worker-problem /home/zhenyusen/MIP-quantum/data/miplib_benders/qaoa_problems/nvars_06/neos8_ds_qaoa_R0002_0004.json --worker-result /tmp/qaoa_feasible_yychc2td/result.json --p 1 --maxiter 5 --seed 42 --circuit-type multi_beta
qaoa_feasible_benchmark_a100_20260721_162713_cvIP_qaoa_first_feasible.csv,2026-07-21T16:37:12+0800,61477,neos8_ds_qaoa_R0002_0005,/home/zhenyusen/MIP-quantum/data/miplib_benders/qaoa_problems/nvars_06/neos8_ds_qaoa_R0002_0005.json,6,1,8,linear,262144,0.0002545551396906376,0.22490876098163426,0.0,"[0, 0, 0, 0, 0, 1]",339.20703125,379.20703125,/home/zhenyusen/MIP-quantum/benchmark_qaoa_feasible.py --worker-problem /home/zhenyusen/MIP-quantum/data/miplib_benders/qaoa_problems/nvars_06/neos8_ds_qaoa_R0002_0005.json --worker-result /tmp/qaoa_feasible_qyc0fjha/result.json --p 1 --maxiter 5 --seed 42 --circuit-type multi_beta
qaoa_feasible_benchmark_a100_20260721_162713_cvIP_qaoa_first_feasible.csv,2026-07-21T16:37:17+0800,61759,neos8_ds_qaoa_R0002_0006,/home/zhenyusen/MIP-quantum/data/miplib_benders/qaoa_problems/nvars_06/neos8_ds_qaoa_R0002_0006.json,6,1,8,linear,262144,0.00027385400608181953,0.22553326608613133,0.0,"[0, 0, 0, 0, 0, 1]",343.05859375,383.05859375,/home/zhenyusen/MIP-quantum/benchmark_qaoa_feasible.py --worker-problem /home/zhenyusen/MIP-quantum/data/miplib_benders/qaoa_problems/nvars_06/neos8_ds_qaoa_R0002_0006.json --worker-result /tmp/qaoa_feasible_f531bsvi/result.json --p 1 --maxiter 5 --seed 42 --circuit-type multi_beta
qaoa_feasible_benchmark_a100_20260721_162713_cvIP_qaoa_first_feasible.csv,2026-07-21T16:37:22+0800,62095,neos8_ds_qaoa_R0002_R0003_0004,/home/zhenyusen/MIP-quantum/data/miplib_benders/qaoa_problems/nvars_06/neos8_ds_qaoa_R0002_R0003_0004.json,6,2,8,linear,262144,0.0003908909857273102,0.18710111803375185,0.0,"[0, 0, 0, 0, 1, 1]",326.953125,358.953125,/home/zhenyusen/MIP-quantum/benchmark_qaoa_feasible.py --worker-problem /home/zhenyusen/MIP-quantum/data/miplib_benders/qaoa_problems/nvars_06/neos8_ds_qaoa_R0002_R0003_0004.json --worker-result /tmp/qaoa_feasible_vjzlpo0r/result.json --p 1 --maxiter 5 --seed 42 --circuit-type multi_beta
qaoa_feasible_benchmark_a100_20260721_162713_cvIP_qaoa_first_feasible.csv,2026-07-21T16:37:27+0800,62344,neos8_ds_qaoa_R0002_R0003_0005,/home/zhenyusen/MIP-quantum/data/miplib_benders/qaoa_problems/nvars_06/neos8_ds_qaoa_R0002_R0003_0005.json,6,2,8,linear,262144,0.0003947070799767971,0.1926395739428699,0.0,"[0, 0, 0, 0, 1, 1]",331.05859375,363.05859375,/home/zhenyusen/MIP-quantum/benchmark_qaoa_feasible.py --worker-problem /home/zhenyusen/MIP-quantum/data/miplib_benders/qaoa_problems/nvars_06/neos8_ds_qaoa_R0002_R0003_0005.json --worker-result /tmp/qaoa_feasible_c0v7xozy/result.json --p 1 --maxiter 5 --seed 42 --circuit-type multi_beta
qaoa_feasible_benchmark_a100_20260721_162713_cvIP_qaoa_first_feasible.csv,2026-07-21T16:37:31+0800,62662,neos8_ds_qaoa_R0003_0001,/home/zhenyusen/MIP-quantum/data/miplib_benders/qaoa_problems/nvars_06/neos8_ds_qaoa_R0003_0001.json,6,1,8,linear,262144,0.00026354892179369926,0.23144041001796722,0.0,"[0, 0, 0, 0, 0, 1]",341.0703125,381.0703125,/home/zhenyusen/MIP-quantum/benchmark_qaoa_feasible.py --worker-problem /home/zhenyusen/MIP-quantum/data/miplib_benders/qaoa_problems/nvars_06/neos8_ds_qaoa_R0003_0001.json --worker-result /tmp/qaoa_feasible_7eg75bv0/result.json --p 1 --maxiter 5 --seed 42 --circuit-type multi_beta
qaoa_feasible_benchmark_a100_20260721_162713_cvIP_qaoa_first_feasible.csv,2026-07-21T16:37:36+0800,62961,neos8_ds_qaoa_R0003_0002,/home/zhenyusen/MIP-quantum/data/miplib_benders/qaoa_problems/nvars_06/neos8_ds_qaoa_R0003_0002.json,6,1,8,linear,262144,0.00027349404990673065,0.2249864819459617,0.0,"[0, 0, 0, 0, 0, 1]",343.171875,383.171875,/home/zhenyusen/MIP-quantum/benchmark_qaoa_feasible.py --worker-problem /home/zhenyusen/MIP-quantum/data/miplib_benders/qaoa_problems/nvars_06/neos8_ds_qaoa_R0003_0002.json --worker-result /tmp/qaoa_feasible_w3nu8fld/result.json --p 1 --maxiter 5 --seed 42 --circuit-type multi_beta
qaoa_feasible_benchmark_a100_20260721_162713_cvIP_qaoa_first_feasible.csv,2026-07-21T16:37:41+0800,63293,neos8_ds_qaoa_R0003_R0004_0004,/home/zhenyusen/MIP-quantum/data/miplib_benders/qaoa_problems/nvars_06/neos8_ds_qaoa_R0003_R0004_0004.json,6,2,8,linear,262144,0.00039782188832759857,0.1870395471341908,0.0,"[0, 0, 0, 0, 1, 1]",323.0625,355.0625,/home/zhenyusen/MIP-quantum/benchmark_qaoa_feasible.py --worker-problem /home/zhenyusen/MIP-quantum/data/miplib_benders/qaoa_problems/nvars_06/neos8_ds_qaoa_R0003_R0004_0004.json --worker-result /tmp/qaoa_feasible_pew9hdlv/result.json --p 1 --maxiter 5 --seed 42 --circuit-type multi_beta
qaoa_feasible_benchmark_a100_20260721_162713_cvIP_qaoa_first_feasible.csv,2026-07-21T16:37:46+0800,63509,neos8_ds_qaoa_R0003_R0004_0005,/home/zhenyusen/MIP-quantum/data/miplib_benders/qaoa_problems/nvars_06/neos8_ds_qaoa_R0003_R0004_0005.json,6,2,8,linear,262144,0.00039939419366419315,0.18705552211031318,0.0,"[0, 0, 0, 0, 1, 1]",323.07421875,355.07421875,/home/zhenyusen/MIP-quantum/benchmark_qaoa_feasible.py --worker-problem /home/zhenyusen/MIP-quantum/data/miplib_benders/qaoa_problems/nvars_06/neos8_ds_qaoa_R0003_R0004_0005.json --worker-result /tmp/qaoa_feasible_m9l3knqe/result.json --p 1 --maxiter 5 --seed 42 --circuit-type multi_beta
qaoa_feasible_benchmark_a100_20260721_162713_cvIP_qaoa_first_feasible.csv,2026-07-21T16:37:51+0800,63811,neos8_ds_qaoa_R0003_R0004_0006,/home/zhenyusen/MIP-quantum/data/miplib_benders/qaoa_problems/nvars_06/neos8_ds_qaoa_R0003_R0004_0006.json,6,2,8,linear,262144,0.00040374998934566975,0.18776765908114612,0.0,"[0, 0, 0, 0, 1, 1]",323.17578125,355.17578125,/home/zhenyusen/MIP-quantum/benchmark_qaoa_feasible.py --worker-problem /home/zhenyusen/MIP-quantum/data/miplib_benders/qaoa_problems/nvars_06/neos8_ds_qaoa_R0003_R0004_0006.json --worker-result /tmp/qaoa_feasible_q6up3qqc/result.json --p 1 --maxiter 5 --seed 42 --circuit-type multi_beta
qaoa_feasible_benchmark_a100_20260721_162713_cvIP_qaoa_first_feasible.csv,2026-07-21T16:37:56+0800,64046,neos8_ds_qaoa_R0004_0001,/home/zhenyusen/MIP-quantum/data/miplib_benders/qaoa_problems/nvars_06/neos8_ds_qaoa_R0004_0001.json,6,1,8,linear,262144,0.00025362404994666576,0.22556503815576434,0.0,"[0, 0, 0, 0, 0, 1]",343.17578125,383.17578125,/home/zhenyusen/MIP-quantum/benchmark_qaoa_feasible.py --worker-problem /home/zhenyusen/MIP-quantum/data/miplib_benders/qaoa_problems/nvars_06/neos8_ds_qaoa_R0004_0001.json --worker-result /tmp/qaoa_feasible_zld5k8my/result.json --p 1 --maxiter 5 --seed 42 --circuit-type multi_beta
qaoa_feasible_benchmark_a100_20260721_162713_cvIP_qaoa_first_feasible.csv,2026-07-21T16:38:01+0800,64348,neos8_ds_qaoa_R0004_0002,/home/zhenyusen/MIP-quantum/data/miplib_benders/qaoa_problems/nvars_06/neos8_ds_qaoa_R0004_0002.json,6,1,8,linear,262144,0.00026111514307558537,0.2231979591306299,0.0,"[0, 0, 0, 0, 0, 1]",343.06640625,383.06640625,/home/zhenyusen/MIP-quantum/benchmark_qaoa_feasible.py --worker-problem /home/zhenyusen/MIP-quantum/data/miplib_benders/qaoa_problems/nvars_06/neos8_ds_qaoa_R0004_0002.json --worker-result /tmp/qaoa_feasible_i3h2hwns/result.json --p 1 --maxiter 5 --seed 42 --circuit-type multi_beta
qaoa_feasible_benchmark_a100_20260721_162713_cvIP_qaoa_first_feasible.csv,2026-07-21T16:38:05+0800,64578,neos8_ds_qaoa_R0004_R0065_0003,/home/zhenyusen/MIP-quantum/data/miplib_benders/qaoa_problems/nvars_06/neos8_ds_qaoa_R0004_R0065_0003.json,6,2,8,linear,262144,0.00038040499202907085,0.19159454782493412,0.0,"[0, 0, 0, 0, 1, 0]",323.12109375,355.12109375,/home/zhenyusen/MIP-quantum/benchmark_qaoa_feasible.py --worker-problem /home/zhenyusen/MIP-quantum/data/miplib_benders/qaoa_problems/nvars_06/neos8_ds_qaoa_R0004_R0065_0003.json --worker-result /tmp/qaoa_feasible_5_p1kwqx/result.json --p 1 --maxiter 5 --seed 42 --circuit-type multi_beta
qaoa_feasible_benchmark_a100_20260721_162713_cvIP_qaoa_first_feasible.csv,2026-07-21T16:38:10+0800,64848,supportcase6_ds_qaoa_c539_c722_0009,/home/zhenyusen/MIP-quantum/data/miplib_benders/qaoa_problems/nvars_06/supportcase6_ds_qaoa_c539_c722_0009.json,6,2,8,linear,262144,0.007469685981050134,0.20086746104061604,151847000.0,"[0, 0, 1, 0, 0, 0]",327.0703125,359.0703125,/home/zhenyusen/MIP-quantum/benchmark_qaoa_feasible.py --worker-problem /home/zhenyusen/MIP-quantum/data/miplib_benders/qaoa_problems/nvars_06/supportcase6_ds_qaoa_c539_c722_0009.json --worker-result /tmp/qaoa_feasible_58kf7c9n/result.json --p 1 --maxiter 5 --seed 42 --circuit-type multi_beta
qaoa_feasible_benchmark_a100_20260721_162713_cvIP_qaoa_first_feasible.csv,2026-07-21T16:38:15+0800,65085,supportcase6_ds_qaoa_c539_c722_c726_0009,/home/zhenyusen/MIP-quantum/data/miplib_benders/qaoa_problems/nvars_06/supportcase6_ds_qaoa_c539_c722_c726_0009.json,6,3,8,linear,262144,0.0073924888856709,0.17031345586292446,151847000.0,"[0, 0, 1, 0, 0, 0]",311.0546875,335.0546875,/home/zhenyusen/MIP-quantum/benchmark_qaoa_feasible.py --worker-problem /home/zhenyusen/MIP-quantum/data/miplib_benders/qaoa_problems/nvars_06/supportcase6_ds_qaoa_c539_c722_c726_0009.json --worker-result /tmp/qaoa_feasible_j4ynlx9o/result.json --p 1 --maxiter 5 --seed 42 --circuit-type multi_beta
qaoa_feasible_benchmark_a100_20260721_162713_cvIP_qaoa_first_feasible.csv,2026-07-21T16:38:20+0800,65425,supportcase6_ds_qaoa_c722_c726_0001,/home/zhenyusen/MIP-quantum/data/miplib_benders/qaoa_problems/nvars_06/supportcase6_ds_qaoa_c722_c726_0001.json,6,2,8,linear,262144,0.0002658420708030462,0.19517039693892002,151847000.0,"[0, 0, 0, 0, 0, 1]",325.0625,357.0625,/home/zhenyusen/MIP-quantum/benchmark_qaoa_feasible.py --worker-problem /home/zhenyusen/MIP-quantum/data/miplib_benders/qaoa_problems/nvars_06/supportcase6_ds_qaoa_c722_c726_0001.json --worker-result /tmp/qaoa_feasible_isn8hryz/result.json --p 1 --maxiter 5 --seed 42 --circuit-type multi_beta
qaoa_feasible_benchmark_a100_20260721_162713_cvIP_qaoa_first_feasible.csv,2026-07-21T16:38:25+0800,65657,supportcase6_ds_qaoa_c722_c726_0002,/home/zhenyusen/MIP-quantum/data/miplib_benders/qaoa_problems/nvars_06/supportcase6_ds_qaoa_c722_c726_0002.json,6,2,8,linear,262144,0.00026429002173244953,0.1947484789416194,150892000.0,"[0, 0, 0, 0, 0, 1]",327.05859375,359.05859375,/home/zhenyusen/MIP-quantum/benchmark_qaoa_feasible.py --worker-problem /home/zhenyusen/MIP-quantum/data/miplib_benders/qaoa_problems/nvars_06/supportcase6_ds_qaoa_c722_c726_0002.json --worker-result /tmp/qaoa_feasible_avw5cqgx/result.json --p 1 --maxiter 5 --seed 42 --circuit-type multi_beta
qaoa_feasible_benchmark_a100_20260721_162713_cvIP_qaoa_first_feasible.csv,2026-07-21T16:38:30+0800,66079,supportcase6_ds_qaoa_c722_c726_0003,/home/zhenyusen/MIP-quantum/data/miplib_benders/qaoa_problems/nvars_06/supportcase6_ds_qaoa_c722_c726_0003.json,6,2,8,linear,262144,0.00027254200540483,0.19550973013974726,134333000.0,"[0, 0, 0, 0, 0, 1]",327.0625,359.0625,/home/zhenyusen/MIP-quantum/benchmark_qaoa_feasible.py --worker-problem /home/zhenyusen/MIP-quantum/data/miplib_benders/qaoa_problems/nvars_06/supportcase6_ds_qaoa_c722_c726_0003.json --worker-result /tmp/qaoa_feasible_dcwnfivh/result.json --p 1 --maxiter 5 --seed 42 --circuit-type multi_beta
qaoa_feasible_benchmark_a100_20260721_162713_cvIP_qaoa_first_feasible.csv,2026-07-21T16:38:35+0800,66318,supportcase6_ds_qaoa_c722_c726_0004,/home/zhenyusen/MIP-quantum/data/miplib_benders/qaoa_problems/nvars_06/supportcase6_ds_qaoa_c722_c726_0004.json,6,2,8,linear,262144,0.00026995805092155933,0.1926885941065848,145944000.0,"[0, 0, 0, 0, 0, 1]",325.0703125,357.0703125,/home/zhenyusen/MIP-quantum/benchmark_qaoa_feasible.py --worker-problem /home/zhenyusen/MIP-quantum/data/miplib_benders/qaoa_problems/nvars_06/supportcase6_ds_qaoa_c722_c726_0004.json --worker-result /tmp/qaoa_feasible_u3frjaou/result.json --p 1 --maxiter 5 --seed 42 --circuit-type multi_beta
qaoa_feasible_benchmark_a100_20260721_162713_cvIP_qaoa_first_feasible.csv,2026-07-21T16:38:39+0800,66649,supportcase6_ds_qaoa_c722_c726_0005,/home/zhenyusen/MIP-quantum/data/miplib_benders/qaoa_problems/nvars_06/supportcase6_ds_qaoa_c722_c726_0005.json,6,2,8,linear,262144,0.00037981406785547733,0.1767393450718373,145944000.0,"[0, 0, 0, 0, 1, 0]",327.06640625,359.06640625,/home/zhenyusen/MIP-quantum/benchmark_qaoa_feasible.py --worker-problem /home/zhenyusen/MIP-quantum/data/miplib_benders/qaoa_problems/nvars_06/supportcase6_ds_qaoa_c722_c726_0005.json --worker-result /tmp/qaoa_feasible_pwemqb59/result.json --p 1 --maxiter 5 --seed 42 --circuit-type multi_beta
qaoa_feasible_benchmark_a100_20260721_162713_cvIP_qaoa_first_feasible.csv,2026-07-21T16:38:44+0800,66867,supportcase6_ds_qaoa_c722_c726_c733_0003,/home/zhenyusen/MIP-quantum/data/miplib_benders/qaoa_problems/nvars_06/supportcase6_ds_qaoa_c722_c726_c733_0003.json,6,3,8,linear,262144,0.0002739450428634882,0.16365067102015018,134333000.0,"[0, 0, 0, 0, 0, 1]",311.05859375,335.05859375,/home/zhenyusen/MIP-quantum/benchmark_qaoa_feasible.py --worker-problem /home/zhenyusen/MIP-quantum/data/miplib_benders/qaoa_problems/nvars_06/supportcase6_ds_qaoa_c722_c726_c733_0003.json --worker-result /tmp/qaoa_feasible_gaocn7n8/result.json --p 1 --maxiter 5 --seed 42 --circuit-type multi_beta
qaoa_feasible_benchmark_a100_20260721_162713_cvIP_qaoa_first_feasible.csv,2026-07-21T16:38:49+0800,67162,supportcase6_ds_qaoa_c726_c733_0003,/home/zhenyusen/MIP-quantum/data/miplib_benders/qaoa_problems/nvars_06/supportcase6_ds_qaoa_c726_c733_0003.json,6,2,8,linear,262144,0.00026962789706885815,0.19398240186274052,134333000.0,"[0, 0, 0, 0, 0, 1]",327.0625,359.0625,/home/zhenyusen/MIP-quantum/benchmark_qaoa_feasible.py --worker-problem /home/zhenyusen/MIP-quantum/data/miplib_benders/qaoa_problems/nvars_06/supportcase6_ds_qaoa_c726_c733_0003.json --worker-result /tmp/qaoa_feasible_z83jrj0o/result.json --p 1 --maxiter 5 --seed 42 --circuit-type multi_beta
qaoa_feasible_benchmark_a100_20260721_162713_cvIP_qaoa_first_feasible.csv,2026-07-21T16:38:54+0800,67514,supportcase6_ds_qaoa_c726_c733_0005,/home/zhenyusen/MIP-quantum/data/miplib_benders/qaoa_problems/nvars_06/supportcase6_ds_qaoa_c726_c733_0005.json,6,2,8,linear,262144,0.000403770012781024,0.19582333602011204,290831000.0,"[0, 0, 0, 0, 1, 1]",327.1796875,359.1796875,/home/zhenyusen/MIP-quantum/benchmark_qaoa_feasible.py --worker-problem /home/zhenyusen/MIP-quantum/data/miplib_benders/qaoa_problems/nvars_06/supportcase6_ds_qaoa_c726_c733_0005.json --worker-result /tmp/qaoa_feasible_byfi13lq/result.json --p 1 --maxiter 5 --seed 42 --circuit-type multi_beta
qaoa_feasible_benchmark_a100_20260721_162713_cvIP_qaoa_first_feasible.csv,2026-07-21T16:38:59+0800,67844,supportcase6_ds_qaoa_c726_c733_c745_0003,/home/zhenyusen/MIP-quantum/data/miplib_benders/qaoa_problems/nvars_06/supportcase6_ds_qaoa_c726_c733_c745_0003.json,6,3,8,linear,262144,0.00026163505390286446,0.1640718700364232,134333000.0,"[0, 0, 0, 0, 0, 1]",311.0703125,335.0703125,/home/zhenyusen/MIP-quantum/benchmark_qaoa_feasible.py --worker-problem /home/zhenyusen/MIP-quantum/data/miplib_benders/qaoa_problems/nvars_06/supportcase6_ds_qaoa_c726_c733_c745_0003.json --worker-result /tmp/qaoa_feasible_ocdq7ped/result.json --p 1 --maxiter 5 --seed 42 --circuit-type multi_beta
qaoa_feasible_benchmark_a100_20260721_162713_cvIP_qaoa_first_feasible.csv,2026-07-21T16:39:04+0800,68070,supportcase6_ds_qaoa_c726_c733_c745_0005,/home/zhenyusen/MIP-quantum/data/miplib_benders/qaoa_problems/nvars_06/supportcase6_ds_qaoa_c726_c733_c745_0005.json,6,3,8,linear,262144,0.001180014805868268,0.16615164489485323,134333000.0,"[0, 0, 0, 1, 0, 0]",311.078125,335.078125,/home/zhenyusen/MIP-quantum/benchmark_qaoa_feasible.py --worker-problem /home/zhenyusen/MIP-quantum/data/miplib_benders/qaoa_problems/nvars_06/supportcase6_ds_qaoa_c726_c733_c745_0005.json --worker-result /tmp/qaoa_feasible_audlueo_/result.json --p 1 --maxiter 5 --seed 42 --circuit-type multi_beta
qaoa_feasible_benchmark_a100_20260721_162713_cvIP_qaoa_first_feasible.csv,2026-07-21T16:39:08+0800,68344,supportcase6_ds_qaoa_c733_c745_0001,/home/zhenyusen/MIP-quantum/data/miplib_benders/qaoa_problems/nvars_06/supportcase6_ds_qaoa_c733_c745_0001.json,6,2,8,linear,262144,0.00026990892365574837,0.1945949390064925,134333000.0,"[0, 0, 0, 0, 0, 1]",327.0703125,359.0703125,/home/zhenyusen/MIP-quantum/benchmark_qaoa_feasible.py --worker-problem /home/zhenyusen/MIP-quantum/data/miplib_benders/qaoa_problems/nvars_06/supportcase6_ds_qaoa_c733_c745_0001.json --worker-result /tmp/qaoa_feasible_wrb0apk7/result.json --p 1 --maxiter 5 --seed 42 --circuit-type multi_beta
qaoa_feasible_benchmark_a100_20260721_162713_cvIP_qaoa_first_feasible.csv,2026-07-21T16:39:13+0800,68564,supportcase6_ds_qaoa_c733_c745_0002,/home/zhenyusen/MIP-quantum/data/miplib_benders/qaoa_problems/nvars_06/supportcase6_ds_qaoa_c733_c745_0002.json,6,2,8,linear,262144,0.0003859628923237324,0.19456285098567605,134333000.0,"[0, 0, 0, 0, 1, 0]",327.07421875,359.07421875,/home/zhenyusen/MIP-quantum/benchmark_qaoa_feasible.py --worker-problem /home/zhenyusen/MIP-quantum/data/miplib_benders/qaoa_problems/nvars_06/supportcase6_ds_qaoa_c733_c745_0002.json --worker-result /tmp/qaoa_feasible_h57o1ctr/result.json --p 1 --maxiter 5 --seed 42 --circuit-type multi_beta
qaoa_feasible_benchmark_a100_20260721_162713_cvIP_qaoa_first_feasible.csv,2026-07-21T16:39:18+0800,68791,supportcase6_ds_qaoa_c733_c745_0003,/home/zhenyusen/MIP-quantum/data/miplib_benders/qaoa_problems/nvars_06/supportcase6_ds_qaoa_c733_c745_0003.json,6,2,8,linear,262144,0.0002580401487648487,0.19500078400596976,144887000.0,"[0, 0, 0, 0, 0, 1]",325.27734375,357.27734375,/home/zhenyusen/MIP-quantum/benchmark_qaoa_feasible.py --worker-problem /home/zhenyusen/MIP-quantum/data/miplib_benders/qaoa_problems/nvars_06/supportcase6_ds_qaoa_c733_c745_0003.json --worker-result /tmp/qaoa_feasible_b56z5ml1/result.json --p 1 --maxiter 5 --seed 42 --circuit-type multi_beta
qaoa_feasible_benchmark_a100_20260721_162713_cvIP_qaoa_first_feasible.csv,2026-07-21T16:39:23+0800,69033,supportcase6_ds_qaoa_c733_c745_0004,/home/zhenyusen/MIP-quantum/data/miplib_benders/qaoa_problems/nvars_06/supportcase6_ds_qaoa_c733_c745_0004.json,6,2,8,linear,262144,0.00036941911093890667,0.19490124401636422,144887000.0,"[0, 0, 0, 0, 1, 0]",327.0703125,359.0703125,/home/zhenyusen/MIP-quantum/benchmark_qaoa_feasible.py --worker-problem /home/zhenyusen/MIP-quantum/data/miplib_benders/qaoa_problems/nvars_06/supportcase6_ds_qaoa_c733_c745_0004.json --worker-result /tmp/qaoa_feasible_ncdstvng/result.json --p 1 --maxiter 5 --seed 42 --circuit-type multi_beta
qaoa_feasible_benchmark_a100_20260721_162713_cvIP_qaoa_first_feasible.csv,2026-07-21T16:39:28+0800,69288,supportcase6_ds_qaoa_c733_c745_c747_0003,/home/zhenyusen/MIP-quantum/data/miplib_benders/qaoa_problems/nvars_06/supportcase6_ds_qaoa_c733_c745_c747_0003.json,6,3,8,linear,262144,0.00027239182963967323,0.16161257191561162,134333000.0,"[0, 0, 0, 0, 0, 1]",311.05859375,335.05859375,/home/zhenyusen/MIP-quantum/benchmark_qaoa_feasible.py --worker-problem /home/zhenyusen/MIP-quantum/data/miplib_benders/qaoa_problems/nvars_06/supportcase6_ds_qaoa_c733_c745_c747_0003.json --worker-result /tmp/qaoa_feasible_tk_a74k5/result.json --p 1 --maxiter 5 --seed 42 --circuit-type multi_beta
qaoa_feasible_benchmark_a100_20260721_162713_cvIP_qaoa_first_feasible.csv,2026-07-21T16:39:33+0800,69531,supportcase6_ds_qaoa_c733_c745_c747_0005,/home/zhenyusen/MIP-quantum/data/miplib_benders/qaoa_problems/nvars_06/supportcase6_ds_qaoa_c733_c745_c747_0005.json,6,3,8,linear,262144,0.0002787420526146889,0.1626970018260181,144887000.0,"[0, 0, 0, 0, 0, 1]",308.9765625,332.9765625,/home/zhenyusen/MIP-quantum/benchmark_qaoa_feasible.py --worker-problem /home/zhenyusen/MIP-quantum/data/miplib_benders/qaoa_problems/nvars_06/supportcase6_ds_qaoa_c733_c745_c747_0005.json --worker-result /tmp/qaoa_feasible_qiyz6egu/result.json --p 1 --maxiter 5 --seed 42 --circuit-type multi_beta
qaoa_feasible_benchmark_a100_20260721_162713_cvIP_qaoa_first_feasible.csv,2026-07-21T16:39:38+0800,69818,supportcase6_ds_qaoa_c745_c747_0001,/home/zhenyusen/MIP-quantum/data/miplib_benders/qaoa_problems/nvars_06/supportcase6_ds_qaoa_c745_c747_0001.json,6,2,8,linear,262144,0.0003781318664550781,0.1979454078245908,144887000.0,"[0, 0, 0, 0, 1, 0]",327.0703125,359.0703125,/home/zhenyusen/MIP-quantum/benchmark_qaoa_feasible.py --worker-problem /home/zhenyusen/MIP-quantum/data/miplib_benders/qaoa_problems/nvars_06/supportcase6_ds_qaoa_c745_c747_0001.json --worker-result /tmp/qaoa_feasible_0rr608v0/result.json --p 1 --maxiter 5 --seed 42 --circuit-type multi_beta
qaoa_feasible_benchmark_a100_20260721_162713_cvIP_qaoa_first_feasible.csv,2026-07-21T16:39:42+0800,70080,supportcase6_ds_qaoa_c745_c747_0002,/home/zhenyusen/MIP-quantum/data/miplib_benders/qaoa_problems/nvars_06/supportcase6_ds_qaoa_c745_c747_0002.json,6,2,8,linear,262144,0.0003581920173019171,0.17937398399226367,150892000.0,"[0, 0, 0, 0, 0, 1]",323.6796875,355.6796875,/home/zhenyusen/MIP-quantum/benchmark_qaoa_feasible.py --worker-problem /home/zhenyusen/MIP-quantum/data/miplib_benders/qaoa_problems/nvars_06/supportcase6_ds_qaoa_c745_c747_0002.json --worker-result /tmp/qaoa_feasible_72jawoxq/result.json --p 1 --maxiter 5 --seed 42 --circuit-type multi_beta
qaoa_feasible_benchmark_a100_20260721_162713_cvIP_qaoa_first_feasible.csv,2026-07-21T16:39:48+0800,70377,supportcase6_ds_qaoa_c745_c747_0003,/home/zhenyusen/MIP-quantum/data/miplib_benders/qaoa_problems/nvars_06/supportcase6_ds_qaoa_c745_c747_0003.json,6,2,8,linear,262144,0.00029155099764466286,0.19860416487790644,134333000.0,"[0, 0, 0, 0, 0, 1]",327.08203125,359.08203125,/home/zhenyusen/MIP-quantum/benchmark_qaoa_feasible.py --worker-problem /home/zhenyusen/MIP-quantum/data/miplib_benders/qaoa_problems/nvars_06/supportcase6_ds_qaoa_c745_c747_0003.json --worker-result /tmp/qaoa_feasible_74ah3_rp/result.json --p 1 --maxiter 5 --seed 42 --circuit-type multi_beta
qaoa_feasible_benchmark_a100_20260721_162713_cvIP_qaoa_first_feasible.csv,2026-07-21T16:39:53+0800,70622,supportcase6_ds_qaoa_c745_c747_0004,/home/zhenyusen/MIP-quantum/data/miplib_benders/qaoa_problems/nvars_06/supportcase6_ds_qaoa_c745_c747_0004.json,6,2,8,linear,262144,0.00027477601543068886,0.18603877304121852,145944000.0,"[0, 0, 0, 0, 0, 1]",323.7890625,355.7890625,/home/zhenyusen/MIP-quantum/benchmark_qaoa_feasible.py --worker-problem /home/zhenyusen/MIP-quantum/data/miplib_benders/qaoa_problems/nvars_06/supportcase6_ds_qaoa_c745_c747_0004.json --worker-result /tmp/qaoa_feasible_e2tx5pnj/result.json --p 1 --maxiter 5 --seed 42 --circuit-type multi_beta
qaoa_feasible_benchmark_a100_20260721_162713_cvIP_qaoa_first_feasible.csv,2026-07-21T16:39:57+0800,70889,supportcase6_ds_qaoa_c745_c747_0005,/home/zhenyusen/MIP-quantum/data/miplib_benders/qaoa_problems/nvars_06/supportcase6_ds_qaoa_c745_c747_0005.json,6,2,8,linear,262144,0.00026465090923011303,0.18819483392871916,144887000.0,"[0, 0, 0, 0, 0, 1]",323.6640625,355.6640625,/home/zhenyusen/MIP-quantum/benchmark_qaoa_feasible.py --worker-problem /home/zhenyusen/MIP-quantum/data/miplib_benders/qaoa_problems/nvars_06/supportcase6_ds_qaoa_c745_c747_0005.json --worker-result /tmp/qaoa_feasible_fk2nd77p/result.json --p 1 --maxiter 5 --seed 42 --circuit-type multi_beta
qaoa_feasible_benchmark_a100_20260721_162713_cvIP_qaoa_first_feasible.csv,2026-07-21T16:40:02+0800,71174,supportcase6_ds_qaoa_c745_c747_c759_0002,/home/zhenyusen/MIP-quantum/data/miplib_benders/qaoa_problems/nvars_06/supportcase6_ds_qaoa_c745_c747_c759_0002.json,6,3,8,linear,262144,0.0002939240075647831,0.15557746798731387,150892000.0,"[0, 0, 0, 0, 0, 1]",309.05859375,333.05859375,/home/zhenyusen/MIP-quantum/benchmark_qaoa_feasible.py --worker-problem /home/zhenyusen/MIP-quantum/data/miplib_benders/qaoa_problems/nvars_06/supportcase6_ds_qaoa_c745_c747_c759_0002.json --worker-result /tmp/qaoa_feasible_yi_fdttk/result.json --p 1 --maxiter 5 --seed 42 --circuit-type multi_beta
qaoa_feasible_benchmark_a100_20260721_162713_cvIP_qaoa_first_feasible.csv,2026-07-21T16:40:07+0800,71472,supportcase6_ds_qaoa_c747_c759_0001,/home/zhenyusen/MIP-quantum/data/miplib_benders/qaoa_problems/nvars_06/supportcase6_ds_qaoa_c747_c759_0001.json,6,2,8,linear,262144,0.00027888105250895023,0.18583618802949786,151847000.0,"[0, 0, 0, 0, 0, 1]",324.52734375,356.52734375,/home/zhenyusen/MIP-quantum/benchmark_qaoa_feasible.py --worker-problem /home/zhenyusen/MIP-quantum/data/miplib_benders/qaoa_problems/nvars_06/supportcase6_ds_qaoa_c747_c759_0001.json --worker-result /tmp/qaoa_feasible_m6rhh72s/result.json --p 1 --maxiter 5 --seed 42 --circuit-type multi_beta
qaoa_feasible_benchmark_a100_20260721_162713_cvIP_qaoa_first_feasible.csv,2026-07-21T16:40:12+0800,71810,supportcase6_ds_qaoa_c747_c759_0002,/home/zhenyusen/MIP-quantum/data/miplib_benders/qaoa_problems/nvars_06/supportcase6_ds_qaoa_c747_c759_0002.json,6,2,8,linear,262144,0.00026137614622712135,0.18179810093715787,150892000.0,"[0, 0, 0, 0, 0, 1]",327.0703125,359.0703125,/home/zhenyusen/MIP-quantum/benchmark_qaoa_feasible.py --worker-problem /home/zhenyusen/MIP-quantum/data/miplib_benders/qaoa_problems/nvars_06/supportcase6_ds_qaoa_c747_c759_0002.json --worker-result /tmp/qaoa_feasible_lnsy918t/result.json --p 1 --maxiter 5 --seed 42 --circuit-type multi_beta
qaoa_feasible_benchmark_a100_20260721_162713_cvIP_qaoa_first_feasible.csv,2026-07-21T16:40:17+0800,72084,supportcase6_ds_qaoa_c747_c759_c762_0001,/home/zhenyusen/MIP-quantum/data/miplib_benders/qaoa_problems/nvars_06/supportcase6_ds_qaoa_c747_c759_c762_0001.json,6,3,8,linear,262144,0.00027702911756932735,0.16039696685038507,151847000.0,"[0, 0, 0, 0, 0, 1]",309.0703125,333.0703125,/home/zhenyusen/MIP-quantum/benchmark_qaoa_feasible.py --worker-problem /home/zhenyusen/MIP-quantum/data/miplib_benders/qaoa_problems/nvars_06/supportcase6_ds_qaoa_c747_c759_c762_0001.json --worker-result /tmp/qaoa_feasible_qkoze9mz/result.json --p 1 --maxiter 5 --seed 42 --circuit-type multi_beta
qaoa_feasible_benchmark_a100_20260721_162713_cvIP_qaoa_first_feasible.csv,2026-07-21T16:40:22+0800,72391,supportcase6_ds_qaoa_c759_c762_0001,/home/zhenyusen/MIP-quantum/data/miplib_benders/qaoa_problems/nvars_06/supportcase6_ds_qaoa_c759_c762_0001.json,6,2,8,linear,262144,0.00040258909575641155,0.18476794310845435,151847000.0,"[0, 0, 0, 0, 1, 0]",321.07421875,353.07421875,/home/zhenyusen/MIP-quantum/benchmark_qaoa_feasible.py --worker-problem /home/zhenyusen/MIP-quantum/data/miplib_benders/qaoa_problems/nvars_06/supportcase6_ds_qaoa_c759_c762_0001.json --worker-result /tmp/qaoa_feasible_ea8oawu0/result.json --p 1 --maxiter 5 --seed 42 --circuit-type multi_beta
qaoa_feasible_benchmark_a100_20260721_162713_cvIP_qaoa_first_feasible.csv,2026-07-21T16:40:27+0800,72620,supportcase6_ds_qaoa_c759_c762_0002,/home/zhenyusen/MIP-quantum/data/miplib_benders/qaoa_problems/nvars_06/supportcase6_ds_qaoa_c759_c762_0002.json,6,2,8,linear,262144,0.000418052077293396,0.18372701900079846,296836000.0,"[0, 0, 0, 0, 1, 1]",327.0625,359.0625,/home/zhenyusen/MIP-quantum/benchmark_qaoa_feasible.py --worker-problem /home/zhenyusen/MIP-quantum/data/miplib_benders/qaoa_problems/nvars_06/supportcase6_ds_qaoa_c759_c762_0002.json --worker-result /tmp/qaoa_feasible_pt0w08c_/result.json --p 1 --maxiter 5 --seed 42 --circuit-type multi_beta
qaoa_feasible_benchmark_a100_20260721_162713_cvIP_qaoa_first_feasible.csv,2026-07-21T16:40:32+0800,72945,supportcase6_ds_qaoa_c759_c762_0004,/home/zhenyusen/MIP-quantum/data/miplib_benders/qaoa_problems/nvars_06/supportcase6_ds_qaoa_c759_c762_0004.json,6,2,8,linear,262144,0.00027200207114219666,0.18368327314965427,151847000.0,"[0, 0, 0, 0, 0, 1]",327.06640625,359.06640625,/home/zhenyusen/MIP-quantum/benchmark_qaoa_feasible.py --worker-problem /home/zhenyusen/MIP-quantum/data/miplib_benders/qaoa_problems/nvars_06/supportcase6_ds_qaoa_c759_c762_0004.json --worker-result /tmp/qaoa_feasible_mgptwg11/result.json --p 1 --maxiter 5 --seed 42 --circuit-type multi_beta
qaoa_feasible_benchmark_a100_20260721_162713_cvIP_qaoa_first_feasible.csv,2026-07-21T16:40:39+0800,73175,assign1-5-8_ds_qaoa_R0133_R0002_0001,/home/zhenyusen/MIP-quantum/data/miplib_benders/qaoa_problems/nvars_07/assign1-5-8_ds_qaoa_R0133_R0002_0001.json,7,2,8,linear,2097152,0.0029162410646677017,2.766608434030786,5.0,"[0, 0, 0, 0, 1, 0, 5]",1655.8828125,1943.8828125,/home/zhenyusen/MIP-quantum/benchmark_qaoa_feasible.py --worker-problem /home/zhenyusen/MIP-quantum/data/miplib_benders/qaoa_problems/nvars_07/assign1-5-8_ds_qaoa_R0133_R0002_0001.json --worker-result /tmp/qaoa_feasible_rtku5bvu/result.json --p 1 --maxiter 5 --seed 42 --circuit-type multi_beta
qaoa_feasible_benchmark_a100_20260721_162713_cvIP_qaoa_first_feasible.csv,2026-07-21T16:41:30+0800,74650,ex10_ds_qaoa_NOD26_NOD2X2_0001,/home/zhenyusen/MIP-quantum/data/miplib_benders/qaoa_problems/nvars_07/ex10_ds_qaoa_NOD26_NOD2X2_0001.json,7,2,8,linear,2097152,0.08279662393033504,3.5242878030985594,1.0,"[0, 0, 1, 0, 0, 0, 0]",1653.65234375,1941.65234375,/home/zhenyusen/MIP-quantum/benchmark_qaoa_feasible.py --worker-problem /home/zhenyusen/MIP-quantum/data/miplib_benders/qaoa_problems/nvars_07/ex10_ds_qaoa_NOD26_NOD2X2_0001.json --worker-result /tmp/qaoa_feasible_jd89xm1u/result.json --p 1 --maxiter 5 --seed 42 --circuit-type multi_beta
qaoa_feasible_benchmark_a100_20260721_162713_cvIP_qaoa_first_feasible.csv,2026-07-21T16:42:31+0800,76469,ex9_ds_qaoa_NOD2X5_NOD37_0005,/home/zhenyusen/MIP-quantum/data/miplib_benders/qaoa_problems/nvars_07/ex9_ds_qaoa_NOD2X5_NOD37_0005.json,7,2,8,linear,2097152,0.0004056030884385109,3.6984152279328555,1.0,"[0, 0, 0, 0, 0, 0, 1]",1656.94921875,1944.94921875,/home/zhenyusen/MIP-quantum/benchmark_qaoa_feasible.py --worker-problem /home/zhenyusen/MIP-quantum/data/miplib_benders/qaoa_problems/nvars_07/ex9_ds_qaoa_NOD2X5_NOD37_0005.json --worker-result /tmp/qaoa_feasible_81jica09/result.json --p 1 --maxiter 5 --seed 42 --circuit-type multi_beta
qaoa_feasible_benchmark_a100_20260721_162713_cvIP_qaoa_first_feasible.csv,2026-07-21T16:43:37+0800,78728,ex9_ds_qaoa_NOD2X5_NOD37_0006,/home/zhenyusen/MIP-quantum/data/miplib_benders/qaoa_problems/nvars_07/ex9_ds_qaoa_NOD2X5_NOD37_0006.json,7,2,8,linear,2097152,0.0006295919883996248,3.7522994368337095,1.0,"[0, 0, 0, 0, 0, 0, 1]",1656.21875,1944.21875,/home/zhenyusen/MIP-quantum/benchmark_qaoa_feasible.py --worker-problem /home/zhenyusen/MIP-quantum/data/miplib_benders/qaoa_problems/nvars_07/ex9_ds_qaoa_NOD2X5_NOD37_0006.json --worker-result /tmp/qaoa_feasible_gg10m6_1/result.json --p 1 --maxiter 5 --seed 42 --circuit-type multi_beta
qaoa_feasible_benchmark_a100_20260721_162713_cvIP_qaoa_first_feasible.csv,2026-07-21T16:44:29+0800,80331,ex9_ds_qaoa_NOD2X5_NOD37_0007,/home/zhenyusen/MIP-quantum/data/miplib_benders/qaoa_problems/nvars_07/ex9_ds_qaoa_NOD2X5_NOD37_0007.json,7,2,8,linear,2097152,0.0007726280018687248,3.042123771039769,1.0,"[0, 0, 0, 0, 0, 1, 0]",1655.859375,1943.859375,/home/zhenyusen/MIP-quantum/benchmark_qaoa_feasible.py --worker-problem /home/zhenyusen/MIP-quantum/data/miplib_benders/qaoa_problems/nvars_07/ex9_ds_qaoa_NOD2X5_NOD37_0007.json --worker-result /tmp/qaoa_feasible_jkcocww4/result.json --p 1 --maxiter 5 --seed 42 --circuit-type multi_beta
qaoa_feasible_benchmark_a100_20260721_162713_cvIP_qaoa_first_feasible.csv,2026-07-21T16:45:29+0800,82090,ex9_ds_qaoa_NOD2X5_NOD37_0008,/home/zhenyusen/MIP-quantum/data/miplib_benders/qaoa_problems/nvars_07/ex9_ds_qaoa_NOD2X5_NOD37_0008.json,7,2,8,linear,2097152,0.0024383889976888895,3.901866876054555,1.0,"[0, 0, 0, 0, 1, 0, 0]",1655.75390625,1943.75390625,/home/zhenyusen/MIP-quantum/benchmark_qaoa_feasible.py --worker-problem /home/zhenyusen/MIP-quantum/data/miplib_benders/qaoa_problems/nvars_07/ex9_ds_qaoa_NOD2X5_NOD37_0008.json --worker-result /tmp/qaoa_feasible_whvuz6hv/result.json --p 1 --maxiter 5 --seed 42 --circuit-type multi_beta
qaoa_feasible_benchmark_a100_20260721_162713_cvIP_qaoa_first_feasible.csv,2026-07-21T16:46:34+0800,84012,highschool1-aigio_ds_qaoa_spreadEventsUB_SpreadEvents1_108_Th_subeventsNotActive_108_1_1_0002,/home/zhenyusen/MIP-quantum/data/miplib_benders/qaoa_problems/nvars_07/highschool1-aigio_ds_qaoa_spreadEventsUB_SpreadEvents1_108_Th_subeventsNotActive_108_1_1_0002.json,7,2,8,linear,2097152,0.0008500760886818171,4.01953909592703,0.0,"[0, 0, 0, 0, 0, 1, 0]",1658.25,1946.25,/home/zhenyusen/MIP-quantum/benchmark_qaoa_feasible.py --worker-problem /home/zhenyusen/MIP-quantum/data/miplib_benders/qaoa_problems/nvars_07/highschool1-aigio_ds_qaoa_spreadEventsUB_SpreadEvents1_108_Th_subeventsNotActive_108_1_1_0002.json --worker-result /tmp/qaoa_feasible__fhlkjqv/result.json --p 1 --maxiter 5 --seed 42 --circuit-type multi_beta
qaoa_feasible_benchmark_a100_20260721_162713_cvIP_qaoa_first_feasible.csv,2026-07-21T16:47:36+0800,85905,highschool1-aigio_ds_qaoa_spreadEventsUB_SpreadEvents1_108_Th_subeventsNotActive_108_1_1_0003,/home/zhenyusen/MIP-quantum/data/miplib_benders/qaoa_problems/nvars_07/highschool1-aigio_ds_qaoa_spreadEventsUB_SpreadEvents1_108_Th_subeventsNotActive_108_1_1_0003.json,7,2,8,linear,2097152,0.0006097718141973019,3.185848877998069,0.0,"[0, 0, 0, 0, 0, 1, 0]",1653.98046875,1941.98046875,/home/zhenyusen/MIP-quantum/benchmark_qaoa_feasible.py --worker-problem /home/zhenyusen/MIP-quantum/data/miplib_benders/qaoa_problems/nvars_07/highschool1-aigio_ds_qaoa_spreadEventsUB_SpreadEvents1_108_Th_subeventsNotActive_108_1_1_0003.json --worker-result /tmp/qaoa_feasible_655b5c77/result.json --p 1 --maxiter 5 --seed 42 --circuit-type multi_beta
qaoa_feasible_benchmark_a100_20260721_162713_cvIP_qaoa_first_feasible.csv,2026-07-21T16:48:33+0800,87729,highschool1-aigio_ds_qaoa_spreadEventsUB_SpreadEvents1_108_Th_subeventsNotActive_108_1_1_0004,/home/zhenyusen/MIP-quantum/data/miplib_benders/qaoa_problems/nvars_07/highschool1-aigio_ds_qaoa_spreadEventsUB_SpreadEvents1_108_Th_subeventsNotActive_108_1_1_0004.json,7,2,8,linear,2097152,0.0008315681479871273,3.7526118019595742,0.0,"[0, 0, 0, 0, 0, 1, 0]",1654.23046875,1942.23046875,/home/zhenyusen/MIP-quantum/benchmark_qaoa_feasible.py --worker-problem /home/zhenyusen/MIP-quantum/data/miplib_benders/qaoa_problems/nvars_07/highschool1-aigio_ds_qaoa_spreadEventsUB_SpreadEvents1_108_Th_subeventsNotActive_108_1_1_0004.json --worker-result /tmp/qaoa_feasible_cwwsdaag/result.json --p 1 --maxiter 5 --seed 42 --circuit-type multi_beta
qaoa_feasible_benchmark_a100_20260721_162713_cvIP_qaoa_first_feasible.csv,2026-07-21T16:49:38+0800,90184,irp_ds_qaoa_R0010_R0015_0001,/home/zhenyusen/MIP-quantum/data/miplib_benders/qaoa_problems/nvars_07/irp_ds_qaoa_R0010_R0015_0001.json,7,2,8,linear,2097152,0.10849887505173683,3.9668996480759233,5627280000.0,"[0, 0, 1, 0, 0, 0, 0]",1658.96484375,1946.96484375,/home/zhenyusen/MIP-quantum/benchmark_qaoa_feasible.py --worker-problem /home/zhenyusen/MIP-quantum/data/miplib_benders/qaoa_problems/nvars_07/irp_ds_qaoa_R0010_R0015_0001.json --worker-result /tmp/qaoa_feasible_m2gu294p/result.json --p 1 --maxiter 5 --seed 42 --circuit-type multi_beta
qaoa_feasible_benchmark_a100_20260721_162713_cvIP_qaoa_first_feasible.csv,2026-07-21T16:50:42+0800,92134,leo1_ds_qaoa_R0000031_R0000042_0002,/home/zhenyusen/MIP-quantum/data/miplib_benders/qaoa_problems/nvars_07/leo1_ds_qaoa_R0000031_R0000042_0002.json,7,2,8,linear,2097152,0.011506205890327692,3.920723241986707,4.0,"[0, 0, 0, 1, 0, 0, 0]",1403.3125,1627.3125,/home/zhenyusen/MIP-quantum/benchmark_qaoa_feasible.py --worker-problem /home/zhenyusen/MIP-quantum/data/miplib_benders/qaoa_problems/nvars_07/leo1_ds_qaoa_R0000031_R0000042_0002.json --worker-result /tmp/qaoa_feasible_oxwqfmuz/result.json --p 1 --maxiter 5 --seed 42 --circuit-type multi_beta
qaoa_feasible_benchmark_a100_20260721_162713_cvIP_qaoa_first_feasible.csv,2026-07-21T16:51:43+0800,93925,leo1_ds_qaoa_R0000031_R0000042_0003,/home/zhenyusen/MIP-quantum/data/miplib_benders/qaoa_problems/nvars_07/leo1_ds_qaoa_R0000031_R0000042_0003.json,7,2,8,linear,2097152,0.1153090710286051,4.131269896868616,3.0,"[0, 0, 1, 0, 0, 0, 0]",1403.6640625,1627.6640625,/home/zhenyusen/MIP-quantum/benchmark_qaoa_feasible.py --worker-problem /home/zhenyusen/MIP-quantum/data/miplib_benders/qaoa_problems/nvars_07/leo1_ds_qaoa_R0000031_R0000042_0003.json --worker-result /tmp/qaoa_feasible_r5ap841e/result.json --p 1 --maxiter 5 --seed 42 --circuit-type multi_beta
qaoa_feasible_benchmark_a100_20260721_162713_cvIP_qaoa_first_feasible.csv,2026-07-21T16:52:53+0800,96017,leo1_ds_qaoa_R0000042_R0000043_0002,/home/zhenyusen/MIP-quantum/data/miplib_benders/qaoa_problems/nvars_07/leo1_ds_qaoa_R0000042_R0000043_0002.json,7,2,8,linear,2097152,0.01518376893363893,4.109430558979511,4.0,"[0, 0, 0, 1, 0, 0, 0]",1657.66796875,1945.66796875,/home/zhenyusen/MIP-quantum/benchmark_qaoa_feasible.py --worker-problem /home/zhenyusen/MIP-quantum/data/miplib_benders/qaoa_problems/nvars_07/leo1_ds_qaoa_R0000042_R0000043_0002.json --worker-result /tmp/qaoa_feasible_kk8ii2nl/result.json --p 1 --maxiter 5 --seed 42 --circuit-type multi_beta
qaoa_feasible_benchmark_a100_20260721_162713_cvIP_qaoa_first_feasible.csv,2026-07-21T16:53:53+0800,97745,leo1_ds_qaoa_R0000042_R0000043_0003,/home/zhenyusen/MIP-quantum/data/miplib_benders/qaoa_problems/nvars_07/leo1_ds_qaoa_R0000042_R0000043_0003.json,7,2,8,linear,2097152,0.10868385410867631,3.761776511790231,3.0,"[0, 0, 1, 0, 0, 0, 0]",1659.65625,1947.65625,/home/zhenyusen/MIP-quantum/benchmark_qaoa_feasible.py --worker-problem /home/zhenyusen/MIP-quantum/data/miplib_benders/qaoa_problems/nvars_07/leo1_ds_qaoa_R0000042_R0000043_0003.json --worker-result /tmp/qaoa_feasible_phfo22xe/result.json --p 1 --maxiter 5 --seed 42 --circuit-type multi_beta
qaoa_feasible_benchmark_a100_20260721_162713_cvIP_qaoa_first_feasible.csv,2026-07-21T16:54:58+0800,99679,leo1_ds_qaoa_R0000043_R0000047_0004,/home/zhenyusen/MIP-quantum/data/miplib_benders/qaoa_problems/nvars_07/leo1_ds_qaoa_R0000043_R0000047_0004.json,7,2,8,linear,2097152,0.0025792019441723824,4.283843338955194,5.0,"[0, 0, 0, 0, 1, 0, 0]",1657.0390625,1945.0390625,/home/zhenyusen/MIP-quantum/benchmark_qaoa_feasible.py --worker-problem /home/zhenyusen/MIP-quantum/data/miplib_benders/qaoa_problems/nvars_07/leo1_ds_qaoa_R0000043_R0000047_0004.json --worker-result /tmp/qaoa_feasible_28rnmu6z/result.json --p 1 --maxiter 5 --seed 42 --circuit-type multi_beta
qaoa_feasible_benchmark_a100_20260721_162713_cvIP_qaoa_first_feasible.csv,2026-07-21T16:56:05+0800,101693,leo1_ds_qaoa_R0000043_R0000047_0005,/home/zhenyusen/MIP-quantum/data/miplib_benders/qaoa_problems/nvars_07/leo1_ds_qaoa_R0000043_R0000047_0005.json,7,2,8,linear,2097152,0.002411958994343877,4.099348002811894,5.0,"[0, 0, 0, 0, 1, 0, 0]",1656.28125,1944.28125,/home/zhenyusen/MIP-quantum/benchmark_qaoa_feasible.py --worker-problem /home/zhenyusen/MIP-quantum/data/miplib_benders/qaoa_problems/nvars_07/leo1_ds_qaoa_R0000043_R0000047_0005.json --worker-result /tmp/qaoa_feasible_wi0q4nc9/result.json --p 1 --maxiter 5 --seed 42 --circuit-type multi_beta
qaoa_feasible_benchmark_a100_20260721_162713_cvIP_qaoa_first_feasible.csv,2026-07-21T16:56:59+0800,103309,leo1_ds_qaoa_R0000047_R0000048_0004,/home/zhenyusen/MIP-quantum/data/miplib_benders/qaoa_problems/nvars_07/leo1_ds_qaoa_R0000047_R0000048_0004.json,7,2,8,linear,2097152,0.004286033101379871,2.9638548439834267,10.0,"[0, 0, 0, 0, 2, 6, 3]",1403.7265625,1563.7265625,/home/zhenyusen/MIP-quantum/benchmark_qaoa_feasible.py --worker-problem /home/zhenyusen/MIP-quantum/data/miplib_benders/qaoa_problems/nvars_07/leo1_ds_qaoa_R0000047_R0000048_0004.json --worker-result /tmp/qaoa_feasible_s_u_unwn/result.json --p 1 --maxiter 5 --seed 42 --circuit-type multi_beta
qaoa_feasible_benchmark_a100_20260721_162713_cvIP_qaoa_first_feasible.csv,2026-07-21T16:57:58+0800,105002,leo1_ds_qaoa_R0000047_R0000048_0005,/home/zhenyusen/MIP-quantum/data/miplib_benders/qaoa_problems/nvars_07/leo1_ds_qaoa_R0000047_R0000048_0005.json,7,2,8,linear,2097152,0.006025403970852494,4.063332953024656,10.0,"[0, 0, 0, 0, 2, 6, 5]",1274.00390625,1370.00390625,/home/zhenyusen/MIP-quantum/benchmark_qaoa_feasible.py --worker-problem /home/zhenyusen/MIP-quantum/data/miplib_benders/qaoa_problems/nvars_07/leo1_ds_qaoa_R0000047_R0000048_0005.json --worker-result /tmp/qaoa_feasible__1l0lndj/result.json --p 1 --maxiter 5 --seed 42 --circuit-type multi_beta
qaoa_feasible_benchmark_a100_20260721_162713_cvIP_qaoa_first_feasible.csv,2026-07-21T16:59:04+0800,106960,leo1_ds_qaoa_R0000097_R0000335_0002,/home/zhenyusen/MIP-quantum/data/miplib_benders/qaoa_problems/nvars_07/leo1_ds_qaoa_R0000097_R0000335_0002.json,7,2,8,linear,2097152,0.005024070153012872,4.300488122040406,10.0,"[0, 0, 0, 0, 2, 0, 1]",1659.66015625,1947.66015625,/home/zhenyusen/MIP-quantum/benchmark_qaoa_feasible.py --worker-problem /home/zhenyusen/MIP-quantum/data/miplib_benders/qaoa_problems/nvars_07/leo1_ds_qaoa_R0000097_R0000335_0002.json --worker-result /tmp/qaoa_feasible_ut156g1i/result.json --p 1 --maxiter 5 --seed 42 --circuit-type multi_beta
qaoa_feasible_benchmark_a100_20260721_162713_cvIP_qaoa_first_feasible.csv,2026-07-21T17:00:12+0800,108908,leo1_ds_qaoa_R0000097_R0000335_0003,/home/zhenyusen/MIP-quantum/data/miplib_benders/qaoa_problems/nvars_07/leo1_ds_qaoa_R0000097_R0000335_0003.json,7,2,8,linear,2097152,0.0038788169622421265,3.7007128540426493,10.0,"[0, 0, 0, 0, 2, 0, 1]",1656.24609375,1944.24609375,/home/zhenyusen/MIP-quantum/benchmark_qaoa_feasible.py --worker-problem /home/zhenyusen/MIP-quantum/data/miplib_benders/qaoa_problems/nvars_07/leo1_ds_qaoa_R0000097_R0000335_0003.json --worker-result /tmp/qaoa_feasible_x9_5vkxh/result.json --p 1 --maxiter 5 --seed 42 --circuit-type multi_beta
qaoa_feasible_benchmark_a100_20260721_162713_cvIP_qaoa_first_feasible.csv,2026-07-21T17:01:19+0800,111002,leo1_ds_qaoa_R0000339_R0000535_0004,/home/zhenyusen/MIP-quantum/data/miplib_benders/qaoa_problems/nvars_07/leo1_ds_qaoa_R0000339_R0000535_0004.json,7,2,8,linear,2097152,0.0025483150966465473,4.337996747111902,5.0,"[0, 0, 0, 0, 1, 0, 0]",1657.5703125,1945.5703125,/home/zhenyusen/MIP-quantum/benchmark_qaoa_feasible.py --worker-problem /home/zhenyusen/MIP-quantum/data/miplib_benders/qaoa_problems/nvars_07/leo1_ds_qaoa_R0000339_R0000535_0004.json --worker-result /tmp/qaoa_feasible_unibdkx2/result.json --p 1 --maxiter 5 --seed 42 --circuit-type multi_beta
qaoa_feasible_benchmark_a100_20260721_162713_cvIP_qaoa_first_feasible.csv,2026-07-21T17:02:17+0800,113172,leo1_ds_qaoa_R0000339_R0000535_0005,/home/zhenyusen/MIP-quantum/data/miplib_benders/qaoa_problems/nvars_07/leo1_ds_qaoa_R0000339_R0000535_0005.json,7,2,8,linear,2097152,0.0021626609377563,3.6979849918279797,5.0,"[0, 0, 0, 0, 1, 0, 0]",1656.08984375,1944.08984375,/home/zhenyusen/MIP-quantum/benchmark_qaoa_feasible.py --worker-problem /home/zhenyusen/MIP-quantum/data/miplib_benders/qaoa_problems/nvars_07/leo1_ds_qaoa_R0000339_R0000535_0005.json --worker-result /tmp/qaoa_feasible_ufuum256/result.json --p 1 --maxiter 5 --seed 42 --circuit-type multi_beta
qaoa_feasible_benchmark_a100_20260721_162713_cvIP_qaoa_first_feasible.csv,2026-07-21T17:03:19+0800,115187,leo1_ds_qaoa_R0000541_R0000542_0003,/home/zhenyusen/MIP-quantum/data/miplib_benders/qaoa_problems/nvars_07/leo1_ds_qaoa_R0000541_R0000542_0003.json,7,2,8,linear,2097152,0.10360038396902382,3.6217645190190524,3.0,"[0, 0, 1, 0, 0, 0, 0]",1657.58984375,1945.58984375,/home/zhenyusen/MIP-quantum/benchmark_qaoa_feasible.py --worker-problem /home/zhenyusen/MIP-quantum/data/miplib_benders/qaoa_problems/nvars_07/leo1_ds_qaoa_R0000541_R0000542_0003.json --worker-result /tmp/qaoa_feasible_kehf_lxh/result.json --p 1 --maxiter 5 --seed 42 --circuit-type multi_beta
qaoa_feasible_benchmark_a100_20260721_162713_cvIP_qaoa_first_feasible.csv,2026-07-21T17:04:06+0800,116929,leo2_ds_qaoa_R0000079_R0000090_0007,/home/zhenyusen/MIP-quantum/data/miplib_benders/qaoa_problems/nvars_07/leo2_ds_qaoa_R0000079_R0000090_0007.json,7,2,8,linear,2097152,0.00836485205218196,2.6152790510095656,4.0,"[0, 0, 0, 1, 0, 1, 1]",1656.36328125,1944.36328125,/home/zhenyusen/MIP-quantum/benchmark_qaoa_feasible.py --worker-problem /home/zhenyusen/MIP-quantum/data/miplib_benders/qaoa_problems/nvars_07/leo2_ds_qaoa_R0000079_R0000090_0007.json --worker-result /tmp/qaoa_feasible_0i6p2hs4/result.json --p 1 --maxiter 5 --seed 42 --circuit-type multi_beta
qaoa_feasible_benchmark_a100_20260721_162713_cvIP_qaoa_first_feasible.csv,2026-07-21T17:04:45+0800,118062,leo2_ds_qaoa_R0000097_R0000335_0007,/home/zhenyusen/MIP-quantum/data/miplib_benders/qaoa_problems/nvars_07/leo2_ds_qaoa_R0000097_R0000335_0007.json,7,2,8,linear,2097152,0.0022863291669636965,2.4642121919896454,10.0,"[0, 0, 0, 0, 2, 0, 1]",1659.6640625,1947.6640625,/home/zhenyusen/MIP-quantum/benchmark_qaoa_feasible.py --worker-problem /home/zhenyusen/MIP-quantum/data/miplib_benders/qaoa_problems/nvars_07/leo2_ds_qaoa_R0000097_R0000335_0007.json --worker-result /tmp/qaoa_feasible_2fe1djlu/result.json --p 1 --maxiter 5 --seed 42 --circuit-type multi_beta
qaoa_feasible_benchmark_a100_20260721_162713_cvIP_qaoa_first_feasible.csv,2026-07-21T17:05:18+0800,119161,leo2_ds_qaoa_R0000097_R0000335_0008,/home/zhenyusen/MIP-quantum/data/miplib_benders/qaoa_problems/nvars_07/leo2_ds_qaoa_R0000097_R0000335_0008.json,7,2,8,linear,2097152,0.002253348007798195,2.372112909099087,10.0,"[0, 0, 0, 0, 2, 0, 1]",1656.71484375,1944.71484375,/home/zhenyusen/MIP-quantum/benchmark_qaoa_feasible.py --worker-problem /home/zhenyusen/MIP-quantum/data/miplib_benders/qaoa_problems/nvars_07/leo2_ds_qaoa_R0000097_R0000335_0008.json --worker-result /tmp/qaoa_feasible_jjjwl1b8/result.json --p 1 --maxiter 5 --seed 42 --circuit-type multi_beta
qaoa_feasible_benchmark_a100_20260721_162713_cvIP_qaoa_first_feasible.csv,2026-07-21T17:05:52+0800,120175,leo2_ds_qaoa_R0000335_R0000535_0007,/home/zhenyusen/MIP-quantum/data/miplib_benders/qaoa_problems/nvars_07/leo2_ds_qaoa_R0000335_R0000535_0007.json,7,2,8,linear,2097152,0.0014188061468303204,2.762417446821928,5.0,"[0, 0, 0, 0, 1, 1, 0]",1657.2734375,1945.2734375,/home/zhenyusen/MIP-quantum/benchmark_qaoa_feasible.py --worker-problem /home/zhenyusen/MIP-quantum/data/miplib_benders/qaoa_problems/nvars_07/leo2_ds_qaoa_R0000335_R0000535_0007.json --worker-result /tmp/qaoa_feasible_32j4gsfc/result.json --p 1 --maxiter 5 --seed 42 --circuit-type multi_beta
qaoa_feasible_benchmark_a100_20260721_162713_cvIP_qaoa_first_feasible.csv,2026-07-21T17:06:26+0800,121381,leo2_ds_qaoa_R0000335_R0000535_0008,/home/zhenyusen/MIP-quantum/data/miplib_benders/qaoa_problems/nvars_07/leo2_ds_qaoa_R0000335_R0000535_0008.json,7,2,8,linear,2097152,0.0014546099118888378,2.6762823758181185,5.0,"[0, 0, 0, 0, 1, 1, 0]",1659.6640625,1947.6640625,/home/zhenyusen/MIP-quantum/benchmark_qaoa_feasible.py --worker-problem /home/zhenyusen/MIP-quantum/data/miplib_benders/qaoa_problems/nvars_07/leo2_ds_qaoa_R0000335_R0000535_0008.json --worker-result /tmp/qaoa_feasible_fcf3qbsu/result.json --p 1 --maxiter 5 --seed 42 --circuit-type multi_beta
qaoa_feasible_benchmark_a100_20260721_162713_cvIP_qaoa_first_feasible.csv,2026-07-21T17:06:59+0800,122430,leo2_ds_qaoa_R0000571_R0000582_0008,/home/zhenyusen/MIP-quantum/data/miplib_benders/qaoa_problems/nvars_07/leo2_ds_qaoa_R0000571_R0000582_0008.json,7,2,8,linear,2097152,0.05719588277861476,2.7995156180113554,3.0,"[0, 0, 1, 0, 0, 0, 0]",1657.671875,1945.671875,/home/zhenyusen/MIP-quantum/benchmark_qaoa_feasible.py --worker-problem /home/zhenyusen/MIP-quantum/data/miplib_benders/qaoa_problems/nvars_07/leo2_ds_qaoa_R0000571_R0000582_0008.json --worker-result /tmp/qaoa_feasible_t3at8mqa/result.json --p 1 --maxiter 5 --seed 42 --circuit-type multi_beta
qaoa_feasible_benchmark_a100_20260721_162713_cvIP_qaoa_first_feasible.csv,2026-07-21T17:07:32+0800,123521,neos-3216931-puriri_ds_qaoa_R0626_R5329_0008,/home/zhenyusen/MIP-quantum/data/miplib_benders/qaoa_problems/nvars_07/neos-3216931-puriri_ds_qaoa_R0626_R5329_0008.json,7,2,8,linear,2097152,0.000675280811265111,2.7656379910185933,0.0,"[0, 0, 0, 0, 0, 2, 0]",1659.66015625,1947.66015625,/home/zhenyusen/MIP-quantum/benchmark_qaoa_feasible.py --worker-problem /home/zhenyusen/MIP-quantum/data/miplib_benders/qaoa_problems/nvars_07/neos-3216931-puriri_ds_qaoa_R0626_R5329_0008.json --worker-result /tmp/qaoa_feasible_opr93g2s/result.json --p 1 --maxiter 5 --seed 42 --circuit-type multi_beta
qaoa_feasible_benchmark_a100_20260721_162713_cvIP_qaoa_first_feasible.csv,2026-07-21T17:08:59+0800,125510,neos-5188808-nattai_ds_qaoa_R15181_R15052_0006,/home/zhenyusen/MIP-quantum/data/miplib_benders/qaoa_problems/nvars_07/neos-5188808-nattai_ds_qaoa_R15181_R15052_0006.json,7,2,8,linear,2097152,36.25786999403499,39.30990685313009,45.0,"[4, 7, 7, 0, 0, 1, 3]",1017.52734375,1017.53125,/home/zhenyusen/MIP-quantum/benchmark_qaoa_feasible.py --worker-problem /home/zhenyusen/MIP-quantum/data/miplib_benders/qaoa_problems/nvars_07/neos-5188808-nattai_ds_qaoa_R15181_R15052_0006.json --worker-result /tmp/qaoa_feasible_s1s_5a7g/result.json --p 1 --maxiter 5 --seed 42 --circuit-type multi_beta
qaoa_feasible_benchmark_a100_20260721_162713_cvIP_qaoa_first_feasible.csv,2026-07-21T17:09:28+0800,127434,neos8_ds_qaoa_R0001_R0002_0001,/home/zhenyusen/MIP-quantum/data/miplib_benders/qaoa_problems/nvars_07/neos8_ds_qaoa_R0001_R0002_0001.json,7,2,8,linear,2097152,0.0016442970372736454,4.173646752955392,0.0,"[0, 0, 0, 0, 0, 1, 1]",1658.73046875,1946.73046875,/home/zhenyusen/MIP-quantum/benchmark_qaoa_feasible.py --worker-problem /home/zhenyusen/MIP-quantum/data/miplib_benders/qaoa_problems/nvars_07/neos8_ds_qaoa_R0001_R0002_0001.json --worker-result /tmp/qaoa_feasible_23mjf26v/result.json --p 1 --maxiter 5 --seed 42 --circuit-type multi_beta
qaoa_feasible_benchmark_a100_20260721_162713_cvIP_qaoa_first_feasible.csv,2026-07-21T17:10:32+0800,129436,neos8_ds_qaoa_R0001_R0002_0002,/home/zhenyusen/MIP-quantum/data/miplib_benders/qaoa_problems/nvars_07/neos8_ds_qaoa_R0001_R0002_0002.json,7,2,8,linear,2097152,0.001680430956184864,4.432547522941604,0.0,"[0, 0, 0, 0, 0, 1, 1]",1659.68359375,1947.68359375,/home/zhenyusen/MIP-quantum/benchmark_qaoa_feasible.py --worker-problem /home/zhenyusen/MIP-quantum/data/miplib_benders/qaoa_problems/nvars_07/neos8_ds_qaoa_R0001_R0002_0002.json --worker-result /tmp/qaoa_feasible_jc5trqtd/result.json --p 1 --maxiter 5 --seed 42 --circuit-type multi_beta
qaoa_feasible_benchmark_a100_20260721_162713_cvIP_qaoa_first_feasible.csv,2026-07-21T17:11:08+0800,130510,neos8_ds_qaoa_R0001_R0002_0003,/home/zhenyusen/MIP-quantum/data/miplib_benders/qaoa_problems/nvars_07/neos8_ds_qaoa_R0001_R0002_0003.json,7,2,8,linear,2097152,0.000559857115149498,2.8075045780278742,0.0,"[0, 0, 0, 0, 0, 1, 1]",1659.66796875,1947.66796875,/home/zhenyusen/MIP-quantum/benchmark_qaoa_feasible.py --worker-problem /home/zhenyusen/MIP-quantum/data/miplib_benders/qaoa_problems/nvars_07/neos8_ds_qaoa_R0001_R0002_0003.json --worker-result /tmp/qaoa_feasible_rlxslx8j/result.json --p 1 --maxiter 5 --seed 42 --circuit-type multi_beta
qaoa_feasible_benchmark_a100_20260721_162713_cvIP_qaoa_first_feasible.csv,2026-07-21T17:11:50+0800,132228,neos8_ds_qaoa_R0001_R0002_0004,/home/zhenyusen/MIP-quantum/data/miplib_benders/qaoa_problems/nvars_07/neos8_ds_qaoa_R0001_R0002_0004.json,7,2,8,linear,2097152,0.0006327268201857805,3.993917897809297,0.0,"[0, 0, 0, 0, 0, 1, 1]",1657.671875,1945.671875,/home/zhenyusen/MIP-quantum/benchmark_qaoa_feasible.py --worker-problem /home/zhenyusen/MIP-quantum/data/miplib_benders/qaoa_problems/nvars_07/neos8_ds_qaoa_R0001_R0002_0004.json --worker-result /tmp/qaoa_feasible_wdkk2fe1/result.json --p 1 --maxiter 5 --seed 42 --circuit-type multi_beta
qaoa_feasible_benchmark_a100_20260721_162713_cvIP_qaoa_first_feasible.csv,2026-07-21T17:12:27+0800,133447,neos8_ds_qaoa_R0001_R0002_0005,/home/zhenyusen/MIP-quantum/data/miplib_benders/qaoa_problems/nvars_07/neos8_ds_qaoa_R0001_R0002_0005.json,7,2,8,linear,2097152,0.0005648140795528889,2.8124342360533774,0.0,"[0, 0, 0, 0, 0, 1, 1]",1659.66796875,1947.66796875,/home/zhenyusen/MIP-quantum/benchmark_qaoa_feasible.py --worker-problem /home/zhenyusen/MIP-quantum/data/miplib_benders/qaoa_problems/nvars_07/neos8_ds_qaoa_R0001_R0002_0005.json --worker-result /tmp/qaoa_feasible_6546ey0n/result.json --p 1 --maxiter 5 --seed 42 --circuit-type multi_beta
qaoa_feasible_benchmark_a100_20260721_162713_cvIP_qaoa_first_feasible.csv,2026-07-21T17:13:19+0800,135248,neos8_ds_qaoa_R0001_R0002_0006,/home/zhenyusen/MIP-quantum/data/miplib_benders/qaoa_problems/nvars_07/neos8_ds_qaoa_R0001_R0002_0006.json,7,2,8,linear,2097152,0.0013251949567347765,5.921168221859261,0.0,"[0, 0, 0, 0, 0, 1, 1]",1654.04296875,1942.04296875,/home/zhenyusen/MIP-quantum/benchmark_qaoa_feasible.py --worker-problem /home/zhenyusen/MIP-quantum/data/miplib_benders/qaoa_problems/nvars_07/neos8_ds_qaoa_R0001_R0002_0006.json --worker-result /tmp/qaoa_feasible_ylee89sy/result.json --p 1 --maxiter 5 --seed 42 --circuit-type multi_beta
qaoa_feasible_benchmark_a100_20260721_162713_cvIP_qaoa_first_feasible.csv,2026-07-21T17:14:20+0800,137035,neos8_ds_qaoa_R0001_R0002_0007,/home/zhenyusen/MIP-quantum/data/miplib_benders/qaoa_problems/nvars_07/neos8_ds_qaoa_R0001_R0002_0007.json,7,2,8,linear,2097152,0.0012244719546288252,5.551716899033636,0.0,"[0, 0, 0, 0, 0, 1, 1]",1658.95703125,1946.95703125,/home/zhenyusen/MIP-quantum/benchmark_qaoa_feasible.py --worker-problem /home/zhenyusen/MIP-quantum/data/miplib_benders/qaoa_problems/nvars_07/neos8_ds_qaoa_R0001_R0002_0007.json --worker-result /tmp/qaoa_feasible_xrdufxy1/result.json --p 1 --maxiter 5 --seed 42 --circuit-type multi_beta
qaoa_feasible_benchmark_a100_20260721_162713_cvIP_qaoa_first_feasible.csv,2026-07-21T17:15:21+0800,138754,neos8_ds_qaoa_R0001_R0002_0008,/home/zhenyusen/MIP-quantum/data/miplib_benders/qaoa_problems/nvars_07/neos8_ds_qaoa_R0001_R0002_0008.json,7,2,8,linear,2097152,0.002503677038475871,5.899052041815594,0.0,"[0, 0, 0, 0, 0, 1, 1]",1655.2265625,1943.2265625,/home/zhenyusen/MIP-quantum/benchmark_qaoa_feasible.py --worker-problem /home/zhenyusen/MIP-quantum/data/miplib_benders/qaoa_problems/nvars_07/neos8_ds_qaoa_R0001_R0002_0008.json --worker-result /tmp/qaoa_feasible_0eng5r82/result.json --p 1 --maxiter 5 --seed 42 --circuit-type multi_beta
qaoa_feasible_benchmark_a100_20260721_162713_cvIP_qaoa_first_feasible.csv,2026-07-21T17:16:22+0800,140535,neos8_ds_qaoa_R0001_R0002_0009,/home/zhenyusen/MIP-quantum/data/miplib_benders/qaoa_problems/nvars_07/neos8_ds_qaoa_R0001_R0002_0009.json,7,2,8,linear,2097152,0.0018343748524785042,5.525877429870889,0.0,"[0, 0, 0, 0, 0, 1, 1]",1657.8125,1945.8125,/home/zhenyusen/MIP-quantum/benchmark_qaoa_feasible.py --worker-problem /home/zhenyusen/MIP-quantum/data/miplib_benders/qaoa_problems/nvars_07/neos8_ds_qaoa_R0001_R0002_0009.json --worker-result /tmp/qaoa_feasible_zgqcltz0/result.json --p 1 --maxiter 5 --seed 42 --circuit-type multi_beta
qaoa_feasible_benchmark_a100_20260721_162713_cvIP_qaoa_first_feasible.csv,2026-07-21T17:17:21+0800,142184,neos8_ds_qaoa_R0002_R0003_0001,/home/zhenyusen/MIP-quantum/data/miplib_benders/qaoa_problems/nvars_07/neos8_ds_qaoa_R0002_R0003_0001.json,7,2,8,linear,2097152,0.0036897200625389814,5.08189343707636,0.0,"[0, 0, 0, 0, 0, 1, 1]",1655.2109375,1943.2109375,/home/zhenyusen/MIP-quantum/benchmark_qaoa_feasible.py --worker-problem /home/zhenyusen/MIP-quantum/data/miplib_benders/qaoa_problems/nvars_07/neos8_ds_qaoa_R0002_R0003_0001.json --worker-result /tmp/qaoa_feasible_52wdga9r/result.json --p 1 --maxiter 5 --seed 42 --circuit-type multi_beta
qaoa_feasible_benchmark_a100_20260721_162713_cvIP_qaoa_first_feasible.csv,2026-07-21T17:18:20+0800,143744,neos8_ds_qaoa_R0002_R0003_0002,/home/zhenyusen/MIP-quantum/data/miplib_benders/qaoa_problems/nvars_07/neos8_ds_qaoa_R0002_R0003_0002.json,7,2,8,linear,2097152,0.0015047360211610794,5.153617787873372,0.0,"[0, 0, 0, 0, 0, 1, 1]",1657.3984375,1945.3984375,/home/zhenyusen/MIP-quantum/benchmark_qaoa_feasible.py --worker-problem /home/zhenyusen/MIP-quantum/data/miplib_benders/qaoa_problems/nvars_07/neos8_ds_qaoa_R0002_R0003_0002.json --worker-result /tmp/qaoa_feasible_mk2ihghg/result.json --p 1 --maxiter 5 --seed 42 --circuit-type multi_beta
qaoa_feasible_benchmark_a100_20260721_162713_cvIP_qaoa_first_feasible.csv,2026-07-21T17:19:21+0800,145397,neos8_ds_qaoa_R0002_R0003_0003,/home/zhenyusen/MIP-quantum/data/miplib_benders/qaoa_problems/nvars_07/neos8_ds_qaoa_R0002_R0003_0003.json,7,2,8,linear,2097152,0.001162170898169279,5.58138417894952,0.0,"[0, 0, 0, 0, 0, 1, 1]",1656.68359375,1944.68359375,/home/zhenyusen/MIP-quantum/benchmark_qaoa_feasible.py --worker-problem /home/zhenyusen/MIP-quantum/data/miplib_benders/qaoa_problems/nvars_07/neos8_ds_qaoa_R0002_R0003_0003.json --worker-result /tmp/qaoa_feasible_w23m7gdb/result.json --p 1 --maxiter 5 --seed 42 --circuit-type multi_beta
qaoa_feasible_benchmark_a100_20260721_162713_cvIP_qaoa_first_feasible.csv,2026-07-21T17:20:22+0800,147092,neos8_ds_qaoa_R0002_R0003_0004,/home/zhenyusen/MIP-quantum/data/miplib_benders/qaoa_problems/nvars_07/neos8_ds_qaoa_R0002_R0003_0004.json,7,2,8,linear,2097152,0.0012744609266519547,5.941450417973101,0.0,"[0, 0, 0, 0, 0, 1, 1]",1656.64453125,1944.64453125,/home/zhenyusen/MIP-quantum/benchmark_qaoa_feasible.py --worker-problem /home/zhenyusen/MIP-quantum/data/miplib_benders/qaoa_problems/nvars_07/neos8_ds_qaoa_R0002_R0003_0004.json --worker-result /tmp/qaoa_feasible_gav_u82a/result.json --p 1 --maxiter 5 --seed 42 --circuit-type multi_beta
qaoa_feasible_benchmark_a100_20260721_162713_cvIP_qaoa_first_feasible.csv,2026-07-21T17:21:22+0800,148851,neos8_ds_qaoa_R0002_R0003_0005,/home/zhenyusen/MIP-quantum/data/miplib_benders/qaoa_problems/nvars_07/neos8_ds_qaoa_R0002_R0003_0005.json,7,2,8,linear,2097152,0.0011308530811220407,5.86682931589894,0.0,"[0, 0, 0, 0, 0, 1, 1]",1659.66015625,1947.66015625,/home/zhenyusen/MIP-quantum/benchmark_qaoa_feasible.py --worker-problem /home/zhenyusen/MIP-quantum/data/miplib_benders/qaoa_problems/nvars_07/neos8_ds_qaoa_R0002_R0003_0005.json --worker-result /tmp/qaoa_feasible_ifis15eb/result.json --p 1 --maxiter 5 --seed 42 --circuit-type multi_beta
qaoa_feasible_benchmark_a100_20260721_162713_cvIP_qaoa_first_feasible.csv,2026-07-21T17:22:24+0800,150760,neos8_ds_qaoa_R0002_R0003_0006,/home/zhenyusen/MIP-quantum/data/miplib_benders/qaoa_problems/nvars_07/neos8_ds_qaoa_R0002_R0003_0006.json,7,2,8,linear,2097152,0.0020301740150898695,6.010251597966999,0.0,"[0, 0, 0, 0, 0, 1, 1]",1655.69140625,1943.69140625,/home/zhenyusen/MIP-quantum/benchmark_qaoa_feasible.py --worker-problem /home/zhenyusen/MIP-quantum/data/miplib_benders/qaoa_problems/nvars_07/neos8_ds_qaoa_R0002_R0003_0006.json --worker-result /tmp/qaoa_feasible_iijiycgi/result.json --p 1 --maxiter 5 --seed 42 --circuit-type multi_beta
qaoa_feasible_benchmark_a100_20260721_162713_cvIP_qaoa_first_feasible.csv,2026-07-21T17:23:23+0800,152581,neos8_ds_qaoa_R0002_R0003_R0004_0004,/home/zhenyusen/MIP-quantum/data/miplib_benders/qaoa_problems/nvars_07/neos8_ds_qaoa_R0002_R0003_R0004_0004.json,7,3,8,linear,2097152,0.003604718018323183,4.5434653158299625,0.0,"[0, 0, 0, 0, 1, 1, 1]",1531.66015625,1755.66015625,/home/zhenyusen/MIP-quantum/benchmark_qaoa_feasible.py --worker-problem /home/zhenyusen/MIP-quantum/data/miplib_benders/qaoa_problems/nvars_07/neos8_ds_qaoa_R0002_R0003_R0004_0004.json --worker-result /tmp/qaoa_feasible_biz1t9gt/result.json --p 1 --maxiter 5 --seed 42 --circuit-type multi_beta
qaoa_feasible_benchmark_a100_20260721_162713_cvIP_qaoa_first_feasible.csv,2026-07-21T17:24:23+0800,154282,neos8_ds_qaoa_R0003_R0004_0001,/home/zhenyusen/MIP-quantum/data/miplib_benders/qaoa_problems/nvars_07/neos8_ds_qaoa_R0003_R0004_0001.json,7,2,8,linear,2097152,0.0058508391957730055,5.128876957111061,0.0,"[0, 0, 0, 0, 0, 1, 1]",1654.8046875,1942.8046875,/home/zhenyusen/MIP-quantum/benchmark_qaoa_feasible.py --worker-problem /home/zhenyusen/MIP-quantum/data/miplib_benders/qaoa_problems/nvars_07/neos8_ds_qaoa_R0003_R0004_0001.json --worker-result /tmp/qaoa_feasible_zukgliqm/result.json --p 1 --maxiter 5 --seed 42 --circuit-type multi_beta
qaoa_feasible_benchmark_a100_20260721_162713_cvIP_qaoa_first_feasible.csv,2026-07-21T17:25:24+0800,155879,neos8_ds_qaoa_R0003_R0004_0002,/home/zhenyusen/MIP-quantum/data/miplib_benders/qaoa_problems/nvars_07/neos8_ds_qaoa_R0003_R0004_0002.json,7,2,8,linear,2097152,0.0020120260305702686,5.684153178008273,0.0,"[0, 0, 0, 0, 0, 1, 1]",1655.83203125,1943.83203125,/home/zhenyusen/MIP-quantum/benchmark_qaoa_feasible.py --worker-problem /home/zhenyusen/MIP-quantum/data/miplib_benders/qaoa_problems/nvars_07/neos8_ds_qaoa_R0003_R0004_0002.json --worker-result /tmp/qaoa_feasible_u2s_k76g/result.json --p 1 --maxiter 5 --seed 42 --circuit-type multi_beta
qaoa_feasible_benchmark_a100_20260721_162713_cvIP_qaoa_first_feasible.csv,2026-07-21T17:26:23+0800,157589,neos8_ds_qaoa_R0003_R0004_0003,/home/zhenyusen/MIP-quantum/data/miplib_benders/qaoa_problems/nvars_07/neos8_ds_qaoa_R0003_R0004_0003.json,7,2,8,linear,2097152,0.0011851540766656399,5.326243055984378,0.0,"[0, 0, 0, 0, 0, 1, 1]",1656.02734375,1944.02734375,/home/zhenyusen/MIP-quantum/benchmark_qaoa_feasible.py --worker-problem /home/zhenyusen/MIP-quantum/data/miplib_benders/qaoa_problems/nvars_07/neos8_ds_qaoa_R0003_R0004_0003.json --worker-result /tmp/qaoa_feasible_4jb5dbtz/result.json --p 1 --maxiter 5 --seed 42 --circuit-type multi_beta
qaoa_feasible_benchmark_a100_20260721_162713_cvIP_qaoa_first_feasible.csv,2026-07-21T17:27:22+0800,159231,neos8_ds_qaoa_R0003_R0004_0004,/home/zhenyusen/MIP-quantum/data/miplib_benders/qaoa_problems/nvars_07/neos8_ds_qaoa_R0003_R0004_0004.json,7,2,8,linear,2097152,0.003904941026121378,5.355638921959326,0.0,"[0, 0, 0, 0, 0, 1, 1]",1653.9296875,1941.9296875,/home/zhenyusen/MIP-quantum/benchmark_qaoa_feasible.py --worker-problem /home/zhenyusen/MIP-quantum/data/miplib_benders/qaoa_problems/nvars_07/neos8_ds_qaoa_R0003_R0004_0004.json --worker-result /tmp/qaoa_feasible_y0bz7vuj/result.json --p 1 --maxiter 5 --seed 42 --circuit-type multi_beta
qaoa_feasible_benchmark_a100_20260721_162713_cvIP_qaoa_first_feasible.csv,2026-07-21T17:28:23+0800,160831,neos8_ds_qaoa_R0003_R0004_0005,/home/zhenyusen/MIP-quantum/data/miplib_benders/qaoa_problems/nvars_07/neos8_ds_qaoa_R0003_R0004_0005.json,7,2,8,linear,2097152,0.0012840339913964272,5.467905447119847,0.0,"[0, 0, 0, 0, 0, 1, 1]",1656.796875,1944.796875,/home/zhenyusen/MIP-quantum/benchmark_qaoa_feasible.py --worker-problem /home/zhenyusen/MIP-quantum/data/miplib_benders/qaoa_problems/nvars_07/neos8_ds_qaoa_R0003_R0004_0005.json --worker-result /tmp/qaoa_feasible_8nv3lvo8/result.json --p 1 --maxiter 5 --seed 42 --circuit-type multi_beta
qaoa_feasible_benchmark_a100_20260721_162713_cvIP_qaoa_first_feasible.csv,2026-07-21T17:29:24+0800,162467,neos8_ds_qaoa_R0003_R0004_0006,/home/zhenyusen/MIP-quantum/data/miplib_benders/qaoa_problems/nvars_07/neos8_ds_qaoa_R0003_R0004_0006.json,7,2,8,linear,2097152,0.0010784829501062632,5.53854914708063,0.0,"[0, 0, 0, 0, 0, 1, 1]",1659.6796875,1947.6796875,/home/zhenyusen/MIP-quantum/benchmark_qaoa_feasible.py --worker-problem /home/zhenyusen/MIP-quantum/data/miplib_benders/qaoa_problems/nvars_07/neos8_ds_qaoa_R0003_R0004_0006.json --worker-result /tmp/qaoa_feasible_ryhix55u/result.json --p 1 --maxiter 5 --seed 42 --circuit-type multi_beta
qaoa_feasible_benchmark_a100_20260721_162713_cvIP_qaoa_first_feasible.csv,2026-07-21T17:30:26+0800,164029,neos8_ds_qaoa_R0004_R0065_0002,/home/zhenyusen/MIP-quantum/data/miplib_benders/qaoa_problems/nvars_07/neos8_ds_qaoa_R0004_R0065_0002.json,7,2,8,linear,2097152,0.0018734149634838104,6.109178106999025,0.0,"[0, 0, 0, 0, 0, 1, 0]",1659.36328125,1947.36328125,/home/zhenyusen/MIP-quantum/benchmark_qaoa_feasible.py --worker-problem /home/zhenyusen/MIP-quantum/data/miplib_benders/qaoa_problems/nvars_07/neos8_ds_qaoa_R0004_R0065_0002.json --worker-result /tmp/qaoa_feasible__83lvhke/result.json --p 1 --maxiter 5 --seed 42 --circuit-type multi_beta
qaoa_feasible_benchmark_a100_20260721_162713_cvIP_qaoa_first_feasible.csv,2026-07-21T17:31:25+0800,165580,neos8_ds_qaoa_R0004_R0065_0003,/home/zhenyusen/MIP-quantum/data/miplib_benders/qaoa_problems/nvars_07/neos8_ds_qaoa_R0004_R0065_0003.json,7,2,8,linear,2097152,0.0011467551812529564,5.099851688137278,0.0,"[0, 0, 0, 0, 0, 1, 0]",1659.79296875,1947.79296875,/home/zhenyusen/MIP-quantum/benchmark_qaoa_feasible.py --worker-problem /home/zhenyusen/MIP-quantum/data/miplib_benders/qaoa_problems/nvars_07/neos8_ds_qaoa_R0004_R0065_0003.json --worker-result /tmp/qaoa_feasible_meczxc9g/result.json --p 1 --maxiter 5 --seed 42 --circuit-type multi_beta
qaoa_feasible_benchmark_a100_20260721_162713_cvIP_qaoa_first_feasible.csv,2026-07-21T17:32:25+0800,167171,neos8_ds_qaoa_R0004_R0065_0004,/home/zhenyusen/MIP-quantum/data/miplib_benders/qaoa_problems/nvars_07/neos8_ds_qaoa_R0004_R0065_0004.json,7,2,8,linear,2097152,0.0011287480592727661,5.51952662714757,0.0,"[0, 0, 0, 0, 0, 1, 0]",1657.40234375,1945.40234375,/home/zhenyusen/MIP-quantum/benchmark_qaoa_feasible.py --worker-problem /home/zhenyusen/MIP-quantum/data/miplib_benders/qaoa_problems/nvars_07/neos8_ds_qaoa_R0004_R0065_0004.json --worker-result /tmp/qaoa_feasible_c_oh7vmj/result.json --p 1 --maxiter 5 --seed 42 --circuit-type multi_beta
qaoa_feasible_benchmark_a100_20260721_162713_cvIP_qaoa_first_feasible.csv,2026-07-21T17:33:26+0800,168694,neos8_ds_qaoa_R0004_R0065_0005,/home/zhenyusen/MIP-quantum/data/miplib_benders/qaoa_problems/nvars_07/neos8_ds_qaoa_R0004_R0065_0005.json,7,2,8,linear,2097152,0.0037585580721497536,5.995626283111051,0.0,"[0, 0, 0, 0, 0, 1, 0]",1653.8515625,1941.8515625,/home/zhenyusen/MIP-quantum/benchmark_qaoa_feasible.py --worker-problem /home/zhenyusen/MIP-quantum/data/miplib_benders/qaoa_problems/nvars_07/neos8_ds_qaoa_R0004_R0065_0005.json --worker-result /tmp/qaoa_feasible_qtf6z3go/result.json --p 1 --maxiter 5 --seed 42 --circuit-type multi_beta
qaoa_feasible_benchmark_a100_20260721_162713_cvIP_qaoa_first_feasible.csv,2026-07-21T17:34:26+0800,170336,neos8_ds_qaoa_R0004_R0065_0009,/home/zhenyusen/MIP-quantum/data/miplib_benders/qaoa_problems/nvars_07/neos8_ds_qaoa_R0004_R0065_0009.json,7,2,8,linear,2097152,0.003918600035831332,5.6536190181504935,0.0,"[0, 0, 0, 0, 0, 1, 0]",1655.9296875,1943.9296875,/home/zhenyusen/MIP-quantum/benchmark_qaoa_feasible.py --worker-problem /home/zhenyusen/MIP-quantum/data/miplib_benders/qaoa_problems/nvars_07/neos8_ds_qaoa_R0004_R0065_0009.json --worker-result /tmp/qaoa_feasible_046l21ta/result.json --p 1 --maxiter 5 --seed 42 --circuit-type multi_beta
qaoa_feasible_benchmark_a100_20260721_162713_cvIP_qaoa_first_feasible.csv,2026-07-21T17:35:26+0800,171997,neos8_ds_qaoa_R0004_R0065_0010,/home/zhenyusen/MIP-quantum/data/miplib_benders/qaoa_problems/nvars_07/neos8_ds_qaoa_R0004_R0065_0010.json,7,2,8,linear,2097152,0.0020147489849478006,5.544803301105276,0.0,"[0, 0, 0, 0, 0, 1, 0]",1658.3203125,1945.66796875,/home/zhenyusen/MIP-quantum/benchmark_qaoa_feasible.py --worker-problem /home/zhenyusen/MIP-quantum/data/miplib_benders/qaoa_problems/nvars_07/neos8_ds_qaoa_R0004_R0065_0010.json --worker-result /tmp/qaoa_feasible_f8vz7ujd/result.json --p 1 --maxiter 5 --seed 42 --circuit-type multi_beta
qaoa_feasible_benchmark_a100_20260721_162713_cvIP_qaoa_first_feasible.csv,2026-07-21T17:36:27+0800,173750,supportcase6_ds_qaoa_c539_c722_0008,/home/zhenyusen/MIP-quantum/data/miplib_benders/qaoa_problems/nvars_07/supportcase6_ds_qaoa_c539_c722_0008.json,7,2,8,linear,2097152,0.012183595215901732,5.446659045992419,151847000.0,"[0, 0, 0, 1, 0, 0, 0]",1659.66015625,1947.66015625,/home/zhenyusen/MIP-quantum/benchmark_qaoa_feasible.py --worker-problem /home/zhenyusen/MIP-quantum/data/miplib_benders/qaoa_problems/nvars_07/supportcase6_ds_qaoa_c539_c722_0008.json --worker-result /tmp/qaoa_feasible_mvbsywuc/result.json --p 1 --maxiter 5 --seed 42 --circuit-type multi_beta
qaoa_feasible_benchmark_a100_20260721_162713_cvIP_qaoa_first_feasible.csv,2026-07-21T17:37:25+0800,175355,supportcase6_ds_qaoa_c539_c722_c726_0008,/home/zhenyusen/MIP-quantum/data/miplib_benders/qaoa_problems/nvars_07/supportcase6_ds_qaoa_c539_c722_c726_0008.json,7,3,8,linear,2097152,0.013165090000256896,4.020235575037077,151847000.0,"[0, 0, 0, 1, 0, 0, 0]",1529.67578125,1753.67578125,/home/zhenyusen/MIP-quantum/benchmark_qaoa_feasible.py --worker-problem /home/zhenyusen/MIP-quantum/data/miplib_benders/qaoa_problems/nvars_07/supportcase6_ds_qaoa_c539_c722_c726_0008.json --worker-result /tmp/qaoa_feasible_v_a2af7i/result.json --p 1 --maxiter 5 --seed 42 --circuit-type multi_beta
qaoa_feasible_benchmark_a100_20260721_162713_cvIP_qaoa_first_feasible.csv,2026-07-21T17:38:24+0800,176870,supportcase6_ds_qaoa_c722_c726_0001,/home/zhenyusen/MIP-quantum/data/miplib_benders/qaoa_problems/nvars_07/supportcase6_ds_qaoa_c722_c726_0001.json,7,2,8,linear,2097152,0.003706037998199463,5.754696462070569,150892000.0,"[0, 0, 0, 0, 0, 0, 1]",1655.93359375,1943.93359375,/home/zhenyusen/MIP-quantum/benchmark_qaoa_feasible.py --worker-problem /home/zhenyusen/MIP-quantum/data/miplib_benders/qaoa_problems/nvars_07/supportcase6_ds_qaoa_c722_c726_0001.json --worker-result /tmp/qaoa_feasible_927m6paw/result.json --p 1 --maxiter 5 --seed 42 --circuit-type multi_beta
qaoa_feasible_benchmark_a100_20260721_162713_cvIP_qaoa_first_feasible.csv,2026-07-21T17:39:25+0800,178452,supportcase6_ds_qaoa_c722_c726_0002,/home/zhenyusen/MIP-quantum/data/miplib_benders/qaoa_problems/nvars_07/supportcase6_ds_qaoa_c722_c726_0002.json,7,2,8,linear,2097152,0.0011711518745869398,5.265022863866761,134333000.0,"[0, 0, 0, 0, 0, 0, 1]",1655.84375,1943.84375,/home/zhenyusen/MIP-quantum/benchmark_qaoa_feasible.py --worker-problem /home/zhenyusen/MIP-quantum/data/miplib_benders/qaoa_problems/nvars_07/supportcase6_ds_qaoa_c722_c726_0002.json --worker-result /tmp/qaoa_feasible_rsys8us_/result.json --p 1 --maxiter 5 --seed 42 --circuit-type multi_beta
qaoa_feasible_benchmark_a100_20260721_162713_cvIP_qaoa_first_feasible.csv,2026-07-21T17:40:23+0800,180018,supportcase6_ds_qaoa_c722_c726_0003,/home/zhenyusen/MIP-quantum/data/miplib_benders/qaoa_problems/nvars_07/supportcase6_ds_qaoa_c722_c726_0003.json,7,2,8,linear,2097152,0.0017058609519153833,5.236057668924332,145944000.0,"[0, 0, 0, 0, 0, 0, 1]",1657.24609375,1945.24609375,/home/zhenyusen/MIP-quantum/benchmark_qaoa_feasible.py --worker-problem /home/zhenyusen/MIP-quantum/data/miplib_benders/qaoa_problems/nvars_07/supportcase6_ds_qaoa_c722_c726_0003.json --worker-result /tmp/qaoa_feasible_h19p9qg4/result.json --p 1 --maxiter 5 --seed 42 --circuit-type multi_beta
qaoa_feasible_benchmark_a100_20260721_162713_cvIP_qaoa_first_feasible.csv,2026-07-21T17:41:17+0800,181518,supportcase6_ds_qaoa_c722_c726_0004,/home/zhenyusen/MIP-quantum/data/miplib_benders/qaoa_problems/nvars_07/supportcase6_ds_qaoa_c722_c726_0004.json,7,2,8,linear,2097152,0.0012757109943777323,5.4728337111882865,145944000.0,"[0, 0, 0, 0, 0, 1, 0]",1656.83203125,1944.83203125,/home/zhenyusen/MIP-quantum/benchmark_qaoa_feasible.py --worker-problem /home/zhenyusen/MIP-quantum/data/miplib_benders/qaoa_problems/nvars_07/supportcase6_ds_qaoa_c722_c726_0004.json --worker-result /tmp/qaoa_feasible_a33l8enh/result.json --p 1 --maxiter 5 --seed 42 --circuit-type multi_beta
qaoa_feasible_benchmark_a100_20260721_162713_cvIP_qaoa_first_feasible.csv,2026-07-21T17:42:16+0800,183086,supportcase6_ds_qaoa_c722_c726_0005,/home/zhenyusen/MIP-quantum/data/miplib_benders/qaoa_problems/nvars_07/supportcase6_ds_qaoa_c722_c726_0005.json,7,2,8,linear,2097152,0.0007148620206862688,4.272443322930485,151847000.0,"[0, 0, 0, 0, 0, 0, 1]",1655.21875,1943.21875,/home/zhenyusen/MIP-quantum/benchmark_qaoa_feasible.py --worker-problem /home/zhenyusen/MIP-quantum/data/miplib_benders/qaoa_problems/nvars_07/supportcase6_ds_qaoa_c722_c726_0005.json --worker-result /tmp/qaoa_feasible_ea5pup_g/result.json --p 1 --maxiter 5 --seed 42 --circuit-type multi_beta
qaoa_feasible_benchmark_a100_20260721_162713_cvIP_qaoa_first_feasible.csv,2026-07-21T17:43:07+0800,184491,supportcase6_ds_qaoa_c722_c726_c733_0002,/home/zhenyusen/MIP-quantum/data/miplib_benders/qaoa_problems/nvars_07/supportcase6_ds_qaoa_c722_c726_c733_0002.json,7,3,8,linear,2097152,0.0010596129577606916,4.187898498028517,134333000.0,"[0, 0, 0, 0, 0, 0, 1]",1531.7734375,1755.7734375,/home/zhenyusen/MIP-quantum/benchmark_qaoa_feasible.py --worker-problem /home/zhenyusen/MIP-quantum/data/miplib_benders/qaoa_problems/nvars_07/supportcase6_ds_qaoa_c722_c726_c733_0002.json --worker-result /tmp/qaoa_feasible_z8izbawy/result.json --p 1 --maxiter 5 --seed 42 --circuit-type multi_beta
qaoa_feasible_benchmark_a100_20260721_162713_cvIP_qaoa_first_feasible.csv,2026-07-21T17:43:46+0800,185677,supportcase6_ds_qaoa_c722_c726_c733_0003,/home/zhenyusen/MIP-quantum/data/miplib_benders/qaoa_problems/nvars_07/supportcase6_ds_qaoa_c722_c726_c733_0003.json,7,3,8,linear,2097152,0.0007095830515027046,2.917381933191791,134333000.0,"[0, 0, 0, 0, 0, 1, 0]",1528.21875,1752.21875,/home/zhenyusen/MIP-quantum/benchmark_qaoa_feasible.py --worker-problem /home/zhenyusen/MIP-quantum/data/miplib_benders/qaoa_problems/nvars_07/supportcase6_ds_qaoa_c722_c726_c733_0003.json --worker-result /tmp/qaoa_feasible_qctbego9/result.json --p 1 --maxiter 5 --seed 42 --circuit-type multi_beta
qaoa_feasible_benchmark_a100_20260721_162713_cvIP_qaoa_first_feasible.csv,2026-07-21T17:44:20+0800,186763,supportcase6_ds_qaoa_c726_c733_0002,/home/zhenyusen/MIP-quantum/data/miplib_benders/qaoa_problems/nvars_07/supportcase6_ds_qaoa_c726_c733_0002.json,7,2,8,linear,2097152,0.0004785440396517515,3.0233116149902344,134333000.0,"[0, 0, 0, 0, 0, 0, 1]",1659.65625,1947.65625,/home/zhenyusen/MIP-quantum/benchmark_qaoa_feasible.py --worker-problem /home/zhenyusen/MIP-quantum/data/miplib_benders/qaoa_problems/nvars_07/supportcase6_ds_qaoa_c726_c733_0002.json --worker-result /tmp/qaoa_feasible_uxxigot5/result.json --p 1 --maxiter 5 --seed 42 --circuit-type multi_beta
qaoa_feasible_benchmark_a100_20260721_162713_cvIP_qaoa_first_feasible.csv,2026-07-21T17:44:53+0800,187896,supportcase6_ds_qaoa_c726_c733_0003,/home/zhenyusen/MIP-quantum/data/miplib_benders/qaoa_problems/nvars_07/supportcase6_ds_qaoa_c726_c733_0003.json,7,2,8,linear,2097152,0.0005525760352611542,2.730389008997008,134333000.0,"[0, 0, 0, 0, 0, 1, 0]",1657.1953125,1945.1953125,/home/zhenyusen/MIP-quantum/benchmark_qaoa_feasible.py --worker-problem /home/zhenyusen/MIP-quantum/data/miplib_benders/qaoa_problems/nvars_07/supportcase6_ds_qaoa_c726_c733_0003.json --worker-result /tmp/qaoa_feasible_zmt_7424/result.json --p 1 --maxiter 5 --seed 42 --circuit-type multi_beta
qaoa_feasible_benchmark_a100_20260721_162713_cvIP_qaoa_first_feasible.csv,2026-07-21T17:45:27+0800,189004,supportcase6_ds_qaoa_c726_c733_0004,/home/zhenyusen/MIP-quantum/data/miplib_benders/qaoa_problems/nvars_07/supportcase6_ds_qaoa_c726_c733_0004.json,7,2,8,linear,2097152,0.0005511739291250706,2.7741141319274902,290831000.0,"[0, 0, 0, 0, 0, 1, 1]",1659.66796875,1947.66796875,/home/zhenyusen/MIP-quantum/benchmark_qaoa_feasible.py --worker-problem /home/zhenyusen/MIP-quantum/data/miplib_benders/qaoa_problems/nvars_07/supportcase6_ds_qaoa_c726_c733_0004.json --worker-result /tmp/qaoa_feasible_4dgf8800/result.json --p 1 --maxiter 5 --seed 42 --circuit-type multi_beta
qaoa_feasible_benchmark_a100_20260721_162713_cvIP_qaoa_first_feasible.csv,2026-07-21T17:46:00+0800,190081,supportcase6_ds_qaoa_c726_c733_0005,/home/zhenyusen/MIP-quantum/data/miplib_benders/qaoa_problems/nvars_07/supportcase6_ds_qaoa_c726_c733_0005.json,7,2,8,linear,2097152,0.000555089907720685,2.7895065108314157,296734000.0,"[0, 0, 0, 0, 0, 1, 1]",1659.66015625,1947.66015625,/home/zhenyusen/MIP-quantum/benchmark_qaoa_feasible.py --worker-problem /home/zhenyusen/MIP-quantum/data/miplib_benders/qaoa_problems/nvars_07/supportcase6_ds_qaoa_c726_c733_0005.json --worker-result /tmp/qaoa_feasible_2iczmhqt/result.json --p 1 --maxiter 5 --seed 42 --circuit-type multi_beta
qaoa_feasible_benchmark_a100_20260721_162713_cvIP_qaoa_first_feasible.csv,2026-07-21T17:46:33+0800,191145,supportcase6_ds_qaoa_c726_c733_c745_0002,/home/zhenyusen/MIP-quantum/data/miplib_benders/qaoa_problems/nvars_07/supportcase6_ds_qaoa_c726_c733_c745_0002.json,7,3,8,linear,2097152,0.00043775211088359356,2.343328383984044,134333000.0,"[0, 0, 0, 0, 0, 0, 1]",1531.66015625,1755.66015625,/home/zhenyusen/MIP-quantum/benchmark_qaoa_feasible.py --worker-problem /home/zhenyusen/MIP-quantum/data/miplib_benders/qaoa_problems/nvars_07/supportcase6_ds_qaoa_c726_c733_c745_0002.json --worker-result /tmp/qaoa_feasible_2_iflalu/result.json --p 1 --maxiter 5 --seed 42 --circuit-type multi_beta
qaoa_feasible_benchmark_a100_20260721_162713_cvIP_qaoa_first_feasible.csv,2026-07-21T17:47:06+0800,192184,supportcase6_ds_qaoa_c726_c733_c745_0003,/home/zhenyusen/MIP-quantum/data/miplib_benders/qaoa_problems/nvars_07/supportcase6_ds_qaoa_c726_c733_c745_0003.json,7,3,8,linear,2097152,0.0005482188425958157,2.344030363019556,134333000.0,"[0, 0, 0, 0, 0, 1, 0]",1531.77734375,1755.77734375,/home/zhenyusen/MIP-quantum/benchmark_qaoa_feasible.py --worker-problem /home/zhenyusen/MIP-quantum/data/miplib_benders/qaoa_problems/nvars_07/supportcase6_ds_qaoa_c726_c733_c745_0003.json --worker-result /tmp/qaoa_feasible_gifqwkw8/result.json --p 1 --maxiter 5 --seed 42 --circuit-type multi_beta
qaoa_feasible_benchmark_a100_20260721_162713_cvIP_qaoa_first_feasible.csv,2026-07-21T17:47:39+0800,193378,supportcase6_ds_qaoa_c726_c733_c745_0004,/home/zhenyusen/MIP-quantum/data/miplib_benders/qaoa_problems/nvars_07/supportcase6_ds_qaoa_c726_c733_c745_0004.json,7,3,8,linear,2097152,0.0013721559662371874,2.457783988909796,134333000.0,"[0, 0, 0, 0, 1, 0, 0]",1531.66015625,1755.66015625,/home/zhenyusen/MIP-quantum/benchmark_qaoa_feasible.py --worker-problem /home/zhenyusen/MIP-quantum/data/miplib_benders/qaoa_problems/nvars_07/supportcase6_ds_qaoa_c726_c733_c745_0004.json --worker-result /tmp/qaoa_feasible_ec5gl7c7/result.json --p 1 --maxiter 5 --seed 42 --circuit-type multi_beta
qaoa_feasible_benchmark_a100_20260721_162713_cvIP_qaoa_first_feasible.csv,2026-07-21T17:48:12+0800,194437,supportcase6_ds_qaoa_c726_c733_c745_0005,/home/zhenyusen/MIP-quantum/data/miplib_benders/qaoa_problems/nvars_07/supportcase6_ds_qaoa_c726_c733_c745_0005.json,7,3,8,linear,2097152,0.000562962144613266,2.3402545449789613,296734000.0,"[0, 0, 0, 0, 0, 1, 1]",1531.78125,1755.78125,/home/zhenyusen/MIP-quantum/benchmark_qaoa_feasible.py --worker-problem /home/zhenyusen/MIP-quantum/data/miplib_benders/qaoa_problems/nvars_07/supportcase6_ds_qaoa_c726_c733_c745_0005.json --worker-result /tmp/qaoa_feasible_qmm8pw_r/result.json --p 1 --maxiter 5 --seed 42 --circuit-type multi_beta
qaoa_feasible_benchmark_a100_20260721_162713_cvIP_qaoa_first_feasible.csv,2026-07-21T17:48:45+0800,195548,supportcase6_ds_qaoa_c733_c745_0001,/home/zhenyusen/MIP-quantum/data/miplib_benders/qaoa_problems/nvars_07/supportcase6_ds_qaoa_c733_c745_0001.json,7,2,8,linear,2097152,0.0005380441434681416,2.740665504941717,134333000.0,"[0, 0, 0, 0, 0, 1, 0]",1659.78125,1947.78125,/home/zhenyusen/MIP-quantum/benchmark_qaoa_feasible.py --worker-problem /home/zhenyusen/MIP-quantum/data/miplib_benders/qaoa_problems/nvars_07/supportcase6_ds_qaoa_c733_c745_0001.json --worker-result /tmp/qaoa_feasible_rlwvabq8/result.json --p 1 --maxiter 5 --seed 42 --circuit-type multi_beta
qaoa_feasible_benchmark_a100_20260721_162713_cvIP_qaoa_first_feasible.csv,2026-07-21T17:49:18+0800,196595,supportcase6_ds_qaoa_c733_c745_0002,/home/zhenyusen/MIP-quantum/data/miplib_benders/qaoa_problems/nvars_07/supportcase6_ds_qaoa_c733_c745_0002.json,7,2,8,linear,2097152,0.0004248430486768484,2.766989039024338,144887000.0,"[0, 0, 0, 0, 0, 0, 1]",1659.66015625,1947.66015625,/home/zhenyusen/MIP-quantum/benchmark_qaoa_feasible.py --worker-problem /home/zhenyusen/MIP-quantum/data/miplib_benders/qaoa_problems/nvars_07/supportcase6_ds_qaoa_c733_c745_0002.json --worker-result /tmp/qaoa_feasible_rdz4_hr3/result.json --p 1 --maxiter 5 --seed 42 --circuit-type multi_beta
qaoa_feasible_benchmark_a100_20260721_162713_cvIP_qaoa_first_feasible.csv,2026-07-21T17:49:52+0800,197766,supportcase6_ds_qaoa_c733_c745_0003,/home/zhenyusen/MIP-quantum/data/miplib_benders/qaoa_problems/nvars_07/supportcase6_ds_qaoa_c733_c745_0003.json,7,2,8,linear,2097152,0.0005556498654186726,2.7256321078166366,144887000.0,"[0, 0, 0, 0, 0, 1, 0]",1659.65234375,1947.65234375,/home/zhenyusen/MIP-quantum/benchmark_qaoa_feasible.py --worker-problem /home/zhenyusen/MIP-quantum/data/miplib_benders/qaoa_problems/nvars_07/supportcase6_ds_qaoa_c733_c745_0003.json --worker-result /tmp/qaoa_feasible_6_c0_ndi/result.json --p 1 --maxiter 5 --seed 42 --circuit-type multi_beta
qaoa_feasible_benchmark_a100_20260721_162713_cvIP_qaoa_first_feasible.csv,2026-07-21T17:50:25+0800,198802,supportcase6_ds_qaoa_c733_c745_0004,/home/zhenyusen/MIP-quantum/data/miplib_benders/qaoa_problems/nvars_07/supportcase6_ds_qaoa_c733_c745_0004.json,7,2,8,linear,2097152,0.0004356889985501766,2.7507845901418477,134333000.0,"[0, 0, 0, 0, 0, 0, 1]",1659.66796875,1947.66796875,/home/zhenyusen/MIP-quantum/benchmark_qaoa_feasible.py --worker-problem /home/zhenyusen/MIP-quantum/data/miplib_benders/qaoa_problems/nvars_07/supportcase6_ds_qaoa_c733_c745_0004.json --worker-result /tmp/qaoa_feasible_s0gk2fb5/result.json --p 1 --maxiter 5 --seed 42 --circuit-type multi_beta
qaoa_feasible_benchmark_a100_20260721_162713_cvIP_qaoa_first_feasible.csv,2026-07-21T17:50:58+0800,199876,supportcase6_ds_qaoa_c733_c745_c747_0002,/home/zhenyusen/MIP-quantum/data/miplib_benders/qaoa_problems/nvars_07/supportcase6_ds_qaoa_c733_c745_c747_0002.json,7,3,8,linear,2097152,0.00044292001985013485,2.303503646980971,134333000.0,"[0, 0, 0, 0, 0, 0, 1]",1531.66015625,1755.66015625,/home/zhenyusen/MIP-quantum/benchmark_qaoa_feasible.py --worker-problem /home/zhenyusen/MIP-quantum/data/miplib_benders/qaoa_problems/nvars_07/supportcase6_ds_qaoa_c733_c745_c747_0002.json --worker-result /tmp/qaoa_feasible_29gdom68/result.json --p 1 --maxiter 5 --seed 42 --circuit-type multi_beta
qaoa_feasible_benchmark_a100_20260721_162713_cvIP_qaoa_first_feasible.csv,2026-07-21T17:51:30+0800,200903,supportcase6_ds_qaoa_c733_c745_c747_0003,/home/zhenyusen/MIP-quantum/data/miplib_benders/qaoa_problems/nvars_07/supportcase6_ds_qaoa_c733_c745_c747_0003.json,7,3,8,linear,2097152,0.0005454649217426777,2.266162517014891,134333000.0,"[0, 0, 0, 0, 0, 1, 0]",1529.6640625,1753.6640625,/home/zhenyusen/MIP-quantum/benchmark_qaoa_feasible.py --worker-problem /home/zhenyusen/MIP-quantum/data/miplib_benders/qaoa_problems/nvars_07/supportcase6_ds_qaoa_c733_c745_c747_0003.json --worker-result /tmp/qaoa_feasible_kw4nzqig/result.json --p 1 --maxiter 5 --seed 42 --circuit-type multi_beta
qaoa_feasible_benchmark_a100_20260721_162713_cvIP_qaoa_first_feasible.csv,2026-07-21T17:52:03+0800,201953,supportcase6_ds_qaoa_c733_c745_c747_0004,/home/zhenyusen/MIP-quantum/data/miplib_benders/qaoa_problems/nvars_07/supportcase6_ds_qaoa_c733_c745_c747_0004.json,7,3,8,linear,2097152,0.00044029601849615574,2.3527990700677037,144887000.0,"[0, 0, 0, 0, 0, 0, 1]",1529.6640625,1753.6640625,/home/zhenyusen/MIP-quantum/benchmark_qaoa_feasible.py --worker-problem /home/zhenyusen/MIP-quantum/data/miplib_benders/qaoa_problems/nvars_07/supportcase6_ds_qaoa_c733_c745_c747_0004.json --worker-result /tmp/qaoa_feasible__z89x4t3/result.json --p 1 --maxiter 5 --seed 42 --circuit-type multi_beta
qaoa_feasible_benchmark_a100_20260721_162713_cvIP_qaoa_first_feasible.csv,2026-07-21T17:52:36+0800,203126,supportcase6_ds_qaoa_c733_c745_c747_0005,/home/zhenyusen/MIP-quantum/data/miplib_benders/qaoa_problems/nvars_07/supportcase6_ds_qaoa_c733_c745_c747_0005.json,7,3,8,linear,2097152,0.0005565821193158627,2.3637452928815037,144887000.0,"[0, 0, 0, 0, 0, 1, 0]",1531.6640625,1755.6640625,/home/zhenyusen/MIP-quantum/benchmark_qaoa_feasible.py --worker-problem /home/zhenyusen/MIP-quantum/data/miplib_benders/qaoa_problems/nvars_07/supportcase6_ds_qaoa_c733_c745_c747_0005.json --worker-result /tmp/qaoa_feasible_ynlqkyuj/result.json --p 1 --maxiter 5 --seed 42 --circuit-type multi_beta
qaoa_feasible_benchmark_a100_20260721_162713_cvIP_qaoa_first_feasible.csv,2026-07-21T17:53:09+0800,204149,supportcase6_ds_qaoa_c745_c747_0001,/home/zhenyusen/MIP-quantum/data/miplib_benders/qaoa_problems/nvars_07/supportcase6_ds_qaoa_c745_c747_0001.json,7,2,8,linear,2097152,0.00042631104588508606,2.7581690470688045,150892000.0,"[0, 0, 0, 0, 0, 0, 1]",1659.7734375,1947.7734375,/home/zhenyusen/MIP-quantum/benchmark_qaoa_feasible.py --worker-problem /home/zhenyusen/MIP-quantum/data/miplib_benders/qaoa_problems/nvars_07/supportcase6_ds_qaoa_c745_c747_0001.json --worker-result /tmp/qaoa_feasible_5k4j2dm6/result.json --p 1 --maxiter 5 --seed 42 --circuit-type multi_beta
qaoa_feasible_benchmark_a100_20260721_162713_cvIP_qaoa_first_feasible.csv,2026-07-21T17:53:42+0800,205197,supportcase6_ds_qaoa_c745_c747_0002,/home/zhenyusen/MIP-quantum/data/miplib_benders/qaoa_problems/nvars_07/supportcase6_ds_qaoa_c745_c747_0002.json,7,2,8,linear,2097152,0.0004312389064580202,2.680307175964117,134333000.0,"[0, 0, 0, 0, 0, 0, 1]",1656.91015625,1944.91015625,/home/zhenyusen/MIP-quantum/benchmark_qaoa_feasible.py --worker-problem /home/zhenyusen/MIP-quantum/data/miplib_benders/qaoa_problems/nvars_07/supportcase6_ds_qaoa_c745_c747_0002.json --worker-result /tmp/qaoa_feasible_q0rbws_d/result.json --p 1 --maxiter 5 --seed 42 --circuit-type multi_beta
qaoa_feasible_benchmark_a100_20260721_162713_cvIP_qaoa_first_feasible.csv,2026-07-21T17:54:15+0800,206242,supportcase6_ds_qaoa_c745_c747_0003,/home/zhenyusen/MIP-quantum/data/miplib_benders/qaoa_problems/nvars_07/supportcase6_ds_qaoa_c745_c747_0003.json,7,2,8,linear,2097152,0.0004340740852057934,2.6328592249192297,145944000.0,"[0, 0, 0, 0, 0, 0, 1]",1659.66015625,1947.66015625,/home/zhenyusen/MIP-quantum/benchmark_qaoa_feasible.py --worker-problem /home/zhenyusen/MIP-quantum/data/miplib_benders/qaoa_problems/nvars_07/supportcase6_ds_qaoa_c745_c747_0003.json --worker-result /tmp/qaoa_feasible_ug99xsz2/result.json --p 1 --maxiter 5 --seed 42 --circuit-type multi_beta
qaoa_feasible_benchmark_a100_20260721_162713_cvIP_qaoa_first_feasible.csv,2026-07-21T17:54:49+0800,207276,supportcase6_ds_qaoa_c745_c747_0004,/home/zhenyusen/MIP-quantum/data/miplib_benders/qaoa_problems/nvars_07/supportcase6_ds_qaoa_c745_c747_0004.json,7,2,8,linear,2097152,0.00042427913285791874,2.7056969390250742,144887000.0,"[0, 0, 0, 0, 0, 0, 1]",1657.78125,1945.78125,/home/zhenyusen/MIP-quantum/benchmark_qaoa_feasible.py --worker-problem /home/zhenyusen/MIP-quantum/data/miplib_benders/qaoa_problems/nvars_07/supportcase6_ds_qaoa_c745_c747_0004.json --worker-result /tmp/qaoa_feasible_34vv78ft/result.json --p 1 --maxiter 5 --seed 42 --circuit-type multi_beta
qaoa_feasible_benchmark_a100_20260721_162713_cvIP_qaoa_first_feasible.csv,2026-07-21T17:55:22+0800,208352,supportcase6_ds_qaoa_c745_c747_0005,/home/zhenyusen/MIP-quantum/data/miplib_benders/qaoa_problems/nvars_07/supportcase6_ds_qaoa_c745_c747_0005.json,7,2,8,linear,2097152,0.0005463329143822193,2.7514783199876547,144887000.0,"[0, 0, 0, 0, 0, 1, 0]",1657.6640625,1945.6640625,/home/zhenyusen/MIP-quantum/benchmark_qaoa_feasible.py --worker-problem /home/zhenyusen/MIP-quantum/data/miplib_benders/qaoa_problems/nvars_07/supportcase6_ds_qaoa_c745_c747_0005.json --worker-result /tmp/qaoa_feasible_y5t1t0xn/result.json --p 1 --maxiter 5 --seed 42 --circuit-type multi_beta
qaoa_feasible_benchmark_a100_20260721_162713_cvIP_qaoa_first_feasible.csv,2026-07-21T17:55:55+0800,209419,supportcase6_ds_qaoa_c745_c747_c759_0001,/home/zhenyusen/MIP-quantum/data/miplib_benders/qaoa_problems/nvars_07/supportcase6_ds_qaoa_c745_c747_c759_0001.json,7,3,8,linear,2097152,0.00046359910629689693,2.3598351448308676,150892000.0,"[0, 0, 0, 0, 0, 0, 1]",1531.6640625,1755.6640625,/home/zhenyusen/MIP-quantum/benchmark_qaoa_feasible.py --worker-problem /home/zhenyusen/MIP-quantum/data/miplib_benders/qaoa_problems/nvars_07/supportcase6_ds_qaoa_c745_c747_c759_0001.json --worker-result /tmp/qaoa_feasible_vk6_r15b/result.json --p 1 --maxiter 5 --seed 42 --circuit-type multi_beta
qaoa_feasible_benchmark_a100_20260721_162713_cvIP_qaoa_first_feasible.csv,2026-07-21T17:56:28+0800,210607,supportcase6_ds_qaoa_c745_c747_c759_0002,/home/zhenyusen/MIP-quantum/data/miplib_benders/qaoa_problems/nvars_07/supportcase6_ds_qaoa_c745_c747_c759_0002.json,7,3,8,linear,2097152,0.0005581208970397711,2.356195761123672,150892000.0,"[0, 0, 0, 0, 0, 1, 0]",1531.79296875,1755.79296875,/home/zhenyusen/MIP-quantum/benchmark_qaoa_feasible.py --worker-problem /home/zhenyusen/MIP-quantum/data/miplib_benders/qaoa_problems/nvars_07/supportcase6_ds_qaoa_c745_c747_c759_0002.json --worker-result /tmp/qaoa_feasible_4pmgx7g3/result.json --p 1 --maxiter 5 --seed 42 --circuit-type multi_beta
qaoa_feasible_benchmark_a100_20260721_162713_cvIP_qaoa_first_feasible.csv,2026-07-21T17:57:02+0800,211686,supportcase6_ds_qaoa_c747_c759_0001,/home/zhenyusen/MIP-quantum/data/miplib_benders/qaoa_problems/nvars_07/supportcase6_ds_qaoa_c747_c759_0001.json,7,2,8,linear,2097152,0.00042074406519532204,2.76728021283634,150892000.0,"[0, 0, 0, 0, 0, 0, 1]",1657.62109375,1943.78515625,/home/zhenyusen/MIP-quantum/benchmark_qaoa_feasible.py --worker-problem /home/zhenyusen/MIP-quantum/data/miplib_benders/qaoa_problems/nvars_07/supportcase6_ds_qaoa_c747_c759_0001.json --worker-result /tmp/qaoa_feasible_g1tyl_c7/result.json --p 1 --maxiter 5 --seed 42 --circuit-type multi_beta
qaoa_feasible_benchmark_a100_20260721_162713_cvIP_qaoa_first_feasible.csv,2026-07-21T17:57:34+0800,212740,supportcase6_ds_qaoa_c747_c759_0002,/home/zhenyusen/MIP-quantum/data/miplib_benders/qaoa_problems/nvars_07/supportcase6_ds_qaoa_c747_c759_0002.json,7,2,8,linear,2097152,0.0005346769466996193,2.765777464956045,150892000.0,"[0, 0, 0, 0, 0, 1, 0]",1659.671875,1947.671875,/home/zhenyusen/MIP-quantum/benchmark_qaoa_feasible.py --worker-problem /home/zhenyusen/MIP-quantum/data/miplib_benders/qaoa_problems/nvars_07/supportcase6_ds_qaoa_c747_c759_0002.json --worker-result /tmp/qaoa_feasible_t0hklfk9/result.json --p 1 --maxiter 5 --seed 42 --circuit-type multi_beta
qaoa_feasible_benchmark_a100_20260721_162713_cvIP_qaoa_first_feasible.csv,2026-07-21T17:58:07+0800,213903,supportcase6_ds_qaoa_c747_c759_0005,/home/zhenyusen/MIP-quantum/data/miplib_benders/qaoa_problems/nvars_07/supportcase6_ds_qaoa_c747_c759_0005.json,7,2,8,linear,2097152,0.00041268207132816315,2.7935079799499363,151847000.0,"[0, 0, 0, 0, 0, 0, 1]",1659.671875,1947.671875,/home/zhenyusen/MIP-quantum/benchmark_qaoa_feasible.py --worker-problem /home/zhenyusen/MIP-quantum/data/miplib_benders/qaoa_problems/nvars_07/supportcase6_ds_qaoa_c747_c759_0005.json --worker-result /tmp/qaoa_feasible_rf0061_k/result.json --p 1 --maxiter 5 --seed 42 --circuit-type multi_beta
qaoa_feasible_benchmark_a100_20260721_162713_cvIP_qaoa_first_feasible.csv,2026-07-21T17:58:40+0800,215000,supportcase6_ds_qaoa_c747_c759_c762_0001,/home/zhenyusen/MIP-quantum/data/miplib_benders/qaoa_problems/nvars_07/supportcase6_ds_qaoa_c747_c759_c762_0001.json,7,3,8,linear,2097152,0.000541056040674448,2.531158776022494,151847000.0,"[0, 0, 0, 0, 0, 1, 0]",1531.6640625,1755.6640625,/home/zhenyusen/MIP-quantum/benchmark_qaoa_feasible.py --worker-problem /home/zhenyusen/MIP-quantum/data/miplib_benders/qaoa_problems/nvars_07/supportcase6_ds_qaoa_c747_c759_c762_0001.json --worker-result /tmp/qaoa_feasible_qi4s5crb/result.json --p 1 --maxiter 5 --seed 42 --circuit-type multi_beta
qaoa_feasible_benchmark_a100_20260721_162713_cvIP_qaoa_first_feasible.csv,2026-07-21T17:59:13+0800,216026,supportcase6_ds_qaoa_c747_c759_c762_0005,/home/zhenyusen/MIP-quantum/data/miplib_benders/qaoa_problems/nvars_07/supportcase6_ds_qaoa_c747_c759_c762_0005.json,7,3,8,linear,2097152,0.0004229680635035038,2.458806648850441,151847000.0,"[0, 0, 0, 0, 0, 0, 1]",1531.6796875,1755.6796875,/home/zhenyusen/MIP-quantum/benchmark_qaoa_feasible.py --worker-problem /home/zhenyusen/MIP-quantum/data/miplib_benders/qaoa_problems/nvars_07/supportcase6_ds_qaoa_c747_c759_c762_0005.json --worker-result /tmp/qaoa_feasible_dssdnp49/result.json --p 1 --maxiter 5 --seed 42 --circuit-type multi_beta
qaoa_feasible_benchmark_a100_20260721_162713_cvIP_qaoa_first_feasible.csv,2026-07-21T17:59:47+0800,217078,supportcase6_ds_qaoa_c759_c762_0001,/home/zhenyusen/MIP-quantum/data/miplib_benders/qaoa_problems/nvars_07/supportcase6_ds_qaoa_c759_c762_0001.json,7,2,8,linear,2097152,0.0005738860927522182,2.820054446812719,296836000.0,"[0, 0, 0, 0, 0, 1, 1]",1659.6640625,1947.6640625,/home/zhenyusen/MIP-quantum/benchmark_qaoa_feasible.py --worker-problem /home/zhenyusen/MIP-quantum/data/miplib_benders/qaoa_problems/nvars_07/supportcase6_ds_qaoa_c759_c762_0001.json --worker-result /tmp/qaoa_feasible_mdqzq2qq/result.json --p 1 --maxiter 5 --seed 42 --circuit-type multi_beta
qaoa_feasible_benchmark_a100_20260721_162713_cvIP_qaoa_first_feasible.csv,2026-07-21T18:00:20+0800,218115,supportcase6_ds_qaoa_c759_c762_0002,/home/zhenyusen/MIP-quantum/data/miplib_benders/qaoa_problems/nvars_07/supportcase6_ds_qaoa_c759_c762_0002.json,7,2,8,linear,2097152,0.0014010739978402853,2.773792210035026,295779000.0,"[0, 0, 0, 0, 1, 0, 1]",1656.19921875,1944.19921875,/home/zhenyusen/MIP-quantum/benchmark_qaoa_feasible.py --worker-problem /home/zhenyusen/MIP-quantum/data/miplib_benders/qaoa_problems/nvars_07/supportcase6_ds_qaoa_c759_c762_0002.json --worker-result /tmp/qaoa_feasible_ivyz2fhg/result.json --p 1 --maxiter 5 --seed 42 --circuit-type multi_beta
qaoa_feasible_benchmark_a100_20260721_162713_cvIP_qaoa_first_feasible.csv,2026-07-21T18:00:54+0800,219202,supportcase6_ds_qaoa_c759_c762_0003,/home/zhenyusen/MIP-quantum/data/miplib_benders/qaoa_problems/nvars_07/supportcase6_ds_qaoa_c759_c762_0003.json,7,2,8,linear,2097152,0.00046273786574602127,2.7360413239803165,151847000.0,"[0, 0, 0, 0, 0, 0, 1]",1656.16015625,1944.16015625,/home/zhenyusen/MIP-quantum/benchmark_qaoa_feasible.py --worker-problem /home/zhenyusen/MIP-quantum/data/miplib_benders/qaoa_problems/nvars_07/supportcase6_ds_qaoa_c759_c762_0003.json --worker-result /tmp/qaoa_feasible_84jkrey5/result.json --p 1 --maxiter 5 --seed 42 --circuit-type multi_beta
qaoa_feasible_benchmark_a100_20260721_162713_cvIP_qaoa_first_feasible.csv,2026-07-21T18:01:27+0800,220280,supportcase6_ds_qaoa_c759_c762_0004,/home/zhenyusen/MIP-quantum/data/miplib_benders/qaoa_problems/nvars_07/supportcase6_ds_qaoa_c759_c762_0004.json,7,2,8,linear,2097152,0.0005496600642800331,2.721714329207316,151847000.0,"[0, 0, 0, 0, 0, 1, 0]",1658.8828125,1946.8828125,/home/zhenyusen/MIP-quantum/benchmark_qaoa_feasible.py --worker-problem /home/zhenyusen/MIP-quantum/data/miplib_benders/qaoa_problems/nvars_07/supportcase6_ds_qaoa_c759_c762_0004.json --worker-result /tmp/qaoa_feasible_8z6u9xrn/result.json --p 1 --maxiter 5 --seed 42 --circuit-type multi_beta
qaoa_feasible_benchmark_a100_20260721_162713_cvIP_qaoa_first_feasible.csv,2026-07-21T18:02:23+0800,221387,ex10_ds_qaoa_NOD26_NOD2X2_0001,/home/zhenyusen/MIP-quantum/data/miplib_benders/qaoa_problems/nvars_08/ex10_ds_qaoa_NOD26_NOD2X2_0001.json,8,2,8,linear,16777216,0.45473636290989816,24.29064612602815,1.0,"[0, 0, 1, 0, 0, 0, 0, 0]",13977.19140625,16793.19140625,/home/zhenyusen/MIP-quantum/benchmark_qaoa_feasible.py --worker-problem /home/zhenyusen/MIP-quantum/data/miplib_benders/qaoa_problems/nvars_08/ex10_ds_qaoa_NOD26_NOD2X2_0001.json --worker-result /tmp/qaoa_feasible_x89950a1/result.json --p 1 --maxiter 5 --seed 42 --circuit-type multi_beta
qaoa_feasible_benchmark_a100_20260721_162713_cvIP_qaoa_first_feasible.csv,2026-07-21T18:07:31+0800,230832,ex9_ds_qaoa_NOD2X5_NOD37_0004,/home/zhenyusen/MIP-quantum/data/miplib_benders/qaoa_problems/nvars_08/ex9_ds_qaoa_NOD2X5_NOD37_0004.json,8,2,8,linear,16777216,0.0010767660569399595,39.115108302095905,1.0,"[0, 0, 0, 0, 0, 0, 0, 1]",13979.6796875,16795.6796875,/home/zhenyusen/MIP-quantum/benchmark_qaoa_feasible.py --worker-problem /home/zhenyusen/MIP-quantum/data/miplib_benders/qaoa_problems/nvars_08/ex9_ds_qaoa_NOD2X5_NOD37_0004.json --worker-result /tmp/qaoa_feasible__zj9jklv/result.json --p 1 --maxiter 5 --seed 42 --circuit-type multi_beta
qaoa_feasible_benchmark_a100_20260721_162713_cvIP_qaoa_first_feasible.csv,2026-07-21T18:15:55+0800,247072,ex9_ds_qaoa_NOD2X5_NOD37_0005,/home/zhenyusen/MIP-quantum/data/miplib_benders/qaoa_problems/nvars_08/ex9_ds_qaoa_NOD2X5_NOD37_0005.json,8,2,8,linear,16777216,0.001176157034933567,38.14063875982538,1.0,"[0, 0, 0, 0, 0, 0, 0, 1]",13977.12109375,16793.12109375,/home/zhenyusen/MIP-quantum/benchmark_qaoa_feasible.py --worker-problem /home/zhenyusen/MIP-quantum/data/miplib_benders/qaoa_problems/nvars_08/ex9_ds_qaoa_NOD2X5_NOD37_0005.json --worker-result /tmp/qaoa_feasible_mb4jykgx/result.json --p 1 --maxiter 5 --seed 42 --circuit-type multi_beta
qaoa_feasible_benchmark_a100_20260721_162713_cvIP_qaoa_first_feasible.csv,2026-07-21T18:23:23+0800,261571,ex9_ds_qaoa_NOD2X5_NOD37_0006,/home/zhenyusen/MIP-quantum/data/miplib_benders/qaoa_problems/nvars_08/ex9_ds_qaoa_NOD2X5_NOD37_0006.json,8,2,8,linear,16777216,0.0009305060375481844,26.397289444925264,1.0,"[0, 0, 0, 0, 0, 0, 1, 0]",13979.21875,16793.69140625,/home/zhenyusen/MIP-quantum/benchmark_qaoa_feasible.py --worker-problem /home/zhenyusen/MIP-quantum/data/miplib_benders/qaoa_problems/nvars_08/ex9_ds_qaoa_NOD2X5_NOD37_0006.json --worker-result /tmp/qaoa_feasible_nn4jxzg4/result.json --p 1 --maxiter 5 --seed 42 --circuit-type multi_beta
qaoa_feasible_benchmark_a100_20260721_162713_cvIP_qaoa_first_feasible.csv,2026-07-21T18:31:19+0800,277413,ex9_ds_qaoa_NOD2X5_NOD37_0007,/home/zhenyusen/MIP-quantum/data/miplib_benders/qaoa_problems/nvars_08/ex9_ds_qaoa_NOD2X5_NOD37_0007.json,8,2,8,linear,16777216,0.002851633122190833,38.095629974035546,1.0,"[0, 0, 0, 0, 0, 1, 0, 0]",13975.90625,16791.90625,/home/zhenyusen/MIP-quantum/benchmark_qaoa_feasible.py --worker-problem /home/zhenyusen/MIP-quantum/data/miplib_benders/qaoa_problems/nvars_08/ex9_ds_qaoa_NOD2X5_NOD37_0007.json --worker-result /tmp/qaoa_feasible_3ukonld2/result.json --p 1 --maxiter 5 --seed 42 --circuit-type multi_beta
qaoa_feasible_benchmark_a100_20260721_162713_cvIP_qaoa_first_feasible.csv,2026-07-21T18:39:15+0800,292684,highschool1-aigio_ds_qaoa_spreadEventsUB_SpreadEvents1_108_Th_subeventsNotActive_108_1_1_0004,/home/zhenyusen/MIP-quantum/data/miplib_benders/qaoa_problems/nvars_08/highschool1-aigio_ds_qaoa_spreadEventsUB_SpreadEvents1_108_Th_subeventsNotActive_108_1_1_0004.json,8,2,8,linear,16777216,0.0012742870021611452,37.19955848809332,0.0,"[0, 0, 0, 0, 0, 0, 1, 0]",13979.703125,16795.703125,/home/zhenyusen/MIP-quantum/benchmark_qaoa_feasible.py --worker-problem /home/zhenyusen/MIP-quantum/data/miplib_benders/qaoa_problems/nvars_08/highschool1-aigio_ds_qaoa_spreadEventsUB_SpreadEvents1_108_Th_subeventsNotActive_108_1_1_0004.json --worker-result /tmp/qaoa_feasible_sb2xo_h6/result.json --p 1 --maxiter 5 --seed 42 --circuit-type multi_beta
qaoa_feasible_benchmark_a100_20260721_162713_cvIP_qaoa_first_feasible.csv,2026-07-21T18:47:12+0800,307511,irp_ds_qaoa_R0010_R0015_0001,/home/zhenyusen/MIP-quantum/data/miplib_benders/qaoa_problems/nvars_08/irp_ds_qaoa_R0010_R0015_0001.json,8,2,8,linear,16777216,0.836055109044537,37.80917999101803,5627280000.0,"[0, 0, 1, 0, 0, 0, 0, 0]",13977.44140625,16793.44140625,/home/zhenyusen/MIP-quantum/benchmark_qaoa_feasible.py --worker-problem /home/zhenyusen/MIP-quantum/data/miplib_benders/qaoa_problems/nvars_08/irp_ds_qaoa_R0010_R0015_0001.json --worker-result /tmp/qaoa_feasible_77sg7rjo/result.json --p 1 --maxiter 5 --seed 42 --circuit-type multi_beta
qaoa_feasible_benchmark_a100_20260721_162713_cvIP_qaoa_first_feasible.csv,2026-07-21T18:55:07+0800,321736,irp_ds_qaoa_R0020_R0026_0001,/home/zhenyusen/MIP-quantum/data/miplib_benders/qaoa_problems/nvars_08/irp_ds_qaoa_R0020_R0026_0001.json,8,2,8,linear,16777216,0.00286285812035203,37.968208834994584,11700250000.0,"[0, 0, 0, 0, 0, 1, 0, 1]",13979.67578125,16795.67578125,/home/zhenyusen/MIP-quantum/benchmark_qaoa_feasible.py --worker-problem /home/zhenyusen/MIP-quantum/data/miplib_benders/qaoa_problems/nvars_08/irp_ds_qaoa_R0020_R0026_0001.json --worker-result /tmp/qaoa_feasible_9voqxu62/result.json --p 1 --maxiter 5 --seed 42 --circuit-type multi_beta
qaoa_feasible_benchmark_a100_20260721_162713_cvIP_qaoa_first_feasible.csv,2026-07-21T19:03:05+0800,336221,leo1_ds_qaoa_R0000042_R0000043_0003,/home/zhenyusen/MIP-quantum/data/miplib_benders/qaoa_problems/nvars_08/leo1_ds_qaoa_R0000042_R0000043_0003.json,8,2,8,linear,16777216,0.8649658139329404,40.43507046299055,3.0,"[0, 0, 1, 0, 0, 0, 0, 0]",13975.9609375,16791.9609375,/home/zhenyusen/MIP-quantum/benchmark_qaoa_feasible.py --worker-problem /home/zhenyusen/MIP-quantum/data/miplib_benders/qaoa_problems/nvars_08/leo1_ds_qaoa_R0000042_R0000043_0003.json --worker-result /tmp/qaoa_feasible_qrpadjns/result.json --p 1 --maxiter 5 --seed 42 --circuit-type multi_beta
qaoa_feasible_benchmark_a100_20260721_162713_cvIP_qaoa_first_feasible.csv,2026-07-21T19:11:18+0800,351084,leo1_ds_qaoa_R0000043_R0000047_0003,/home/zhenyusen/MIP-quantum/data/miplib_benders/qaoa_problems/nvars_08/leo1_ds_qaoa_R0000043_R0000047_0003.json,8,2,8,linear,16777216,0.005275755887851119,46.26321361400187,6.0,"[0, 0, 0, 0, 0, 1, 0, 0]",13975.03125,16791.03125,/home/zhenyusen/MIP-quantum/benchmark_qaoa_feasible.py --worker-problem /home/zhenyusen/MIP-quantum/data/miplib_benders/qaoa_problems/nvars_08/leo1_ds_qaoa_R0000043_R0000047_0003.json --worker-result /tmp/qaoa_feasible_fjeih6y7/result.json --p 1 --maxiter 5 --seed 42 --circuit-type multi_beta
qaoa_feasible_benchmark_a100_20260721_162713_cvIP_qaoa_first_feasible.csv,2026-07-21T19:19:11+0800,365602,leo1_ds_qaoa_R0000047_R0000048_0003,/home/zhenyusen/MIP-quantum/data/miplib_benders/qaoa_problems/nvars_08/leo1_ds_qaoa_R0000047_R0000048_0003.json,8,2,8,linear,16777216,0.006026995833963156,35.634562470950186,12.0,"[0, 0, 0, 0, 0, 2, 6, 3]",11928.8671875,13720.8671875,/home/zhenyusen/MIP-quantum/benchmark_qaoa_feasible.py --worker-problem /home/zhenyusen/MIP-quantum/data/miplib_benders/qaoa_problems/nvars_08/leo1_ds_qaoa_R0000047_R0000048_0003.json --worker-result /tmp/qaoa_feasible_erv68ywi/result.json --p 1 --maxiter 5 --seed 42 --circuit-type multi_beta
qaoa_feasible_benchmark_a100_20260721_162713_cvIP_qaoa_first_feasible.csv,2026-07-21T19:27:25+0800,380948,neos8_ds_qaoa_R0001_R0002_0001,/home/zhenyusen/MIP-quantum/data/miplib_benders/qaoa_problems/nvars_08/neos8_ds_qaoa_R0001_R0002_0001.json,8,2,8,linear,16777216,0.0017446300480514765,41.238728560041636,0.0,"[0, 0, 0, 0, 0, 0, 1, 1]",13978.1796875,16794.1796875,/home/zhenyusen/MIP-quantum/benchmark_qaoa_feasible.py --worker-problem /home/zhenyusen/MIP-quantum/data/miplib_benders/qaoa_problems/nvars_08/neos8_ds_qaoa_R0001_R0002_0001.json --worker-result /tmp/qaoa_feasible_ag3_mziu/result.json --p 1 --maxiter 5 --seed 42 --circuit-type multi_beta
qaoa_feasible_benchmark_a100_20260721_162713_cvIP_qaoa_first_feasible.csv,2026-07-21T19:35:34+0800,395952,neos8_ds_qaoa_R0001_R0002_0002,/home/zhenyusen/MIP-quantum/data/miplib_benders/qaoa_problems/nvars_08/neos8_ds_qaoa_R0001_R0002_0002.json,8,2,8,linear,16777216,0.001437770901247859,40.88976879697293,0.0,"[0, 0, 0, 0, 0, 0, 1, 1]",13978.27734375,16794.27734375,/home/zhenyusen/MIP-quantum/benchmark_qaoa_feasible.py --worker-problem /home/zhenyusen/MIP-quantum/data/miplib_benders/qaoa_problems/nvars_08/neos8_ds_qaoa_R0001_R0002_0002.json --worker-result /tmp/qaoa_feasible_i6c3h9dy/result.json --p 1 --maxiter 5 --seed 42 --circuit-type multi_beta
qaoa_feasible_benchmark_a100_20260721_162713_cvIP_qaoa_first_feasible.csv,2026-07-21T19:43:37+0800,411415,neos8_ds_qaoa_R0001_R0002_0003,/home/zhenyusen/MIP-quantum/data/miplib_benders/qaoa_problems/nvars_08/neos8_ds_qaoa_R0001_R0002_0003.json,8,2,8,linear,16777216,0.0014382540248334408,40.57641836302355,0.0,"[0, 0, 0, 0, 0, 0, 1, 1]",13977.8359375,16793.8359375,/home/zhenyusen/MIP-quantum/benchmark_qaoa_feasible.py --worker-problem /home/zhenyusen/MIP-quantum/data/miplib_benders/qaoa_problems/nvars_08/neos8_ds_qaoa_R0001_R0002_0003.json --worker-result /tmp/qaoa_feasible_y0e9ibat/result.json --p 1 --maxiter 5 --seed 42 --circuit-type multi_beta
qaoa_feasible_benchmark_a100_20260721_162713_cvIP_qaoa_first_feasible.csv,2026-07-21T19:51:38+0800,426297,neos8_ds_qaoa_R0001_R0002_0004,/home/zhenyusen/MIP-quantum/data/miplib_benders/qaoa_problems/nvars_08/neos8_ds_qaoa_R0001_R0002_0004.json,8,2,8,linear,16777216,0.0013511430006474257,37.69139321800321,0.0,"[0, 0, 0, 0, 0, 0, 1, 1]",13979.6953125,16795.6953125,/home/zhenyusen/MIP-quantum/benchmark_qaoa_feasible.py --worker-problem /home/zhenyusen/MIP-quantum/data/miplib_benders/qaoa_problems/nvars_08/neos8_ds_qaoa_R0001_R0002_0004.json --worker-result /tmp/qaoa_feasible_bee6zd85/result.json --p 1 --maxiter 5 --seed 42 --circuit-type multi_beta
qaoa_feasible_benchmark_a100_20260721_162713_cvIP_qaoa_first_feasible.csv,2026-07-21T19:59:39+0800,443048,neos8_ds_qaoa_R0001_R0002_0005,/home/zhenyusen/MIP-quantum/data/miplib_benders/qaoa_problems/nvars_08/neos8_ds_qaoa_R0001_R0002_0005.json,8,2,8,linear,16777216,0.0015769151505082846,39.60993814608082,0.0,"[0, 0, 0, 0, 0, 0, 1, 1]",13976.43359375,16792.43359375,/home/zhenyusen/MIP-quantum/benchmark_qaoa_feasible.py --worker-problem /home/zhenyusen/MIP-quantum/data/miplib_benders/qaoa_problems/nvars_08/neos8_ds_qaoa_R0001_R0002_0005.json --worker-result /tmp/qaoa_feasible_i3n9ey86/result.json --p 1 --maxiter 5 --seed 42 --circuit-type multi_beta
qaoa_feasible_benchmark_a100_20260721_162713_cvIP_qaoa_first_feasible.csv,2026-07-21T20:07:41+0800,461083,neos8_ds_qaoa_R0001_R0002_0006,/home/zhenyusen/MIP-quantum/data/miplib_benders/qaoa_problems/nvars_08/neos8_ds_qaoa_R0001_R0002_0006.json,8,2,8,linear,16777216,0.001423683948814869,39.313397522084415,0.0,"[0, 0, 0, 0, 0, 0, 1, 1]",13979.72265625,16795.72265625,/home/zhenyusen/MIP-quantum/benchmark_qaoa_feasible.py --worker-problem /home/zhenyusen/MIP-quantum/data/miplib_benders/qaoa_problems/nvars_08/neos8_ds_qaoa_R0001_R0002_0006.json --worker-result /tmp/qaoa_feasible_hm__s7or/result.json --p 1 --maxiter 5 --seed 42 --circuit-type multi_beta
qaoa_feasible_benchmark_a100_20260721_162713_cvIP_qaoa_first_feasible.csv,2026-07-21T20:15:45+0800,478699,neos8_ds_qaoa_R0001_R0002_0007,/home/zhenyusen/MIP-quantum/data/miplib_benders/qaoa_problems/nvars_08/neos8_ds_qaoa_R0001_R0002_0007.json,8,2,8,linear,16777216,0.0013542708475142717,37.459059931105,0.0,"[0, 0, 0, 0, 0, 0, 1, 1]",13976.26171875,16792.26171875,/home/zhenyusen/MIP-quantum/benchmark_qaoa_feasible.py --worker-problem /home/zhenyusen/MIP-quantum/data/miplib_benders/qaoa_problems/nvars_08/neos8_ds_qaoa_R0001_R0002_0007.json --worker-result /tmp/qaoa_feasible_3plvb9jx/result.json --p 1 --maxiter 5 --seed 42 --circuit-type multi_beta
qaoa_feasible_benchmark_a100_20260721_162713_cvIP_qaoa_first_feasible.csv,2026-07-21T20:23:47+0800,494942,neos8_ds_qaoa_R0001_R0002_0008,/home/zhenyusen/MIP-quantum/data/miplib_benders/qaoa_problems/nvars_08/neos8_ds_qaoa_R0001_R0002_0008.json,8,2,8,linear,16777216,0.0035948820877820253,37.67259075399488,0.0,"[0, 0, 0, 0, 0, 0, 1, 1]",13977.0390625,16793.0390625,/home/zhenyusen/MIP-quantum/benchmark_qaoa_feasible.py --worker-problem /home/zhenyusen/MIP-quantum/data/miplib_benders/qaoa_problems/nvars_08/neos8_ds_qaoa_R0001_R0002_0008.json --worker-result /tmp/qaoa_feasible_30oge8tv/result.json --p 1 --maxiter 5 --seed 42 --circuit-type multi_beta
qaoa_feasible_benchmark_a100_20260721_162713_cvIP_qaoa_first_feasible.csv,2026-07-21T20:31:48+0800,512587,neos8_ds_qaoa_R0001_R0002_0009,/home/zhenyusen/MIP-quantum/data/miplib_benders/qaoa_problems/nvars_08/neos8_ds_qaoa_R0001_R0002_0009.json,8,2,8,linear,16777216,0.001433068886399269,39.701356067089364,0.0,"[0, 0, 0, 0, 0, 0, 1, 1]",13978.33984375,16794.33984375,/home/zhenyusen/MIP-quantum/benchmark_qaoa_feasible.py --worker-problem /home/zhenyusen/MIP-quantum/data/miplib_benders/qaoa_problems/nvars_08/neos8_ds_qaoa_R0001_R0002_0009.json --worker-result /tmp/qaoa_feasible_5_s7tybh/result.json --p 1 --maxiter 5 --seed 42 --circuit-type multi_beta
qaoa_feasible_benchmark_a100_20260721_162713_cvIP_qaoa_first_feasible.csv,2026-07-21T20:39:51+0800,534367,neos8_ds_qaoa_R0001_R0002_R0003_0001,/home/zhenyusen/MIP-quantum/data/miplib_benders/qaoa_problems/nvars_08/neos8_ds_qaoa_R0001_R0002_R0003_0001.json,8,3,8,linear,16777216,0.0031490649562329054,35.655840151943266,0.0,"[0, 0, 0, 0, 0, 1, 1, 1]",12951.6796875,15255.6796875,/home/zhenyusen/MIP-quantum/benchmark_qaoa_feasible.py --worker-problem /home/zhenyusen/MIP-quantum/data/miplib_benders/qaoa_problems/nvars_08/neos8_ds_qaoa_R0001_R0002_R0003_0001.json --worker-result /tmp/qaoa_feasible_faxdz0ml/result.json --p 1 --maxiter 5 --seed 42 --circuit-type multi_beta
qaoa_feasible_benchmark_a100_20260721_162713_cvIP_qaoa_first_feasible.csv,2026-07-21T20:47:53+0800,552052,neos8_ds_qaoa_R0001_R0002_R0003_0002,/home/zhenyusen/MIP-quantum/data/miplib_benders/qaoa_problems/nvars_08/neos8_ds_qaoa_R0001_R0002_R0003_0002.json,8,3,8,linear,16777216,0.002984998980537057,35.5574920240324,0.0,"[0, 0, 0, 0, 0, 1, 1, 1]",12953.7109375,15257.7109375,/home/zhenyusen/MIP-quantum/benchmark_qaoa_feasible.py --worker-problem /home/zhenyusen/MIP-quantum/data/miplib_benders/qaoa_problems/nvars_08/neos8_ds_qaoa_R0001_R0002_R0003_0002.json --worker-result /tmp/qaoa_feasible_wwi_hebj/result.json --p 1 --maxiter 5 --seed 42 --circuit-type multi_beta
qaoa_feasible_benchmark_a100_20260721_162713_cvIP_qaoa_first_feasible.csv,2026-07-21T20:56:00+0800,569646,neos8_ds_qaoa_R0001_R0002_R0003_0003,/home/zhenyusen/MIP-quantum/data/miplib_benders/qaoa_problems/nvars_08/neos8_ds_qaoa_R0001_R0002_R0003_0003.json,8,3,8,linear,16777216,0.0031479750759899616,37.643138341838494,0.0,"[0, 0, 0, 0, 0, 1, 1, 1]",12951.515625,15255.515625,/home/zhenyusen/MIP-quantum/benchmark_qaoa_feasible.py --worker-problem /home/zhenyusen/MIP-quantum/data/miplib_benders/qaoa_problems/nvars_08/neos8_ds_qaoa_R0001_R0002_R0003_0003.json --worker-result /tmp/qaoa_feasible_w_j5euv4/result.json --p 1 --maxiter 5 --seed 42 --circuit-type multi_beta
qaoa_feasible_benchmark_a100_20260721_162713_cvIP_qaoa_first_feasible.csv,2026-07-21T21:04:04+0800,588682,neos8_ds_qaoa_R0001_R0002_R0003_0004,/home/zhenyusen/MIP-quantum/data/miplib_benders/qaoa_problems/nvars_08/neos8_ds_qaoa_R0001_R0002_R0003_0004.json,8,3,8,linear,16777216,0.0056493100710213184,40.20681401900947,0.0,"[0, 0, 0, 0, 0, 1, 1, 1]",12952.578125,15256.578125,/home/zhenyusen/MIP-quantum/benchmark_qaoa_feasible.py --worker-problem /home/zhenyusen/MIP-quantum/data/miplib_benders/qaoa_problems/nvars_08/neos8_ds_qaoa_R0001_R0002_R0003_0004.json --worker-result /tmp/qaoa_feasible_tej8ejht/result.json --p 1 --maxiter 5 --seed 42 --circuit-type multi_beta
qaoa_feasible_benchmark_a100_20260721_162713_cvIP_qaoa_first_feasible.csv,2026-07-21T21:12:02+0800,606557,neos8_ds_qaoa_R0001_R0002_R0003_0005,/home/zhenyusen/MIP-quantum/data/miplib_benders/qaoa_problems/nvars_08/neos8_ds_qaoa_R0001_R0002_R0003_0005.json,8,3,8,linear,16777216,0.003047031117603183,36.61257315892726,0.0,"[0, 0, 0, 0, 0, 1, 1, 1]",12950.91015625,15254.91015625,/home/zhenyusen/MIP-quantum/benchmark_qaoa_feasible.py --worker-problem /home/zhenyusen/MIP-quantum/data/miplib_benders/qaoa_problems/nvars_08/neos8_ds_qaoa_R0001_R0002_R0003_0005.json --worker-result /tmp/qaoa_feasible_eo7zkf4d/result.json --p 1 --maxiter 5 --seed 42 --circuit-type multi_beta
qaoa_feasible_benchmark_a100_20260721_162713_cvIP_qaoa_first_feasible.csv,2026-07-21T21:19:50+0800,627561,neos8_ds_qaoa_R0001_R0002_R0003_0006,/home/zhenyusen/MIP-quantum/data/miplib_benders/qaoa_problems/nvars_08/neos8_ds_qaoa_R0001_R0002_R0003_0006.json,8,3,8,linear,16777216,0.003027325961738825,33.82828443101607,0.0,"[0, 0, 0, 0, 0, 1, 1, 1]",12952.6875,15256.6875,/home/zhenyusen/MIP-quantum/benchmark_qaoa_feasible.py --worker-problem /home/zhenyusen/MIP-quantum/data/miplib_benders/qaoa_problems/nvars_08/neos8_ds_qaoa_R0001_R0002_R0003_0006.json --worker-result /tmp/qaoa_feasible_hs0j9fkg/result.json --p 1 --maxiter 5 --seed 42 --circuit-type multi_beta
qaoa_feasible_benchmark_a100_20260721_162713_cvIP_qaoa_first_feasible.csv,2026-07-21T21:27:51+0800,645887,neos8_ds_qaoa_R0002_R0003_0001,/home/zhenyusen/MIP-quantum/data/miplib_benders/qaoa_problems/nvars_08/neos8_ds_qaoa_R0002_R0003_0001.json,8,2,8,linear,16777216,0.0013036318123340607,35.917874253122136,0.0,"[0, 0, 0, 0, 0, 0, 1, 1]",13975.8671875,16791.8671875,/home/zhenyusen/MIP-quantum/benchmark_qaoa_feasible.py --worker-problem /home/zhenyusen/MIP-quantum/data/miplib_benders/qaoa_problems/nvars_08/neos8_ds_qaoa_R0002_R0003_0001.json --worker-result /tmp/qaoa_feasible_hqq_r8of/result.json --p 1 --maxiter 5 --seed 42 --circuit-type multi_beta
qaoa_feasible_benchmark_a100_20260721_162713_cvIP_qaoa_first_feasible.csv,2026-07-21T21:35:46+0800,665772,neos8_ds_qaoa_R0002_R0003_0002,/home/zhenyusen/MIP-quantum/data/miplib_benders/qaoa_problems/nvars_08/neos8_ds_qaoa_R0002_R0003_0002.json,8,2,8,linear,16777216,0.0013058050535619259,36.70154648413882,0.0,"[0, 0, 0, 0, 0, 0, 1, 1]",13979.6875,16795.6875,/home/zhenyusen/MIP-quantum/benchmark_qaoa_feasible.py --worker-problem /home/zhenyusen/MIP-quantum/data/miplib_benders/qaoa_problems/nvars_08/neos8_ds_qaoa_R0002_R0003_0002.json --worker-result /tmp/qaoa_feasible_btys22oh/result.json --p 1 --maxiter 5 --seed 42 --circuit-type multi_beta
qaoa_feasible_benchmark_a100_20260721_162713_cvIP_qaoa_first_feasible.csv,2026-07-21T21:43:42+0800,683735,neos8_ds_qaoa_R0002_R0003_0003,/home/zhenyusen/MIP-quantum/data/miplib_benders/qaoa_problems/nvars_08/neos8_ds_qaoa_R0002_R0003_0003.json,8,2,8,linear,16777216,0.0013495218008756638,36.0256369530689,0.0,"[0, 0, 0, 0, 0, 0, 1, 1]",13980.9765625,16796.9765625,/home/zhenyusen/MIP-quantum/benchmark_qaoa_feasible.py --worker-problem /home/zhenyusen/MIP-quantum/data/miplib_benders/qaoa_problems/nvars_08/neos8_ds_qaoa_R0002_R0003_0003.json --worker-result /tmp/qaoa_feasible_fpl7ok62/result.json --p 1 --maxiter 5 --seed 42 --circuit-type multi_beta
qaoa_feasible_benchmark_a100_20260721_162713_cvIP_qaoa_first_feasible.csv,2026-07-21T21:51:44+0800,703397,neos8_ds_qaoa_R0002_R0003_0004,/home/zhenyusen/MIP-quantum/data/miplib_benders/qaoa_problems/nvars_08/neos8_ds_qaoa_R0002_R0003_0004.json,8,2,8,linear,16777216,0.0014272998087108135,37.05782196391374,0.0,"[0, 0, 0, 0, 0, 0, 1, 1]",13977.68359375,16793.68359375,/home/zhenyusen/MIP-quantum/benchmark_qaoa_feasible.py --worker-problem /home/zhenyusen/MIP-quantum/data/miplib_benders/qaoa_problems/nvars_08/neos8_ds_qaoa_R0002_R0003_0004.json --worker-result /tmp/qaoa_feasible_sr7dnbcc/result.json --p 1 --maxiter 5 --seed 42 --circuit-type multi_beta
qaoa_feasible_benchmark_a100_20260721_162713_cvIP_qaoa_first_feasible.csv,2026-07-21T21:59:37+0800,722050,neos8_ds_qaoa_R0002_R0003_0005,/home/zhenyusen/MIP-quantum/data/miplib_benders/qaoa_problems/nvars_08/neos8_ds_qaoa_R0002_R0003_0005.json,8,2,8,linear,16777216,0.0013467250391840935,36.31719135097228,0.0,"[0, 0, 0, 0, 0, 0, 1, 1]",13979.6875,16795.6875,/home/zhenyusen/MIP-quantum/benchmark_qaoa_feasible.py --worker-problem /home/zhenyusen/MIP-quantum/data/miplib_benders/qaoa_problems/nvars_08/neos8_ds_qaoa_R0002_R0003_0005.json --worker-result /tmp/qaoa_feasible_i9q_sbmw/result.json --p 1 --maxiter 5 --seed 42 --circuit-type multi_beta
qaoa_feasible_benchmark_a100_20260721_162713_cvIP_qaoa_first_feasible.csv,2026-07-21T22:07:35+0800,737892,neos8_ds_qaoa_R0002_R0003_0006,/home/zhenyusen/MIP-quantum/data/miplib_benders/qaoa_problems/nvars_08/neos8_ds_qaoa_R0002_R0003_0006.json,8,2,8,linear,16777216,0.0013567409478127956,36.24436875106767,0.0,"[0, 0, 0, 0, 0, 0, 1, 1]",13977.15625,16793.15625,/home/zhenyusen/MIP-quantum/benchmark_qaoa_feasible.py --worker-problem /home/zhenyusen/MIP-quantum/data/miplib_benders/qaoa_problems/nvars_08/neos8_ds_qaoa_R0002_R0003_0006.json --worker-result /tmp/qaoa_feasible_u3wg3dj1/result.json --p 1 --maxiter 5 --seed 42 --circuit-type multi_beta
qaoa_feasible_benchmark_a100_20260721_162713_cvIP_qaoa_first_feasible.csv,2026-07-21T22:15:34+0800,754232,neos8_ds_qaoa_R0002_R0003_R0004_0001,/home/zhenyusen/MIP-quantum/data/miplib_benders/qaoa_problems/nvars_08/neos8_ds_qaoa_R0002_R0003_R0004_0001.json,8,3,8,linear,16777216,0.0029690510127693415,38.50279678800143,0.0,"[0, 0, 0, 0, 0, 1, 1, 1]",12944.42578125,15248.42578125,/home/zhenyusen/MIP-quantum/benchmark_qaoa_feasible.py --worker-problem /home/zhenyusen/MIP-quantum/data/miplib_benders/qaoa_problems/nvars_08/neos8_ds_qaoa_R0002_R0003_R0004_0001.json --worker-result /tmp/qaoa_feasible_ccdls1hm/result.json --p 1 --maxiter 5 --seed 42 --circuit-type multi_beta
qaoa_feasible_benchmark_a100_20260721_162713_cvIP_qaoa_first_feasible.csv,2026-07-21T22:23:40+0800,773753,neos8_ds_qaoa_R0002_R0003_R0004_0002,/home/zhenyusen/MIP-quantum/data/miplib_benders/qaoa_problems/nvars_08/neos8_ds_qaoa_R0002_R0003_R0004_0002.json,8,3,8,linear,16777216,0.002961538964882493,34.51054505398497,0.0,"[0, 0, 0, 0, 0, 1, 1, 1]",12952.765625,15256.765625,/home/zhenyusen/MIP-quantum/benchmark_qaoa_feasible.py --worker-problem /home/zhenyusen/MIP-quantum/data/miplib_benders/qaoa_problems/nvars_08/neos8_ds_qaoa_R0002_R0003_R0004_0002.json --worker-result /tmp/qaoa_feasible_y4cjs3ti/result.json --p 1 --maxiter 5 --seed 42 --circuit-type multi_beta
qaoa_feasible_benchmark_a100_20260721_162713_cvIP_qaoa_first_feasible.csv,2026-07-21T22:31:35+0800,791466,neos8_ds_qaoa_R0002_R0003_R0004_0003,/home/zhenyusen/MIP-quantum/data/miplib_benders/qaoa_problems/nvars_08/neos8_ds_qaoa_R0002_R0003_R0004_0003.json,8,3,8,linear,16777216,0.005695185856893659,35.69081850210205,0.0,"[0, 0, 0, 0, 0, 1, 1, 1]",12952.9609375,15256.9609375,/home/zhenyusen/MIP-quantum/benchmark_qaoa_feasible.py --worker-problem /home/zhenyusen/MIP-quantum/data/miplib_benders/qaoa_problems/nvars_08/neos8_ds_qaoa_R0002_R0003_R0004_0003.json --worker-result /tmp/qaoa_feasible_5ycda1tk/result.json --p 1 --maxiter 5 --seed 42 --circuit-type multi_beta
qaoa_feasible_benchmark_a100_20260721_162713_cvIP_qaoa_first_feasible.csv,2026-07-21T22:39:42+0800,811695,neos8_ds_qaoa_R0002_R0003_R0004_0004,/home/zhenyusen/MIP-quantum/data/miplib_benders/qaoa_problems/nvars_08/neos8_ds_qaoa_R0002_R0003_R0004_0004.json,8,3,8,linear,16777216,0.003252497175708413,34.220008003059775,0.0,"[0, 0, 0, 0, 0, 1, 1, 1]",12952.60546875,15256.60546875,/home/zhenyusen/MIP-quantum/benchmark_qaoa_feasible.py --worker-problem /home/zhenyusen/MIP-quantum/data/miplib_benders/qaoa_problems/nvars_08/neos8_ds_qaoa_R0002_R0003_R0004_0004.json --worker-result /tmp/qaoa_feasible_sgm5069x/result.json --p 1 --maxiter 5 --seed 42 --circuit-type multi_beta
qaoa_feasible_benchmark_a100_20260721_162713_cvIP_qaoa_first_feasible.csv,2026-07-21T22:47:24+0800,828243,neos8_ds_qaoa_R0003_R0004_0001,/home/zhenyusen/MIP-quantum/data/miplib_benders/qaoa_problems/nvars_08/neos8_ds_qaoa_R0003_R0004_0001.json,8,2,8,linear,16777216,0.0010909519623965025,27.907118133967742,0.0,"[0, 0, 0, 0, 0, 0, 1, 1]",13976.51953125,16792.51953125,/home/zhenyusen/MIP-quantum/benchmark_qaoa_feasible.py --worker-problem /home/zhenyusen/MIP-quantum/data/miplib_benders/qaoa_problems/nvars_08/neos8_ds_qaoa_R0003_R0004_0001.json --worker-result /tmp/qaoa_feasible_631vl77q/result.json --p 1 --maxiter 5 --seed 42 --circuit-type multi_beta
qaoa_feasible_benchmark_a100_20260721_162713_cvIP_qaoa_first_feasible.csv,2026-07-21T22:54:43+0800,844605,neos8_ds_qaoa_R0003_R0004_0002,/home/zhenyusen/MIP-quantum/data/miplib_benders/qaoa_problems/nvars_08/neos8_ds_qaoa_R0003_R0004_0002.json,8,2,8,linear,16777216,0.0015486241318285465,32.31332907406613,0.0,"[0, 0, 0, 0, 0, 0, 1, 1]",13979.01171875,16795.01171875,/home/zhenyusen/MIP-quantum/benchmark_qaoa_feasible.py --worker-problem /home/zhenyusen/MIP-quantum/data/miplib_benders/qaoa_problems/nvars_08/neos8_ds_qaoa_R0003_R0004_0002.json --worker-result /tmp/qaoa_feasible_g6y501t0/result.json --p 1 --maxiter 5 --seed 42 --circuit-type multi_beta
qaoa_feasible_benchmark_a100_20260721_162713_cvIP_qaoa_first_feasible.csv,2026-07-21T23:02:13+0800,861101,neos8_ds_qaoa_R0003_R0004_0003,/home/zhenyusen/MIP-quantum/data/miplib_benders/qaoa_problems/nvars_08/neos8_ds_qaoa_R0003_R0004_0003.json,8,2,8,linear,16777216,0.0009136579465121031,31.724444189108908,0.0,"[0, 0, 0, 0, 0, 0, 1, 1]",13980.671875,16796.28125,/home/zhenyusen/MIP-quantum/benchmark_qaoa_feasible.py --worker-problem /home/zhenyusen/MIP-quantum/data/miplib_benders/qaoa_problems/nvars_08/neos8_ds_qaoa_R0003_R0004_0003.json --worker-result /tmp/qaoa_feasible_muy00w5c/result.json --p 1 --maxiter 5 --seed 42 --circuit-type multi_beta
qaoa_feasible_benchmark_a100_20260721_162713_cvIP_qaoa_first_feasible.csv,2026-07-21T23:10:06+0800,880263,neos8_ds_qaoa_R0003_R0004_0004,/home/zhenyusen/MIP-quantum/data/miplib_benders/qaoa_problems/nvars_08/neos8_ds_qaoa_R0003_R0004_0004.json,8,2,8,linear,16777216,0.0008973460644483566,27.36360946809873,0.0,"[0, 0, 0, 0, 0, 0, 1, 1]",13974.5703125,16790.5703125,/home/zhenyusen/MIP-quantum/benchmark_qaoa_feasible.py --worker-problem /home/zhenyusen/MIP-quantum/data/miplib_benders/qaoa_problems/nvars_08/neos8_ds_qaoa_R0003_R0004_0004.json --worker-result /tmp/qaoa_feasible_9q_66qxk/result.json --p 1 --maxiter 5 --seed 42 --circuit-type multi_beta
qaoa_feasible_benchmark_a100_20260721_162713_cvIP_qaoa_first_feasible.csv,2026-07-21T23:17:47+0800,898003,neos8_ds_qaoa_R0003_R0004_0005,/home/zhenyusen/MIP-quantum/data/miplib_benders/qaoa_problems/nvars_08/neos8_ds_qaoa_R0003_R0004_0005.json,8,2,8,linear,16777216,0.0015352710615843534,42.729786867043,0.0,"[0, 0, 0, 0, 0, 0, 1, 1]",13976.890625,16792.890625,/home/zhenyusen/MIP-quantum/benchmark_qaoa_feasible.py --worker-problem /home/zhenyusen/MIP-quantum/data/miplib_benders/qaoa_problems/nvars_08/neos8_ds_qaoa_R0003_R0004_0005.json --worker-result /tmp/qaoa_feasible_2kradokl/result.json --p 1 --maxiter 5 --seed 42 --circuit-type multi_beta
qaoa_feasible_benchmark_a100_20260721_162713_cvIP_qaoa_first_feasible.csv,2026-07-21T23:25:32+0800,916334,neos8_ds_qaoa_R0003_R0004_0006,/home/zhenyusen/MIP-quantum/data/miplib_benders/qaoa_problems/nvars_08/neos8_ds_qaoa_R0003_R0004_0006.json,8,2,8,linear,16777216,0.0015938610304147005,43.84132268000394,0.0,"[0, 0, 0, 0, 0, 0, 1, 1]",13975.71875,16791.71875,/home/zhenyusen/MIP-quantum/benchmark_qaoa_feasible.py --worker-problem /home/zhenyusen/MIP-quantum/data/miplib_benders/qaoa_problems/nvars_08/neos8_ds_qaoa_R0003_R0004_0006.json --worker-result /tmp/qaoa_feasible_kdcpj6eh/result.json --p 1 --maxiter 5 --seed 42 --circuit-type multi_beta
qaoa_feasible_benchmark_a100_20260721_162713_cvIP_qaoa_first_feasible.csv,2026-07-21T23:31:19+0800,931720,neos8_ds_qaoa_R0003_R0004_R0065_0002,/home/zhenyusen/MIP-quantum/data/miplib_benders/qaoa_problems/nvars_08/neos8_ds_qaoa_R0003_R0004_R0065_0002.json,8,3,8,linear,16777216,0.003608949948102236,39.70406397501938,0.0,"[0, 0, 0, 0, 0, 1, 1, 0]",12952.60546875,15256.60546875,/home/zhenyusen/MIP-quantum/benchmark_qaoa_feasible.py --worker-problem /home/zhenyusen/MIP-quantum/data/miplib_benders/qaoa_problems/nvars_08/neos8_ds_qaoa_R0003_R0004_R0065_0002.json --worker-result /tmp/qaoa_feasible_6k0i3is5/result.json --p 1 --maxiter 5 --seed 42 --circuit-type multi_beta
qaoa_feasible_benchmark_a100_20260721_162713_cvIP_qaoa_first_feasible.csv,2026-07-21T23:39:35+0800,954769,neos8_ds_qaoa_R0003_R0004_R0065_0003,/home/zhenyusen/MIP-quantum/data/miplib_benders/qaoa_problems/nvars_08/neos8_ds_qaoa_R0003_R0004_R0065_0003.json,8,3,8,linear,16777216,0.003920960007235408,38.15487451897934,0.0,"[0, 0, 0, 0, 0, 1, 1, 0]",12955.7109375,15259.7109375,/home/zhenyusen/MIP-quantum/benchmark_qaoa_feasible.py --worker-problem /home/zhenyusen/MIP-quantum/data/miplib_benders/qaoa_problems/nvars_08/neos8_ds_qaoa_R0003_R0004_R0065_0003.json --worker-result /tmp/qaoa_feasible_ryjxsyue/result.json --p 1 --maxiter 5 --seed 42 --circuit-type multi_beta
qaoa_feasible_benchmark_a100_20260721_162713_cvIP_qaoa_first_feasible.csv,2026-07-21T23:46:42+0800,971965,neos8_ds_qaoa_R0003_R0004_R0065_0004,/home/zhenyusen/MIP-quantum/data/miplib_benders/qaoa_problems/nvars_08/neos8_ds_qaoa_R0003_R0004_R0065_0004.json,8,3,8,linear,16777216,0.003303952980786562,39.464293678989634,0.0,"[0, 0, 0, 0, 0, 1, 1, 0]",12957.6328125,15261.6328125,/home/zhenyusen/MIP-quantum/benchmark_qaoa_feasible.py --worker-problem /home/zhenyusen/MIP-quantum/data/miplib_benders/qaoa_problems/nvars_08/neos8_ds_qaoa_R0003_R0004_R0065_0004.json --worker-result /tmp/qaoa_feasible_df6u9vvc/result.json --p 1 --maxiter 5 --seed 42 --circuit-type multi_beta
qaoa_feasible_benchmark_a100_20260721_162713_cvIP_qaoa_first_feasible.csv,2026-07-21T23:53:31+0800,989757,neos8_ds_qaoa_R0004_R0065_0001,/home/zhenyusen/MIP-quantum/data/miplib_benders/qaoa_problems/nvars_08/neos8_ds_qaoa_R0004_R0065_0001.json,8,2,8,linear,16777216,0.0015304370317608118,34.31928846403025,0.0,"[0, 0, 0, 0, 0, 0, 1, 0]",13977.05859375,16793.05859375,/home/zhenyusen/MIP-quantum/benchmark_qaoa_feasible.py --worker-problem /home/zhenyusen/MIP-quantum/data/miplib_benders/qaoa_problems/nvars_08/neos8_ds_qaoa_R0004_R0065_0001.json --worker-result /tmp/qaoa_feasible_x7hd1cs4/result.json --p 1 --maxiter 5 --seed 42 --circuit-type multi_beta
qaoa_feasible_benchmark_a100_20260721_162713_cvIP_qaoa_first_feasible.csv,2026-07-22T00:00:08+0800,1006929,neos8_ds_qaoa_R0004_R0065_0002,/home/zhenyusen/MIP-quantum/data/miplib_benders/qaoa_problems/nvars_08/neos8_ds_qaoa_R0004_R0065_0002.json,8,2,8,linear,16777216,0.0013324159663170576,33.26311075990088,0.0,"[0, 0, 0, 0, 0, 0, 1, 0]",13979.80859375,16795.80859375,/home/zhenyusen/MIP-quantum/benchmark_qaoa_feasible.py --worker-problem /home/zhenyusen/MIP-quantum/data/miplib_benders/qaoa_problems/nvars_08/neos8_ds_qaoa_R0004_R0065_0002.json --worker-result /tmp/qaoa_feasible_7m46ougy/result.json --p 1 --maxiter 5 --seed 42 --circuit-type multi_beta
qaoa_feasible_benchmark_a100_20260721_162713_cvIP_qaoa_first_feasible.csv,2026-07-22T00:07:10+0800,1023394,neos8_ds_qaoa_R0004_R0065_0003,/home/zhenyusen/MIP-quantum/data/miplib_benders/qaoa_problems/nvars_08/neos8_ds_qaoa_R0004_R0065_0003.json,8,2,8,linear,16777216,0.0013343589380383492,38.01517966715619,0.0,"[0, 0, 0, 0, 0, 0, 1, 0]",13977.7109375,16793.7109375,/home/zhenyusen/MIP-quantum/benchmark_qaoa_feasible.py --worker-problem /home/zhenyusen/MIP-quantum/data/miplib_benders/qaoa_problems/nvars_08/neos8_ds_qaoa_R0004_R0065_0003.json --worker-result /tmp/qaoa_feasible_j3ynlc5x/result.json --p 1 --maxiter 5 --seed 42 --circuit-type multi_beta
qaoa_feasible_benchmark_a100_20260721_162713_cvIP_qaoa_first_feasible.csv,2026-07-22T00:14:19+0800,1038463,neos8_ds_qaoa_R0004_R0065_0004,/home/zhenyusen/MIP-quantum/data/miplib_benders/qaoa_problems/nvars_08/neos8_ds_qaoa_R0004_R0065_0004.json,8,2,8,linear,16777216,0.001321406802162528,39.25495890993625,0.0,"[0, 0, 0, 0, 0, 0, 1, 0]",13978.89453125,16794.89453125,/home/zhenyusen/MIP-quantum/benchmark_qaoa_feasible.py --worker-problem /home/zhenyusen/MIP-quantum/data/miplib_benders/qaoa_problems/nvars_08/neos8_ds_qaoa_R0004_R0065_0004.json --worker-result /tmp/qaoa_feasible_msi186nz/result.json --p 1 --maxiter 5 --seed 42 --circuit-type multi_beta
qaoa_feasible_benchmark_a100_20260721_162713_cvIP_qaoa_first_feasible.csv,2026-07-22T00:21:24+0800,1054429,neos8_ds_qaoa_R0004_R0065_0005,/home/zhenyusen/MIP-quantum/data/miplib_benders/qaoa_problems/nvars_08/neos8_ds_qaoa_R0004_R0065_0005.json,8,2,8,linear,16777216,0.0015306349378079176,40.264712712028995,0.0,"[0, 0, 0, 0, 0, 0, 1, 0]",13978.3515625,16794.3515625,/home/zhenyusen/MIP-quantum/benchmark_qaoa_feasible.py --worker-problem /home/zhenyusen/MIP-quantum/data/miplib_benders/qaoa_problems/nvars_08/neos8_ds_qaoa_R0004_R0065_0005.json --worker-result /tmp/qaoa_feasible_b405hjha/result.json --p 1 --maxiter 5 --seed 42 --circuit-type multi_beta
qaoa_feasible_benchmark_a100_20260721_162713_cvIP_qaoa_first_feasible.csv,2026-07-22T00:28:29+0800,1070052,neos8_ds_qaoa_R0004_R0065_0008,/home/zhenyusen/MIP-quantum/data/miplib_benders/qaoa_problems/nvars_08/neos8_ds_qaoa_R0004_R0065_0008.json,8,2,8,linear,16777216,0.0016503368970006704,38.910749008180574,0.0,"[0, 0, 0, 0, 0, 0, 1, 0]",13974.15234375,16790.15234375,/home/zhenyusen/MIP-quantum/benchmark_qaoa_feasible.py --worker-problem /home/zhenyusen/MIP-quantum/data/miplib_benders/qaoa_problems/nvars_08/neos8_ds_qaoa_R0004_R0065_0008.json --worker-result /tmp/qaoa_feasible_fqah8n_b/result.json --p 1 --maxiter 5 --seed 42 --circuit-type multi_beta
qaoa_feasible_benchmark_a100_20260721_162713_cvIP_qaoa_first_feasible.csv,2026-07-22T00:35:35+0800,1084981,neos8_ds_qaoa_R0004_R0065_0009,/home/zhenyusen/MIP-quantum/data/miplib_benders/qaoa_problems/nvars_08/neos8_ds_qaoa_R0004_R0065_0009.json,8,2,8,linear,16777216,0.0015680429060012102,39.00933435605839,0.0,"[0, 0, 0, 0, 0, 0, 1, 0]",13978.22265625,16794.22265625,/home/zhenyusen/MIP-quantum/benchmark_qaoa_feasible.py --worker-problem /home/zhenyusen/MIP-quantum/data/miplib_benders/qaoa_problems/nvars_08/neos8_ds_qaoa_R0004_R0065_0009.json --worker-result /tmp/qaoa_feasible_v3y4xl3c/result.json --p 1 --maxiter 5 --seed 42 --circuit-type multi_beta
qaoa_feasible_benchmark_a100_20260721_162713_cvIP_qaoa_first_feasible.csv,2026-07-22T00:42:39+0800,1100661,supportcase6_ds_qaoa_c539_c722_0007,/home/zhenyusen/MIP-quantum/data/miplib_benders/qaoa_problems/nvars_08/supportcase6_ds_qaoa_c539_c722_0007.json,8,2,8,linear,16777216,0.013484088936820626,37.76068951096386,151847000.0,"[0, 0, 0, 0, 1, 0, 0, 0]",13980.6796875,16796.6796875,/home/zhenyusen/MIP-quantum/benchmark_qaoa_feasible.py --worker-problem /home/zhenyusen/MIP-quantum/data/miplib_benders/qaoa_problems/nvars_08/supportcase6_ds_qaoa_c539_c722_0007.json --worker-result /tmp/qaoa_feasible_zq7g_8ub/result.json --p 1 --maxiter 5 --seed 42 --circuit-type multi_beta
qaoa_feasible_benchmark_a100_20260721_162713_cvIP_qaoa_first_feasible.csv,2026-07-22T00:49:53+0800,1116815,supportcase6_ds_qaoa_c539_c722_c726_0007,/home/zhenyusen/MIP-quantum/data/miplib_benders/qaoa_problems/nvars_08/supportcase6_ds_qaoa_c539_c722_c726_0007.json,8,3,8,linear,16777216,0.01211993582546711,30.756994995987043,151847000.0,"[0, 0, 0, 0, 1, 0, 0, 0]",12955.7109375,15259.7109375,/home/zhenyusen/MIP-quantum/benchmark_qaoa_feasible.py --worker-problem /home/zhenyusen/MIP-quantum/data/miplib_benders/qaoa_problems/nvars_08/supportcase6_ds_qaoa_c539_c722_c726_0007.json --worker-result /tmp/qaoa_feasible_lbg_wmlw/result.json --p 1 --maxiter 5 --seed 42 --circuit-type multi_beta
qaoa_feasible_benchmark_a100_20260721_162713_cvIP_qaoa_first_feasible.csv,2026-07-22T00:56:58+0800,1131325,supportcase6_ds_qaoa_c722_c726_0001,/home/zhenyusen/MIP-quantum/data/miplib_benders/qaoa_problems/nvars_08/supportcase6_ds_qaoa_c722_c726_0001.json,8,2,8,linear,16777216,0.0013200759422034025,34.35514864115976,134333000.0,"[0, 0, 0, 0, 0, 0, 0, 1]",13979.69140625,16795.69140625,/home/zhenyusen/MIP-quantum/benchmark_qaoa_feasible.py --worker-problem /home/zhenyusen/MIP-quantum/data/miplib_benders/qaoa_problems/nvars_08/supportcase6_ds_qaoa_c722_c726_0001.json --worker-result /tmp/qaoa_feasible_4nb_opv2/result.json --p 1 --maxiter 5 --seed 42 --circuit-type multi_beta
qaoa_feasible_benchmark_a100_20260721_162713_cvIP_qaoa_first_feasible.csv,2026-07-22T01:04:00+0800,1146607,supportcase6_ds_qaoa_c722_c726_0002,/home/zhenyusen/MIP-quantum/data/miplib_benders/qaoa_problems/nvars_08/supportcase6_ds_qaoa_c722_c726_0002.json,8,2,8,linear,16777216,0.0012261439114809036,33.43931161495857,145944000.0,"[0, 0, 0, 0, 0, 0, 0, 1]",13979.6875,16795.6875,/home/zhenyusen/MIP-quantum/benchmark_qaoa_feasible.py --worker-problem /home/zhenyusen/MIP-quantum/data/miplib_benders/qaoa_problems/nvars_08/supportcase6_ds_qaoa_c722_c726_0002.json --worker-result /tmp/qaoa_feasible_fmq6zs0n/result.json --p 1 --maxiter 5 --seed 42 --circuit-type multi_beta
qaoa_feasible_benchmark_a100_20260721_162713_cvIP_qaoa_first_feasible.csv,2026-07-22T01:08:37+0800,1156382,supportcase6_ds_qaoa_c722_c726_0003,/home/zhenyusen/MIP-quantum/data/miplib_benders/qaoa_problems/nvars_08/supportcase6_ds_qaoa_c722_c726_0003.json,8,2,8,linear,16777216,0.0005400669761002064,22.240514700999483,145944000.0,"[0, 0, 0, 0, 0, 0, 1, 0]",13979.7890625,16795.7890625,/home/zhenyusen/MIP-quantum/benchmark_qaoa_feasible.py --worker-problem /home/zhenyusen/MIP-quantum/data/miplib_benders/qaoa_problems/nvars_08/supportcase6_ds_qaoa_c722_c726_0003.json --worker-result /tmp/qaoa_feasible_4u2i3yn0/result.json --p 1 --maxiter 5 --seed 42 --circuit-type multi_beta
qaoa_feasible_benchmark_a100_20260721_162713_cvIP_qaoa_first_feasible.csv,2026-07-22T01:13:35+0800,1166858,supportcase6_ds_qaoa_c722_c726_0004,/home/zhenyusen/MIP-quantum/data/miplib_benders/qaoa_problems/nvars_08/supportcase6_ds_qaoa_c722_c726_0004.json,8,2,8,linear,16777216,0.0005281688645482063,25.282816448947415,151847000.0,"[0, 0, 0, 0, 0, 0, 0, 1]",13979.69140625,16795.69140625,/home/zhenyusen/MIP-quantum/benchmark_qaoa_feasible.py --worker-problem /home/zhenyusen/MIP-quantum/data/miplib_benders/qaoa_problems/nvars_08/supportcase6_ds_qaoa_c722_c726_0004.json --worker-result /tmp/qaoa_feasible_23yomfg_/result.json --p 1 --maxiter 5 --seed 42 --circuit-type multi_beta
qaoa_feasible_benchmark_a100_20260721_162713_cvIP_qaoa_first_feasible.csv,2026-07-22T01:17:57+0800,1176871,supportcase6_ds_qaoa_c722_c726_0005,/home/zhenyusen/MIP-quantum/data/miplib_benders/qaoa_problems/nvars_08/supportcase6_ds_qaoa_c722_c726_0005.json,8,2,8,linear,16777216,0.0005017579533159733,24.84260857407935,150892000.0,"[0, 0, 0, 0, 0, 0, 0, 1]",13979.8046875,16795.8046875,/home/zhenyusen/MIP-quantum/benchmark_qaoa_feasible.py --worker-problem /home/zhenyusen/MIP-quantum/data/miplib_benders/qaoa_problems/nvars_08/supportcase6_ds_qaoa_c722_c726_0005.json --worker-result /tmp/qaoa_feasible_x_dq0tmd/result.json --p 1 --maxiter 5 --seed 42 --circuit-type multi_beta
qaoa_feasible_benchmark_a100_20260721_162713_cvIP_qaoa_first_feasible.csv,2026-07-22T01:24:51+0800,1192364,supportcase6_ds_qaoa_c722_c726_c733_0001,/home/zhenyusen/MIP-quantum/data/miplib_benders/qaoa_problems/nvars_08/supportcase6_ds_qaoa_c722_c726_c733_0001.json,8,3,8,linear,16777216,0.001263829879462719,31.251071874052286,134333000.0,"[0, 0, 0, 0, 0, 0, 0, 1]",12950.34765625,15254.34765625,/home/zhenyusen/MIP-quantum/benchmark_qaoa_feasible.py --worker-problem /home/zhenyusen/MIP-quantum/data/miplib_benders/qaoa_problems/nvars_08/supportcase6_ds_qaoa_c722_c726_c733_0001.json --worker-result /tmp/qaoa_feasible_6zpubusb/result.json --p 1 --maxiter 5 --seed 42 --circuit-type multi_beta
qaoa_feasible_benchmark_a100_20260721_162713_cvIP_qaoa_first_feasible.csv,2026-07-22T01:32:38+0800,1208417,supportcase6_ds_qaoa_c722_c726_c733_0002,/home/zhenyusen/MIP-quantum/data/miplib_benders/qaoa_problems/nvars_08/supportcase6_ds_qaoa_c722_c726_c733_0002.json,8,3,8,linear,16777216,0.001299204071983695,33.393546043895185,134333000.0,"[0, 0, 0, 0, 0, 0, 1, 0]",12955.6875,15259.6875,/home/zhenyusen/MIP-quantum/benchmark_qaoa_feasible.py --worker-problem /home/zhenyusen/MIP-quantum/data/miplib_benders/qaoa_problems/nvars_08/supportcase6_ds_qaoa_c722_c726_c733_0002.json --worker-result /tmp/qaoa_feasible_ilom5l5_/result.json --p 1 --maxiter 5 --seed 42 --circuit-type multi_beta
qaoa_feasible_benchmark_a100_20260721_162713_cvIP_qaoa_first_feasible.csv,2026-07-22T01:38:10+0800,1221002,supportcase6_ds_qaoa_c722_c726_c733_0003,/home/zhenyusen/MIP-quantum/data/miplib_benders/qaoa_problems/nvars_08/supportcase6_ds_qaoa_c722_c726_c733_0003.json,8,3,8,linear,16777216,0.0014041829854249954,20.528026893967763,134333000.0,"[0, 0, 0, 0, 0, 1, 0, 0]",12955.6796875,15259.6796875,/home/zhenyusen/MIP-quantum/benchmark_qaoa_feasible.py --worker-problem /home/zhenyusen/MIP-quantum/data/miplib_benders/qaoa_problems/nvars_08/supportcase6_ds_qaoa_c722_c726_c733_0003.json --worker-result /tmp/qaoa_feasible_thiowera/result.json --p 1 --maxiter 5 --seed 42 --circuit-type multi_beta
qaoa_feasible_benchmark_a100_20260721_162713_cvIP_qaoa_first_feasible.csv,2026-07-22T01:45:32+0800,1236502,supportcase6_ds_qaoa_c726_c733_0001,/home/zhenyusen/MIP-quantum/data/miplib_benders/qaoa_problems/nvars_08/supportcase6_ds_qaoa_c726_c733_0001.json,8,2,8,linear,16777216,0.001325424062088132,35.61471225717105,134333000.0,"[0, 0, 0, 0, 0, 0, 0, 1]",13975.1484375,16791.1484375,/home/zhenyusen/MIP-quantum/benchmark_qaoa_feasible.py --worker-problem /home/zhenyusen/MIP-quantum/data/miplib_benders/qaoa_problems/nvars_08/supportcase6_ds_qaoa_c726_c733_0001.json --worker-result /tmp/qaoa_feasible_7gk_8aov/result.json --p 1 --maxiter 5 --seed 42 --circuit-type multi_beta
qaoa_feasible_benchmark_a100_20260721_162713_cvIP_qaoa_first_feasible.csv,2026-07-22T01:53:09+0800,1252967,supportcase6_ds_qaoa_c726_c733_0002,/home/zhenyusen/MIP-quantum/data/miplib_benders/qaoa_problems/nvars_08/supportcase6_ds_qaoa_c726_c733_0002.json,8,2,8,linear,16777216,0.0014277708251029253,33.98245071200654,134333000.0,"[0, 0, 0, 0, 0, 0, 1, 0]",13979.69921875,16795.69921875,/home/zhenyusen/MIP-quantum/benchmark_qaoa_feasible.py --worker-problem /home/zhenyusen/MIP-quantum/data/miplib_benders/qaoa_problems/nvars_08/supportcase6_ds_qaoa_c726_c733_0002.json --worker-result /tmp/qaoa_feasible_b2sgt3k2/result.json --p 1 --maxiter 5 --seed 42 --circuit-type multi_beta
qaoa_feasible_benchmark_a100_20260721_162713_cvIP_qaoa_first_feasible.csv,2026-07-22T02:00:48+0800,1267685,supportcase6_ds_qaoa_c726_c733_0003,/home/zhenyusen/MIP-quantum/data/miplib_benders/qaoa_problems/nvars_08/supportcase6_ds_qaoa_c726_c733_0003.json,8,2,8,linear,16777216,0.001269710948690772,37.37800031318329,290831000.0,"[0, 0, 0, 0, 0, 0, 1, 1]",13979.69921875,16795.69921875,/home/zhenyusen/MIP-quantum/benchmark_qaoa_feasible.py --worker-problem /home/zhenyusen/MIP-quantum/data/miplib_benders/qaoa_problems/nvars_08/supportcase6_ds_qaoa_c726_c733_0003.json --worker-result /tmp/qaoa_feasible_6sm7zav5/result.json --p 1 --maxiter 5 --seed 42 --circuit-type multi_beta
qaoa_feasible_benchmark_a100_20260721_162713_cvIP_qaoa_first_feasible.csv,2026-07-22T02:08:18+0800,1283137,supportcase6_ds_qaoa_c726_c733_0004,/home/zhenyusen/MIP-quantum/data/miplib_benders/qaoa_problems/nvars_08/supportcase6_ds_qaoa_c726_c733_0004.json,8,2,8,linear,16777216,0.0014060968533158302,29.71554407896474,296734000.0,"[0, 0, 0, 0, 0, 0, 1, 1]",13977.4375,16793.4375,/home/zhenyusen/MIP-quantum/benchmark_qaoa_feasible.py --worker-problem /home/zhenyusen/MIP-quantum/data/miplib_benders/qaoa_problems/nvars_08/supportcase6_ds_qaoa_c726_c733_0004.json --worker-result /tmp/qaoa_feasible_zfdd463_/result.json --p 1 --maxiter 5 --seed 42 --circuit-type multi_beta
qaoa_feasible_benchmark_a100_20260721_162713_cvIP_qaoa_first_feasible.csv,2026-07-22T02:15:57+0800,1297880,supportcase6_ds_qaoa_c726_c733_0005,/home/zhenyusen/MIP-quantum/data/miplib_benders/qaoa_problems/nvars_08/supportcase6_ds_qaoa_c726_c733_0005.json,8,2,8,linear,16777216,0.0030942801386117935,30.171843007206917,295779000.0,"[0, 0, 0, 0, 0, 1, 0, 1]",13976.69921875,16792.69921875,/home/zhenyusen/MIP-quantum/benchmark_qaoa_feasible.py --worker-problem /home/zhenyusen/MIP-quantum/data/miplib_benders/qaoa_problems/nvars_08/supportcase6_ds_qaoa_c726_c733_0005.json --worker-result /tmp/qaoa_feasible_ggkgjxc0/result.json --p 1 --maxiter 5 --seed 42 --circuit-type multi_beta
qaoa_feasible_benchmark_a100_20260721_162713_cvIP_qaoa_first_feasible.csv,2026-07-22T02:23:32+0800,1313772,supportcase6_ds_qaoa_c726_c733_c745_0001,/home/zhenyusen/MIP-quantum/data/miplib_benders/qaoa_problems/nvars_08/supportcase6_ds_qaoa_c726_c733_c745_0001.json,8,3,8,linear,16777216,0.0011225168127566576,31.042582143796608,134333000.0,"[0, 0, 0, 0, 0, 0, 0, 1]",12955.6953125,15259.6953125,/home/zhenyusen/MIP-quantum/benchmark_qaoa_feasible.py --worker-problem /home/zhenyusen/MIP-quantum/data/miplib_benders/qaoa_problems/nvars_08/supportcase6_ds_qaoa_c726_c733_c745_0001.json --worker-result /tmp/qaoa_feasible_lzm0ud8a/result.json --p 1 --maxiter 5 --seed 42 --circuit-type multi_beta
qaoa_feasible_benchmark_a100_20260721_162713_cvIP_qaoa_first_feasible.csv,2026-07-22T02:31:09+0800,1329548,supportcase6_ds_qaoa_c726_c733_c745_0002,/home/zhenyusen/MIP-quantum/data/miplib_benders/qaoa_problems/nvars_08/supportcase6_ds_qaoa_c726_c733_c745_0002.json,8,3,8,linear,16777216,0.0013182740658521652,32.233804885996506,134333000.0,"[0, 0, 0, 0, 0, 0, 1, 0]",12955.6953125,15259.6953125,/home/zhenyusen/MIP-quantum/benchmark_qaoa_feasible.py --worker-problem /home/zhenyusen/MIP-quantum/data/miplib_benders/qaoa_problems/nvars_08/supportcase6_ds_qaoa_c726_c733_c745_0002.json --worker-result /tmp/qaoa_feasible_3ajof6l0/result.json --p 1 --maxiter 5 --seed 42 --circuit-type multi_beta
qaoa_feasible_benchmark_a100_20260721_162713_cvIP_qaoa_first_feasible.csv,2026-07-22T02:38:37+0800,1345388,supportcase6_ds_qaoa_c726_c733_c745_0003,/home/zhenyusen/MIP-quantum/data/miplib_benders/qaoa_problems/nvars_08/supportcase6_ds_qaoa_c726_c733_c745_0003.json,8,3,8,linear,16777216,0.0024492850061506033,30.827810887945816,134333000.0,"[0, 0, 0, 0, 0, 1, 0, 0]",12954.99609375,15258.99609375,/home/zhenyusen/MIP-quantum/benchmark_qaoa_feasible.py --worker-problem /home/zhenyusen/MIP-quantum/data/miplib_benders/qaoa_problems/nvars_08/supportcase6_ds_qaoa_c726_c733_c745_0003.json --worker-result /tmp/qaoa_feasible_6lpkbbg1/result.json --p 1 --maxiter 5 --seed 42 --circuit-type multi_beta
qaoa_feasible_benchmark_a100_20260721_162713_cvIP_qaoa_first_feasible.csv,2026-07-22T02:46:01+0800,1361608,supportcase6_ds_qaoa_c726_c733_c745_0004,/home/zhenyusen/MIP-quantum/data/miplib_benders/qaoa_problems/nvars_08/supportcase6_ds_qaoa_c726_c733_c745_0004.json,8,3,8,linear,16777216,0.0011788029223680496,29.234978151042014,296734000.0,"[0, 0, 0, 0, 0, 0, 1, 1]",12955.703125,15259.703125,/home/zhenyusen/MIP-quantum/benchmark_qaoa_feasible.py --worker-problem /home/zhenyusen/MIP-quantum/data/miplib_benders/qaoa_problems/nvars_08/supportcase6_ds_qaoa_c726_c733_c745_0004.json --worker-result /tmp/qaoa_feasible_rw2lw78i/result.json --p 1 --maxiter 5 --seed 42 --circuit-type multi_beta
qaoa_feasible_benchmark_a100_20260721_162713_cvIP_qaoa_first_feasible.csv,2026-07-22T02:53:21+0800,1377134,supportcase6_ds_qaoa_c726_c733_c745_0005,/home/zhenyusen/MIP-quantum/data/miplib_benders/qaoa_problems/nvars_08/supportcase6_ds_qaoa_c726_c733_c745_0005.json,8,3,8,linear,16777216,0.0025417848955839872,25.829315677052364,296734000.0,"[0, 0, 0, 0, 0, 1, 1, 0]",12952.203125,15256.203125,/home/zhenyusen/MIP-quantum/benchmark_qaoa_feasible.py --worker-problem /home/zhenyusen/MIP-quantum/data/miplib_benders/qaoa_problems/nvars_08/supportcase6_ds_qaoa_c726_c733_c745_0005.json --worker-result /tmp/qaoa_feasible_e0w9n9c3/result.json --p 1 --maxiter 5 --seed 42 --circuit-type multi_beta
qaoa_feasible_benchmark_a100_20260721_162713_cvIP_qaoa_first_feasible.csv,2026-07-22T03:00:56+0800,1393804,supportcase6_ds_qaoa_c733_c745_0001,/home/zhenyusen/MIP-quantum/data/miplib_benders/qaoa_problems/nvars_08/supportcase6_ds_qaoa_c733_c745_0001.json,8,2,8,linear,16777216,0.0012242079246789217,32.100706786848605,144887000.0,"[0, 0, 0, 0, 0, 0, 0, 1]",13980.11328125,16796.11328125,/home/zhenyusen/MIP-quantum/benchmark_qaoa_feasible.py --worker-problem /home/zhenyusen/MIP-quantum/data/miplib_benders/qaoa_problems/nvars_08/supportcase6_ds_qaoa_c733_c745_0001.json --worker-result /tmp/qaoa_feasible_ov1xke0q/result.json --p 1 --maxiter 5 --seed 42 --circuit-type multi_beta
qaoa_feasible_benchmark_a100_20260721_162713_cvIP_qaoa_first_feasible.csv,2026-07-22T03:08:34+0800,1408930,supportcase6_ds_qaoa_c733_c745_0002,/home/zhenyusen/MIP-quantum/data/miplib_benders/qaoa_problems/nvars_08/supportcase6_ds_qaoa_c733_c745_0002.json,8,2,8,linear,16777216,0.0013816740829497576,36.45026517100632,144887000.0,"[0, 0, 0, 0, 0, 0, 1, 0]",13979.69921875,16795.69921875,/home/zhenyusen/MIP-quantum/benchmark_qaoa_feasible.py --worker-problem /home/zhenyusen/MIP-quantum/data/miplib_benders/qaoa_problems/nvars_08/supportcase6_ds_qaoa_c733_c745_0002.json --worker-result /tmp/qaoa_feasible_ztzo_sxc/result.json --p 1 --maxiter 5 --seed 42 --circuit-type multi_beta
qaoa_feasible_benchmark_a100_20260721_162713_cvIP_qaoa_first_feasible.csv,2026-07-22T03:16:10+0800,1424189,supportcase6_ds_qaoa_c733_c745_0003,/home/zhenyusen/MIP-quantum/data/miplib_benders/qaoa_problems/nvars_08/supportcase6_ds_qaoa_c733_c745_0003.json,8,2,8,linear,16777216,0.0009663328528404236,36.07576180482283,134333000.0,"[0, 0, 0, 0, 0, 0, 0, 1]",13975.97265625,16791.97265625,/home/zhenyusen/MIP-quantum/benchmark_qaoa_feasible.py --worker-problem /home/zhenyusen/MIP-quantum/data/miplib_benders/qaoa_problems/nvars_08/supportcase6_ds_qaoa_c733_c745_0003.json --worker-result /tmp/qaoa_feasible_um5_un0x/result.json --p 1 --maxiter 5 --seed 42 --circuit-type multi_beta
qaoa_feasible_benchmark_a100_20260721_162713_cvIP_qaoa_first_feasible.csv,2026-07-22T03:23:39+0800,1439379,supportcase6_ds_qaoa_c733_c745_0004,/home/zhenyusen/MIP-quantum/data/miplib_benders/qaoa_problems/nvars_08/supportcase6_ds_qaoa_c733_c745_0004.json,8,2,8,linear,16777216,0.0011289799585938454,28.943143414100632,134333000.0,"[0, 0, 0, 0, 0, 0, 1, 0]",13979.6875,16795.6875,/home/zhenyusen/MIP-quantum/benchmark_qaoa_feasible.py --worker-problem /home/zhenyusen/MIP-quantum/data/miplib_benders/qaoa_problems/nvars_08/supportcase6_ds_qaoa_c733_c745_0004.json --worker-result /tmp/qaoa_feasible_ek7e5bb5/result.json --p 1 --maxiter 5 --seed 42 --circuit-type multi_beta
qaoa_feasible_benchmark_a100_20260721_162713_cvIP_qaoa_first_feasible.csv,2026-07-22T03:31:05+0800,1454389,supportcase6_ds_qaoa_c733_c745_c747_0001,/home/zhenyusen/MIP-quantum/data/miplib_benders/qaoa_problems/nvars_08/supportcase6_ds_qaoa_c733_c745_c747_0001.json,8,3,8,linear,16777216,0.0009947761427611113,24.629564192146063,134333000.0,"[0, 0, 0, 0, 0, 0, 0, 1]",12955.484375,15259.484375,/home/zhenyusen/MIP-quantum/benchmark_qaoa_feasible.py --worker-problem /home/zhenyusen/MIP-quantum/data/miplib_benders/qaoa_problems/nvars_08/supportcase6_ds_qaoa_c733_c745_c747_0001.json --worker-result /tmp/qaoa_feasible_lw1zarx9/result.json --p 1 --maxiter 5 --seed 42 --circuit-type multi_beta
qaoa_feasible_benchmark_a100_20260721_162713_cvIP_qaoa_first_feasible.csv,2026-07-22T03:38:45+0800,1469396,supportcase6_ds_qaoa_c733_c745_c747_0002,/home/zhenyusen/MIP-quantum/data/miplib_benders/qaoa_problems/nvars_08/supportcase6_ds_qaoa_c733_c745_c747_0002.json,8,3,8,linear,16777216,0.001538572832942009,35.895334033994004,134333000.0,"[0, 0, 0, 0, 0, 0, 1, 0]",12949.25390625,15253.25390625,/home/zhenyusen/MIP-quantum/benchmark_qaoa_feasible.py --worker-problem /home/zhenyusen/MIP-quantum/data/miplib_benders/qaoa_problems/nvars_08/supportcase6_ds_qaoa_c733_c745_c747_0002.json --worker-result /tmp/qaoa_feasible_te4vb086/result.json --p 1 --maxiter 5 --seed 42 --circuit-type multi_beta
qaoa_feasible_benchmark_a100_20260721_162713_cvIP_qaoa_first_feasible.csv,2026-07-22T03:46:16+0800,1484722,supportcase6_ds_qaoa_c733_c745_c747_0003,/home/zhenyusen/MIP-quantum/data/miplib_benders/qaoa_problems/nvars_08/supportcase6_ds_qaoa_c733_c745_c747_0003.json,8,3,8,linear,16777216,0.002754522953182459,27.649193764897063,144887000.0,"[0, 0, 0, 0, 0, 0, 0, 1]",12951.78515625,15255.78515625,/home/zhenyusen/MIP-quantum/benchmark_qaoa_feasible.py --worker-problem /home/zhenyusen/MIP-quantum/data/miplib_benders/qaoa_problems/nvars_08/supportcase6_ds_qaoa_c733_c745_c747_0003.json --worker-result /tmp/qaoa_feasible_zswlmd1k/result.json --p 1 --maxiter 5 --seed 42 --circuit-type multi_beta
qaoa_feasible_benchmark_a100_20260721_162713_cvIP_qaoa_first_feasible.csv,2026-07-22T03:53:35+0800,1499461,supportcase6_ds_qaoa_c733_c745_c747_0004,/home/zhenyusen/MIP-quantum/data/miplib_benders/qaoa_problems/nvars_08/supportcase6_ds_qaoa_c733_c745_c747_0004.json,8,3,8,linear,16777216,0.0012023209128528833,27.458059550030157,144887000.0,"[0, 0, 0, 0, 0, 0, 1, 0]",12952.24609375,15256.24609375,/home/zhenyusen/MIP-quantum/benchmark_qaoa_feasible.py --worker-problem /home/zhenyusen/MIP-quantum/data/miplib_benders/qaoa_problems/nvars_08/supportcase6_ds_qaoa_c733_c745_c747_0004.json --worker-result /tmp/qaoa_feasible_1e9pzugu/result.json --p 1 --maxiter 5 --seed 42 --circuit-type multi_beta
qaoa_feasible_benchmark_a100_20260721_162713_cvIP_qaoa_first_feasible.csv,2026-07-22T04:00:23+0800,1513143,supportcase6_ds_qaoa_c733_c745_c747_0005,/home/zhenyusen/MIP-quantum/data/miplib_benders/qaoa_problems/nvars_08/supportcase6_ds_qaoa_c733_c745_c747_0005.json,8,3,8,linear,16777216,0.0024266638793051243,28.234700450208038,144887000.0,"[0, 0, 0, 0, 0, 1, 0, 0]",12955.6796875,15259.6796875,/home/zhenyusen/MIP-quantum/benchmark_qaoa_feasible.py --worker-problem /home/zhenyusen/MIP-quantum/data/miplib_benders/qaoa_problems/nvars_08/supportcase6_ds_qaoa_c733_c745_c747_0005.json --worker-result /tmp/qaoa_feasible_95ktfrzt/result.json --p 1 --maxiter 5 --seed 42 --circuit-type multi_beta
qaoa_feasible_benchmark_a100_20260721_162713_cvIP_qaoa_first_feasible.csv,2026-07-22T04:05:48+0800,1524414,supportcase6_ds_qaoa_c745_c747_0001,/home/zhenyusen/MIP-quantum/data/miplib_benders/qaoa_problems/nvars_08/supportcase6_ds_qaoa_c745_c747_0001.json,8,2,8,linear,16777216,0.0004140769597142935,22.477531966054812,134333000.0,"[0, 0, 0, 0, 0, 0, 0, 1]",13977.04296875,16793.04296875,/home/zhenyusen/MIP-quantum/benchmark_qaoa_feasible.py --worker-problem /home/zhenyusen/MIP-quantum/data/miplib_benders/qaoa_problems/nvars_08/supportcase6_ds_qaoa_c745_c747_0001.json --worker-result /tmp/qaoa_feasible_ywkxcga6/result.json --p 1 --maxiter 5 --seed 42 --circuit-type multi_beta
qaoa_feasible_benchmark_a100_20260721_162713_cvIP_qaoa_first_feasible.csv,2026-07-22T04:10:09+0800,1533496,supportcase6_ds_qaoa_c745_c747_0002,/home/zhenyusen/MIP-quantum/data/miplib_benders/qaoa_problems/nvars_08/supportcase6_ds_qaoa_c745_c747_0002.json,8,2,8,linear,16777216,0.00041481805965304375,21.815264334902167,145944000.0,"[0, 0, 0, 0, 0, 0, 0, 1]",13979.69140625,16795.69140625,/home/zhenyusen/MIP-quantum/benchmark_qaoa_feasible.py --worker-problem /home/zhenyusen/MIP-quantum/data/miplib_benders/qaoa_problems/nvars_08/supportcase6_ds_qaoa_c745_c747_0002.json --worker-result /tmp/qaoa_feasible_k4fqf0a8/result.json --p 1 --maxiter 5 --seed 42 --circuit-type multi_beta
qaoa_feasible_benchmark_a100_20260721_162713_cvIP_qaoa_first_feasible.csv,2026-07-22T04:14:31+0800,1542505,supportcase6_ds_qaoa_c745_c747_0003,/home/zhenyusen/MIP-quantum/data/miplib_benders/qaoa_problems/nvars_08/supportcase6_ds_qaoa_c745_c747_0003.json,8,2,8,linear,16777216,0.00048784888349473476,23.623602095991373,144887000.0,"[0, 0, 0, 0, 0, 0, 0, 1]",13979.68359375,16795.68359375,/home/zhenyusen/MIP-quantum/benchmark_qaoa_feasible.py --worker-problem /home/zhenyusen/MIP-quantum/data/miplib_benders/qaoa_problems/nvars_08/supportcase6_ds_qaoa_c745_c747_0003.json --worker-result /tmp/qaoa_feasible_59hn0gwq/result.json --p 1 --maxiter 5 --seed 42 --circuit-type multi_beta
qaoa_feasible_benchmark_a100_20260721_162713_cvIP_qaoa_first_feasible.csv,2026-07-22T04:19:29+0800,1552537,supportcase6_ds_qaoa_c745_c747_0004,/home/zhenyusen/MIP-quantum/data/miplib_benders/qaoa_problems/nvars_08/supportcase6_ds_qaoa_c745_c747_0004.json,8,2,8,linear,16777216,0.0012548298109322786,34.110011050943285,144887000.0,"[0, 0, 0, 0, 0, 0, 1, 0]",13979.6875,16795.6875,/home/zhenyusen/MIP-quantum/benchmark_qaoa_feasible.py --worker-problem /home/zhenyusen/MIP-quantum/data/miplib_benders/qaoa_problems/nvars_08/supportcase6_ds_qaoa_c745_c747_0004.json --worker-result /tmp/qaoa_feasible_t1e0j6rj/result.json --p 1 --maxiter 5 --seed 42 --circuit-type multi_beta
qaoa_feasible_benchmark_a100_20260721_162713_cvIP_qaoa_first_feasible.csv,2026-07-22T04:27:00+0800,1567711,supportcase6_ds_qaoa_c745_c747_0005,/home/zhenyusen/MIP-quantum/data/miplib_benders/qaoa_problems/nvars_08/supportcase6_ds_qaoa_c745_c747_0005.json,8,2,8,linear,16777216,0.0012048338539898396,36.2522491349373,150892000.0,"[0, 0, 0, 0, 0, 0, 0, 1]",13979.69921875,16795.69921875,/home/zhenyusen/MIP-quantum/benchmark_qaoa_feasible.py --worker-problem /home/zhenyusen/MIP-quantum/data/miplib_benders/qaoa_problems/nvars_08/supportcase6_ds_qaoa_c745_c747_0005.json --worker-result /tmp/qaoa_feasible_bnll73py/result.json --p 1 --maxiter 5 --seed 42 --circuit-type multi_beta
qaoa_feasible_benchmark_a100_20260721_162713_cvIP_qaoa_first_feasible.csv,2026-07-22T04:34:33+0800,1583077,supportcase6_ds_qaoa_c745_c747_c759_0001,/home/zhenyusen/MIP-quantum/data/miplib_benders/qaoa_problems/nvars_08/supportcase6_ds_qaoa_c745_c747_c759_0001.json,8,3,8,linear,16777216,0.0013478908222168684,30.897198660997674,150892000.0,"[0, 0, 0, 0, 0, 0, 1, 0]",12954.85546875,15258.85546875,/home/zhenyusen/MIP-quantum/benchmark_qaoa_feasible.py --worker-problem /home/zhenyusen/MIP-quantum/data/miplib_benders/qaoa_problems/nvars_08/supportcase6_ds_qaoa_c745_c747_c759_0001.json --worker-result /tmp/qaoa_feasible_gk0lsrr4/result.json --p 1 --maxiter 5 --seed 42 --circuit-type multi_beta
qaoa_feasible_benchmark_a100_20260721_162713_cvIP_qaoa_first_feasible.csv,2026-07-22T04:41:48+0800,1597802,supportcase6_ds_qaoa_c745_c747_c759_0002,/home/zhenyusen/MIP-quantum/data/miplib_benders/qaoa_problems/nvars_08/supportcase6_ds_qaoa_c745_c747_c759_0002.json,8,3,8,linear,16777216,0.0023091058246791363,25.264466430991888,150892000.0,"[0, 0, 0, 0, 0, 1, 0, 0]",12955.6796875,15259.6796875,/home/zhenyusen/MIP-quantum/benchmark_qaoa_feasible.py --worker-problem /home/zhenyusen/MIP-quantum/data/miplib_benders/qaoa_problems/nvars_08/supportcase6_ds_qaoa_c745_c747_c759_0002.json --worker-result /tmp/qaoa_feasible_gwbwvja6/result.json --p 1 --maxiter 5 --seed 42 --circuit-type multi_beta
qaoa_feasible_benchmark_a100_20260721_162713_cvIP_qaoa_first_feasible.csv,2026-07-22T04:48:56+0800,1612138,supportcase6_ds_qaoa_c745_c747_c759_0005,/home/zhenyusen/MIP-quantum/data/miplib_benders/qaoa_problems/nvars_08/supportcase6_ds_qaoa_c745_c747_c759_0005.json,8,3,8,linear,16777216,0.0009469960350543261,25.117178515996784,150892000.0,"[0, 0, 0, 0, 0, 0, 0, 1]",12955.6796875,15259.6796875,/home/zhenyusen/MIP-quantum/benchmark_qaoa_feasible.py --worker-problem /home/zhenyusen/MIP-quantum/data/miplib_benders/qaoa_problems/nvars_08/supportcase6_ds_qaoa_c745_c747_c759_0005.json --worker-result /tmp/qaoa_feasible_k8foyajv/result.json --p 1 --maxiter 5 --seed 42 --circuit-type multi_beta
qaoa_feasible_benchmark_a100_20260721_162713_cvIP_qaoa_first_feasible.csv,2026-07-22T04:56:10+0800,1626507,supportcase6_ds_qaoa_c747_c759_0001,/home/zhenyusen/MIP-quantum/data/miplib_benders/qaoa_problems/nvars_08/supportcase6_ds_qaoa_c747_c759_0001.json,8,2,8,linear,16777216,0.0011730710975825787,29.428731659892946,150892000.0,"[0, 0, 0, 0, 0, 0, 1, 0]",13979.69140625,16795.69140625,/home/zhenyusen/MIP-quantum/benchmark_qaoa_feasible.py --worker-problem /home/zhenyusen/MIP-quantum/data/miplib_benders/qaoa_problems/nvars_08/supportcase6_ds_qaoa_c747_c759_0001.json --worker-result /tmp/qaoa_feasible_2hz3cm4i/result.json --p 1 --maxiter 5 --seed 42 --circuit-type multi_beta
qaoa_feasible_benchmark_a100_20260721_162713_cvIP_qaoa_first_feasible.csv,2026-07-22T05:03:36+0800,1641298,supportcase6_ds_qaoa_c747_c759_0002,/home/zhenyusen/MIP-quantum/data/miplib_benders/qaoa_problems/nvars_08/supportcase6_ds_qaoa_c747_c759_0002.json,8,2,8,linear,16777216,0.0024869979824870825,35.06141047296114,150892000.0,"[0, 0, 0, 0, 0, 1, 0, 0]",13975.98828125,16791.98828125,/home/zhenyusen/MIP-quantum/benchmark_qaoa_feasible.py --worker-problem /home/zhenyusen/MIP-quantum/data/miplib_benders/qaoa_problems/nvars_08/supportcase6_ds_qaoa_c747_c759_0002.json --worker-result /tmp/qaoa_feasible_4qwrrbuf/result.json --p 1 --maxiter 5 --seed 42 --circuit-type multi_beta
qaoa_feasible_benchmark_a100_20260721_162713_cvIP_qaoa_first_feasible.csv,2026-07-22T05:11:06+0800,1656344,supportcase6_ds_qaoa_c747_c759_0004,/home/zhenyusen/MIP-quantum/data/miplib_benders/qaoa_problems/nvars_08/supportcase6_ds_qaoa_c747_c759_0004.json,8,2,8,linear,16777216,0.0011048398446291685,35.23989707790315,151847000.0,"[0, 0, 0, 0, 0, 0, 0, 1]",13977.30859375,16793.30859375,/home/zhenyusen/MIP-quantum/benchmark_qaoa_feasible.py --worker-problem /home/zhenyusen/MIP-quantum/data/miplib_benders/qaoa_problems/nvars_08/supportcase6_ds_qaoa_c747_c759_0004.json --worker-result /tmp/qaoa_feasible_w6_d4ml9/result.json --p 1 --maxiter 5 --seed 42 --circuit-type multi_beta
qaoa_feasible_benchmark_a100_20260721_162713_cvIP_qaoa_first_feasible.csv,2026-07-22T05:18:18+0800,1670773,supportcase6_ds_qaoa_c747_c759_0005,/home/zhenyusen/MIP-quantum/data/miplib_benders/qaoa_problems/nvars_08/supportcase6_ds_qaoa_c747_c759_0005.json,8,2,8,linear,16777216,0.0010829190723598003,36.135667213005945,150892000.0,"[0, 0, 0, 0, 0, 0, 0, 1]",13979.4609375,16795.4609375,/home/zhenyusen/MIP-quantum/benchmark_qaoa_feasible.py --worker-problem /home/zhenyusen/MIP-quantum/data/miplib_benders/qaoa_problems/nvars_08/supportcase6_ds_qaoa_c747_c759_0005.json --worker-result /tmp/qaoa_feasible_zc9dsc2v/result.json --p 1 --maxiter 5 --seed 42 --circuit-type multi_beta
qaoa_feasible_benchmark_a100_20260721_162713_cvIP_qaoa_first_feasible.csv,2026-07-22T05:25:45+0800,1685892,supportcase6_ds_qaoa_c747_c759_c762_0001,/home/zhenyusen/MIP-quantum/data/miplib_benders/qaoa_problems/nvars_08/supportcase6_ds_qaoa_c747_c759_c762_0001.json,8,3,8,linear,16777216,0.002308220835402608,30.674031289992854,151847000.0,"[0, 0, 0, 0, 0, 1, 0, 0]",12958.2734375,15262.2734375,/home/zhenyusen/MIP-quantum/benchmark_qaoa_feasible.py --worker-problem /home/zhenyusen/MIP-quantum/data/miplib_benders/qaoa_problems/nvars_08/supportcase6_ds_qaoa_c747_c759_c762_0001.json --worker-result /tmp/qaoa_feasible_6l5sn3sf/result.json --p 1 --maxiter 5 --seed 42 --circuit-type multi_beta
qaoa_feasible_benchmark_a100_20260721_162713_cvIP_qaoa_first_feasible.csv,2026-07-22T05:32:59+0800,1700552,supportcase6_ds_qaoa_c747_c759_c762_0004,/home/zhenyusen/MIP-quantum/data/miplib_benders/qaoa_problems/nvars_08/supportcase6_ds_qaoa_c747_c759_c762_0004.json,8,3,8,linear,16777216,0.0009232859592884779,28.100691941101104,151847000.0,"[0, 0, 0, 0, 0, 0, 0, 1]",12955.73046875,15259.73046875,/home/zhenyusen/MIP-quantum/benchmark_qaoa_feasible.py --worker-problem /home/zhenyusen/MIP-quantum/data/miplib_benders/qaoa_problems/nvars_08/supportcase6_ds_qaoa_c747_c759_c762_0004.json --worker-result /tmp/qaoa_feasible_ldphqi3n/result.json --p 1 --maxiter 5 --seed 42 --circuit-type multi_beta
qaoa_feasible_benchmark_a100_20260721_162713_cvIP_qaoa_first_feasible.csv,2026-07-22T05:40:22+0800,1715372,supportcase6_ds_qaoa_c747_c759_c762_0005,/home/zhenyusen/MIP-quantum/data/miplib_benders/qaoa_problems/nvars_08/supportcase6_ds_qaoa_c747_c759_c762_0005.json,8,3,8,linear,16777216,0.00113613810390234,27.623088532825932,151847000.0,"[0, 0, 0, 0, 0, 0, 1, 0]",12953.6796875,15257.6796875,/home/zhenyusen/MIP-quantum/benchmark_qaoa_feasible.py --worker-problem /home/zhenyusen/MIP-quantum/data/miplib_benders/qaoa_problems/nvars_08/supportcase6_ds_qaoa_c747_c759_c762_0005.json --worker-result /tmp/qaoa_feasible_p3_7p975/result.json --p 1 --maxiter 5 --seed 42 --circuit-type multi_beta
qaoa_feasible_benchmark_a100_20260721_162713_cvIP_qaoa_first_feasible.csv,2026-07-22T05:47:55+0800,1730281,supportcase6_ds_qaoa_c759_c762_0001,/home/zhenyusen/MIP-quantum/data/miplib_benders/qaoa_problems/nvars_08/supportcase6_ds_qaoa_c759_c762_0001.json,8,2,8,linear,16777216,0.0030255750752985477,34.2753997950349,295779000.0,"[0, 0, 0, 0, 0, 1, 0, 1]",13977.32421875,16793.32421875,/home/zhenyusen/MIP-quantum/benchmark_qaoa_feasible.py --worker-problem /home/zhenyusen/MIP-quantum/data/miplib_benders/qaoa_problems/nvars_08/supportcase6_ds_qaoa_c759_c762_0001.json --worker-result /tmp/qaoa_feasible_aw1lqaen/result.json --p 1 --maxiter 5 --seed 42 --circuit-type multi_beta
qaoa_feasible_benchmark_a100_20260721_162713_cvIP_qaoa_first_feasible.csv,2026-07-22T05:55:13+0800,1745064,supportcase6_ds_qaoa_c759_c762_0002,/home/zhenyusen/MIP-quantum/data/miplib_benders/qaoa_problems/nvars_08/supportcase6_ds_qaoa_c759_c762_0002.json,8,2,8,linear,16777216,0.0010096500627696514,29.962257539853454,151847000.0,"[0, 0, 0, 0, 0, 0, 0, 1]",13979.69140625,16795.69140625,/home/zhenyusen/MIP-quantum/benchmark_qaoa_feasible.py --worker-problem /home/zhenyusen/MIP-quantum/data/miplib_benders/qaoa_problems/nvars_08/supportcase6_ds_qaoa_c759_c762_0002.json --worker-result /tmp/qaoa_feasible_hyf4m6iv/result.json --p 1 --maxiter 5 --seed 42 --circuit-type multi_beta
qaoa_feasible_benchmark_a100_20260721_162713_cvIP_qaoa_first_feasible.csv,2026-07-22T06:02:42+0800,1759858,supportcase6_ds_qaoa_c759_c762_0003,/home/zhenyusen/MIP-quantum/data/miplib_benders/qaoa_problems/nvars_08/supportcase6_ds_qaoa_c759_c762_0003.json,8,2,8,linear,16777216,0.0012828221078962088,37.976027921075,151847000.0,"[0, 0, 0, 0, 0, 0, 1, 0]",13976.21875,16792.21875,/home/zhenyusen/MIP-quantum/benchmark_qaoa_feasible.py --worker-problem /home/zhenyusen/MIP-quantum/data/miplib_benders/qaoa_problems/nvars_08/supportcase6_ds_qaoa_c759_c762_0003.json --worker-result /tmp/qaoa_feasible_5rc60n9r/result.json --p 1 --maxiter 5 --seed 42 --circuit-type multi_beta
qaoa_feasible_benchmark_a100_20260721_162713_cvIP_qaoa_first_feasible.csv,2026-07-22T06:10:08+0800,1774862,supportcase6_ds_qaoa_c759_c762_0004,/home/zhenyusen/MIP-quantum/data/miplib_benders/qaoa_problems/nvars_08/supportcase6_ds_qaoa_c759_c762_0004.json,8,2,8,linear,16777216,0.001365134958177805,38.04169229185209,296836000.0,"[0, 0, 0, 0, 0, 0, 1, 1]",13977.5703125,16793.5703125,/home/zhenyusen/MIP-quantum/benchmark_qaoa_feasible.py --worker-problem /home/zhenyusen/MIP-quantum/data/miplib_benders/qaoa_problems/nvars_08/supportcase6_ds_qaoa_c759_c762_0004.json --worker-result /tmp/qaoa_feasible_0slrmt96/result.json --p 1 --maxiter 5 --seed 42 --circuit-type multi_beta
qaoa_feasible_benchmark_a100_20260721_162713_cvIP_qaoa_first_feasible.csv,2026-07-22T06:48:31+0800,1843428,highschool1-aigio_ds_qaoa_spreadEventsUB_SpreadEvents1_108_Mo_spreadEventsUB_SpreadEvents1_108_Th_subeventsNotActive_108_1_1_0001,/home/zhenyusen/MIP-quantum/data/miplib_benders/qaoa_problems/nvars_09/highschool1-aigio_ds_qaoa_spreadEventsUB_SpreadEvents1_108_Mo_spreadEventsUB_SpreadEvents1_108_Th_subeventsNotActive_108_1_1_0001.json,9,3,8,linear,134217728,0.0033258339390158653,297.86501595703885,0.0,"[0, 0, 0, 0, 0, 0, 1, 1, 0]",116889.69921875,139417.69921875,/home/zhenyusen/MIP-quantum/benchmark_qaoa_feasible.py --worker-problem /home/zhenyusen/MIP-quantum/data/miplib_benders/qaoa_problems/nvars_09/highschool1-aigio_ds_qaoa_spreadEventsUB_SpreadEvents1_108_Mo_spreadEventsUB_SpreadEvents1_108_Th_subeventsNotActive_108_1_1_0001.json --worker-result /tmp/qaoa_feasible__ix66gca/result.json --p 1 --maxiter 5 --seed 42 --circuit-type multi_beta
qaoa_feasible_benchmark_a100_20260721_162713_cvIP_qaoa_first_feasible.csv,2026-07-22T07:35:24+0800,1938829,highschool1-aigio_ds_qaoa_spreadEventsUB_SpreadEvents1_108_Mo_spreadEventsUB_SpreadEvents1_108_Th_subeventsNotActive_108_1_1_0002,/home/zhenyusen/MIP-quantum/data/miplib_benders/qaoa_problems/nvars_09/highschool1-aigio_ds_qaoa_spreadEventsUB_SpreadEvents1_108_Mo_spreadEventsUB_SpreadEvents1_108_Th_subeventsNotActive_108_1_1_0002.json,9,3,8,linear,134217728,0.0023780500050634146,290.72055022395216,0.0,"[0, 0, 0, 0, 0, 0, 1, 1, 0]",116888.31640625,139416.31640625,/home/zhenyusen/MIP-quantum/benchmark_qaoa_feasible.py --worker-problem /home/zhenyusen/MIP-quantum/data/miplib_benders/qaoa_problems/nvars_09/highschool1-aigio_ds_qaoa_spreadEventsUB_SpreadEvents1_108_Mo_spreadEventsUB_SpreadEvents1_108_Th_subeventsNotActive_108_1_1_0002.json --worker-result /tmp/qaoa_feasible_120d1zxk/result.json --p 1 --maxiter 5 --seed 42 --circuit-type multi_beta
qaoa_feasible_benchmark_a100_20260721_162713_cvIP_qaoa_first_feasible.csv,2026-07-22T08:35:50+0800,2059985,highschool1-aigio_ds_qaoa_spreadEventsUB_SpreadEvents1_108_Mo_spreadEventsUB_SpreadEvents1_108_Th_subeventsNotActive_108_1_1_0003,/home/zhenyusen/MIP-quantum/data/miplib_benders/qaoa_problems/nvars_09/highschool1-aigio_ds_qaoa_spreadEventsUB_SpreadEvents1_108_Mo_spreadEventsUB_SpreadEvents1_108_Th_subeventsNotActive_108_1_1_0003.json,9,3,8,linear,134217728,0.0029962430708110332,292.0070809889585,0.0,"[0, 0, 0, 0, 0, 0, 1, 1, 0]",116889.67578125,139417.67578125,/home/zhenyusen/MIP-quantum/benchmark_qaoa_feasible.py --worker-problem /home/zhenyusen/MIP-quantum/data/miplib_benders/qaoa_problems/nvars_09/highschool1-aigio_ds_qaoa_spreadEventsUB_SpreadEvents1_108_Mo_spreadEventsUB_SpreadEvents1_108_Th_subeventsNotActive_108_1_1_0003.json --worker-result /tmp/qaoa_feasible_clbuyzx3/result.json --p 1 --maxiter 5 --seed 42 --circuit-type multi_beta
qaoa_feasible_benchmark_a100_20260721_162713_cvIP_qaoa_first_feasible.csv,2026-07-22T09:41:05+0800,2190090,leo1_ds_qaoa_R0000042_R0000043_R0000047_0003,/home/zhenyusen/MIP-quantum/data/miplib_benders/qaoa_problems/nvars_09/leo1_ds_qaoa_R0000042_R0000043_R0000047_0003.json,9,3,8,linear,134217728,7.3464442999102175,322.268187985057,9.0,"[0, 0, 1, 0, 0, 1, 0, 6, 0]",116891.70703125,139419.70703125,/home/zhenyusen/MIP-quantum/benchmark_qaoa_feasible.py --worker-problem /home/zhenyusen/MIP-quantum/data/miplib_benders/qaoa_problems/nvars_09/leo1_ds_qaoa_R0000042_R0000043_R0000047_0003.json --worker-result /tmp/qaoa_feasible_d26jmdp6/result.json --p 1 --maxiter 5 --seed 42 --circuit-type multi_beta
qaoa_feasible_benchmark_a100_20260721_162713_cvIP_qaoa_first_feasible.csv,2026-07-22T10:26:36+0800,2289829,leo1_ds_qaoa_R0000090_R0000091_R0000095_0003,/home/zhenyusen/MIP-quantum/data/miplib_benders/qaoa_problems/nvars_09/leo1_ds_qaoa_R0000090_R0000091_R0000095_0003.json,9,3,8,linear,134217728,3.716660106787458,244.98441699403338,15.0,"[0, 0, 1, 0, 0, 2, 0, 1, 0]",116881.8359375,139409.8359375,/home/zhenyusen/MIP-quantum/benchmark_qaoa_feasible.py --worker-problem /home/zhenyusen/MIP-quantum/data/miplib_benders/qaoa_problems/nvars_09/leo1_ds_qaoa_R0000090_R0000091_R0000095_0003.json --worker-result /tmp/qaoa_feasible_euhigvg7/result.json --p 1 --maxiter 5 --seed 42 --circuit-type multi_beta
qaoa_feasible_benchmark_a100_20260721_162713_cvIP_qaoa_first_feasible.csv,2026-07-22T11:21:19+0800,2427036,leo1_ds_qaoa_R0000097_R0000335_R0000339_0003,/home/zhenyusen/MIP-quantum/data/miplib_benders/qaoa_problems/nvars_09/leo1_ds_qaoa_R0000097_R0000335_R0000339_0003.json,9,3,8,linear,134217728,6.115917155984789,333.2469672979787,9.0,"[0, 0, 1, 0, 0, 1, 0, 0, 0]",116891.109375,139419.109375,/home/zhenyusen/MIP-quantum/benchmark_qaoa_feasible.py --worker-problem /home/zhenyusen/MIP-quantum/data/miplib_benders/qaoa_problems/nvars_09/leo1_ds_qaoa_R0000097_R0000335_R0000339_0003.json --worker-result /tmp/qaoa_feasible_vpctvhew/result.json --p 1 --maxiter 5 --seed 42 --circuit-type multi_beta
qaoa_feasible_benchmark_a100_20260721_162713_cvIP_qaoa_first_feasible.csv,2026-07-22T12:17:30+0800,2552548,leo1_ds_qaoa_R0000335_R0000339_R0000535_0003,/home/zhenyusen/MIP-quantum/data/miplib_benders/qaoa_problems/nvars_09/leo1_ds_qaoa_R0000335_R0000339_R0000535_0003.json,9,3,8,linear,134217728,0.01474001700989902,387.29449675488286,6.0,"[0, 0, 0, 0, 0, 1, 1, 0, 0]",116886.83984375,139414.83984375,/home/zhenyusen/MIP-quantum/benchmark_qaoa_feasible.py --worker-problem /home/zhenyusen/MIP-quantum/data/miplib_benders/qaoa_problems/nvars_09/leo1_ds_qaoa_R0000335_R0000339_R0000535_0003.json --worker-result /tmp/qaoa_feasible_3gnd_jh1/result.json --p 1 --maxiter 5 --seed 42 --circuit-type multi_beta
qaoa_feasible_benchmark_a100_20260721_162713_cvIP_qaoa_first_feasible.csv,2026-07-22T13:12:06+0800,2759835,leo2_ds_qaoa_R0000090_R0000091_R0000095_0008,/home/zhenyusen/MIP-quantum/data/miplib_benders/qaoa_problems/nvars_09/leo2_ds_qaoa_R0000090_R0000091_R0000095_0008.json,9,3,8,linear,134217728,3.8146033510565758,338.55067839310504,15.0,"[0, 0, 1, 0, 0, 2, 1, 2, 0]",116887.06640625,139413.37109375,/home/zhenyusen/MIP-quantum/benchmark_qaoa_feasible.py --worker-problem /home/zhenyusen/MIP-quantum/data/miplib_benders/qaoa_problems/nvars_09/leo2_ds_qaoa_R0000090_R0000091_R0000095_0008.json --worker-result /tmp/qaoa_feasible_s2zccccf/result.json --p 1 --maxiter 5 --seed 42 --circuit-type multi_beta
qaoa_feasible_benchmark_a100_20260721_162713_cvIP_qaoa_first_feasible.csv,2026-07-22T14:16:55+0800,2904975,neos-1456979_ds_qaoa_R0008_R0009_R0046_0001,/home/zhenyusen/MIP-quantum/data/miplib_benders/qaoa_problems/nvars_09/neos-1456979_ds_qaoa_R0008_R0009_R0046_0001.json,9,3,8,linear,134217728,0.014259462943300605,342.3589383929502,13.0,"[0, 0, 0, 0, 0, 1, 0, 0, 1]",116889.46875,139417.46875,/home/zhenyusen/MIP-quantum/benchmark_qaoa_feasible.py --worker-problem /home/zhenyusen/MIP-quantum/data/miplib_benders/qaoa_problems/nvars_09/neos-1456979_ds_qaoa_R0008_R0009_R0046_0001.json --worker-result /tmp/qaoa_feasible_fl2jzq3h/result.json --p 1 --maxiter 5 --seed 42 --circuit-type multi_beta
qaoa_feasible_benchmark_a100_parallel_20260722_144854_shard00_cvIP_qaoa_first_feasible.csv,2026-07-22T14:54:45+0800,2992862,neos-1456979_ds_qaoa_R0008_R0009_R0046_0001,/home/zhenyusen/MIP-quantum/data/miplib_benders/qaoa_problems/nvars_09/neos-1456979_ds_qaoa_R0008_R0009_R0046_0001.json,9,3,8,linear,134217728,0.014447089983150363,347.66312983608805,13.0,"[0, 0, 0, 0, 0, 1, 0, 0, 1]",116890.421875,139418.421875,/home/zhenyusen/MIP-quantum/benchmark_qaoa_feasible.py --worker-problem /home/zhenyusen/MIP-quantum/data/miplib_benders/qaoa_problems/nvars_09/neos-1456979_ds_qaoa_R0008_R0009_R0046_0001.json --worker-result /tmp/qaoa_feasible_x314j0l2/result.json --p 1 --maxiter 5 --seed 42 --circuit-type multi_beta
qaoa_feasible_benchmark_a100_parallel_20260722_144854_shard00_cvIP_qaoa_first_feasible.csv,2026-07-22T16:19:16+0800,3287131,neos8_ds_qaoa_R0001_R0002_R0003_0002,/home/zhenyusen/MIP-quantum/data/miplib_benders/qaoa_problems/nvars_09/neos8_ds_qaoa_R0001_R0002_R0003_0002.json,9,3,8,linear,134217728,0.0035647631157189608,350.08418372413144,0.0,"[0, 0, 0, 0, 0, 0, 1, 1, 1]",116891.8046875,139419.8046875,/home/zhenyusen/MIP-quantum/benchmark_qaoa_feasible.py --worker-problem /home/zhenyusen/MIP-quantum/data/miplib_benders/qaoa_problems/nvars_09/neos8_ds_qaoa_R0001_R0002_R0003_0002.json --worker-result /tmp/qaoa_feasible_3r7siuzo/result.json --p 1 --maxiter 5 --seed 42 --circuit-type multi_beta
qaoa_feasible_benchmark_a100_parallel_20260722_144854_shard00_cvIP_qaoa_first_feasible.csv,2026-07-22T17:25:05+0800,3430941,neos8_ds_qaoa_R0001_R0002_R0003_0004,/home/zhenyusen/MIP-quantum/data/miplib_benders/qaoa_problems/nvars_09/neos8_ds_qaoa_R0001_R0002_R0003_0004.json,9,3,8,linear,134217728,0.0030784448608756065,341.66914901905693,0.0,"[0, 0, 0, 0, 0, 0, 1, 1, 1]",116891.79296875,139419.79296875,/home/zhenyusen/MIP-quantum/benchmark_qaoa_feasible.py --worker-problem /home/zhenyusen/MIP-quantum/data/miplib_benders/qaoa_problems/nvars_09/neos8_ds_qaoa_R0001_R0002_R0003_0004.json --worker-result /tmp/qaoa_feasible_17fzl3_u/result.json --p 1 --maxiter 5 --seed 42 --circuit-type multi_beta
qaoa_feasible_benchmark_a100_parallel_20260722_144854_shard00_cvIP_qaoa_first_feasible.csv,2026-07-22T18:27:26+0800,3578485,neos8_ds_qaoa_R0001_R0002_R0003_0006,/home/zhenyusen/MIP-quantum/data/miplib_benders/qaoa_problems/nvars_09/neos8_ds_qaoa_R0001_R0002_R0003_0006.json,9,3,8,linear,134217728,0.0030397989321500063,366.49937694403343,0.0,"[0, 0, 0, 0, 0, 0, 1, 1, 1]",116889.90234375,139417.90234375,/home/zhenyusen/MIP-quantum/benchmark_qaoa_feasible.py --worker-problem /home/zhenyusen/MIP-quantum/data/miplib_benders/qaoa_problems/nvars_09/neos8_ds_qaoa_R0001_R0002_R0003_0006.json --worker-result /tmp/qaoa_feasible_sd245p0g/result.json --p 1 --maxiter 5 --seed 42 --circuit-type multi_beta
qaoa_feasible_benchmark_a100_parallel_20260722_144854_shard00_cvIP_qaoa_first_feasible.csv,2026-07-22T19:37:09+0800,3736359,neos8_ds_qaoa_R0002_R0003_R0004_0002,/home/zhenyusen/MIP-quantum/data/miplib_benders/qaoa_problems/nvars_09/neos8_ds_qaoa_R0002_R0003_R0004_0002.json,9,3,8,linear,134217728,0.0028075999580323696,313.43190247099847,0.0,"[0, 0, 0, 0, 0, 0, 1, 1, 1]",116891.1171875,139419.1171875,/home/zhenyusen/MIP-quantum/benchmark_qaoa_feasible.py --worker-problem /home/zhenyusen/MIP-quantum/data/miplib_benders/qaoa_problems/nvars_09/neos8_ds_qaoa_R0002_R0003_R0004_0002.json --worker-result /tmp/qaoa_feasible_ye91z33_/result.json --p 1 --maxiter 5 --seed 42 --circuit-type multi_beta
qaoa_feasible_benchmark_a100_parallel_20260722_144854_shard00_cvIP_qaoa_first_feasible.csv,2026-07-22T20:47:45+0800,3904232,neos8_ds_qaoa_R0002_R0003_R0004_0004,/home/zhenyusen/MIP-quantum/data/miplib_benders/qaoa_problems/nvars_09/neos8_ds_qaoa_R0002_R0003_R0004_0004.json,9,3,8,linear,134217728,0.0032861470244824886,377.4399130491074,0.0,"[0, 0, 0, 0, 0, 0, 1, 1, 1]",116891.77734375,139419.77734375,/home/zhenyusen/MIP-quantum/benchmark_qaoa_feasible.py --worker-problem /home/zhenyusen/MIP-quantum/data/miplib_benders/qaoa_problems/nvars_09/neos8_ds_qaoa_R0002_R0003_R0004_0004.json --worker-result /tmp/qaoa_feasible_jqdtp32e/result.json --p 1 --maxiter 5 --seed 42 --circuit-type multi_beta
qaoa_feasible_benchmark_a100_parallel_20260722_144854_shard00_cvIP_qaoa_first_feasible.csv,2026-07-22T21:58:17+0800,4070478,neos8_ds_qaoa_R0002_R0003_R0004_0006,/home/zhenyusen/MIP-quantum/data/miplib_benders/qaoa_problems/nvars_09/neos8_ds_qaoa_R0002_R0003_R0004_0006.json,9,3,8,linear,134217728,0.003426522947847843,369.7806822019629,0.0,"[0, 0, 0, 0, 0, 0, 1, 1, 1]",116891.80078125,139419.80078125,/home/zhenyusen/MIP-quantum/benchmark_qaoa_feasible.py --worker-problem /home/zhenyusen/MIP-quantum/data/miplib_benders/qaoa_problems/nvars_09/neos8_ds_qaoa_R0002_R0003_R0004_0006.json --worker-result /tmp/qaoa_feasible_pqp77lku/result.json --p 1 --maxiter 5 --seed 42 --circuit-type multi_beta
qaoa_feasible_benchmark_a100_parallel_20260722_144854_shard00_cvIP_qaoa_first_feasible.csv,2026-07-22T23:29:27+0800,92593,neos8_ds_qaoa_R0003_R0004_R0065_0002,/home/zhenyusen/MIP-quantum/data/miplib_benders/qaoa_problems/nvars_09/neos8_ds_qaoa_R0003_R0004_R0065_0002.json,9,3,8,linear,134217728,0.003180230036377907,399.6084233659785,0.0,"[0, 0, 0, 0, 0, 0, 1, 1, 0]",116891.89453125,139419.89453125,/home/zhenyusen/MIP-quantum/benchmark_qaoa_feasible.py --worker-problem /home/zhenyusen/MIP-quantum/data/miplib_benders/qaoa_problems/nvars_09/neos8_ds_qaoa_R0003_R0004_R0065_0002.json --worker-result /tmp/qaoa_feasible_f27q96eh/result.json --p 1 --maxiter 5 --seed 42 --circuit-type multi_beta
qaoa_feasible_benchmark_a100_parallel_20260722_144854_shard00_cvIP_qaoa_first_feasible.csv,2026-07-23T00:27:11+0800,230300,neos8_ds_qaoa_R0003_R0004_R0065_0004,/home/zhenyusen/MIP-quantum/data/miplib_benders/qaoa_problems/nvars_09/neos8_ds_qaoa_R0003_R0004_R0065_0004.json,9,3,8,linear,134217728,0.002090943045914173,357.1769891800359,0.0,"[0, 0, 0, 0, 0, 0, 1, 1, 0]",116882.73828125,139410.73828125,/home/zhenyusen/MIP-quantum/benchmark_qaoa_feasible.py --worker-problem /home/zhenyusen/MIP-quantum/data/miplib_benders/qaoa_problems/nvars_09/neos8_ds_qaoa_R0003_R0004_R0065_0004.json --worker-result /tmp/qaoa_feasible_xskwbr5u/result.json --p 1 --maxiter 5 --seed 42 --circuit-type multi_beta
qaoa_feasible_benchmark_a100_parallel_20260722_144854_shard00_cvIP_qaoa_first_feasible.csv,2026-07-23T01:29:50+0800,390697,neos8_ds_qaoa_R0003_R0004_R0065_0006,/home/zhenyusen/MIP-quantum/data/miplib_benders/qaoa_problems/nvars_09/neos8_ds_qaoa_R0003_R0004_R0065_0006.json,9,3,8,linear,134217728,0.0034323178697377443,441.3450675040949,0.0,"[0, 0, 0, 0, 0, 0, 1, 1, 0]",116891.828125,139419.828125,/home/zhenyusen/MIP-quantum/benchmark_qaoa_feasible.py --worker-problem /home/zhenyusen/MIP-quantum/data/miplib_benders/qaoa_problems/nvars_09/neos8_ds_qaoa_R0003_R0004_R0065_0006.json --worker-result /tmp/qaoa_feasible_1y1e08d1/result.json --p 1 --maxiter 5 --seed 42 --circuit-type multi_beta
qaoa_feasible_benchmark_a100_parallel_20260722_144854_shard00_cvIP_qaoa_first_feasible.csv,2026-07-23T03:04:02+0800,668568,supportcase6_ds_qaoa_c722_c726_c733_0002,/home/zhenyusen/MIP-quantum/data/miplib_benders/qaoa_problems/nvars_09/supportcase6_ds_qaoa_c722_c726_c733_0002.json,9,3,8,linear,134217728,0.00283165299333632,347.3298356770538,134333000.0,"[0, 0, 0, 0, 0, 0, 1, 0, 0]",116889.79296875,139417.79296875,/home/zhenyusen/MIP-quantum/benchmark_qaoa_feasible.py --worker-problem /home/zhenyusen/MIP-quantum/data/miplib_benders/qaoa_problems/nvars_09/supportcase6_ds_qaoa_c722_c726_c733_0002.json --worker-result /tmp/qaoa_feasible_fzhdjd8l/result.json --p 1 --maxiter 5 --seed 42 --circuit-type multi_beta
qaoa_feasible_benchmark_a100_parallel_20260722_144854_shard00_cvIP_qaoa_first_feasible.csv,2026-07-23T04:02:03+0800,852314,supportcase6_ds_qaoa_c722_c726_c733_0005,/home/zhenyusen/MIP-quantum/data/miplib_benders/qaoa_problems/nvars_09/supportcase6_ds_qaoa_c722_c726_c733_0005.json,9,3,8,linear,134217728,0.0010595070198178291,335.88391768792644,134333000.0,"[0, 0, 0, 0, 0, 0, 0, 0, 1]",116889.79296875,139417.79296875,/home/zhenyusen/MIP-quantum/benchmark_qaoa_feasible.py --worker-problem /home/zhenyusen/MIP-quantum/data/miplib_benders/qaoa_problems/nvars_09/supportcase6_ds_qaoa_c722_c726_c733_0005.json --worker-result /tmp/qaoa_feasible_ui1jipxp/result.json --p 1 --maxiter 5 --seed 42 --circuit-type multi_beta
qaoa_feasible_benchmark_a100_parallel_20260722_144854_shard00_cvIP_qaoa_first_feasible.csv,2026-07-23T05:02:23+0800,1001423,supportcase6_ds_qaoa_c726_c733_c745_0001,/home/zhenyusen/MIP-quantum/data/miplib_benders/qaoa_problems/nvars_09/supportcase6_ds_qaoa_c726_c733_c745_0001.json,9,3,8,linear,134217728,0.0015054589603096247,284.09976240596734,134333000.0,"[0, 0, 0, 0, 0, 0, 0, 1, 0]",116889.05859375,139417.05859375,/home/zhenyusen/MIP-quantum/benchmark_qaoa_feasible.py --worker-problem /home/zhenyusen/MIP-quantum/data/miplib_benders/qaoa_problems/nvars_09/supportcase6_ds_qaoa_c726_c733_c745_0001.json --worker-result /tmp/qaoa_feasible_gs0gfm2a/result.json --p 1 --maxiter 5 --seed 42 --circuit-type multi_beta
qaoa_feasible_benchmark_a100_parallel_20260722_144854_shard00_cvIP_qaoa_first_feasible.csv,2026-07-23T05:59:12+0800,1133898,supportcase6_ds_qaoa_c726_c733_c745_0003,/home/zhenyusen/MIP-quantum/data/miplib_benders/qaoa_problems/nvars_09/supportcase6_ds_qaoa_c726_c733_c745_0003.json,9,3,8,linear,134217728,0.001489149872213602,353.33267765911296,296734000.0,"[0, 0, 0, 0, 0, 0, 0, 1, 1]",116884.83984375,139412.83984375,/home/zhenyusen/MIP-quantum/benchmark_qaoa_feasible.py --worker-problem /home/zhenyusen/MIP-quantum/data/miplib_benders/qaoa_problems/nvars_09/supportcase6_ds_qaoa_c726_c733_c745_0003.json --worker-result /tmp/qaoa_feasible_kyzcafjw/result.json --p 1 --maxiter 5 --seed 42 --circuit-type multi_beta
qaoa_feasible_benchmark_a100_parallel_20260722_144854_shard00_cvIP_qaoa_first_feasible.csv,2026-07-23T06:53:54+0800,1266379,supportcase6_ds_qaoa_c726_c733_c745_0005,/home/zhenyusen/MIP-quantum/data/miplib_benders/qaoa_problems/nvars_09/supportcase6_ds_qaoa_c726_c733_c745_0005.json,9,3,8,linear,134217728,0.0010751299560070038,355.1318671258632,134333000.0,"[0, 0, 0, 0, 0, 0, 0, 0, 1]",116888.46484375,139416.46484375,/home/zhenyusen/MIP-quantum/benchmark_qaoa_feasible.py --worker-problem /home/zhenyusen/MIP-quantum/data/miplib_benders/qaoa_problems/nvars_09/supportcase6_ds_qaoa_c726_c733_c745_0005.json --worker-result /tmp/qaoa_feasible_klp2kye3/result.json --p 1 --maxiter 5 --seed 42 --circuit-type multi_beta
qaoa_feasible_benchmark_a100_parallel_20260722_144854_shard00_cvIP_qaoa_first_feasible.csv,2026-07-23T08:03:09+0800,1440382,supportcase6_ds_qaoa_c733_c745_c747_0001,/home/zhenyusen/MIP-quantum/data/miplib_benders/qaoa_problems/nvars_09/supportcase6_ds_qaoa_c733_c745_c747_0001.json,9,3,8,linear,134217728,0.001773386960849166,431.5873555240687,134333000.0,"[0, 0, 0, 0, 0, 0, 0, 1, 0]",116885.890625,139413.8046875,/home/zhenyusen/MIP-quantum/benchmark_qaoa_feasible.py --worker-problem /home/zhenyusen/MIP-quantum/data/miplib_benders/qaoa_problems/nvars_09/supportcase6_ds_qaoa_c733_c745_c747_0001.json --worker-result /tmp/qaoa_feasible_6t45ukgc/result.json --p 1 --maxiter 5 --seed 42 --circuit-type multi_beta
qaoa_feasible_benchmark_a100_parallel_20260722_144854_shard00_cvIP_qaoa_first_feasible.csv,2026-07-23T09:05:29+0800,1577011,supportcase6_ds_qaoa_c733_c745_c747_0003,/home/zhenyusen/MIP-quantum/data/miplib_benders/qaoa_problems/nvars_09/supportcase6_ds_qaoa_c733_c745_c747_0003.json,9,3,8,linear,134217728,0.0019381919410079718,459.1409742969554,144887000.0,"[0, 0, 0, 0, 0, 0, 0, 1, 0]",116890.95703125,139418.95703125,/home/zhenyusen/MIP-quantum/benchmark_qaoa_feasible.py --worker-problem /home/zhenyusen/MIP-quantum/data/miplib_benders/qaoa_problems/nvars_09/supportcase6_ds_qaoa_c733_c745_c747_0003.json --worker-result /tmp/qaoa_feasible__v1g28tx/result.json --p 1 --maxiter 5 --seed 42 --circuit-type multi_beta
qaoa_feasible_benchmark_a100_parallel_20260722_144854_shard00_cvIP_qaoa_first_feasible.csv,2026-07-23T10:11:38+0800,1724021,supportcase6_ds_qaoa_c733_c745_c747_0005,/home/zhenyusen/MIP-quantum/data/miplib_benders/qaoa_problems/nvars_09/supportcase6_ds_qaoa_c733_c745_c747_0005.json,9,3,8,linear,134217728,0.0019272579811513424,441.18326660292223,134333000.0,"[0, 0, 0, 0, 0, 0, 0, 0, 1]",116891.765625,139419.765625,/home/zhenyusen/MIP-quantum/benchmark_qaoa_feasible.py --worker-problem /home/zhenyusen/MIP-quantum/data/miplib_benders/qaoa_problems/nvars_09/supportcase6_ds_qaoa_c733_c745_c747_0005.json --worker-result /tmp/qaoa_feasible_yc1jo1ek/result.json --p 1 --maxiter 5 --seed 42 --circuit-type multi_beta
qaoa_feasible_benchmark_a100_parallel_20260722_144854_shard00_cvIP_qaoa_first_feasible.csv,2026-07-23T11:10:34+0800,1865337,supportcase6_ds_qaoa_c745_c747_c759_0001,/home/zhenyusen/MIP-quantum/data/miplib_benders/qaoa_problems/nvars_09/supportcase6_ds_qaoa_c745_c747_c759_0001.json,9,3,8,linear,134217728,0.003162889974191785,454.62592495419085,150892000.0,"[0, 0, 0, 0, 0, 0, 1, 0, 0]",116891.8359375,139419.8359375,/home/zhenyusen/MIP-quantum/benchmark_qaoa_feasible.py --worker-problem /home/zhenyusen/MIP-quantum/data/miplib_benders/qaoa_problems/nvars_09/supportcase6_ds_qaoa_c745_c747_c759_0001.json --worker-result /tmp/qaoa_feasible_08zh73_x/result.json --p 1 --maxiter 5 --seed 42 --circuit-type multi_beta
qaoa_feasible_benchmark_a100_parallel_20260722_144854_shard00_cvIP_qaoa_first_feasible.csv,2026-07-23T12:12:58+0800,2021939,supportcase6_ds_qaoa_c745_c747_c759_0004,/home/zhenyusen/MIP-quantum/data/miplib_benders/qaoa_problems/nvars_09/supportcase6_ds_qaoa_c745_c747_c759_0004.json,9,3,8,linear,134217728,0.00152028095908463,427.7021506789606,150892000.0,"[0, 0, 0, 0, 0, 0, 0, 0, 1]",116889.79296875,139417.79296875,/home/zhenyusen/MIP-quantum/benchmark_qaoa_feasible.py --worker-problem /home/zhenyusen/MIP-quantum/data/miplib_benders/qaoa_problems/nvars_09/supportcase6_ds_qaoa_c745_c747_c759_0004.json --worker-result /tmp/qaoa_feasible_8z54kn7s/result.json --p 1 --maxiter 5 --seed 42 --circuit-type multi_beta
qaoa_feasible_benchmark_a100_parallel_20260722_144854_shard00_cvIP_qaoa_first_feasible.csv,2026-07-23T13:20:57+0800,2194262,supportcase6_ds_qaoa_c747_c759_c762_0003,/home/zhenyusen/MIP-quantum/data/miplib_benders/qaoa_problems/nvars_09/supportcase6_ds_qaoa_c747_c759_c762_0003.json,9,3,8,linear,134217728,0.0027792039327323437,334.68004589597695,151847000.0,"[0, 0, 0, 0, 0, 0, 0, 0, 1]",116883.66015625,139411.66015625,/home/zhenyusen/MIP-quantum/benchmark_qaoa_feasible.py --worker-problem /home/zhenyusen/MIP-quantum/data/miplib_benders/qaoa_problems/nvars_09/supportcase6_ds_qaoa_c747_c759_c762_0003.json --worker-result /tmp/qaoa_feasible_4mjoq4n6/result.json --p 1 --maxiter 5 --seed 42 --circuit-type multi_beta
qaoa_feasible_benchmark_a100_parallel_20260722_144854_shard00_cvIP_qaoa_first_feasible.csv,2026-07-23T14:15:20+0800,2277861,supportcase6_ds_qaoa_c747_c759_c762_0005,/home/zhenyusen/MIP-quantum/data/miplib_benders/qaoa_problems/nvars_09/supportcase6_ds_qaoa_c747_c759_c762_0005.json,9,3,8,linear,134217728,0.0030235350131988525,314.03655646694824,151847000.0,"[0, 0, 0, 0, 0, 0, 1, 0, 0]",116886.640625,139414.640625,/home/zhenyusen/MIP-quantum/benchmark_qaoa_feasible.py --worker-problem /home/zhenyusen/MIP-quantum/data/miplib_benders/qaoa_problems/nvars_09/supportcase6_ds_qaoa_c747_c759_c762_0005.json --worker-result /tmp/qaoa_feasible_f6o07bba/result.json --p 1 --maxiter 5 --seed 42 --circuit-type multi_beta
qaoa_feasible_benchmark_a100_parallel_20260722_144854_shard01_cvIP_qaoa_first_feasible.csv,2026-07-22T15:46:43+0800,2992858,neos-5188808-nattai_ds_qaoa_R15181_R15052_0007,/home/zhenyusen/MIP-quantum/data/miplib_benders/qaoa_problems/nvars_09/neos-5188808-nattai_ds_qaoa_R15181_R15052_0007.json,9,2,8,linear,134217728,3128.490710145794,3466.1868813089095,28.0,"[6, 7, 0, 0, 0, 0, 0, 1, 4]",75931.81640625,82075.81640625,/home/zhenyusen/MIP-quantum/benchmark_qaoa_feasible.py --worker-problem /home/zhenyusen/MIP-quantum/data/miplib_benders/qaoa_problems/nvars_09/neos-5188808-nattai_ds_qaoa_R15181_R15052_0007.json --worker-result /tmp/qaoa_feasible_graj6ic4/result.json --p 1 --maxiter 5 --seed 42 --circuit-type multi_beta
qaoa_feasible_benchmark_a100_parallel_20260722_144854_shard01_cvIP_qaoa_first_feasible.csv,2026-07-22T16:12:58+0800,3270984,neos8_ds_qaoa_R0001_R0002_R0003_0001,/home/zhenyusen/MIP-quantum/data/miplib_benders/qaoa_problems/nvars_09/neos8_ds_qaoa_R0001_R0002_R0003_0001.json,9,3,8,linear,134217728,0.0031002690084278584,351.2407040039543,0.0,"[0, 0, 0, 0, 0, 0, 1, 1, 1]",116891.7890625,139419.7890625,/home/zhenyusen/MIP-quantum/benchmark_qaoa_feasible.py --worker-problem /home/zhenyusen/MIP-quantum/data/miplib_benders/qaoa_problems/nvars_09/neos8_ds_qaoa_R0001_R0002_R0003_0001.json --worker-result /tmp/qaoa_feasible_bvk05izf/result.json --p 1 --maxiter 5 --seed 42 --circuit-type multi_beta
qaoa_feasible_benchmark_a100_parallel_20260722_144854_shard01_cvIP_qaoa_first_feasible.csv,2026-07-22T17:17:47+0800,3414786,neos8_ds_qaoa_R0001_R0002_R0003_0003,/home/zhenyusen/MIP-quantum/data/miplib_benders/qaoa_problems/nvars_09/neos8_ds_qaoa_R0001_R0002_R0003_0003.json,9,3,8,linear,134217728,0.003132249927148223,328.91050242097117,0.0,"[0, 0, 0, 0, 0, 0, 1, 1, 1]",116889.8046875,139417.8046875,/home/zhenyusen/MIP-quantum/benchmark_qaoa_feasible.py --worker-problem /home/zhenyusen/MIP-quantum/data/miplib_benders/qaoa_problems/nvars_09/neos8_ds_qaoa_R0001_R0002_R0003_0003.json --worker-result /tmp/qaoa_feasible_ug9g0m_o/result.json --p 1 --maxiter 5 --seed 42 --circuit-type multi_beta
qaoa_feasible_benchmark_a100_parallel_20260722_144854_shard01_cvIP_qaoa_first_feasible.csv,2026-07-22T18:20:19+0800,3562066,neos8_ds_qaoa_R0001_R0002_R0003_0005,/home/zhenyusen/MIP-quantum/data/miplib_benders/qaoa_problems/nvars_09/neos8_ds_qaoa_R0001_R0002_R0003_0005.json,9,3,8,linear,134217728,0.003079428803175688,343.2688134179916,0.0,"[0, 0, 0, 0, 0, 0, 1, 1, 1]",116890.53515625,139418.53515625,/home/zhenyusen/MIP-quantum/benchmark_qaoa_feasible.py --worker-problem /home/zhenyusen/MIP-quantum/data/miplib_benders/qaoa_problems/nvars_09/neos8_ds_qaoa_R0001_R0002_R0003_0005.json --worker-result /tmp/qaoa_feasible_69xn_wlq/result.json --p 1 --maxiter 5 --seed 42 --circuit-type multi_beta
qaoa_feasible_benchmark_a100_parallel_20260722_144854_shard01_cvIP_qaoa_first_feasible.csv,2026-07-22T19:31:31+0800,3730141,neos8_ds_qaoa_R0002_R0003_R0004_0001,/home/zhenyusen/MIP-quantum/data/miplib_benders/qaoa_problems/nvars_09/neos8_ds_qaoa_R0002_R0003_R0004_0001.json,9,3,8,linear,134217728,0.0018096908461302519,217.75554957077838,0.0,"[0, 0, 0, 0, 0, 0, 1, 1, 1]",116892.05078125,139420.05078125,/home/zhenyusen/MIP-quantum/benchmark_qaoa_feasible.py --worker-problem /home/zhenyusen/MIP-quantum/data/miplib_benders/qaoa_problems/nvars_09/neos8_ds_qaoa_R0002_R0003_R0004_0001.json --worker-result /tmp/qaoa_feasible_tl8qgw68/result.json --p 1 --maxiter 5 --seed 42 --circuit-type multi_beta
qaoa_feasible_benchmark_a100_parallel_20260722_144854_shard01_cvIP_qaoa_first_feasible.csv,2026-07-22T20:40:05+0800,3887159,neos8_ds_qaoa_R0002_R0003_R0004_0003,/home/zhenyusen/MIP-quantum/data/miplib_benders/qaoa_problems/nvars_09/neos8_ds_qaoa_R0002_R0003_R0004_0003.json,9,3,8,linear,134217728,0.005060013849288225,374.6988410351332,0.0,"[0, 0, 0, 0, 0, 0, 1, 1, 1]",116883.2109375,139409.2265625,/home/zhenyusen/MIP-quantum/benchmark_qaoa_feasible.py --worker-problem /home/zhenyusen/MIP-quantum/data/miplib_benders/qaoa_problems/nvars_09/neos8_ds_qaoa_R0002_R0003_R0004_0003.json --worker-result /tmp/qaoa_feasible_2kr4k62n/result.json --p 1 --maxiter 5 --seed 42 --circuit-type multi_beta
qaoa_feasible_benchmark_a100_parallel_20260722_144854_shard01_cvIP_qaoa_first_feasible.csv,2026-07-22T21:51:16+0800,4052569,neos8_ds_qaoa_R0002_R0003_R0004_0005,/home/zhenyusen/MIP-quantum/data/miplib_benders/qaoa_problems/nvars_09/neos8_ds_qaoa_R0002_R0003_R0004_0005.json,9,3,8,linear,134217728,0.0047907400876283646,373.1074949419126,0.0,"[0, 0, 0, 0, 0, 0, 1, 1, 1]",116888.1875,139416.1875,/home/zhenyusen/MIP-quantum/benchmark_qaoa_feasible.py --worker-problem /home/zhenyusen/MIP-quantum/data/miplib_benders/qaoa_problems/nvars_09/neos8_ds_qaoa_R0002_R0003_R0004_0005.json --worker-result /tmp/qaoa_feasible_zprg0tzi/result.json --p 1 --maxiter 5 --seed 42 --circuit-type multi_beta
qaoa_feasible_benchmark_a100_parallel_20260722_144854_shard01_cvIP_qaoa_first_feasible.csv,2026-07-22T23:22:26+0800,75045,neos8_ds_qaoa_R0003_R0004_R0065_0001,/home/zhenyusen/MIP-quantum/data/miplib_benders/qaoa_problems/nvars_09/neos8_ds_qaoa_R0003_R0004_R0065_0001.json,9,3,8,linear,134217728,0.00334290717728436,388.0031888389494,0.0,"[0, 0, 0, 0, 0, 0, 1, 1, 0]",116888.4765625,139416.4765625,/home/zhenyusen/MIP-quantum/benchmark_qaoa_feasible.py --worker-problem /home/zhenyusen/MIP-quantum/data/miplib_benders/qaoa_problems/nvars_09/neos8_ds_qaoa_R0003_R0004_R0065_0001.json --worker-result /tmp/qaoa_feasible_onvnejdb/result.json --p 1 --maxiter 5 --seed 42 --circuit-type multi_beta
qaoa_feasible_benchmark_a100_parallel_20260722_144854_shard01_cvIP_qaoa_first_feasible.csv,2026-07-23T00:21:59+0800,210223,neos8_ds_qaoa_R0003_R0004_R0065_0003,/home/zhenyusen/MIP-quantum/data/miplib_benders/qaoa_problems/nvars_09/neos8_ds_qaoa_R0003_R0004_R0065_0003.json,9,3,8,linear,134217728,0.0038200479466468096,410.89461940201,0.0,"[0, 0, 0, 0, 0, 0, 1, 1, 0]",116889.91015625,139417.91015625,/home/zhenyusen/MIP-quantum/benchmark_qaoa_feasible.py --worker-problem /home/zhenyusen/MIP-quantum/data/miplib_benders/qaoa_problems/nvars_09/neos8_ds_qaoa_R0003_R0004_R0065_0003.json --worker-result /tmp/qaoa_feasible_qw_y9wp2/result.json --p 1 --maxiter 5 --seed 42 --circuit-type multi_beta
qaoa_feasible_benchmark_a100_parallel_20260722_144854_shard01_cvIP_qaoa_first_feasible.csv,2026-07-23T01:25:44+0800,379837,neos8_ds_qaoa_R0003_R0004_R0065_0005,/home/zhenyusen/MIP-quantum/data/miplib_benders/qaoa_problems/nvars_09/neos8_ds_qaoa_R0003_R0004_R0065_0005.json,9,3,8,linear,134217728,0.0033947001211345196,475.8349321668502,0.0,"[0, 0, 0, 0, 0, 0, 1, 1, 0]",116889.7421875,139417.7421875,/home/zhenyusen/MIP-quantum/benchmark_qaoa_feasible.py --worker-problem /home/zhenyusen/MIP-quantum/data/miplib_benders/qaoa_problems/nvars_09/neos8_ds_qaoa_R0003_R0004_R0065_0005.json --worker-result /tmp/qaoa_feasible_b3inzg2g/result.json --p 1 --maxiter 5 --seed 42 --circuit-type multi_beta
qaoa_feasible_benchmark_a100_parallel_20260722_144854_shard01_cvIP_qaoa_first_feasible.csv,2026-07-23T02:40:16+0800,608630,supportcase6_ds_qaoa_c539_c722_c726_0006,/home/zhenyusen/MIP-quantum/data/miplib_benders/qaoa_problems/nvars_09/supportcase6_ds_qaoa_c539_c722_c726_0006.json,9,3,8,linear,134217728,0.009317654184997082,287.89341295999475,151847000.0,"[0, 0, 0, 0, 0, 1, 0, 0, 0]",116888.83203125,139416.83203125,/home/zhenyusen/MIP-quantum/benchmark_qaoa_feasible.py --worker-problem /home/zhenyusen/MIP-quantum/data/miplib_benders/qaoa_problems/nvars_09/supportcase6_ds_qaoa_c539_c722_c726_0006.json --worker-result /tmp/qaoa_feasible_r87ngm35/result.json --p 1 --maxiter 5 --seed 42 --circuit-type multi_beta
qaoa_feasible_benchmark_a100_parallel_20260722_144854_shard01_cvIP_qaoa_first_feasible.csv,2026-07-23T03:50:41+0800,824572,supportcase6_ds_qaoa_c722_c726_c733_0001,/home/zhenyusen/MIP-quantum/data/miplib_benders/qaoa_problems/nvars_09/supportcase6_ds_qaoa_c722_c726_c733_0001.json,9,3,8,linear,134217728,0.001476793084293604,336.52934418502264,134333000.0,"[0, 0, 0, 0, 0, 0, 0, 1, 0]",116889.7734375,139417.7734375,/home/zhenyusen/MIP-quantum/benchmark_qaoa_feasible.py --worker-problem /home/zhenyusen/MIP-quantum/data/miplib_benders/qaoa_problems/nvars_09/supportcase6_ds_qaoa_c722_c726_c733_0001.json --worker-result /tmp/qaoa_feasible_gwtq0qai/result.json --p 1 --maxiter 5 --seed 42 --circuit-type multi_beta
qaoa_feasible_benchmark_a100_parallel_20260722_144854_shard01_cvIP_qaoa_first_feasible.csv,2026-07-23T04:54:08+0800,984256,supportcase6_ds_qaoa_c722_c726_c733_0003,/home/zhenyusen/MIP-quantum/data/miplib_benders/qaoa_problems/nvars_09/supportcase6_ds_qaoa_c722_c726_c733_0003.json,9,3,8,linear,134217728,0.007916983915492892,201.37762800510973,134333000.0,"[0, 0, 0, 0, 0, 1, 0, 0, 0]",116876.33984375,139404.33984375,/home/zhenyusen/MIP-quantum/benchmark_qaoa_feasible.py --worker-problem /home/zhenyusen/MIP-quantum/data/miplib_benders/qaoa_problems/nvars_09/supportcase6_ds_qaoa_c722_c726_c733_0003.json --worker-result /tmp/qaoa_feasible_xeaixgsf/result.json --p 1 --maxiter 5 --seed 42 --circuit-type multi_beta
qaoa_feasible_benchmark_a100_parallel_20260722_144854_shard01_cvIP_qaoa_first_feasible.csv,2026-07-23T05:53:51+0800,1121437,supportcase6_ds_qaoa_c726_c733_c745_0002,/home/zhenyusen/MIP-quantum/data/miplib_benders/qaoa_problems/nvars_09/supportcase6_ds_qaoa_c726_c733_c745_0002.json,9,3,8,linear,134217728,0.0029736910946667194,352.76608653878793,134333000.0,"[0, 0, 0, 0, 0, 0, 1, 0, 0]",116886.87890625,139414.87890625,/home/zhenyusen/MIP-quantum/benchmark_qaoa_feasible.py --worker-problem /home/zhenyusen/MIP-quantum/data/miplib_benders/qaoa_problems/nvars_09/supportcase6_ds_qaoa_c726_c733_c745_0002.json --worker-result /tmp/qaoa_feasible_uttrmf08/result.json --p 1 --maxiter 5 --seed 42 --circuit-type multi_beta
qaoa_feasible_benchmark_a100_parallel_20260722_144854_shard01_cvIP_qaoa_first_feasible.csv,2026-07-23T06:48:20+0800,1253434,supportcase6_ds_qaoa_c726_c733_c745_0004,/home/zhenyusen/MIP-quantum/data/miplib_benders/qaoa_problems/nvars_09/supportcase6_ds_qaoa_c726_c733_c745_0004.json,9,3,8,linear,134217728,0.003507436951622367,355.3264732558746,296734000.0,"[0, 0, 0, 0, 0, 0, 1, 1, 0]",116891.8203125,139419.8203125,/home/zhenyusen/MIP-quantum/benchmark_qaoa_feasible.py --worker-problem /home/zhenyusen/MIP-quantum/data/miplib_benders/qaoa_problems/nvars_09/supportcase6_ds_qaoa_c726_c733_c745_0004.json --worker-result /tmp/qaoa_feasible_xlwcwdne/result.json --p 1 --maxiter 5 --seed 42 --circuit-type multi_beta
qaoa_feasible_benchmark_a100_parallel_20260722_144854_shard01_cvIP_qaoa_first_feasible.csv,2026-07-23T08:05:58+0800,1447215,supportcase6_ds_qaoa_c733_c745_c747_0002,/home/zhenyusen/MIP-quantum/data/miplib_benders/qaoa_problems/nvars_09/supportcase6_ds_qaoa_c733_c745_c747_0002.json,9,3,8,linear,134217728,0.0013830731622874737,414.51520803011954,144887000.0,"[0, 0, 0, 0, 0, 0, 0, 0, 1]",116890.2421875,139418.2421875,/home/zhenyusen/MIP-quantum/benchmark_qaoa_feasible.py --worker-problem /home/zhenyusen/MIP-quantum/data/miplib_benders/qaoa_problems/nvars_09/supportcase6_ds_qaoa_c733_c745_c747_0002.json --worker-result /tmp/qaoa_feasible_lsnqnlb4/result.json --p 1 --maxiter 5 --seed 42 --circuit-type multi_beta
qaoa_feasible_benchmark_a100_parallel_20260722_144854_shard01_cvIP_qaoa_first_feasible.csv,2026-07-23T09:06:57+0800,1581664,supportcase6_ds_qaoa_c733_c745_c747_0004,/home/zhenyusen/MIP-quantum/data/miplib_benders/qaoa_problems/nvars_09/supportcase6_ds_qaoa_c733_c745_c747_0004.json,9,3,8,linear,134217728,0.0033249990083277225,421.7374626789242,144887000.0,"[0, 0, 0, 0, 0, 0, 1, 0, 0]",116888.0625,139416.0625,/home/zhenyusen/MIP-quantum/benchmark_qaoa_feasible.py --worker-problem /home/zhenyusen/MIP-quantum/data/miplib_benders/qaoa_problems/nvars_09/supportcase6_ds_qaoa_c733_c745_c747_0004.json --worker-result /tmp/qaoa_feasible_4shnilp8/result.json --p 1 --maxiter 5 --seed 42 --circuit-type multi_beta
qaoa_feasible_benchmark_a100_parallel_20260722_144854_shard01_cvIP_qaoa_first_feasible.csv,2026-07-23T10:31:07+0800,1778951,supportcase6_ds_qaoa_c745_c747_c759_0002,/home/zhenyusen/MIP-quantum/data/miplib_benders/qaoa_problems/nvars_09/supportcase6_ds_qaoa_c745_c747_c759_0002.json,9,3,8,linear,134217728,0.008085871115326881,238.8411790030077,150892000.0,"[0, 0, 0, 0, 0, 1, 0, 0, 0]",116892.37890625,139420.37890625,/home/zhenyusen/MIP-quantum/benchmark_qaoa_feasible.py --worker-problem /home/zhenyusen/MIP-quantum/data/miplib_benders/qaoa_problems/nvars_09/supportcase6_ds_qaoa_c745_c747_c759_0002.json --worker-result /tmp/qaoa_feasible_auv61t3_/result.json --p 1 --maxiter 5 --seed 42 --circuit-type multi_beta
qaoa_feasible_benchmark_a100_parallel_20260722_144854_shard01_cvIP_qaoa_first_feasible.csv,2026-07-23T11:18:35+0800,1884409,supportcase6_ds_qaoa_c745_c747_c759_0005,/home/zhenyusen/MIP-quantum/data/miplib_benders/qaoa_problems/nvars_09/supportcase6_ds_qaoa_c745_c747_c759_0005.json,9,3,8,linear,134217728,0.0016847772058099508,407.2471586470492,150892000.0,"[0, 0, 0, 0, 0, 0, 0, 1, 0]",116891.77734375,139419.77734375,/home/zhenyusen/MIP-quantum/benchmark_qaoa_feasible.py --worker-problem /home/zhenyusen/MIP-quantum/data/miplib_benders/qaoa_problems/nvars_09/supportcase6_ds_qaoa_c745_c747_c759_0005.json --worker-result /tmp/qaoa_feasible_enm4wsjk/result.json --p 1 --maxiter 5 --seed 42 --circuit-type multi_beta
qaoa_feasible_benchmark_a100_parallel_20260722_144854_shard01_cvIP_qaoa_first_feasible.csv,2026-07-23T12:34:51+0800,2072059,supportcase6_ds_qaoa_c747_c759_c762_0001,/home/zhenyusen/MIP-quantum/data/miplib_benders/qaoa_problems/nvars_09/supportcase6_ds_qaoa_c747_c759_c762_0001.json,9,3,8,linear,134217728,0.013539979001507163,389.8356091468595,151847000.0,"[0, 0, 0, 0, 0, 1, 0, 0, 0]",116883.02734375,139411.02734375,/home/zhenyusen/MIP-quantum/benchmark_qaoa_feasible.py --worker-problem /home/zhenyusen/MIP-quantum/data/miplib_benders/qaoa_problems/nvars_09/supportcase6_ds_qaoa_c747_c759_c762_0001.json --worker-result /tmp/qaoa_feasible_neds6h_0/result.json --p 1 --maxiter 5 --seed 42 --circuit-type multi_beta
qaoa_feasible_benchmark_a100_parallel_20260722_144854_shard01_cvIP_qaoa_first_feasible.csv,2026-07-23T13:24:49+0800,2205749,supportcase6_ds_qaoa_c747_c759_c762_0004,/home/zhenyusen/MIP-quantum/data/miplib_benders/qaoa_problems/nvars_09/supportcase6_ds_qaoa_c747_c759_c762_0004.json,9,3,8,linear,134217728,0.0012050021905452013,289.2785680119414,151847000.0,"[0, 0, 0, 0, 0, 0, 0, 1, 0]",116882.7421875,139410.7421875,/home/zhenyusen/MIP-quantum/benchmark_qaoa_feasible.py --worker-problem /home/zhenyusen/MIP-quantum/data/miplib_benders/qaoa_problems/nvars_09/supportcase6_ds_qaoa_c747_c759_c762_0004.json --worker-result /tmp/qaoa_feasible_izs59g7f/result.json --p 1 --maxiter 5 --seed 42 --circuit-type multi_beta
