problem,path,nvars,nconstraints,N,candidate_state_space_size,solver,first_feasible_status,time_to_first_feasible_sec,first_feasible_objective,first_feasible_solution,optimal_status,time_to_optimal_sec,optimal_objective,optimal_solution,feasible_states,qaoa_optimized_objective,wall_sec,peak_memory_mb,error
assign1-5-8_ds_qaoa_R0002_0001,/home/zhenyusen/MIP-quantum/data/miplib_benders/qaoa_problems/nvars_04/assign1-5-8_ds_qaoa_R0002_0001.json,4,1,8,4096,qaoa,feasible,2.772474648198113,0.0,"{""C0033"": 0, ""C0038"": 0, ""C0053"": 0, ""row_slack_R0002"": 5}",optimal,2.772474648198113,5.0,"{""C0033"": 0, ""C0038"": 1, ""C0053"": 1, ""row_slack_R0002"": 0}",9,,4.250534823862836,152.0,
assign1-5-8_ds_qaoa_R0003_0001,/home/zhenyusen/MIP-quantum/data/miplib_benders/qaoa_problems/nvars_04/assign1-5-8_ds_qaoa_R0003_0001.json,4,1,8,4096,qaoa,feasible,2.5331662229727954,0.0,"{""C0029"": 0, ""C0034"": 0, ""C0039"": 0, ""row_slack_R0003"": 5}",optimal,2.5331662229727954,6.0,"{""C0029"": 0, ""C0034"": 0, ""C0039"": 2, ""row_slack_R0003"": 1}",7,,3.908446551999077,150.0,
assign1-5-8_ds_qaoa_R0007_0001,/home/zhenyusen/MIP-quantum/data/miplib_benders/qaoa_problems/nvars_04/assign1-5-8_ds_qaoa_R0007_0001.json,4,1,8,4096,qaoa,feasible,2.613626074977219,0.0,"{""C0033"": 0, ""C0038"": 0, ""C0053"": 0, ""row_slack_R0007"": 5}",optimal,2.613626074977219,5.0,"{""C0033"": 0, ""C0038"": 1, ""C0053"": 1, ""row_slack_R0007"": 0}",6,,4.012443182989955,150.0,
assign1-5-8_ds_qaoa_R0008_0001,/home/zhenyusen/MIP-quantum/data/miplib_benders/qaoa_problems/nvars_04/assign1-5-8_ds_qaoa_R0008_0001.json,4,1,8,4096,qaoa,feasible,2.684122703038156,0.0,"{""C0029"": 0, ""C0034"": 0, ""C0039"": 0, ""row_slack_R0008"": 5}",optimal,2.684122703038156,6.0,"{""C0029"": 0, ""C0034"": 0, ""C0039"": 2, ""row_slack_R0008"": 1}",7,,4.211328681092709,152.0,
assign1-5-8_ds_qaoa_R0013_0001,/home/zhenyusen/MIP-quantum/data/miplib_benders/qaoa_problems/nvars_04/assign1-5-8_ds_qaoa_R0013_0001.json,4,1,8,4096,qaoa,feasible,2.628121559973806,0.0,"{""C0029"": 0, ""C0034"": 0, ""C0039"": 0, ""row_slack_R0013"": 5}",optimal,2.628121559973806,4.0,"{""C0029"": 0, ""C0034"": 2, ""C0039"": 0, ""row_slack_R0013"": 1}",7,,4.073451118078083,150.0,
assign1-5-8_ds_qaoa_R0033_0001,/home/zhenyusen/MIP-quantum/data/miplib_benders/qaoa_problems/nvars_04/assign1-5-8_ds_qaoa_R0033_0001.json,4,1,8,4096,qaoa,feasible,2.495590680046007,0.0,"{""C0029"": 0, ""C0034"": 0, ""C0039"": 0, ""row_slack_R0033"": 5}",optimal,2.495590680046007,6.0,"{""C0029"": 0, ""C0034"": 0, ""C0039"": 2, ""row_slack_R0033"": 1}",9,,3.855280915973708,150.0,
assign1-5-8_ds_qaoa_R0037_0001,/home/zhenyusen/MIP-quantum/data/miplib_benders/qaoa_problems/nvars_04/assign1-5-8_ds_qaoa_R0037_0001.json,4,1,8,4096,qaoa,feasible,2.778805526904762,0.0,"{""C0033"": 0, ""C0038"": 0, ""C0053"": 0, ""row_slack_R0037"": 5}",optimal,2.778805526904762,5.0,"{""C0033"": 0, ""C0038"": 1, ""C0053"": 1, ""row_slack_R0037"": 0}",6,,4.513947986066341,150.0,
assign1-5-8_ds_qaoa_R0038_0001,/home/zhenyusen/MIP-quantum/data/miplib_benders/qaoa_problems/nvars_04/assign1-5-8_ds_qaoa_R0038_0001.json,4,1,8,4096,qaoa,feasible,2.4895300751086324,0.0,"{""C0029"": 0, ""C0034"": 0, ""C0039"": 0, ""row_slack_R0038"": 5}",optimal,2.4895300751086324,6.0,"{""C0029"": 0, ""C0034"": 0, ""C0039"": 2, ""row_slack_R0038"": 1}",7,,3.9226067198906094,152.0,
assign1-5-8_ds_qaoa_R0132_0001,/home/zhenyusen/MIP-quantum/data/miplib_benders/qaoa_problems/nvars_04/assign1-5-8_ds_qaoa_R0132_0001.json,4,1,8,4096,qaoa,feasible,2.7120611479040235,4.0,"{""C0033"": 0, ""C0034"": 0, ""C0035"": 0, ""C0036"": 1}",optimal,2.7120611479040235,4.0,"{""C0033"": 0, ""C0034"": 0, ""C0035"": 0, ""C0036"": 1}",4,,4.210643019992858,152.0,
ex10_ds_qaoa_NOD26_0001,/home/zhenyusen/MIP-quantum/data/miplib_benders/qaoa_problems/nvars_04/ex10_ds_qaoa_NOD26_0001.json,4,1,8,4096,qaoa,feasible,2.587156367022544,1.0,"{""b26_220"": 0, ""b26_222"": 0, ""b26_223"": 0, ""b26_230"": 1}",optimal,2.587156367022544,1.0,"{""b26_220"": 0, ""b26_222"": 0, ""b26_223"": 0, ""b26_230"": 1}",4,,3.9618224839214236,150.0,
ex10_ds_qaoa_NOD26_NOD2X2_0001,/home/zhenyusen/MIP-quantum/data/miplib_benders/qaoa_problems/nvars_04/ex10_ds_qaoa_NOD26_NOD2X2_0001.json,4,2,8,4096,qaoa,feasible,2.2416226267814636,1.0,"{""b26_220"": 0, ""b26_222"": 0, ""b26_223"": 1, ""b26_230"": 0}",optimal,2.2416226267814636,1.0,"{""b26_220"": 0, ""b26_222"": 0, ""b26_223"": 1, ""b26_230"": 0}",3,,3.5559748189989477,152.0,
ex9_ds_qaoa_NOD2X5_NOD37_0008,/home/zhenyusen/MIP-quantum/data/miplib_benders/qaoa_problems/nvars_04/ex9_ds_qaoa_NOD2X5_NOD37_0008.json,4,2,8,4096,qaoa,feasible,2.567882910836488,1.0,"{""b37_243"": 0, ""b37_250"": 0, ""b37_251"": 0, ""b37_252"": 1}",optimal,2.567882910836488,1.0,"{""b37_243"": 0, ""b37_250"": 0, ""b37_251"": 0, ""b37_252"": 1}",3,,4.056154818972573,150.0,
ex9_ds_qaoa_NOD2X5_NOD37_0010,/home/zhenyusen/MIP-quantum/data/miplib_benders/qaoa_problems/nvars_04/ex9_ds_qaoa_NOD2X5_NOD37_0010.json,4,2,8,4096,qaoa,feasible,2.5333936370443553,1.0,"{""b37_251"": 0, ""b37_252"": 0, ""b37_253"": 1, ""b37_260"": 0}",optimal,2.5333936370443553,1.0,"{""b37_251"": 0, ""b37_252"": 0, ""b37_253"": 1, ""b37_260"": 0}",3,,3.8925388669595122,150.0,
irp_ds_qaoa_R0002_0001,/home/zhenyusen/MIP-quantum/data/miplib_benders/qaoa_problems/nvars_04/irp_ds_qaoa_R0002_0001.json,4,1,8,4096,qaoa,feasible,2.634752597892657,5861240000.0,"{""C16904"": 0, ""C16905"": 0, ""C16906"": 0, ""C16908"": 1}",optimal,2.634752597892657,6154830000.0,"{""C16904"": 1, ""C16905"": 0, ""C16906"": 0, ""C16908"": 0}",4,,4.103828319115564,152.0,
irp_ds_qaoa_R0002_0002,/home/zhenyusen/MIP-quantum/data/miplib_benders/qaoa_problems/nvars_04/irp_ds_qaoa_R0002_0002.json,4,1,8,4096,qaoa,feasible,2.6417033711913973,6049200000.0,"{""C16905"": 0, ""C16906"": 0, ""C16908"": 0, ""C16909"": 1}",optimal,2.6417033711913973,6049200000.0,"{""C16905"": 0, ""C16906"": 0, ""C16908"": 0, ""C16909"": 1}",4,,4.080508021870628,152.0,
irp_ds_qaoa_R0002_0003,/home/zhenyusen/MIP-quantum/data/miplib_benders/qaoa_problems/nvars_04/irp_ds_qaoa_R0002_0003.json,4,1,8,4096,qaoa,feasible,2.723173881880939,5946950000.0,"{""C16906"": 0, ""C16908"": 0, ""C16909"": 0, ""C16910"": 1}",optimal,2.723173881880939,6049200000.0,"{""C16906"": 0, ""C16908"": 0, ""C16909"": 1, ""C16910"": 0}",4,,4.167943835956976,152.0,
irp_ds_qaoa_R0002_0004,/home/zhenyusen/MIP-quantum/data/miplib_benders/qaoa_problems/nvars_04/irp_ds_qaoa_R0002_0004.json,4,1,8,4096,qaoa,feasible,2.8306480448227376,6340890000.0,"{""C16908"": 0, ""C16909"": 0, ""C16910"": 0, ""C16911"": 1}",optimal,2.8306480448227376,6340890000.0,"{""C16908"": 0, ""C16909"": 0, ""C16910"": 0, ""C16911"": 1}",4,,4.210644156904891,152.0,
irp_ds_qaoa_R0002_0005,/home/zhenyusen/MIP-quantum/data/miplib_benders/qaoa_problems/nvars_04/irp_ds_qaoa_R0002_0005.json,4,1,8,4096,qaoa,feasible,2.6678128968924284,5861380000.0,"{""C16909"": 0, ""C16910"": 0, ""C16911"": 0, ""C16912"": 1}",optimal,2.6678128968924284,6340890000.0,"{""C16909"": 0, ""C16910"": 0, ""C16911"": 1, ""C16912"": 0}",4,,4.182181808864698,152.0,
irp_ds_qaoa_R0002_0006,/home/zhenyusen/MIP-quantum/data/miplib_benders/qaoa_problems/nvars_04/irp_ds_qaoa_R0002_0006.json,4,1,8,4096,qaoa,feasible,2.819371799007058,5813350000.0,"{""C16910"": 0, ""C16911"": 0, ""C16912"": 0, ""C16913"": 1}",optimal,2.819371799007058,6340890000.0,"{""C16910"": 0, ""C16911"": 1, ""C16912"": 0, ""C16913"": 0}",4,,4.230138673214242,152.0,
irp_ds_qaoa_R0002_0007,/home/zhenyusen/MIP-quantum/data/miplib_benders/qaoa_problems/nvars_04/irp_ds_qaoa_R0002_0007.json,4,1,8,4096,qaoa,feasible,2.4931594650261104,5989160000.0,"{""C16911"": 0, ""C16912"": 0, ""C16913"": 0, ""C16915"": 1}",optimal,2.4931594650261104,6340890000.0,"{""C16911"": 1, ""C16912"": 0, ""C16913"": 0, ""C16915"": 0}",4,,3.9410438060294837,150.0,
irp_ds_qaoa_R0002_0008,/home/zhenyusen/MIP-quantum/data/miplib_benders/qaoa_problems/nvars_04/irp_ds_qaoa_R0002_0008.json,4,1,8,4096,qaoa,feasible,2.5425770699512213,5886900000.0,"{""C16912"": 0, ""C16913"": 0, ""C16915"": 0, ""C16916"": 1}",optimal,2.5425770699512213,5989160000.0,"{""C16912"": 0, ""C16913"": 0, ""C16915"": 1, ""C16916"": 0}",4,,3.9306180279236287,150.0,
irp_ds_qaoa_R0002_0009,/home/zhenyusen/MIP-quantum/data/miplib_benders/qaoa_problems/nvars_04/irp_ds_qaoa_R0002_0009.json,4,1,8,4096,qaoa,feasible,2.597972769057378,6280850000.0,"{""C16913"": 0, ""C16915"": 0, ""C16916"": 0, ""C16917"": 1}",optimal,2.597972769057378,6280850000.0,"{""C16913"": 0, ""C16915"": 0, ""C16916"": 0, ""C16917"": 1}",4,,4.104140718001872,152.0,
irp_ds_qaoa_R0002_0010,/home/zhenyusen/MIP-quantum/data/miplib_benders/qaoa_problems/nvars_04/irp_ds_qaoa_R0002_0010.json,4,1,8,4096,qaoa,feasible,2.445813654921949,5801330000.0,"{""C16915"": 0, ""C16916"": 0, ""C16917"": 0, ""C16918"": 1}",optimal,2.445813654921949,6280850000.0,"{""C16915"": 0, ""C16916"": 0, ""C16917"": 1, ""C16918"": 0}",4,,3.8958753859624267,152.0,
irp_ds_qaoa_R0002_0011,/home/zhenyusen/MIP-quantum/data/miplib_benders/qaoa_problems/nvars_04/irp_ds_qaoa_R0002_0011.json,4,1,8,4096,qaoa,feasible,2.658106083981693,5753300000.0,"{""C16916"": 0, ""C16917"": 0, ""C16918"": 0, ""C16919"": 1}",optimal,2.658106083981693,6280850000.0,"{""C16916"": 0, ""C16917"": 1, ""C16918"": 0, ""C16919"": 0}",4,,4.1620867610909045,150.0,
irp_ds_qaoa_R0010_R0015_0001,/home/zhenyusen/MIP-quantum/data/miplib_benders/qaoa_problems/nvars_04/irp_ds_qaoa_R0010_R0015_0001.json,4,2,8,4096,qaoa,feasible,2.559700467158109,5627280000.0,"{""C16904"": 0, ""C16905"": 0, ""C16906"": 1, ""C16908"": 0}",optimal,2.559700467158109,6154830000.0,"{""C16904"": 1, ""C16905"": 0, ""C16906"": 0, ""C16908"": 0}",3,,3.9449927599634975,152.0,
irp_ds_qaoa_R0026_0001,/home/zhenyusen/MIP-quantum/data/miplib_benders/qaoa_problems/nvars_04/irp_ds_qaoa_R0026_0001.json,4,1,8,4096,qaoa,feasible,2.500610643066466,6280850000.0,"{""C16908"": 0, ""C16915"": 0, ""C16916"": 0, ""C16917"": 1}",optimal,2.500610643066466,6280850000.0,"{""C16908"": 0, ""C16915"": 0, ""C16916"": 0, ""C16917"": 1}",4,,3.941623729886487,152.0,
leo1_ds_qaoa_R0000002_0001,/home/zhenyusen/MIP-quantum/data/miplib_benders/qaoa_problems/nvars_04/leo1_ds_qaoa_R0000002_0001.json,4,1,8,4096,qaoa,feasible,2.416099989088252,3.0,"{""C0003537"": 0, ""C0003538"": 0, ""C0003539"": 1, ""row_slack_R0000002"": 0}",optimal,2.416099989088252,6.0,"{""C0003537"": 0, ""C0003538"": 0, ""C0003539"": 2, ""row_slack_R0000002"": 4}",9,,3.8463438109029084,152.0,
leo1_ds_qaoa_R0000004_0001,/home/zhenyusen/MIP-quantum/data/miplib_benders/qaoa_problems/nvars_04/leo1_ds_qaoa_R0000004_0001.json,4,1,8,4096,qaoa,feasible,2.6115318890661,6.0,"{""C0003537"": 0, ""C0003538"": 0, ""C0003539"": 2, ""row_slack_R0000004"": 5}",optimal,2.6115318890661,6.0,"{""C0003537"": 0, ""C0003538"": 0, ""C0003539"": 2, ""row_slack_R0000004"": 5}",6,,4.072135542985052,150.0,
leo1_ds_qaoa_R0000004_0002,/home/zhenyusen/MIP-quantum/data/miplib_benders/qaoa_problems/nvars_04/leo1_ds_qaoa_R0000004_0002.json,4,1,8,4096,qaoa,feasible,2.697379251010716,6.0,"{""C0003538"": 0, ""C0003539"": 0, ""C0003540"": 2, ""row_slack_R0000004"": 7}",optimal,2.697379251010716,6.0,"{""C0003538"": 0, ""C0003539"": 0, ""C0003540"": 2, ""row_slack_R0000004"": 7}",6,,4.253342428943142,148.0,
leo1_ds_qaoa_R0000004_0003,/home/zhenyusen/MIP-quantum/data/miplib_benders/qaoa_problems/nvars_04/leo1_ds_qaoa_R0000004_0003.json,4,1,8,4096,qaoa,feasible,2.9865730481687933,4.0,"{""C0003539"": 0, ""C0003540"": 2, ""C0003541"": 0, ""row_slack_R0000004"": 7}",optimal,2.9865730481687933,4.0,"{""C0003539"": 0, ""C0003540"": 2, ""C0003541"": 0, ""row_slack_R0000004"": 7}",4,,4.5789921709802,152.0,
leo1_ds_qaoa_R0000004_0004,/home/zhenyusen/MIP-quantum/data/miplib_benders/qaoa_problems/nvars_04/leo1_ds_qaoa_R0000004_0004.json,4,1,8,4096,qaoa,feasible,2.900266607059166,15.0,"{""C0003540"": 0, ""C0003541"": 0, ""C0003572"": 5, ""row_slack_R0000004"": 0}",optimal,2.900266607059166,21.0,"{""C0003540"": 0, ""C0003541"": 0, ""C0003572"": 7, ""row_slack_R0000004"": 6}",9,,4.5465393958147615,152.0,
leo1_ds_qaoa_R0000004_0009,/home/zhenyusen/MIP-quantum/data/miplib_benders/qaoa_problems/nvars_04/leo1_ds_qaoa_R0000004_0009.json,4,1,8,4096,qaoa,feasible,2.854565669083968,6.0,"{""C0003575"": 0, ""C0003576"": 0, ""C0003577"": 2, ""row_slack_R0000004"": 3}",optimal,2.854565669083968,6.0,"{""C0003575"": 0, ""C0003576"": 0, ""C0003577"": 2, ""row_slack_R0000004"": 3}",7,,4.677971151890233,150.0,
leo2_ds_qaoa_R0000004_0004,/home/zhenyusen/MIP-quantum/data/miplib_benders/qaoa_problems/nvars_04/leo2_ds_qaoa_R0000004_0004.json,4,1,8,4096,qaoa,feasible,3.1600750701036304,9.0,"{""C0005734"": 0, ""C0005735"": 0, ""C0005736"": 3, ""row_slack_R0000004"": 3}",optimal,3.1600750701036304,9.0,"{""C0005734"": 0, ""C0005735"": 0, ""C0005736"": 3, ""row_slack_R0000004"": 3}",4,,4.860306723974645,150.0,
leo2_ds_qaoa_R0000004_0005,/home/zhenyusen/MIP-quantum/data/miplib_benders/qaoa_problems/nvars_04/leo2_ds_qaoa_R0000004_0005.json,4,1,8,4096,qaoa,feasible,2.7295364500023425,6.0,"{""C0005735"": 0, ""C0005736"": 0, ""C0005737"": 2, ""row_slack_R0000004"": 1}",optimal,2.7295364500023425,8.0,"{""C0005735"": 0, ""C0005736"": 1, ""C0005737"": 2, ""row_slack_R0000004"": 7}",6,,4.42523646610789,152.0,
leo2_ds_qaoa_R0000004_0006,/home/zhenyusen/MIP-quantum/data/miplib_benders/qaoa_problems/nvars_04/leo2_ds_qaoa_R0000004_0006.json,4,1,8,4096,qaoa,feasible,3.038947152905166,5.0,"{""C0005736"": 0, ""C0005737"": 1, ""C0005738"": 1, ""row_slack_R0000004"": 5}",optimal,3.038947152905166,5.0,"{""C0005736"": 0, ""C0005737"": 1, ""C0005738"": 1, ""row_slack_R0000004"": 5}",6,,4.865954058011994,150.0,
leo2_ds_qaoa_R0000004_0007,/home/zhenyusen/MIP-quantum/data/miplib_benders/qaoa_problems/nvars_04/leo2_ds_qaoa_R0000004_0007.json,4,1,8,4096,qaoa,feasible,2.9775808139238507,4.0,"{""C0005737"": 1, ""C0005738"": 0, ""C0005739"": 1, ""row_slack_R0000004"": 7}",optimal,2.9775808139238507,4.0,"{""C0005737"": 1, ""C0005738"": 0, ""C0005739"": 1, ""row_slack_R0000004"": 7}",3,,4.765918113058433,150.0,
leo2_ds_qaoa_R0000004_0009,/home/zhenyusen/MIP-quantum/data/miplib_benders/qaoa_problems/nvars_04/leo2_ds_qaoa_R0000004_0009.json,4,1,8,4096,qaoa,feasible,3.249246629886329,15.0,"{""C0005739"": 0, ""C0005740"": 0, ""C0005788"": 5, ""row_slack_R0000004"": 0}",optimal,3.249246629886329,21.0,"{""C0005739"": 0, ""C0005740"": 0, ""C0005788"": 7, ""row_slack_R0000004"": 6}",8,,5.075209312140942,148.0,
neos-1456979_ds_qaoa_R0007_0001,/home/zhenyusen/MIP-quantum/data/miplib_benders/qaoa_problems/nvars_04/neos-1456979_ds_qaoa_R0007_0001.json,4,1,8,4096,qaoa,feasible,3.262847103876993,6.0,"{""C0186"": 0, ""C0187"": 0, ""C0188"": 0, ""C0189"": 1}",optimal,3.262847103876993,6.0,"{""C0186"": 0, ""C0187"": 0, ""C0188"": 0, ""C0189"": 1}",4,,4.9442361099645495,150.0,
neos-1456979_ds_qaoa_R0008_0001,/home/zhenyusen/MIP-quantum/data/miplib_benders/qaoa_problems/nvars_04/neos-1456979_ds_qaoa_R0008_0001.json,4,1,8,4096,qaoa,feasible,2.6987716800067574,4.0,"{""C0191"": 0, ""C0192"": 0, ""C0193"": 0, ""C0194"": 1}",optimal,2.6987716800067574,4.0,"{""C0191"": 0, ""C0192"": 0, ""C0193"": 0, ""C0194"": 1}",4,,4.138376176124439,150.0,
neos-2746589-doon_ds_qaoa_R0001_0001,/home/zhenyusen/MIP-quantum/data/miplib_benders/qaoa_problems/nvars_04/neos-2746589-doon_ds_qaoa_R0001_0001.json,4,1,8,4096,qaoa,feasible,2.5977164150681347,29.0,"{""C0013"": 0, ""C0014"": 0, ""C0015"": 0, ""C0016"": 1}",optimal,2.5977164150681347,29.0,"{""C0013"": 0, ""C0014"": 0, ""C0015"": 0, ""C0016"": 1}",4,,4.03201517299749,152.0,
neos-2746589-doon_ds_qaoa_R0002_0001,/home/zhenyusen/MIP-quantum/data/miplib_benders/qaoa_problems/nvars_04/neos-2746589-doon_ds_qaoa_R0002_0001.json,4,1,8,4096,qaoa,feasible,2.6911356430500746,209.0,"{""C0019"": 0, ""C0020"": 0, ""C0021"": 0, ""C0022"": 1}",optimal,2.6911356430500746,209.0,"{""C0019"": 0, ""C0020"": 0, ""C0021"": 0, ""C0022"": 1}",4,,4.13160311197862,150.0,
neos-4300652-rahue_ds_qaoa_R14653_0002,/home/zhenyusen/MIP-quantum/data/miplib_benders/qaoa_problems/nvars_04/neos-4300652-rahue_ds_qaoa_R14653_0002.json,4,1,8,4096,qaoa,feasible,2.7150807878933847,25.0,"{""C12150"": 7, ""C12152"": 0, ""C12153"": 6, ""row_slack_R14653"": 7}",optimal,2.7150807878933847,30.0,"{""C12150"": 7, ""C12152"": 1, ""C12153"": 7, ""row_slack_R14653"": 7}",3,,4.06758723501116,148.0,
neos-4647030-tutaki_ds_qaoa_R7864_0001,/home/zhenyusen/MIP-quantum/data/miplib_benders/qaoa_problems/nvars_04/neos-4647030-tutaki_ds_qaoa_R7864_0001.json,4,1,8,4096,qaoa,feasible,2.534493866143748,0.0,"{""C10006"": 0, ""C10007"": 0, ""C10008"": 0, ""row_slack_R7864"": 1}",optimal,2.534493866143748,3.0,"{""C10006"": 0, ""C10007"": 0, ""C10008"": 1, ""row_slack_R7864"": 0}",4,,4.025089285103604,152.0,
neos8_ds_qaoa_R0001_0001,/home/zhenyusen/MIP-quantum/data/miplib_benders/qaoa_problems/nvars_04/neos8_ds_qaoa_R0001_0001.json,4,1,8,4096,qaoa,feasible,2.7410613109823316,0.0,"{""C0001"": 0, ""C0002"": 0, ""C0005"": 0, ""row_slack_R0001"": 1}",optimal,2.7410613109823316,0.0,"{""C0001"": 0, ""C0002"": 0, ""C0005"": 0, ""row_slack_R0001"": 1}",4,,4.1314140148460865,152.0,
neos8_ds_qaoa_R0001_0002,/home/zhenyusen/MIP-quantum/data/miplib_benders/qaoa_problems/nvars_04/neos8_ds_qaoa_R0001_0002.json,4,1,8,4096,qaoa,feasible,2.589982812991366,0.0,"{""C0002"": 0, ""C0005"": 0, ""C0006"": 0, ""row_slack_R0001"": 1}",optimal,2.589982812991366,0.0,"{""C0002"": 0, ""C0005"": 0, ""C0006"": 0, ""row_slack_R0001"": 1}",4,,4.015703205950558,150.0,
neos8_ds_qaoa_R0001_0003,/home/zhenyusen/MIP-quantum/data/miplib_benders/qaoa_problems/nvars_04/neos8_ds_qaoa_R0001_0003.json,4,1,8,4096,qaoa,feasible,2.6462133161257952,0.0,"{""C0005"": 0, ""C0006"": 0, ""C0009"": 0, ""row_slack_R0001"": 1}",optimal,2.6462133161257952,0.0,"{""C0005"": 0, ""C0006"": 0, ""C0009"": 0, ""row_slack_R0001"": 1}",4,,4.01586664095521,150.0,
neos8_ds_qaoa_R0001_0004,/home/zhenyusen/MIP-quantum/data/miplib_benders/qaoa_problems/nvars_04/neos8_ds_qaoa_R0001_0004.json,4,1,8,4096,qaoa,feasible,2.8129978601355106,0.0,"{""C0006"": 0, ""C0009"": 0, ""C0017"": 0, ""row_slack_R0001"": 1}",optimal,2.8129978601355106,0.0,"{""C0006"": 0, ""C0009"": 0, ""C0017"": 0, ""row_slack_R0001"": 1}",4,,4.319462151965126,152.0,
neos8_ds_qaoa_R0001_0005,/home/zhenyusen/MIP-quantum/data/miplib_benders/qaoa_problems/nvars_04/neos8_ds_qaoa_R0001_0005.json,4,1,8,4096,qaoa,feasible,2.70774071989581,0.0,"{""C0009"": 0, ""C0017"": 0, ""C0018"": 0, ""row_slack_R0001"": 1}",optimal,2.70774071989581,0.0,"{""C0009"": 0, ""C0017"": 0, ""C0018"": 0, ""row_slack_R0001"": 1}",4,,4.116309199016541,152.0,
neos8_ds_qaoa_R0001_0006,/home/zhenyusen/MIP-quantum/data/miplib_benders/qaoa_problems/nvars_04/neos8_ds_qaoa_R0001_0006.json,4,1,8,4096,qaoa,feasible,2.5833383628632873,0.0,"{""C0017"": 0, ""C0018"": 0, ""C0022"": 0, ""row_slack_R0001"": 1}",optimal,2.5833383628632873,0.0,"{""C0017"": 0, ""C0018"": 0, ""C0022"": 0, ""row_slack_R0001"": 1}",4,,4.024899567943066,152.0,
neos8_ds_qaoa_R0001_0007,/home/zhenyusen/MIP-quantum/data/miplib_benders/qaoa_problems/nvars_04/neos8_ds_qaoa_R0001_0007.json,4,1,8,4096,qaoa,feasible,2.7990311519242823,0.0,"{""C0018"": 0, ""C0022"": 0, ""C0025"": 0, ""row_slack_R0001"": 1}",optimal,2.7990311519242823,0.0,"{""C0018"": 0, ""C0022"": 0, ""C0025"": 0, ""row_slack_R0001"": 1}",4,,4.240899411030114,152.0,
neos8_ds_qaoa_R0001_0008,/home/zhenyusen/MIP-quantum/data/miplib_benders/qaoa_problems/nvars_04/neos8_ds_qaoa_R0001_0008.json,4,1,8,4096,qaoa,feasible,2.8234001791570336,0.0,"{""C0022"": 0, ""C0025"": 0, ""C0026"": 0, ""row_slack_R0001"": 1}",optimal,2.8234001791570336,0.0,"{""C0022"": 0, ""C0025"": 0, ""C0026"": 0, ""row_slack_R0001"": 1}",4,,4.366015191189945,152.0,
neos8_ds_qaoa_R0002_0003,/home/zhenyusen/MIP-quantum/data/miplib_benders/qaoa_problems/nvars_04/neos8_ds_qaoa_R0002_0003.json,4,1,8,4096,qaoa,feasible,2.649506245041266,0.0,"{""C0005"": 0, ""C0006"": 0, ""C0013"": 0, ""row_slack_R0002"": 1}",optimal,2.649506245041266,0.0,"{""C0005"": 0, ""C0006"": 0, ""C0013"": 0, ""row_slack_R0002"": 1}",4,,3.9821923640556633,150.0,
neos8_ds_qaoa_R0002_0004,/home/zhenyusen/MIP-quantum/data/miplib_benders/qaoa_problems/nvars_04/neos8_ds_qaoa_R0002_0004.json,4,1,8,4096,qaoa,feasible,2.6048310920596123,0.0,"{""C0006"": 0, ""C0013"": 0, ""C0014"": 0, ""row_slack_R0002"": 1}",optimal,2.6048310920596123,0.0,"{""C0006"": 0, ""C0013"": 0, ""C0014"": 0, ""row_slack_R0002"": 1}",4,,3.9780569949653,150.0,
neos8_ds_qaoa_R0002_0005,/home/zhenyusen/MIP-quantum/data/miplib_benders/qaoa_problems/nvars_04/neos8_ds_qaoa_R0002_0005.json,4,1,8,4096,qaoa,feasible,2.561691042035818,0.0,"{""C0013"": 0, ""C0014"": 0, ""C0017"": 0, ""row_slack_R0002"": 1}",optimal,2.561691042035818,0.0,"{""C0013"": 0, ""C0014"": 0, ""C0017"": 0, ""row_slack_R0002"": 1}",4,,3.9642643239349127,152.0,
neos8_ds_qaoa_R0002_0006,/home/zhenyusen/MIP-quantum/data/miplib_benders/qaoa_problems/nvars_04/neos8_ds_qaoa_R0002_0006.json,4,1,8,4096,qaoa,feasible,2.724141779122874,0.0,"{""C0014"": 0, ""C0017"": 0, ""C0018"": 0, ""row_slack_R0002"": 1}",optimal,2.724141779122874,0.0,"{""C0014"": 0, ""C0017"": 0, ""C0018"": 0, ""row_slack_R0002"": 1}",4,,4.081700925948098,152.0,
neos8_ds_qaoa_R0002_0007,/home/zhenyusen/MIP-quantum/data/miplib_benders/qaoa_problems/nvars_04/neos8_ds_qaoa_R0002_0007.json,4,1,8,4096,qaoa,feasible,2.750164777971804,0.0,"{""C0017"": 0, ""C0018"": 0, ""C0023"": 0, ""row_slack_R0002"": 1}",optimal,2.750164777971804,0.0,"{""C0017"": 0, ""C0018"": 0, ""C0023"": 0, ""row_slack_R0002"": 1}",4,,4.147824703948572,150.0,
neos8_ds_qaoa_R0002_0008,/home/zhenyusen/MIP-quantum/data/miplib_benders/qaoa_problems/nvars_04/neos8_ds_qaoa_R0002_0008.json,4,1,8,4096,qaoa,feasible,2.6662627570331097,0.0,"{""C0018"": 0, ""C0023"": 0, ""C0024"": 0, ""row_slack_R0002"": 1}",optimal,2.6662627570331097,0.0,"{""C0018"": 0, ""C0023"": 0, ""C0024"": 0, ""row_slack_R0002"": 1}",4,,4.0509287640452385,152.0,
neos8_ds_qaoa_R0003_0001,/home/zhenyusen/MIP-quantum/data/miplib_benders/qaoa_problems/nvars_04/neos8_ds_qaoa_R0003_0001.json,4,1,8,4096,qaoa,feasible,2.632794109173119,0.0,"{""C0001"": 0, ""C0002"": 0, ""C0009"": 0, ""row_slack_R0003"": 1}",optimal,2.632794109173119,0.0,"{""C0001"": 0, ""C0002"": 0, ""C0009"": 0, ""row_slack_R0003"": 1}",4,,4.00651861098595,150.0,
neos8_ds_qaoa_R0003_0002,/home/zhenyusen/MIP-quantum/data/miplib_benders/qaoa_problems/nvars_04/neos8_ds_qaoa_R0003_0002.json,4,1,8,4096,qaoa,feasible,2.6141594140790403,0.0,"{""C0002"": 0, ""C0009"": 0, ""C0013"": 0, ""row_slack_R0003"": 1}",optimal,2.6141594140790403,0.0,"{""C0002"": 0, ""C0009"": 0, ""C0013"": 0, ""row_slack_R0003"": 1}",4,,4.114618325838819,150.0,
neos8_ds_qaoa_R0003_0003,/home/zhenyusen/MIP-quantum/data/miplib_benders/qaoa_problems/nvars_04/neos8_ds_qaoa_R0003_0003.json,4,1,8,4096,qaoa,feasible,2.6587749631144106,0.0,"{""C0009"": 0, ""C0013"": 0, ""C0014"": 0, ""row_slack_R0003"": 1}",optimal,2.6587749631144106,0.0,"{""C0009"": 0, ""C0013"": 0, ""C0014"": 0, ""row_slack_R0003"": 1}",4,,4.072403144091368,152.0,
neos8_ds_qaoa_R0003_0004,/home/zhenyusen/MIP-quantum/data/miplib_benders/qaoa_problems/nvars_04/neos8_ds_qaoa_R0003_0004.json,4,1,8,4096,qaoa,feasible,2.5697180330753326,0.0,"{""C0013"": 0, ""C0014"": 0, ""C0022"": 0, ""row_slack_R0003"": 1}",optimal,2.5697180330753326,0.0,"{""C0013"": 0, ""C0014"": 0, ""C0022"": 0, ""row_slack_R0003"": 1}",4,,4.020431801909581,152.0,
neos8_ds_qaoa_R0004_0002,/home/zhenyusen/MIP-quantum/data/miplib_benders/qaoa_problems/nvars_04/neos8_ds_qaoa_R0004_0002.json,4,1,8,4096,qaoa,feasible,2.72802123404108,0.0,"{""C0006"": 0, ""C0009"": 0, ""C0013"": 0, ""row_slack_R0004"": 1}",optimal,2.72802123404108,0.0,"{""C0006"": 0, ""C0009"": 0, ""C0013"": 0, ""row_slack_R0004"": 1}",4,,4.1851233770139515,152.0,
neos8_ds_qaoa_R0004_0005,/home/zhenyusen/MIP-quantum/data/miplib_benders/qaoa_problems/nvars_04/neos8_ds_qaoa_R0004_0005.json,4,1,8,4096,qaoa,feasible,2.749819742050022,0.0,"{""C0014"": 0, ""C0023"": 0, ""C0024"": 0, ""row_slack_R0004"": 1}",optimal,2.749819742050022,0.0,"{""C0014"": 0, ""C0023"": 0, ""C0024"": 0, ""row_slack_R0004"": 1}",4,,4.264869915088639,152.0,
neos8_ds_qaoa_R0004_0006,/home/zhenyusen/MIP-quantum/data/miplib_benders/qaoa_problems/nvars_04/neos8_ds_qaoa_R0004_0006.json,4,1,8,4096,qaoa,feasible,2.7686591430101544,0.0,"{""C0023"": 0, ""C0024"": 0, ""C0025"": 0, ""row_slack_R0004"": 1}",optimal,2.7686591430101544,0.0,"{""C0023"": 0, ""C0024"": 0, ""C0025"": 0, ""row_slack_R0004"": 1}",4,,4.240587103879079,152.0,
neos8_ds_qaoa_R0004_0007,/home/zhenyusen/MIP-quantum/data/miplib_benders/qaoa_problems/nvars_04/neos8_ds_qaoa_R0004_0007.json,4,1,8,4096,qaoa,feasible,2.5926805960480124,0.0,"{""C0024"": 0, ""C0025"": 0, ""C0026"": 0, ""row_slack_R0004"": 1}",optimal,2.5926805960480124,0.0,"{""C0024"": 0, ""C0025"": 0, ""C0026"": 0, ""row_slack_R0004"": 1}",4,,4.04374640295282,152.0,
ns1830653_ds_qaoa_R0880_0001,/home/zhenyusen/MIP-quantum/data/miplib_benders/qaoa_problems/nvars_04/ns1830653_ds_qaoa_R0880_0001.json,4,1,8,4096,qaoa,feasible,2.666609643958509,121.0,"{""C0234"": 0, ""C0252"": 0, ""C0270"": 0, ""C0288"": 1}",optimal,2.666609643958509,145.0,"{""C0234"": 1, ""C0252"": 0, ""C0270"": 0, ""C0288"": 0}",4,,4.100163465831429,152.0,
ns1830653_ds_qaoa_R0880_0002,/home/zhenyusen/MIP-quantum/data/miplib_benders/qaoa_problems/nvars_04/ns1830653_ds_qaoa_R0880_0002.json,4,1,8,4096,qaoa,feasible,2.550282197073102,224.0,"{""C0252"": 0, ""C0270"": 0, ""C0288"": 0, ""C0306"": 1}",optimal,2.550282197073102,224.0,"{""C0252"": 0, ""C0270"": 0, ""C0288"": 0, ""C0306"": 1}",4,,3.8971294569782913,150.0,
ns1830653_ds_qaoa_R0880_0003,/home/zhenyusen/MIP-quantum/data/miplib_benders/qaoa_problems/nvars_04/ns1830653_ds_qaoa_R0880_0003.json,4,1,8,4096,qaoa,feasible,2.6511109131388366,127.0,"{""C0270"": 0, ""C0288"": 0, ""C0306"": 0, ""C0504"": 1}",optimal,2.6511109131388366,224.0,"{""C0270"": 0, ""C0288"": 0, ""C0306"": 1, ""C0504"": 0}",4,,4.027682370971888,150.0,
ns1830653_ds_qaoa_R0898_0001,/home/zhenyusen/MIP-quantum/data/miplib_benders/qaoa_problems/nvars_04/ns1830653_ds_qaoa_R0898_0001.json,4,1,8,4096,qaoa,feasible,2.597575395135209,129.0,"{""C0360"": 0, ""C0378"": 0, ""C0396"": 0, ""C0414"": 1}",optimal,2.597575395135209,221.0,"{""C0360"": 0, ""C0378"": 0, ""C0396"": 1, ""C0414"": 0}",4,,4.0836386270821095,152.0,
ns1830653_ds_qaoa_R0898_0002,/home/zhenyusen/MIP-quantum/data/miplib_benders/qaoa_problems/nvars_04/ns1830653_ds_qaoa_R0898_0002.json,4,1,8,4096,qaoa,feasible,2.7107369781006128,148.0,"{""C0378"": 0, ""C0396"": 0, ""C0414"": 0, ""C0432"": 1}",optimal,2.7107369781006128,221.0,"{""C0378"": 0, ""C0396"": 1, ""C0414"": 0, ""C0432"": 0}",4,,4.219010703032836,152.0,
ns1830653_ds_qaoa_R0898_0003,/home/zhenyusen/MIP-quantum/data/miplib_benders/qaoa_problems/nvars_04/ns1830653_ds_qaoa_R0898_0003.json,4,1,8,4096,qaoa,feasible,2.5878292659763247,264.0,"{""C0396"": 0, ""C0414"": 0, ""C0432"": 0, ""C0450"": 1}",optimal,2.5878292659763247,264.0,"{""C0396"": 0, ""C0414"": 0, ""C0432"": 0, ""C0450"": 1}",4,,3.985622359905392,152.0,
ns1830653_ds_qaoa_R0898_0004,/home/zhenyusen/MIP-quantum/data/miplib_benders/qaoa_problems/nvars_04/ns1830653_ds_qaoa_R0898_0004.json,4,1,8,4096,qaoa,feasible,2.566759678069502,224.0,"{""C0414"": 0, ""C0432"": 0, ""C0450"": 0, ""C0468"": 1}",optimal,2.566759678069502,264.0,"{""C0414"": 0, ""C0432"": 0, ""C0450"": 1, ""C0468"": 0}",4,,3.9613606608472764,150.0,
ns1830653_ds_qaoa_R0898_0005,/home/zhenyusen/MIP-quantum/data/miplib_benders/qaoa_problems/nvars_04/ns1830653_ds_qaoa_R0898_0005.json,4,1,8,4096,qaoa,feasible,2.8481142360251397,58.0,"{""C0432"": 0, ""C0450"": 0, ""C0468"": 0, ""C0522"": 1}",optimal,2.8481142360251397,264.0,"{""C0432"": 0, ""C0450"": 1, ""C0468"": 0, ""C0522"": 0}",4,,4.250800049863756,150.0,
satellites2-60-fs_ds_qaoa_R13541_0001,/home/zhenyusen/MIP-quantum/data/miplib_benders/qaoa_problems/nvars_04/satellites2-60-fs_ds_qaoa_R13541_0001.json,4,1,8,4096,qaoa,feasible,2.5971251050941646,0.0,"{""C34179"": 0, ""C34180"": 0, ""C34181"": 0, ""row_slack_R13541"": 1}",optimal,2.5971251050941646,0.0,"{""C34179"": 0, ""C34180"": 0, ""C34181"": 0, ""row_slack_R13541"": 1}",4,,4.055301672080532,152.0,
supportcase6_ds_qaoa_c722_0001,/home/zhenyusen/MIP-quantum/data/miplib_benders/qaoa_problems/nvars_04/supportcase6_ds_qaoa_c722_0001.json,4,1,8,4096,qaoa,feasible,2.6153341729659587,145944000.0,"{""B100166(7)"": 0, ""B100594(7)"": 0, ""B100600(7)"": 0, ""B100602(7)"": 1}",optimal,2.6153341729659587,151847000.0,"{""B100166(7)"": 1, ""B100594(7)"": 0, ""B100600(7)"": 0, ""B100602(7)"": 0}",4,,4.05503409402445,152.0,
supportcase6_ds_qaoa_c722_0002,/home/zhenyusen/MIP-quantum/data/miplib_benders/qaoa_problems/nvars_04/supportcase6_ds_qaoa_c722_0002.json,4,1,8,4096,qaoa,feasible,2.821272030007094,144887000.0,"{""B100594(7)"": 0, ""B100600(7)"": 0, ""B100602(7)"": 0, ""B100608(7)"": 1}",optimal,2.821272030007094,150892000.0,"{""B100594(7)"": 1, ""B100600(7)"": 0, ""B100602(7)"": 0, ""B100608(7)"": 0}",4,,4.205443680053577,152.0,
supportcase6_ds_qaoa_c722_0003,/home/zhenyusen/MIP-quantum/data/miplib_benders/qaoa_problems/nvars_04/supportcase6_ds_qaoa_c722_0003.json,4,1,8,4096,qaoa,feasible,2.799937841016799,151847000.0,"{""B100600(7)"": 0, ""B100602(7)"": 0, ""B100608(7)"": 0, ""B100623(7)"": 1}",optimal,2.799937841016799,151847000.0,"{""B100600(7)"": 0, ""B100602(7)"": 0, ""B100608(7)"": 0, ""B100623(7)"": 1}",4,,4.318938066018745,152.0,
supportcase6_ds_qaoa_c722_0004,/home/zhenyusen/MIP-quantum/data/miplib_benders/qaoa_problems/nvars_04/supportcase6_ds_qaoa_c722_0004.json,4,1,8,4096,qaoa,feasible,2.5700262901373208,150892000.0,"{""B100602(7)"": 0, ""B100608(7)"": 0, ""B100623(7)"": 0, ""B101029(7)"": 1}",optimal,2.5700262901373208,151847000.0,"{""B100602(7)"": 0, ""B100608(7)"": 0, ""B100623(7)"": 1, ""B101029(7)"": 0}",4,,3.9942236351780593,152.0,
supportcase6_ds_qaoa_c722_0005,/home/zhenyusen/MIP-quantum/data/miplib_benders/qaoa_problems/nvars_04/supportcase6_ds_qaoa_c722_0005.json,4,1,8,4096,qaoa,feasible,2.554078900953755,134333000.0,"{""B100608(7)"": 0, ""B100623(7)"": 0, ""B101029(7)"": 0, ""B101035(7)"": 1}",optimal,2.554078900953755,151847000.0,"{""B100608(7)"": 0, ""B100623(7)"": 1, ""B101029(7)"": 0, ""B101035(7)"": 0}",4,,4.004591437987983,152.0,
supportcase6_ds_qaoa_c722_c726_0002,/home/zhenyusen/MIP-quantum/data/miplib_benders/qaoa_problems/nvars_04/supportcase6_ds_qaoa_c722_c726_0002.json,4,2,8,4096,qaoa,feasible,2.5789772991556674,145944000.0,"{""B100594(7)"": 0, ""B100600(7)"": 0, ""B100602(7)"": 1, ""B100608(7)"": 0}",optimal,2.5789772991556674,150892000.0,"{""B100594(7)"": 1, ""B100600(7)"": 0, ""B100602(7)"": 0, ""B100608(7)"": 0}",3,,4.051545473979786,152.0,
supportcase6_ds_qaoa_c722_c726_0003,/home/zhenyusen/MIP-quantum/data/miplib_benders/qaoa_problems/nvars_04/supportcase6_ds_qaoa_c722_c726_0003.json,4,2,8,4096,qaoa,feasible,2.6953075560741127,151847000.0,"{""B100600(7)"": 0, ""B100602(7)"": 0, ""B100608(7)"": 0, ""B100623(7)"": 1}",optimal,2.6953075560741127,151847000.0,"{""B100600(7)"": 0, ""B100602(7)"": 0, ""B100608(7)"": 0, ""B100623(7)"": 1}",3,,4.146609205985442,148.0,
supportcase6_ds_qaoa_c722_c726_0004,/home/zhenyusen/MIP-quantum/data/miplib_benders/qaoa_problems/nvars_04/supportcase6_ds_qaoa_c722_c726_0004.json,4,2,8,4096,qaoa,feasible,2.7426274861209095,150892000.0,"{""B100602(7)"": 0, ""B100608(7)"": 0, ""B100623(7)"": 0, ""B101029(7)"": 1}",optimal,2.7426274861209095,151847000.0,"{""B100602(7)"": 0, ""B100608(7)"": 0, ""B100623(7)"": 1, ""B101029(7)"": 0}",3,,4.1332220789045095,152.0,
supportcase6_ds_qaoa_c722_c726_0005,/home/zhenyusen/MIP-quantum/data/miplib_benders/qaoa_problems/nvars_04/supportcase6_ds_qaoa_c722_c726_0005.json,4,2,8,4096,qaoa,feasible,2.6714534249622375,134333000.0,"{""B100608(7)"": 0, ""B100623(7)"": 0, ""B101029(7)"": 0, ""B101035(7)"": 1}",optimal,2.6714534249622375,151847000.0,"{""B100608(7)"": 0, ""B100623(7)"": 1, ""B101029(7)"": 0, ""B101035(7)"": 0}",3,,4.0997903540264815,152.0,
supportcase6_ds_qaoa_c726_0002,/home/zhenyusen/MIP-quantum/data/miplib_benders/qaoa_problems/nvars_04/supportcase6_ds_qaoa_c726_0002.json,4,1,8,4096,qaoa,feasible,2.947872922057286,151847000.0,"{""B100594(7)"": 0, ""B100600(7)"": 0, ""B100602(7)"": 0, ""B100623(7)"": 1}",optimal,2.947872922057286,151847000.0,"{""B100594(7)"": 0, ""B100600(7)"": 0, ""B100602(7)"": 0, ""B100623(7)"": 1}",4,,4.478483732091263,152.0,
supportcase6_ds_qaoa_c726_0003,/home/zhenyusen/MIP-quantum/data/miplib_benders/qaoa_problems/nvars_04/supportcase6_ds_qaoa_c726_0003.json,4,1,8,4096,qaoa,feasible,2.535712047945708,150892000.0,"{""B100600(7)"": 0, ""B100602(7)"": 0, ""B100623(7)"": 0, ""B101029(7)"": 1}",optimal,2.535712047945708,151847000.0,"{""B100600(7)"": 0, ""B100602(7)"": 0, ""B100623(7)"": 1, ""B101029(7)"": 0}",4,,4.061622906010598,152.0,
supportcase6_ds_qaoa_c726_0004,/home/zhenyusen/MIP-quantum/data/miplib_benders/qaoa_problems/nvars_04/supportcase6_ds_qaoa_c726_0004.json,4,1,8,4096,qaoa,feasible,2.7121796461287886,134333000.0,"{""B100602(7)"": 0, ""B100623(7)"": 0, ""B101029(7)"": 0, ""B101035(7)"": 1}",optimal,2.7121796461287886,151847000.0,"{""B100602(7)"": 0, ""B100623(7)"": 1, ""B101029(7)"": 0, ""B101035(7)"": 0}",4,,4.524764676112682,150.0,
supportcase6_ds_qaoa_c733_0001,/home/zhenyusen/MIP-quantum/data/miplib_benders/qaoa_problems/nvars_04/supportcase6_ds_qaoa_c733_0001.json,4,1,8,4096,qaoa,feasible,2.697322809137404,144887000.0,"{""B100600(7)"": 0, ""B100608(7)"": 0, ""B101035(7)"": 0, ""B101043(7)"": 1}",optimal,2.697322809137404,144887000.0,"{""B100600(7)"": 0, ""B100608(7)"": 0, ""B101035(7)"": 0, ""B101043(7)"": 1}",4,,4.11184379295446,152.0,
supportcase6_ds_qaoa_c733_0002,/home/zhenyusen/MIP-quantum/data/miplib_benders/qaoa_problems/nvars_04/supportcase6_ds_qaoa_c733_0002.json,4,1,8,4096,qaoa,feasible,2.9473024029284716,134333000.0,"{""B100608(7)"": 0, ""B101035(7)"": 0, ""B101043(7)"": 0, ""B101485(7)"": 1}",optimal,2.9473024029284716,144887000.0,"{""B100608(7)"": 0, ""B101035(7)"": 0, ""B101043(7)"": 1, ""B101485(7)"": 0}",4,,4.540420877980068,148.0,
supportcase6_ds_qaoa_c745_0002,/home/zhenyusen/MIP-quantum/data/miplib_benders/qaoa_problems/nvars_04/supportcase6_ds_qaoa_c745_0002.json,4,1,8,4096,qaoa,feasible,2.8601115189958364,150892000.0,"{""B100600(7)"": 0, ""B100602(7)"": 0, ""B100608(7)"": 0, ""B101029(7)"": 1}",optimal,2.8601115189958364,150892000.0,"{""B100600(7)"": 0, ""B100602(7)"": 0, ""B100608(7)"": 0, ""B101029(7)"": 1}",4,,4.68465041089803,148.0,
supportcase6_ds_qaoa_c745_0003,/home/zhenyusen/MIP-quantum/data/miplib_benders/qaoa_problems/nvars_04/supportcase6_ds_qaoa_c745_0003.json,4,1,8,4096,qaoa,feasible,2.7175144711509347,134333000.0,"{""B100602(7)"": 0, ""B100608(7)"": 0, ""B101029(7)"": 0, ""B101035(7)"": 1}",optimal,2.7175144711509347,150892000.0,"{""B100602(7)"": 0, ""B100608(7)"": 0, ""B101029(7)"": 1, ""B101035(7)"": 0}",4,,4.055108839878812,152.0,
supportcase6_ds_qaoa_c745_0004,/home/zhenyusen/MIP-quantum/data/miplib_benders/qaoa_problems/nvars_04/supportcase6_ds_qaoa_c745_0004.json,4,1,8,4096,qaoa,feasible,2.7419816970359534,145944000.0,"{""B100608(7)"": 0, ""B101029(7)"": 0, ""B101035(7)"": 0, ""B101037(7)"": 1}",optimal,2.7419816970359534,150892000.0,"{""B100608(7)"": 0, ""B101029(7)"": 1, ""B101035(7)"": 0, ""B101037(7)"": 0}",4,,4.433167275041342,150.0,
supportcase6_ds_qaoa_c745_c747_0001,/home/zhenyusen/MIP-quantum/data/miplib_benders/qaoa_problems/nvars_04/supportcase6_ds_qaoa_c745_c747_0001.json,4,2,8,4096,qaoa,feasible,2.765849816147238,145944000.0,"{""B100166(7)"": 0, ""B100594(7)"": 0, ""B100600(7)"": 0, ""B100602(7)"": 1}",optimal,2.765849816147238,150892000.0,"{""B100166(7)"": 0, ""B100594(7)"": 1, ""B100600(7)"": 0, ""B100602(7)"": 0}",3,,4.233885398833081,152.0,
supportcase6_ds_qaoa_c745_c747_0003,/home/zhenyusen/MIP-quantum/data/miplib_benders/qaoa_problems/nvars_04/supportcase6_ds_qaoa_c745_c747_0003.json,4,2,8,4096,qaoa,feasible,2.5520756139885634,144887000.0,"{""B100600(7)"": 0, ""B100602(7)"": 0, ""B100608(7)"": 1, ""B100623(7)"": 0}",optimal,2.5520756139885634,145944000.0,"{""B100600(7)"": 0, ""B100602(7)"": 1, ""B100608(7)"": 0, ""B100623(7)"": 0}",3,,4.08406574302353,152.0,
supportcase6_ds_qaoa_c745_c747_0004,/home/zhenyusen/MIP-quantum/data/miplib_benders/qaoa_problems/nvars_04/supportcase6_ds_qaoa_c745_c747_0004.json,4,2,8,4096,qaoa,feasible,2.762006008066237,150892000.0,"{""B100602(7)"": 0, ""B100608(7)"": 0, ""B100623(7)"": 0, ""B101029(7)"": 1}",optimal,2.762006008066237,150892000.0,"{""B100602(7)"": 0, ""B100608(7)"": 0, ""B100623(7)"": 0, ""B101029(7)"": 1}",3,,4.344324697973207,152.0,
supportcase6_ds_qaoa_c745_c747_0005,/home/zhenyusen/MIP-quantum/data/miplib_benders/qaoa_problems/nvars_04/supportcase6_ds_qaoa_c745_c747_0005.json,4,2,8,4096,qaoa,feasible,2.804594498826191,134333000.0,"{""B100608(7)"": 0, ""B100623(7)"": 0, ""B101029(7)"": 0, ""B101035(7)"": 1}",optimal,2.804594498826191,150892000.0,"{""B100608(7)"": 0, ""B100623(7)"": 0, ""B101029(7)"": 1, ""B101035(7)"": 0}",3,,4.299968529958278,152.0,
supportcase6_ds_qaoa_c759_0001,/home/zhenyusen/MIP-quantum/data/miplib_benders/qaoa_problems/nvars_04/supportcase6_ds_qaoa_c759_0001.json,4,1,8,4096,qaoa,feasible,2.821562969824299,150892000.0,"{""B100166(7)"": 0, ""B100594(7)"": 0, ""B100623(7)"": 0, ""B101029(7)"": 1}",optimal,2.821562969824299,151847000.0,"{""B100166(7)"": 0, ""B100594(7)"": 0, ""B100623(7)"": 1, ""B101029(7)"": 0}",4,,4.214257184881717,152.0,
supportcase6_ds_qaoa_c759_0002,/home/zhenyusen/MIP-quantum/data/miplib_benders/qaoa_problems/nvars_04/supportcase6_ds_qaoa_c759_0002.json,4,1,8,4096,qaoa,feasible,2.628667365061119,151847000.0,"{""B100594(7)"": 0, ""B100623(7)"": 0, ""B101029(7)"": 0, ""B101058(7)"": 1}",optimal,2.628667365061119,151847000.0,"{""B100594(7)"": 0, ""B100623(7)"": 0, ""B101029(7)"": 0, ""B101058(7)"": 1}",4,,4.043337846873328,152.0,
supportcase6_ds_qaoa_c762_0001,/home/zhenyusen/MIP-quantum/data/miplib_benders/qaoa_problems/nvars_04/supportcase6_ds_qaoa_c762_0001.json,4,1,8,4096,qaoa,feasible,2.891608207952231,151847000.0,"{""B100166(7)"": 0, ""B100602(7)"": 0, ""B100608(7)"": 0, ""B100623(7)"": 1}",optimal,2.891608207952231,151847000.0,"{""B100166(7)"": 0, ""B100602(7)"": 0, ""B100608(7)"": 0, ""B100623(7)"": 1}",4,,4.569371143821627,152.0,
supportcase6_ds_qaoa_c762_0002,/home/zhenyusen/MIP-quantum/data/miplib_benders/qaoa_problems/nvars_04/supportcase6_ds_qaoa_c762_0002.json,4,1,8,4096,qaoa,feasible,2.1219503679312766,145944000.0,"{""B100602(7)"": 0, ""B100608(7)"": 0, ""B100623(7)"": 0, ""B101037(7)"": 1}",optimal,2.1219503679312766,151847000.0,"{""B100602(7)"": 0, ""B100608(7)"": 0, ""B100623(7)"": 1, ""B101037(7)"": 0}",4,,3.443617134122178,152.0,
supportcase6_ds_qaoa_c762_0003,/home/zhenyusen/MIP-quantum/data/miplib_benders/qaoa_problems/nvars_04/supportcase6_ds_qaoa_c762_0003.json,4,1,8,4096,qaoa,feasible,2.5724436508025974,144887000.0,"{""B100608(7)"": 0, ""B100623(7)"": 0, ""B101037(7)"": 0, ""B101043(7)"": 1}",optimal,2.5724436508025974,151847000.0,"{""B100608(7)"": 0, ""B100623(7)"": 1, ""B101037(7)"": 0, ""B101043(7)"": 0}",4,,3.9620399971026927,152.0,
assign1-5-8_ds_qaoa_R0003_0001,/home/zhenyusen/MIP-quantum/data/miplib_benders/qaoa_problems/nvars_05/assign1-5-8_ds_qaoa_R0003_0001.json,5,1,8,32768,qaoa,feasible,3.424128915881738,0.0,"{""C0029"": 0, ""C0034"": 0, ""C0039"": 0, ""C0054"": 0, ""row_slack_R0003"": 5}",optimal,3.424128915881738,7.0,"{""C0029"": 0, ""C0034"": 0, ""C0039"": 1, ""C0054"": 1, ""row_slack_R0003"": 0}",10,,5.300464321160689,168.265625,
assign1-5-8_ds_qaoa_R0008_0001,/home/zhenyusen/MIP-quantum/data/miplib_benders/qaoa_problems/nvars_05/assign1-5-8_ds_qaoa_R0008_0001.json,5,1,8,32768,qaoa,feasible,3.423274642089382,0.0,"{""C0029"": 0, ""C0034"": 0, ""C0039"": 0, ""C0054"": 0, ""row_slack_R0008"": 5}",optimal,3.423274642089382,7.0,"{""C0029"": 0, ""C0034"": 0, ""C0039"": 1, ""C0054"": 1, ""row_slack_R0008"": 0}",10,,4.815881862072274,168.44140625,
assign1-5-8_ds_qaoa_R0038_0001,/home/zhenyusen/MIP-quantum/data/miplib_benders/qaoa_problems/nvars_05/assign1-5-8_ds_qaoa_R0038_0001.json,5,1,8,32768,qaoa,feasible,3.2908472809940577,0.0,"{""C0029"": 0, ""C0034"": 0, ""C0039"": 0, ""C0054"": 0, ""row_slack_R0038"": 5}",optimal,3.2908472809940577,7.0,"{""C0029"": 0, ""C0034"": 0, ""C0039"": 1, ""C0054"": 1, ""row_slack_R0038"": 0}",10,,5.098956913920119,164.12890625,
ex10_ds_qaoa_NOD26_0001,/home/zhenyusen/MIP-quantum/data/miplib_benders/qaoa_problems/nvars_05/ex10_ds_qaoa_NOD26_0001.json,5,1,8,32768,qaoa,feasible,3.344085573917255,1.0,"{""b26_220"": 0, ""b26_222"": 0, ""b26_223"": 0, ""b26_230"": 0, ""b26_240"": 1}",optimal,3.344085573917255,1.0,"{""b26_220"": 0, ""b26_222"": 0, ""b26_223"": 0, ""b26_230"": 0, ""b26_240"": 1}",5,,4.84272365598008,172.13671875,
ex10_ds_qaoa_NOD26_NOD2X2_0001,/home/zhenyusen/MIP-quantum/data/miplib_benders/qaoa_problems/nvars_05/ex10_ds_qaoa_NOD26_NOD2X2_0001.json,5,2,8,32768,qaoa,feasible,3.3259954832028598,1.0,"{""b26_220"": 0, ""b26_222"": 0, ""b26_223"": 1, ""b26_230"": 0, ""b26_240"": 0}",optimal,3.3259954832028598,1.0,"{""b26_220"": 0, ""b26_222"": 0, ""b26_223"": 1, ""b26_230"": 0, ""b26_240"": 0}",3,,4.757875336101279,172.0,
ex9_ds_qaoa_NOD2X5_NOD37_0007,/home/zhenyusen/MIP-quantum/data/miplib_benders/qaoa_problems/nvars_05/ex9_ds_qaoa_NOD2X5_NOD37_0007.json,5,2,8,32768,qaoa,feasible,3.2011043450329453,1.0,"{""b37_242"": 0, ""b37_243"": 0, ""b37_250"": 0, ""b37_251"": 0, ""b37_252"": 1}",optimal,3.2011043450329453,1.0,"{""b37_242"": 0, ""b37_243"": 0, ""b37_250"": 0, ""b37_251"": 0, ""b37_252"": 1}",3,,4.864715363131836,167.02734375,
ex9_ds_qaoa_NOD2X5_NOD37_0008,/home/zhenyusen/MIP-quantum/data/miplib_benders/qaoa_problems/nvars_05/ex9_ds_qaoa_NOD2X5_NOD37_0008.json,5,2,8,32768,qaoa,feasible,3.4249190820846707,1.0,"{""b37_243"": 0, ""b37_250"": 0, ""b37_251"": 0, ""b37_252"": 0, ""b37_253"": 1}",optimal,3.4249190820846707,1.0,"{""b37_243"": 0, ""b37_250"": 0, ""b37_251"": 0, ""b37_252"": 0, ""b37_253"": 1}",4,,4.9457503070589155,172.0,
ex9_ds_qaoa_NOD2X5_NOD37_0009,/home/zhenyusen/MIP-quantum/data/miplib_benders/qaoa_problems/nvars_05/ex9_ds_qaoa_NOD2X5_NOD37_0009.json,5,2,8,32768,qaoa,feasible,3.349613120080903,1.0,"{""b37_250"": 0, ""b37_251"": 0, ""b37_252"": 0, ""b37_253"": 1, ""b37_260"": 0}",optimal,3.349613120080903,1.0,"{""b37_250"": 0, ""b37_251"": 0, ""b37_252"": 0, ""b37_253"": 1, ""b37_260"": 0}",4,,5.175735539989546,172.0,
ex9_ds_qaoa_NOD2X5_NOD37_0010,/home/zhenyusen/MIP-quantum/data/miplib_benders/qaoa_problems/nvars_05/ex9_ds_qaoa_NOD2X5_NOD37_0010.json,5,2,8,32768,qaoa,feasible,3.4274176580365747,1.0,"{""b37_251"": 0, ""b37_252"": 0, ""b37_253"": 1, ""b37_260"": 0, ""b37_261"": 0}",optimal,3.4274176580365747,1.0,"{""b37_251"": 0, ""b37_252"": 0, ""b37_253"": 1, ""b37_260"": 0, ""b37_261"": 0}",3,,4.881748133106157,172.0,
irp_ds_qaoa_R0002_0001,/home/zhenyusen/MIP-quantum/data/miplib_benders/qaoa_problems/nvars_05/irp_ds_qaoa_R0002_0001.json,5,1,8,32768,qaoa,feasible,3.4829466061200947,6049200000.0,"{""C16904"": 0, ""C16905"": 0, ""C16906"": 0, ""C16908"": 0, ""C16909"": 1}",optimal,3.4829466061200947,6154830000.0,"{""C16904"": 1, ""C16905"": 0, ""C16906"": 0, ""C16908"": 0, ""C16909"": 0}",5,,5.206303159939125,171.31640625,
irp_ds_qaoa_R0002_0002,/home/zhenyusen/MIP-quantum/data/miplib_benders/qaoa_problems/nvars_05/irp_ds_qaoa_R0002_0002.json,5,1,8,32768,qaoa,feasible,3.2255031790118665,5946950000.0,"{""C16905"": 0, ""C16906"": 0, ""C16908"": 0, ""C16909"": 0, ""C16910"": 1}",optimal,3.2255031790118665,6049200000.0,"{""C16905"": 0, ""C16906"": 0, ""C16908"": 0, ""C16909"": 1, ""C16910"": 0}",5,,4.782605787040666,172.12890625,
irp_ds_qaoa_R0002_0003,/home/zhenyusen/MIP-quantum/data/miplib_benders/qaoa_problems/nvars_05/irp_ds_qaoa_R0002_0003.json,5,1,8,32768,qaoa,feasible,3.288077374920249,6340890000.0,"{""C16906"": 0, ""C16908"": 0, ""C16909"": 0, ""C16910"": 0, ""C16911"": 1}",optimal,3.288077374920249,6340890000.0,"{""C16906"": 0, ""C16908"": 0, ""C16909"": 0, ""C16910"": 0, ""C16911"": 1}",5,,4.77135212905705,172.125,
irp_ds_qaoa_R0002_0004,/home/zhenyusen/MIP-quantum/data/miplib_benders/qaoa_problems/nvars_05/irp_ds_qaoa_R0002_0004.json,5,1,8,32768,qaoa,feasible,3.3333902778103948,5861380000.0,"{""C16908"": 0, ""C16909"": 0, ""C16910"": 0, ""C16911"": 0, ""C16912"": 1}",optimal,3.3333902778103948,6340890000.0,"{""C16908"": 0, ""C16909"": 0, ""C16910"": 0, ""C16911"": 1, ""C16912"": 0}",5,,4.819278093054891,172.12890625,
irp_ds_qaoa_R0002_0005,/home/zhenyusen/MIP-quantum/data/miplib_benders/qaoa_problems/nvars_05/irp_ds_qaoa_R0002_0005.json,5,1,8,32768,qaoa,feasible,3.3772974740713835,5813350000.0,"{""C16909"": 0, ""C16910"": 0, ""C16911"": 0, ""C16912"": 0, ""C16913"": 1}",optimal,3.3772974740713835,6340890000.0,"{""C16909"": 0, ""C16910"": 0, ""C16911"": 1, ""C16912"": 0, ""C16913"": 0}",5,,5.069140698062256,168.5234375,
irp_ds_qaoa_R0002_0006,/home/zhenyusen/MIP-quantum/data/miplib_benders/qaoa_problems/nvars_05/irp_ds_qaoa_R0002_0006.json,5,1,8,32768,qaoa,feasible,3.5250704870559275,5989160000.0,"{""C16910"": 0, ""C16911"": 0, ""C16912"": 0, ""C16913"": 0, ""C16915"": 1}",optimal,3.5250704870559275,6340890000.0,"{""C16910"": 0, ""C16911"": 1, ""C16912"": 0, ""C16913"": 0, ""C16915"": 0}",5,,4.987334460951388,169.14453125,
irp_ds_qaoa_R0002_0007,/home/zhenyusen/MIP-quantum/data/miplib_benders/qaoa_problems/nvars_05/irp_ds_qaoa_R0002_0007.json,5,1,8,32768,qaoa,feasible,3.317328413017094,5886900000.0,"{""C16911"": 0, ""C16912"": 0, ""C16913"": 0, ""C16915"": 0, ""C16916"": 1}",optimal,3.317328413017094,6340890000.0,"{""C16911"": 1, ""C16912"": 0, ""C16913"": 0, ""C16915"": 0, ""C16916"": 0}",5,,4.75365063897334,170.08203125,
irp_ds_qaoa_R0002_0008,/home/zhenyusen/MIP-quantum/data/miplib_benders/qaoa_problems/nvars_05/irp_ds_qaoa_R0002_0008.json,5,1,8,32768,qaoa,feasible,3.424727394944057,6280850000.0,"{""C16912"": 0, ""C16913"": 0, ""C16915"": 0, ""C16916"": 0, ""C16917"": 1}",optimal,3.424727394944057,6280850000.0,"{""C16912"": 0, ""C16913"": 0, ""C16915"": 0, ""C16916"": 0, ""C16917"": 1}",5,,4.790940803010017,172.14453125,
irp_ds_qaoa_R0002_0009,/home/zhenyusen/MIP-quantum/data/miplib_benders/qaoa_problems/nvars_05/irp_ds_qaoa_R0002_0009.json,5,1,8,32768,qaoa,feasible,3.441604206105694,5801330000.0,"{""C16913"": 0, ""C16915"": 0, ""C16916"": 0, ""C16917"": 0, ""C16918"": 1}",optimal,3.441604206105694,6280850000.0,"{""C16913"": 0, ""C16915"": 0, ""C16916"": 0, ""C16917"": 1, ""C16918"": 0}",5,,4.845508725848049,172.12109375,
irp_ds_qaoa_R0002_0010,/home/zhenyusen/MIP-quantum/data/miplib_benders/qaoa_problems/nvars_05/irp_ds_qaoa_R0002_0010.json,5,1,8,32768,qaoa,feasible,3.472942997002974,5753300000.0,"{""C16915"": 0, ""C16916"": 0, ""C16917"": 0, ""C16918"": 0, ""C16919"": 1}",optimal,3.472942997002974,6280850000.0,"{""C16915"": 0, ""C16916"": 0, ""C16917"": 1, ""C16918"": 0, ""C16919"": 0}",5,,4.965606119018048,172.1171875,
irp_ds_qaoa_R0010_R0015_0001,/home/zhenyusen/MIP-quantum/data/miplib_benders/qaoa_problems/nvars_05/irp_ds_qaoa_R0010_R0015_0001.json,5,2,8,32768,qaoa,feasible,3.3866262971423566,5627280000.0,"{""C16904"": 0, ""C16905"": 0, ""C16906"": 1, ""C16908"": 0, ""C16909"": 0}",optimal,3.3866262971423566,6154830000.0,"{""C16904"": 1, ""C16905"": 0, ""C16906"": 0, ""C16908"": 0, ""C16909"": 0}",3,,4.923666577087715,172.0,
irp_ds_qaoa_R0026_0001,/home/zhenyusen/MIP-quantum/data/miplib_benders/qaoa_problems/nvars_05/irp_ds_qaoa_R0026_0001.json,5,1,8,32768,qaoa,feasible,3.57802763604559,5801330000.0,"{""C16908"": 0, ""C16915"": 0, ""C16916"": 0, ""C16917"": 0, ""C16918"": 1}",optimal,3.57802763604559,6280850000.0,"{""C16908"": 0, ""C16915"": 0, ""C16916"": 0, ""C16917"": 1, ""C16918"": 0}",5,,5.251379118068144,168.32421875,
leo1_ds_qaoa_R0000004_0002,/home/zhenyusen/MIP-quantum/data/miplib_benders/qaoa_problems/nvars_05/leo1_ds_qaoa_R0000004_0002.json,5,1,8,32768,qaoa,feasible,2.9747419580817223,6.0,"{""C0003538"": 0, ""C0003539"": 0, ""C0003540"": 2, ""C0003541"": 0, ""row_slack_R0000004"": 7}",optimal,2.9747419580817223,6.0,"{""C0003538"": 0, ""C0003539"": 0, ""C0003540"": 2, ""C0003541"": 0, ""row_slack_R0000004"": 7}",8,,4.3482277151197195,164.0,
leo2_ds_qaoa_R0000004_0003,/home/zhenyusen/MIP-quantum/data/miplib_benders/qaoa_problems/nvars_05/leo2_ds_qaoa_R0000004_0003.json,5,1,8,32768,qaoa,feasible,3.3505262890830636,12.0,"{""C0005733"": 0, ""C0005734"": 0, ""C0005735"": 0, ""C0005736"": 3, ""row_slack_R0000004"": 3}",optimal,3.3505262890830636,12.0,"{""C0005733"": 0, ""C0005734"": 0, ""C0005735"": 0, ""C0005736"": 3, ""row_slack_R0000004"": 3}",9,,4.732884438009933,170.0,
leo2_ds_qaoa_R0000004_0004,/home/zhenyusen/MIP-quantum/data/miplib_benders/qaoa_problems/nvars_05/leo2_ds_qaoa_R0000004_0004.json,5,1,8,32768,qaoa,feasible,3.2166054979898036,8.0,"{""C0005734"": 0, ""C0005735"": 0, ""C0005736"": 0, ""C0005737"": 2, ""row_slack_R0000004"": 1}",optimal,3.2166054979898036,11.0,"{""C0005734"": 0, ""C0005735"": 0, ""C0005736"": 1, ""C0005737"": 2, ""row_slack_R0000004"": 7}",9,,4.649579993914813,164.0,
leo2_ds_qaoa_R0000004_0005,/home/zhenyusen/MIP-quantum/data/miplib_benders/qaoa_problems/nvars_05/leo2_ds_qaoa_R0000004_0005.json,5,1,8,32768,qaoa,feasible,3.3485484020784497,7.0,"{""C0005735"": 0, ""C0005736"": 0, ""C0005737"": 1, ""C0005738"": 1, ""row_slack_R0000004"": 5}",optimal,3.3485484020784497,8.0,"{""C0005735"": 0, ""C0005736"": 1, ""C0005737"": 2, ""C0005738"": 0, ""row_slack_R0000004"": 7}",8,,5.234412421006709,168.0,
leo2_ds_qaoa_R0000004_0006,/home/zhenyusen/MIP-quantum/data/miplib_benders/qaoa_problems/nvars_05/leo2_ds_qaoa_R0000004_0006.json,5,1,8,32768,qaoa,feasible,3.634462377987802,6.0,"{""C0005736"": 0, ""C0005737"": 1, ""C0005738"": 0, ""C0005739"": 1, ""row_slack_R0000004"": 7}",optimal,3.634462377987802,6.0,"{""C0005736"": 0, ""C0005737"": 1, ""C0005738"": 0, ""C0005739"": 1, ""row_slack_R0000004"": 7}",8,,5.135587377008051,171.65234375,
leo2_ds_qaoa_R0000004_0007,/home/zhenyusen/MIP-quantum/data/miplib_benders/qaoa_problems/nvars_05/leo2_ds_qaoa_R0000004_0007.json,5,1,8,32768,qaoa,feasible,3.537619193084538,4.0,"{""C0005737"": 0, ""C0005738"": 0, ""C0005739"": 0, ""C0005740"": 1, ""row_slack_R0000004"": 0}",optimal,3.537619193084538,4.0,"{""C0005737"": 0, ""C0005738"": 0, ""C0005739"": 0, ""C0005740"": 1, ""row_slack_R0000004"": 0}",4,,5.263495906023309,166.0,
neos-1456979_ds_qaoa_R0007_0001,/home/zhenyusen/MIP-quantum/data/miplib_benders/qaoa_problems/nvars_05/neos-1456979_ds_qaoa_R0007_0001.json,5,1,8,32768,qaoa,feasible,3.556122184963897,6.0,"{""C0186"": 0, ""C0187"": 0, ""C0188"": 0, ""C0189"": 0, ""C0190"": 1}",optimal,3.556122184963897,6.0,"{""C0186"": 0, ""C0187"": 0, ""C0188"": 0, ""C0189"": 0, ""C0190"": 1}",5,,4.987641135929152,169.51953125,
neos-1456979_ds_qaoa_R0008_0001,/home/zhenyusen/MIP-quantum/data/miplib_benders/qaoa_problems/nvars_05/neos-1456979_ds_qaoa_R0008_0001.json,5,1,8,32768,qaoa,feasible,3.4076767419464886,4.0,"{""C0191"": 0, ""C0192"": 0, ""C0193"": 0, ""C0194"": 0, ""C0195"": 1}",optimal,3.4076767419464886,4.0,"{""C0191"": 0, ""C0192"": 0, ""C0193"": 0, ""C0194"": 0, ""C0195"": 1}",5,,4.840818706899881,172.13671875,
neos-1456979_ds_qaoa_R0009_R0046_0001,/home/zhenyusen/MIP-quantum/data/miplib_benders/qaoa_problems/nvars_05/neos-1456979_ds_qaoa_R0009_R0046_0001.json,5,2,8,32768,qaoa,feasible,3.515156755922362,9.0,"{""C0186"": 0, ""C0191"": 0, ""C0196"": 0, ""C0197"": 0, ""C0198"": 1}",optimal,3.515156755922362,9.0,"{""C0186"": 0, ""C0191"": 0, ""C0196"": 0, ""C0197"": 0, ""C0198"": 1}",2,,5.1801374279893935,165.828125,
neos-2746589-doon_ds_qaoa_R0001_0001,/home/zhenyusen/MIP-quantum/data/miplib_benders/qaoa_problems/nvars_05/neos-2746589-doon_ds_qaoa_R0001_0001.json,5,1,8,32768,qaoa,feasible,3.3150350619107485,29.0,"{""C0013"": 0, ""C0014"": 0, ""C0015"": 0, ""C0016"": 0, ""C0017"": 1}",optimal,3.3150350619107485,29.0,"{""C0013"": 0, ""C0014"": 0, ""C0015"": 0, ""C0016"": 0, ""C0017"": 1}",5,,4.66377744008787,168.66796875,
neos-2746589-doon_ds_qaoa_R0002_0001,/home/zhenyusen/MIP-quantum/data/miplib_benders/qaoa_problems/nvars_05/neos-2746589-doon_ds_qaoa_R0002_0001.json,5,1,8,32768,qaoa,feasible,3.3495157861616462,209.0,"{""C0019"": 0, ""C0020"": 0, ""C0021"": 0, ""C0022"": 0, ""C0023"": 1}",optimal,3.3495157861616462,209.0,"{""C0019"": 0, ""C0020"": 0, ""C0021"": 0, ""C0022"": 0, ""C0023"": 1}",5,,4.792952946852893,172.1328125,
neos-4300652-rahue_ds_qaoa_R14653_0001,/home/zhenyusen/MIP-quantum/data/miplib_benders/qaoa_problems/nvars_05/neos-4300652-rahue_ds_qaoa_R14653_0001.json,5,1,8,32768,qaoa,feasible,3.5748968608677387,38.0,"{""C12149"": 0, ""C12150"": 7, ""C12152"": 0, ""C12153"": 6, ""row_slack_R14653"": 7}",optimal,3.5748968608677387,45.0,"{""C12149"": 0, ""C12150"": 7, ""C12152"": 1, ""C12153"": 7, ""row_slack_R14653"": 7}",3,,5.0993634790647775,171.640625,
neos-4300652-rahue_ds_qaoa_R14653_0002,/home/zhenyusen/MIP-quantum/data/miplib_benders/qaoa_problems/nvars_05/neos-4300652-rahue_ds_qaoa_R14653_0002.json,5,1,8,32768,qaoa,feasible,3.6151568489149213,25.0,"{""C12150"": 7, ""C12152"": 0, ""C12153"": 6, ""C12155"": 0, ""row_slack_R14653"": 7}",optimal,3.6151568489149213,32.0,"{""C12150"": 7, ""C12152"": 0, ""C12153"": 7, ""C12155"": 1, ""row_slack_R14653"": 7}",4,,5.23232080694288,168.94921875,
neos-4413714-turia_ds_qaoa_R0951_0001,/home/zhenyusen/MIP-quantum/data/miplib_benders/qaoa_problems/nvars_05/neos-4413714-turia_ds_qaoa_R0951_0001.json,5,1,8,32768,qaoa,feasible,2.778199124149978,5.0,"{""C0206"": 0, ""C0207"": 0, ""C0208"": 0, ""C0209"": 0, ""C0210"": 1}",optimal,2.778199124149978,5.0,"{""C0206"": 0, ""C0207"": 0, ""C0208"": 0, ""C0209"": 0, ""C0210"": 1}",5,,4.183474828954786,168.8671875,
neos-4647030-tutaki_ds_qaoa_R7864_0001,/home/zhenyusen/MIP-quantum/data/miplib_benders/qaoa_problems/nvars_05/neos-4647030-tutaki_ds_qaoa_R7864_0001.json,5,1,8,32768,qaoa,feasible,3.051681111101061,0.0,"{""C10006"": 0, ""C10007"": 0, ""C10008"": 0, ""C10009"": 0, ""row_slack_R7864"": 1}",optimal,3.051681111101061,4.0,"{""C10006"": 0, ""C10007"": 0, ""C10008"": 0, ""C10009"": 1, ""row_slack_R7864"": 0}",5,,4.82765649119392,169.1484375,
neos-827175_ds_qaoa_R0004_0001,/home/zhenyusen/MIP-quantum/data/miplib_benders/qaoa_problems/nvars_05/neos-827175_ds_qaoa_R0004_0001.json,5,1,8,32768,qaoa,feasible,3.4161832600366324,27.0,"{""C22139"": 6, ""C22140"": 7, ""C22141"": 7, ""C22142"": 7, ""row_slack_R0004"": 0}",optimal,3.4161832600366324,28.0,"{""C22139"": 7, ""C22140"": 7, ""C22141"": 7, ""C22142"": 7, ""row_slack_R0004"": 1}",5,,4.843437124975026,172.12890625,
neos8_ds_qaoa_R0001_0001,/home/zhenyusen/MIP-quantum/data/miplib_benders/qaoa_problems/nvars_05/neos8_ds_qaoa_R0001_0001.json,5,1,8,32768,qaoa,feasible,3.339876636164263,0.0,"{""C0001"": 0, ""C0002"": 0, ""C0005"": 0, ""C0006"": 0, ""row_slack_R0001"": 1}",optimal,3.339876636164263,0.0,"{""C0001"": 0, ""C0002"": 0, ""C0005"": 0, ""C0006"": 0, ""row_slack_R0001"": 1}",5,,4.758370496099815,172.12890625,
neos8_ds_qaoa_R0001_0002,/home/zhenyusen/MIP-quantum/data/miplib_benders/qaoa_problems/nvars_05/neos8_ds_qaoa_R0001_0002.json,5,1,8,32768,qaoa,feasible,2.7498952099122107,0.0,"{""C0002"": 0, ""C0005"": 0, ""C0006"": 0, ""C0009"": 0, ""row_slack_R0001"": 1}",optimal,2.7498952099122107,0.0,"{""C0002"": 0, ""C0005"": 0, ""C0006"": 0, ""C0009"": 0, ""row_slack_R0001"": 1}",5,,4.135148290079087,169.859375,
neos8_ds_qaoa_R0001_0003,/home/zhenyusen/MIP-quantum/data/miplib_benders/qaoa_problems/nvars_05/neos8_ds_qaoa_R0001_0003.json,5,1,8,32768,qaoa,feasible,2.771069983020425,0.0,"{""C0005"": 0, ""C0006"": 0, ""C0009"": 0, ""C0017"": 0, ""row_slack_R0001"": 1}",optimal,2.771069983020425,0.0,"{""C0005"": 0, ""C0006"": 0, ""C0009"": 0, ""C0017"": 0, ""row_slack_R0001"": 1}",5,,4.104768787976354,172.12109375,
neos8_ds_qaoa_R0001_0004,/home/zhenyusen/MIP-quantum/data/miplib_benders/qaoa_problems/nvars_05/neos8_ds_qaoa_R0001_0004.json,5,1,8,32768,qaoa,feasible,3.6509491400793195,0.0,"{""C0006"": 0, ""C0009"": 0, ""C0017"": 0, ""C0018"": 0, ""row_slack_R0001"": 1}",optimal,3.6509491400793195,0.0,"{""C0006"": 0, ""C0009"": 0, ""C0017"": 0, ""C0018"": 0, ""row_slack_R0001"": 1}",5,,5.308874410809949,168.328125,
neos8_ds_qaoa_R0001_0005,/home/zhenyusen/MIP-quantum/data/miplib_benders/qaoa_problems/nvars_05/neos8_ds_qaoa_R0001_0005.json,5,1,8,32768,qaoa,feasible,3.26573951006867,0.0,"{""C0009"": 0, ""C0017"": 0, ""C0018"": 0, ""C0022"": 0, ""row_slack_R0001"": 1}",optimal,3.26573951006867,0.0,"{""C0009"": 0, ""C0017"": 0, ""C0018"": 0, ""C0022"": 0, ""row_slack_R0001"": 1}",5,,4.682803124887869,172.1328125,
neos8_ds_qaoa_R0001_0006,/home/zhenyusen/MIP-quantum/data/miplib_benders/qaoa_problems/nvars_05/neos8_ds_qaoa_R0001_0006.json,5,1,8,32768,qaoa,feasible,3.4001460110303015,0.0,"{""C0017"": 0, ""C0018"": 0, ""C0022"": 0, ""C0025"": 0, ""row_slack_R0001"": 1}",optimal,3.4001460110303015,0.0,"{""C0017"": 0, ""C0018"": 0, ""C0022"": 0, ""C0025"": 0, ""row_slack_R0001"": 1}",5,,5.147725307149813,168.31640625,
neos8_ds_qaoa_R0001_0007,/home/zhenyusen/MIP-quantum/data/miplib_benders/qaoa_problems/nvars_05/neos8_ds_qaoa_R0001_0007.json,5,1,8,32768,qaoa,feasible,3.4752732480410486,0.0,"{""C0018"": 0, ""C0022"": 0, ""C0025"": 0, ""C0026"": 0, ""row_slack_R0001"": 1}",optimal,3.4752732480410486,0.0,"{""C0018"": 0, ""C0022"": 0, ""C0025"": 0, ""C0026"": 0, ""row_slack_R0001"": 1}",5,,5.083073623944074,166.50390625,
neos8_ds_qaoa_R0002_0002,/home/zhenyusen/MIP-quantum/data/miplib_benders/qaoa_problems/nvars_05/neos8_ds_qaoa_R0002_0002.json,5,1,8,32768,qaoa,feasible,2.7008435339666903,0.0,"{""C0002"": 0, ""C0005"": 0, ""C0006"": 0, ""C0013"": 0, ""row_slack_R0002"": 1}",optimal,2.7008435339666903,0.0,"{""C0002"": 0, ""C0005"": 0, ""C0006"": 0, ""C0013"": 0, ""row_slack_R0002"": 1}",5,,4.402339741121978,174.0,
neos8_ds_qaoa_R0002_0003,/home/zhenyusen/MIP-quantum/data/miplib_benders/qaoa_problems/nvars_05/neos8_ds_qaoa_R0002_0003.json,5,1,8,32768,qaoa,feasible,3.3000942000653595,0.0,"{""C0005"": 0, ""C0006"": 0, ""C0013"": 0, ""C0014"": 0, ""row_slack_R0002"": 1}",optimal,3.3000942000653595,0.0,"{""C0005"": 0, ""C0006"": 0, ""C0013"": 0, ""C0014"": 0, ""row_slack_R0002"": 1}",5,,4.82454236317426,169.33984375,
neos8_ds_qaoa_R0002_0004,/home/zhenyusen/MIP-quantum/data/miplib_benders/qaoa_problems/nvars_05/neos8_ds_qaoa_R0002_0004.json,5,1,8,32768,qaoa,feasible,3.4330100549850613,0.0,"{""C0006"": 0, ""C0013"": 0, ""C0014"": 0, ""C0017"": 0, ""row_slack_R0002"": 1}",optimal,3.4330100549850613,0.0,"{""C0006"": 0, ""C0013"": 0, ""C0014"": 0, ""C0017"": 0, ""row_slack_R0002"": 1}",5,,4.864325648872182,172.12109375,
neos8_ds_qaoa_R0002_0005,/home/zhenyusen/MIP-quantum/data/miplib_benders/qaoa_problems/nvars_05/neos8_ds_qaoa_R0002_0005.json,5,1,8,32768,qaoa,feasible,3.466497686924413,0.0,"{""C0013"": 0, ""C0014"": 0, ""C0017"": 0, ""C0018"": 0, ""row_slack_R0002"": 1}",optimal,3.466497686924413,0.0,"{""C0013"": 0, ""C0014"": 0, ""C0017"": 0, ""C0018"": 0, ""row_slack_R0002"": 1}",5,,4.975602847058326,172.140625,
neos8_ds_qaoa_R0002_0006,/home/zhenyusen/MIP-quantum/data/miplib_benders/qaoa_problems/nvars_05/neos8_ds_qaoa_R0002_0006.json,5,1,8,32768,qaoa,feasible,3.4012990281917155,0.0,"{""C0014"": 0, ""C0017"": 0, ""C0018"": 0, ""C0023"": 0, ""row_slack_R0002"": 1}",optimal,3.4012990281917155,0.0,"{""C0014"": 0, ""C0017"": 0, ""C0018"": 0, ""C0023"": 0, ""row_slack_R0002"": 1}",5,,5.144854944199324,170.0859375,
neos8_ds_qaoa_R0002_0007,/home/zhenyusen/MIP-quantum/data/miplib_benders/qaoa_problems/nvars_05/neos8_ds_qaoa_R0002_0007.json,5,1,8,32768,qaoa,feasible,2.8674633658956736,0.0,"{""C0017"": 0, ""C0018"": 0, ""C0023"": 0, ""C0024"": 0, ""row_slack_R0002"": 1}",optimal,2.8674633658956736,0.0,"{""C0017"": 0, ""C0018"": 0, ""C0023"": 0, ""C0024"": 0, ""row_slack_R0002"": 1}",5,,4.703973599942401,172.19921875,
neos8_ds_qaoa_R0003_0001,/home/zhenyusen/MIP-quantum/data/miplib_benders/qaoa_problems/nvars_05/neos8_ds_qaoa_R0003_0001.json,5,1,8,32768,qaoa,feasible,3.3445594350341707,0.0,"{""C0001"": 0, ""C0002"": 0, ""C0009"": 0, ""C0013"": 0, ""row_slack_R0003"": 1}",optimal,3.3445594350341707,0.0,"{""C0001"": 0, ""C0002"": 0, ""C0009"": 0, ""C0013"": 0, ""row_slack_R0003"": 1}",5,,4.8796221448574215,172.12890625,
neos8_ds_qaoa_R0003_0002,/home/zhenyusen/MIP-quantum/data/miplib_benders/qaoa_problems/nvars_05/neos8_ds_qaoa_R0003_0002.json,5,1,8,32768,qaoa,feasible,3.4552635070867836,0.0,"{""C0002"": 0, ""C0009"": 0, ""C0013"": 0, ""C0014"": 0, ""row_slack_R0003"": 1}",optimal,3.4552635070867836,0.0,"{""C0002"": 0, ""C0009"": 0, ""C0013"": 0, ""C0014"": 0, ""row_slack_R0003"": 1}",5,,4.906964078079909,172.0,
neos8_ds_qaoa_R0003_0003,/home/zhenyusen/MIP-quantum/data/miplib_benders/qaoa_problems/nvars_05/neos8_ds_qaoa_R0003_0003.json,5,1,8,32768,qaoa,feasible,3.4120874949730933,0.0,"{""C0009"": 0, ""C0013"": 0, ""C0014"": 0, ""C0022"": 0, ""row_slack_R0003"": 1}",optimal,3.4120874949730933,0.0,"{""C0009"": 0, ""C0013"": 0, ""C0014"": 0, ""C0022"": 0, ""row_slack_R0003"": 1}",5,,4.772024569101632,169.90625,
neos8_ds_qaoa_R0004_0001,/home/zhenyusen/MIP-quantum/data/miplib_benders/qaoa_problems/nvars_05/neos8_ds_qaoa_R0004_0001.json,5,1,8,32768,qaoa,feasible,3.3486432309728116,0.0,"{""C0005"": 0, ""C0006"": 0, ""C0009"": 0, ""C0013"": 0, ""row_slack_R0004"": 1}",optimal,3.3486432309728116,0.0,"{""C0005"": 0, ""C0006"": 0, ""C0009"": 0, ""C0013"": 0, ""row_slack_R0004"": 1}",5,,4.870038521010429,169.6171875,
neos8_ds_qaoa_R0004_0002,/home/zhenyusen/MIP-quantum/data/miplib_benders/qaoa_problems/nvars_05/neos8_ds_qaoa_R0004_0002.json,5,1,8,32768,qaoa,feasible,3.364323150832206,0.0,"{""C0006"": 0, ""C0009"": 0, ""C0013"": 0, ""C0014"": 0, ""row_slack_R0004"": 1}",optimal,3.364323150832206,0.0,"{""C0006"": 0, ""C0009"": 0, ""C0013"": 0, ""C0014"": 0, ""row_slack_R0004"": 1}",5,,4.751561688026413,172.234375,
neos8_ds_qaoa_R0004_0003,/home/zhenyusen/MIP-quantum/data/miplib_benders/qaoa_problems/nvars_05/neos8_ds_qaoa_R0004_0003.json,5,1,8,32768,qaoa,feasible,3.5855564901139587,0.0,"{""C0009"": 0, ""C0013"": 0, ""C0014"": 0, ""C0023"": 0, ""row_slack_R0004"": 1}",optimal,3.5855564901139587,0.0,"{""C0009"": 0, ""C0013"": 0, ""C0014"": 0, ""C0023"": 0, ""row_slack_R0004"": 1}",5,,5.369222532957792,168.26953125,
neos8_ds_qaoa_R0004_0004,/home/zhenyusen/MIP-quantum/data/miplib_benders/qaoa_problems/nvars_05/neos8_ds_qaoa_R0004_0004.json,5,1,8,32768,qaoa,feasible,3.1512435257900506,0.0,"{""C0013"": 0, ""C0014"": 0, ""C0023"": 0, ""C0024"": 0, ""row_slack_R0004"": 1}",optimal,3.1512435257900506,0.0,"{""C0013"": 0, ""C0014"": 0, ""C0023"": 0, ""C0024"": 0, ""row_slack_R0004"": 1}",5,,4.606419642921537,173.23828125,
neos8_ds_qaoa_R0004_0005,/home/zhenyusen/MIP-quantum/data/miplib_benders/qaoa_problems/nvars_05/neos8_ds_qaoa_R0004_0005.json,5,1,8,32768,qaoa,feasible,3.0846540920902044,0.0,"{""C0014"": 0, ""C0023"": 0, ""C0024"": 0, ""C0025"": 0, ""row_slack_R0004"": 1}",optimal,3.0846540920902044,0.0,"{""C0014"": 0, ""C0023"": 0, ""C0024"": 0, ""C0025"": 0, ""row_slack_R0004"": 1}",5,,4.501963360933587,172.13671875,
neos8_ds_qaoa_R0004_0006,/home/zhenyusen/MIP-quantum/data/miplib_benders/qaoa_problems/nvars_05/neos8_ds_qaoa_R0004_0006.json,5,1,8,32768,qaoa,feasible,3.120045884978026,0.0,"{""C0023"": 0, ""C0024"": 0, ""C0025"": 0, ""C0026"": 0, ""row_slack_R0004"": 1}",optimal,3.120045884978026,0.0,"{""C0023"": 0, ""C0024"": 0, ""C0025"": 0, ""C0026"": 0, ""row_slack_R0004"": 1}",5,,5.064562465064228,172.12890625,
ns1830653_ds_qaoa_R0880_0001,/home/zhenyusen/MIP-quantum/data/miplib_benders/qaoa_problems/nvars_05/ns1830653_ds_qaoa_R0880_0001.json,5,1,8,32768,qaoa,feasible,3.4896531549748033,224.0,"{""C0234"": 0, ""C0252"": 0, ""C0270"": 0, ""C0288"": 0, ""C0306"": 1}",optimal,3.4896531549748033,224.0,"{""C0234"": 0, ""C0252"": 0, ""C0270"": 0, ""C0288"": 0, ""C0306"": 1}",5,,4.883422198938206,172.12109375,
ns1830653_ds_qaoa_R0880_0002,/home/zhenyusen/MIP-quantum/data/miplib_benders/qaoa_problems/nvars_05/ns1830653_ds_qaoa_R0880_0002.json,5,1,8,32768,qaoa,feasible,3.3866744400002062,127.0,"{""C0252"": 0, ""C0270"": 0, ""C0288"": 0, ""C0306"": 0, ""C0504"": 1}",optimal,3.3866744400002062,224.0,"{""C0252"": 0, ""C0270"": 0, ""C0288"": 0, ""C0306"": 1, ""C0504"": 0}",5,,4.831175635103136,172.24609375,
ns1830653_ds_qaoa_R0898_0001,/home/zhenyusen/MIP-quantum/data/miplib_benders/qaoa_problems/nvars_05/ns1830653_ds_qaoa_R0898_0001.json,5,1,8,32768,qaoa,feasible,3.9653435049112886,148.0,"{""C0360"": 0, ""C0378"": 0, ""C0396"": 0, ""C0414"": 0, ""C0432"": 1}",optimal,3.9653435049112886,221.0,"{""C0360"": 0, ""C0378"": 0, ""C0396"": 1, ""C0414"": 0, ""C0432"": 0}",5,,5.6584965898655355,167.6015625,
ns1830653_ds_qaoa_R0898_0002,/home/zhenyusen/MIP-quantum/data/miplib_benders/qaoa_problems/nvars_05/ns1830653_ds_qaoa_R0898_0002.json,5,1,8,32768,qaoa,feasible,3.546229955041781,264.0,"{""C0378"": 0, ""C0396"": 0, ""C0414"": 0, ""C0432"": 0, ""C0450"": 1}",optimal,3.546229955041781,264.0,"{""C0378"": 0, ""C0396"": 0, ""C0414"": 0, ""C0432"": 0, ""C0450"": 1}",5,,4.9894312841352075,175.1484375,
ns1830653_ds_qaoa_R0898_0003,/home/zhenyusen/MIP-quantum/data/miplib_benders/qaoa_problems/nvars_05/ns1830653_ds_qaoa_R0898_0003.json,5,1,8,32768,qaoa,feasible,3.5757136498577893,224.0,"{""C0396"": 0, ""C0414"": 0, ""C0432"": 0, ""C0450"": 0, ""C0468"": 1}",optimal,3.5757136498577893,264.0,"{""C0396"": 0, ""C0414"": 0, ""C0432"": 0, ""C0450"": 1, ""C0468"": 0}",5,,4.976980756036937,169.5859375,
ns1830653_ds_qaoa_R0898_0004,/home/zhenyusen/MIP-quantum/data/miplib_benders/qaoa_problems/nvars_05/ns1830653_ds_qaoa_R0898_0004.json,5,1,8,32768,qaoa,feasible,3.5336513039655983,58.0,"{""C0414"": 0, ""C0432"": 0, ""C0450"": 0, ""C0468"": 0, ""C0522"": 1}",optimal,3.5336513039655983,264.0,"{""C0414"": 0, ""C0432"": 0, ""C0450"": 1, ""C0468"": 0, ""C0522"": 0}",5,,5.033092885976657,172.15234375,
satellites2-60-fs_ds_qaoa_R13541_0001,/home/zhenyusen/MIP-quantum/data/miplib_benders/qaoa_problems/nvars_05/satellites2-60-fs_ds_qaoa_R13541_0001.json,5,1,8,32768,qaoa,feasible,3.3178093899041414,0.0,"{""C34179"": 0, ""C34180"": 0, ""C34181"": 0, ""C34182"": 0, ""row_slack_R13541"": 1}",optimal,3.3178093899041414,0.0,"{""C34179"": 0, ""C34180"": 0, ""C34181"": 0, ""C34182"": 0, ""row_slack_R13541"": 1}",5,,5.0973474129568785,168.67578125,
supportcase6_ds_qaoa_c539_c722_0010,/home/zhenyusen/MIP-quantum/data/miplib_benders/qaoa_problems/nvars_05/supportcase6_ds_qaoa_c539_c722_0010.json,5,2,8,32768,qaoa,feasible,3.402953651966527,151847000.0,"{""B101043(7)"": 0, ""B101058(7)"": 1, ""B101479(7)"": 0, ""B101485(7)"": 0, ""B101487(7)"": 0}",optimal,3.402953651966527,151847000.0,"{""B101043(7)"": 0, ""B101058(7)"": 1, ""B101479(7)"": 0, ""B101485(7)"": 0, ""B101487(7)"": 0}",2,,4.9519031518138945,167.25390625,
supportcase6_ds_qaoa_c722_0001,/home/zhenyusen/MIP-quantum/data/miplib_benders/qaoa_problems/nvars_05/supportcase6_ds_qaoa_c722_0001.json,5,1,8,32768,qaoa,feasible,3.755682756192982,144887000.0,"{""B100166(7)"": 0, ""B100594(7)"": 0, ""B100600(7)"": 0, ""B100602(7)"": 0, ""B100608(7)"": 1}",optimal,3.755682756192982,151847000.0,"{""B100166(7)"": 1, ""B100594(7)"": 0, ""B100600(7)"": 0, ""B100602(7)"": 0, ""B100608(7)"": 0}",5,,5.215590568026528,171.48828125,
supportcase6_ds_qaoa_c722_0002,/home/zhenyusen/MIP-quantum/data/miplib_benders/qaoa_problems/nvars_05/supportcase6_ds_qaoa_c722_0002.json,5,1,8,32768,qaoa,feasible,3.3465758378151804,151847000.0,"{""B100594(7)"": 0, ""B100600(7)"": 0, ""B100602(7)"": 0, ""B100608(7)"": 0, ""B100623(7)"": 1}",optimal,3.3465758378151804,151847000.0,"{""B100594(7)"": 0, ""B100600(7)"": 0, ""B100602(7)"": 0, ""B100608(7)"": 0, ""B100623(7)"": 1}",5,,4.715391666861251,168.95703125,
supportcase6_ds_qaoa_c722_0003,/home/zhenyusen/MIP-quantum/data/miplib_benders/qaoa_problems/nvars_05/supportcase6_ds_qaoa_c722_0003.json,5,1,8,32768,qaoa,feasible,3.177815533010289,150892000.0,"{""B100600(7)"": 0, ""B100602(7)"": 0, ""B100608(7)"": 0, ""B100623(7)"": 0, ""B101029(7)"": 1}",optimal,3.177815533010289,151847000.0,"{""B100600(7)"": 0, ""B100602(7)"": 0, ""B100608(7)"": 0, ""B100623(7)"": 1, ""B101029(7)"": 0}",5,,4.600452236132696,172.12109375,
supportcase6_ds_qaoa_c722_0004,/home/zhenyusen/MIP-quantum/data/miplib_benders/qaoa_problems/nvars_05/supportcase6_ds_qaoa_c722_0004.json,5,1,8,32768,qaoa,feasible,3.2871589651331306,134333000.0,"{""B100602(7)"": 0, ""B100608(7)"": 0, ""B100623(7)"": 0, ""B101029(7)"": 0, ""B101035(7)"": 1}",optimal,3.2871589651331306,151847000.0,"{""B100602(7)"": 0, ""B100608(7)"": 0, ""B100623(7)"": 1, ""B101029(7)"": 0, ""B101035(7)"": 0}",5,,4.7402552189305425,172.1328125,
supportcase6_ds_qaoa_c722_0005,/home/zhenyusen/MIP-quantum/data/miplib_benders/qaoa_problems/nvars_05/supportcase6_ds_qaoa_c722_0005.json,5,1,8,32768,qaoa,feasible,3.363629153929651,145944000.0,"{""B100608(7)"": 0, ""B100623(7)"": 0, ""B101029(7)"": 0, ""B101035(7)"": 0, ""B101037(7)"": 1}",optimal,3.363629153929651,151847000.0,"{""B100608(7)"": 0, ""B100623(7)"": 1, ""B101029(7)"": 0, ""B101035(7)"": 0, ""B101037(7)"": 0}",5,,4.975325600942597,168.33984375,
supportcase6_ds_qaoa_c722_c726_0001,/home/zhenyusen/MIP-quantum/data/miplib_benders/qaoa_problems/nvars_05/supportcase6_ds_qaoa_c722_c726_0001.json,5,2,8,32768,qaoa,feasible,3.013873405987397,145944000.0,"{""B100166(7)"": 0, ""B100594(7)"": 0, ""B100600(7)"": 0, ""B100602(7)"": 1, ""B100608(7)"": 0}",optimal,3.013873405987397,151847000.0,"{""B100166(7)"": 1, ""B100594(7)"": 0, ""B100600(7)"": 0, ""B100602(7)"": 0, ""B100608(7)"": 0}",4,,4.4546244740486145,172.0,
supportcase6_ds_qaoa_c722_c726_0002,/home/zhenyusen/MIP-quantum/data/miplib_benders/qaoa_problems/nvars_05/supportcase6_ds_qaoa_c722_c726_0002.json,5,2,8,32768,qaoa,feasible,3.1273275669664145,151847000.0,"{""B100594(7)"": 0, ""B100600(7)"": 0, ""B100602(7)"": 0, ""B100608(7)"": 0, ""B100623(7)"": 1}",optimal,3.1273275669664145,151847000.0,"{""B100594(7)"": 0, ""B100600(7)"": 0, ""B100602(7)"": 0, ""B100608(7)"": 0, ""B100623(7)"": 1}",4,,4.9258537529967725,172.0,
supportcase6_ds_qaoa_c722_c726_0003,/home/zhenyusen/MIP-quantum/data/miplib_benders/qaoa_problems/nvars_05/supportcase6_ds_qaoa_c722_c726_0003.json,5,2,8,32768,qaoa,feasible,3.329063638113439,150892000.0,"{""B100600(7)"": 0, ""B100602(7)"": 0, ""B100608(7)"": 0, ""B100623(7)"": 0, ""B101029(7)"": 1}",optimal,3.329063638113439,151847000.0,"{""B100600(7)"": 0, ""B100602(7)"": 0, ""B100608(7)"": 0, ""B100623(7)"": 1, ""B101029(7)"": 0}",4,,4.687208110932261,172.0,
supportcase6_ds_qaoa_c722_c726_0004,/home/zhenyusen/MIP-quantum/data/miplib_benders/qaoa_problems/nvars_05/supportcase6_ds_qaoa_c722_c726_0004.json,5,2,8,32768,qaoa,feasible,3.6301898839883506,134333000.0,"{""B100602(7)"": 0, ""B100608(7)"": 0, ""B100623(7)"": 0, ""B101029(7)"": 0, ""B101035(7)"": 1}",optimal,3.6301898839883506,151847000.0,"{""B100602(7)"": 0, ""B100608(7)"": 0, ""B100623(7)"": 1, ""B101029(7)"": 0, ""B101035(7)"": 0}",4,,5.046664383029565,172.0,
supportcase6_ds_qaoa_c722_c726_0005,/home/zhenyusen/MIP-quantum/data/miplib_benders/qaoa_problems/nvars_05/supportcase6_ds_qaoa_c722_c726_0005.json,5,2,8,32768,qaoa,feasible,3.412958218017593,145944000.0,"{""B100608(7)"": 0, ""B100623(7)"": 0, ""B101029(7)"": 0, ""B101035(7)"": 0, ""B101037(7)"": 1}",optimal,3.412958218017593,151847000.0,"{""B100608(7)"": 0, ""B100623(7)"": 1, ""B101029(7)"": 0, ""B101035(7)"": 0, ""B101037(7)"": 0}",4,,4.827357697067782,172.0,
supportcase6_ds_qaoa_c726_0001,/home/zhenyusen/MIP-quantum/data/miplib_benders/qaoa_problems/nvars_05/supportcase6_ds_qaoa_c726_0001.json,5,1,8,32768,qaoa,feasible,2.708490747027099,151847000.0,"{""B100166(7)"": 0, ""B100594(7)"": 0, ""B100600(7)"": 0, ""B100602(7)"": 0, ""B100623(7)"": 1}",optimal,2.708490747027099,151847000.0,"{""B100166(7)"": 0, ""B100594(7)"": 0, ""B100600(7)"": 0, ""B100602(7)"": 0, ""B100623(7)"": 1}",5,,3.981166606070474,170.1171875,
supportcase6_ds_qaoa_c726_0002,/home/zhenyusen/MIP-quantum/data/miplib_benders/qaoa_problems/nvars_05/supportcase6_ds_qaoa_c726_0002.json,5,1,8,32768,qaoa,feasible,3.3943588379770517,150892000.0,"{""B100594(7)"": 0, ""B100600(7)"": 0, ""B100602(7)"": 0, ""B100623(7)"": 0, ""B101029(7)"": 1}",optimal,3.3943588379770517,151847000.0,"{""B100594(7)"": 0, ""B100600(7)"": 0, ""B100602(7)"": 0, ""B100623(7)"": 1, ""B101029(7)"": 0}",5,,5.128746998962015,172.12890625,
supportcase6_ds_qaoa_c726_0003,/home/zhenyusen/MIP-quantum/data/miplib_benders/qaoa_problems/nvars_05/supportcase6_ds_qaoa_c726_0003.json,5,1,8,32768,qaoa,feasible,3.415649687871337,134333000.0,"{""B100600(7)"": 0, ""B100602(7)"": 0, ""B100623(7)"": 0, ""B101029(7)"": 0, ""B101035(7)"": 1}",optimal,3.415649687871337,151847000.0,"{""B100600(7)"": 0, ""B100602(7)"": 0, ""B100623(7)"": 1, ""B101029(7)"": 0, ""B101035(7)"": 0}",5,,4.737776839872822,169.984375,
supportcase6_ds_qaoa_c726_0004,/home/zhenyusen/MIP-quantum/data/miplib_benders/qaoa_problems/nvars_05/supportcase6_ds_qaoa_c726_0004.json,5,1,8,32768,qaoa,feasible,3.171745721017942,145944000.0,"{""B100602(7)"": 0, ""B100623(7)"": 0, ""B101029(7)"": 0, ""B101035(7)"": 0, ""B101037(7)"": 1}",optimal,3.171745721017942,151847000.0,"{""B100602(7)"": 0, ""B100623(7)"": 1, ""B101029(7)"": 0, ""B101035(7)"": 0, ""B101037(7)"": 0}",5,,4.561835722066462,172.12890625,
supportcase6_ds_qaoa_c733_0001,/home/zhenyusen/MIP-quantum/data/miplib_benders/qaoa_problems/nvars_05/supportcase6_ds_qaoa_c733_0001.json,5,1,8,32768,qaoa,feasible,3.281319651985541,134333000.0,"{""B100600(7)"": 0, ""B100608(7)"": 0, ""B101035(7)"": 0, ""B101043(7)"": 0, ""B101485(7)"": 1}",optimal,3.281319651985541,144887000.0,"{""B100600(7)"": 0, ""B100608(7)"": 0, ""B101035(7)"": 0, ""B101043(7)"": 1, ""B101485(7)"": 0}",5,,4.654840225121006,172.25390625,
supportcase6_ds_qaoa_c733_c745_0002,/home/zhenyusen/MIP-quantum/data/miplib_benders/qaoa_problems/nvars_05/supportcase6_ds_qaoa_c733_c745_0002.json,5,2,8,32768,qaoa,feasible,2.778168798191473,134333000.0,"{""B100600(7)"": 0, ""B100602(7)"": 0, ""B100608(7)"": 0, ""B101029(7)"": 0, ""B101035(7)"": 1}",optimal,2.778168798191473,144887000.0,"{""B100600(7)"": 0, ""B100602(7)"": 0, ""B100608(7)"": 1, ""B101029(7)"": 0, ""B101035(7)"": 0}",3,,4.128307226113975,167.38671875,
supportcase6_ds_qaoa_c733_c745_0004,/home/zhenyusen/MIP-quantum/data/miplib_benders/qaoa_problems/nvars_05/supportcase6_ds_qaoa_c733_c745_0004.json,5,2,8,32768,qaoa,feasible,2.9973973319865763,144887000.0,"{""B100608(7)"": 0, ""B101029(7)"": 0, ""B101035(7)"": 0, ""B101037(7)"": 0, ""B101043(7)"": 1}",optimal,2.9973973319865763,144887000.0,"{""B100608(7)"": 0, ""B101029(7)"": 0, ""B101035(7)"": 0, ""B101037(7)"": 0, ""B101043(7)"": 1}",3,,4.3168400910217315,172.0,
supportcase6_ds_qaoa_c745_0001,/home/zhenyusen/MIP-quantum/data/miplib_benders/qaoa_problems/nvars_05/supportcase6_ds_qaoa_c745_0001.json,5,1,8,32768,qaoa,feasible,3.4789057220332325,150892000.0,"{""B100594(7)"": 0, ""B100600(7)"": 0, ""B100602(7)"": 0, ""B100608(7)"": 0, ""B101029(7)"": 1}",optimal,3.4789057220332325,150892000.0,"{""B100594(7)"": 0, ""B100600(7)"": 0, ""B100602(7)"": 0, ""B100608(7)"": 0, ""B101029(7)"": 1}",5,,4.933752149809152,170.49609375,
supportcase6_ds_qaoa_c745_0002,/home/zhenyusen/MIP-quantum/data/miplib_benders/qaoa_problems/nvars_05/supportcase6_ds_qaoa_c745_0002.json,5,1,8,32768,qaoa,feasible,3.2417027030605823,134333000.0,"{""B100600(7)"": 0, ""B100602(7)"": 0, ""B100608(7)"": 0, ""B101029(7)"": 0, ""B101035(7)"": 1}",optimal,3.2417027030605823,150892000.0,"{""B100600(7)"": 0, ""B100602(7)"": 0, ""B100608(7)"": 0, ""B101029(7)"": 1, ""B101035(7)"": 0}",5,,4.771304325899109,172.12890625,
supportcase6_ds_qaoa_c745_0003,/home/zhenyusen/MIP-quantum/data/miplib_benders/qaoa_problems/nvars_05/supportcase6_ds_qaoa_c745_0003.json,5,1,8,32768,qaoa,feasible,3.3265696759335697,145944000.0,"{""B100602(7)"": 0, ""B100608(7)"": 0, ""B101029(7)"": 0, ""B101035(7)"": 0, ""B101037(7)"": 1}",optimal,3.3265696759335697,150892000.0,"{""B100602(7)"": 0, ""B100608(7)"": 0, ""B101029(7)"": 1, ""B101035(7)"": 0, ""B101037(7)"": 0}",5,,5.222556432010606,168.546875,
supportcase6_ds_qaoa_c745_0004,/home/zhenyusen/MIP-quantum/data/miplib_benders/qaoa_problems/nvars_05/supportcase6_ds_qaoa_c745_0004.json,5,1,8,32768,qaoa,feasible,2.780009248992428,144887000.0,"{""B100608(7)"": 0, ""B101029(7)"": 0, ""B101035(7)"": 0, ""B101037(7)"": 0, ""B101043(7)"": 1}",optimal,2.780009248992428,150892000.0,"{""B100608(7)"": 0, ""B101029(7)"": 1, ""B101035(7)"": 0, ""B101037(7)"": 0, ""B101043(7)"": 0}",5,,4.065423055086285,172.125,
supportcase6_ds_qaoa_c745_c747_0001,/home/zhenyusen/MIP-quantum/data/miplib_benders/qaoa_problems/nvars_05/supportcase6_ds_qaoa_c745_c747_0001.json,5,2,8,32768,qaoa,feasible,3.6115410500206053,144887000.0,"{""B100166(7)"": 0, ""B100594(7)"": 0, ""B100600(7)"": 0, ""B100602(7)"": 0, ""B100608(7)"": 1}",optimal,3.6115410500206053,150892000.0,"{""B100166(7)"": 0, ""B100594(7)"": 1, ""B100600(7)"": 0, ""B100602(7)"": 0, ""B100608(7)"": 0}",4,,5.024307364132255,172.0,
supportcase6_ds_qaoa_c745_c747_0002,/home/zhenyusen/MIP-quantum/data/miplib_benders/qaoa_problems/nvars_05/supportcase6_ds_qaoa_c745_c747_0002.json,5,2,8,32768,qaoa,feasible,2.704789469949901,144887000.0,"{""B100594(7)"": 0, ""B100600(7)"": 0, ""B100602(7)"": 0, ""B100608(7)"": 1, ""B100623(7)"": 0}",optimal,2.704789469949901,150892000.0,"{""B100594(7)"": 1, ""B100600(7)"": 0, ""B100602(7)"": 0, ""B100608(7)"": 0, ""B100623(7)"": 0}",4,,3.9516182020306587,172.0,
supportcase6_ds_qaoa_c745_c747_0003,/home/zhenyusen/MIP-quantum/data/miplib_benders/qaoa_problems/nvars_05/supportcase6_ds_qaoa_c745_c747_0003.json,5,2,8,32768,qaoa,feasible,2.704270404065028,150892000.0,"{""B100600(7)"": 0, ""B100602(7)"": 0, ""B100608(7)"": 0, ""B100623(7)"": 0, ""B101029(7)"": 1}",optimal,2.704270404065028,150892000.0,"{""B100600(7)"": 0, ""B100602(7)"": 0, ""B100608(7)"": 0, ""B100623(7)"": 0, ""B101029(7)"": 1}",4,,3.9371106531471014,172.0,
supportcase6_ds_qaoa_c745_c747_0004,/home/zhenyusen/MIP-quantum/data/miplib_benders/qaoa_problems/nvars_05/supportcase6_ds_qaoa_c745_c747_0004.json,5,2,8,32768,qaoa,feasible,2.925514987902716,134333000.0,"{""B100602(7)"": 0, ""B100608(7)"": 0, ""B100623(7)"": 0, ""B101029(7)"": 0, ""B101035(7)"": 1}",optimal,2.925514987902716,150892000.0,"{""B100602(7)"": 0, ""B100608(7)"": 0, ""B100623(7)"": 0, ""B101029(7)"": 1, ""B101035(7)"": 0}",4,,4.777580905938521,172.0,
supportcase6_ds_qaoa_c745_c747_0005,/home/zhenyusen/MIP-quantum/data/miplib_benders/qaoa_problems/nvars_05/supportcase6_ds_qaoa_c745_c747_0005.json,5,2,8,32768,qaoa,feasible,2.5916252059396356,145944000.0,"{""B100608(7)"": 0, ""B100623(7)"": 0, ""B101029(7)"": 0, ""B101035(7)"": 0, ""B101037(7)"": 1}",optimal,2.5916252059396356,150892000.0,"{""B100608(7)"": 0, ""B100623(7)"": 0, ""B101029(7)"": 1, ""B101035(7)"": 0, ""B101037(7)"": 0}",4,,3.844328253995627,172.0,
supportcase6_ds_qaoa_c759_0001,/home/zhenyusen/MIP-quantum/data/miplib_benders/qaoa_problems/nvars_05/supportcase6_ds_qaoa_c759_0001.json,5,1,8,32768,qaoa,feasible,3.466591775882989,151847000.0,"{""B100166(7)"": 0, ""B100594(7)"": 0, ""B100623(7)"": 0, ""B101029(7)"": 0, ""B101058(7)"": 1}",optimal,3.466591775882989,151847000.0,"{""B100166(7)"": 0, ""B100594(7)"": 0, ""B100623(7)"": 0, ""B101029(7)"": 0, ""B101058(7)"": 1}",5,,5.014690370066091,168.328125,
supportcase6_ds_qaoa_c759_0002,/home/zhenyusen/MIP-quantum/data/miplib_benders/qaoa_problems/nvars_05/supportcase6_ds_qaoa_c759_0002.json,5,1,8,32768,qaoa,feasible,3.1441042439546436,150892000.0,"{""B100594(7)"": 0, ""B100623(7)"": 0, ""B101029(7)"": 0, ""B101058(7)"": 0, ""B101479(7)"": 1}",optimal,3.1441042439546436,151847000.0,"{""B100594(7)"": 0, ""B100623(7)"": 0, ""B101029(7)"": 0, ""B101058(7)"": 1, ""B101479(7)"": 0}",5,,4.510995183140039,168.2890625,
supportcase6_ds_qaoa_c759_c762_0001,/home/zhenyusen/MIP-quantum/data/miplib_benders/qaoa_problems/nvars_05/supportcase6_ds_qaoa_c759_c762_0001.json,5,2,8,32768,qaoa,feasible,3.0916427860502154,151847000.0,"{""B100166(7)"": 0, ""B100594(7)"": 0, ""B100602(7)"": 0, ""B100608(7)"": 0, ""B100623(7)"": 1}",optimal,3.0916427860502154,296836000.0,"{""B100166(7)"": 0, ""B100594(7)"": 1, ""B100602(7)"": 1, ""B100608(7)"": 0, ""B100623(7)"": 0}",4,,4.457628113916144,168.0,
supportcase6_ds_qaoa_c759_c762_0002,/home/zhenyusen/MIP-quantum/data/miplib_benders/qaoa_problems/nvars_05/supportcase6_ds_qaoa_c759_c762_0002.json,5,2,8,32768,qaoa,feasible,2.2945125808473676,151847000.0,"{""B100594(7)"": 0, ""B100602(7)"": 0, ""B100608(7)"": 0, ""B100623(7)"": 1, ""B101029(7)"": 0}",optimal,2.2945125808473676,296836000.0,"{""B100594(7)"": 0, ""B100602(7)"": 1, ""B100608(7)"": 0, ""B100623(7)"": 0, ""B101029(7)"": 1}",5,,3.5032495830673724,172.0,
supportcase6_ds_qaoa_c762_0001,/home/zhenyusen/MIP-quantum/data/miplib_benders/qaoa_problems/nvars_05/supportcase6_ds_qaoa_c762_0001.json,5,1,8,32768,qaoa,feasible,3.4675411500502378,145944000.0,"{""B100166(7)"": 0, ""B100602(7)"": 0, ""B100608(7)"": 0, ""B100623(7)"": 0, ""B101037(7)"": 1}",optimal,3.4675411500502378,151847000.0,"{""B100166(7)"": 0, ""B100602(7)"": 0, ""B100608(7)"": 0, ""B100623(7)"": 1, ""B101037(7)"": 0}",5,,5.178808705881238,169.87890625,
supportcase6_ds_qaoa_c762_0002,/home/zhenyusen/MIP-quantum/data/miplib_benders/qaoa_problems/nvars_05/supportcase6_ds_qaoa_c762_0002.json,5,1,8,32768,qaoa,feasible,3.083100409945473,144887000.0,"{""B100602(7)"": 0, ""B100608(7)"": 0, ""B100623(7)"": 0, ""B101037(7)"": 0, ""B101043(7)"": 1}",optimal,3.083100409945473,151847000.0,"{""B100602(7)"": 0, ""B100608(7)"": 0, ""B100623(7)"": 1, ""B101037(7)"": 0, ""B101043(7)"": 0}",5,,4.454569505061954,169.140625,
supportcase6_ds_qaoa_c762_0003,/home/zhenyusen/MIP-quantum/data/miplib_benders/qaoa_problems/nvars_05/supportcase6_ds_qaoa_c762_0003.json,5,1,8,32768,qaoa,feasible,3.4410169310867786,151847000.0,"{""B100608(7)"": 0, ""B100623(7)"": 0, ""B101037(7)"": 0, ""B101043(7)"": 0, ""B101058(7)"": 1}",optimal,3.4410169310867786,151847000.0,"{""B100608(7)"": 0, ""B100623(7)"": 0, ""B101037(7)"": 0, ""B101043(7)"": 0, ""B101058(7)"": 1}",5,,4.987034233054146,164.6015625,
ex10_ds_qaoa_NOD26_0001,/home/zhenyusen/MIP-quantum/data/miplib_benders/qaoa_problems/nvars_06/ex10_ds_qaoa_NOD26_0001.json,6,1,8,262144,qaoa,feasible,8.586354244034737,1.0,"{""b26_220"": 0, ""b26_222"": 0, ""b26_223"": 0, ""b26_230"": 0, ""b26_240"": 0, ""b26_241"": 1}",optimal,8.586354244034737,1.0,"{""b26_220"": 0, ""b26_222"": 0, ""b26_223"": 0, ""b26_230"": 0, ""b26_240"": 0, ""b26_241"": 1}",6,,9.998287544120103,357.26171875,
ex10_ds_qaoa_NOD26_NOD2X2_0001,/home/zhenyusen/MIP-quantum/data/miplib_benders/qaoa_problems/nvars_06/ex10_ds_qaoa_NOD26_NOD2X2_0001.json,6,2,8,262144,qaoa,feasible,7.988714730134234,1.0,"{""b26_220"": 0, ""b26_222"": 0, ""b26_223"": 1, ""b26_230"": 0, ""b26_240"": 0, ""b26_241"": 0}",optimal,7.988714730134234,1.0,"{""b26_220"": 0, ""b26_222"": 0, ""b26_223"": 1, ""b26_230"": 0, ""b26_240"": 0, ""b26_241"": 0}",3,,9.31889646104537,337.171875,
ex9_ds_qaoa_NOD2X5_NOD37_0006,/home/zhenyusen/MIP-quantum/data/miplib_benders/qaoa_problems/nvars_06/ex9_ds_qaoa_NOD2X5_NOD37_0006.json,6,2,8,262144,qaoa,feasible,9.154197407886386,1.0,"{""b37_241"": 0, ""b37_242"": 0, ""b37_243"": 0, ""b37_250"": 0, ""b37_251"": 0, ""b37_252"": 1}",optimal,9.154197407886386,1.0,"{""b37_241"": 0, ""b37_242"": 0, ""b37_243"": 0, ""b37_250"": 0, ""b37_251"": 0, ""b37_252"": 1}",3,,10.725084865000099,335.14453125,
ex9_ds_qaoa_NOD2X5_NOD37_0007,/home/zhenyusen/MIP-quantum/data/miplib_benders/qaoa_problems/nvars_06/ex9_ds_qaoa_NOD2X5_NOD37_0007.json,6,2,8,262144,qaoa,feasible,8.94364406610839,1.0,"{""b37_242"": 0, ""b37_243"": 0, ""b37_250"": 0, ""b37_251"": 0, ""b37_252"": 0, ""b37_253"": 1}",optimal,8.94364406610839,1.0,"{""b37_242"": 0, ""b37_243"": 0, ""b37_250"": 0, ""b37_251"": 0, ""b37_252"": 0, ""b37_253"": 1}",4,,10.445266140857711,327.14453125,
ex9_ds_qaoa_NOD2X5_NOD37_0008,/home/zhenyusen/MIP-quantum/data/miplib_benders/qaoa_problems/nvars_06/ex9_ds_qaoa_NOD2X5_NOD37_0008.json,6,2,8,262144,qaoa,feasible,8.255285435821861,1.0,"{""b37_243"": 0, ""b37_250"": 0, ""b37_251"": 0, ""b37_252"": 0, ""b37_253"": 1, ""b37_260"": 0}",optimal,8.255285435821861,1.0,"{""b37_243"": 0, ""b37_250"": 0, ""b37_251"": 0, ""b37_252"": 0, ""b37_253"": 1, ""b37_260"": 0}",4,,9.536280521890149,341.24609375,
ex9_ds_qaoa_NOD2X5_NOD37_0009,/home/zhenyusen/MIP-quantum/data/miplib_benders/qaoa_problems/nvars_06/ex9_ds_qaoa_NOD2X5_NOD37_0009.json,6,2,8,262144,qaoa,feasible,9.239726722007617,1.0,"{""b37_250"": 0, ""b37_251"": 0, ""b37_252"": 0, ""b37_253"": 1, ""b37_260"": 0, ""b37_261"": 0}",optimal,9.239726722007617,1.0,"{""b37_250"": 0, ""b37_251"": 0, ""b37_252"": 0, ""b37_253"": 1, ""b37_260"": 0, ""b37_261"": 0}",4,,10.85136147099547,327.140625,
highschool1-aigio_ds_qaoa_spreadEventsUB_SpreadEvents1_108_Th_subeventsNotActive_108_1_1_0003,/home/zhenyusen/MIP-quantum/data/miplib_benders/qaoa_problems/nvars_06/highschool1-aigio_ds_qaoa_spreadEventsUB_SpreadEvents1_108_Th_subeventsNotActive_108_1_1_0003.json,6,2,8,262144,qaoa,feasible,8.954139502020553,0.0,"{""row_slack_spreadEventsUB_SpreadEvents1_108_Th"": 1, ""row_slack_subeventsNotActive_108_1_1"": 0, ""y(108#1#1,Mo_6)"": 0, ""y(108#1#1,Th_4)"": 0, ""y(108#1#1,Th_5)"": 0, ""y(108#1#1,Th_6)"": 0}",optimal,8.954139502020553,10.0,"{""row_slack_spreadEventsUB_SpreadEvents1_108_Th"": 0, ""row_slack_subeventsNotActive_108_1_1"": 7, ""y(108#1#1,Mo_6)"": 6, ""y(108#1#1,Th_4)"": 0, ""y(108#1#1,Th_5)"": 0, ""y(108#1#1,Th_6)"": 1}",29,,10.465266717132181,335.1640625,
highschool1-aigio_ds_qaoa_spreadEventsUB_SpreadEvents1_108_Th_subeventsNotActive_108_1_1_0004,/home/zhenyusen/MIP-quantum/data/miplib_benders/qaoa_problems/nvars_06/highschool1-aigio_ds_qaoa_spreadEventsUB_SpreadEvents1_108_Th_subeventsNotActive_108_1_1_0004.json,6,2,8,262144,qaoa,feasible,9.039208878064528,0.0,"{""row_slack_spreadEventsUB_SpreadEvents1_108_Th"": 1, ""row_slack_subeventsNotActive_108_1_1"": 0, ""y(108#1#1,Th_4)"": 0, ""y(108#1#1,Th_5)"": 0, ""y(108#1#1,Th_6)"": 0, ""y(108#1#2,Th_4)"": 0}",optimal,9.039208878064528,4.0,"{""row_slack_spreadEventsUB_SpreadEvents1_108_Th"": 0, ""row_slack_subeventsNotActive_108_1_1"": 0, ""y(108#1#1,Th_4)"": 0, ""y(108#1#1,Th_5)"": 0, ""y(108#1#1,Th_6)"": 0, ""y(108#1#2,Th_4)"": 1}",5,,10.625880290055647,337.16796875,
irp_ds_qaoa_R0002_0001,/home/zhenyusen/MIP-quantum/data/miplib_benders/qaoa_problems/nvars_06/irp_ds_qaoa_R0002_0001.json,6,1,8,262144,qaoa,feasible,9.536271112971008,5946950000.0,"{""C16904"": 0, ""C16905"": 0, ""C16906"": 0, ""C16908"": 0, ""C16909"": 0, ""C16910"": 1}",optimal,9.536271112971008,6154830000.0,"{""C16904"": 1, ""C16905"": 0, ""C16906"": 0, ""C16908"": 0, ""C16909"": 0, ""C16910"": 0}",6,,10.970717788208276,340.03125,
irp_ds_qaoa_R0002_0002,/home/zhenyusen/MIP-quantum/data/miplib_benders/qaoa_problems/nvars_06/irp_ds_qaoa_R0002_0002.json,6,1,8,262144,qaoa,feasible,9.142044207081199,6340890000.0,"{""C16905"": 0, ""C16906"": 0, ""C16908"": 0, ""C16909"": 0, ""C16910"": 0, ""C16911"": 1}",optimal,9.142044207081199,6340890000.0,"{""C16905"": 0, ""C16906"": 0, ""C16908"": 0, ""C16909"": 0, ""C16910"": 0, ""C16911"": 1}",6,,10.712228645104915,345.13671875,
irp_ds_qaoa_R0002_0003,/home/zhenyusen/MIP-quantum/data/miplib_benders/qaoa_problems/nvars_06/irp_ds_qaoa_R0002_0003.json,6,1,8,262144,qaoa,feasible,9.270117151085287,5861380000.0,"{""C16906"": 0, ""C16908"": 0, ""C16909"": 0, ""C16910"": 0, ""C16911"": 0, ""C16912"": 1}",optimal,9.270117151085287,6340890000.0,"{""C16906"": 0, ""C16908"": 0, ""C16909"": 0, ""C16910"": 0, ""C16911"": 1, ""C16912"": 0}",6,,10.739698149031028,364.23828125,
irp_ds_qaoa_R0002_0004,/home/zhenyusen/MIP-quantum/data/miplib_benders/qaoa_problems/nvars_06/irp_ds_qaoa_R0002_0004.json,6,1,8,262144,qaoa,feasible,8.914654379943386,5813350000.0,"{""C16908"": 0, ""C16909"": 0, ""C16910"": 0, ""C16911"": 0, ""C16912"": 0, ""C16913"": 1}",optimal,8.914654379943386,6340890000.0,"{""C16908"": 0, ""C16909"": 0, ""C16910"": 0, ""C16911"": 1, ""C16912"": 0, ""C16913"": 0}",6,,10.328837199136615,359.0078125,
irp_ds_qaoa_R0002_0005,/home/zhenyusen/MIP-quantum/data/miplib_benders/qaoa_problems/nvars_06/irp_ds_qaoa_R0002_0005.json,6,1,8,262144,qaoa,feasible,7.8503791419789195,5989160000.0,"{""C16909"": 0, ""C16910"": 0, ""C16911"": 0, ""C16912"": 0, ""C16913"": 0, ""C16915"": 1}",optimal,7.8503791419789195,6340890000.0,"{""C16909"": 0, ""C16910"": 0, ""C16911"": 1, ""C16912"": 0, ""C16913"": 0, ""C16915"": 0}",6,,9.195896223885939,343.13671875,
irp_ds_qaoa_R0002_0006,/home/zhenyusen/MIP-quantum/data/miplib_benders/qaoa_problems/nvars_06/irp_ds_qaoa_R0002_0006.json,6,1,8,262144,qaoa,feasible,8.466247966047376,5886900000.0,"{""C16910"": 0, ""C16911"": 0, ""C16912"": 0, ""C16913"": 0, ""C16915"": 0, ""C16916"": 1}",optimal,8.466247966047376,6340890000.0,"{""C16910"": 0, ""C16911"": 1, ""C16912"": 0, ""C16913"": 0, ""C16915"": 0, ""C16916"": 0}",6,,9.817230775021017,361.1328125,
irp_ds_qaoa_R0002_0007,/home/zhenyusen/MIP-quantum/data/miplib_benders/qaoa_problems/nvars_06/irp_ds_qaoa_R0002_0007.json,6,1,8,262144,qaoa,feasible,9.117102208081633,6280850000.0,"{""C16911"": 0, ""C16912"": 0, ""C16913"": 0, ""C16915"": 0, ""C16916"": 0, ""C16917"": 1}",optimal,9.117102208081633,6340890000.0,"{""C16911"": 1, ""C16912"": 0, ""C16913"": 0, ""C16915"": 0, ""C16916"": 0, ""C16917"": 0}",6,,10.570944719016552,356.86328125,
irp_ds_qaoa_R0002_0008,/home/zhenyusen/MIP-quantum/data/miplib_benders/qaoa_problems/nvars_06/irp_ds_qaoa_R0002_0008.json,6,1,8,262144,qaoa,feasible,8.990599462063983,5801330000.0,"{""C16912"": 0, ""C16913"": 0, ""C16915"": 0, ""C16916"": 0, ""C16917"": 0, ""C16918"": 1}",optimal,8.990599462063983,6280850000.0,"{""C16912"": 0, ""C16913"": 0, ""C16915"": 0, ""C16916"": 0, ""C16917"": 1, ""C16918"": 0}",6,,10.541099313180894,356.63671875,
irp_ds_qaoa_R0002_0009,/home/zhenyusen/MIP-quantum/data/miplib_benders/qaoa_problems/nvars_06/irp_ds_qaoa_R0002_0009.json,6,1,8,262144,qaoa,feasible,9.202357300091535,5753300000.0,"{""C16913"": 0, ""C16915"": 0, ""C16916"": 0, ""C16917"": 0, ""C16918"": 0, ""C16919"": 1}",optimal,9.202357300091535,6280850000.0,"{""C16913"": 0, ""C16915"": 0, ""C16916"": 0, ""C16917"": 1, ""C16918"": 0, ""C16919"": 0}",6,,10.716741421027109,343.14453125,
irp_ds_qaoa_R0010_R0015_0001,/home/zhenyusen/MIP-quantum/data/miplib_benders/qaoa_problems/nvars_06/irp_ds_qaoa_R0010_R0015_0001.json,6,2,8,262144,qaoa,feasible,9.174842636100948,5627280000.0,"{""C16904"": 0, ""C16905"": 0, ""C16906"": 1, ""C16908"": 0, ""C16909"": 0, ""C16910"": 0}",optimal,9.174842636100948,6154830000.0,"{""C16904"": 1, ""C16905"": 0, ""C16906"": 0, ""C16908"": 0, ""C16909"": 0, ""C16910"": 0}",3,,10.751956298947334,339.16015625,
irp_ds_qaoa_R0026_0001,/home/zhenyusen/MIP-quantum/data/miplib_benders/qaoa_problems/nvars_06/irp_ds_qaoa_R0026_0001.json,6,1,8,262144,qaoa,feasible,9.005920716095716,5753300000.0,"{""C16908"": 0, ""C16915"": 0, ""C16916"": 0, ""C16917"": 0, ""C16918"": 0, ""C16919"": 1}",optimal,9.005920716095716,6280850000.0,"{""C16908"": 0, ""C16915"": 0, ""C16916"": 0, ""C16917"": 1, ""C16918"": 0, ""C16919"": 0}",6,,10.548385796835646,340.6015625,
leo1_ds_qaoa_R0000031_R0000042_0003,/home/zhenyusen/MIP-quantum/data/miplib_benders/qaoa_problems/nvars_06/leo1_ds_qaoa_R0000031_R0000042_0003.json,6,2,8,262144,qaoa,feasible,8.847708195913583,3.0,"{""C0003539"": 0, ""C0003540"": 0, ""C0003541"": 1, ""C0003572"": 0, ""row_slack_R0000031"": 0, ""row_slack_R0000042"": 0}",optimal,8.847708195913583,11.0,"{""C0003539"": 0, ""C0003540"": 0, ""C0003541"": 1, ""C0003572"": 2, ""row_slack_R0000031"": 6, ""row_slack_R0000042"": 0}",21,,10.344324477016926,307.140625,
leo1_ds_qaoa_R0000042_R0000043_0003,/home/zhenyusen/MIP-quantum/data/miplib_benders/qaoa_problems/nvars_06/leo1_ds_qaoa_R0000042_R0000043_0003.json,6,2,8,262144,qaoa,feasible,8.40798511588946,3.0,"{""C0003539"": 0, ""C0003540"": 0, ""C0003541"": 1, ""C0003572"": 0, ""row_slack_R0000042"": 0, ""row_slack_R0000043"": 0}",optimal,8.40798511588946,11.0,"{""C0003539"": 0, ""C0003540"": 0, ""C0003541"": 1, ""C0003572"": 2, ""row_slack_R0000042"": 0, ""row_slack_R0000043"": 6}",15,,9.81220111506991,320.66796875,
leo1_ds_qaoa_R0000043_R0000047_0005,/home/zhenyusen/MIP-quantum/data/miplib_benders/qaoa_problems/nvars_06/leo1_ds_qaoa_R0000043_R0000047_0005.json,6,2,8,262144,qaoa,feasible,8.880422634072602,4.0,"{""C0003541"": 0, ""C0003572"": 0, ""C0003573"": 0, ""C0003574"": 1, ""row_slack_R0000043"": 0, ""row_slack_R0000047"": 0}",optimal,8.880422634072602,9.0,"{""C0003541"": 0, ""C0003572"": 0, ""C0003573"": 3, ""C0003574"": 0, ""row_slack_R0000043"": 6, ""row_slack_R0000047"": 6}",18,,10.375076126074418,323.13671875,
leo1_ds_qaoa_R0000047_R0000048_0005,/home/zhenyusen/MIP-quantum/data/miplib_benders/qaoa_problems/nvars_06/leo1_ds_qaoa_R0000047_R0000048_0005.json,6,2,8,262144,qaoa,feasible,8.967852843925357,8.0,"{""C0003541"": 0, ""C0003572"": 0, ""C0003573"": 0, ""C0003574"": 2, ""row_slack_R0000047"": 6, ""row_slack_R0000048"": 3}",optimal,8.967852843925357,9.0,"{""C0003541"": 0, ""C0003572"": 0, ""C0003573"": 3, ""C0003574"": 0, ""row_slack_R0000047"": 6, ""row_slack_R0000048"": 3}",14,,10.524004548089579,303.2578125,
leo1_ds_qaoa_R0000079_R0000090_0003,/home/zhenyusen/MIP-quantum/data/miplib_benders/qaoa_problems/nvars_06/leo1_ds_qaoa_R0000079_R0000090_0003.json,6,2,8,262144,qaoa,feasible,8.965818953933194,3.0,"{""C0003539"": 0, ""C0003540"": 0, ""C0003541"": 1, ""C0003572"": 0, ""row_slack_R0000079"": 0, ""row_slack_R0000090"": 0}",optimal,8.965818953933194,31.0,"{""C0003539"": 0, ""C0003540"": 0, ""C0003541"": 1, ""C0003572"": 7, ""row_slack_R0000079"": 7, ""row_slack_R0000090"": 0}",483,,10.352330395020545,345.140625,
leo1_ds_qaoa_R0000090_R0000091_0003,/home/zhenyusen/MIP-quantum/data/miplib_benders/qaoa_problems/nvars_06/leo1_ds_qaoa_R0000090_R0000091_0003.json,6,2,8,262144,qaoa,feasible,8.928454192122445,7.0,"{""C0003539"": 0, ""C0003540"": 0, ""C0003541"": 1, ""C0003572"": 1, ""row_slack_R0000090"": 0, ""row_slack_R0000091"": 0}",optimal,8.928454192122445,34.0,"{""C0003539"": 0, ""C0003540"": 0, ""C0003541"": 2, ""C0003572"": 7, ""row_slack_R0000090"": 1, ""row_slack_R0000091"": 7}",638,,10.304517759010196,359.14453125,
leo1_ds_qaoa_R0000091_R0000095_0005,/home/zhenyusen/MIP-quantum/data/miplib_benders/qaoa_problems/nvars_06/leo1_ds_qaoa_R0000091_R0000095_0005.json,6,2,8,262144,qaoa,feasible,8.76409765612334,8.0,"{""C0003541"": 0, ""C0003572"": 0, ""C0003573"": 0, ""C0003574"": 2, ""row_slack_R0000091"": 0, ""row_slack_R0000095"": 0}",optimal,8.76409765612334,34.0,"{""C0003541"": 0, ""C0003572"": 0, ""C0003573"": 2, ""C0003574"": 7, ""row_slack_R0000091"": 7, ""row_slack_R0000095"": 7}",663,,10.207619122928008,349.140625,
leo1_ds_qaoa_R0000095_R0000096_0005,/home/zhenyusen/MIP-quantum/data/miplib_benders/qaoa_problems/nvars_06/leo1_ds_qaoa_R0000095_R0000096_0005.json,6,2,8,262144,qaoa,feasible,8.772111892001703,8.0,"{""C0003541"": 0, ""C0003572"": 0, ""C0003573"": 0, ""C0003574"": 2, ""row_slack_R0000095"": 0, ""row_slack_R0000096"": 0}",optimal,8.772111892001703,34.0,"{""C0003541"": 0, ""C0003572"": 0, ""C0003573"": 2, ""C0003574"": 7, ""row_slack_R0000095"": 7, ""row_slack_R0000096"": 7}",663,,10.273867838084698,359.12890625,
leo1_ds_qaoa_R0000097_R0000335_0003,/home/zhenyusen/MIP-quantum/data/miplib_benders/qaoa_problems/nvars_06/leo1_ds_qaoa_R0000097_R0000335_0003.json,6,2,8,262144,qaoa,feasible,8.528362083015963,8.0,"{""C0003539"": 0, ""C0003540"": 0, ""C0003541"": 0, ""C0003572"": 2, ""row_slack_R0000097"": 0, ""row_slack_R0000335"": 1}",optimal,8.528362083015963,31.0,"{""C0003539"": 0, ""C0003540"": 0, ""C0003541"": 1, ""C0003572"": 7, ""row_slack_R0000097"": 6, ""row_slack_R0000335"": 0}",27,,9.823742430889979,337.1328125,
leo1_ds_qaoa_R0000339_R0000535_0005,/home/zhenyusen/MIP-quantum/data/miplib_benders/qaoa_problems/nvars_06/leo1_ds_qaoa_R0000339_R0000535_0005.json,6,2,8,262144,qaoa,feasible,7.4660974270664155,4.0,"{""C0003541"": 0, ""C0003572"": 0, ""C0003573"": 0, ""C0003574"": 1, ""row_slack_R0000339"": 0, ""row_slack_R0000535"": 0}",optimal,7.4660974270664155,11.0,"{""C0003541"": 7, ""C0003572"": 0, ""C0003573"": 0, ""C0003574"": 1, ""row_slack_R0000339"": 0, ""row_slack_R0000535"": 7}",31,,8.901237241923809,321.07421875,
leo1_ds_qaoa_R0000541_R0000542_0003,/home/zhenyusen/MIP-quantum/data/miplib_benders/qaoa_problems/nvars_06/leo1_ds_qaoa_R0000541_R0000542_0003.json,6,2,8,262144,qaoa,feasible,9.183748100884259,3.0,"{""C0003539"": 0, ""C0003540"": 0, ""C0003541"": 1, ""C0003572"": 0, ""row_slack_R0000541"": 0, ""row_slack_R0000542"": 0}",optimal,9.183748100884259,31.0,"{""C0003539"": 0, ""C0003540"": 0, ""C0003541"": 1, ""C0003572"": 7, ""row_slack_R0000541"": 0, ""row_slack_R0000542"": 7}",130,,10.721396337030455,359.1484375,
leo2_ds_qaoa_R0000079_R0000090_0008,/home/zhenyusen/MIP-quantum/data/miplib_benders/qaoa_problems/nvars_06/leo2_ds_qaoa_R0000079_R0000090_0008.json,6,2,8,262144,qaoa,feasible,8.906248717103153,3.0,"{""C0005738"": 0, ""C0005739"": 0, ""C0005740"": 1, ""C0005788"": 0, ""row_slack_R0000079"": 1, ""row_slack_R0000090"": 1}",optimal,8.906248717103153,27.0,"{""C0005738"": 0, ""C0005739"": 0, ""C0005740"": 1, ""C0005788"": 6, ""row_slack_R0000079"": 7, ""row_slack_R0000090"": 1}",96,,10.400063829962164,355.26171875,
leo2_ds_qaoa_R0000090_R0000091_0008,/home/zhenyusen/MIP-quantum/data/miplib_benders/qaoa_problems/nvars_06/leo2_ds_qaoa_R0000090_R0000091_0008.json,6,2,8,262144,qaoa,feasible,8.606041304999962,3.0,"{""C0005738"": 0, ""C0005739"": 0, ""C0005740"": 1, ""C0005788"": 0, ""row_slack_R0000090"": 1, ""row_slack_R0000091"": 0}",optimal,8.606041304999962,31.0,"{""C0005738"": 0, ""C0005739"": 0, ""C0005740"": 1, ""C0005788"": 7, ""row_slack_R0000090"": 1, ""row_slack_R0000091"": 7}",130,,10.075045112054795,323.2578125,
leo2_ds_qaoa_R0000091_R0000095_0010,/home/zhenyusen/MIP-quantum/data/miplib_benders/qaoa_problems/nvars_06/leo2_ds_qaoa_R0000091_R0000095_0010.json,6,2,8,262144,qaoa,feasible,8.855686303926632,8.0,"{""C0005740"": 0, ""C0005788"": 0, ""C0005789"": 0, ""C0005790"": 2, ""row_slack_R0000091"": 0, ""row_slack_R0000095"": 0}",optimal,8.855686303926632,34.0,"{""C0005740"": 0, ""C0005788"": 0, ""C0005789"": 2, ""C0005790"": 7, ""row_slack_R0000091"": 7, ""row_slack_R0000095"": 7}",388,,10.444436179008335,357.80078125,
leo2_ds_qaoa_R0000095_R0000096_0010,/home/zhenyusen/MIP-quantum/data/miplib_benders/qaoa_problems/nvars_06/leo2_ds_qaoa_R0000095_R0000096_0010.json,6,2,8,262144,qaoa,feasible,8.678179775830358,8.0,"{""C0005740"": 0, ""C0005788"": 0, ""C0005789"": 0, ""C0005790"": 2, ""row_slack_R0000095"": 0, ""row_slack_R0000096"": 0}",optimal,8.678179775830358,34.0,"{""C0005740"": 0, ""C0005788"": 0, ""C0005789"": 2, ""C0005790"": 7, ""row_slack_R0000095"": 7, ""row_slack_R0000096"": 7}",388,,10.09107932006009,327.15234375,
leo2_ds_qaoa_R0000097_R0000335_0008,/home/zhenyusen/MIP-quantum/data/miplib_benders/qaoa_problems/nvars_06/leo2_ds_qaoa_R0000097_R0000335_0008.json,6,2,8,262144,qaoa,feasible,8.882525484077632,8.0,"{""C0005738"": 0, ""C0005739"": 0, ""C0005740"": 0, ""C0005788"": 2, ""row_slack_R0000097"": 0, ""row_slack_R0000335"": 1}",optimal,8.882525484077632,31.0,"{""C0005738"": 0, ""C0005739"": 0, ""C0005740"": 1, ""C0005788"": 7, ""row_slack_R0000097"": 7, ""row_slack_R0000335"": 0}",30,,10.239519483875483,321.39453125,
leo2_ds_qaoa_R0000335_R0000535_0008,/home/zhenyusen/MIP-quantum/data/miplib_benders/qaoa_problems/nvars_06/leo2_ds_qaoa_R0000335_R0000535_0008.json,6,2,8,262144,qaoa,feasible,8.826405097963288,4.0,"{""C0005738"": 0, ""C0005739"": 0, ""C0005740"": 0, ""C0005788"": 1, ""row_slack_R0000335"": 1, ""row_slack_R0000535"": 0}",optimal,8.826405097963288,31.0,"{""C0005738"": 0, ""C0005739"": 0, ""C0005740"": 1, ""C0005788"": 7, ""row_slack_R0000335"": 0, ""row_slack_R0000535"": 7}",31,,10.294980621896684,324.734375,
leo2_ds_qaoa_R0000571_R0000582_0008,/home/zhenyusen/MIP-quantum/data/miplib_benders/qaoa_problems/nvars_06/leo2_ds_qaoa_R0000571_R0000582_0008.json,6,2,8,262144,qaoa,feasible,8.861573623958975,3.0,"{""C0005738"": 0, ""C0005739"": 0, ""C0005740"": 1, ""C0005788"": 0, ""row_slack_R0000571"": 0, ""row_slack_R0000582"": 0}",optimal,8.861573623958975,31.0,"{""C0005738"": 0, ""C0005739"": 0, ""C0005740"": 1, ""C0005788"": 7, ""row_slack_R0000571"": 7, ""row_slack_R0000582"": 0}",130,,10.3943362000864,323.1328125,
leo2_ds_qaoa_R0000582_R0000583_0008,/home/zhenyusen/MIP-quantum/data/miplib_benders/qaoa_problems/nvars_06/leo2_ds_qaoa_R0000582_R0000583_0008.json,6,2,8,262144,qaoa,feasible,8.87836107518524,3.0,"{""C0005738"": 0, ""C0005739"": 0, ""C0005740"": 1, ""C0005788"": 0, ""row_slack_R0000582"": 0, ""row_slack_R0000583"": 0}",optimal,8.87836107518524,31.0,"{""C0005738"": 0, ""C0005739"": 0, ""C0005740"": 1, ""C0005788"": 7, ""row_slack_R0000582"": 0, ""row_slack_R0000583"": 7}",130,,10.322174211964011,319.27734375,
neos-2746589-doon_ds_qaoa_R0001_0001,/home/zhenyusen/MIP-quantum/data/miplib_benders/qaoa_problems/nvars_06/neos-2746589-doon_ds_qaoa_R0001_0001.json,6,1,8,262144,qaoa,feasible,7.531164759071544,29.0,"{""C0013"": 0, ""C0014"": 0, ""C0015"": 0, ""C0016"": 0, ""C0017"": 0, ""C0018"": 1}",optimal,7.531164759071544,29.0,"{""C0013"": 0, ""C0014"": 0, ""C0015"": 0, ""C0016"": 0, ""C0017"": 0, ""C0018"": 1}",6,,8.843591142911464,343.16015625,
neos-2746589-doon_ds_qaoa_R0002_0001,/home/zhenyusen/MIP-quantum/data/miplib_benders/qaoa_problems/nvars_06/neos-2746589-doon_ds_qaoa_R0002_0001.json,6,1,8,262144,qaoa,feasible,8.170763519825414,209.0,"{""C0019"": 0, ""C0020"": 0, ""C0021"": 0, ""C0022"": 0, ""C0023"": 0, ""C0024"": 1}",optimal,8.170763519825414,209.0,"{""C0019"": 0, ""C0020"": 0, ""C0021"": 0, ""C0022"": 0, ""C0023"": 0, ""C0024"": 1}",6,,9.420903655001894,379.140625,
neos-3216931-puriri_ds_qaoa_R0626_R5329_0008,/home/zhenyusen/MIP-quantum/data/miplib_benders/qaoa_problems/nvars_06/neos-3216931-puriri_ds_qaoa_R0626_R5329_0008.json,6,2,8,262144,qaoa,feasible,9.05665369797498,0.0,"{""C0829"": 0, ""C0861"": 0, ""C0892"": 0, ""C0924"": 0, ""row_slack_R0626"": 2, ""row_slack_R5329"": 0}",optimal,9.05665369797498,70000.0,"{""C0829"": 5, ""C0861"": 0, ""C0892"": 0, ""C0924"": 2, ""row_slack_R0626"": 0, ""row_slack_R5329"": 7}",65,,10.510284207062796,328.734375,
neos-4300652-rahue_ds_qaoa_R14653_0001,/home/zhenyusen/MIP-quantum/data/miplib_benders/qaoa_problems/nvars_06/neos-4300652-rahue_ds_qaoa_R14653_0001.json,6,1,8,262144,qaoa,feasible,9.259747192962095,38.0,"{""C12149"": 0, ""C12150"": 7, ""C12152"": 0, ""C12153"": 6, ""C12155"": 0, ""row_slack_R14653"": 7}",optimal,9.259747192962095,47.0,"{""C12149"": 0, ""C12150"": 7, ""C12152"": 0, ""C12153"": 7, ""C12155"": 1, ""row_slack_R14653"": 7}",4,,10.64844737504609,353.41796875,
neos-4413714-turia_ds_qaoa_R0951_0001,/home/zhenyusen/MIP-quantum/data/miplib_benders/qaoa_problems/nvars_06/neos-4413714-turia_ds_qaoa_R0951_0001.json,6,1,8,262144,qaoa,feasible,9.130624176003039,6.0,"{""C0206"": 0, ""C0207"": 0, ""C0208"": 0, ""C0209"": 0, ""C0210"": 0, ""C0211"": 1}",optimal,9.130624176003039,6.0,"{""C0206"": 0, ""C0207"": 0, ""C0208"": 0, ""C0209"": 0, ""C0210"": 0, ""C0211"": 1}",6,,10.57268703612499,343.14453125,
neos-4647030-tutaki_ds_qaoa_R7864_0001,/home/zhenyusen/MIP-quantum/data/miplib_benders/qaoa_problems/nvars_06/neos-4647030-tutaki_ds_qaoa_R7864_0001.json,6,1,8,262144,qaoa,feasible,9.405641453107819,0.0,"{""C10006"": 0, ""C10007"": 0, ""C10008"": 0, ""C10009"": 0, ""C10010"": 0, ""row_slack_R7864"": 1}",optimal,9.405641453107819,5.0,"{""C10006"": 0, ""C10007"": 0, ""C10008"": 0, ""C10009"": 0, ""C10010"": 1, ""row_slack_R7864"": 0}",6,,10.846087743062526,340.91796875,
neos8_ds_qaoa_R0001_0001,/home/zhenyusen/MIP-quantum/data/miplib_benders/qaoa_problems/nvars_06/neos8_ds_qaoa_R0001_0001.json,6,1,8,262144,qaoa,feasible,9.469621353084221,0.0,"{""C0001"": 0, ""C0002"": 0, ""C0005"": 0, ""C0006"": 0, ""C0009"": 0, ""row_slack_R0001"": 1}",optimal,9.469621353084221,0.0,"{""C0001"": 0, ""C0002"": 0, ""C0005"": 0, ""C0006"": 0, ""C0009"": 0, ""row_slack_R0001"": 1}",6,,10.974468533881009,380.8984375,
neos8_ds_qaoa_R0001_0002,/home/zhenyusen/MIP-quantum/data/miplib_benders/qaoa_problems/nvars_06/neos8_ds_qaoa_R0001_0002.json,6,1,8,262144,qaoa,feasible,9.501269032945856,0.0,"{""C0002"": 0, ""C0005"": 0, ""C0006"": 0, ""C0009"": 0, ""C0017"": 0, ""row_slack_R0001"": 1}",optimal,9.501269032945856,0.0,"{""C0002"": 0, ""C0005"": 0, ""C0006"": 0, ""C0009"": 0, ""C0017"": 0, ""row_slack_R0001"": 1}",6,,10.949309369083494,349.1484375,
neos8_ds_qaoa_R0001_0003,/home/zhenyusen/MIP-quantum/data/miplib_benders/qaoa_problems/nvars_06/neos8_ds_qaoa_R0001_0003.json,6,1,8,262144,qaoa,feasible,9.378656212007627,0.0,"{""C0005"": 0, ""C0006"": 0, ""C0009"": 0, ""C0017"": 0, ""C0018"": 0, ""row_slack_R0001"": 1}",optimal,9.378656212007627,0.0,"{""C0005"": 0, ""C0006"": 0, ""C0009"": 0, ""C0017"": 0, ""C0018"": 0, ""row_slack_R0001"": 1}",6,,10.899130675941706,362.0078125,
neos8_ds_qaoa_R0001_0004,/home/zhenyusen/MIP-quantum/data/miplib_benders/qaoa_problems/nvars_06/neos8_ds_qaoa_R0001_0004.json,6,1,8,262144,qaoa,feasible,9.275928246090189,0.0,"{""C0006"": 0, ""C0009"": 0, ""C0017"": 0, ""C0018"": 0, ""C0022"": 0, ""row_slack_R0001"": 1}",optimal,9.275928246090189,0.0,"{""C0006"": 0, ""C0009"": 0, ""C0017"": 0, ""C0018"": 0, ""C0022"": 0, ""row_slack_R0001"": 1}",6,,10.68916622386314,367.19140625,
neos8_ds_qaoa_R0001_0005,/home/zhenyusen/MIP-quantum/data/miplib_benders/qaoa_problems/nvars_06/neos8_ds_qaoa_R0001_0005.json,6,1,8,262144,qaoa,feasible,9.348093545995653,0.0,"{""C0009"": 0, ""C0017"": 0, ""C0018"": 0, ""C0022"": 0, ""C0025"": 0, ""row_slack_R0001"": 1}",optimal,9.348093545995653,0.0,"{""C0009"": 0, ""C0017"": 0, ""C0018"": 0, ""C0022"": 0, ""C0025"": 0, ""row_slack_R0001"": 1}",6,,10.793341994052753,359.26171875,
neos8_ds_qaoa_R0001_0006,/home/zhenyusen/MIP-quantum/data/miplib_benders/qaoa_problems/nvars_06/neos8_ds_qaoa_R0001_0006.json,6,1,8,262144,qaoa,feasible,9.051994216162711,0.0,"{""C0017"": 0, ""C0018"": 0, ""C0022"": 0, ""C0025"": 0, ""C0026"": 0, ""row_slack_R0001"": 1}",optimal,9.051994216162711,0.0,"{""C0017"": 0, ""C0018"": 0, ""C0022"": 0, ""C0025"": 0, ""C0026"": 0, ""row_slack_R0001"": 1}",6,,10.506333634955809,359.140625,
neos8_ds_qaoa_R0001_R0002_0002,/home/zhenyusen/MIP-quantum/data/miplib_benders/qaoa_problems/nvars_06/neos8_ds_qaoa_R0001_R0002_0002.json,6,2,8,262144,qaoa,feasible,8.649958306923509,0.0,"{""C0002"": 0, ""C0005"": 0, ""C0006"": 0, ""C0009"": 0, ""row_slack_R0001"": 1, ""row_slack_R0002"": 1}",optimal,8.649958306923509,0.0,"{""C0002"": 0, ""C0005"": 0, ""C0006"": 0, ""C0009"": 0, ""row_slack_R0001"": 1, ""row_slack_R0002"": 1}",5,,10.084635104984045,327.265625,
neos8_ds_qaoa_R0001_R0002_0003,/home/zhenyusen/MIP-quantum/data/miplib_benders/qaoa_problems/nvars_06/neos8_ds_qaoa_R0001_R0002_0003.json,6,2,8,262144,qaoa,feasible,8.760032628895715,0.0,"{""C0005"": 0, ""C0006"": 0, ""C0009"": 0, ""C0013"": 0, ""row_slack_R0001"": 1, ""row_slack_R0002"": 1}",optimal,8.760032628895715,0.0,"{""C0005"": 0, ""C0006"": 0, ""C0009"": 0, ""C0013"": 0, ""row_slack_R0001"": 1, ""row_slack_R0002"": 1}",6,,10.232385184848681,339.13671875,
neos8_ds_qaoa_R0001_R0002_0007,/home/zhenyusen/MIP-quantum/data/miplib_benders/qaoa_problems/nvars_06/neos8_ds_qaoa_R0001_R0002_0007.json,6,2,8,262144,qaoa,feasible,9.547954868059605,0.0,"{""C0014"": 0, ""C0017"": 0, ""C0018"": 0, ""C0022"": 0, ""row_slack_R0001"": 1, ""row_slack_R0002"": 1}",optimal,9.547954868059605,0.0,"{""C0014"": 0, ""C0017"": 0, ""C0018"": 0, ""C0022"": 0, ""row_slack_R0001"": 1, ""row_slack_R0002"": 1}",6,,11.199302840046585,331.26953125,
neos8_ds_qaoa_R0001_R0002_0008,/home/zhenyusen/MIP-quantum/data/miplib_benders/qaoa_problems/nvars_06/neos8_ds_qaoa_R0001_R0002_0008.json,6,2,8,262144,qaoa,feasible,9.336292434018105,0.0,"{""C0017"": 0, ""C0018"": 0, ""C0022"": 0, ""C0023"": 0, ""row_slack_R0001"": 1, ""row_slack_R0002"": 1}",optimal,9.336292434018105,0.0,"{""C0017"": 0, ""C0018"": 0, ""C0022"": 0, ""C0023"": 0, ""row_slack_R0001"": 1, ""row_slack_R0002"": 1}",6,,10.792798822978511,320.18359375,
neos8_ds_qaoa_R0002_0001,/home/zhenyusen/MIP-quantum/data/miplib_benders/qaoa_problems/nvars_06/neos8_ds_qaoa_R0002_0001.json,6,1,8,262144,qaoa,feasible,9.182696171104908,0.0,"{""C0001"": 0, ""C0002"": 0, ""C0005"": 0, ""C0006"": 0, ""C0013"": 0, ""row_slack_R0002"": 1}",optimal,9.182696171104908,0.0,"{""C0001"": 0, ""C0002"": 0, ""C0005"": 0, ""C0006"": 0, ""C0013"": 0, ""row_slack_R0002"": 1}",6,,10.669984522042796,367.140625,
neos8_ds_qaoa_R0002_0002,/home/zhenyusen/MIP-quantum/data/miplib_benders/qaoa_problems/nvars_06/neos8_ds_qaoa_R0002_0002.json,6,1,8,262144,qaoa,feasible,9.339394798036665,0.0,"{""C0002"": 0, ""C0005"": 0, ""C0006"": 0, ""C0013"": 0, ""C0014"": 0, ""row_slack_R0002"": 1}",optimal,9.339394798036665,0.0,"{""C0002"": 0, ""C0005"": 0, ""C0006"": 0, ""C0013"": 0, ""C0014"": 0, ""row_slack_R0002"": 1}",6,,10.952136432053521,357.140625,
neos8_ds_qaoa_R0002_0003,/home/zhenyusen/MIP-quantum/data/miplib_benders/qaoa_problems/nvars_06/neos8_ds_qaoa_R0002_0003.json,6,1,8,262144,qaoa,feasible,9.744893020950258,0.0,"{""C0005"": 0, ""C0006"": 0, ""C0013"": 0, ""C0014"": 0, ""C0017"": 0, ""row_slack_R0002"": 1}",optimal,9.744893020950258,0.0,"{""C0005"": 0, ""C0006"": 0, ""C0013"": 0, ""C0014"": 0, ""C0017"": 0, ""row_slack_R0002"": 1}",6,,11.284097700146958,343.15625,
neos8_ds_qaoa_R0002_0004,/home/zhenyusen/MIP-quantum/data/miplib_benders/qaoa_problems/nvars_06/neos8_ds_qaoa_R0002_0004.json,6,1,8,262144,qaoa,feasible,9.641886211000383,0.0,"{""C0006"": 0, ""C0013"": 0, ""C0014"": 0, ""C0017"": 0, ""C0018"": 0, ""row_slack_R0002"": 1}",optimal,9.641886211000383,0.0,"{""C0006"": 0, ""C0013"": 0, ""C0014"": 0, ""C0017"": 0, ""C0018"": 0, ""row_slack_R0002"": 1}",6,,11.334840917028487,367.140625,
neos8_ds_qaoa_R0002_0005,/home/zhenyusen/MIP-quantum/data/miplib_benders/qaoa_problems/nvars_06/neos8_ds_qaoa_R0002_0005.json,6,1,8,262144,qaoa,feasible,10.220611160853878,0.0,"{""C0013"": 0, ""C0014"": 0, ""C0017"": 0, ""C0018"": 0, ""C0023"": 0, ""row_slack_R0002"": 1}",optimal,10.220611160853878,0.0,"{""C0013"": 0, ""C0014"": 0, ""C0017"": 0, ""C0018"": 0, ""C0023"": 0, ""row_slack_R0002"": 1}",6,,11.80086478497833,340.05078125,
neos8_ds_qaoa_R0002_0006,/home/zhenyusen/MIP-quantum/data/miplib_benders/qaoa_problems/nvars_06/neos8_ds_qaoa_R0002_0006.json,6,1,8,262144,qaoa,feasible,9.204142611008137,0.0,"{""C0014"": 0, ""C0017"": 0, ""C0018"": 0, ""C0023"": 0, ""C0024"": 0, ""row_slack_R0002"": 1}",optimal,9.204142611008137,0.0,"{""C0014"": 0, ""C0017"": 0, ""C0018"": 0, ""C0023"": 0, ""C0024"": 0, ""row_slack_R0002"": 1}",6,,10.71942801703699,343.23046875,
neos8_ds_qaoa_R0002_R0003_0004,/home/zhenyusen/MIP-quantum/data/miplib_benders/qaoa_problems/nvars_06/neos8_ds_qaoa_R0002_R0003_0004.json,6,2,8,262144,qaoa,feasible,8.700393952894956,0.0,"{""C0006"": 0, ""C0009"": 0, ""C0013"": 0, ""C0014"": 0, ""row_slack_R0002"": 1, ""row_slack_R0003"": 1}",optimal,8.700393952894956,0.0,"{""C0006"": 0, ""C0009"": 0, ""C0013"": 0, ""C0014"": 0, ""row_slack_R0002"": 1, ""row_slack_R0003"": 1}",6,,10.083999319933355,333.2421875,
neos8_ds_qaoa_R0002_R0003_0005,/home/zhenyusen/MIP-quantum/data/miplib_benders/qaoa_problems/nvars_06/neos8_ds_qaoa_R0002_R0003_0005.json,6,2,8,262144,qaoa,feasible,9.32754650292918,0.0,"{""C0009"": 0, ""C0013"": 0, ""C0014"": 0, ""C0017"": 0, ""row_slack_R0002"": 1, ""row_slack_R0003"": 1}",optimal,9.32754650292918,0.0,"{""C0009"": 0, ""C0013"": 0, ""C0014"": 0, ""C0017"": 0, ""row_slack_R0002"": 1, ""row_slack_R0003"": 1}",6,,10.93566570407711,335.01953125,
neos8_ds_qaoa_R0003_0001,/home/zhenyusen/MIP-quantum/data/miplib_benders/qaoa_problems/nvars_06/neos8_ds_qaoa_R0003_0001.json,6,1,8,262144,qaoa,feasible,9.526822913205251,0.0,"{""C0001"": 0, ""C0002"": 0, ""C0009"": 0, ""C0013"": 0, ""C0014"": 0, ""row_slack_R0003"": 1}",optimal,9.526822913205251,0.0,"{""C0001"": 0, ""C0002"": 0, ""C0009"": 0, ""C0013"": 0, ""C0014"": 0, ""row_slack_R0003"": 1}",6,,11.143859913107008,343.14453125,
neos8_ds_qaoa_R0003_0002,/home/zhenyusen/MIP-quantum/data/miplib_benders/qaoa_problems/nvars_06/neos8_ds_qaoa_R0003_0002.json,6,1,8,262144,qaoa,feasible,8.890940475976095,0.0,"{""C0002"": 0, ""C0009"": 0, ""C0013"": 0, ""C0014"": 0, ""C0022"": 0, ""row_slack_R0003"": 1}",optimal,8.890940475976095,0.0,"{""C0002"": 0, ""C0009"": 0, ""C0013"": 0, ""C0014"": 0, ""C0022"": 0, ""row_slack_R0003"": 1}",6,,10.345144840888679,356.38671875,
neos8_ds_qaoa_R0003_R0004_0004,/home/zhenyusen/MIP-quantum/data/miplib_benders/qaoa_problems/nvars_06/neos8_ds_qaoa_R0003_R0004_0004.json,6,2,8,262144,qaoa,feasible,8.934569709002972,0.0,"{""C0006"": 0, ""C0009"": 0, ""C0013"": 0, ""C0014"": 0, ""row_slack_R0003"": 1, ""row_slack_R0004"": 1}",optimal,8.934569709002972,0.0,"{""C0006"": 0, ""C0009"": 0, ""C0013"": 0, ""C0014"": 0, ""row_slack_R0003"": 1, ""row_slack_R0004"": 1}",5,,10.404348399024457,336.88671875,
neos8_ds_qaoa_R0003_R0004_0005,/home/zhenyusen/MIP-quantum/data/miplib_benders/qaoa_problems/nvars_06/neos8_ds_qaoa_R0003_R0004_0005.json,6,2,8,262144,qaoa,feasible,9.159939714008942,0.0,"{""C0009"": 0, ""C0013"": 0, ""C0014"": 0, ""C0022"": 0, ""row_slack_R0003"": 1, ""row_slack_R0004"": 1}",optimal,9.159939714008942,0.0,"{""C0009"": 0, ""C0013"": 0, ""C0014"": 0, ""C0022"": 0, ""row_slack_R0003"": 1, ""row_slack_R0004"": 1}",5,,10.555374430026859,330.82421875,
neos8_ds_qaoa_R0003_R0004_0006,/home/zhenyusen/MIP-quantum/data/miplib_benders/qaoa_problems/nvars_06/neos8_ds_qaoa_R0003_R0004_0006.json,6,2,8,262144,qaoa,feasible,9.326563407899812,0.0,"{""C0013"": 0, ""C0014"": 0, ""C0022"": 0, ""C0023"": 0, ""row_slack_R0003"": 1, ""row_slack_R0004"": 1}",optimal,9.326563407899812,0.0,"{""C0013"": 0, ""C0014"": 0, ""C0022"": 0, ""C0023"": 0, ""row_slack_R0003"": 1, ""row_slack_R0004"": 1}",6,,10.85142544284463,339.1328125,
neos8_ds_qaoa_R0004_0001,/home/zhenyusen/MIP-quantum/data/miplib_benders/qaoa_problems/nvars_06/neos8_ds_qaoa_R0004_0001.json,6,1,8,262144,qaoa,feasible,9.212756695924327,0.0,"{""C0005"": 0, ""C0006"": 0, ""C0009"": 0, ""C0013"": 0, ""C0014"": 0, ""row_slack_R0004"": 1}",optimal,9.212756695924327,0.0,"{""C0005"": 0, ""C0006"": 0, ""C0009"": 0, ""C0013"": 0, ""C0014"": 0, ""row_slack_R0004"": 1}",6,,10.668518577003852,345.11328125,
neos8_ds_qaoa_R0004_0002,/home/zhenyusen/MIP-quantum/data/miplib_benders/qaoa_problems/nvars_06/neos8_ds_qaoa_R0004_0002.json,6,1,8,262144,qaoa,feasible,8.826648994116113,0.0,"{""C0006"": 0, ""C0009"": 0, ""C0013"": 0, ""C0014"": 0, ""C0023"": 0, ""row_slack_R0004"": 1}",optimal,8.826648994116113,0.0,"{""C0006"": 0, ""C0009"": 0, ""C0013"": 0, ""C0014"": 0, ""C0023"": 0, ""row_slack_R0004"": 1}",6,,10.192711897194386,380.33984375,
neos8_ds_qaoa_R0004_R0065_0003,/home/zhenyusen/MIP-quantum/data/miplib_benders/qaoa_problems/nvars_06/neos8_ds_qaoa_R0004_R0065_0003.json,6,2,8,262144,qaoa,feasible,8.922763548092917,0.0,"{""C0005"": 0, ""C0006"": 0, ""C0009"": 0, ""C0013"": 0, ""row_slack_R0004"": 1, ""row_slack_R0065"": 0}",optimal,8.922763548092917,0.0,"{""C0005"": 0, ""C0006"": 0, ""C0009"": 0, ""C0013"": 0, ""row_slack_R0004"": 1, ""row_slack_R0065"": 0}",2,,10.332824139855802,329.13671875,
supportcase6_ds_qaoa_c539_c722_0009,/home/zhenyusen/MIP-quantum/data/miplib_benders/qaoa_problems/nvars_06/supportcase6_ds_qaoa_c539_c722_0009.json,6,2,8,262144,qaoa,feasible,8.873718708055094,151847000.0,"{""B101037(7)"": 0, ""B101043(7)"": 0, ""B101058(7)"": 1, ""B101479(7)"": 0, ""B101485(7)"": 0, ""B101487(7)"": 0}",optimal,8.873718708055094,151847000.0,"{""B101037(7)"": 0, ""B101043(7)"": 0, ""B101058(7)"": 1, ""B101479(7)"": 0, ""B101485(7)"": 0, ""B101487(7)"": 0}",3,,10.231927089160308,345.13671875,
supportcase6_ds_qaoa_c539_c722_c726_0009,/home/zhenyusen/MIP-quantum/data/miplib_benders/qaoa_problems/nvars_06/supportcase6_ds_qaoa_c539_c722_c726_0009.json,6,3,8,262144,qaoa,feasible,8.649985752999783,151847000.0,"{""B101037(7)"": 0, ""B101043(7)"": 0, ""B101058(7)"": 1, ""B101479(7)"": 0, ""B101485(7)"": 0, ""B101487(7)"": 0}",optimal,8.649985752999783,151847000.0,"{""B101037(7)"": 0, ""B101043(7)"": 0, ""B101058(7)"": 1, ""B101479(7)"": 0, ""B101485(7)"": 0, ""B101487(7)"": 0}",2,,10.063938397914171,311.2578125,
supportcase6_ds_qaoa_c722_c726_0001,/home/zhenyusen/MIP-quantum/data/miplib_benders/qaoa_problems/nvars_06/supportcase6_ds_qaoa_c722_c726_0001.json,6,2,8,262144,qaoa,feasible,8.680774506181479,151847000.0,"{""B100166(7)"": 0, ""B100594(7)"": 0, ""B100600(7)"": 0, ""B100602(7)"": 0, ""B100608(7)"": 0, ""B100623(7)"": 1}",optimal,8.680774506181479,151847000.0,"{""B100166(7)"": 0, ""B100594(7)"": 0, ""B100600(7)"": 0, ""B100602(7)"": 0, ""B100608(7)"": 0, ""B100623(7)"": 1}",5,,10.025081559084356,327.26171875,
supportcase6_ds_qaoa_c722_c726_0002,/home/zhenyusen/MIP-quantum/data/miplib_benders/qaoa_problems/nvars_06/supportcase6_ds_qaoa_c722_c726_0002.json,6,2,8,262144,qaoa,feasible,9.010468168184161,150892000.0,"{""B100594(7)"": 0, ""B100600(7)"": 0, ""B100602(7)"": 0, ""B100608(7)"": 0, ""B100623(7)"": 0, ""B101029(7)"": 1}",optimal,9.010468168184161,151847000.0,"{""B100594(7)"": 0, ""B100600(7)"": 0, ""B100602(7)"": 0, ""B100608(7)"": 0, ""B100623(7)"": 1, ""B101029(7)"": 0}",5,,10.441908187000081,327.24609375,
supportcase6_ds_qaoa_c722_c726_0003,/home/zhenyusen/MIP-quantum/data/miplib_benders/qaoa_problems/nvars_06/supportcase6_ds_qaoa_c722_c726_0003.json,6,2,8,262144,qaoa,feasible,8.797690666047856,134333000.0,"{""B100600(7)"": 0, ""B100602(7)"": 0, ""B100608(7)"": 0, ""B100623(7)"": 0, ""B101029(7)"": 0, ""B101035(7)"": 1}",optimal,8.797690666047856,151847000.0,"{""B100600(7)"": 0, ""B100602(7)"": 0, ""B100608(7)"": 0, ""B100623(7)"": 1, ""B101029(7)"": 0, ""B101035(7)"": 0}",5,,10.191930060973391,359.15234375,
supportcase6_ds_qaoa_c722_c726_0004,/home/zhenyusen/MIP-quantum/data/miplib_benders/qaoa_problems/nvars_06/supportcase6_ds_qaoa_c722_c726_0004.json,6,2,8,262144,qaoa,feasible,8.929300380172208,145944000.0,"{""B100602(7)"": 0, ""B100608(7)"": 0, ""B100623(7)"": 0, ""B101029(7)"": 0, ""B101035(7)"": 0, ""B101037(7)"": 1}",optimal,8.929300380172208,151847000.0,"{""B100602(7)"": 0, ""B100608(7)"": 0, ""B100623(7)"": 1, ""B101029(7)"": 0, ""B101035(7)"": 0, ""B101037(7)"": 0}",5,,10.460670237895101,339.66015625,
supportcase6_ds_qaoa_c722_c726_0005,/home/zhenyusen/MIP-quantum/data/miplib_benders/qaoa_problems/nvars_06/supportcase6_ds_qaoa_c722_c726_0005.json,6,2,8,262144,qaoa,feasible,9.312607793835923,145944000.0,"{""B100608(7)"": 0, ""B100623(7)"": 0, ""B101029(7)"": 0, ""B101035(7)"": 0, ""B101037(7)"": 1, ""B101043(7)"": 0}",optimal,9.312607793835923,151847000.0,"{""B100608(7)"": 0, ""B100623(7)"": 1, ""B101029(7)"": 0, ""B101035(7)"": 0, ""B101037(7)"": 0, ""B101043(7)"": 0}",4,,11.07420812197961,327.13671875,
supportcase6_ds_qaoa_c722_c726_c733_0003,/home/zhenyusen/MIP-quantum/data/miplib_benders/qaoa_problems/nvars_06/supportcase6_ds_qaoa_c722_c726_c733_0003.json,6,3,8,262144,qaoa,feasible,9.323067415971309,134333000.0,"{""B100600(7)"": 0, ""B100602(7)"": 0, ""B100608(7)"": 0, ""B100623(7)"": 0, ""B101029(7)"": 0, ""B101035(7)"": 1}",optimal,9.323067415971309,134333000.0,"{""B100600(7)"": 0, ""B100602(7)"": 0, ""B100608(7)"": 0, ""B100623(7)"": 0, ""B101029(7)"": 0, ""B101035(7)"": 1}",2,,10.993291164981201,335.125,
supportcase6_ds_qaoa_c726_c733_0003,/home/zhenyusen/MIP-quantum/data/miplib_benders/qaoa_problems/nvars_06/supportcase6_ds_qaoa_c726_c733_0003.json,6,2,8,262144,qaoa,feasible,9.494676670990884,134333000.0,"{""B100600(7)"": 0, ""B100602(7)"": 0, ""B100608(7)"": 0, ""B100623(7)"": 0, ""B101029(7)"": 0, ""B101035(7)"": 1}",optimal,9.494676670990884,296734000.0,"{""B100600(7)"": 0, ""B100602(7)"": 0, ""B100608(7)"": 1, ""B100623(7)"": 1, ""B101029(7)"": 0, ""B101035(7)"": 0}",5,,11.16194533999078,327.1640625,
supportcase6_ds_qaoa_c726_c733_0005,/home/zhenyusen/MIP-quantum/data/miplib_benders/qaoa_problems/nvars_06/supportcase6_ds_qaoa_c726_c733_0005.json,6,2,8,262144,qaoa,feasible,9.666003030026332,290831000.0,"{""B100608(7)"": 0, ""B100623(7)"": 0, ""B101029(7)"": 0, ""B101035(7)"": 0, ""B101037(7)"": 1, ""B101043(7)"": 1}",optimal,9.666003030026332,296734000.0,"{""B100608(7)"": 0, ""B100623(7)"": 1, ""B101029(7)"": 0, ""B101035(7)"": 0, ""B101037(7)"": 0, ""B101043(7)"": 1}",7,,11.321280953008682,343.1484375,
supportcase6_ds_qaoa_c726_c733_c745_0003,/home/zhenyusen/MIP-quantum/data/miplib_benders/qaoa_problems/nvars_06/supportcase6_ds_qaoa_c726_c733_c745_0003.json,6,3,8,262144,qaoa,feasible,9.912877520779148,134333000.0,"{""B100600(7)"": 0, ""B100602(7)"": 0, ""B100608(7)"": 0, ""B100623(7)"": 0, ""B101029(7)"": 0, ""B101035(7)"": 1}",optimal,9.912877520779148,296734000.0,"{""B100600(7)"": 0, ""B100602(7)"": 0, ""B100608(7)"": 1, ""B100623(7)"": 1, ""B101029(7)"": 0, ""B101035(7)"": 0}",3,,11.562440148089081,307.63671875,
supportcase6_ds_qaoa_c726_c733_c745_0005,/home/zhenyusen/MIP-quantum/data/miplib_benders/qaoa_problems/nvars_06/supportcase6_ds_qaoa_c726_c733_c745_0005.json,6,3,8,262144,qaoa,feasible,8.721494302153587,134333000.0,"{""B100608(7)"": 0, ""B100623(7)"": 0, ""B101029(7)"": 0, ""B101035(7)"": 1, ""B101037(7)"": 0, ""B101043(7)"": 0}",optimal,8.721494302153587,296734000.0,"{""B100608(7)"": 0, ""B100623(7)"": 1, ""B101029(7)"": 0, ""B101035(7)"": 0, ""B101037(7)"": 0, ""B101043(7)"": 1}",3,,10.25571185699664,333.21484375,
supportcase6_ds_qaoa_c733_c745_0001,/home/zhenyusen/MIP-quantum/data/miplib_benders/qaoa_problems/nvars_06/supportcase6_ds_qaoa_c733_c745_0001.json,6,2,8,262144,qaoa,feasible,9.085879571037367,134333000.0,"{""B100594(7)"": 0, ""B100600(7)"": 0, ""B100602(7)"": 0, ""B100608(7)"": 0, ""B101029(7)"": 0, ""B101035(7)"": 1}",optimal,9.085879571037367,144887000.0,"{""B100594(7)"": 0, ""B100600(7)"": 0, ""B100602(7)"": 0, ""B100608(7)"": 1, ""B101029(7)"": 0, ""B101035(7)"": 0}",3,,10.541144483024254,345.56640625,
supportcase6_ds_qaoa_c733_c745_0002,/home/zhenyusen/MIP-quantum/data/miplib_benders/qaoa_problems/nvars_06/supportcase6_ds_qaoa_c733_c745_0002.json,6,2,8,262144,qaoa,feasible,8.959622688125819,134333000.0,"{""B100600(7)"": 0, ""B100602(7)"": 0, ""B100608(7)"": 0, ""B101029(7)"": 0, ""B101035(7)"": 1, ""B101037(7)"": 0}",optimal,8.959622688125819,144887000.0,"{""B100600(7)"": 0, ""B100602(7)"": 0, ""B100608(7)"": 1, ""B101029(7)"": 0, ""B101035(7)"": 0, ""B101037(7)"": 0}",3,,10.438311413861811,327.140625,
supportcase6_ds_qaoa_c733_c745_0003,/home/zhenyusen/MIP-quantum/data/miplib_benders/qaoa_problems/nvars_06/supportcase6_ds_qaoa_c733_c745_0003.json,6,2,8,262144,qaoa,feasible,9.039643878117204,144887000.0,"{""B100602(7)"": 0, ""B100608(7)"": 0, ""B101029(7)"": 0, ""B101035(7)"": 0, ""B101037(7)"": 0, ""B101043(7)"": 1}",optimal,9.039643878117204,144887000.0,"{""B100602(7)"": 0, ""B100608(7)"": 0, ""B101029(7)"": 0, ""B101035(7)"": 0, ""B101037(7)"": 0, ""B101043(7)"": 1}",3,,10.507097166031599,332.640625,
supportcase6_ds_qaoa_c733_c745_0004,/home/zhenyusen/MIP-quantum/data/miplib_benders/qaoa_problems/nvars_06/supportcase6_ds_qaoa_c733_c745_0004.json,6,2,8,262144,qaoa,feasible,8.552184951957315,144887000.0,"{""B100608(7)"": 0, ""B101029(7)"": 0, ""B101035(7)"": 0, ""B101037(7)"": 0, ""B101043(7)"": 1, ""B101479(7)"": 0}",optimal,8.552184951957315,144887000.0,"{""B100608(7)"": 0, ""B101029(7)"": 0, ""B101035(7)"": 0, ""B101037(7)"": 0, ""B101043(7)"": 1, ""B101479(7)"": 0}",3,,9.945452005136758,330.97265625,
supportcase6_ds_qaoa_c733_c745_c747_0003,/home/zhenyusen/MIP-quantum/data/miplib_benders/qaoa_problems/nvars_06/supportcase6_ds_qaoa_c733_c745_c747_0003.json,6,3,8,262144,qaoa,feasible,8.819718320155516,134333000.0,"{""B100600(7)"": 0, ""B100602(7)"": 0, ""B100608(7)"": 0, ""B100623(7)"": 0, ""B101029(7)"": 0, ""B101035(7)"": 1}",optimal,8.819718320155516,144887000.0,"{""B100600(7)"": 0, ""B100602(7)"": 0, ""B100608(7)"": 1, ""B100623(7)"": 0, ""B101029(7)"": 0, ""B101035(7)"": 0}",3,,10.256426942069083,307.84765625,
supportcase6_ds_qaoa_c733_c745_c747_0005,/home/zhenyusen/MIP-quantum/data/miplib_benders/qaoa_problems/nvars_06/supportcase6_ds_qaoa_c733_c745_c747_0005.json,6,3,8,262144,qaoa,feasible,8.648125230101869,144887000.0,"{""B100608(7)"": 0, ""B100623(7)"": 0, ""B101029(7)"": 0, ""B101035(7)"": 0, ""B101037(7)"": 0, ""B101043(7)"": 1}",optimal,8.648125230101869,144887000.0,"{""B100608(7)"": 0, ""B100623(7)"": 0, ""B101029(7)"": 0, ""B101035(7)"": 0, ""B101037(7)"": 0, ""B101043(7)"": 1}",3,,10.127291454002261,311.5859375,
supportcase6_ds_qaoa_c745_c747_0001,/home/zhenyusen/MIP-quantum/data/miplib_benders/qaoa_problems/nvars_06/supportcase6_ds_qaoa_c745_c747_0001.json,6,2,8,262144,qaoa,feasible,9.080014460952953,144887000.0,"{""B100166(7)"": 0, ""B100594(7)"": 0, ""B100600(7)"": 0, ""B100602(7)"": 0, ""B100608(7)"": 1, ""B100623(7)"": 0}",optimal,9.080014460952953,150892000.0,"{""B100166(7)"": 0, ""B100594(7)"": 1, ""B100600(7)"": 0, ""B100602(7)"": 0, ""B100608(7)"": 0, ""B100623(7)"": 0}",4,,10.51401745295152,324.56640625,
supportcase6_ds_qaoa_c745_c747_0002,/home/zhenyusen/MIP-quantum/data/miplib_benders/qaoa_problems/nvars_06/supportcase6_ds_qaoa_c745_c747_0002.json,6,2,8,262144,qaoa,feasible,8.905999837908894,150892000.0,"{""B100594(7)"": 0, ""B100600(7)"": 0, ""B100602(7)"": 0, ""B100608(7)"": 0, ""B100623(7)"": 0, ""B101029(7)"": 1}",optimal,8.905999837908894,150892000.0,"{""B100594(7)"": 0, ""B100600(7)"": 0, ""B100602(7)"": 0, ""B100608(7)"": 0, ""B100623(7)"": 0, ""B101029(7)"": 1}",5,,10.285188200185075,324.8984375,
supportcase6_ds_qaoa_c745_c747_0003,/home/zhenyusen/MIP-quantum/data/miplib_benders/qaoa_problems/nvars_06/supportcase6_ds_qaoa_c745_c747_0003.json,6,2,8,262144,qaoa,feasible,9.045102371834219,134333000.0,"{""B100600(7)"": 0, ""B100602(7)"": 0, ""B100608(7)"": 0, ""B100623(7)"": 0, ""B101029(7)"": 0, ""B101035(7)"": 1}",optimal,9.045102371834219,150892000.0,"{""B100600(7)"": 0, ""B100602(7)"": 0, ""B100608(7)"": 0, ""B100623(7)"": 0, ""B101029(7)"": 1, ""B101035(7)"": 0}",5,,10.528649037936702,323.9453125,
supportcase6_ds_qaoa_c745_c747_0004,/home/zhenyusen/MIP-quantum/data/miplib_benders/qaoa_problems/nvars_06/supportcase6_ds_qaoa_c745_c747_0004.json,6,2,8,262144,qaoa,feasible,9.167294441023842,145944000.0,"{""B100602(7)"": 0, ""B100608(7)"": 0, ""B100623(7)"": 0, ""B101029(7)"": 0, ""B101035(7)"": 0, ""B101037(7)"": 1}",optimal,9.167294441023842,150892000.0,"{""B100602(7)"": 0, ""B100608(7)"": 0, ""B100623(7)"": 0, ""B101029(7)"": 1, ""B101035(7)"": 0, ""B101037(7)"": 0}",5,,10.645386964082718,356.42578125,
supportcase6_ds_qaoa_c745_c747_0005,/home/zhenyusen/MIP-quantum/data/miplib_benders/qaoa_problems/nvars_06/supportcase6_ds_qaoa_c745_c747_0005.json,6,2,8,262144,qaoa,feasible,8.947563278023154,144887000.0,"{""B100608(7)"": 0, ""B100623(7)"": 0, ""B101029(7)"": 0, ""B101035(7)"": 0, ""B101037(7)"": 0, ""B101043(7)"": 1}",optimal,8.947563278023154,150892000.0,"{""B100608(7)"": 0, ""B100623(7)"": 0, ""B101029(7)"": 1, ""B101035(7)"": 0, ""B101037(7)"": 0, ""B101043(7)"": 0}",5,,10.442435767035931,322.15234375,
supportcase6_ds_qaoa_c745_c747_c759_0002,/home/zhenyusen/MIP-quantum/data/miplib_benders/qaoa_problems/nvars_06/supportcase6_ds_qaoa_c745_c747_c759_0002.json,6,3,8,262144,qaoa,feasible,9.13719569798559,150892000.0,"{""B100594(7)"": 0, ""B100600(7)"": 0, ""B100602(7)"": 0, ""B100608(7)"": 0, ""B100623(7)"": 0, ""B101029(7)"": 1}",optimal,9.13719569798559,150892000.0,"{""B100594(7)"": 0, ""B100600(7)"": 0, ""B100602(7)"": 0, ""B100608(7)"": 0, ""B100623(7)"": 0, ""B101029(7)"": 1}",2,,10.574317425023764,311.25,
supportcase6_ds_qaoa_c747_c759_0001,/home/zhenyusen/MIP-quantum/data/miplib_benders/qaoa_problems/nvars_06/supportcase6_ds_qaoa_c747_c759_0001.json,6,2,8,262144,qaoa,feasible,8.653106606099755,151847000.0,"{""B100166(7)"": 0, ""B100594(7)"": 0, ""B100600(7)"": 0, ""B100602(7)"": 0, ""B100608(7)"": 0, ""B100623(7)"": 1}",optimal,8.653106606099755,151847000.0,"{""B100166(7)"": 0, ""B100594(7)"": 0, ""B100600(7)"": 0, ""B100602(7)"": 0, ""B100608(7)"": 0, ""B100623(7)"": 1}",3,,10.097687369911,327.125,
supportcase6_ds_qaoa_c747_c759_0002,/home/zhenyusen/MIP-quantum/data/miplib_benders/qaoa_problems/nvars_06/supportcase6_ds_qaoa_c747_c759_0002.json,6,2,8,262144,qaoa,feasible,8.61943944497034,150892000.0,"{""B100594(7)"": 0, ""B100600(7)"": 0, ""B100602(7)"": 0, ""B100608(7)"": 0, ""B100623(7)"": 0, ""B101029(7)"": 1}",optimal,8.61943944497034,151847000.0,"{""B100594(7)"": 0, ""B100600(7)"": 0, ""B100602(7)"": 0, ""B100608(7)"": 0, ""B100623(7)"": 1, ""B101029(7)"": 0}",3,,10.017360153142363,327.14453125,
supportcase6_ds_qaoa_c747_c759_c762_0001,/home/zhenyusen/MIP-quantum/data/miplib_benders/qaoa_problems/nvars_06/supportcase6_ds_qaoa_c747_c759_c762_0001.json,6,3,8,262144,qaoa,feasible,9.139709899900481,151847000.0,"{""B100166(7)"": 0, ""B100594(7)"": 0, ""B100600(7)"": 0, ""B100602(7)"": 0, ""B100608(7)"": 0, ""B100623(7)"": 1}",optimal,9.139709899900481,151847000.0,"{""B100166(7)"": 0, ""B100594(7)"": 0, ""B100600(7)"": 0, ""B100602(7)"": 0, ""B100608(7)"": 0, ""B100623(7)"": 1}",2,,10.650430771056563,311.13671875,
supportcase6_ds_qaoa_c759_c762_0001,/home/zhenyusen/MIP-quantum/data/miplib_benders/qaoa_problems/nvars_06/supportcase6_ds_qaoa_c759_c762_0001.json,6,2,8,262144,qaoa,feasible,9.279835280962288,151847000.0,"{""B100166(7)"": 0, ""B100594(7)"": 0, ""B100602(7)"": 0, ""B100608(7)"": 0, ""B100623(7)"": 1, ""B101029(7)"": 0}",optimal,9.279835280962288,296836000.0,"{""B100166(7)"": 0, ""B100594(7)"": 0, ""B100602(7)"": 1, ""B100608(7)"": 0, ""B100623(7)"": 0, ""B101029(7)"": 1}",6,,10.78545033512637,323.12890625,
supportcase6_ds_qaoa_c759_c762_0002,/home/zhenyusen/MIP-quantum/data/miplib_benders/qaoa_problems/nvars_06/supportcase6_ds_qaoa_c759_c762_0002.json,6,2,8,262144,qaoa,feasible,8.833962403004989,296836000.0,"{""B100594(7)"": 0, ""B100602(7)"": 0, ""B100608(7)"": 0, ""B100623(7)"": 0, ""B101029(7)"": 1, ""B101037(7)"": 1}",optimal,8.833962403004989,296836000.0,"{""B100594(7)"": 0, ""B100602(7)"": 0, ""B100608(7)"": 0, ""B100623(7)"": 0, ""B101029(7)"": 1, ""B101037(7)"": 1}",7,,10.291192489909008,359.265625,
supportcase6_ds_qaoa_c759_c762_0004,/home/zhenyusen/MIP-quantum/data/miplib_benders/qaoa_problems/nvars_06/supportcase6_ds_qaoa_c759_c762_0004.json,6,2,8,262144,qaoa,feasible,8.79842268791981,151847000.0,"{""B100608(7)"": 0, ""B100623(7)"": 0, ""B101029(7)"": 0, ""B101037(7)"": 0, ""B101043(7)"": 0, ""B101058(7)"": 1}",optimal,8.79842268791981,296836000.0,"{""B100608(7)"": 0, ""B100623(7)"": 0, ""B101029(7)"": 1, ""B101037(7)"": 1, ""B101043(7)"": 0, ""B101058(7)"": 0}",5,,10.186977849109098,349.296875,
assign1-5-8_ds_qaoa_R0133_R0002_0001,/home/zhenyusen/MIP-quantum/data/miplib_benders/qaoa_problems/nvars_07/assign1-5-8_ds_qaoa_R0133_R0002_0001.json,7,2,8,2097152,qaoa,feasible,54.11643234710209,5.0,"{""C0033"": 0, ""C0038"": 0, ""C0039"": 0, ""C0040"": 0, ""C0041"": 1, ""C0053"": 0, ""row_slack_R0002"": 5}",optimal,54.11643234710209,12.0,"{""C0033"": 1, ""C0038"": 0, ""C0039"": 0, ""C0040"": 0, ""C0041"": 1, ""C0053"": 1, ""row_slack_R0002"": 0}",18,,55.62029788806103,1936.421875,
ex10_ds_qaoa_NOD26_NOD2X2_0001,/home/zhenyusen/MIP-quantum/data/miplib_benders/qaoa_problems/nvars_07/ex10_ds_qaoa_NOD26_NOD2X2_0001.json,7,2,8,2097152,qaoa,feasible,56.94676770688966,1.0,"{""b26_220"": 0, ""b26_222"": 0, ""b26_223"": 1, ""b26_230"": 0, ""b26_240"": 0, ""b26_241"": 0, ""b26_242"": 0}",optimal,56.94676770688966,1.0,"{""b26_220"": 0, ""b26_222"": 0, ""b26_223"": 1, ""b26_230"": 0, ""b26_240"": 0, ""b26_241"": 0, ""b26_242"": 0}",3,,58.7144565989729,1943.8125,
ex9_ds_qaoa_NOD2X5_NOD37_0005,/home/zhenyusen/MIP-quantum/data/miplib_benders/qaoa_problems/nvars_07/ex9_ds_qaoa_NOD2X5_NOD37_0005.json,7,2,8,2097152,qaoa,feasible,50.80437872605398,1.0,"{""b37_240"": 0, ""b37_241"": 0, ""b37_242"": 0, ""b37_243"": 0, ""b37_250"": 0, ""b37_251"": 0, ""b37_252"": 1}",optimal,50.80437872605398,1.0,"{""b37_240"": 0, ""b37_241"": 0, ""b37_242"": 0, ""b37_243"": 0, ""b37_250"": 0, ""b37_251"": 0, ""b37_252"": 1}",3,,52.433907767990604,1871.1796875,
ex9_ds_qaoa_NOD2X5_NOD37_0006,/home/zhenyusen/MIP-quantum/data/miplib_benders/qaoa_problems/nvars_07/ex9_ds_qaoa_NOD2X5_NOD37_0006.json,7,2,8,2097152,qaoa,feasible,57.13424733513966,1.0,"{""b37_241"": 0, ""b37_242"": 0, ""b37_243"": 0, ""b37_250"": 0, ""b37_251"": 0, ""b37_252"": 0, ""b37_253"": 1}",optimal,57.13424733513966,1.0,"{""b37_241"": 0, ""b37_242"": 0, ""b37_243"": 0, ""b37_250"": 0, ""b37_251"": 0, ""b37_252"": 0, ""b37_253"": 1}",4,,59.00059653283097,1943.98046875,
