source_file,problem,path,nvars,nconstraints,N,candidate_state_space_size,solver,first_feasible_status,time_to_first_feasible_sec,first_feasible_objective,first_feasible_solution,wall_sec,peak_memory_mb,error
qaoa_feasible_benchmark_a100_20260721_162713_qaoa.csv,assign1-5-8_ds_qaoa_R0002_0001,/home/zhenyusen/MIP-quantum/data/miplib_benders/qaoa_problems/nvars_04/assign1-5-8_ds_qaoa_R0002_0001.json,4,1,8,4096,qaoa,feasible,1.4437166720163077,0.0,"{""C0033"": 0, ""C0038"": 0, ""C0053"": 0, ""row_slack_R0002"": 5}",1.9605445368215442,152.0,
qaoa_feasible_benchmark_a100_20260721_162713_qaoa.csv,assign1-5-8_ds_qaoa_R0003_0001,/home/zhenyusen/MIP-quantum/data/miplib_benders/qaoa_problems/nvars_04/assign1-5-8_ds_qaoa_R0003_0001.json,4,1,8,4096,qaoa,feasible,1.0285354789812118,0.0,"{""C0029"": 0, ""C0034"": 0, ""C0039"": 0, ""row_slack_R0003"": 5}",1.4329117420129478,150.0,
qaoa_feasible_benchmark_a100_20260721_162713_qaoa.csv,assign1-5-8_ds_qaoa_R0007_0001,/home/zhenyusen/MIP-quantum/data/miplib_benders/qaoa_problems/nvars_04/assign1-5-8_ds_qaoa_R0007_0001.json,4,1,8,4096,qaoa,feasible,1.0877189689781517,0.0,"{""C0033"": 0, ""C0038"": 0, ""C0053"": 0, ""row_slack_R0007"": 5}",1.467686072923243,150.0,
qaoa_feasible_benchmark_a100_20260721_162713_qaoa.csv,assign1-5-8_ds_qaoa_R0008_0001,/home/zhenyusen/MIP-quantum/data/miplib_benders/qaoa_problems/nvars_04/assign1-5-8_ds_qaoa_R0008_0001.json,4,1,8,4096,qaoa,feasible,1.3939604370389134,0.0,"{""C0029"": 0, ""C0034"": 0, ""C0039"": 0, ""row_slack_R0008"": 5}",1.7568373759277165,150.0,
qaoa_feasible_benchmark_a100_20260721_162713_qaoa.csv,assign1-5-8_ds_qaoa_R0013_0001,/home/zhenyusen/MIP-quantum/data/miplib_benders/qaoa_problems/nvars_04/assign1-5-8_ds_qaoa_R0013_0001.json,4,1,8,4096,qaoa,feasible,1.392515375977382,0.0,"{""C0029"": 0, ""C0034"": 0, ""C0039"": 0, ""row_slack_R0013"": 5}",1.8478662599809468,152.0,
qaoa_feasible_benchmark_a100_20260721_162713_qaoa.csv,assign1-5-8_ds_qaoa_R0033_0001,/home/zhenyusen/MIP-quantum/data/miplib_benders/qaoa_problems/nvars_04/assign1-5-8_ds_qaoa_R0033_0001.json,4,1,8,4096,qaoa,feasible,1.4017881869804114,0.0,"{""C0029"": 0, ""C0034"": 0, ""C0039"": 0, ""row_slack_R0033"": 5}",1.7533891638740897,150.0,
qaoa_feasible_benchmark_a100_20260721_162713_qaoa.csv,assign1-5-8_ds_qaoa_R0037_0001,/home/zhenyusen/MIP-quantum/data/miplib_benders/qaoa_problems/nvars_04/assign1-5-8_ds_qaoa_R0037_0001.json,4,1,8,4096,qaoa,feasible,1.0580953480675817,0.0,"{""C0033"": 0, ""C0038"": 0, ""C0053"": 0, ""row_slack_R0037"": 5}",1.4025998779106885,152.0,
qaoa_feasible_benchmark_a100_20260721_162713_qaoa.csv,assign1-5-8_ds_qaoa_R0038_0001,/home/zhenyusen/MIP-quantum/data/miplib_benders/qaoa_problems/nvars_04/assign1-5-8_ds_qaoa_R0038_0001.json,4,1,8,4096,qaoa,feasible,1.5847672538366169,0.0,"{""C0029"": 0, ""C0034"": 0, ""C0039"": 0, ""row_slack_R0038"": 5}",2.1021737020928413,152.0,
qaoa_feasible_benchmark_a100_20260721_162713_qaoa.csv,assign1-5-8_ds_qaoa_R0132_0001,/home/zhenyusen/MIP-quantum/data/miplib_benders/qaoa_problems/nvars_04/assign1-5-8_ds_qaoa_R0132_0001.json,4,1,8,4096,qaoa,feasible,1.3243746610824019,4.0,"{""C0033"": 0, ""C0034"": 0, ""C0035"": 0, ""C0036"": 1}",1.7594405750278383,148.0,
qaoa_feasible_benchmark_a100_20260721_162713_qaoa.csv,ex10_ds_qaoa_NOD26_0001,/home/zhenyusen/MIP-quantum/data/miplib_benders/qaoa_problems/nvars_04/ex10_ds_qaoa_NOD26_0001.json,4,1,8,4096,qaoa,feasible,1.295446622883901,1.0,"{""b26_220"": 0, ""b26_222"": 0, ""b26_223"": 0, ""b26_230"": 1}",1.7873031999915838,150.0,
qaoa_feasible_benchmark_a100_20260721_162713_qaoa.csv,ex10_ds_qaoa_NOD26_NOD2X2_0001,/home/zhenyusen/MIP-quantum/data/miplib_benders/qaoa_problems/nvars_04/ex10_ds_qaoa_NOD26_NOD2X2_0001.json,4,2,8,4096,qaoa,feasible,1.4069165370892733,1.0,"{""b26_220"": 0, ""b26_222"": 0, ""b26_223"": 1, ""b26_230"": 0}",1.8359071891754866,152.0,
qaoa_feasible_benchmark_a100_20260721_162713_qaoa.csv,ex9_ds_qaoa_NOD2X5_NOD37_0008,/home/zhenyusen/MIP-quantum/data/miplib_benders/qaoa_problems/nvars_04/ex9_ds_qaoa_NOD2X5_NOD37_0008.json,4,2,8,4096,qaoa,feasible,1.151082222117111,1.0,"{""b37_243"": 0, ""b37_250"": 0, ""b37_251"": 0, ""b37_252"": 1}",1.5717477700673044,152.0,
qaoa_feasible_benchmark_a100_20260721_162713_qaoa.csv,ex9_ds_qaoa_NOD2X5_NOD37_0010,/home/zhenyusen/MIP-quantum/data/miplib_benders/qaoa_problems/nvars_04/ex9_ds_qaoa_NOD2X5_NOD37_0010.json,4,2,8,4096,qaoa,feasible,1.1246748040430248,1.0,"{""b37_251"": 0, ""b37_252"": 0, ""b37_253"": 1, ""b37_260"": 0}",1.4682469489052892,150.0,
qaoa_feasible_benchmark_a100_20260721_162713_qaoa.csv,irp_ds_qaoa_R0002_0001,/home/zhenyusen/MIP-quantum/data/miplib_benders/qaoa_problems/nvars_04/irp_ds_qaoa_R0002_0001.json,4,1,8,4096,qaoa,feasible,1.044046748895198,5861240000.0,"{""C16904"": 0, ""C16905"": 0, ""C16906"": 0, ""C16908"": 1}",1.3906489049550146,152.0,
qaoa_feasible_benchmark_a100_20260721_162713_qaoa.csv,irp_ds_qaoa_R0002_0002,/home/zhenyusen/MIP-quantum/data/miplib_benders/qaoa_problems/nvars_04/irp_ds_qaoa_R0002_0002.json,4,1,8,4096,qaoa,feasible,1.499641123926267,6049200000.0,"{""C16905"": 0, ""C16906"": 0, ""C16908"": 0, ""C16909"": 1}",1.9929627510719001,150.0,
qaoa_feasible_benchmark_a100_20260721_162713_qaoa.csv,irp_ds_qaoa_R0002_0003,/home/zhenyusen/MIP-quantum/data/miplib_benders/qaoa_problems/nvars_04/irp_ds_qaoa_R0002_0003.json,4,1,8,4096,qaoa,feasible,1.3720197000075132,5946950000.0,"{""C16906"": 0, ""C16908"": 0, ""C16909"": 0, ""C16910"": 1}",1.7935575409792364,152.0,
qaoa_feasible_benchmark_a100_20260721_162713_qaoa.csv,irp_ds_qaoa_R0002_0004,/home/zhenyusen/MIP-quantum/data/miplib_benders/qaoa_problems/nvars_04/irp_ds_qaoa_R0002_0004.json,4,1,8,4096,qaoa,feasible,1.3988602079916745,6340890000.0,"{""C16908"": 0, ""C16909"": 0, ""C16910"": 0, ""C16911"": 1}",1.8914761010091752,152.0,
qaoa_feasible_benchmark_a100_20260721_162713_qaoa.csv,irp_ds_qaoa_R0002_0005,/home/zhenyusen/MIP-quantum/data/miplib_benders/qaoa_problems/nvars_04/irp_ds_qaoa_R0002_0005.json,4,1,8,4096,qaoa,feasible,1.3162079940084368,5861380000.0,"{""C16909"": 0, ""C16910"": 0, ""C16911"": 0, ""C16912"": 1}",1.747338057961315,152.0,
qaoa_feasible_benchmark_a100_20260721_162713_qaoa.csv,irp_ds_qaoa_R0002_0006,/home/zhenyusen/MIP-quantum/data/miplib_benders/qaoa_problems/nvars_04/irp_ds_qaoa_R0002_0006.json,4,1,8,4096,qaoa,feasible,1.4582220350857824,5813350000.0,"{""C16910"": 0, ""C16911"": 0, ""C16912"": 0, ""C16913"": 1}",1.9029265108983964,152.0,
qaoa_feasible_benchmark_a100_20260721_162713_qaoa.csv,irp_ds_qaoa_R0002_0007,/home/zhenyusen/MIP-quantum/data/miplib_benders/qaoa_problems/nvars_04/irp_ds_qaoa_R0002_0007.json,4,1,8,4096,qaoa,feasible,1.3677075151354074,5989160000.0,"{""C16911"": 0, ""C16912"": 0, ""C16913"": 0, ""C16915"": 1}",1.755682131042704,152.0,
qaoa_feasible_benchmark_a100_20260721_162713_qaoa.csv,irp_ds_qaoa_R0002_0008,/home/zhenyusen/MIP-quantum/data/miplib_benders/qaoa_problems/nvars_04/irp_ds_qaoa_R0002_0008.json,4,1,8,4096,qaoa,feasible,1.383456215960905,5886900000.0,"{""C16912"": 0, ""C16913"": 0, ""C16915"": 0, ""C16916"": 1}",1.84225786710158,152.0,
qaoa_feasible_benchmark_a100_20260721_162713_qaoa.csv,irp_ds_qaoa_R0002_0009,/home/zhenyusen/MIP-quantum/data/miplib_benders/qaoa_problems/nvars_04/irp_ds_qaoa_R0002_0009.json,4,1,8,4096,qaoa,feasible,1.4054097279440612,6280850000.0,"{""C16913"": 0, ""C16915"": 0, ""C16916"": 0, ""C16917"": 1}",1.8986460249871016,152.0,
qaoa_feasible_benchmark_a100_20260721_162713_qaoa.csv,irp_ds_qaoa_R0002_0010,/home/zhenyusen/MIP-quantum/data/miplib_benders/qaoa_problems/nvars_04/irp_ds_qaoa_R0002_0010.json,4,1,8,4096,qaoa,feasible,1.3449404069688171,5801330000.0,"{""C16915"": 0, ""C16916"": 0, ""C16917"": 0, ""C16918"": 1}",1.7094816619064659,152.0,
qaoa_feasible_benchmark_a100_20260721_162713_qaoa.csv,irp_ds_qaoa_R0002_0011,/home/zhenyusen/MIP-quantum/data/miplib_benders/qaoa_problems/nvars_04/irp_ds_qaoa_R0002_0011.json,4,1,8,4096,qaoa,feasible,1.0061428339686245,5753300000.0,"{""C16916"": 0, ""C16917"": 0, ""C16918"": 0, ""C16919"": 1}",1.3716962989419699,148.0,
qaoa_feasible_benchmark_a100_20260721_162713_qaoa.csv,irp_ds_qaoa_R0010_R0015_0001,/home/zhenyusen/MIP-quantum/data/miplib_benders/qaoa_problems/nvars_04/irp_ds_qaoa_R0010_R0015_0001.json,4,2,8,4096,qaoa,feasible,1.0362590837758034,5627280000.0,"{""C16904"": 0, ""C16905"": 0, ""C16906"": 1, ""C16908"": 0}",1.3614261751063168,148.0,
qaoa_feasible_benchmark_a100_20260721_162713_qaoa.csv,irp_ds_qaoa_R0026_0001,/home/zhenyusen/MIP-quantum/data/miplib_benders/qaoa_problems/nvars_04/irp_ds_qaoa_R0026_0001.json,4,1,8,4096,qaoa,feasible,1.3279735262040049,6280850000.0,"{""C16908"": 0, ""C16915"": 0, ""C16916"": 0, ""C16917"": 1}",1.9967270861379802,148.0,
qaoa_feasible_benchmark_a100_20260721_162713_qaoa.csv,leo1_ds_qaoa_R0000002_0001,/home/zhenyusen/MIP-quantum/data/miplib_benders/qaoa_problems/nvars_04/leo1_ds_qaoa_R0000002_0001.json,4,1,8,4096,qaoa,feasible,1.465567798120901,3.0,"{""C0003537"": 0, ""C0003538"": 0, ""C0003539"": 1, ""row_slack_R0000002"": 0}",1.9275898430496454,148.0,
qaoa_feasible_benchmark_a100_20260721_162713_qaoa.csv,leo1_ds_qaoa_R0000004_0001,/home/zhenyusen/MIP-quantum/data/miplib_benders/qaoa_problems/nvars_04/leo1_ds_qaoa_R0000004_0001.json,4,1,8,4096,qaoa,feasible,1.4564108490012586,6.0,"{""C0003537"": 0, ""C0003538"": 0, ""C0003539"": 2, ""row_slack_R0000004"": 5}",1.9271832529921085,148.0,
qaoa_feasible_benchmark_a100_20260721_162713_qaoa.csv,leo1_ds_qaoa_R0000004_0002,/home/zhenyusen/MIP-quantum/data/miplib_benders/qaoa_problems/nvars_04/leo1_ds_qaoa_R0000004_0002.json,4,1,8,4096,qaoa,feasible,1.3957838900387287,6.0,"{""C0003538"": 0, ""C0003539"": 0, ""C0003540"": 2, ""row_slack_R0000004"": 7}",1.9031671020202339,146.0,
qaoa_feasible_benchmark_a100_20260721_162713_qaoa.csv,leo1_ds_qaoa_R0000004_0003,/home/zhenyusen/MIP-quantum/data/miplib_benders/qaoa_problems/nvars_04/leo1_ds_qaoa_R0000004_0003.json,4,1,8,4096,qaoa,feasible,1.1750856798607856,4.0,"{""C0003539"": 0, ""C0003540"": 2, ""C0003541"": 0, ""row_slack_R0000004"": 7}",1.5718937099445611,152.0,
qaoa_feasible_benchmark_a100_20260721_162713_qaoa.csv,leo1_ds_qaoa_R0000004_0004,/home/zhenyusen/MIP-quantum/data/miplib_benders/qaoa_problems/nvars_04/leo1_ds_qaoa_R0000004_0004.json,4,1,8,4096,qaoa,feasible,1.5823845518752933,15.0,"{""C0003540"": 0, ""C0003541"": 0, ""C0003572"": 5, ""row_slack_R0000004"": 0}",2.141560025047511,148.0,
qaoa_feasible_benchmark_a100_20260721_162713_qaoa.csv,leo1_ds_qaoa_R0000004_0009,/home/zhenyusen/MIP-quantum/data/miplib_benders/qaoa_problems/nvars_04/leo1_ds_qaoa_R0000004_0009.json,4,1,8,4096,qaoa,feasible,0.9454101000446826,6.0,"{""C0003575"": 0, ""C0003576"": 0, ""C0003577"": 2, ""row_slack_R0000004"": 3}",1.2436064230278134,152.0,
qaoa_feasible_benchmark_a100_20260721_162713_qaoa.csv,leo2_ds_qaoa_R0000004_0004,/home/zhenyusen/MIP-quantum/data/miplib_benders/qaoa_problems/nvars_04/leo2_ds_qaoa_R0000004_0004.json,4,1,8,4096,qaoa,feasible,0.9237812540959567,9.0,"{""C0005734"": 0, ""C0005735"": 0, ""C0005736"": 3, ""row_slack_R0000004"": 3}",1.2751071269158274,150.0,
qaoa_feasible_benchmark_a100_20260721_162713_qaoa.csv,leo2_ds_qaoa_R0000004_0005,/home/zhenyusen/MIP-quantum/data/miplib_benders/qaoa_problems/nvars_04/leo2_ds_qaoa_R0000004_0005.json,4,1,8,4096,qaoa,feasible,0.8951669568195939,6.0,"{""C0005735"": 0, ""C0005736"": 0, ""C0005737"": 2, ""row_slack_R0000004"": 1}",1.148222317919135,148.0,
qaoa_feasible_benchmark_a100_20260721_162713_qaoa.csv,leo2_ds_qaoa_R0000004_0006,/home/zhenyusen/MIP-quantum/data/miplib_benders/qaoa_problems/nvars_04/leo2_ds_qaoa_R0000004_0006.json,4,1,8,4096,qaoa,feasible,0.9060985939577222,5.0,"{""C0005736"": 0, ""C0005737"": 1, ""C0005738"": 1, ""row_slack_R0000004"": 5}",1.2593706520274282,152.0,
qaoa_feasible_benchmark_a100_20260721_162713_qaoa.csv,leo2_ds_qaoa_R0000004_0007,/home/zhenyusen/MIP-quantum/data/miplib_benders/qaoa_problems/nvars_04/leo2_ds_qaoa_R0000004_0007.json,4,1,8,4096,qaoa,feasible,0.9800274998415262,4.0,"{""C0005737"": 1, ""C0005738"": 0, ""C0005739"": 1, ""row_slack_R0000004"": 7}",1.3074612859636545,152.0,
qaoa_feasible_benchmark_a100_20260721_162713_qaoa.csv,leo2_ds_qaoa_R0000004_0009,/home/zhenyusen/MIP-quantum/data/miplib_benders/qaoa_problems/nvars_04/leo2_ds_qaoa_R0000004_0009.json,4,1,8,4096,qaoa,feasible,0.9262122849468142,15.0,"{""C0005739"": 0, ""C0005740"": 0, ""C0005788"": 5, ""row_slack_R0000004"": 0}",1.187445550924167,152.0,
qaoa_feasible_benchmark_a100_20260721_162713_qaoa.csv,neos-1456979_ds_qaoa_R0007_0001,/home/zhenyusen/MIP-quantum/data/miplib_benders/qaoa_problems/nvars_04/neos-1456979_ds_qaoa_R0007_0001.json,4,1,8,4096,qaoa,feasible,0.9427372789941728,6.0,"{""C0186"": 0, ""C0187"": 0, ""C0188"": 0, ""C0189"": 1}",1.2242038331460208,150.0,
qaoa_feasible_benchmark_a100_20260721_162713_qaoa.csv,neos-1456979_ds_qaoa_R0008_0001,/home/zhenyusen/MIP-quantum/data/miplib_benders/qaoa_problems/nvars_04/neos-1456979_ds_qaoa_R0008_0001.json,4,1,8,4096,qaoa,feasible,0.8582085310481489,4.0,"{""C0191"": 0, ""C0192"": 0, ""C0193"": 0, ""C0194"": 1}",1.1414031588938087,152.0,
qaoa_feasible_benchmark_a100_20260721_162713_qaoa.csv,neos-2746589-doon_ds_qaoa_R0001_0001,/home/zhenyusen/MIP-quantum/data/miplib_benders/qaoa_problems/nvars_04/neos-2746589-doon_ds_qaoa_R0001_0001.json,4,1,8,4096,qaoa,feasible,0.9352227810304612,29.0,"{""C0013"": 0, ""C0014"": 0, ""C0015"": 0, ""C0016"": 1}",1.2157709579914808,152.0,
qaoa_feasible_benchmark_a100_20260721_162713_qaoa.csv,neos-2746589-doon_ds_qaoa_R0002_0001,/home/zhenyusen/MIP-quantum/data/miplib_benders/qaoa_problems/nvars_04/neos-2746589-doon_ds_qaoa_R0002_0001.json,4,1,8,4096,qaoa,feasible,0.8847183410543948,209.0,"{""C0019"": 0, ""C0020"": 0, ""C0021"": 0, ""C0022"": 1}",1.1699570699129254,152.0,
qaoa_feasible_benchmark_a100_20260721_162713_qaoa.csv,neos-4300652-rahue_ds_qaoa_R14653_0002,/home/zhenyusen/MIP-quantum/data/miplib_benders/qaoa_problems/nvars_04/neos-4300652-rahue_ds_qaoa_R14653_0002.json,4,1,8,4096,qaoa,feasible,0.8500579930841923,25.0,"{""C12150"": 7, ""C12152"": 0, ""C12153"": 6, ""row_slack_R14653"": 7}",1.0784967939835042,152.0,
qaoa_feasible_benchmark_a100_20260721_162713_qaoa.csv,neos-4647030-tutaki_ds_qaoa_R7864_0001,/home/zhenyusen/MIP-quantum/data/miplib_benders/qaoa_problems/nvars_04/neos-4647030-tutaki_ds_qaoa_R7864_0001.json,4,1,8,4096,qaoa,feasible,0.8570732399821281,0.0,"{""C10006"": 0, ""C10007"": 0, ""C10008"": 0, ""row_slack_R7864"": 1}",1.0790142270270735,152.0,
qaoa_feasible_benchmark_a100_20260721_162713_qaoa.csv,neos8_ds_qaoa_R0001_0001,/home/zhenyusen/MIP-quantum/data/miplib_benders/qaoa_problems/nvars_04/neos8_ds_qaoa_R0001_0001.json,4,1,8,4096,qaoa,feasible,0.9577604089863598,0.0,"{""C0001"": 0, ""C0002"": 0, ""C0005"": 0, ""row_slack_R0001"": 1}",1.2766595559660345,152.0,
qaoa_feasible_benchmark_a100_20260721_162713_qaoa.csv,neos8_ds_qaoa_R0001_0002,/home/zhenyusen/MIP-quantum/data/miplib_benders/qaoa_problems/nvars_04/neos8_ds_qaoa_R0001_0002.json,4,1,8,4096,qaoa,feasible,0.8478763590101153,0.0,"{""C0002"": 0, ""C0005"": 0, ""C0006"": 0, ""row_slack_R0001"": 1}",1.0853565679863095,152.0,
qaoa_feasible_benchmark_a100_20260721_162713_qaoa.csv,neos8_ds_qaoa_R0001_0003,/home/zhenyusen/MIP-quantum/data/miplib_benders/qaoa_problems/nvars_04/neos8_ds_qaoa_R0001_0003.json,4,1,8,4096,qaoa,feasible,0.930727784987539,0.0,"{""C0005"": 0, ""C0006"": 0, ""C0009"": 0, ""row_slack_R0001"": 1}",1.2329470061231405,152.0,
qaoa_feasible_benchmark_a100_20260721_162713_qaoa.csv,neos8_ds_qaoa_R0001_0004,/home/zhenyusen/MIP-quantum/data/miplib_benders/qaoa_problems/nvars_04/neos8_ds_qaoa_R0001_0004.json,4,1,8,4096,qaoa,feasible,0.8979799679946154,0.0,"{""C0006"": 0, ""C0009"": 0, ""C0017"": 0, ""row_slack_R0001"": 1}",1.1992504859808832,152.0,
qaoa_feasible_benchmark_a100_20260721_162713_qaoa.csv,neos8_ds_qaoa_R0001_0005,/home/zhenyusen/MIP-quantum/data/miplib_benders/qaoa_problems/nvars_04/neos8_ds_qaoa_R0001_0005.json,4,1,8,4096,qaoa,feasible,0.8579991559963673,0.0,"{""C0009"": 0, ""C0017"": 0, ""C0018"": 0, ""row_slack_R0001"": 1}",1.094793670810759,152.0,
qaoa_feasible_benchmark_a100_20260721_162713_qaoa.csv,neos8_ds_qaoa_R0001_0006,/home/zhenyusen/MIP-quantum/data/miplib_benders/qaoa_problems/nvars_04/neos8_ds_qaoa_R0001_0006.json,4,1,8,4096,qaoa,feasible,0.8786717208568007,0.0,"{""C0017"": 0, ""C0018"": 0, ""C0022"": 0, ""row_slack_R0001"": 1}",1.144655111944303,152.0,
qaoa_feasible_benchmark_a100_20260721_162713_qaoa.csv,neos8_ds_qaoa_R0001_0007,/home/zhenyusen/MIP-quantum/data/miplib_benders/qaoa_problems/nvars_04/neos8_ds_qaoa_R0001_0007.json,4,1,8,4096,qaoa,feasible,0.8779555489309132,0.0,"{""C0018"": 0, ""C0022"": 0, ""C0025"": 0, ""row_slack_R0001"": 1}",1.1468309541232884,150.0,
qaoa_feasible_benchmark_a100_20260721_162713_qaoa.csv,neos8_ds_qaoa_R0001_0008,/home/zhenyusen/MIP-quantum/data/miplib_benders/qaoa_problems/nvars_04/neos8_ds_qaoa_R0001_0008.json,4,1,8,4096,qaoa,feasible,0.8462055909913033,0.0,"{""C0022"": 0, ""C0025"": 0, ""C0026"": 0, ""row_slack_R0001"": 1}",1.1145125858020037,152.0,
qaoa_feasible_benchmark_a100_20260721_162713_qaoa.csv,neos8_ds_qaoa_R0002_0003,/home/zhenyusen/MIP-quantum/data/miplib_benders/qaoa_problems/nvars_04/neos8_ds_qaoa_R0002_0003.json,4,1,8,4096,qaoa,feasible,0.8317324919626117,0.0,"{""C0005"": 0, ""C0006"": 0, ""C0013"": 0, ""row_slack_R0002"": 1}",1.0462911608628929,152.0,
qaoa_feasible_benchmark_a100_20260721_162713_qaoa.csv,neos8_ds_qaoa_R0002_0004,/home/zhenyusen/MIP-quantum/data/miplib_benders/qaoa_problems/nvars_04/neos8_ds_qaoa_R0002_0004.json,4,1,8,4096,qaoa,feasible,0.8142115438822657,0.0,"{""C0006"": 0, ""C0013"": 0, ""C0014"": 0, ""row_slack_R0002"": 1}",1.034514619037509,148.0,
qaoa_feasible_benchmark_a100_20260721_162713_qaoa.csv,neos8_ds_qaoa_R0002_0005,/home/zhenyusen/MIP-quantum/data/miplib_benders/qaoa_problems/nvars_04/neos8_ds_qaoa_R0002_0005.json,4,1,8,4096,qaoa,feasible,0.8328926179092377,0.0,"{""C0013"": 0, ""C0014"": 0, ""C0017"": 0, ""row_slack_R0002"": 1}",1.055727349827066,152.0,
qaoa_feasible_benchmark_a100_20260721_162713_qaoa.csv,neos8_ds_qaoa_R0002_0006,/home/zhenyusen/MIP-quantum/data/miplib_benders/qaoa_problems/nvars_04/neos8_ds_qaoa_R0002_0006.json,4,1,8,4096,qaoa,feasible,0.8203219240531325,0.0,"{""C0014"": 0, ""C0017"": 0, ""C0018"": 0, ""row_slack_R0002"": 1}",1.0396094229072332,150.0,
qaoa_feasible_benchmark_a100_20260721_162713_qaoa.csv,neos8_ds_qaoa_R0002_0007,/home/zhenyusen/MIP-quantum/data/miplib_benders/qaoa_problems/nvars_04/neos8_ds_qaoa_R0002_0007.json,4,1,8,4096,qaoa,feasible,0.8174198579508811,0.0,"{""C0017"": 0, ""C0018"": 0, ""C0023"": 0, ""row_slack_R0002"": 1}",1.0358304919209331,152.0,
qaoa_feasible_benchmark_a100_20260721_162713_qaoa.csv,neos8_ds_qaoa_R0002_0008,/home/zhenyusen/MIP-quantum/data/miplib_benders/qaoa_problems/nvars_04/neos8_ds_qaoa_R0002_0008.json,4,1,8,4096,qaoa,feasible,0.8692841378506273,0.0,"{""C0018"": 0, ""C0023"": 0, ""C0024"": 0, ""row_slack_R0002"": 1}",1.1215004599653184,152.0,
qaoa_feasible_benchmark_a100_20260721_162713_qaoa.csv,neos8_ds_qaoa_R0003_0001,/home/zhenyusen/MIP-quantum/data/miplib_benders/qaoa_problems/nvars_04/neos8_ds_qaoa_R0003_0001.json,4,1,8,4096,qaoa,feasible,0.8375801388174295,0.0,"{""C0001"": 0, ""C0002"": 0, ""C0009"": 0, ""row_slack_R0003"": 1}",1.0478889760561287,152.0,
qaoa_feasible_benchmark_a100_20260721_162713_qaoa.csv,neos8_ds_qaoa_R0003_0002,/home/zhenyusen/MIP-quantum/data/miplib_benders/qaoa_problems/nvars_04/neos8_ds_qaoa_R0003_0002.json,4,1,8,4096,qaoa,feasible,0.880427025957033,0.0,"{""C0002"": 0, ""C0009"": 0, ""C0013"": 0, ""row_slack_R0003"": 1}",1.125138142844662,152.0,
qaoa_feasible_benchmark_a100_20260721_162713_qaoa.csv,neos8_ds_qaoa_R0003_0003,/home/zhenyusen/MIP-quantum/data/miplib_benders/qaoa_problems/nvars_04/neos8_ds_qaoa_R0003_0003.json,4,1,8,4096,qaoa,feasible,0.832640693988651,0.0,"{""C0009"": 0, ""C0013"": 0, ""C0014"": 0, ""row_slack_R0003"": 1}",1.0389338890090585,152.0,
qaoa_feasible_benchmark_a100_20260721_162713_qaoa.csv,neos8_ds_qaoa_R0003_0004,/home/zhenyusen/MIP-quantum/data/miplib_benders/qaoa_problems/nvars_04/neos8_ds_qaoa_R0003_0004.json,4,1,8,4096,qaoa,feasible,0.8316088451538235,0.0,"{""C0013"": 0, ""C0014"": 0, ""C0022"": 0, ""row_slack_R0003"": 1}",1.0357555157970637,152.0,
qaoa_feasible_benchmark_a100_20260721_162713_qaoa.csv,neos8_ds_qaoa_R0004_0002,/home/zhenyusen/MIP-quantum/data/miplib_benders/qaoa_problems/nvars_04/neos8_ds_qaoa_R0004_0002.json,4,1,8,4096,qaoa,feasible,0.848674455890432,0.0,"{""C0006"": 0, ""C0009"": 0, ""C0013"": 0, ""row_slack_R0004"": 1}",1.0888983288314193,152.0,
qaoa_feasible_benchmark_a100_20260721_162713_qaoa.csv,neos8_ds_qaoa_R0004_0005,/home/zhenyusen/MIP-quantum/data/miplib_benders/qaoa_problems/nvars_04/neos8_ds_qaoa_R0004_0005.json,4,1,8,4096,qaoa,feasible,0.8249239809811115,0.0,"{""C0014"": 0, ""C0023"": 0, ""C0024"": 0, ""row_slack_R0004"": 1}",1.0785760160069913,152.0,
qaoa_feasible_benchmark_a100_20260721_162713_qaoa.csv,neos8_ds_qaoa_R0004_0006,/home/zhenyusen/MIP-quantum/data/miplib_benders/qaoa_problems/nvars_04/neos8_ds_qaoa_R0004_0006.json,4,1,8,4096,qaoa,feasible,0.8376315638888627,0.0,"{""C0023"": 0, ""C0024"": 0, ""C0025"": 0, ""row_slack_R0004"": 1}",1.0886910378467292,152.0,
qaoa_feasible_benchmark_a100_20260721_162713_qaoa.csv,neos8_ds_qaoa_R0004_0007,/home/zhenyusen/MIP-quantum/data/miplib_benders/qaoa_problems/nvars_04/neos8_ds_qaoa_R0004_0007.json,4,1,8,4096,qaoa,feasible,1.0025670770555735,0.0,"{""C0024"": 0, ""C0025"": 0, ""C0026"": 0, ""row_slack_R0004"": 1}",1.241922477958724,150.0,
qaoa_feasible_benchmark_a100_20260721_162713_qaoa.csv,ns1830653_ds_qaoa_R0880_0001,/home/zhenyusen/MIP-quantum/data/miplib_benders/qaoa_problems/nvars_04/ns1830653_ds_qaoa_R0880_0001.json,4,1,8,4096,qaoa,feasible,0.8298163809813559,121.0,"{""C0234"": 0, ""C0252"": 0, ""C0270"": 0, ""C0288"": 1}",1.028280301950872,152.0,
qaoa_feasible_benchmark_a100_20260721_162713_qaoa.csv,ns1830653_ds_qaoa_R0880_0002,/home/zhenyusen/MIP-quantum/data/miplib_benders/qaoa_problems/nvars_04/ns1830653_ds_qaoa_R0880_0002.json,4,1,8,4096,qaoa,feasible,0.8692581600043923,224.0,"{""C0252"": 0, ""C0270"": 0, ""C0288"": 0, ""C0306"": 1}",1.162667352007702,152.0,
qaoa_feasible_benchmark_a100_20260721_162713_qaoa.csv,ns1830653_ds_qaoa_R0880_0003,/home/zhenyusen/MIP-quantum/data/miplib_benders/qaoa_problems/nvars_04/ns1830653_ds_qaoa_R0880_0003.json,4,1,8,4096,qaoa,feasible,0.8284875440876931,127.0,"{""C0270"": 0, ""C0288"": 0, ""C0306"": 0, ""C0504"": 1}",1.0650766040198505,150.0,
qaoa_feasible_benchmark_a100_20260721_162713_qaoa.csv,ns1830653_ds_qaoa_R0898_0001,/home/zhenyusen/MIP-quantum/data/miplib_benders/qaoa_problems/nvars_04/ns1830653_ds_qaoa_R0898_0001.json,4,1,8,4096,qaoa,feasible,0.8380866469815373,129.0,"{""C0360"": 0, ""C0378"": 0, ""C0396"": 0, ""C0414"": 1}",1.0208580249454826,152.0,
qaoa_feasible_benchmark_a100_20260721_162713_qaoa.csv,ns1830653_ds_qaoa_R0898_0002,/home/zhenyusen/MIP-quantum/data/miplib_benders/qaoa_problems/nvars_04/ns1830653_ds_qaoa_R0898_0002.json,4,1,8,4096,qaoa,feasible,0.832416967023164,148.0,"{""C0378"": 0, ""C0396"": 0, ""C0414"": 0, ""C0432"": 1}",1.0781780739780515,152.0,
qaoa_feasible_benchmark_a100_20260721_162713_qaoa.csv,ns1830653_ds_qaoa_R0898_0003,/home/zhenyusen/MIP-quantum/data/miplib_benders/qaoa_problems/nvars_04/ns1830653_ds_qaoa_R0898_0003.json,4,1,8,4096,qaoa,feasible,0.8140298300422728,264.0,"{""C0396"": 0, ""C0414"": 0, ""C0432"": 0, ""C0450"": 1}",1.0083538729231805,152.0,
qaoa_feasible_benchmark_a100_20260721_162713_qaoa.csv,ns1830653_ds_qaoa_R0898_0004,/home/zhenyusen/MIP-quantum/data/miplib_benders/qaoa_problems/nvars_04/ns1830653_ds_qaoa_R0898_0004.json,4,1,8,4096,qaoa,feasible,0.8220780880656093,224.0,"{""C0414"": 0, ""C0432"": 0, ""C0450"": 0, ""C0468"": 1}",1.028946487000212,152.0,
qaoa_feasible_benchmark_a100_20260721_162713_qaoa.csv,ns1830653_ds_qaoa_R0898_0005,/home/zhenyusen/MIP-quantum/data/miplib_benders/qaoa_problems/nvars_04/ns1830653_ds_qaoa_R0898_0005.json,4,1,8,4096,qaoa,feasible,0.8207821201067418,58.0,"{""C0432"": 0, ""C0450"": 0, ""C0468"": 0, ""C0522"": 1}",1.0072736430447549,152.0,
qaoa_feasible_benchmark_a100_20260721_162713_qaoa.csv,satellites2-60-fs_ds_qaoa_R13541_0001,/home/zhenyusen/MIP-quantum/data/miplib_benders/qaoa_problems/nvars_04/satellites2-60-fs_ds_qaoa_R13541_0001.json,4,1,8,4096,qaoa,feasible,0.8240202269516885,0.0,"{""C34179"": 0, ""C34180"": 0, ""C34181"": 0, ""row_slack_R13541"": 1}",1.0066394051536918,152.0,
qaoa_feasible_benchmark_a100_20260721_162713_qaoa.csv,supportcase6_ds_qaoa_c722_0001,/home/zhenyusen/MIP-quantum/data/miplib_benders/qaoa_problems/nvars_04/supportcase6_ds_qaoa_c722_0001.json,4,1,8,4096,qaoa,feasible,0.8271271551493555,145944000.0,"{""B100166(7)"": 0, ""B100594(7)"": 0, ""B100600(7)"": 0, ""B100602(7)"": 1}",1.0593790791463107,152.0,
qaoa_feasible_benchmark_a100_20260721_162713_qaoa.csv,supportcase6_ds_qaoa_c722_0002,/home/zhenyusen/MIP-quantum/data/miplib_benders/qaoa_problems/nvars_04/supportcase6_ds_qaoa_c722_0002.json,4,1,8,4096,qaoa,feasible,0.8250112470705062,144887000.0,"{""B100594(7)"": 0, ""B100600(7)"": 0, ""B100602(7)"": 0, ""B100608(7)"": 1}",1.0554404670838267,152.0,
qaoa_feasible_benchmark_a100_20260721_162713_qaoa.csv,supportcase6_ds_qaoa_c722_0003,/home/zhenyusen/MIP-quantum/data/miplib_benders/qaoa_problems/nvars_04/supportcase6_ds_qaoa_c722_0003.json,4,1,8,4096,qaoa,feasible,0.8174051081296057,151847000.0,"{""B100600(7)"": 0, ""B100602(7)"": 0, ""B100608(7)"": 0, ""B100623(7)"": 1}",1.0149473289493471,152.0,
qaoa_feasible_benchmark_a100_20260721_162713_qaoa.csv,supportcase6_ds_qaoa_c722_0004,/home/zhenyusen/MIP-quantum/data/miplib_benders/qaoa_problems/nvars_04/supportcase6_ds_qaoa_c722_0004.json,4,1,8,4096,qaoa,feasible,0.8216166470665485,150892000.0,"{""B100602(7)"": 0, ""B100608(7)"": 0, ""B100623(7)"": 0, ""B101029(7)"": 1}",1.009696242166683,152.0,
qaoa_feasible_benchmark_a100_20260721_162713_qaoa.csv,supportcase6_ds_qaoa_c722_0005,/home/zhenyusen/MIP-quantum/data/miplib_benders/qaoa_problems/nvars_04/supportcase6_ds_qaoa_c722_0005.json,4,1,8,4096,qaoa,feasible,0.8113732310011983,134333000.0,"{""B100608(7)"": 0, ""B100623(7)"": 0, ""B101029(7)"": 0, ""B101035(7)"": 1}",0.99394093407318,152.0,
qaoa_feasible_benchmark_a100_20260721_162713_qaoa.csv,supportcase6_ds_qaoa_c722_c726_0002,/home/zhenyusen/MIP-quantum/data/miplib_benders/qaoa_problems/nvars_04/supportcase6_ds_qaoa_c722_c726_0002.json,4,2,8,4096,qaoa,feasible,0.8108036911580712,145944000.0,"{""B100594(7)"": 0, ""B100600(7)"": 0, ""B100602(7)"": 1, ""B100608(7)"": 0}",1.0325744019355625,152.0,
qaoa_feasible_benchmark_a100_20260721_162713_qaoa.csv,supportcase6_ds_qaoa_c722_c726_0003,/home/zhenyusen/MIP-quantum/data/miplib_benders/qaoa_problems/nvars_04/supportcase6_ds_qaoa_c722_c726_0003.json,4,2,8,4096,qaoa,feasible,0.8155112289823592,151847000.0,"{""B100600(7)"": 0, ""B100602(7)"": 0, ""B100608(7)"": 0, ""B100623(7)"": 1}",1.0368620159570128,152.0,
qaoa_feasible_benchmark_a100_20260721_162713_qaoa.csv,supportcase6_ds_qaoa_c722_c726_0004,/home/zhenyusen/MIP-quantum/data/miplib_benders/qaoa_problems/nvars_04/supportcase6_ds_qaoa_c722_c726_0004.json,4,2,8,4096,qaoa,feasible,0.8090260960161686,150892000.0,"{""B100602(7)"": 0, ""B100608(7)"": 0, ""B100623(7)"": 0, ""B101029(7)"": 1}",1.0027278610505164,152.0,
qaoa_feasible_benchmark_a100_20260721_162713_qaoa.csv,supportcase6_ds_qaoa_c722_c726_0005,/home/zhenyusen/MIP-quantum/data/miplib_benders/qaoa_problems/nvars_04/supportcase6_ds_qaoa_c722_c726_0005.json,4,2,8,4096,qaoa,feasible,0.8417315830010921,134333000.0,"{""B100608(7)"": 0, ""B100623(7)"": 0, ""B101029(7)"": 0, ""B101035(7)"": 1}",1.150978785008192,150.0,
qaoa_feasible_benchmark_a100_20260721_162713_qaoa.csv,supportcase6_ds_qaoa_c726_0002,/home/zhenyusen/MIP-quantum/data/miplib_benders/qaoa_problems/nvars_04/supportcase6_ds_qaoa_c726_0002.json,4,1,8,4096,qaoa,feasible,0.8134767669253051,151847000.0,"{""B100594(7)"": 0, ""B100600(7)"": 0, ""B100602(7)"": 0, ""B100623(7)"": 1}",1.0485593650955707,152.0,
qaoa_feasible_benchmark_a100_20260721_162713_qaoa.csv,supportcase6_ds_qaoa_c726_0003,/home/zhenyusen/MIP-quantum/data/miplib_benders/qaoa_problems/nvars_04/supportcase6_ds_qaoa_c726_0003.json,4,1,8,4096,qaoa,feasible,0.8109017049428076,150892000.0,"{""B100600(7)"": 0, ""B100602(7)"": 0, ""B100623(7)"": 0, ""B101029(7)"": 1}",0.9948116380255669,152.0,
qaoa_feasible_benchmark_a100_20260721_162713_qaoa.csv,supportcase6_ds_qaoa_c726_0004,/home/zhenyusen/MIP-quantum/data/miplib_benders/qaoa_problems/nvars_04/supportcase6_ds_qaoa_c726_0004.json,4,1,8,4096,qaoa,feasible,0.8101591030135751,134333000.0,"{""B100602(7)"": 0, ""B100623(7)"": 0, ""B101029(7)"": 0, ""B101035(7)"": 1}",1.026158950990066,152.0,
qaoa_feasible_benchmark_a100_20260721_162713_qaoa.csv,supportcase6_ds_qaoa_c733_0001,/home/zhenyusen/MIP-quantum/data/miplib_benders/qaoa_problems/nvars_04/supportcase6_ds_qaoa_c733_0001.json,4,1,8,4096,qaoa,feasible,0.8274583481252193,144887000.0,"{""B100600(7)"": 0, ""B100608(7)"": 0, ""B101035(7)"": 0, ""B101043(7)"": 1}",1.0451886120717973,152.0,
qaoa_feasible_benchmark_a100_20260721_162713_qaoa.csv,supportcase6_ds_qaoa_c733_0002,/home/zhenyusen/MIP-quantum/data/miplib_benders/qaoa_problems/nvars_04/supportcase6_ds_qaoa_c733_0002.json,4,1,8,4096,qaoa,feasible,0.8095843959599733,134333000.0,"{""B100608(7)"": 0, ""B101035(7)"": 0, ""B101043(7)"": 0, ""B101485(7)"": 1}",1.0110821197740734,152.0,
qaoa_feasible_benchmark_a100_20260721_162713_qaoa.csv,supportcase6_ds_qaoa_c745_0002,/home/zhenyusen/MIP-quantum/data/miplib_benders/qaoa_problems/nvars_04/supportcase6_ds_qaoa_c745_0002.json,4,1,8,4096,qaoa,feasible,0.8113666409626603,150892000.0,"{""B100600(7)"": 0, ""B100602(7)"": 0, ""B100608(7)"": 0, ""B101029(7)"": 1}",0.9937684850301594,152.0,
qaoa_feasible_benchmark_a100_20260721_162713_qaoa.csv,supportcase6_ds_qaoa_c745_0003,/home/zhenyusen/MIP-quantum/data/miplib_benders/qaoa_problems/nvars_04/supportcase6_ds_qaoa_c745_0003.json,4,1,8,4096,qaoa,feasible,0.8138601330574602,134333000.0,"{""B100602(7)"": 0, ""B100608(7)"": 0, ""B101029(7)"": 0, ""B101035(7)"": 1}",0.9881823910400271,152.0,
qaoa_feasible_benchmark_a100_20260721_162713_qaoa.csv,supportcase6_ds_qaoa_c745_0004,/home/zhenyusen/MIP-quantum/data/miplib_benders/qaoa_problems/nvars_04/supportcase6_ds_qaoa_c745_0004.json,4,1,8,4096,qaoa,feasible,0.8082563921343535,145944000.0,"{""B100608(7)"": 0, ""B101029(7)"": 0, ""B101035(7)"": 0, ""B101037(7)"": 1}",1.0415910079609603,152.0,
qaoa_feasible_benchmark_a100_20260721_162713_qaoa.csv,supportcase6_ds_qaoa_c745_c747_0001,/home/zhenyusen/MIP-quantum/data/miplib_benders/qaoa_problems/nvars_04/supportcase6_ds_qaoa_c745_c747_0001.json,4,2,8,4096,qaoa,feasible,0.8222053409554064,145944000.0,"{""B100166(7)"": 0, ""B100594(7)"": 0, ""B100600(7)"": 0, ""B100602(7)"": 1}",0.9936052029952407,152.0,
qaoa_feasible_benchmark_a100_20260721_162713_qaoa.csv,supportcase6_ds_qaoa_c745_c747_0003,/home/zhenyusen/MIP-quantum/data/miplib_benders/qaoa_problems/nvars_04/supportcase6_ds_qaoa_c745_c747_0003.json,4,2,8,4096,qaoa,feasible,0.8076438170392066,144887000.0,"{""B100600(7)"": 0, ""B100602(7)"": 0, ""B100608(7)"": 1, ""B100623(7)"": 0}",0.9792502911295742,152.0,
qaoa_feasible_benchmark_a100_20260721_162713_qaoa.csv,supportcase6_ds_qaoa_c745_c747_0004,/home/zhenyusen/MIP-quantum/data/miplib_benders/qaoa_problems/nvars_04/supportcase6_ds_qaoa_c745_c747_0004.json,4,2,8,4096,qaoa,feasible,0.8130814789328724,150892000.0,"{""B100602(7)"": 0, ""B100608(7)"": 0, ""B100623(7)"": 0, ""B101029(7)"": 1}",1.0309823129791766,152.0,
qaoa_feasible_benchmark_a100_20260721_162713_qaoa.csv,supportcase6_ds_qaoa_c745_c747_0005,/home/zhenyusen/MIP-quantum/data/miplib_benders/qaoa_problems/nvars_04/supportcase6_ds_qaoa_c745_c747_0005.json,4,2,8,4096,qaoa,feasible,0.8023199501913041,134333000.0,"{""B100608(7)"": 0, ""B100623(7)"": 0, ""B101029(7)"": 0, ""B101035(7)"": 1}",0.9768069488927722,152.0,
qaoa_feasible_benchmark_a100_20260721_162713_qaoa.csv,supportcase6_ds_qaoa_c759_0001,/home/zhenyusen/MIP-quantum/data/miplib_benders/qaoa_problems/nvars_04/supportcase6_ds_qaoa_c759_0001.json,4,1,8,4096,qaoa,feasible,0.8065861510112882,150892000.0,"{""B100166(7)"": 0, ""B100594(7)"": 0, ""B100623(7)"": 0, ""B101029(7)"": 1}",0.995248181046918,150.0,
qaoa_feasible_benchmark_a100_20260721_162713_qaoa.csv,supportcase6_ds_qaoa_c759_0002,/home/zhenyusen/MIP-quantum/data/miplib_benders/qaoa_problems/nvars_04/supportcase6_ds_qaoa_c759_0002.json,4,1,8,4096,qaoa,feasible,0.802401274908334,151847000.0,"{""B100594(7)"": 0, ""B100623(7)"": 0, ""B101029(7)"": 0, ""B101058(7)"": 1}",0.9944506559986621,152.0,
qaoa_feasible_benchmark_a100_20260721_162713_qaoa.csv,supportcase6_ds_qaoa_c762_0001,/home/zhenyusen/MIP-quantum/data/miplib_benders/qaoa_problems/nvars_04/supportcase6_ds_qaoa_c762_0001.json,4,1,8,4096,qaoa,feasible,0.8067336149979383,151847000.0,"{""B100166(7)"": 0, ""B100602(7)"": 0, ""B100608(7)"": 0, ""B100623(7)"": 1}",1.0328001158777624,152.0,
qaoa_feasible_benchmark_a100_20260721_162713_qaoa.csv,supportcase6_ds_qaoa_c762_0002,/home/zhenyusen/MIP-quantum/data/miplib_benders/qaoa_problems/nvars_04/supportcase6_ds_qaoa_c762_0002.json,4,1,8,4096,qaoa,feasible,0.805108489934355,145944000.0,"{""B100602(7)"": 0, ""B100608(7)"": 0, ""B100623(7)"": 0, ""B101037(7)"": 1}",0.9793490071315318,152.0,
qaoa_feasible_benchmark_a100_20260721_162713_qaoa.csv,supportcase6_ds_qaoa_c762_0003,/home/zhenyusen/MIP-quantum/data/miplib_benders/qaoa_problems/nvars_04/supportcase6_ds_qaoa_c762_0003.json,4,1,8,4096,qaoa,feasible,0.8082214971072972,144887000.0,"{""B100608(7)"": 0, ""B100623(7)"": 0, ""B101037(7)"": 0, ""B101043(7)"": 1}",0.9765469611156732,150.0,
qaoa_feasible_benchmark_a100_20260721_162713_qaoa.csv,assign1-5-8_ds_qaoa_R0003_0001,/home/zhenyusen/MIP-quantum/data/miplib_benders/qaoa_problems/nvars_05/assign1-5-8_ds_qaoa_R0003_0001.json,5,1,8,32768,qaoa,feasible,1.25219317083247,0.0,"{""C0029"": 0, ""C0034"": 0, ""C0039"": 0, ""C0054"": 0, ""row_slack_R0003"": 5}",1.420452076010406,169.07421875,
qaoa_feasible_benchmark_a100_20260721_162713_qaoa.csv,assign1-5-8_ds_qaoa_R0008_0001,/home/zhenyusen/MIP-quantum/data/miplib_benders/qaoa_problems/nvars_05/assign1-5-8_ds_qaoa_R0008_0001.json,5,1,8,32768,qaoa,feasible,1.2566600667778403,0.0,"{""C0029"": 0, ""C0034"": 0, ""C0039"": 0, ""C0054"": 0, ""row_slack_R0008"": 5}",1.463263512821868,171.0703125,
qaoa_feasible_benchmark_a100_20260721_162713_qaoa.csv,assign1-5-8_ds_qaoa_R0038_0001,/home/zhenyusen/MIP-quantum/data/miplib_benders/qaoa_problems/nvars_05/assign1-5-8_ds_qaoa_R0038_0001.json,5,1,8,32768,qaoa,feasible,1.243446552194655,0.0,"{""C0029"": 0, ""C0034"": 0, ""C0039"": 0, ""C0054"": 0, ""row_slack_R0038"": 5}",1.414472158998251,167.9765625,
qaoa_feasible_benchmark_a100_20260721_162713_qaoa.csv,ex10_ds_qaoa_NOD26_0001,/home/zhenyusen/MIP-quantum/data/miplib_benders/qaoa_problems/nvars_05/ex10_ds_qaoa_NOD26_0001.json,5,1,8,32768,qaoa,feasible,1.2454547700472176,1.0,"{""b26_220"": 0, ""b26_222"": 0, ""b26_223"": 0, ""b26_230"": 0, ""b26_240"": 1}",1.4180279378779233,172.0546875,
qaoa_feasible_benchmark_a100_20260721_162713_qaoa.csv,ex10_ds_qaoa_NOD26_NOD2X2_0001,/home/zhenyusen/MIP-quantum/data/miplib_benders/qaoa_problems/nvars_05/ex10_ds_qaoa_NOD26_NOD2X2_0001.json,5,2,8,32768,qaoa,feasible,1.2432338849175721,1.0,"{""b26_220"": 0, ""b26_222"": 0, ""b26_223"": 1, ""b26_230"": 0, ""b26_240"": 0}",1.4234726121649146,172.0,
qaoa_feasible_benchmark_a100_20260721_162713_qaoa.csv,ex9_ds_qaoa_NOD2X5_NOD37_0007,/home/zhenyusen/MIP-quantum/data/miplib_benders/qaoa_problems/nvars_05/ex9_ds_qaoa_NOD2X5_NOD37_0007.json,5,2,8,32768,qaoa,feasible,1.2447651119437069,1.0,"{""b37_242"": 0, ""b37_243"": 0, ""b37_250"": 0, ""b37_251"": 0, ""b37_252"": 1}",1.42630501720123,168.0,
qaoa_feasible_benchmark_a100_20260721_162713_qaoa.csv,ex9_ds_qaoa_NOD2X5_NOD37_0008,/home/zhenyusen/MIP-quantum/data/miplib_benders/qaoa_problems/nvars_05/ex9_ds_qaoa_NOD2X5_NOD37_0008.json,5,2,8,32768,qaoa,feasible,1.2446016271132976,1.0,"{""b37_243"": 0, ""b37_250"": 0, ""b37_251"": 0, ""b37_252"": 0, ""b37_253"": 1}",1.4205971190240234,172.0,
qaoa_feasible_benchmark_a100_20260721_162713_qaoa.csv,ex9_ds_qaoa_NOD2X5_NOD37_0009,/home/zhenyusen/MIP-quantum/data/miplib_benders/qaoa_problems/nvars_05/ex9_ds_qaoa_NOD2X5_NOD37_0009.json,5,2,8,32768,qaoa,feasible,1.2413843241520226,1.0,"{""b37_250"": 0, ""b37_251"": 0, ""b37_252"": 0, ""b37_253"": 1, ""b37_260"": 0}",1.4227157339919358,172.0,
qaoa_feasible_benchmark_a100_20260721_162713_qaoa.csv,ex9_ds_qaoa_NOD2X5_NOD37_0010,/home/zhenyusen/MIP-quantum/data/miplib_benders/qaoa_problems/nvars_05/ex9_ds_qaoa_NOD2X5_NOD37_0010.json,5,2,8,32768,qaoa,feasible,1.2416944259312004,1.0,"{""b37_251"": 0, ""b37_252"": 0, ""b37_253"": 1, ""b37_260"": 0, ""b37_261"": 0}",1.4355889591388404,172.0,
qaoa_feasible_benchmark_a100_20260721_162713_qaoa.csv,irp_ds_qaoa_R0002_0001,/home/zhenyusen/MIP-quantum/data/miplib_benders/qaoa_problems/nvars_05/irp_ds_qaoa_R0002_0001.json,5,1,8,32768,qaoa,feasible,1.2400098599027842,6049200000.0,"{""C16904"": 0, ""C16905"": 0, ""C16906"": 0, ""C16908"": 0, ""C16909"": 1}",1.4214370159897953,172.04296875,
qaoa_feasible_benchmark_a100_20260721_162713_qaoa.csv,irp_ds_qaoa_R0002_0002,/home/zhenyusen/MIP-quantum/data/miplib_benders/qaoa_problems/nvars_05/irp_ds_qaoa_R0002_0002.json,5,1,8,32768,qaoa,feasible,1.2491930071264505,5946950000.0,"{""C16905"": 0, ""C16906"": 0, ""C16908"": 0, ""C16909"": 0, ""C16910"": 1}",1.4180421358905733,172.0625,
qaoa_feasible_benchmark_a100_20260721_162713_qaoa.csv,irp_ds_qaoa_R0002_0003,/home/zhenyusen/MIP-quantum/data/miplib_benders/qaoa_problems/nvars_05/irp_ds_qaoa_R0002_0003.json,5,1,8,32768,qaoa,feasible,1.246253774035722,6340890000.0,"{""C16906"": 0, ""C16908"": 0, ""C16909"": 0, ""C16910"": 0, ""C16911"": 1}",1.4317799278069288,172.1640625,
qaoa_feasible_benchmark_a100_20260721_162713_qaoa.csv,irp_ds_qaoa_R0002_0004,/home/zhenyusen/MIP-quantum/data/miplib_benders/qaoa_problems/nvars_05/irp_ds_qaoa_R0002_0004.json,5,1,8,32768,qaoa,feasible,1.2443841199856251,5861380000.0,"{""C16908"": 0, ""C16909"": 0, ""C16910"": 0, ""C16911"": 0, ""C16912"": 1}",1.4287039290647954,172.05859375,
qaoa_feasible_benchmark_a100_20260721_162713_qaoa.csv,irp_ds_qaoa_R0002_0005,/home/zhenyusen/MIP-quantum/data/miplib_benders/qaoa_problems/nvars_05/irp_ds_qaoa_R0002_0005.json,5,1,8,32768,qaoa,feasible,1.2481037757825106,5813350000.0,"{""C16909"": 0, ""C16910"": 0, ""C16911"": 0, ""C16912"": 0, ""C16913"": 1}",1.4253810890950263,172.17578125,
qaoa_feasible_benchmark_a100_20260721_162713_qaoa.csv,irp_ds_qaoa_R0002_0006,/home/zhenyusen/MIP-quantum/data/miplib_benders/qaoa_problems/nvars_05/irp_ds_qaoa_R0002_0006.json,5,1,8,32768,qaoa,feasible,1.2539363659452647,5989160000.0,"{""C16910"": 0, ""C16911"": 0, ""C16912"": 0, ""C16913"": 0, ""C16915"": 1}",1.4330066200345755,172.06640625,
qaoa_feasible_benchmark_a100_20260721_162713_qaoa.csv,irp_ds_qaoa_R0002_0007,/home/zhenyusen/MIP-quantum/data/miplib_benders/qaoa_problems/nvars_05/irp_ds_qaoa_R0002_0007.json,5,1,8,32768,qaoa,feasible,1.2408882109448314,5886900000.0,"{""C16911"": 0, ""C16912"": 0, ""C16913"": 0, ""C16915"": 0, ""C16916"": 1}",1.4227395290508866,172.0625,
qaoa_feasible_benchmark_a100_20260721_162713_qaoa.csv,irp_ds_qaoa_R0002_0008,/home/zhenyusen/MIP-quantum/data/miplib_benders/qaoa_problems/nvars_05/irp_ds_qaoa_R0002_0008.json,5,1,8,32768,qaoa,feasible,1.2447528259363025,6280850000.0,"{""C16912"": 0, ""C16913"": 0, ""C16915"": 0, ""C16916"": 0, ""C16917"": 1}",1.4414252920541912,172.05859375,
qaoa_feasible_benchmark_a100_20260721_162713_qaoa.csv,irp_ds_qaoa_R0002_0009,/home/zhenyusen/MIP-quantum/data/miplib_benders/qaoa_problems/nvars_05/irp_ds_qaoa_R0002_0009.json,5,1,8,32768,qaoa,feasible,1.2423419819679111,5801330000.0,"{""C16913"": 0, ""C16915"": 0, ""C16916"": 0, ""C16917"": 0, ""C16918"": 1}",1.4212487591430545,172.05859375,
qaoa_feasible_benchmark_a100_20260721_162713_qaoa.csv,irp_ds_qaoa_R0002_0010,/home/zhenyusen/MIP-quantum/data/miplib_benders/qaoa_problems/nvars_05/irp_ds_qaoa_R0002_0010.json,5,1,8,32768,qaoa,feasible,1.2433478750754148,5753300000.0,"{""C16915"": 0, ""C16916"": 0, ""C16917"": 0, ""C16918"": 0, ""C16919"": 1}",1.4239234360866249,172.06640625,
qaoa_feasible_benchmark_a100_20260721_162713_qaoa.csv,irp_ds_qaoa_R0010_R0015_0001,/home/zhenyusen/MIP-quantum/data/miplib_benders/qaoa_problems/nvars_05/irp_ds_qaoa_R0010_R0015_0001.json,5,2,8,32768,qaoa,feasible,1.245398246916011,5627280000.0,"{""C16904"": 0, ""C16905"": 0, ""C16906"": 1, ""C16908"": 0, ""C16909"": 0}",1.415826637065038,172.0,
qaoa_feasible_benchmark_a100_20260721_162713_qaoa.csv,irp_ds_qaoa_R0026_0001,/home/zhenyusen/MIP-quantum/data/miplib_benders/qaoa_problems/nvars_05/irp_ds_qaoa_R0026_0001.json,5,1,8,32768,qaoa,feasible,1.2460346010047942,5801330000.0,"{""C16908"": 0, ""C16915"": 0, ""C16916"": 0, ""C16917"": 0, ""C16918"": 1}",1.434066365007311,172.16796875,
qaoa_feasible_benchmark_a100_20260721_162713_qaoa.csv,leo1_ds_qaoa_R0000004_0002,/home/zhenyusen/MIP-quantum/data/miplib_benders/qaoa_problems/nvars_05/leo1_ds_qaoa_R0000004_0002.json,5,1,8,32768,qaoa,feasible,1.239753797184676,6.0,"{""C0003538"": 0, ""C0003539"": 0, ""C0003540"": 2, ""C0003541"": 0, ""row_slack_R0000004"": 7}",1.4200749639421701,164.0,
qaoa_feasible_benchmark_a100_20260721_162713_qaoa.csv,leo2_ds_qaoa_R0000004_0003,/home/zhenyusen/MIP-quantum/data/miplib_benders/qaoa_problems/nvars_05/leo2_ds_qaoa_R0000004_0003.json,5,1,8,32768,qaoa,feasible,1.568506479030475,12.0,"{""C0005733"": 0, ""C0005734"": 0, ""C0005735"": 0, ""C0005736"": 3, ""row_slack_R0000004"": 3}",1.8758897099178284,170.0,
qaoa_feasible_benchmark_a100_20260721_162713_qaoa.csv,leo2_ds_qaoa_R0000004_0004,/home/zhenyusen/MIP-quantum/data/miplib_benders/qaoa_problems/nvars_05/leo2_ds_qaoa_R0000004_0004.json,5,1,8,32768,qaoa,feasible,1.553538201842457,8.0,"{""C0005734"": 0, ""C0005735"": 0, ""C0005736"": 0, ""C0005737"": 2, ""row_slack_R0000004"": 1}",1.7923786139581352,162.0,
qaoa_feasible_benchmark_a100_20260721_162713_qaoa.csv,leo2_ds_qaoa_R0000004_0005,/home/zhenyusen/MIP-quantum/data/miplib_benders/qaoa_problems/nvars_05/leo2_ds_qaoa_R0000004_0005.json,5,1,8,32768,qaoa,feasible,1.5146376609336585,7.0,"{""C0005735"": 0, ""C0005736"": 0, ""C0005737"": 1, ""C0005738"": 1, ""row_slack_R0000004"": 5}",1.7284466701094061,172.0,
qaoa_feasible_benchmark_a100_20260721_162713_qaoa.csv,leo2_ds_qaoa_R0000004_0006,/home/zhenyusen/MIP-quantum/data/miplib_benders/qaoa_problems/nvars_05/leo2_ds_qaoa_R0000004_0006.json,5,1,8,32768,qaoa,feasible,1.2555165679659694,6.0,"{""C0005736"": 0, ""C0005737"": 1, ""C0005738"": 0, ""C0005739"": 1, ""row_slack_R0000004"": 7}",1.4607712728902698,164.98046875,
qaoa_feasible_benchmark_a100_20260721_162713_qaoa.csv,leo2_ds_qaoa_R0000004_0007,/home/zhenyusen/MIP-quantum/data/miplib_benders/qaoa_problems/nvars_05/leo2_ds_qaoa_R0000004_0007.json,5,1,8,32768,qaoa,feasible,1.2400380480103195,4.0,"{""C0005737"": 0, ""C0005738"": 0, ""C0005739"": 0, ""C0005740"": 1, ""row_slack_R0000004"": 0}",1.4068190150428563,170.0,
qaoa_feasible_benchmark_a100_20260721_162713_qaoa.csv,neos-1456979_ds_qaoa_R0007_0001,/home/zhenyusen/MIP-quantum/data/miplib_benders/qaoa_problems/nvars_05/neos-1456979_ds_qaoa_R0007_0001.json,5,1,8,32768,qaoa,feasible,1.2499212119728327,6.0,"{""C0186"": 0, ""C0187"": 0, ""C0188"": 0, ""C0189"": 0, ""C0190"": 1}",1.4134325461927801,172.05859375,
qaoa_feasible_benchmark_a100_20260721_162713_qaoa.csv,neos-1456979_ds_qaoa_R0008_0001,/home/zhenyusen/MIP-quantum/data/miplib_benders/qaoa_problems/nvars_05/neos-1456979_ds_qaoa_R0008_0001.json,5,1,8,32768,qaoa,feasible,1.2509958089794964,4.0,"{""C0191"": 0, ""C0192"": 0, ""C0193"": 0, ""C0194"": 0, ""C0195"": 1}",1.468869584146887,172.0546875,
qaoa_feasible_benchmark_a100_20260721_162713_qaoa.csv,neos-1456979_ds_qaoa_R0009_R0046_0001,/home/zhenyusen/MIP-quantum/data/miplib_benders/qaoa_problems/nvars_05/neos-1456979_ds_qaoa_R0009_R0046_0001.json,5,2,8,32768,qaoa,feasible,1.247717194026336,9.0,"{""C0186"": 0, ""C0191"": 0, ""C0196"": 0, ""C0197"": 0, ""C0198"": 1}",1.4653926191385835,169.5625,
qaoa_feasible_benchmark_a100_20260721_162713_qaoa.csv,neos-2746589-doon_ds_qaoa_R0001_0001,/home/zhenyusen/MIP-quantum/data/miplib_benders/qaoa_problems/nvars_05/neos-2746589-doon_ds_qaoa_R0001_0001.json,5,1,8,32768,qaoa,feasible,1.244315031915903,29.0,"{""C0013"": 0, ""C0014"": 0, ""C0015"": 0, ""C0016"": 0, ""C0017"": 1}",1.4163649161346257,172.05859375,
qaoa_feasible_benchmark_a100_20260721_162713_qaoa.csv,neos-2746589-doon_ds_qaoa_R0002_0001,/home/zhenyusen/MIP-quantum/data/miplib_benders/qaoa_problems/nvars_05/neos-2746589-doon_ds_qaoa_R0002_0001.json,5,1,8,32768,qaoa,feasible,1.2547705818433315,209.0,"{""C0019"": 0, ""C0020"": 0, ""C0021"": 0, ""C0022"": 0, ""C0023"": 1}",1.480206300970167,172.05859375,
qaoa_feasible_benchmark_a100_20260721_162713_qaoa.csv,neos-4300652-rahue_ds_qaoa_R14653_0001,/home/zhenyusen/MIP-quantum/data/miplib_benders/qaoa_problems/nvars_05/neos-4300652-rahue_ds_qaoa_R14653_0001.json,5,1,8,32768,qaoa,feasible,1.2500431668013334,38.0,"{""C12149"": 0, ""C12150"": 7, ""C12152"": 0, ""C12153"": 6, ""row_slack_R14653"": 7}",1.474551934050396,171.546875,
qaoa_feasible_benchmark_a100_20260721_162713_qaoa.csv,neos-4300652-rahue_ds_qaoa_R14653_0002,/home/zhenyusen/MIP-quantum/data/miplib_benders/qaoa_problems/nvars_05/neos-4300652-rahue_ds_qaoa_R14653_0002.json,5,1,8,32768,qaoa,feasible,1.2582736620679498,25.0,"{""C12150"": 7, ""C12152"": 0, ""C12153"": 6, ""C12155"": 0, ""row_slack_R14653"": 7}",1.4822668209671974,172.17578125,
qaoa_feasible_benchmark_a100_20260721_162713_qaoa.csv,neos-4413714-turia_ds_qaoa_R0951_0001,/home/zhenyusen/MIP-quantum/data/miplib_benders/qaoa_problems/nvars_05/neos-4413714-turia_ds_qaoa_R0951_0001.json,5,1,8,32768,qaoa,feasible,1.256013197125867,5.0,"{""C0206"": 0, ""C0207"": 0, ""C0208"": 0, ""C0209"": 0, ""C0210"": 1}",1.467267395928502,172.0546875,
qaoa_feasible_benchmark_a100_20260721_162713_qaoa.csv,neos-4647030-tutaki_ds_qaoa_R7864_0001,/home/zhenyusen/MIP-quantum/data/miplib_benders/qaoa_problems/nvars_05/neos-4647030-tutaki_ds_qaoa_R7864_0001.json,5,1,8,32768,qaoa,feasible,1.2492548909503967,0.0,"{""C10006"": 0, ""C10007"": 0, ""C10008"": 0, ""C10009"": 0, ""row_slack_R7864"": 1}",1.434368136106059,172.0546875,
qaoa_feasible_benchmark_a100_20260721_162713_qaoa.csv,neos-827175_ds_qaoa_R0004_0001,/home/zhenyusen/MIP-quantum/data/miplib_benders/qaoa_problems/nvars_05/neos-827175_ds_qaoa_R0004_0001.json,5,1,8,32768,qaoa,feasible,1.2471656028646976,27.0,"{""C22139"": 6, ""C22140"": 7, ""C22141"": 7, ""C22142"": 7, ""row_slack_R0004"": 0}",1.4672178351320326,169.28125,
qaoa_feasible_benchmark_a100_20260721_162713_qaoa.csv,neos8_ds_qaoa_R0001_0001,/home/zhenyusen/MIP-quantum/data/miplib_benders/qaoa_problems/nvars_05/neos8_ds_qaoa_R0001_0001.json,5,1,8,32768,qaoa,feasible,1.2559628759045154,0.0,"{""C0001"": 0, ""C0002"": 0, ""C0005"": 0, ""C0006"": 0, ""row_slack_R0001"": 1}",1.4581711189821362,172.171875,
qaoa_feasible_benchmark_a100_20260721_162713_qaoa.csv,neos8_ds_qaoa_R0001_0002,/home/zhenyusen/MIP-quantum/data/miplib_benders/qaoa_problems/nvars_05/neos8_ds_qaoa_R0001_0002.json,5,1,8,32768,qaoa,feasible,1.2536125748883933,0.0,"{""C0002"": 0, ""C0005"": 0, ""C0006"": 0, ""C0009"": 0, ""row_slack_R0001"": 1}",1.4192581581883132,172.16796875,
qaoa_feasible_benchmark_a100_20260721_162713_qaoa.csv,neos8_ds_qaoa_R0001_0003,/home/zhenyusen/MIP-quantum/data/miplib_benders/qaoa_problems/nvars_05/neos8_ds_qaoa_R0001_0003.json,5,1,8,32768,qaoa,feasible,1.248385053128004,0.0,"{""C0005"": 0, ""C0006"": 0, ""C0009"": 0, ""C0017"": 0, ""row_slack_R0001"": 1}",1.4594599229749292,172.04296875,
qaoa_feasible_benchmark_a100_20260721_162713_qaoa.csv,neos8_ds_qaoa_R0001_0004,/home/zhenyusen/MIP-quantum/data/miplib_benders/qaoa_problems/nvars_05/neos8_ds_qaoa_R0001_0004.json,5,1,8,32768,qaoa,feasible,1.2473073061555624,0.0,"{""C0006"": 0, ""C0009"": 0, ""C0017"": 0, ""C0018"": 0, ""row_slack_R0001"": 1}",1.466361528960988,172.15625,
qaoa_feasible_benchmark_a100_20260721_162713_qaoa.csv,neos8_ds_qaoa_R0001_0005,/home/zhenyusen/MIP-quantum/data/miplib_benders/qaoa_problems/nvars_05/neos8_ds_qaoa_R0001_0005.json,5,1,8,32768,qaoa,feasible,1.2466315347701311,0.0,"{""C0009"": 0, ""C0017"": 0, ""C0018"": 0, ""C0022"": 0, ""row_slack_R0001"": 1}",1.4674943939317018,172.0703125,
qaoa_feasible_benchmark_a100_20260721_162713_qaoa.csv,neos8_ds_qaoa_R0001_0006,/home/zhenyusen/MIP-quantum/data/miplib_benders/qaoa_problems/nvars_05/neos8_ds_qaoa_R0001_0006.json,5,1,8,32768,qaoa,feasible,1.2448722678236663,0.0,"{""C0017"": 0, ""C0018"": 0, ""C0022"": 0, ""C0025"": 0, ""row_slack_R0001"": 1}",1.4097409881651402,172.1484375,
qaoa_feasible_benchmark_a100_20260721_162713_qaoa.csv,neos8_ds_qaoa_R0001_0007,/home/zhenyusen/MIP-quantum/data/miplib_benders/qaoa_problems/nvars_05/neos8_ds_qaoa_R0001_0007.json,5,1,8,32768,qaoa,feasible,1.2543560380581766,0.0,"{""C0018"": 0, ""C0022"": 0, ""C0025"": 0, ""C0026"": 0, ""row_slack_R0001"": 1}",1.4645542029757053,168.11328125,
qaoa_feasible_benchmark_a100_20260721_162713_qaoa.csv,neos8_ds_qaoa_R0002_0002,/home/zhenyusen/MIP-quantum/data/miplib_benders/qaoa_problems/nvars_05/neos8_ds_qaoa_R0002_0002.json,5,1,8,32768,qaoa,feasible,1.2409249930642545,0.0,"{""C0002"": 0, ""C0005"": 0, ""C0006"": 0, ""C0013"": 0, ""row_slack_R0002"": 1}",1.461765930056572,172.0625,
qaoa_feasible_benchmark_a100_20260721_162713_qaoa.csv,neos8_ds_qaoa_R0002_0003,/home/zhenyusen/MIP-quantum/data/miplib_benders/qaoa_problems/nvars_05/neos8_ds_qaoa_R0002_0003.json,5,1,8,32768,qaoa,feasible,1.247515490045771,0.0,"{""C0005"": 0, ""C0006"": 0, ""C0013"": 0, ""C0014"": 0, ""row_slack_R0002"": 1}",1.4166337552014738,172.0546875,
qaoa_feasible_benchmark_a100_20260721_162713_qaoa.csv,neos8_ds_qaoa_R0002_0004,/home/zhenyusen/MIP-quantum/data/miplib_benders/qaoa_problems/nvars_05/neos8_ds_qaoa_R0002_0004.json,5,1,8,32768,qaoa,feasible,1.2509366238955408,0.0,"{""C0006"": 0, ""C0013"": 0, ""C0014"": 0, ""C0017"": 0, ""row_slack_R0002"": 1}",1.4192921470385045,172.0546875,
qaoa_feasible_benchmark_a100_20260721_162713_qaoa.csv,neos8_ds_qaoa_R0002_0005,/home/zhenyusen/MIP-quantum/data/miplib_benders/qaoa_problems/nvars_05/neos8_ds_qaoa_R0002_0005.json,5,1,8,32768,qaoa,feasible,1.251598736969754,0.0,"{""C0013"": 0, ""C0014"": 0, ""C0017"": 0, ""C0018"": 0, ""row_slack_R0002"": 1}",1.4726716049481183,169.8984375,
qaoa_feasible_benchmark_a100_20260721_162713_qaoa.csv,neos8_ds_qaoa_R0002_0006,/home/zhenyusen/MIP-quantum/data/miplib_benders/qaoa_problems/nvars_05/neos8_ds_qaoa_R0002_0006.json,5,1,8,32768,qaoa,feasible,1.2538062459789217,0.0,"{""C0014"": 0, ""C0017"": 0, ""C0018"": 0, ""C0023"": 0, ""row_slack_R0002"": 1}",1.4658177648670971,172.06640625,
qaoa_feasible_benchmark_a100_20260721_162713_qaoa.csv,neos8_ds_qaoa_R0002_0007,/home/zhenyusen/MIP-quantum/data/miplib_benders/qaoa_problems/nvars_05/neos8_ds_qaoa_R0002_0007.json,5,1,8,32768,qaoa,feasible,1.2480869111604989,0.0,"{""C0017"": 0, ""C0018"": 0, ""C0023"": 0, ""C0024"": 0, ""row_slack_R0002"": 1}",1.422379651106894,172.06640625,
qaoa_feasible_benchmark_a100_20260721_162713_qaoa.csv,neos8_ds_qaoa_R0003_0001,/home/zhenyusen/MIP-quantum/data/miplib_benders/qaoa_problems/nvars_05/neos8_ds_qaoa_R0003_0001.json,5,1,8,32768,qaoa,feasible,1.2434656149707735,0.0,"{""C0001"": 0, ""C0002"": 0, ""C0009"": 0, ""C0013"": 0, ""row_slack_R0003"": 1}",1.4073675451800227,172.0390625,
qaoa_feasible_benchmark_a100_20260721_162713_qaoa.csv,neos8_ds_qaoa_R0003_0002,/home/zhenyusen/MIP-quantum/data/miplib_benders/qaoa_problems/nvars_05/neos8_ds_qaoa_R0003_0002.json,5,1,8,32768,qaoa,feasible,1.2432670469861478,0.0,"{""C0002"": 0, ""C0009"": 0, ""C0013"": 0, ""C0014"": 0, ""row_slack_R0003"": 1}",1.4130011550150812,172.17578125,
qaoa_feasible_benchmark_a100_20260721_162713_qaoa.csv,neos8_ds_qaoa_R0003_0003,/home/zhenyusen/MIP-quantum/data/miplib_benders/qaoa_problems/nvars_05/neos8_ds_qaoa_R0003_0003.json,5,1,8,32768,qaoa,feasible,1.2426656489260495,0.0,"{""C0009"": 0, ""C0013"": 0, ""C0014"": 0, ""C0022"": 0, ""row_slack_R0003"": 1}",1.4615271161310375,172.0546875,
qaoa_feasible_benchmark_a100_20260721_162713_qaoa.csv,neos8_ds_qaoa_R0004_0001,/home/zhenyusen/MIP-quantum/data/miplib_benders/qaoa_problems/nvars_05/neos8_ds_qaoa_R0004_0001.json,5,1,8,32768,qaoa,feasible,1.2529378719627857,0.0,"{""C0005"": 0, ""C0006"": 0, ""C0009"": 0, ""C0013"": 0, ""row_slack_R0004"": 1}",1.4557063670363277,172.05078125,
qaoa_feasible_benchmark_a100_20260721_162713_qaoa.csv,neos8_ds_qaoa_R0004_0002,/home/zhenyusen/MIP-quantum/data/miplib_benders/qaoa_problems/nvars_05/neos8_ds_qaoa_R0004_0002.json,5,1,8,32768,qaoa,feasible,1.247693755896762,0.0,"{""C0006"": 0, ""C0009"": 0, ""C0013"": 0, ""C0014"": 0, ""row_slack_R0004"": 1}",1.4697928868699819,172.14453125,
qaoa_feasible_benchmark_a100_20260721_162713_qaoa.csv,neos8_ds_qaoa_R0004_0003,/home/zhenyusen/MIP-quantum/data/miplib_benders/qaoa_problems/nvars_05/neos8_ds_qaoa_R0004_0003.json,5,1,8,32768,qaoa,feasible,1.2539772081654519,0.0,"{""C0009"": 0, ""C0013"": 0, ""C0014"": 0, ""C0023"": 0, ""row_slack_R0004"": 1}",1.47292863111943,172.1640625,
qaoa_feasible_benchmark_a100_20260721_162713_qaoa.csv,neos8_ds_qaoa_R0004_0004,/home/zhenyusen/MIP-quantum/data/miplib_benders/qaoa_problems/nvars_05/neos8_ds_qaoa_R0004_0004.json,5,1,8,32768,qaoa,feasible,1.241925757844001,0.0,"{""C0013"": 0, ""C0014"": 0, ""C0023"": 0, ""C0024"": 0, ""row_slack_R0004"": 1}",1.4149523961823434,172.05859375,
qaoa_feasible_benchmark_a100_20260721_162713_qaoa.csv,neos8_ds_qaoa_R0004_0005,/home/zhenyusen/MIP-quantum/data/miplib_benders/qaoa_problems/nvars_05/neos8_ds_qaoa_R0004_0005.json,5,1,8,32768,qaoa,feasible,1.2391161520499736,0.0,"{""C0014"": 0, ""C0023"": 0, ""C0024"": 0, ""C0025"": 0, ""row_slack_R0004"": 1}",1.4093635571189225,172.0546875,
qaoa_feasible_benchmark_a100_20260721_162713_qaoa.csv,neos8_ds_qaoa_R0004_0006,/home/zhenyusen/MIP-quantum/data/miplib_benders/qaoa_problems/nvars_05/neos8_ds_qaoa_R0004_0006.json,5,1,8,32768,qaoa,feasible,1.2467807920183986,0.0,"{""C0023"": 0, ""C0024"": 0, ""C0025"": 0, ""C0026"": 0, ""row_slack_R0004"": 1}",1.425566467922181,172.046875,
qaoa_feasible_benchmark_a100_20260721_162713_qaoa.csv,ns1830653_ds_qaoa_R0880_0001,/home/zhenyusen/MIP-quantum/data/miplib_benders/qaoa_problems/nvars_05/ns1830653_ds_qaoa_R0880_0001.json,5,1,8,32768,qaoa,feasible,1.2520958899985999,224.0,"{""C0234"": 0, ""C0252"": 0, ""C0270"": 0, ""C0288"": 0, ""C0306"": 1}",1.467902939999476,172.05859375,
qaoa_feasible_benchmark_a100_20260721_162713_qaoa.csv,ns1830653_ds_qaoa_R0880_0002,/home/zhenyusen/MIP-quantum/data/miplib_benders/qaoa_problems/nvars_05/ns1830653_ds_qaoa_R0880_0002.json,5,1,8,32768,qaoa,feasible,1.2445186751428992,127.0,"{""C0252"": 0, ""C0270"": 0, ""C0288"": 0, ""C0306"": 0, ""C0504"": 1}",1.4838857578579336,169.16015625,
qaoa_feasible_benchmark_a100_20260721_162713_qaoa.csv,ns1830653_ds_qaoa_R0898_0001,/home/zhenyusen/MIP-quantum/data/miplib_benders/qaoa_problems/nvars_05/ns1830653_ds_qaoa_R0898_0001.json,5,1,8,32768,qaoa,feasible,1.2470919978804886,148.0,"{""C0360"": 0, ""C0378"": 0, ""C0396"": 0, ""C0414"": 0, ""C0432"": 1}",1.4657372809015214,172.05078125,
qaoa_feasible_benchmark_a100_20260721_162713_qaoa.csv,ns1830653_ds_qaoa_R0898_0002,/home/zhenyusen/MIP-quantum/data/miplib_benders/qaoa_problems/nvars_05/ns1830653_ds_qaoa_R0898_0002.json,5,1,8,32768,qaoa,feasible,1.2424622911494225,264.0,"{""C0378"": 0, ""C0396"": 0, ""C0414"": 0, ""C0432"": 0, ""C0450"": 1}",1.4726468408480287,168.90234375,
qaoa_feasible_benchmark_a100_20260721_162713_qaoa.csv,ns1830653_ds_qaoa_R0898_0003,/home/zhenyusen/MIP-quantum/data/miplib_benders/qaoa_problems/nvars_05/ns1830653_ds_qaoa_R0898_0003.json,5,1,8,32768,qaoa,feasible,1.2397853839211166,224.0,"{""C0396"": 0, ""C0414"": 0, ""C0432"": 0, ""C0450"": 0, ""C0468"": 1}",1.4063347501214594,172.078125,
qaoa_feasible_benchmark_a100_20260721_162713_qaoa.csv,ns1830653_ds_qaoa_R0898_0004,/home/zhenyusen/MIP-quantum/data/miplib_benders/qaoa_problems/nvars_05/ns1830653_ds_qaoa_R0898_0004.json,5,1,8,32768,qaoa,feasible,1.2464338180143386,58.0,"{""C0414"": 0, ""C0432"": 0, ""C0450"": 0, ""C0468"": 0, ""C0522"": 1}",1.4227772129233927,170.0625,
qaoa_feasible_benchmark_a100_20260721_162713_qaoa.csv,satellites2-60-fs_ds_qaoa_R13541_0001,/home/zhenyusen/MIP-quantum/data/miplib_benders/qaoa_problems/nvars_05/satellites2-60-fs_ds_qaoa_R13541_0001.json,5,1,8,32768,qaoa,feasible,1.2475328410509974,0.0,"{""C34179"": 0, ""C34180"": 0, ""C34181"": 0, ""C34182"": 0, ""row_slack_R13541"": 1}",1.4673917300533503,172.05859375,
qaoa_feasible_benchmark_a100_20260721_162713_qaoa.csv,supportcase6_ds_qaoa_c539_c722_0010,/home/zhenyusen/MIP-quantum/data/miplib_benders/qaoa_problems/nvars_05/supportcase6_ds_qaoa_c539_c722_0010.json,5,2,8,32768,qaoa,feasible,1.2497613029554486,151847000.0,"{""B101043(7)"": 0, ""B101058(7)"": 1, ""B101479(7)"": 0, ""B101485(7)"": 0, ""B101487(7)"": 0}",1.4215615780558437,172.0,
qaoa_feasible_benchmark_a100_20260721_162713_qaoa.csv,supportcase6_ds_qaoa_c722_0001,/home/zhenyusen/MIP-quantum/data/miplib_benders/qaoa_problems/nvars_05/supportcase6_ds_qaoa_c722_0001.json,5,1,8,32768,qaoa,feasible,1.2350393650121987,144887000.0,"{""B100166(7)"": 0, ""B100594(7)"": 0, ""B100600(7)"": 0, ""B100602(7)"": 0, ""B100608(7)"": 1}",1.4044414260424674,172.0625,
qaoa_feasible_benchmark_a100_20260721_162713_qaoa.csv,supportcase6_ds_qaoa_c722_0002,/home/zhenyusen/MIP-quantum/data/miplib_benders/qaoa_problems/nvars_05/supportcase6_ds_qaoa_c722_0002.json,5,1,8,32768,qaoa,feasible,1.245354233076796,151847000.0,"{""B100594(7)"": 0, ""B100600(7)"": 0, ""B100602(7)"": 0, ""B100608(7)"": 0, ""B100623(7)"": 1}",1.4727095670532435,172.0625,
qaoa_feasible_benchmark_a100_20260721_162713_qaoa.csv,supportcase6_ds_qaoa_c722_0003,/home/zhenyusen/MIP-quantum/data/miplib_benders/qaoa_problems/nvars_05/supportcase6_ds_qaoa_c722_0003.json,5,1,8,32768,qaoa,feasible,1.2424565039109439,150892000.0,"{""B100600(7)"": 0, ""B100602(7)"": 0, ""B100608(7)"": 0, ""B100623(7)"": 0, ""B101029(7)"": 1}",1.413988864980638,172.0546875,
qaoa_feasible_benchmark_a100_20260721_162713_qaoa.csv,supportcase6_ds_qaoa_c722_0004,/home/zhenyusen/MIP-quantum/data/miplib_benders/qaoa_problems/nvars_05/supportcase6_ds_qaoa_c722_0004.json,5,1,8,32768,qaoa,feasible,1.2455545191187412,134333000.0,"{""B100602(7)"": 0, ""B100608(7)"": 0, ""B100623(7)"": 0, ""B101029(7)"": 0, ""B101035(7)"": 1}",1.4203611919656396,172.05859375,
qaoa_feasible_benchmark_a100_20260721_162713_qaoa.csv,supportcase6_ds_qaoa_c722_0005,/home/zhenyusen/MIP-quantum/data/miplib_benders/qaoa_problems/nvars_05/supportcase6_ds_qaoa_c722_0005.json,5,1,8,32768,qaoa,feasible,1.2536632909905165,145944000.0,"{""B100608(7)"": 0, ""B100623(7)"": 0, ""B101029(7)"": 0, ""B101035(7)"": 0, ""B101037(7)"": 1}",1.4248492089100182,168.59375,
qaoa_feasible_benchmark_a100_20260721_162713_qaoa.csv,supportcase6_ds_qaoa_c722_c726_0001,/home/zhenyusen/MIP-quantum/data/miplib_benders/qaoa_problems/nvars_05/supportcase6_ds_qaoa_c722_c726_0001.json,5,2,8,32768,qaoa,feasible,1.2500219570938498,145944000.0,"{""B100166(7)"": 0, ""B100594(7)"": 0, ""B100600(7)"": 0, ""B100602(7)"": 1, ""B100608(7)"": 0}",1.4694812430534512,172.0,
qaoa_feasible_benchmark_a100_20260721_162713_qaoa.csv,supportcase6_ds_qaoa_c722_c726_0002,/home/zhenyusen/MIP-quantum/data/miplib_benders/qaoa_problems/nvars_05/supportcase6_ds_qaoa_c722_c726_0002.json,5,2,8,32768,qaoa,feasible,1.2474728340748698,151847000.0,"{""B100594(7)"": 0, ""B100600(7)"": 0, ""B100602(7)"": 0, ""B100608(7)"": 0, ""B100623(7)"": 1}",1.4115439460147172,172.0,
qaoa_feasible_benchmark_a100_20260721_162713_qaoa.csv,supportcase6_ds_qaoa_c722_c726_0003,/home/zhenyusen/MIP-quantum/data/miplib_benders/qaoa_problems/nvars_05/supportcase6_ds_qaoa_c722_c726_0003.json,5,2,8,32768,qaoa,feasible,1.23904706700705,150892000.0,"{""B100600(7)"": 0, ""B100602(7)"": 0, ""B100608(7)"": 0, ""B100623(7)"": 0, ""B101029(7)"": 1}",1.4626264430116862,172.0,
qaoa_feasible_benchmark_a100_20260721_162713_qaoa.csv,supportcase6_ds_qaoa_c722_c726_0004,/home/zhenyusen/MIP-quantum/data/miplib_benders/qaoa_problems/nvars_05/supportcase6_ds_qaoa_c722_c726_0004.json,5,2,8,32768,qaoa,feasible,1.2531067468225956,134333000.0,"{""B100602(7)"": 0, ""B100608(7)"": 0, ""B100623(7)"": 0, ""B101029(7)"": 0, ""B101035(7)"": 1}",1.4197095460258424,172.0,
qaoa_feasible_benchmark_a100_20260721_162713_qaoa.csv,supportcase6_ds_qaoa_c722_c726_0005,/home/zhenyusen/MIP-quantum/data/miplib_benders/qaoa_problems/nvars_05/supportcase6_ds_qaoa_c722_c726_0005.json,5,2,8,32768,qaoa,feasible,1.2522588358260691,145944000.0,"{""B100608(7)"": 0, ""B100623(7)"": 0, ""B101029(7)"": 0, ""B101035(7)"": 0, ""B101037(7)"": 1}",1.4615210148040205,172.0,
qaoa_feasible_benchmark_a100_20260721_162713_qaoa.csv,supportcase6_ds_qaoa_c726_0001,/home/zhenyusen/MIP-quantum/data/miplib_benders/qaoa_problems/nvars_05/supportcase6_ds_qaoa_c726_0001.json,5,1,8,32768,qaoa,feasible,1.2291869840119034,151847000.0,"{""B100166(7)"": 0, ""B100594(7)"": 0, ""B100600(7)"": 0, ""B100602(7)"": 0, ""B100623(7)"": 1}",1.4743242859840393,172.0390625,
qaoa_feasible_benchmark_a100_20260721_162713_qaoa.csv,supportcase6_ds_qaoa_c726_0002,/home/zhenyusen/MIP-quantum/data/miplib_benders/qaoa_problems/nvars_05/supportcase6_ds_qaoa_c726_0002.json,5,1,8,32768,qaoa,feasible,1.252708839951083,150892000.0,"{""B100594(7)"": 0, ""B100600(7)"": 0, ""B100602(7)"": 0, ""B100623(7)"": 0, ""B101029(7)"": 1}",1.4670432589482516,172.04296875,
qaoa_feasible_benchmark_a100_20260721_162713_qaoa.csv,supportcase6_ds_qaoa_c726_0003,/home/zhenyusen/MIP-quantum/data/miplib_benders/qaoa_problems/nvars_05/supportcase6_ds_qaoa_c726_0003.json,5,1,8,32768,qaoa,feasible,1.2488729918841273,134333000.0,"{""B100600(7)"": 0, ""B100602(7)"": 0, ""B100623(7)"": 0, ""B101029(7)"": 0, ""B101035(7)"": 1}",1.4673100039362907,168.2109375,
qaoa_feasible_benchmark_a100_20260721_162713_qaoa.csv,supportcase6_ds_qaoa_c726_0004,/home/zhenyusen/MIP-quantum/data/miplib_benders/qaoa_problems/nvars_05/supportcase6_ds_qaoa_c726_0004.json,5,1,8,32768,qaoa,feasible,1.247323599876836,145944000.0,"{""B100602(7)"": 0, ""B100623(7)"": 0, ""B101029(7)"": 0, ""B101035(7)"": 0, ""B101037(7)"": 1}",1.416025104932487,172.0546875,
qaoa_feasible_benchmark_a100_20260721_162713_qaoa.csv,supportcase6_ds_qaoa_c733_0001,/home/zhenyusen/MIP-quantum/data/miplib_benders/qaoa_problems/nvars_05/supportcase6_ds_qaoa_c733_0001.json,5,1,8,32768,qaoa,feasible,1.2555872469674796,134333000.0,"{""B100600(7)"": 0, ""B100608(7)"": 0, ""B101035(7)"": 0, ""B101043(7)"": 0, ""B101485(7)"": 1}",1.4768133480101824,172.12109375,
qaoa_feasible_benchmark_a100_20260721_162713_qaoa.csv,supportcase6_ds_qaoa_c733_c745_0002,/home/zhenyusen/MIP-quantum/data/miplib_benders/qaoa_problems/nvars_05/supportcase6_ds_qaoa_c733_c745_0002.json,5,2,8,32768,qaoa,feasible,1.2554656551219523,134333000.0,"{""B100600(7)"": 0, ""B100602(7)"": 0, ""B100608(7)"": 0, ""B101029(7)"": 0, ""B101035(7)"": 1}",1.420799617888406,172.0,
qaoa_feasible_benchmark_a100_20260721_162713_qaoa.csv,supportcase6_ds_qaoa_c733_c745_0004,/home/zhenyusen/MIP-quantum/data/miplib_benders/qaoa_problems/nvars_05/supportcase6_ds_qaoa_c733_c745_0004.json,5,2,8,32768,qaoa,feasible,1.244749363977462,144887000.0,"{""B100608(7)"": 0, ""B101029(7)"": 0, ""B101035(7)"": 0, ""B101037(7)"": 0, ""B101043(7)"": 1}",1.416463212808594,172.0,
qaoa_feasible_benchmark_a100_20260721_162713_qaoa.csv,supportcase6_ds_qaoa_c745_0001,/home/zhenyusen/MIP-quantum/data/miplib_benders/qaoa_problems/nvars_05/supportcase6_ds_qaoa_c745_0001.json,5,1,8,32768,qaoa,feasible,1.2576815190259367,150892000.0,"{""B100594(7)"": 0, ""B100600(7)"": 0, ""B100602(7)"": 0, ""B100608(7)"": 0, ""B101029(7)"": 1}",1.429866440128535,172.0546875,
qaoa_feasible_benchmark_a100_20260721_162713_qaoa.csv,supportcase6_ds_qaoa_c745_0002,/home/zhenyusen/MIP-quantum/data/miplib_benders/qaoa_problems/nvars_05/supportcase6_ds_qaoa_c745_0002.json,5,1,8,32768,qaoa,feasible,1.244504647096619,134333000.0,"{""B100600(7)"": 0, ""B100602(7)"": 0, ""B100608(7)"": 0, ""B101029(7)"": 0, ""B101035(7)"": 1}",1.4135482488200068,172.0625,
qaoa_feasible_benchmark_a100_20260721_162713_qaoa.csv,supportcase6_ds_qaoa_c745_0003,/home/zhenyusen/MIP-quantum/data/miplib_benders/qaoa_problems/nvars_05/supportcase6_ds_qaoa_c745_0003.json,5,1,8,32768,qaoa,feasible,1.2489265049807727,145944000.0,"{""B100602(7)"": 0, ""B100608(7)"": 0, ""B101029(7)"": 0, ""B101035(7)"": 0, ""B101037(7)"": 1}",1.4175120941363275,172.0625,
qaoa_feasible_benchmark_a100_20260721_162713_qaoa.csv,supportcase6_ds_qaoa_c745_0004,/home/zhenyusen/MIP-quantum/data/miplib_benders/qaoa_problems/nvars_05/supportcase6_ds_qaoa_c745_0004.json,5,1,8,32768,qaoa,feasible,1.2440446051768959,144887000.0,"{""B100608(7)"": 0, ""B101029(7)"": 0, ""B101035(7)"": 0, ""B101037(7)"": 0, ""B101043(7)"": 1}",1.420511581003666,172.05078125,
qaoa_feasible_benchmark_a100_20260721_162713_qaoa.csv,supportcase6_ds_qaoa_c745_c747_0001,/home/zhenyusen/MIP-quantum/data/miplib_benders/qaoa_problems/nvars_05/supportcase6_ds_qaoa_c745_c747_0001.json,5,2,8,32768,qaoa,feasible,1.23999700602144,144887000.0,"{""B100166(7)"": 0, ""B100594(7)"": 0, ""B100600(7)"": 0, ""B100602(7)"": 0, ""B100608(7)"": 1}",1.4062573609407991,172.0,
qaoa_feasible_benchmark_a100_20260721_162713_qaoa.csv,supportcase6_ds_qaoa_c745_c747_0002,/home/zhenyusen/MIP-quantum/data/miplib_benders/qaoa_problems/nvars_05/supportcase6_ds_qaoa_c745_c747_0002.json,5,2,8,32768,qaoa,feasible,1.2462416901253164,144887000.0,"{""B100594(7)"": 0, ""B100600(7)"": 0, ""B100602(7)"": 0, ""B100608(7)"": 1, ""B100623(7)"": 0}",1.4199261390604079,172.0,
qaoa_feasible_benchmark_a100_20260721_162713_qaoa.csv,supportcase6_ds_qaoa_c745_c747_0003,/home/zhenyusen/MIP-quantum/data/miplib_benders/qaoa_problems/nvars_05/supportcase6_ds_qaoa_c745_c747_0003.json,5,2,8,32768,qaoa,feasible,1.243454126873985,150892000.0,"{""B100600(7)"": 0, ""B100602(7)"": 0, ""B100608(7)"": 0, ""B100623(7)"": 0, ""B101029(7)"": 1}",1.4269272370729595,168.0,
qaoa_feasible_benchmark_a100_20260721_162713_qaoa.csv,supportcase6_ds_qaoa_c745_c747_0004,/home/zhenyusen/MIP-quantum/data/miplib_benders/qaoa_problems/nvars_05/supportcase6_ds_qaoa_c745_c747_0004.json,5,2,8,32768,qaoa,feasible,1.2465340550988913,134333000.0,"{""B100602(7)"": 0, ""B100608(7)"": 0, ""B100623(7)"": 0, ""B101029(7)"": 0, ""B101035(7)"": 1}",1.4150394941680133,172.0,
qaoa_feasible_benchmark_a100_20260721_162713_qaoa.csv,supportcase6_ds_qaoa_c745_c747_0005,/home/zhenyusen/MIP-quantum/data/miplib_benders/qaoa_problems/nvars_05/supportcase6_ds_qaoa_c745_c747_0005.json,5,2,8,32768,qaoa,feasible,1.2461078420747072,145944000.0,"{""B100608(7)"": 0, ""B100623(7)"": 0, ""B101029(7)"": 0, ""B101035(7)"": 0, ""B101037(7)"": 1}",1.415571360848844,172.0,
qaoa_feasible_benchmark_a100_20260721_162713_qaoa.csv,supportcase6_ds_qaoa_c759_0001,/home/zhenyusen/MIP-quantum/data/miplib_benders/qaoa_problems/nvars_05/supportcase6_ds_qaoa_c759_0001.json,5,1,8,32768,qaoa,feasible,1.245272439904511,151847000.0,"{""B100166(7)"": 0, ""B100594(7)"": 0, ""B100623(7)"": 0, ""B101029(7)"": 0, ""B101058(7)"": 1}",1.4108867400791496,170.05078125,
qaoa_feasible_benchmark_a100_20260721_162713_qaoa.csv,supportcase6_ds_qaoa_c759_0002,/home/zhenyusen/MIP-quantum/data/miplib_benders/qaoa_problems/nvars_05/supportcase6_ds_qaoa_c759_0002.json,5,1,8,32768,qaoa,feasible,1.2474948428571224,150892000.0,"{""B100594(7)"": 0, ""B100623(7)"": 0, ""B101029(7)"": 0, ""B101058(7)"": 0, ""B101479(7)"": 1}",1.4189533579628915,169.8359375,
qaoa_feasible_benchmark_a100_20260721_162713_qaoa.csv,supportcase6_ds_qaoa_c759_c762_0001,/home/zhenyusen/MIP-quantum/data/miplib_benders/qaoa_problems/nvars_05/supportcase6_ds_qaoa_c759_c762_0001.json,5,2,8,32768,qaoa,feasible,1.2489587180316448,151847000.0,"{""B100166(7)"": 0, ""B100594(7)"": 0, ""B100602(7)"": 0, ""B100608(7)"": 0, ""B100623(7)"": 1}",1.4536981941200793,169.1640625,
qaoa_feasible_benchmark_a100_20260721_162713_qaoa.csv,supportcase6_ds_qaoa_c759_c762_0002,/home/zhenyusen/MIP-quantum/data/miplib_benders/qaoa_problems/nvars_05/supportcase6_ds_qaoa_c759_c762_0002.json,5,2,8,32768,qaoa,feasible,1.2435328848659992,151847000.0,"{""B100594(7)"": 0, ""B100602(7)"": 0, ""B100608(7)"": 0, ""B100623(7)"": 1, ""B101029(7)"": 0}",1.4100891689304262,172.0,
qaoa_feasible_benchmark_a100_20260721_162713_qaoa.csv,supportcase6_ds_qaoa_c762_0001,/home/zhenyusen/MIP-quantum/data/miplib_benders/qaoa_problems/nvars_05/supportcase6_ds_qaoa_c762_0001.json,5,1,8,32768,qaoa,feasible,1.2550161890685558,145944000.0,"{""B100166(7)"": 0, ""B100602(7)"": 0, ""B100608(7)"": 0, ""B100623(7)"": 0, ""B101037(7)"": 1}",1.4257798339240253,172.0625,
qaoa_feasible_benchmark_a100_20260721_162713_qaoa.csv,supportcase6_ds_qaoa_c762_0002,/home/zhenyusen/MIP-quantum/data/miplib_benders/qaoa_problems/nvars_05/supportcase6_ds_qaoa_c762_0002.json,5,1,8,32768,qaoa,feasible,1.2493668692186475,144887000.0,"{""B100602(7)"": 0, ""B100608(7)"": 0, ""B100623(7)"": 0, ""B101037(7)"": 0, ""B101043(7)"": 1}",1.422357692848891,172.0625,
qaoa_feasible_benchmark_a100_20260721_162713_qaoa.csv,supportcase6_ds_qaoa_c762_0003,/home/zhenyusen/MIP-quantum/data/miplib_benders/qaoa_problems/nvars_05/supportcase6_ds_qaoa_c762_0003.json,5,1,8,32768,qaoa,feasible,1.2465468370355666,151847000.0,"{""B100608(7)"": 0, ""B100623(7)"": 0, ""B101037(7)"": 0, ""B101043(7)"": 0, ""B101058(7)"": 1}",1.417200495954603,172.0546875,
qaoa_feasible_benchmark_a100_20260721_162713_qaoa.csv,ex10_ds_qaoa_NOD26_0001,/home/zhenyusen/MIP-quantum/data/miplib_benders/qaoa_problems/nvars_06/ex10_ds_qaoa_NOD26_0001.json,6,1,8,262144,qaoa,feasible,4.650569042889401,1.0,"{""b26_220"": 0, ""b26_222"": 0, ""b26_223"": 0, ""b26_230"": 0, ""b26_240"": 0, ""b26_241"": 1}",4.86722718202509,343.0546875,
qaoa_feasible_benchmark_a100_20260721_162713_qaoa.csv,ex10_ds_qaoa_NOD26_NOD2X2_0001,/home/zhenyusen/MIP-quantum/data/miplib_benders/qaoa_problems/nvars_06/ex10_ds_qaoa_NOD26_NOD2X2_0001.json,6,2,8,262144,qaoa,feasible,4.631287059048191,1.0,"{""b26_220"": 0, ""b26_222"": 0, ""b26_223"": 1, ""b26_230"": 0, ""b26_240"": 0, ""b26_241"": 0}",4.823165670968592,327.19140625,
qaoa_feasible_benchmark_a100_20260721_162713_qaoa.csv,ex9_ds_qaoa_NOD2X5_NOD37_0006,/home/zhenyusen/MIP-quantum/data/miplib_benders/qaoa_problems/nvars_06/ex9_ds_qaoa_NOD2X5_NOD37_0006.json,6,2,8,262144,qaoa,feasible,4.621017670026049,1.0,"{""b37_241"": 0, ""b37_242"": 0, ""b37_243"": 0, ""b37_250"": 0, ""b37_251"": 0, ""b37_252"": 1}",4.816654295893386,327.07421875,
qaoa_feasible_benchmark_a100_20260721_162713_qaoa.csv,ex9_ds_qaoa_NOD2X5_NOD37_0007,/home/zhenyusen/MIP-quantum/data/miplib_benders/qaoa_problems/nvars_06/ex9_ds_qaoa_NOD2X5_NOD37_0007.json,6,2,8,262144,qaoa,feasible,4.6508302569855005,1.0,"{""b37_242"": 0, ""b37_243"": 0, ""b37_250"": 0, ""b37_251"": 0, ""b37_252"": 0, ""b37_253"": 1}",4.877263579051942,327.05859375,
qaoa_feasible_benchmark_a100_20260721_162713_qaoa.csv,ex9_ds_qaoa_NOD2X5_NOD37_0008,/home/zhenyusen/MIP-quantum/data/miplib_benders/qaoa_problems/nvars_06/ex9_ds_qaoa_NOD2X5_NOD37_0008.json,6,2,8,262144,qaoa,feasible,4.659286211011931,1.0,"{""b37_243"": 0, ""b37_250"": 0, ""b37_251"": 0, ""b37_252"": 0, ""b37_253"": 1, ""b37_260"": 0}",4.913305955938995,327.07421875,
qaoa_feasible_benchmark_a100_20260721_162713_qaoa.csv,ex9_ds_qaoa_NOD2X5_NOD37_0009,/home/zhenyusen/MIP-quantum/data/miplib_benders/qaoa_problems/nvars_06/ex9_ds_qaoa_NOD2X5_NOD37_0009.json,6,2,8,262144,qaoa,feasible,4.652536854846403,1.0,"{""b37_250"": 0, ""b37_251"": 0, ""b37_252"": 0, ""b37_253"": 1, ""b37_260"": 0, ""b37_261"": 0}",4.8773747170343995,327.06640625,
qaoa_feasible_benchmark_a100_20260721_162713_qaoa.csv,highschool1-aigio_ds_qaoa_spreadEventsUB_SpreadEvents1_108_Th_subeventsNotActive_108_1_1_0003,/home/zhenyusen/MIP-quantum/data/miplib_benders/qaoa_problems/nvars_06/highschool1-aigio_ds_qaoa_spreadEventsUB_SpreadEvents1_108_Th_subeventsNotActive_108_1_1_0003.json,6,2,8,262144,qaoa,feasible,4.634875408839434,0.0,"{""row_slack_spreadEventsUB_SpreadEvents1_108_Th"": 1, ""row_slack_subeventsNotActive_108_1_1"": 0, ""y(108#1#1,Mo_6)"": 0, ""y(108#1#1,Th_4)"": 0, ""y(108#1#1,Th_5)"": 0, ""y(108#1#1,Th_6)"": 0}",4.855760394828394,323.078125,
qaoa_feasible_benchmark_a100_20260721_162713_qaoa.csv,highschool1-aigio_ds_qaoa_spreadEventsUB_SpreadEvents1_108_Th_subeventsNotActive_108_1_1_0004,/home/zhenyusen/MIP-quantum/data/miplib_benders/qaoa_problems/nvars_06/highschool1-aigio_ds_qaoa_spreadEventsUB_SpreadEvents1_108_Th_subeventsNotActive_108_1_1_0004.json,6,2,8,262144,qaoa,feasible,4.573894341941923,0.0,"{""row_slack_spreadEventsUB_SpreadEvents1_108_Th"": 1, ""row_slack_subeventsNotActive_108_1_1"": 0, ""y(108#1#1,Th_4)"": 0, ""y(108#1#1,Th_5)"": 0, ""y(108#1#1,Th_6)"": 0, ""y(108#1#2,Th_4)"": 0}",4.775434478884563,355.078125,
qaoa_feasible_benchmark_a100_20260721_162713_qaoa.csv,irp_ds_qaoa_R0002_0001,/home/zhenyusen/MIP-quantum/data/miplib_benders/qaoa_problems/nvars_06/irp_ds_qaoa_R0002_0001.json,6,1,8,262144,qaoa,feasible,4.626838183030486,5946950000.0,"{""C16904"": 0, ""C16905"": 0, ""C16906"": 0, ""C16908"": 0, ""C16909"": 0, ""C16910"": 1}",4.880149800796062,351.06640625,
qaoa_feasible_benchmark_a100_20260721_162713_qaoa.csv,irp_ds_qaoa_R0002_0002,/home/zhenyusen/MIP-quantum/data/miplib_benders/qaoa_problems/nvars_06/irp_ds_qaoa_R0002_0002.json,6,1,8,262144,qaoa,feasible,5.389539222000167,6340890000.0,"{""C16905"": 0, ""C16906"": 0, ""C16908"": 0, ""C16909"": 0, ""C16910"": 0, ""C16911"": 1}",5.915801645955071,377.07421875,
qaoa_feasible_benchmark_a100_20260721_162713_qaoa.csv,irp_ds_qaoa_R0002_0003,/home/zhenyusen/MIP-quantum/data/miplib_benders/qaoa_problems/nvars_06/irp_ds_qaoa_R0002_0003.json,6,1,8,262144,qaoa,feasible,7.55004995688796,5861380000.0,"{""C16906"": 0, ""C16908"": 0, ""C16909"": 0, ""C16910"": 0, ""C16911"": 0, ""C16912"": 1}",8.13192594400607,339.734375,
qaoa_feasible_benchmark_a100_20260721_162713_qaoa.csv,irp_ds_qaoa_R0002_0004,/home/zhenyusen/MIP-quantum/data/miplib_benders/qaoa_problems/nvars_06/irp_ds_qaoa_R0002_0004.json,6,1,8,262144,qaoa,feasible,7.921254227869213,5813350000.0,"{""C16908"": 0, ""C16909"": 0, ""C16910"": 0, ""C16911"": 0, ""C16912"": 0, ""C16913"": 1}",8.565662943059579,343.08984375,
qaoa_feasible_benchmark_a100_20260721_162713_qaoa.csv,irp_ds_qaoa_R0002_0005,/home/zhenyusen/MIP-quantum/data/miplib_benders/qaoa_problems/nvars_06/irp_ds_qaoa_R0002_0005.json,6,1,8,262144,qaoa,feasible,7.333968524821103,5989160000.0,"{""C16909"": 0, ""C16910"": 0, ""C16911"": 0, ""C16912"": 0, ""C16913"": 0, ""C16915"": 1}",7.977753028972074,362.25390625,
qaoa_feasible_benchmark_a100_20260721_162713_qaoa.csv,irp_ds_qaoa_R0002_0006,/home/zhenyusen/MIP-quantum/data/miplib_benders/qaoa_problems/nvars_06/irp_ds_qaoa_R0002_0006.json,6,1,8,262144,qaoa,feasible,7.676103713223711,5886900000.0,"{""C16910"": 0, ""C16911"": 0, ""C16912"": 0, ""C16913"": 0, ""C16915"": 0, ""C16916"": 1}",8.254356382181868,369.08984375,
qaoa_feasible_benchmark_a100_20260721_162713_qaoa.csv,irp_ds_qaoa_R0002_0007,/home/zhenyusen/MIP-quantum/data/miplib_benders/qaoa_problems/nvars_06/irp_ds_qaoa_R0002_0007.json,6,1,8,262144,qaoa,feasible,7.7488525218795985,6280850000.0,"{""C16911"": 0, ""C16912"": 0, ""C16913"": 0, ""C16915"": 0, ""C16916"": 0, ""C16917"": 1}",8.335694293025881,341.08203125,
qaoa_feasible_benchmark_a100_20260721_162713_qaoa.csv,irp_ds_qaoa_R0002_0008,/home/zhenyusen/MIP-quantum/data/miplib_benders/qaoa_problems/nvars_06/irp_ds_qaoa_R0002_0008.json,6,1,8,262144,qaoa,feasible,7.369315276155248,5801330000.0,"{""C16912"": 0, ""C16913"": 0, ""C16915"": 0, ""C16916"": 0, ""C16917"": 0, ""C16918"": 1}",7.9883814570494,345.06640625,
qaoa_feasible_benchmark_a100_20260721_162713_qaoa.csv,irp_ds_qaoa_R0002_0009,/home/zhenyusen/MIP-quantum/data/miplib_benders/qaoa_problems/nvars_06/irp_ds_qaoa_R0002_0009.json,6,1,8,262144,qaoa,feasible,5.583534315926954,5753300000.0,"{""C16913"": 0, ""C16915"": 0, ""C16916"": 0, ""C16917"": 0, ""C16918"": 0, ""C16919"": 1}",5.821756009012461,348.6171875,
qaoa_feasible_benchmark_a100_20260721_162713_qaoa.csv,irp_ds_qaoa_R0010_R0015_0001,/home/zhenyusen/MIP-quantum/data/miplib_benders/qaoa_problems/nvars_06/irp_ds_qaoa_R0010_R0015_0001.json,6,2,8,262144,qaoa,feasible,5.9321493790484965,5627280000.0,"{""C16904"": 0, ""C16905"": 0, ""C16906"": 1, ""C16908"": 0, ""C16909"": 0, ""C16910"": 0}",6.308083486976102,327.06640625,
qaoa_feasible_benchmark_a100_20260721_162713_qaoa.csv,irp_ds_qaoa_R0026_0001,/home/zhenyusen/MIP-quantum/data/miplib_benders/qaoa_problems/nvars_06/irp_ds_qaoa_R0026_0001.json,6,1,8,262144,qaoa,feasible,6.0622929839883,5753300000.0,"{""C16908"": 0, ""C16915"": 0, ""C16916"": 0, ""C16917"": 0, ""C16918"": 0, ""C16919"": 1}",6.48080631881021,342.2890625,
qaoa_feasible_benchmark_a100_20260721_162713_qaoa.csv,leo1_ds_qaoa_R0000031_R0000042_0003,/home/zhenyusen/MIP-quantum/data/miplib_benders/qaoa_problems/nvars_06/leo1_ds_qaoa_R0000031_R0000042_0003.json,6,2,8,262144,qaoa,feasible,5.724194673122838,3.0,"{""C0003539"": 0, ""C0003540"": 0, ""C0003541"": 1, ""C0003572"": 0, ""row_slack_R0000031"": 0, ""row_slack_R0000042"": 0}",6.267445313977078,291.05078125,
qaoa_feasible_benchmark_a100_20260721_162713_qaoa.csv,leo1_ds_qaoa_R0000042_R0000043_0003,/home/zhenyusen/MIP-quantum/data/miplib_benders/qaoa_problems/nvars_06/leo1_ds_qaoa_R0000042_R0000043_0003.json,6,2,8,262144,qaoa,feasible,5.984145761001855,3.0,"{""C0003539"": 0, ""C0003540"": 0, ""C0003541"": 1, ""C0003572"": 0, ""row_slack_R0000042"": 0, ""row_slack_R0000043"": 0}",6.362996484152973,335.578125,
qaoa_feasible_benchmark_a100_20260721_162713_qaoa.csv,leo1_ds_qaoa_R0000043_R0000047_0005,/home/zhenyusen/MIP-quantum/data/miplib_benders/qaoa_problems/nvars_06/leo1_ds_qaoa_R0000043_R0000047_0005.json,6,2,8,262144,qaoa,feasible,6.383225942030549,4.0,"{""C0003541"": 0, ""C0003572"": 0, ""C0003573"": 0, ""C0003574"": 1, ""row_slack_R0000043"": 0, ""row_slack_R0000047"": 0}",6.857719399034977,317.8671875,
qaoa_feasible_benchmark_a100_20260721_162713_qaoa.csv,leo1_ds_qaoa_R0000047_R0000048_0005,/home/zhenyusen/MIP-quantum/data/miplib_benders/qaoa_problems/nvars_06/leo1_ds_qaoa_R0000047_R0000048_0005.json,6,2,8,262144,qaoa,feasible,5.680992492008954,8.0,"{""C0003541"": 0, ""C0003572"": 0, ""C0003573"": 0, ""C0003574"": 2, ""row_slack_R0000047"": 6, ""row_slack_R0000048"": 3}",6.120749335037544,300.52734375,
qaoa_feasible_benchmark_a100_20260721_162713_qaoa.csv,leo1_ds_qaoa_R0000079_R0000090_0003,/home/zhenyusen/MIP-quantum/data/miplib_benders/qaoa_problems/nvars_06/leo1_ds_qaoa_R0000079_R0000090_0003.json,6,2,8,262144,qaoa,feasible,6.046636563027278,3.0,"{""C0003539"": 0, ""C0003540"": 0, ""C0003541"": 1, ""C0003572"": 0, ""row_slack_R0000079"": 0, ""row_slack_R0000090"": 0}",6.37664020806551,327.05078125,
qaoa_feasible_benchmark_a100_20260721_162713_qaoa.csv,leo1_ds_qaoa_R0000090_R0000091_0003,/home/zhenyusen/MIP-quantum/data/miplib_benders/qaoa_problems/nvars_06/leo1_ds_qaoa_R0000090_R0000091_0003.json,6,2,8,262144,qaoa,feasible,6.034286052919924,7.0,"{""C0003539"": 0, ""C0003540"": 0, ""C0003541"": 1, ""C0003572"": 1, ""row_slack_R0000090"": 0, ""row_slack_R0000091"": 0}",6.510379815939814,321.69921875,
qaoa_feasible_benchmark_a100_20260721_162713_qaoa.csv,leo1_ds_qaoa_R0000091_R0000095_0005,/home/zhenyusen/MIP-quantum/data/miplib_benders/qaoa_problems/nvars_06/leo1_ds_qaoa_R0000091_R0000095_0005.json,6,2,8,262144,qaoa,feasible,5.991601724177599,8.0,"{""C0003541"": 0, ""C0003572"": 0, ""C0003573"": 0, ""C0003574"": 2, ""row_slack_R0000091"": 0, ""row_slack_R0000095"": 0}",6.4434406731743366,320.85546875,
qaoa_feasible_benchmark_a100_20260721_162713_qaoa.csv,leo1_ds_qaoa_R0000095_R0000096_0005,/home/zhenyusen/MIP-quantum/data/miplib_benders/qaoa_problems/nvars_06/leo1_ds_qaoa_R0000095_R0000096_0005.json,6,2,8,262144,qaoa,feasible,6.39254470798187,8.0,"{""C0003541"": 0, ""C0003572"": 0, ""C0003573"": 0, ""C0003574"": 2, ""row_slack_R0000095"": 0, ""row_slack_R0000096"": 0}",6.713363689137623,327.06640625,
qaoa_feasible_benchmark_a100_20260721_162713_qaoa.csv,leo1_ds_qaoa_R0000097_R0000335_0003,/home/zhenyusen/MIP-quantum/data/miplib_benders/qaoa_problems/nvars_06/leo1_ds_qaoa_R0000097_R0000335_0003.json,6,2,8,262144,qaoa,feasible,5.7107515200041234,8.0,"{""C0003539"": 0, ""C0003540"": 0, ""C0003541"": 0, ""C0003572"": 2, ""row_slack_R0000097"": 0, ""row_slack_R0000335"": 1}",6.1788346860557795,322.0234375,
qaoa_feasible_benchmark_a100_20260721_162713_qaoa.csv,leo1_ds_qaoa_R0000339_R0000535_0005,/home/zhenyusen/MIP-quantum/data/miplib_benders/qaoa_problems/nvars_06/leo1_ds_qaoa_R0000339_R0000535_0005.json,6,2,8,262144,qaoa,feasible,5.8731052440125495,4.0,"{""C0003541"": 0, ""C0003572"": 0, ""C0003573"": 0, ""C0003574"": 1, ""row_slack_R0000339"": 0, ""row_slack_R0000535"": 0}",6.298980087041855,320.203125,
qaoa_feasible_benchmark_a100_20260721_162713_qaoa.csv,leo1_ds_qaoa_R0000541_R0000542_0003,/home/zhenyusen/MIP-quantum/data/miplib_benders/qaoa_problems/nvars_06/leo1_ds_qaoa_R0000541_R0000542_0003.json,6,2,8,262144,qaoa,feasible,5.230369608150795,3.0,"{""C0003539"": 0, ""C0003540"": 0, ""C0003541"": 1, ""C0003572"": 0, ""row_slack_R0000541"": 0, ""row_slack_R0000542"": 0}",5.434182350989431,339.0859375,
qaoa_feasible_benchmark_a100_20260721_162713_qaoa.csv,leo2_ds_qaoa_R0000079_R0000090_0008,/home/zhenyusen/MIP-quantum/data/miplib_benders/qaoa_problems/nvars_06/leo2_ds_qaoa_R0000079_R0000090_0008.json,6,2,8,262144,qaoa,feasible,4.611981730908155,3.0,"{""C0005738"": 0, ""C0005739"": 0, ""C0005740"": 1, ""C0005788"": 0, ""row_slack_R0000079"": 1, ""row_slack_R0000090"": 1}",4.850388136925176,323.05859375,
qaoa_feasible_benchmark_a100_20260721_162713_qaoa.csv,leo2_ds_qaoa_R0000090_R0000091_0008,/home/zhenyusen/MIP-quantum/data/miplib_benders/qaoa_problems/nvars_06/leo2_ds_qaoa_R0000090_R0000091_0008.json,6,2,8,262144,qaoa,feasible,4.5541772751603276,3.0,"{""C0005738"": 0, ""C0005739"": 0, ""C0005740"": 1, ""C0005788"": 0, ""row_slack_R0000090"": 1, ""row_slack_R0000091"": 0}",4.859159423969686,320.42578125,
qaoa_feasible_benchmark_a100_20260721_162713_qaoa.csv,leo2_ds_qaoa_R0000091_R0000095_0010,/home/zhenyusen/MIP-quantum/data/miplib_benders/qaoa_problems/nvars_06/leo2_ds_qaoa_R0000091_R0000095_0010.json,6,2,8,262144,qaoa,feasible,4.680104288971052,8.0,"{""C0005740"": 0, ""C0005788"": 0, ""C0005789"": 0, ""C0005790"": 2, ""row_slack_R0000091"": 0, ""row_slack_R0000095"": 0}",4.926028824876994,327.06640625,
qaoa_feasible_benchmark_a100_20260721_162713_qaoa.csv,leo2_ds_qaoa_R0000095_R0000096_0010,/home/zhenyusen/MIP-quantum/data/miplib_benders/qaoa_problems/nvars_06/leo2_ds_qaoa_R0000095_R0000096_0010.json,6,2,8,262144,qaoa,feasible,4.676445460179821,8.0,"{""C0005740"": 0, ""C0005788"": 0, ""C0005789"": 0, ""C0005790"": 2, ""row_slack_R0000095"": 0, ""row_slack_R0000096"": 0}",4.895804976113141,327.18359375,
qaoa_feasible_benchmark_a100_20260721_162713_qaoa.csv,leo2_ds_qaoa_R0000097_R0000335_0008,/home/zhenyusen/MIP-quantum/data/miplib_benders/qaoa_problems/nvars_06/leo2_ds_qaoa_R0000097_R0000335_0008.json,6,2,8,262144,qaoa,feasible,4.644706760067493,8.0,"{""C0005738"": 0, ""C0005739"": 0, ""C0005740"": 0, ""C0005788"": 2, ""row_slack_R0000097"": 0, ""row_slack_R0000335"": 1}",4.86319136316888,323.05859375,
qaoa_feasible_benchmark_a100_20260721_162713_qaoa.csv,leo2_ds_qaoa_R0000335_R0000535_0008,/home/zhenyusen/MIP-quantum/data/miplib_benders/qaoa_problems/nvars_06/leo2_ds_qaoa_R0000335_R0000535_0008.json,6,2,8,262144,qaoa,feasible,4.615855505922809,4.0,"{""C0005738"": 0, ""C0005739"": 0, ""C0005740"": 0, ""C0005788"": 1, ""row_slack_R0000335"": 1, ""row_slack_R0000535"": 0}",4.860089726978913,327.06640625,
qaoa_feasible_benchmark_a100_20260721_162713_qaoa.csv,leo2_ds_qaoa_R0000571_R0000582_0008,/home/zhenyusen/MIP-quantum/data/miplib_benders/qaoa_problems/nvars_06/leo2_ds_qaoa_R0000571_R0000582_0008.json,6,2,8,262144,qaoa,feasible,4.616205126978457,3.0,"{""C0005738"": 0, ""C0005739"": 0, ""C0005740"": 1, ""C0005788"": 0, ""row_slack_R0000571"": 0, ""row_slack_R0000582"": 0}",4.849903457099572,321.05859375,
qaoa_feasible_benchmark_a100_20260721_162713_qaoa.csv,leo2_ds_qaoa_R0000582_R0000583_0008,/home/zhenyusen/MIP-quantum/data/miplib_benders/qaoa_problems/nvars_06/leo2_ds_qaoa_R0000582_R0000583_0008.json,6,2,8,262144,qaoa,feasible,4.646284664981067,3.0,"{""C0005738"": 0, ""C0005739"": 0, ""C0005740"": 1, ""C0005788"": 0, ""row_slack_R0000582"": 0, ""row_slack_R0000583"": 0}",4.8711821779143065,319.65234375,
qaoa_feasible_benchmark_a100_20260721_162713_qaoa.csv,neos-2746589-doon_ds_qaoa_R0001_0001,/home/zhenyusen/MIP-quantum/data/miplib_benders/qaoa_problems/nvars_06/neos-2746589-doon_ds_qaoa_R0001_0001.json,6,1,8,262144,qaoa,feasible,4.6486615519970655,29.0,"{""C0013"": 0, ""C0014"": 0, ""C0015"": 0, ""C0016"": 0, ""C0017"": 0, ""C0018"": 1}",4.847278554923832,367.05859375,
qaoa_feasible_benchmark_a100_20260721_162713_qaoa.csv,neos-2746589-doon_ds_qaoa_R0002_0001,/home/zhenyusen/MIP-quantum/data/miplib_benders/qaoa_problems/nvars_06/neos-2746589-doon_ds_qaoa_R0002_0001.json,6,1,8,262144,qaoa,feasible,4.641725045861676,209.0,"{""C0019"": 0, ""C0020"": 0, ""C0021"": 0, ""C0022"": 0, ""C0023"": 0, ""C0024"": 1}",4.855999366147444,383.171875,
qaoa_feasible_benchmark_a100_20260721_162713_qaoa.csv,neos-3216931-puriri_ds_qaoa_R0626_R5329_0008,/home/zhenyusen/MIP-quantum/data/miplib_benders/qaoa_problems/nvars_06/neos-3216931-puriri_ds_qaoa_R0626_R5329_0008.json,6,2,8,262144,qaoa,feasible,4.614034024998546,0.0,"{""C0829"": 0, ""C0861"": 0, ""C0892"": 0, ""C0924"": 0, ""row_slack_R0626"": 2, ""row_slack_R5329"": 0}",4.826073625124991,323.06640625,
qaoa_feasible_benchmark_a100_20260721_162713_qaoa.csv,neos-4300652-rahue_ds_qaoa_R14653_0001,/home/zhenyusen/MIP-quantum/data/miplib_benders/qaoa_problems/nvars_06/neos-4300652-rahue_ds_qaoa_R14653_0001.json,6,1,8,262144,qaoa,feasible,4.63808201183565,38.0,"{""C12149"": 0, ""C12150"": 7, ""C12152"": 0, ""C12153"": 6, ""C12155"": 0, ""row_slack_R14653"": 7}",4.837944308063015,351.0625,
qaoa_feasible_benchmark_a100_20260721_162713_qaoa.csv,neos-4413714-turia_ds_qaoa_R0951_0001,/home/zhenyusen/MIP-quantum/data/miplib_benders/qaoa_problems/nvars_06/neos-4413714-turia_ds_qaoa_R0951_0001.json,6,1,8,262144,qaoa,feasible,4.638375135837123,6.0,"{""C0206"": 0, ""C0207"": 0, ""C0208"": 0, ""C0209"": 0, ""C0210"": 0, ""C0211"": 1}",4.842387600801885,343.0625,
qaoa_feasible_benchmark_a100_20260721_162713_qaoa.csv,neos-4647030-tutaki_ds_qaoa_R7864_0001,/home/zhenyusen/MIP-quantum/data/miplib_benders/qaoa_problems/nvars_06/neos-4647030-tutaki_ds_qaoa_R7864_0001.json,6,1,8,262144,qaoa,feasible,4.644641946069896,0.0,"{""C10006"": 0, ""C10007"": 0, ""C10008"": 0, ""C10009"": 0, ""C10010"": 0, ""row_slack_R7864"": 1}",4.867063937941566,343.0703125,
qaoa_feasible_benchmark_a100_20260721_162713_qaoa.csv,neos8_ds_qaoa_R0001_0001,/home/zhenyusen/MIP-quantum/data/miplib_benders/qaoa_problems/nvars_06/neos8_ds_qaoa_R0001_0001.json,6,1,8,262144,qaoa,feasible,4.651961805997416,0.0,"{""C0001"": 0, ""C0002"": 0, ""C0005"": 0, ""C0006"": 0, ""C0009"": 0, ""row_slack_R0001"": 1}",4.903133925050497,345.06640625,
qaoa_feasible_benchmark_a100_20260721_162713_qaoa.csv,neos8_ds_qaoa_R0001_0002,/home/zhenyusen/MIP-quantum/data/miplib_benders/qaoa_problems/nvars_06/neos8_ds_qaoa_R0001_0002.json,6,1,8,262144,qaoa,feasible,4.6638184080366045,0.0,"{""C0002"": 0, ""C0005"": 0, ""C0006"": 0, ""C0009"": 0, ""C0017"": 0, ""row_slack_R0001"": 1}",4.873979561030865,378.05859375,
qaoa_feasible_benchmark_a100_20260721_162713_qaoa.csv,neos8_ds_qaoa_R0001_0003,/home/zhenyusen/MIP-quantum/data/miplib_benders/qaoa_problems/nvars_06/neos8_ds_qaoa_R0001_0003.json,6,1,8,262144,qaoa,feasible,4.643474075011909,0.0,"{""C0005"": 0, ""C0006"": 0, ""C0009"": 0, ""C0017"": 0, ""C0018"": 0, ""row_slack_R0001"": 1}",4.841240725945681,343.18359375,
qaoa_feasible_benchmark_a100_20260721_162713_qaoa.csv,neos8_ds_qaoa_R0001_0004,/home/zhenyusen/MIP-quantum/data/miplib_benders/qaoa_problems/nvars_06/neos8_ds_qaoa_R0001_0004.json,6,1,8,262144,qaoa,feasible,4.68901893007569,0.0,"{""C0006"": 0, ""C0009"": 0, ""C0017"": 0, ""C0018"": 0, ""C0022"": 0, ""row_slack_R0001"": 1}",4.938018484972417,349.75390625,
qaoa_feasible_benchmark_a100_20260721_162713_qaoa.csv,neos8_ds_qaoa_R0001_0005,/home/zhenyusen/MIP-quantum/data/miplib_benders/qaoa_problems/nvars_06/neos8_ds_qaoa_R0001_0005.json,6,1,8,262144,qaoa,feasible,4.637412522919476,0.0,"{""C0009"": 0, ""C0017"": 0, ""C0018"": 0, ""C0022"": 0, ""C0025"": 0, ""row_slack_R0001"": 1}",4.851083345012739,343.05859375,
qaoa_feasible_benchmark_a100_20260721_162713_qaoa.csv,neos8_ds_qaoa_R0001_0006,/home/zhenyusen/MIP-quantum/data/miplib_benders/qaoa_problems/nvars_06/neos8_ds_qaoa_R0001_0006.json,6,1,8,262144,qaoa,feasible,4.720456192037091,0.0,"{""C0017"": 0, ""C0018"": 0, ""C0022"": 0, ""C0025"": 0, ""C0026"": 0, ""row_slack_R0001"": 1}",4.919727019965649,367.17578125,
qaoa_feasible_benchmark_a100_20260721_162713_qaoa.csv,neos8_ds_qaoa_R0001_R0002_0002,/home/zhenyusen/MIP-quantum/data/miplib_benders/qaoa_problems/nvars_06/neos8_ds_qaoa_R0001_R0002_0002.json,6,2,8,262144,qaoa,feasible,4.618664945010096,0.0,"{""C0002"": 0, ""C0005"": 0, ""C0006"": 0, ""C0009"": 0, ""row_slack_R0001"": 1, ""row_slack_R0002"": 1}",4.852734886109829,323.17578125,
qaoa_feasible_benchmark_a100_20260721_162713_qaoa.csv,neos8_ds_qaoa_R0001_R0002_0003,/home/zhenyusen/MIP-quantum/data/miplib_benders/qaoa_problems/nvars_06/neos8_ds_qaoa_R0001_R0002_0003.json,6,2,8,262144,qaoa,feasible,4.606001356150955,0.0,"{""C0005"": 0, ""C0006"": 0, ""C0009"": 0, ""C0013"": 0, ""row_slack_R0001"": 1, ""row_slack_R0002"": 1}",4.831231830874458,323.0625,
qaoa_feasible_benchmark_a100_20260721_162713_qaoa.csv,neos8_ds_qaoa_R0001_R0002_0007,/home/zhenyusen/MIP-quantum/data/miplib_benders/qaoa_problems/nvars_06/neos8_ds_qaoa_R0001_R0002_0007.json,6,2,8,262144,qaoa,feasible,4.611464309040457,0.0,"{""C0014"": 0, ""C0017"": 0, ""C0018"": 0, ""C0022"": 0, ""row_slack_R0001"": 1, ""row_slack_R0002"": 1}",4.806998477084562,331.06640625,
qaoa_feasible_benchmark_a100_20260721_162713_qaoa.csv,neos8_ds_qaoa_R0001_R0002_0008,/home/zhenyusen/MIP-quantum/data/miplib_benders/qaoa_problems/nvars_06/neos8_ds_qaoa_R0001_R0002_0008.json,6,2,8,262144,qaoa,feasible,4.638241132022813,0.0,"{""C0017"": 0, ""C0018"": 0, ""C0022"": 0, ""C0023"": 0, ""row_slack_R0001"": 1, ""row_slack_R0002"": 1}",4.845944392960519,323.0625,
qaoa_feasible_benchmark_a100_20260721_162713_qaoa.csv,neos8_ds_qaoa_R0002_0001,/home/zhenyusen/MIP-quantum/data/miplib_benders/qaoa_problems/nvars_06/neos8_ds_qaoa_R0002_0001.json,6,1,8,262144,qaoa,feasible,4.67068169103004,0.0,"{""C0001"": 0, ""C0002"": 0, ""C0005"": 0, ""C0006"": 0, ""C0013"": 0, ""row_slack_R0002"": 1}",4.892240453977138,365.06640625,
qaoa_feasible_benchmark_a100_20260721_162713_qaoa.csv,neos8_ds_qaoa_R0002_0002,/home/zhenyusen/MIP-quantum/data/miplib_benders/qaoa_problems/nvars_06/neos8_ds_qaoa_R0002_0002.json,6,1,8,262144,qaoa,feasible,4.615070455009118,0.0,"{""C0002"": 0, ""C0005"": 0, ""C0006"": 0, ""C0013"": 0, ""C0014"": 0, ""row_slack_R0002"": 1}",4.848354308865964,345.0625,
qaoa_feasible_benchmark_a100_20260721_162713_qaoa.csv,neos8_ds_qaoa_R0002_0003,/home/zhenyusen/MIP-quantum/data/miplib_benders/qaoa_problems/nvars_06/neos8_ds_qaoa_R0002_0003.json,6,1,8,262144,qaoa,feasible,4.657441338989884,0.0,"{""C0005"": 0, ""C0006"": 0, ""C0013"": 0, ""C0014"": 0, ""C0017"": 0, ""row_slack_R0002"": 1}",4.866973947966471,343.05859375,
qaoa_feasible_benchmark_a100_20260721_162713_qaoa.csv,neos8_ds_qaoa_R0002_0004,/home/zhenyusen/MIP-quantum/data/miplib_benders/qaoa_problems/nvars_06/neos8_ds_qaoa_R0002_0004.json,6,1,8,262144,qaoa,feasible,4.673308453988284,0.0,"{""C0006"": 0, ""C0013"": 0, ""C0014"": 0, ""C0017"": 0, ""C0018"": 0, ""row_slack_R0002"": 1}",4.868595350999385,353.0625,
qaoa_feasible_benchmark_a100_20260721_162713_qaoa.csv,neos8_ds_qaoa_R0002_0005,/home/zhenyusen/MIP-quantum/data/miplib_benders/qaoa_problems/nvars_06/neos8_ds_qaoa_R0002_0005.json,6,1,8,262144,qaoa,feasible,4.680258143926039,0.0,"{""C0013"": 0, ""C0014"": 0, ""C0017"": 0, ""C0018"": 0, ""C0023"": 0, ""row_slack_R0002"": 1}",4.8827428058721125,369.20703125,
qaoa_feasible_benchmark_a100_20260721_162713_qaoa.csv,neos8_ds_qaoa_R0002_0006,/home/zhenyusen/MIP-quantum/data/miplib_benders/qaoa_problems/nvars_06/neos8_ds_qaoa_R0002_0006.json,6,1,8,262144,qaoa,feasible,4.6460959950927645,0.0,"{""C0014"": 0, ""C0017"": 0, ""C0018"": 0, ""C0023"": 0, ""C0024"": 0, ""row_slack_R0002"": 1}",4.856889830902219,343.05859375,
qaoa_feasible_benchmark_a100_20260721_162713_qaoa.csv,neos8_ds_qaoa_R0002_R0003_0004,/home/zhenyusen/MIP-quantum/data/miplib_benders/qaoa_problems/nvars_06/neos8_ds_qaoa_R0002_R0003_0004.json,6,2,8,262144,qaoa,feasible,4.653382302960381,0.0,"{""C0006"": 0, ""C0009"": 0, ""C0013"": 0, ""C0014"": 0, ""row_slack_R0002"": 1, ""row_slack_R0003"": 1}",4.856336946133524,326.953125,
qaoa_feasible_benchmark_a100_20260721_162713_qaoa.csv,neos8_ds_qaoa_R0002_R0003_0005,/home/zhenyusen/MIP-quantum/data/miplib_benders/qaoa_problems/nvars_06/neos8_ds_qaoa_R0002_R0003_0005.json,6,2,8,262144,qaoa,feasible,4.648802006850019,0.0,"{""C0009"": 0, ""C0013"": 0, ""C0014"": 0, ""C0017"": 0, ""row_slack_R0002"": 1, ""row_slack_R0003"": 1}",4.84983467287384,331.05859375,
qaoa_feasible_benchmark_a100_20260721_162713_qaoa.csv,neos8_ds_qaoa_R0003_0001,/home/zhenyusen/MIP-quantum/data/miplib_benders/qaoa_problems/nvars_06/neos8_ds_qaoa_R0003_0001.json,6,1,8,262144,qaoa,feasible,4.704465702874586,0.0,"{""C0001"": 0, ""C0002"": 0, ""C0009"": 0, ""C0013"": 0, ""C0014"": 0, ""row_slack_R0003"": 1}",4.91507134702988,365.0703125,
qaoa_feasible_benchmark_a100_20260721_162713_qaoa.csv,neos8_ds_qaoa_R0003_0002,/home/zhenyusen/MIP-quantum/data/miplib_benders/qaoa_problems/nvars_06/neos8_ds_qaoa_R0003_0002.json,6,1,8,262144,qaoa,feasible,4.655140882823616,0.0,"{""C0002"": 0, ""C0009"": 0, ""C0013"": 0, ""C0014"": 0, ""C0022"": 0, ""row_slack_R0003"": 1}",4.882683030096814,375.171875,
qaoa_feasible_benchmark_a100_20260721_162713_qaoa.csv,neos8_ds_qaoa_R0003_R0004_0004,/home/zhenyusen/MIP-quantum/data/miplib_benders/qaoa_problems/nvars_06/neos8_ds_qaoa_R0003_R0004_0004.json,6,2,8,262144,qaoa,feasible,4.651089997030795,0.0,"{""C0006"": 0, ""C0009"": 0, ""C0013"": 0, ""C0014"": 0, ""row_slack_R0003"": 1, ""row_slack_R0004"": 1}",4.847596450941637,323.0625,
qaoa_feasible_benchmark_a100_20260721_162713_qaoa.csv,neos8_ds_qaoa_R0003_R0004_0005,/home/zhenyusen/MIP-quantum/data/miplib_benders/qaoa_problems/nvars_06/neos8_ds_qaoa_R0003_R0004_0005.json,6,2,8,262144,qaoa,feasible,4.616004088893533,0.0,"{""C0009"": 0, ""C0013"": 0, ""C0014"": 0, ""C0022"": 0, ""row_slack_R0003"": 1, ""row_slack_R0004"": 1}",4.859353129984811,323.07421875,
qaoa_feasible_benchmark_a100_20260721_162713_qaoa.csv,neos8_ds_qaoa_R0003_R0004_0006,/home/zhenyusen/MIP-quantum/data/miplib_benders/qaoa_problems/nvars_06/neos8_ds_qaoa_R0003_R0004_0006.json,6,2,8,262144,qaoa,feasible,4.60828219098039,0.0,"{""C0013"": 0, ""C0014"": 0, ""C0022"": 0, ""C0023"": 0, ""row_slack_R0003"": 1, ""row_slack_R0004"": 1}",4.797615668037906,323.17578125,
qaoa_feasible_benchmark_a100_20260721_162713_qaoa.csv,neos8_ds_qaoa_R0004_0001,/home/zhenyusen/MIP-quantum/data/miplib_benders/qaoa_problems/nvars_06/neos8_ds_qaoa_R0004_0001.json,6,1,8,262144,qaoa,feasible,4.6448167799972,0.0,"{""C0005"": 0, ""C0006"": 0, ""C0009"": 0, ""C0013"": 0, ""C0014"": 0, ""row_slack_R0004"": 1}",4.896449108142406,343.17578125,
qaoa_feasible_benchmark_a100_20260721_162713_qaoa.csv,neos8_ds_qaoa_R0004_0002,/home/zhenyusen/MIP-quantum/data/miplib_benders/qaoa_problems/nvars_06/neos8_ds_qaoa_R0004_0002.json,6,1,8,262144,qaoa,feasible,4.691400445066392,0.0,"{""C0006"": 0, ""C0009"": 0, ""C0013"": 0, ""C0014"": 0, ""C0023"": 0, ""row_slack_R0004"": 1}",4.903624800033867,343.06640625,
qaoa_feasible_benchmark_a100_20260721_162713_qaoa.csv,neos8_ds_qaoa_R0004_R0065_0003,/home/zhenyusen/MIP-quantum/data/miplib_benders/qaoa_problems/nvars_06/neos8_ds_qaoa_R0004_R0065_0003.json,6,2,8,262144,qaoa,feasible,4.605996802914888,0.0,"{""C0005"": 0, ""C0006"": 0, ""C0009"": 0, ""C0013"": 0, ""row_slack_R0004"": 1, ""row_slack_R0065"": 0}",4.813502793898806,353.12109375,
qaoa_feasible_benchmark_a100_20260721_162713_qaoa.csv,supportcase6_ds_qaoa_c539_c722_0009,/home/zhenyusen/MIP-quantum/data/miplib_benders/qaoa_problems/nvars_06/supportcase6_ds_qaoa_c539_c722_0009.json,6,2,8,262144,qaoa,feasible,4.63358308095485,151847000.0,"{""B101037(7)"": 0, ""B101043(7)"": 0, ""B101058(7)"": 1, ""B101479(7)"": 0, ""B101485(7)"": 0, ""B101487(7)"": 0}",4.865691544953734,327.0703125,
qaoa_feasible_benchmark_a100_20260721_162713_qaoa.csv,supportcase6_ds_qaoa_c539_c722_c726_0009,/home/zhenyusen/MIP-quantum/data/miplib_benders/qaoa_problems/nvars_06/supportcase6_ds_qaoa_c539_c722_c726_0009.json,6,3,8,262144,qaoa,feasible,4.602760618086904,151847000.0,"{""B101037(7)"": 0, ""B101043(7)"": 0, ""B101058(7)"": 1, ""B101479(7)"": 0, ""B101485(7)"": 0, ""B101487(7)"": 0}",4.8028873689472675,315.046875,
qaoa_feasible_benchmark_a100_20260721_162713_qaoa.csv,supportcase6_ds_qaoa_c722_c726_0001,/home/zhenyusen/MIP-quantum/data/miplib_benders/qaoa_problems/nvars_06/supportcase6_ds_qaoa_c722_c726_0001.json,6,2,8,262144,qaoa,feasible,4.5969708419870585,151847000.0,"{""B100166(7)"": 0, ""B100594(7)"": 0, ""B100600(7)"": 0, ""B100602(7)"": 0, ""B100608(7)"": 0, ""B100623(7)"": 1}",4.8427061550319195,327.0625,
qaoa_feasible_benchmark_a100_20260721_162713_qaoa.csv,supportcase6_ds_qaoa_c722_c726_0002,/home/zhenyusen/MIP-quantum/data/miplib_benders/qaoa_problems/nvars_06/supportcase6_ds_qaoa_c722_c726_0002.json,6,2,8,262144,qaoa,feasible,4.597858631983399,150892000.0,"{""B100594(7)"": 0, ""B100600(7)"": 0, ""B100602(7)"": 0, ""B100608(7)"": 0, ""B100623(7)"": 0, ""B101029(7)"": 1}",4.831420616013929,327.05859375,
qaoa_feasible_benchmark_a100_20260721_162713_qaoa.csv,supportcase6_ds_qaoa_c722_c726_0003,/home/zhenyusen/MIP-quantum/data/miplib_benders/qaoa_problems/nvars_06/supportcase6_ds_qaoa_c722_c726_0003.json,6,2,8,262144,qaoa,feasible,4.653790835989639,134333000.0,"{""B100600(7)"": 0, ""B100602(7)"": 0, ""B100608(7)"": 0, ""B100623(7)"": 0, ""B101029(7)"": 0, ""B101035(7)"": 1}",4.887977936072275,327.0625,
qaoa_feasible_benchmark_a100_20260721_162713_qaoa.csv,supportcase6_ds_qaoa_c722_c726_0004,/home/zhenyusen/MIP-quantum/data/miplib_benders/qaoa_problems/nvars_06/supportcase6_ds_qaoa_c722_c726_0004.json,6,2,8,262144,qaoa,feasible,4.666653938125819,145944000.0,"{""B100602(7)"": 0, ""B100608(7)"": 0, ""B100623(7)"": 0, ""B101029(7)"": 0, ""B101035(7)"": 0, ""B101037(7)"": 1}",4.860923092113808,325.0703125,
qaoa_feasible_benchmark_a100_20260721_162713_qaoa.csv,supportcase6_ds_qaoa_c722_c726_0005,/home/zhenyusen/MIP-quantum/data/miplib_benders/qaoa_problems/nvars_06/supportcase6_ds_qaoa_c722_c726_0005.json,6,2,8,262144,qaoa,feasible,4.687487522140145,145944000.0,"{""B100608(7)"": 0, ""B100623(7)"": 0, ""B101029(7)"": 0, ""B101035(7)"": 0, ""B101037(7)"": 1, ""B101043(7)"": 0}",4.893358611967415,335.06640625,
qaoa_feasible_benchmark_a100_20260721_162713_qaoa.csv,supportcase6_ds_qaoa_c722_c726_c733_0003,/home/zhenyusen/MIP-quantum/data/miplib_benders/qaoa_problems/nvars_06/supportcase6_ds_qaoa_c722_c726_c733_0003.json,6,3,8,262144,qaoa,feasible,4.635350126074627,134333000.0,"{""B100600(7)"": 0, ""B100602(7)"": 0, ""B100608(7)"": 0, ""B100623(7)"": 0, ""B101029(7)"": 0, ""B101035(7)"": 1}",4.842389212921262,311.05859375,
qaoa_feasible_benchmark_a100_20260721_162713_qaoa.csv,supportcase6_ds_qaoa_c726_c733_0003,/home/zhenyusen/MIP-quantum/data/miplib_benders/qaoa_problems/nvars_06/supportcase6_ds_qaoa_c726_c733_0003.json,6,2,8,262144,qaoa,feasible,4.715762369101867,134333000.0,"{""B100600(7)"": 0, ""B100602(7)"": 0, ""B100608(7)"": 0, ""B100623(7)"": 0, ""B101029(7)"": 0, ""B101035(7)"": 1}",4.911010994808748,327.0625,
qaoa_feasible_benchmark_a100_20260721_162713_qaoa.csv,supportcase6_ds_qaoa_c726_c733_0005,/home/zhenyusen/MIP-quantum/data/miplib_benders/qaoa_problems/nvars_06/supportcase6_ds_qaoa_c726_c733_0005.json,6,2,8,262144,qaoa,feasible,4.628579745069146,290831000.0,"{""B100608(7)"": 0, ""B100623(7)"": 0, ""B101029(7)"": 0, ""B101035(7)"": 0, ""B101037(7)"": 1, ""B101043(7)"": 1}",4.828544184099883,327.1796875,
qaoa_feasible_benchmark_a100_20260721_162713_qaoa.csv,supportcase6_ds_qaoa_c726_c733_c745_0003,/home/zhenyusen/MIP-quantum/data/miplib_benders/qaoa_problems/nvars_06/supportcase6_ds_qaoa_c726_c733_c745_0003.json,6,3,8,262144,qaoa,feasible,4.598326031118631,134333000.0,"{""B100600(7)"": 0, ""B100602(7)"": 0, ""B100608(7)"": 0, ""B100623(7)"": 0, ""B101029(7)"": 0, ""B101035(7)"": 1}",4.798683675006032,311.0703125,
qaoa_feasible_benchmark_a100_20260721_162713_qaoa.csv,supportcase6_ds_qaoa_c726_c733_c745_0005,/home/zhenyusen/MIP-quantum/data/miplib_benders/qaoa_problems/nvars_06/supportcase6_ds_qaoa_c726_c733_c745_0005.json,6,3,8,262144,qaoa,feasible,4.573513715993613,134333000.0,"{""B100608(7)"": 0, ""B100623(7)"": 0, ""B101029(7)"": 0, ""B101035(7)"": 1, ""B101037(7)"": 0, ""B101043(7)"": 0}",4.769532959908247,311.078125,
qaoa_feasible_benchmark_a100_20260721_162713_qaoa.csv,supportcase6_ds_qaoa_c733_c745_0001,/home/zhenyusen/MIP-quantum/data/miplib_benders/qaoa_problems/nvars_06/supportcase6_ds_qaoa_c733_c745_0001.json,6,2,8,262144,qaoa,feasible,4.657394674839452,134333000.0,"{""B100594(7)"": 0, ""B100600(7)"": 0, ""B100602(7)"": 0, ""B100608(7)"": 0, ""B101029(7)"": 0, ""B101035(7)"": 1}",4.849426508881152,327.0703125,
qaoa_feasible_benchmark_a100_20260721_162713_qaoa.csv,supportcase6_ds_qaoa_c733_c745_0002,/home/zhenyusen/MIP-quantum/data/miplib_benders/qaoa_problems/nvars_06/supportcase6_ds_qaoa_c733_c745_0002.json,6,2,8,262144,qaoa,feasible,4.637093462981284,134333000.0,"{""B100600(7)"": 0, ""B100602(7)"": 0, ""B100608(7)"": 0, ""B101029(7)"": 0, ""B101035(7)"": 1, ""B101037(7)"": 0}",4.8598195048980415,355.07421875,
qaoa_feasible_benchmark_a100_20260721_162713_qaoa.csv,supportcase6_ds_qaoa_c733_c745_0003,/home/zhenyusen/MIP-quantum/data/miplib_benders/qaoa_problems/nvars_06/supportcase6_ds_qaoa_c733_c745_0003.json,6,2,8,262144,qaoa,feasible,4.613526300992817,144887000.0,"{""B100602(7)"": 0, ""B100608(7)"": 0, ""B101029(7)"": 0, ""B101035(7)"": 0, ""B101037(7)"": 0, ""B101043(7)"": 1}",4.836902496870607,325.27734375,
qaoa_feasible_benchmark_a100_20260721_162713_qaoa.csv,supportcase6_ds_qaoa_c733_c745_0004,/home/zhenyusen/MIP-quantum/data/miplib_benders/qaoa_problems/nvars_06/supportcase6_ds_qaoa_c733_c745_0004.json,6,2,8,262144,qaoa,feasible,4.6411392679437995,144887000.0,"{""B100608(7)"": 0, ""B101029(7)"": 0, ""B101035(7)"": 0, ""B101037(7)"": 0, ""B101043(7)"": 1, ""B101479(7)"": 0}",4.8818232079502195,351.0703125,
qaoa_feasible_benchmark_a100_20260721_162713_qaoa.csv,supportcase6_ds_qaoa_c733_c745_c747_0003,/home/zhenyusen/MIP-quantum/data/miplib_benders/qaoa_problems/nvars_06/supportcase6_ds_qaoa_c733_c745_c747_0003.json,6,3,8,262144,qaoa,feasible,4.637053807033226,134333000.0,"{""B100600(7)"": 0, ""B100602(7)"": 0, ""B100608(7)"": 0, ""B100623(7)"": 0, ""B101029(7)"": 0, ""B101035(7)"": 1}",4.87984101800248,311.05859375,
qaoa_feasible_benchmark_a100_20260721_162713_qaoa.csv,supportcase6_ds_qaoa_c733_c745_c747_0005,/home/zhenyusen/MIP-quantum/data/miplib_benders/qaoa_problems/nvars_06/supportcase6_ds_qaoa_c733_c745_c747_0005.json,6,3,8,262144,qaoa,feasible,4.651990263955668,144887000.0,"{""B100608(7)"": 0, ""B100623(7)"": 0, ""B101029(7)"": 0, ""B101035(7)"": 0, ""B101037(7)"": 0, ""B101043(7)"": 1}",4.8718611190561205,308.9765625,
qaoa_feasible_benchmark_a100_20260721_162713_qaoa.csv,supportcase6_ds_qaoa_c745_c747_0001,/home/zhenyusen/MIP-quantum/data/miplib_benders/qaoa_problems/nvars_06/supportcase6_ds_qaoa_c745_c747_0001.json,6,2,8,262144,qaoa,feasible,4.633470975095406,144887000.0,"{""B100166(7)"": 0, ""B100594(7)"": 0, ""B100600(7)"": 0, ""B100602(7)"": 0, ""B100608(7)"": 1, ""B100623(7)"": 0}",4.8292259408626705,349.0703125,
qaoa_feasible_benchmark_a100_20260721_162713_qaoa.csv,supportcase6_ds_qaoa_c745_c747_0002,/home/zhenyusen/MIP-quantum/data/miplib_benders/qaoa_problems/nvars_06/supportcase6_ds_qaoa_c745_c747_0002.json,6,2,8,262144,qaoa,feasible,4.714068048866466,150892000.0,"{""B100594(7)"": 0, ""B100600(7)"": 0, ""B100602(7)"": 0, ""B100608(7)"": 0, ""B100623(7)"": 0, ""B101029(7)"": 1}",5.1209567280020565,323.6796875,
qaoa_feasible_benchmark_a100_20260721_162713_qaoa.csv,supportcase6_ds_qaoa_c745_c747_0003,/home/zhenyusen/MIP-quantum/data/miplib_benders/qaoa_problems/nvars_06/supportcase6_ds_qaoa_c745_c747_0003.json,6,2,8,262144,qaoa,feasible,4.660618826048449,134333000.0,"{""B100600(7)"": 0, ""B100602(7)"": 0, ""B100608(7)"": 0, ""B100623(7)"": 0, ""B101029(7)"": 0, ""B101035(7)"": 1}",4.898554482031614,333.08203125,
qaoa_feasible_benchmark_a100_20260721_162713_qaoa.csv,supportcase6_ds_qaoa_c745_c747_0004,/home/zhenyusen/MIP-quantum/data/miplib_benders/qaoa_problems/nvars_06/supportcase6_ds_qaoa_c745_c747_0004.json,6,2,8,262144,qaoa,feasible,4.677609628997743,145944000.0,"{""B100602(7)"": 0, ""B100608(7)"": 0, ""B100623(7)"": 0, ""B101029(7)"": 0, ""B101035(7)"": 0, ""B101037(7)"": 1}",4.916424705181271,351.7890625,
qaoa_feasible_benchmark_a100_20260721_162713_qaoa.csv,supportcase6_ds_qaoa_c745_c747_0005,/home/zhenyusen/MIP-quantum/data/miplib_benders/qaoa_problems/nvars_06/supportcase6_ds_qaoa_c745_c747_0005.json,6,2,8,262144,qaoa,feasible,4.624797891126946,144887000.0,"{""B100608(7)"": 0, ""B100623(7)"": 0, ""B101029(7)"": 0, ""B101035(7)"": 0, ""B101037(7)"": 0, ""B101043(7)"": 1}",4.89289236580953,323.6640625,
qaoa_feasible_benchmark_a100_20260721_162713_qaoa.csv,supportcase6_ds_qaoa_c745_c747_c759_0002,/home/zhenyusen/MIP-quantum/data/miplib_benders/qaoa_problems/nvars_06/supportcase6_ds_qaoa_c745_c747_c759_0002.json,6,3,8,262144,qaoa,feasible,4.613671411992982,150892000.0,"{""B100594(7)"": 0, ""B100600(7)"": 0, ""B100602(7)"": 0, ""B100608(7)"": 0, ""B100623(7)"": 0, ""B101029(7)"": 1}",4.8692479559686035,311.05859375,
qaoa_feasible_benchmark_a100_20260721_162713_qaoa.csv,supportcase6_ds_qaoa_c747_c759_0001,/home/zhenyusen/MIP-quantum/data/miplib_benders/qaoa_problems/nvars_06/supportcase6_ds_qaoa_c747_c759_0001.json,6,2,8,262144,qaoa,feasible,4.634593499125913,151847000.0,"{""B100166(7)"": 0, ""B100594(7)"": 0, ""B100600(7)"": 0, ""B100602(7)"": 0, ""B100608(7)"": 0, ""B100623(7)"": 1}",4.9091925718821585,324.52734375,
qaoa_feasible_benchmark_a100_20260721_162713_qaoa.csv,supportcase6_ds_qaoa_c747_c759_0002,/home/zhenyusen/MIP-quantum/data/miplib_benders/qaoa_problems/nvars_06/supportcase6_ds_qaoa_c747_c759_0002.json,6,2,8,262144,qaoa,feasible,4.616523960139602,150892000.0,"{""B100594(7)"": 0, ""B100600(7)"": 0, ""B100602(7)"": 0, ""B100608(7)"": 0, ""B100623(7)"": 0, ""B101029(7)"": 1}",4.879703914979473,327.0703125,
qaoa_feasible_benchmark_a100_20260721_162713_qaoa.csv,supportcase6_ds_qaoa_c747_c759_c762_0001,/home/zhenyusen/MIP-quantum/data/miplib_benders/qaoa_problems/nvars_06/supportcase6_ds_qaoa_c747_c759_c762_0001.json,6,3,8,262144,qaoa,feasible,4.633341791108251,151847000.0,"{""B100166(7)"": 0, ""B100594(7)"": 0, ""B100600(7)"": 0, ""B100602(7)"": 0, ""B100608(7)"": 0, ""B100623(7)"": 1}",4.8828453531023115,311.0703125,
qaoa_feasible_benchmark_a100_20260721_162713_qaoa.csv,supportcase6_ds_qaoa_c759_c762_0001,/home/zhenyusen/MIP-quantum/data/miplib_benders/qaoa_problems/nvars_06/supportcase6_ds_qaoa_c759_c762_0001.json,6,2,8,262144,qaoa,feasible,4.659632388036698,151847000.0,"{""B100166(7)"": 0, ""B100594(7)"": 0, ""B100602(7)"": 0, ""B100608(7)"": 0, ""B100623(7)"": 1, ""B101029(7)"": 0}",4.863383148796856,323.07421875,
qaoa_feasible_benchmark_a100_20260721_162713_qaoa.csv,supportcase6_ds_qaoa_c759_c762_0002,/home/zhenyusen/MIP-quantum/data/miplib_benders/qaoa_problems/nvars_06/supportcase6_ds_qaoa_c759_c762_0002.json,6,2,8,262144,qaoa,feasible,4.660576021997258,296836000.0,"{""B100594(7)"": 0, ""B100602(7)"": 0, ""B100608(7)"": 0, ""B100623(7)"": 0, ""B101029(7)"": 1, ""B101037(7)"": 1}",4.900082987034693,327.0625,
qaoa_feasible_benchmark_a100_20260721_162713_qaoa.csv,supportcase6_ds_qaoa_c759_c762_0004,/home/zhenyusen/MIP-quantum/data/miplib_benders/qaoa_problems/nvars_06/supportcase6_ds_qaoa_c759_c762_0004.json,6,2,8,262144,qaoa,feasible,4.620675757993013,151847000.0,"{""B100608(7)"": 0, ""B100623(7)"": 0, ""B101029(7)"": 0, ""B101037(7)"": 0, ""B101043(7)"": 0, ""B101058(7)"": 1}",4.879806881072,331.06640625,
qaoa_feasible_benchmark_a100_20260721_162713_qaoa.csv,assign1-5-8_ds_qaoa_R0133_R0002_0001,/home/zhenyusen/MIP-quantum/data/miplib_benders/qaoa_problems/nvars_07/assign1-5-8_ds_qaoa_R0133_R0002_0001.json,7,2,8,2097152,qaoa,feasible,48.76733142603189,5.0,"{""C0033"": 0, ""C0038"": 0, ""C0039"": 0, ""C0040"": 0, ""C0041"": 1, ""C0053"": 0, ""row_slack_R0002"": 5}",49.43667515087873,1917.8828125,
qaoa_feasible_benchmark_a100_20260721_162713_qaoa.csv,ex10_ds_qaoa_NOD26_NOD2X2_0001,/home/zhenyusen/MIP-quantum/data/miplib_benders/qaoa_problems/nvars_07/ex10_ds_qaoa_NOD26_NOD2X2_0001.json,7,2,8,2097152,qaoa,feasible,60.82395792007446,1.0,"{""b26_220"": 0, ""b26_222"": 0, ""b26_223"": 1, ""b26_230"": 0, ""b26_240"": 0, ""b26_241"": 0, ""b26_242"": 0}",61.4358720141463,1939.65234375,
qaoa_feasible_benchmark_a100_20260721_162713_qaoa.csv,ex9_ds_qaoa_NOD2X5_NOD37_0005,/home/zhenyusen/MIP-quantum/data/miplib_benders/qaoa_problems/nvars_07/ex9_ds_qaoa_NOD2X5_NOD37_0005.json,7,2,8,2097152,qaoa,feasible,65.28900107904337,1.0,"{""b37_240"": 0, ""b37_241"": 0, ""b37_242"": 0, ""b37_243"": 0, ""b37_250"": 0, ""b37_251"": 0, ""b37_252"": 1}",65.87499696505256,1910.94921875,
qaoa_feasible_benchmark_a100_20260721_162713_qaoa.csv,ex9_ds_qaoa_NOD2X5_NOD37_0006,/home/zhenyusen/MIP-quantum/data/miplib_benders/qaoa_problems/nvars_07/ex9_ds_qaoa_NOD2X5_NOD37_0006.json,7,2,8,2097152,qaoa,feasible,52.100673564942554,1.0,"{""b37_241"": 0, ""b37_242"": 0, ""b37_243"": 0, ""b37_250"": 0, ""b37_251"": 0, ""b37_252"": 0, ""b37_253"": 1}",52.79288150812499,1892.21875,
qaoa_feasible_benchmark_a100_20260721_162713_qaoa.csv,ex9_ds_qaoa_NOD2X5_NOD37_0007,/home/zhenyusen/MIP-quantum/data/miplib_benders/qaoa_problems/nvars_07/ex9_ds_qaoa_NOD2X5_NOD37_0007.json,7,2,8,2097152,qaoa,feasible,57.438311140052974,1.0,"{""b37_242"": 0, ""b37_243"": 0, ""b37_250"": 0, ""b37_251"": 0, ""b37_252"": 0, ""b37_253"": 1, ""b37_260"": 0}",58.104334474075586,1889.859375,
qaoa_feasible_benchmark_a100_20260721_162713_qaoa.csv,ex9_ds_qaoa_NOD2X5_NOD37_0008,/home/zhenyusen/MIP-quantum/data/miplib_benders/qaoa_problems/nvars_07/ex9_ds_qaoa_NOD2X5_NOD37_0008.json,7,2,8,2097152,qaoa,feasible,64.38301523798145,1.0,"{""b37_243"": 0, ""b37_250"": 0, ""b37_251"": 0, ""b37_252"": 0, ""b37_253"": 1, ""b37_260"": 0, ""b37_261"": 0}",65.05538677494042,1869.75390625,
qaoa_feasible_benchmark_a100_20260721_162713_qaoa.csv,highschool1-aigio_ds_qaoa_spreadEventsUB_SpreadEvents1_108_Th_subeventsNotActive_108_1_1_0002,/home/zhenyusen/MIP-quantum/data/miplib_benders/qaoa_problems/nvars_07/highschool1-aigio_ds_qaoa_spreadEventsUB_SpreadEvents1_108_Th_subeventsNotActive_108_1_1_0002.json,7,2,8,2097152,qaoa,feasible,62.9283260689117,0.0,"{""row_slack_spreadEventsUB_SpreadEvents1_108_Th"": 1, ""row_slack_subeventsNotActive_108_1_1"": 0, ""y(108#1#1,Mo_5)"": 0, ""y(108#1#1,Mo_6)"": 0, ""y(108#1#1,Th_4)"": 0, ""y(108#1#1,Th_5)"": 0, ""y(108#1#1,Th_6)"": 0}",63.63776021800004,1888.25,
qaoa_feasible_benchmark_a100_20260721_162713_qaoa.csv,highschool1-aigio_ds_qaoa_spreadEventsUB_SpreadEvents1_108_Th_subeventsNotActive_108_1_1_0003,/home/zhenyusen/MIP-quantum/data/miplib_benders/qaoa_problems/nvars_07/highschool1-aigio_ds_qaoa_spreadEventsUB_SpreadEvents1_108_Th_subeventsNotActive_108_1_1_0003.json,7,2,8,2097152,qaoa,feasible,55.49279039003886,0.0,"{""row_slack_spreadEventsUB_SpreadEvents1_108_Th"": 1, ""row_slack_subeventsNotActive_108_1_1"": 0, ""y(108#1#1,Mo_6)"": 0, ""y(108#1#1,Th_4)"": 0, ""y(108#1#1,Th_5)"": 0, ""y(108#1#1,Th_6)"": 0, ""y(108#1#2,Th_4)"": 0}",56.07989322999492,1935.98046875,
qaoa_feasible_benchmark_a100_20260721_162713_qaoa.csv,highschool1-aigio_ds_qaoa_spreadEventsUB_SpreadEvents1_108_Th_subeventsNotActive_108_1_1_0004,/home/zhenyusen/MIP-quantum/data/miplib_benders/qaoa_problems/nvars_07/highschool1-aigio_ds_qaoa_spreadEventsUB_SpreadEvents1_108_Th_subeventsNotActive_108_1_1_0004.json,7,2,8,2097152,qaoa,feasible,64.28498013899662,0.0,"{""row_slack_spreadEventsUB_SpreadEvents1_108_Th"": 1, ""row_slack_subeventsNotActive_108_1_1"": 0, ""y(108#1#1,Th_4)"": 0, ""y(108#1#1,Th_5)"": 0, ""y(108#1#1,Th_6)"": 0, ""y(108#1#2,Th_4)"": 0, ""y(108#1#2,Th_5)"": 0}",64.9359210820403,1942.23046875,
qaoa_feasible_benchmark_a100_20260721_162713_qaoa.csv,irp_ds_qaoa_R0010_R0015_0001,/home/zhenyusen/MIP-quantum/data/miplib_benders/qaoa_problems/nvars_07/irp_ds_qaoa_R0010_R0015_0001.json,7,2,8,2097152,qaoa,feasible,62.735536275897175,5627280000.0,"{""C16904"": 0, ""C16905"": 0, ""C16906"": 1, ""C16908"": 0, ""C16909"": 0, ""C16910"": 0, ""C16911"": 0}",63.423922676825896,1872.96484375,
qaoa_feasible_benchmark_a100_20260721_162713_qaoa.csv,leo1_ds_qaoa_R0000031_R0000042_0002,/home/zhenyusen/MIP-quantum/data/miplib_benders/qaoa_problems/nvars_07/leo1_ds_qaoa_R0000031_R0000042_0002.json,7,2,8,2097152,qaoa,feasible,59.963397472165525,4.0,"{""C0003538"": 0, ""C0003539"": 0, ""C0003540"": 0, ""C0003541"": 1, ""C0003572"": 0, ""row_slack_R0000031"": 0, ""row_slack_R0000042"": 0}",60.61420005117543,1625.3125,
qaoa_feasible_benchmark_a100_20260721_162713_qaoa.csv,leo1_ds_qaoa_R0000031_R0000042_0003,/home/zhenyusen/MIP-quantum/data/miplib_benders/qaoa_problems/nvars_07/leo1_ds_qaoa_R0000031_R0000042_0003.json,7,2,8,2097152,qaoa,feasible,69.4643791639246,3.0,"{""C0003539"": 0, ""C0003540"": 0, ""C0003541"": 1, ""C0003572"": 0, ""C0003573"": 0, ""row_slack_R0000031"": 0, ""row_slack_R0000042"": 0}",70.08766435319558,1593.6640625,
qaoa_feasible_benchmark_a100_20260721_162713_qaoa.csv,leo1_ds_qaoa_R0000042_R0000043_0002,/home/zhenyusen/MIP-quantum/data/miplib_benders/qaoa_problems/nvars_07/leo1_ds_qaoa_R0000042_R0000043_0002.json,7,2,8,2097152,qaoa,feasible,60.171231251908466,4.0,"{""C0003538"": 0, ""C0003539"": 0, ""C0003540"": 0, ""C0003541"": 1, ""C0003572"": 0, ""row_slack_R0000042"": 0, ""row_slack_R0000043"": 0}",60.87643039901741,1867.66796875,
qaoa_feasible_benchmark_a100_20260721_162713_qaoa.csv,leo1_ds_qaoa_R0000042_R0000043_0003,/home/zhenyusen/MIP-quantum/data/miplib_benders/qaoa_problems/nvars_07/leo1_ds_qaoa_R0000042_R0000043_0003.json,7,2,8,2097152,qaoa,feasible,63.33715739008039,3.0,"{""C0003539"": 0, ""C0003540"": 0, ""C0003541"": 1, ""C0003572"": 0, ""C0003573"": 0, ""row_slack_R0000042"": 0, ""row_slack_R0000043"": 0}",64.02976294304244,1879.65625,
qaoa_feasible_benchmark_a100_20260721_162713_qaoa.csv,leo1_ds_qaoa_R0000043_R0000047_0004,/home/zhenyusen/MIP-quantum/data/miplib_benders/qaoa_problems/nvars_07/leo1_ds_qaoa_R0000043_R0000047_0004.json,7,2,8,2097152,qaoa,feasible,66.74145176913589,5.0,"{""C0003540"": 0, ""C0003541"": 0, ""C0003572"": 0, ""C0003573"": 0, ""C0003574"": 1, ""row_slack_R0000043"": 0, ""row_slack_R0000047"": 0}",67.46811958495528,1875.0390625,
qaoa_feasible_benchmark_a100_20260721_162713_qaoa.csv,leo1_ds_qaoa_R0000043_R0000047_0005,/home/zhenyusen/MIP-quantum/data/miplib_benders/qaoa_problems/nvars_07/leo1_ds_qaoa_R0000043_R0000047_0005.json,7,2,8,2097152,qaoa,feasible,54.323519504163414,5.0,"{""C0003541"": 0, ""C0003572"": 0, ""C0003573"": 0, ""C0003574"": 0, ""C0003575"": 1, ""row_slack_R0000043"": 0, ""row_slack_R0000047"": 0}",54.96223956882022,1944.28125,
qaoa_feasible_benchmark_a100_20260721_162713_qaoa.csv,leo1_ds_qaoa_R0000047_R0000048_0004,/home/zhenyusen/MIP-quantum/data/miplib_benders/qaoa_problems/nvars_07/leo1_ds_qaoa_R0000047_R0000048_0004.json,7,2,8,2097152,qaoa,feasible,57.10083376709372,10.0,"{""C0003540"": 0, ""C0003541"": 0, ""C0003572"": 0, ""C0003573"": 0, ""C0003574"": 2, ""row_slack_R0000047"": 6, ""row_slack_R0000048"": 3}",57.751786618027836,1547.7265625,
qaoa_feasible_benchmark_a100_20260721_162713_qaoa.csv,leo1_ds_qaoa_R0000047_R0000048_0005,/home/zhenyusen/MIP-quantum/data/miplib_benders/qaoa_problems/nvars_07/leo1_ds_qaoa_R0000047_R0000048_0005.json,7,2,8,2097152,qaoa,feasible,65.74713968113065,10.0,"{""C0003541"": 0, ""C0003572"": 0, ""C0003573"": 0, ""C0003574"": 0, ""C0003575"": 2, ""row_slack_R0000047"": 6, ""row_slack_R0000048"": 5}",66.41621037898585,1280.00390625,
qaoa_feasible_benchmark_a100_20260721_162713_qaoa.csv,leo1_ds_qaoa_R0000097_R0000335_0002,/home/zhenyusen/MIP-quantum/data/miplib_benders/qaoa_problems/nvars_07/leo1_ds_qaoa_R0000097_R0000335_0002.json,7,2,8,2097152,qaoa,feasible,67.72352932789363,10.0,"{""C0003538"": 0, ""C0003539"": 0, ""C0003540"": 0, ""C0003541"": 0, ""C0003572"": 2, ""row_slack_R0000097"": 0, ""row_slack_R0000335"": 1}",68.44836372882128,1879.66015625,
qaoa_feasible_benchmark_a100_20260721_162713_qaoa.csv,leo1_ds_qaoa_R0000097_R0000335_0003,/home/zhenyusen/MIP-quantum/data/miplib_benders/qaoa_problems/nvars_07/leo1_ds_qaoa_R0000097_R0000335_0003.json,7,2,8,2097152,qaoa,feasible,65.49452283116989,10.0,"{""C0003539"": 0, ""C0003540"": 0, ""C0003541"": 0, ""C0003572"": 0, ""C0003573"": 2, ""row_slack_R0000097"": 0, ""row_slack_R0000335"": 1}",66.16408947808668,1944.24609375,
qaoa_feasible_benchmark_a100_20260721_162713_qaoa.csv,leo1_ds_qaoa_R0000339_R0000535_0004,/home/zhenyusen/MIP-quantum/data/miplib_benders/qaoa_problems/nvars_07/leo1_ds_qaoa_R0000339_R0000535_0004.json,7,2,8,2097152,qaoa,feasible,58.42391125205904,5.0,"{""C0003540"": 0, ""C0003541"": 0, ""C0003572"": 0, ""C0003573"": 0, ""C0003574"": 1, ""row_slack_R0000339"": 0, ""row_slack_R0000535"": 0}",59.17357983486727,1871.5703125,
qaoa_feasible_benchmark_a100_20260721_162713_qaoa.csv,leo1_ds_qaoa_R0000339_R0000535_0005,/home/zhenyusen/MIP-quantum/data/miplib_benders/qaoa_problems/nvars_07/leo1_ds_qaoa_R0000339_R0000535_0005.json,7,2,8,2097152,qaoa,feasible,61.17560336505994,5.0,"{""C0003541"": 0, ""C0003572"": 0, ""C0003573"": 0, ""C0003574"": 0, ""C0003575"": 1, ""row_slack_R0000339"": 0, ""row_slack_R0000535"": 0}",61.731664817081764,1944.08984375,
qaoa_feasible_benchmark_a100_20260721_162713_qaoa.csv,leo1_ds_qaoa_R0000541_R0000542_0003,/home/zhenyusen/MIP-quantum/data/miplib_benders/qaoa_problems/nvars_07/leo1_ds_qaoa_R0000541_R0000542_0003.json,7,2,8,2097152,qaoa,feasible,47.69059549807571,3.0,"{""C0003539"": 0, ""C0003540"": 0, ""C0003541"": 1, ""C0003572"": 0, ""C0003573"": 0, ""row_slack_R0000541"": 0, ""row_slack_R0000542"": 0}",48.287328185047954,1881.58984375,
qaoa_feasible_benchmark_a100_20260721_162713_qaoa.csv,leo2_ds_qaoa_R0000079_R0000090_0007,/home/zhenyusen/MIP-quantum/data/miplib_benders/qaoa_problems/nvars_07/leo2_ds_qaoa_R0000079_R0000090_0007.json,7,2,8,2097152,qaoa,feasible,38.754626978887245,4.0,"{""C0005737"": 0, ""C0005738"": 0, ""C0005739"": 0, ""C0005740"": 1, ""C0005788"": 0, ""row_slack_R0000079"": 1, ""row_slack_R0000090"": 1}",39.16108658211306,1790.36328125,
qaoa_feasible_benchmark_a100_20260721_162713_qaoa.csv,leo2_ds_qaoa_R0000097_R0000335_0007,/home/zhenyusen/MIP-quantum/data/miplib_benders/qaoa_problems/nvars_07/leo2_ds_qaoa_R0000097_R0000335_0007.json,7,2,8,2097152,qaoa,feasible,32.80136924702674,10.0,"{""C0005737"": 0, ""C0005738"": 0, ""C0005739"": 0, ""C0005740"": 0, ""C0005788"": 2, ""row_slack_R0000097"": 0, ""row_slack_R0000335"": 1}",33.14443039288744,1863.6640625,
qaoa_feasible_benchmark_a100_20260721_162713_qaoa.csv,leo2_ds_qaoa_R0000097_R0000335_0008,/home/zhenyusen/MIP-quantum/data/miplib_benders/qaoa_problems/nvars_07/leo2_ds_qaoa_R0000097_R0000335_0008.json,7,2,8,2097152,qaoa,feasible,33.53200532402843,10.0,"{""C0005738"": 0, ""C0005739"": 0, ""C0005740"": 0, ""C0005788"": 0, ""C0005789"": 2, ""row_slack_R0000097"": 0, ""row_slack_R0000335"": 1}",33.92700567119755,1848.71484375,
qaoa_feasible_benchmark_a100_20260721_162713_qaoa.csv,leo2_ds_qaoa_R0000335_R0000535_0007,/home/zhenyusen/MIP-quantum/data/miplib_benders/qaoa_problems/nvars_07/leo2_ds_qaoa_R0000335_R0000535_0007.json,7,2,8,2097152,qaoa,feasible,33.097457124851644,5.0,"{""C0005737"": 0, ""C0005738"": 0, ""C0005739"": 0, ""C0005740"": 0, ""C0005788"": 1, ""row_slack_R0000335"": 1, ""row_slack_R0000535"": 0}",33.47697687591426,1945.2734375,
qaoa_feasible_benchmark_a100_20260721_162713_qaoa.csv,leo2_ds_qaoa_R0000335_R0000535_0008,/home/zhenyusen/MIP-quantum/data/miplib_benders/qaoa_problems/nvars_07/leo2_ds_qaoa_R0000335_R0000535_0008.json,7,2,8,2097152,qaoa,feasible,32.7549387619365,5.0,"{""C0005738"": 0, ""C0005739"": 0, ""C0005740"": 0, ""C0005788"": 0, ""C0005789"": 1, ""row_slack_R0000335"": 1, ""row_slack_R0000535"": 0}",33.10870140208863,1919.6640625,
qaoa_feasible_benchmark_a100_20260721_162713_qaoa.csv,leo2_ds_qaoa_R0000571_R0000582_0008,/home/zhenyusen/MIP-quantum/data/miplib_benders/qaoa_problems/nvars_07/leo2_ds_qaoa_R0000571_R0000582_0008.json,7,2,8,2097152,qaoa,feasible,32.959604394156486,3.0,"{""C0005738"": 0, ""C0005739"": 0, ""C0005740"": 1, ""C0005788"": 0, ""C0005789"": 0, ""row_slack_R0000571"": 0, ""row_slack_R0000582"": 0}",33.338497745106,1925.671875,
qaoa_feasible_benchmark_a100_20260721_162713_qaoa.csv,neos-3216931-puriri_ds_qaoa_R0626_R5329_0008,/home/zhenyusen/MIP-quantum/data/miplib_benders/qaoa_problems/nvars_07/neos-3216931-puriri_ds_qaoa_R0626_R5329_0008.json,7,2,8,2097152,qaoa,feasible,49.26727109099738,0.0,"{""C0829"": 0, ""C0861"": 0, ""C0892"": 0, ""C0924"": 0, ""C0956"": 0, ""row_slack_R0626"": 2, ""row_slack_R5329"": 0}",49.9151507508941,1881.66015625,
qaoa_feasible_benchmark_a100_20260721_162713_qaoa.csv,neos-5188808-nattai_ds_qaoa_R15181_R15052_0006,/home/zhenyusen/MIP-quantum/data/miplib_benders/qaoa_problems/nvars_07/neos-5188808-nattai_ds_qaoa_R15181_R15052_0006.json,7,2,8,2097152,qaoa,feasible,63.42811972508207,45.0,"{""C14304"": 4, ""C14305"": 7, ""C14306"": 7, ""C14308"": 0, ""C14309"": 0, ""C14310"": 1, ""row_slack_R15052"": 3}",63.92228185595013,1017.52734375,
qaoa_feasible_benchmark_a100_20260721_162713_qaoa.csv,neos8_ds_qaoa_R0001_R0002_0001,/home/zhenyusen/MIP-quantum/data/miplib_benders/qaoa_problems/nvars_07/neos8_ds_qaoa_R0001_R0002_0001.json,7,2,8,2097152,qaoa,feasible,63.24378581997007,0.0,"{""C0001"": 0, ""C0002"": 0, ""C0005"": 0, ""C0006"": 0, ""C0009"": 0, ""row_slack_R0001"": 1, ""row_slack_R0002"": 1}",63.94486736715771,1946.73046875,
qaoa_feasible_benchmark_a100_20260721_162713_qaoa.csv,neos8_ds_qaoa_R0001_R0002_0002,/home/zhenyusen/MIP-quantum/data/miplib_benders/qaoa_problems/nvars_07/neos8_ds_qaoa_R0001_R0002_0002.json,7,2,8,2097152,qaoa,feasible,37.53044060617685,0.0,"{""C0002"": 0, ""C0005"": 0, ""C0006"": 0, ""C0009"": 0, ""C0013"": 0, ""row_slack_R0001"": 1, ""row_slack_R0002"": 1}",38.01947842305526,1947.68359375,
qaoa_feasible_benchmark_a100_20260721_162713_qaoa.csv,neos8_ds_qaoa_R0001_R0002_0003,/home/zhenyusen/MIP-quantum/data/miplib_benders/qaoa_problems/nvars_07/neos8_ds_qaoa_R0001_R0002_0003.json,7,2,8,2097152,qaoa,feasible,39.59091952815652,0.0,"{""C0005"": 0, ""C0006"": 0, ""C0009"": 0, ""C0013"": 0, ""C0014"": 0, ""row_slack_R0001"": 1, ""row_slack_R0002"": 1}",40.39786050980911,1935.66796875,
qaoa_feasible_benchmark_a100_20260721_162713_qaoa.csv,neos8_ds_qaoa_R0001_R0002_0004,/home/zhenyusen/MIP-quantum/data/miplib_benders/qaoa_problems/nvars_07/neos8_ds_qaoa_R0001_R0002_0004.json,7,2,8,2097152,qaoa,feasible,38.087099163094535,0.0,"{""C0006"": 0, ""C0009"": 0, ""C0013"": 0, ""C0014"": 0, ""C0017"": 0, ""row_slack_R0001"": 1, ""row_slack_R0002"": 1}",38.452778632054105,1945.671875,
qaoa_feasible_benchmark_a100_20260721_162713_qaoa.csv,neos8_ds_qaoa_R0001_R0002_0005,/home/zhenyusen/MIP-quantum/data/miplib_benders/qaoa_problems/nvars_07/neos8_ds_qaoa_R0001_R0002_0005.json,7,2,8,2097152,qaoa,feasible,45.7814970810432,0.0,"{""C0009"": 0, ""C0013"": 0, ""C0014"": 0, ""C0017"": 0, ""C0018"": 0, ""row_slack_R0001"": 1, ""row_slack_R0002"": 1}",47.528728450182825,1899.66796875,
qaoa_feasible_benchmark_a100_20260721_162713_qaoa.csv,neos8_ds_qaoa_R0001_R0002_0006,/home/zhenyusen/MIP-quantum/data/miplib_benders/qaoa_problems/nvars_07/neos8_ds_qaoa_R0001_R0002_0006.json,7,2,8,2097152,qaoa,feasible,58.828165388898924,0.0,"{""C0013"": 0, ""C0014"": 0, ""C0017"": 0, ""C0018"": 0, ""C0022"": 0, ""row_slack_R0001"": 1, ""row_slack_R0002"": 1}",60.71122210705653,1932.04296875,
qaoa_feasible_benchmark_a100_20260721_162713_qaoa.csv,neos8_ds_qaoa_R0001_R0002_0007,/home/zhenyusen/MIP-quantum/data/miplib_benders/qaoa_problems/nvars_07/neos8_ds_qaoa_R0001_R0002_0007.json,7,2,8,2097152,qaoa,feasible,59.17933319113217,0.0,"{""C0014"": 0, ""C0017"": 0, ""C0018"": 0, ""C0022"": 0, ""C0023"": 0, ""row_slack_R0001"": 1, ""row_slack_R0002"": 1}",60.77306439680979,1946.95703125,
qaoa_feasible_benchmark_a100_20260721_162713_qaoa.csv,neos8_ds_qaoa_R0001_R0002_0008,/home/zhenyusen/MIP-quantum/data/miplib_benders/qaoa_problems/nvars_07/neos8_ds_qaoa_R0001_R0002_0008.json,7,2,8,2097152,qaoa,feasible,59.77925243997015,0.0,"{""C0017"": 0, ""C0018"": 0, ""C0022"": 0, ""C0023"": 0, ""C0024"": 0, ""row_slack_R0001"": 1, ""row_slack_R0002"": 1}",61.644666728097945,1917.2265625,
qaoa_feasible_benchmark_a100_20260721_162713_qaoa.csv,neos8_ds_qaoa_R0001_R0002_0009,/home/zhenyusen/MIP-quantum/data/miplib_benders/qaoa_problems/nvars_07/neos8_ds_qaoa_R0001_R0002_0009.json,7,2,8,2097152,qaoa,feasible,57.91893798299134,0.0,"{""C0018"": 0, ""C0022"": 0, ""C0023"": 0, ""C0024"": 0, ""C0025"": 0, ""row_slack_R0001"": 1, ""row_slack_R0002"": 1}",59.612931936979294,1945.8125,
qaoa_feasible_benchmark_a100_20260721_162713_qaoa.csv,neos8_ds_qaoa_R0002_R0003_0001,/home/zhenyusen/MIP-quantum/data/miplib_benders/qaoa_problems/nvars_07/neos8_ds_qaoa_R0002_R0003_0001.json,7,2,8,2097152,qaoa,feasible,57.336334904888645,0.0,"{""C0001"": 0, ""C0002"": 0, ""C0005"": 0, ""C0006"": 0, ""C0009"": 0, ""row_slack_R0002"": 1, ""row_slack_R0003"": 1}",59.047904080944136,1943.2109375,
qaoa_feasible_benchmark_a100_20260721_162713_qaoa.csv,neos8_ds_qaoa_R0002_R0003_0002,/home/zhenyusen/MIP-quantum/data/miplib_benders/qaoa_problems/nvars_07/neos8_ds_qaoa_R0002_R0003_0002.json,7,2,8,2097152,qaoa,feasible,58.3695404289756,0.0,"{""C0002"": 0, ""C0005"": 0, ""C0006"": 0, ""C0009"": 0, ""C0013"": 0, ""row_slack_R0002"": 1, ""row_slack_R0003"": 1}",60.12598414206877,1945.3984375,
qaoa_feasible_benchmark_a100_20260721_162713_qaoa.csv,neos8_ds_qaoa_R0002_R0003_0003,/home/zhenyusen/MIP-quantum/data/miplib_benders/qaoa_problems/nvars_07/neos8_ds_qaoa_R0002_R0003_0003.json,7,2,8,2097152,qaoa,feasible,58.68870056211017,0.0,"{""C0005"": 0, ""C0006"": 0, ""C0009"": 0, ""C0013"": 0, ""C0014"": 0, ""row_slack_R0002"": 1, ""row_slack_R0003"": 1}",60.48700221721083,1944.68359375,
qaoa_feasible_benchmark_a100_20260721_162713_qaoa.csv,neos8_ds_qaoa_R0002_R0003_0004,/home/zhenyusen/MIP-quantum/data/miplib_benders/qaoa_problems/nvars_07/neos8_ds_qaoa_R0002_R0003_0004.json,7,2,8,2097152,qaoa,feasible,59.17173551698215,0.0,"{""C0006"": 0, ""C0009"": 0, ""C0013"": 0, ""C0014"": 0, ""C0017"": 0, ""row_slack_R0002"": 1, ""row_slack_R0003"": 1}",60.8892554321792,1944.64453125,
qaoa_feasible_benchmark_a100_20260721_162713_qaoa.csv,neos8_ds_qaoa_R0002_R0003_0005,/home/zhenyusen/MIP-quantum/data/miplib_benders/qaoa_problems/nvars_07/neos8_ds_qaoa_R0002_R0003_0005.json,7,2,8,2097152,qaoa,feasible,59.08154153521173,0.0,"{""C0009"": 0, ""C0013"": 0, ""C0014"": 0, ""C0017"": 0, ""C0018"": 0, ""row_slack_R0002"": 1, ""row_slack_R0003"": 1}",60.906675572972745,1915.66015625,
qaoa_feasible_benchmark_a100_20260721_162713_qaoa.csv,neos8_ds_qaoa_R0002_R0003_0006,/home/zhenyusen/MIP-quantum/data/miplib_benders/qaoa_problems/nvars_07/neos8_ds_qaoa_R0002_R0003_0006.json,7,2,8,2097152,qaoa,feasible,59.40294348704629,0.0,"{""C0013"": 0, ""C0014"": 0, ""C0017"": 0, ""C0018"": 0, ""C0022"": 0, ""row_slack_R0002"": 1, ""row_slack_R0003"": 1}",61.466750492108986,1943.69140625,
qaoa_feasible_benchmark_a100_20260721_162713_qaoa.csv,neos8_ds_qaoa_R0002_R0003_R0004_0004,/home/zhenyusen/MIP-quantum/data/miplib_benders/qaoa_problems/nvars_07/neos8_ds_qaoa_R0002_R0003_R0004_0004.json,7,3,8,2097152,qaoa,feasible,57.078118627890944,0.0,"{""C0006"": 0, ""C0009"": 0, ""C0013"": 0, ""C0014"": 0, ""row_slack_R0002"": 1, ""row_slack_R0003"": 1, ""row_slack_R0004"": 1}",58.73246244597249,1693.66015625,
qaoa_feasible_benchmark_a100_20260721_162713_qaoa.csv,neos8_ds_qaoa_R0003_R0004_0001,/home/zhenyusen/MIP-quantum/data/miplib_benders/qaoa_problems/nvars_07/neos8_ds_qaoa_R0003_R0004_0001.json,7,2,8,2097152,qaoa,feasible,58.13079948211089,0.0,"{""C0001"": 0, ""C0002"": 0, ""C0005"": 0, ""C0006"": 0, ""C0009"": 0, ""row_slack_R0003"": 1, ""row_slack_R0004"": 1}",60.048881362890825,1916.8046875,
qaoa_feasible_benchmark_a100_20260721_162713_qaoa.csv,neos8_ds_qaoa_R0003_R0004_0002,/home/zhenyusen/MIP-quantum/data/miplib_benders/qaoa_problems/nvars_07/neos8_ds_qaoa_R0003_R0004_0002.json,7,2,8,2097152,qaoa,feasible,58.06142094708048,0.0,"{""C0002"": 0, ""C0005"": 0, ""C0006"": 0, ""C0009"": 0, ""C0013"": 0, ""row_slack_R0003"": 1, ""row_slack_R0004"": 1}",59.70812219707295,1943.83203125,
qaoa_feasible_benchmark_a100_20260721_162713_qaoa.csv,neos8_ds_qaoa_R0003_R0004_0003,/home/zhenyusen/MIP-quantum/data/miplib_benders/qaoa_problems/nvars_07/neos8_ds_qaoa_R0003_R0004_0003.json,7,2,8,2097152,qaoa,feasible,57.552207356086,0.0,"{""C0005"": 0, ""C0006"": 0, ""C0009"": 0, ""C0013"": 0, ""C0014"": 0, ""row_slack_R0003"": 1, ""row_slack_R0004"": 1}",59.21279289317317,1944.02734375,
qaoa_feasible_benchmark_a100_20260721_162713_qaoa.csv,neos8_ds_qaoa_R0003_R0004_0004,/home/zhenyusen/MIP-quantum/data/miplib_benders/qaoa_problems/nvars_07/neos8_ds_qaoa_R0003_R0004_0004.json,7,2,8,2097152,qaoa,feasible,58.573809762019664,0.0,"{""C0006"": 0, ""C0009"": 0, ""C0013"": 0, ""C0014"": 0, ""C0022"": 0, ""row_slack_R0003"": 1, ""row_slack_R0004"": 1}",60.484214471885934,1941.9296875,
qaoa_feasible_benchmark_a100_20260721_162713_qaoa.csv,neos8_ds_qaoa_R0003_R0004_0005,/home/zhenyusen/MIP-quantum/data/miplib_benders/qaoa_problems/nvars_07/neos8_ds_qaoa_R0003_R0004_0005.json,7,2,8,2097152,qaoa,feasible,59.974479399155825,0.0,"{""C0009"": 0, ""C0013"": 0, ""C0014"": 0, ""C0022"": 0, ""C0023"": 0, ""row_slack_R0003"": 1, ""row_slack_R0004"": 1}",61.694870098959655,1944.796875,
qaoa_feasible_benchmark_a100_20260721_162713_qaoa.csv,neos8_ds_qaoa_R0003_R0004_0006,/home/zhenyusen/MIP-quantum/data/miplib_benders/qaoa_problems/nvars_07/neos8_ds_qaoa_R0003_R0004_0006.json,7,2,8,2097152,qaoa,feasible,59.229495116043836,0.0,"{""C0013"": 0, ""C0014"": 0, ""C0022"": 0, ""C0023"": 0, ""C0024"": 0, ""row_slack_R0003"": 1, ""row_slack_R0004"": 1}",60.99178969790228,1937.6796875,
qaoa_feasible_benchmark_a100_20260721_162713_qaoa.csv,neos8_ds_qaoa_R0004_R0065_0002,/home/zhenyusen/MIP-quantum/data/miplib_benders/qaoa_problems/nvars_07/neos8_ds_qaoa_R0004_R0065_0002.json,7,2,8,2097152,qaoa,feasible,57.708219120977446,0.0,"{""C0002"": 0, ""C0005"": 0, ""C0006"": 0, ""C0009"": 0, ""C0013"": 0, ""row_slack_R0004"": 1, ""row_slack_R0065"": 0}",59.51179991522804,1921.36328125,
qaoa_feasible_benchmark_a100_20260721_162713_qaoa.csv,neos8_ds_qaoa_R0004_R0065_0003,/home/zhenyusen/MIP-quantum/data/miplib_benders/qaoa_problems/nvars_07/neos8_ds_qaoa_R0004_R0065_0003.json,7,2,8,2097152,qaoa,feasible,58.799799385946244,0.0,"{""C0005"": 0, ""C0006"": 0, ""C0009"": 0, ""C0013"": 0, ""C0014"": 0, ""row_slack_R0004"": 1, ""row_slack_R0065"": 0}",60.34843637817539,1947.79296875,
qaoa_feasible_benchmark_a100_20260721_162713_qaoa.csv,neos8_ds_qaoa_R0004_R0065_0004,/home/zhenyusen/MIP-quantum/data/miplib_benders/qaoa_problems/nvars_07/neos8_ds_qaoa_R0004_R0065_0004.json,7,2,8,2097152,qaoa,feasible,57.800024044001475,0.0,"{""C0006"": 0, ""C0009"": 0, ""C0013"": 0, ""C0014"": 0, ""C0017"": 0, ""row_slack_R0004"": 1, ""row_slack_R0065"": 0}",59.6269345539622,1907.40234375,
qaoa_feasible_benchmark_a100_20260721_162713_qaoa.csv,neos8_ds_qaoa_R0004_R0065_0005,/home/zhenyusen/MIP-quantum/data/miplib_benders/qaoa_problems/nvars_07/neos8_ds_qaoa_R0004_R0065_0005.json,7,2,8,2097152,qaoa,feasible,58.78584057698026,0.0,"{""C0009"": 0, ""C0013"": 0, ""C0014"": 0, ""C0017"": 0, ""C0018"": 0, ""row_slack_R0004"": 1, ""row_slack_R0065"": 0}",60.642169422935694,1901.8515625,
qaoa_feasible_benchmark_a100_20260721_162713_qaoa.csv,neos8_ds_qaoa_R0004_R0065_0009,/home/zhenyusen/MIP-quantum/data/miplib_benders/qaoa_problems/nvars_07/neos8_ds_qaoa_R0004_R0065_0009.json,7,2,8,2097152,qaoa,feasible,58.79843924893066,0.0,"{""C0018"": 0, ""C0022"": 0, ""C0023"": 0, ""C0024"": 0, ""C0025"": 0, ""row_slack_R0004"": 1, ""row_slack_R0065"": 0}",60.762052353005856,1943.9296875,
qaoa_feasible_benchmark_a100_20260721_162713_qaoa.csv,neos8_ds_qaoa_R0004_R0065_0010,/home/zhenyusen/MIP-quantum/data/miplib_benders/qaoa_problems/nvars_07/neos8_ds_qaoa_R0004_R0065_0010.json,7,2,8,2097152,qaoa,feasible,58.80335485213436,0.0,"{""C0022"": 0, ""C0023"": 0, ""C0024"": 0, ""C0025"": 0, ""C0026"": 0, ""row_slack_R0004"": 1, ""row_slack_R0065"": 0}",60.6354454299435,1945.66796875,
qaoa_feasible_benchmark_a100_20260721_162713_qaoa.csv,supportcase6_ds_qaoa_c539_c722_0008,/home/zhenyusen/MIP-quantum/data/miplib_benders/qaoa_problems/nvars_07/supportcase6_ds_qaoa_c539_c722_0008.json,7,2,8,2097152,qaoa,feasible,57.8761631869711,151847000.0,"{""B101035(7)"": 0, ""B101037(7)"": 0, ""B101043(7)"": 0, ""B101058(7)"": 1, ""B101479(7)"": 0, ""B101485(7)"": 0, ""B101487(7)"": 0}",59.60557056311518,1947.66015625,
qaoa_feasible_benchmark_a100_20260721_162713_qaoa.csv,supportcase6_ds_qaoa_c539_c722_c726_0008,/home/zhenyusen/MIP-quantum/data/miplib_benders/qaoa_problems/nvars_07/supportcase6_ds_qaoa_c539_c722_c726_0008.json,7,3,8,2097152,qaoa,feasible,55.99644150189124,151847000.0,"{""B101035(7)"": 0, ""B101037(7)"": 0, ""B101043(7)"": 0, ""B101058(7)"": 1, ""B101479(7)"": 0, ""B101485(7)"": 0, ""B101487(7)"": 0}",57.70006384188309,1717.67578125,
qaoa_feasible_benchmark_a100_20260721_162713_qaoa.csv,supportcase6_ds_qaoa_c722_c726_0001,/home/zhenyusen/MIP-quantum/data/miplib_benders/qaoa_problems/nvars_07/supportcase6_ds_qaoa_c722_c726_0001.json,7,2,8,2097152,qaoa,feasible,58.869321170961484,150892000.0,"{""B100166(7)"": 0, ""B100594(7)"": 0, ""B100600(7)"": 0, ""B100602(7)"": 0, ""B100608(7)"": 0, ""B100623(7)"": 0, ""B101029(7)"": 1}",60.738250420894474,1943.93359375,
qaoa_feasible_benchmark_a100_20260721_162713_qaoa.csv,supportcase6_ds_qaoa_c722_c726_0002,/home/zhenyusen/MIP-quantum/data/miplib_benders/qaoa_problems/nvars_07/supportcase6_ds_qaoa_c722_c726_0002.json,7,2,8,2097152,qaoa,feasible,56.733113227179274,134333000.0,"{""B100594(7)"": 0, ""B100600(7)"": 0, ""B100602(7)"": 0, ""B100608(7)"": 0, ""B100623(7)"": 0, ""B101029(7)"": 0, ""B101035(7)"": 1}",58.49714313005097,1943.84375,
qaoa_feasible_benchmark_a100_20260721_162713_qaoa.csv,supportcase6_ds_qaoa_c722_c726_0003,/home/zhenyusen/MIP-quantum/data/miplib_benders/qaoa_problems/nvars_07/supportcase6_ds_qaoa_c722_c726_0003.json,7,2,8,2097152,qaoa,feasible,52.018504556966946,145944000.0,"{""B100600(7)"": 0, ""B100602(7)"": 0, ""B100608(7)"": 0, ""B100623(7)"": 0, ""B101029(7)"": 0, ""B101035(7)"": 0, ""B101037(7)"": 1}",53.40723978402093,1889.24609375,
qaoa_feasible_benchmark_a100_20260721_162713_qaoa.csv,supportcase6_ds_qaoa_c722_c726_0004,/home/zhenyusen/MIP-quantum/data/miplib_benders/qaoa_problems/nvars_07/supportcase6_ds_qaoa_c722_c726_0004.json,7,2,8,2097152,qaoa,feasible,59.10257531283423,145944000.0,"{""B100602(7)"": 0, ""B100608(7)"": 0, ""B100623(7)"": 0, ""B101029(7)"": 0, ""B101035(7)"": 0, ""B101037(7)"": 1, ""B101043(7)"": 0}",60.73676560213789,1944.83203125,
qaoa_feasible_benchmark_a100_20260721_162713_qaoa.csv,supportcase6_ds_qaoa_c722_c726_0005,/home/zhenyusen/MIP-quantum/data/miplib_benders/qaoa_problems/nvars_07/supportcase6_ds_qaoa_c722_c726_0005.json,7,2,8,2097152,qaoa,feasible,50.16988468798809,151847000.0,"{""B100608(7)"": 0, ""B100623(7)"": 0, ""B101029(7)"": 0, ""B101035(7)"": 0, ""B101037(7)"": 0, ""B101043(7)"": 0, ""B101058(7)"": 1}",51.367752752033994,1943.21875,
qaoa_feasible_benchmark_a100_20260721_162713_qaoa.csv,supportcase6_ds_qaoa_c722_c726_c733_0002,/home/zhenyusen/MIP-quantum/data/miplib_benders/qaoa_problems/nvars_07/supportcase6_ds_qaoa_c722_c726_c733_0002.json,7,3,8,2097152,qaoa,feasible,40.18827116605826,134333000.0,"{""B100594(7)"": 0, ""B100600(7)"": 0, ""B100602(7)"": 0, ""B100608(7)"": 0, ""B100623(7)"": 0, ""B101029(7)"": 0, ""B101035(7)"": 1}",41.137225622078404,1755.7734375,
qaoa_feasible_benchmark_a100_20260721_162713_qaoa.csv,supportcase6_ds_qaoa_c722_c726_c733_0003,/home/zhenyusen/MIP-quantum/data/miplib_benders/qaoa_problems/nvars_07/supportcase6_ds_qaoa_c722_c726_c733_0003.json,7,3,8,2097152,qaoa,feasible,33.39094863599166,134333000.0,"{""B100600(7)"": 0, ""B100602(7)"": 0, ""B100608(7)"": 0, ""B100623(7)"": 0, ""B101029(7)"": 0, ""B101035(7)"": 1, ""B101037(7)"": 0}",33.87983500608243,1714.21875,
qaoa_feasible_benchmark_a100_20260721_162713_qaoa.csv,supportcase6_ds_qaoa_c726_c733_0002,/home/zhenyusen/MIP-quantum/data/miplib_benders/qaoa_problems/nvars_07/supportcase6_ds_qaoa_c726_c733_0002.json,7,2,8,2097152,qaoa,feasible,33.2921619550325,134333000.0,"{""B100594(7)"": 0, ""B100600(7)"": 0, ""B100602(7)"": 0, ""B100608(7)"": 0, ""B100623(7)"": 0, ""B101029(7)"": 0, ""B101035(7)"": 1}",33.65025055012666,1923.65625,
qaoa_feasible_benchmark_a100_20260721_162713_qaoa.csv,supportcase6_ds_qaoa_c726_c733_0003,/home/zhenyusen/MIP-quantum/data/miplib_benders/qaoa_problems/nvars_07/supportcase6_ds_qaoa_c726_c733_0003.json,7,2,8,2097152,qaoa,feasible,33.62531637912616,134333000.0,"{""B100600(7)"": 0, ""B100602(7)"": 0, ""B100608(7)"": 0, ""B100623(7)"": 0, ""B101029(7)"": 0, ""B101035(7)"": 1, ""B101037(7)"": 0}",34.006077063968405,1945.1953125,
qaoa_feasible_benchmark_a100_20260721_162713_qaoa.csv,supportcase6_ds_qaoa_c726_c733_0004,/home/zhenyusen/MIP-quantum/data/miplib_benders/qaoa_problems/nvars_07/supportcase6_ds_qaoa_c726_c733_0004.json,7,2,8,2097152,qaoa,feasible,32.75369801209308,290831000.0,"{""B100602(7)"": 0, ""B100608(7)"": 0, ""B100623(7)"": 0, ""B101029(7)"": 0, ""B101035(7)"": 0, ""B101037(7)"": 1, ""B101043(7)"": 1}",33.09427605988458,1901.66796875,
qaoa_feasible_benchmark_a100_20260721_162713_qaoa.csv,supportcase6_ds_qaoa_c726_c733_0005,/home/zhenyusen/MIP-quantum/data/miplib_benders/qaoa_problems/nvars_07/supportcase6_ds_qaoa_c726_c733_0005.json,7,2,8,2097152,qaoa,feasible,32.87757487897761,296734000.0,"{""B100608(7)"": 0, ""B100623(7)"": 0, ""B101029(7)"": 0, ""B101035(7)"": 0, ""B101037(7)"": 0, ""B101043(7)"": 1, ""B101058(7)"": 1}",33.22261410509236,1947.66015625,
qaoa_feasible_benchmark_a100_20260721_162713_qaoa.csv,supportcase6_ds_qaoa_c726_c733_c745_0002,/home/zhenyusen/MIP-quantum/data/miplib_benders/qaoa_problems/nvars_07/supportcase6_ds_qaoa_c726_c733_c745_0002.json,7,3,8,2097152,qaoa,feasible,32.398670471971855,134333000.0,"{""B100594(7)"": 0, ""B100600(7)"": 0, ""B100602(7)"": 0, ""B100608(7)"": 0, ""B100623(7)"": 0, ""B101029(7)"": 0, ""B101035(7)"": 1}",32.74950386304408,1743.66015625,
qaoa_feasible_benchmark_a100_20260721_162713_qaoa.csv,supportcase6_ds_qaoa_c726_c733_c745_0003,/home/zhenyusen/MIP-quantum/data/miplib_benders/qaoa_problems/nvars_07/supportcase6_ds_qaoa_c726_c733_c745_0003.json,7,3,8,2097152,qaoa,feasible,32.52881364710629,134333000.0,"{""B100600(7)"": 0, ""B100602(7)"": 0, ""B100608(7)"": 0, ""B100623(7)"": 0, ""B101029(7)"": 0, ""B101035(7)"": 1, ""B101037(7)"": 0}",32.901842065155506,1753.77734375,
qaoa_feasible_benchmark_a100_20260721_162713_qaoa.csv,supportcase6_ds_qaoa_c726_c733_c745_0004,/home/zhenyusen/MIP-quantum/data/miplib_benders/qaoa_problems/nvars_07/supportcase6_ds_qaoa_c726_c733_c745_0004.json,7,3,8,2097152,qaoa,feasible,32.920156062114984,134333000.0,"{""B100602(7)"": 0, ""B100608(7)"": 0, ""B100623(7)"": 0, ""B101029(7)"": 0, ""B101035(7)"": 1, ""B101037(7)"": 0, ""B101043(7)"": 0}",33.25170215894468,1755.66015625,
qaoa_feasible_benchmark_a100_20260721_162713_qaoa.csv,supportcase6_ds_qaoa_c726_c733_c745_0005,/home/zhenyusen/MIP-quantum/data/miplib_benders/qaoa_problems/nvars_07/supportcase6_ds_qaoa_c726_c733_c745_0005.json,7,3,8,2097152,qaoa,feasible,32.35745920613408,296734000.0,"{""B100608(7)"": 0, ""B100623(7)"": 0, ""B101029(7)"": 0, ""B101035(7)"": 0, ""B101037(7)"": 0, ""B101043(7)"": 1, ""B101058(7)"": 1}",32.722152799833566,1729.78125,
qaoa_feasible_benchmark_a100_20260721_162713_qaoa.csv,supportcase6_ds_qaoa_c733_c745_0001,/home/zhenyusen/MIP-quantum/data/miplib_benders/qaoa_problems/nvars_07/supportcase6_ds_qaoa_c733_c745_0001.json,7,2,8,2097152,qaoa,feasible,32.73681627493352,134333000.0,"{""B100594(7)"": 0, ""B100600(7)"": 0, ""B100602(7)"": 0, ""B100608(7)"": 0, ""B101029(7)"": 0, ""B101035(7)"": 1, ""B101037(7)"": 0}",33.08631188492291,1877.78125,
qaoa_feasible_benchmark_a100_20260721_162713_qaoa.csv,supportcase6_ds_qaoa_c733_c745_0002,/home/zhenyusen/MIP-quantum/data/miplib_benders/qaoa_problems/nvars_07/supportcase6_ds_qaoa_c733_c745_0002.json,7,2,8,2097152,qaoa,feasible,33.250242442125455,144887000.0,"{""B100600(7)"": 0, ""B100602(7)"": 0, ""B100608(7)"": 0, ""B101029(7)"": 0, ""B101035(7)"": 0, ""B101037(7)"": 0, ""B101043(7)"": 1}",33.64432401396334,1921.66015625,
qaoa_feasible_benchmark_a100_20260721_162713_qaoa.csv,supportcase6_ds_qaoa_c733_c745_0003,/home/zhenyusen/MIP-quantum/data/miplib_benders/qaoa_problems/nvars_07/supportcase6_ds_qaoa_c733_c745_0003.json,7,2,8,2097152,qaoa,feasible,32.61790754389949,144887000.0,"{""B100602(7)"": 0, ""B100608(7)"": 0, ""B101029(7)"": 0, ""B101035(7)"": 0, ""B101037(7)"": 0, ""B101043(7)"": 1, ""B101479(7)"": 0}",32.96655874303542,1947.65234375,
qaoa_feasible_benchmark_a100_20260721_162713_qaoa.csv,supportcase6_ds_qaoa_c733_c745_0004,/home/zhenyusen/MIP-quantum/data/miplib_benders/qaoa_problems/nvars_07/supportcase6_ds_qaoa_c733_c745_0004.json,7,2,8,2097152,qaoa,feasible,33.10644975793548,134333000.0,"{""B100608(7)"": 0, ""B101029(7)"": 0, ""B101035(7)"": 0, ""B101037(7)"": 0, ""B101043(7)"": 0, ""B101479(7)"": 0, ""B101485(7)"": 1}",33.47338487813249,1941.66796875,
qaoa_feasible_benchmark_a100_20260721_162713_qaoa.csv,supportcase6_ds_qaoa_c733_c745_c747_0002,/home/zhenyusen/MIP-quantum/data/miplib_benders/qaoa_problems/nvars_07/supportcase6_ds_qaoa_c733_c745_c747_0002.json,7,3,8,2097152,qaoa,feasible,32.2556147291325,134333000.0,"{""B100594(7)"": 0, ""B100600(7)"": 0, ""B100602(7)"": 0, ""B100608(7)"": 0, ""B100623(7)"": 0, ""B101029(7)"": 0, ""B101035(7)"": 1}",32.653622906887904,1721.66015625,
qaoa_feasible_benchmark_a100_20260721_162713_qaoa.csv,supportcase6_ds_qaoa_c733_c745_c747_0003,/home/zhenyusen/MIP-quantum/data/miplib_benders/qaoa_problems/nvars_07/supportcase6_ds_qaoa_c733_c745_c747_0003.json,7,3,8,2097152,qaoa,feasible,32.15824662800878,134333000.0,"{""B100600(7)"": 0, ""B100602(7)"": 0, ""B100608(7)"": 0, ""B100623(7)"": 0, ""B101029(7)"": 0, ""B101035(7)"": 1, ""B101037(7)"": 0}",32.49593059299514,1753.6640625,
qaoa_feasible_benchmark_a100_20260721_162713_qaoa.csv,supportcase6_ds_qaoa_c733_c745_c747_0004,/home/zhenyusen/MIP-quantum/data/miplib_benders/qaoa_problems/nvars_07/supportcase6_ds_qaoa_c733_c745_c747_0004.json,7,3,8,2097152,qaoa,feasible,32.526801354950294,144887000.0,"{""B100602(7)"": 0, ""B100608(7)"": 0, ""B100623(7)"": 0, ""B101029(7)"": 0, ""B101035(7)"": 0, ""B101037(7)"": 0, ""B101043(7)"": 1}",32.860691578127444,1707.6640625,
qaoa_feasible_benchmark_a100_20260721_162713_qaoa.csv,supportcase6_ds_qaoa_c733_c745_c747_0005,/home/zhenyusen/MIP-quantum/data/miplib_benders/qaoa_problems/nvars_07/supportcase6_ds_qaoa_c733_c745_c747_0005.json,7,3,8,2097152,qaoa,feasible,32.25231426698156,144887000.0,"{""B100608(7)"": 0, ""B100623(7)"": 0, ""B101029(7)"": 0, ""B101035(7)"": 0, ""B101037(7)"": 0, ""B101043(7)"": 1, ""B101058(7)"": 0}",32.590638065943494,1679.6640625,
qaoa_feasible_benchmark_a100_20260721_162713_qaoa.csv,supportcase6_ds_qaoa_c745_c747_0001,/home/zhenyusen/MIP-quantum/data/miplib_benders/qaoa_problems/nvars_07/supportcase6_ds_qaoa_c745_c747_0001.json,7,2,8,2097152,qaoa,feasible,33.25394048192538,150892000.0,"{""B100166(7)"": 0, ""B100594(7)"": 0, ""B100600(7)"": 0, ""B100602(7)"": 0, ""B100608(7)"": 0, ""B100623(7)"": 0, ""B101029(7)"": 1}",33.6236851781141,1911.7734375,
qaoa_feasible_benchmark_a100_20260721_162713_qaoa.csv,supportcase6_ds_qaoa_c745_c747_0002,/home/zhenyusen/MIP-quantum/data/miplib_benders/qaoa_problems/nvars_07/supportcase6_ds_qaoa_c745_c747_0002.json,7,2,8,2097152,qaoa,feasible,32.61387757794,134333000.0,"{""B100594(7)"": 0, ""B100600(7)"": 0, ""B100602(7)"": 0, ""B100608(7)"": 0, ""B100623(7)"": 0, ""B101029(7)"": 0, ""B101035(7)"": 1}",33.01038196589798,1944.91015625,
qaoa_feasible_benchmark_a100_20260721_162713_qaoa.csv,supportcase6_ds_qaoa_c745_c747_0003,/home/zhenyusen/MIP-quantum/data/miplib_benders/qaoa_problems/nvars_07/supportcase6_ds_qaoa_c745_c747_0003.json,7,2,8,2097152,qaoa,feasible,32.76183336088434,145944000.0,"{""B100600(7)"": 0, ""B100602(7)"": 0, ""B100608(7)"": 0, ""B100623(7)"": 0, ""B101029(7)"": 0, ""B101035(7)"": 0, ""B101037(7)"": 1}",33.115153026999906,1947.66015625,
qaoa_feasible_benchmark_a100_20260721_162713_qaoa.csv,supportcase6_ds_qaoa_c745_c747_0004,/home/zhenyusen/MIP-quantum/data/miplib_benders/qaoa_problems/nvars_07/supportcase6_ds_qaoa_c745_c747_0004.json,7,2,8,2097152,qaoa,feasible,32.910528873093426,144887000.0,"{""B100602(7)"": 0, ""B100608(7)"": 0, ""B100623(7)"": 0, ""B101029(7)"": 0, ""B101035(7)"": 0, ""B101037(7)"": 0, ""B101043(7)"": 1}",33.267956510186195,1917.78125,
qaoa_feasible_benchmark_a100_20260721_162713_qaoa.csv,supportcase6_ds_qaoa_c745_c747_0005,/home/zhenyusen/MIP-quantum/data/miplib_benders/qaoa_problems/nvars_07/supportcase6_ds_qaoa_c745_c747_0005.json,7,2,8,2097152,qaoa,feasible,33.115690030157566,144887000.0,"{""B100608(7)"": 0, ""B100623(7)"": 0, ""B101029(7)"": 0, ""B101035(7)"": 0, ""B101037(7)"": 0, ""B101043(7)"": 1, ""B101058(7)"": 0}",33.4871993791312,1927.6640625,
qaoa_feasible_benchmark_a100_20260721_162713_qaoa.csv,supportcase6_ds_qaoa_c745_c747_c759_0001,/home/zhenyusen/MIP-quantum/data/miplib_benders/qaoa_problems/nvars_07/supportcase6_ds_qaoa_c745_c747_c759_0001.json,7,3,8,2097152,qaoa,feasible,32.7999017899856,150892000.0,"{""B100166(7)"": 0, ""B100594(7)"": 0, ""B100600(7)"": 0, ""B100602(7)"": 0, ""B100608(7)"": 0, ""B100623(7)"": 0, ""B101029(7)"": 1}",33.16758729610592,1743.6640625,
qaoa_feasible_benchmark_a100_20260721_162713_qaoa.csv,supportcase6_ds_qaoa_c745_c747_c759_0002,/home/zhenyusen/MIP-quantum/data/miplib_benders/qaoa_problems/nvars_07/supportcase6_ds_qaoa_c745_c747_c759_0002.json,7,3,8,2097152,qaoa,feasible,32.62738161790185,150892000.0,"{""B100594(7)"": 0, ""B100600(7)"": 0, ""B100602(7)"": 0, ""B100608(7)"": 0, ""B100623(7)"": 0, ""B101029(7)"": 1, ""B101035(7)"": 0}",33.01372886705212,1719.79296875,
qaoa_feasible_benchmark_a100_20260721_162713_qaoa.csv,supportcase6_ds_qaoa_c747_c759_0001,/home/zhenyusen/MIP-quantum/data/miplib_benders/qaoa_problems/nvars_07/supportcase6_ds_qaoa_c747_c759_0001.json,7,2,8,2097152,qaoa,feasible,32.49937936197966,150892000.0,"{""B100166(7)"": 0, ""B100594(7)"": 0, ""B100600(7)"": 0, ""B100602(7)"": 0, ""B100608(7)"": 0, ""B100623(7)"": 0, ""B101029(7)"": 1}",32.85792522295378,1903.78515625,
qaoa_feasible_benchmark_a100_20260721_162713_qaoa.csv,supportcase6_ds_qaoa_c747_c759_0002,/home/zhenyusen/MIP-quantum/data/miplib_benders/qaoa_problems/nvars_07/supportcase6_ds_qaoa_c747_c759_0002.json,7,2,8,2097152,qaoa,feasible,32.430740162031725,150892000.0,"{""B100594(7)"": 0, ""B100600(7)"": 0, ""B100602(7)"": 0, ""B100608(7)"": 0, ""B100623(7)"": 0, ""B101029(7)"": 1, ""B101035(7)"": 0}",32.79817332793027,1915.671875,
qaoa_feasible_benchmark_a100_20260721_162713_qaoa.csv,supportcase6_ds_qaoa_c747_c759_0005,/home/zhenyusen/MIP-quantum/data/miplib_benders/qaoa_problems/nvars_07/supportcase6_ds_qaoa_c747_c759_0005.json,7,2,8,2097152,qaoa,feasible,33.031754412921146,151847000.0,"{""B100608(7)"": 0, ""B100623(7)"": 0, ""B101029(7)"": 0, ""B101035(7)"": 0, ""B101037(7)"": 0, ""B101043(7)"": 0, ""B101058(7)"": 1}",33.38307594996877,1937.671875,
qaoa_feasible_benchmark_a100_20260721_162713_qaoa.csv,supportcase6_ds_qaoa_c747_c759_c762_0001,/home/zhenyusen/MIP-quantum/data/miplib_benders/qaoa_problems/nvars_07/supportcase6_ds_qaoa_c747_c759_c762_0001.json,7,3,8,2097152,qaoa,feasible,32.69987158710137,151847000.0,"{""B100166(7)"": 0, ""B100594(7)"": 0, ""B100600(7)"": 0, ""B100602(7)"": 0, ""B100608(7)"": 0, ""B100623(7)"": 1, ""B101029(7)"": 0}",33.062495085876435,1697.6640625,
qaoa_feasible_benchmark_a100_20260721_162713_qaoa.csv,supportcase6_ds_qaoa_c747_c759_c762_0005,/home/zhenyusen/MIP-quantum/data/miplib_benders/qaoa_problems/nvars_07/supportcase6_ds_qaoa_c747_c759_c762_0005.json,7,3,8,2097152,qaoa,feasible,32.51774715981446,151847000.0,"{""B100608(7)"": 0, ""B100623(7)"": 0, ""B101029(7)"": 0, ""B101035(7)"": 0, ""B101037(7)"": 0, ""B101043(7)"": 0, ""B101058(7)"": 1}",32.86653840285726,1721.6796875,
qaoa_feasible_benchmark_a100_20260721_162713_qaoa.csv,supportcase6_ds_qaoa_c759_c762_0001,/home/zhenyusen/MIP-quantum/data/miplib_benders/qaoa_problems/nvars_07/supportcase6_ds_qaoa_c759_c762_0001.json,7,2,8,2097152,qaoa,feasible,33.26901870011352,296836000.0,"{""B100166(7)"": 0, ""B100594(7)"": 0, ""B100602(7)"": 0, ""B100608(7)"": 0, ""B100623(7)"": 0, ""B101029(7)"": 1, ""B101037(7)"": 1}",33.638694832101464,1947.6640625,
qaoa_feasible_benchmark_a100_20260721_162713_qaoa.csv,supportcase6_ds_qaoa_c759_c762_0002,/home/zhenyusen/MIP-quantum/data/miplib_benders/qaoa_problems/nvars_07/supportcase6_ds_qaoa_c759_c762_0002.json,7,2,8,2097152,qaoa,feasible,33.52270912495442,295779000.0,"{""B100594(7)"": 0, ""B100602(7)"": 0, ""B100608(7)"": 0, ""B100623(7)"": 0, ""B101029(7)"": 1, ""B101037(7)"": 0, ""B101043(7)"": 1}",33.94003875204362,1944.19921875,
qaoa_feasible_benchmark_a100_20260721_162713_qaoa.csv,supportcase6_ds_qaoa_c759_c762_0003,/home/zhenyusen/MIP-quantum/data/miplib_benders/qaoa_problems/nvars_07/supportcase6_ds_qaoa_c759_c762_0003.json,7,2,8,2097152,qaoa,feasible,32.843246426898986,151847000.0,"{""B100602(7)"": 0, ""B100608(7)"": 0, ""B100623(7)"": 0, ""B101029(7)"": 0, ""B101037(7)"": 0, ""B101043(7)"": 0, ""B101058(7)"": 1}",33.24659739807248,1864.16015625,
qaoa_feasible_benchmark_a100_20260721_162713_qaoa.csv,supportcase6_ds_qaoa_c759_c762_0004,/home/zhenyusen/MIP-quantum/data/miplib_benders/qaoa_problems/nvars_07/supportcase6_ds_qaoa_c759_c762_0004.json,7,2,8,2097152,qaoa,feasible,33.71565074613318,151847000.0,"{""B100608(7)"": 0, ""B100623(7)"": 0, ""B101029(7)"": 0, ""B101037(7)"": 0, ""B101043(7)"": 0, ""B101058(7)"": 1, ""B101479(7)"": 0}",34.1267064770218,1934.8828125,
qaoa_feasible_benchmark_a100_20260721_162713_qaoa.csv,ex10_ds_qaoa_NOD26_NOD2X2_0001,/home/zhenyusen/MIP-quantum/data/miplib_benders/qaoa_problems/nvars_08/ex10_ds_qaoa_NOD26_NOD2X2_0001.json,8,2,8,16777216,qaoa,feasible,290.29159009386785,1.0,"{""b26_220"": 0, ""b26_222"": 0, ""b26_223"": 1, ""b26_230"": 0, ""b26_240"": 0, ""b26_241"": 0, ""b26_242"": 0, ""b26_243"": 0}",292.7319470180664,16793.19140625,
qaoa_feasible_benchmark_a100_20260721_162713_qaoa.csv,ex9_ds_qaoa_NOD2X5_NOD37_0004,/home/zhenyusen/MIP-quantum/data/miplib_benders/qaoa_problems/nvars_08/ex9_ds_qaoa_NOD2X5_NOD37_0004.json,8,2,8,16777216,qaoa,feasible,502.2744939380791,1.0,"{""b37_233"": 0, ""b37_240"": 0, ""b37_241"": 0, ""b37_242"": 0, ""b37_243"": 0, ""b37_250"": 0, ""b37_251"": 0, ""b37_252"": 1}",504.59293789509684,16795.6796875,
qaoa_feasible_benchmark_a100_20260721_162713_qaoa.csv,ex9_ds_qaoa_NOD2X5_NOD37_0005,/home/zhenyusen/MIP-quantum/data/miplib_benders/qaoa_problems/nvars_08/ex9_ds_qaoa_NOD2X5_NOD37_0005.json,8,2,8,16777216,qaoa,feasible,459.5549464079086,1.0,"{""b37_240"": 0, ""b37_241"": 0, ""b37_242"": 0, ""b37_243"": 0, ""b37_250"": 0, ""b37_251"": 0, ""b37_252"": 0, ""b37_253"": 1}",460.9639292601496,16793.12109375,
qaoa_feasible_benchmark_a100_20260721_162713_qaoa.csv,ex9_ds_qaoa_NOD2X5_NOD37_0006,/home/zhenyusen/MIP-quantum/data/miplib_benders/qaoa_problems/nvars_08/ex9_ds_qaoa_NOD2X5_NOD37_0006.json,8,2,8,16777216,qaoa,feasible,461.3164705899544,1.0,"{""b37_241"": 0, ""b37_242"": 0, ""b37_243"": 0, ""b37_250"": 0, ""b37_251"": 0, ""b37_252"": 0, ""b37_253"": 1, ""b37_260"": 0}",463.53830909589306,16793.69140625,
qaoa_feasible_benchmark_a100_20260721_162713_qaoa.csv,ex9_ds_qaoa_NOD2X5_NOD37_0007,/home/zhenyusen/MIP-quantum/data/miplib_benders/qaoa_problems/nvars_08/ex9_ds_qaoa_NOD2X5_NOD37_0007.json,8,2,8,16777216,qaoa,feasible,474.7555479540024,1.0,"{""b37_242"": 0, ""b37_243"": 0, ""b37_250"": 0, ""b37_251"": 0, ""b37_252"": 0, ""b37_253"": 1, ""b37_260"": 0, ""b37_261"": 0}",476.97439002408646,16791.90625,
qaoa_feasible_benchmark_a100_20260721_162713_qaoa.csv,highschool1-aigio_ds_qaoa_spreadEventsUB_SpreadEvents1_108_Th_subeventsNotActive_108_1_1_0004,/home/zhenyusen/MIP-quantum/data/miplib_benders/qaoa_problems/nvars_08/highschool1-aigio_ds_qaoa_spreadEventsUB_SpreadEvents1_108_Th_subeventsNotActive_108_1_1_0004.json,8,2,8,16777216,qaoa,feasible,474.44927962194197,0.0,"{""row_slack_spreadEventsUB_SpreadEvents1_108_Th"": 1, ""row_slack_subeventsNotActive_108_1_1"": 0, ""y(108#1#1,Th_4)"": 0, ""y(108#1#1,Th_5)"": 0, ""y(108#1#1,Th_6)"": 0, ""y(108#1#2,Th_4)"": 0, ""y(108#1#2,Th_5)"": 0, ""y(108#1#2,Th_6)"": 0}",476.614996970864,16795.703125,
qaoa_feasible_benchmark_a100_20260721_162713_qaoa.csv,irp_ds_qaoa_R0010_R0015_0001,/home/zhenyusen/MIP-quantum/data/miplib_benders/qaoa_problems/nvars_08/irp_ds_qaoa_R0010_R0015_0001.json,8,2,8,16777216,qaoa,feasible,472.0282539690379,5627280000.0,"{""C16904"": 0, ""C16905"": 0, ""C16906"": 1, ""C16908"": 0, ""C16909"": 0, ""C16910"": 0, ""C16911"": 0, ""C16912"": 0}",474.1581373489462,16793.44140625,
qaoa_feasible_benchmark_a100_20260721_162713_qaoa.csv,irp_ds_qaoa_R0020_R0026_0001,/home/zhenyusen/MIP-quantum/data/miplib_benders/qaoa_problems/nvars_08/irp_ds_qaoa_R0020_R0026_0001.json,8,2,8,16777216,qaoa,feasible,474.013610658003,11700250000.0,"{""C16908"": 0, ""C16909"": 0, ""C16910"": 0, ""C16911"": 0, ""C16912"": 0, ""C16913"": 1, ""C16915"": 0, ""C16916"": 1}",476.2183970059268,16795.67578125,
qaoa_feasible_benchmark_a100_20260721_162713_qaoa.csv,leo1_ds_qaoa_R0000042_R0000043_0003,/home/zhenyusen/MIP-quantum/data/miplib_benders/qaoa_problems/nvars_08/leo1_ds_qaoa_R0000042_R0000043_0003.json,8,2,8,16777216,qaoa,feasible,484.5322139200289,3.0,"{""C0003539"": 0, ""C0003540"": 0, ""C0003541"": 1, ""C0003572"": 0, ""C0003573"": 0, ""C0003574"": 0, ""row_slack_R0000042"": 0, ""row_slack_R0000043"": 0}",486.8052097358741,16791.9609375,
qaoa_feasible_benchmark_a100_20260721_162713_qaoa.csv,leo1_ds_qaoa_R0000043_R0000047_0003,/home/zhenyusen/MIP-quantum/data/miplib_benders/qaoa_problems/nvars_08/leo1_ds_qaoa_R0000043_R0000047_0003.json,8,2,8,16777216,qaoa,feasible,481.1168883750215,6.0,"{""C0003539"": 0, ""C0003540"": 0, ""C0003541"": 0, ""C0003572"": 0, ""C0003573"": 0, ""C0003574"": 1, ""row_slack_R0000043"": 0, ""row_slack_R0000047"": 0}",483.7686239571776,16791.03125,
qaoa_feasible_benchmark_a100_20260721_162713_qaoa.csv,leo1_ds_qaoa_R0000047_R0000048_0003,/home/zhenyusen/MIP-quantum/data/miplib_benders/qaoa_problems/nvars_08/leo1_ds_qaoa_R0000047_R0000048_0003.json,8,2,8,16777216,qaoa,feasible,486.68340325099416,12.0,"{""C0003539"": 0, ""C0003540"": 0, ""C0003541"": 0, ""C0003572"": 0, ""C0003573"": 0, ""C0003574"": 2, ""row_slack_R0000047"": 6, ""row_slack_R0000048"": 3}",488.56721303309314,13720.8671875,
qaoa_feasible_benchmark_a100_20260721_162713_qaoa.csv,neos8_ds_qaoa_R0001_R0002_0001,/home/zhenyusen/MIP-quantum/data/miplib_benders/qaoa_problems/nvars_08/neos8_ds_qaoa_R0001_R0002_0001.json,8,2,8,16777216,qaoa,feasible,486.19504101900384,0.0,"{""C0001"": 0, ""C0002"": 0, ""C0005"": 0, ""C0006"": 0, ""C0009"": 0, ""C0013"": 0, ""row_slack_R0001"": 1, ""row_slack_R0002"": 1}",488.6004367310088,16794.1796875,
qaoa_feasible_benchmark_a100_20260721_162713_qaoa.csv,neos8_ds_qaoa_R0001_R0002_0002,/home/zhenyusen/MIP-quantum/data/miplib_benders/qaoa_problems/nvars_08/neos8_ds_qaoa_R0001_R0002_0002.json,8,2,8,16777216,qaoa,feasible,481.73395318188705,0.0,"{""C0002"": 0, ""C0005"": 0, ""C0006"": 0, ""C0009"": 0, ""C0013"": 0, ""C0014"": 0, ""row_slack_R0001"": 1, ""row_slack_R0002"": 1}",483.88596167997457,16794.27734375,
qaoa_feasible_benchmark_a100_20260721_162713_qaoa.csv,neos8_ds_qaoa_R0001_R0002_0003,/home/zhenyusen/MIP-quantum/data/miplib_benders/qaoa_problems/nvars_08/neos8_ds_qaoa_R0001_R0002_0003.json,8,2,8,16777216,qaoa,feasible,481.25841741706245,0.0,"{""C0005"": 0, ""C0006"": 0, ""C0009"": 0, ""C0013"": 0, ""C0014"": 0, ""C0017"": 0, ""row_slack_R0001"": 1, ""row_slack_R0002"": 1}",483.47860901406966,16793.8359375,
qaoa_feasible_benchmark_a100_20260721_162713_qaoa.csv,neos8_ds_qaoa_R0001_R0002_0004,/home/zhenyusen/MIP-quantum/data/miplib_benders/qaoa_problems/nvars_08/neos8_ds_qaoa_R0001_R0002_0004.json,8,2,8,16777216,qaoa,feasible,476.8609499479644,0.0,"{""C0006"": 0, ""C0009"": 0, ""C0013"": 0, ""C0014"": 0, ""C0017"": 0, ""C0018"": 0, ""row_slack_R0001"": 1, ""row_slack_R0002"": 1}",479.0561632721219,16795.6953125,
qaoa_feasible_benchmark_a100_20260721_162713_qaoa.csv,neos8_ds_qaoa_R0001_R0002_0005,/home/zhenyusen/MIP-quantum/data/miplib_benders/qaoa_problems/nvars_08/neos8_ds_qaoa_R0001_R0002_0005.json,8,2,8,16777216,qaoa,feasible,480.64316957094707,0.0,"{""C0009"": 0, ""C0013"": 0, ""C0014"": 0, ""C0017"": 0, ""C0018"": 0, ""C0022"": 0, ""row_slack_R0001"": 1, ""row_slack_R0002"": 1}",482.8758028089069,16792.43359375,
qaoa_feasible_benchmark_a100_20260721_162713_qaoa.csv,neos8_ds_qaoa_R0001_R0002_0006,/home/zhenyusen/MIP-quantum/data/miplib_benders/qaoa_problems/nvars_08/neos8_ds_qaoa_R0001_R0002_0006.json,8,2,8,16777216,qaoa,feasible,483.4643934611231,0.0,"{""C0013"": 0, ""C0014"": 0, ""C0017"": 0, ""C0018"": 0, ""C0022"": 0, ""C0023"": 0, ""row_slack_R0001"": 1, ""row_slack_R0002"": 1}",485.60724662500434,16795.72265625,
qaoa_feasible_benchmark_a100_20260721_162713_qaoa.csv,neos8_ds_qaoa_R0001_R0002_0007,/home/zhenyusen/MIP-quantum/data/miplib_benders/qaoa_problems/nvars_08/neos8_ds_qaoa_R0001_R0002_0007.json,8,2,8,16777216,qaoa,feasible,479.44384934403934,0.0,"{""C0014"": 0, ""C0017"": 0, ""C0018"": 0, ""C0022"": 0, ""C0023"": 0, ""C0024"": 0, ""row_slack_R0001"": 1, ""row_slack_R0002"": 1}",481.54668828006834,16792.26171875,
qaoa_feasible_benchmark_a100_20260721_162713_qaoa.csv,neos8_ds_qaoa_R0001_R0002_0008,/home/zhenyusen/MIP-quantum/data/miplib_benders/qaoa_problems/nvars_08/neos8_ds_qaoa_R0001_R0002_0008.json,8,2,8,16777216,qaoa,feasible,476.9058379291091,0.0,"{""C0017"": 0, ""C0018"": 0, ""C0022"": 0, ""C0023"": 0, ""C0024"": 0, ""C0025"": 0, ""row_slack_R0001"": 1, ""row_slack_R0002"": 1}",479.19817434088327,16793.0390625,
qaoa_feasible_benchmark_a100_20260721_162713_qaoa.csv,neos8_ds_qaoa_R0001_R0002_0009,/home/zhenyusen/MIP-quantum/data/miplib_benders/qaoa_problems/nvars_08/neos8_ds_qaoa_R0001_R0002_0009.json,8,2,8,16777216,qaoa,feasible,484.5472040101886,0.0,"{""C0018"": 0, ""C0022"": 0, ""C0023"": 0, ""C0024"": 0, ""C0025"": 0, ""C0026"": 0, ""row_slack_R0001"": 1, ""row_slack_R0002"": 1}",486.65227198204957,16794.33984375,
qaoa_feasible_benchmark_a100_20260721_162713_qaoa.csv,neos8_ds_qaoa_R0001_R0002_R0003_0001,/home/zhenyusen/MIP-quantum/data/miplib_benders/qaoa_problems/nvars_08/neos8_ds_qaoa_R0001_R0002_R0003_0001.json,8,3,8,16777216,qaoa,feasible,480.3037638349924,0.0,"{""C0001"": 0, ""C0002"": 0, ""C0005"": 0, ""C0006"": 0, ""C0009"": 0, ""row_slack_R0001"": 1, ""row_slack_R0002"": 1, ""row_slack_R0003"": 1}",482.3738208701834,15255.6796875,
qaoa_feasible_benchmark_a100_20260721_162713_qaoa.csv,neos8_ds_qaoa_R0001_R0002_R0003_0002,/home/zhenyusen/MIP-quantum/data/miplib_benders/qaoa_problems/nvars_08/neos8_ds_qaoa_R0001_R0002_R0003_0002.json,8,3,8,16777216,qaoa,feasible,483.04974322998896,0.0,"{""C0002"": 0, ""C0005"": 0, ""C0006"": 0, ""C0009"": 0, ""C0013"": 0, ""row_slack_R0001"": 1, ""row_slack_R0002"": 1, ""row_slack_R0003"": 1}",485.16131056891754,15257.7109375,
qaoa_feasible_benchmark_a100_20260721_162713_qaoa.csv,neos8_ds_qaoa_R0001_R0002_R0003_0003,/home/zhenyusen/MIP-quantum/data/miplib_benders/qaoa_problems/nvars_08/neos8_ds_qaoa_R0001_R0002_R0003_0003.json,8,3,8,16777216,qaoa,feasible,478.7058080157731,0.0,"{""C0005"": 0, ""C0006"": 0, ""C0009"": 0, ""C0013"": 0, ""C0014"": 0, ""row_slack_R0001"": 1, ""row_slack_R0002"": 1, ""row_slack_R0003"": 1}",480.78711879695766,15255.515625,
qaoa_feasible_benchmark_a100_20260721_162713_qaoa.csv,neos8_ds_qaoa_R0001_R0002_R0003_0004,/home/zhenyusen/MIP-quantum/data/miplib_benders/qaoa_problems/nvars_08/neos8_ds_qaoa_R0001_R0002_R0003_0004.json,8,3,8,16777216,qaoa,feasible,479.32033542799763,0.0,"{""C0006"": 0, ""C0009"": 0, ""C0013"": 0, ""C0014"": 0, ""C0017"": 0, ""row_slack_R0001"": 1, ""row_slack_R0002"": 1, ""row_slack_R0003"": 1}",481.5902792599518,15256.578125,
qaoa_feasible_benchmark_a100_20260721_162713_qaoa.csv,neos8_ds_qaoa_R0001_R0002_R0003_0005,/home/zhenyusen/MIP-quantum/data/miplib_benders/qaoa_problems/nvars_08/neos8_ds_qaoa_R0001_R0002_R0003_0005.json,8,3,8,16777216,qaoa,feasible,469.3909414978698,0.0,"{""C0009"": 0, ""C0013"": 0, ""C0014"": 0, ""C0017"": 0, ""C0018"": 0, ""row_slack_R0001"": 1, ""row_slack_R0002"": 1, ""row_slack_R0003"": 1}",471.33738180203363,15254.91015625,
qaoa_feasible_benchmark_a100_20260721_162713_qaoa.csv,neos8_ds_qaoa_R0001_R0002_R0003_0006,/home/zhenyusen/MIP-quantum/data/miplib_benders/qaoa_problems/nvars_08/neos8_ds_qaoa_R0001_R0002_R0003_0006.json,8,3,8,16777216,qaoa,feasible,476.9933503391221,0.0,"{""C0013"": 0, ""C0014"": 0, ""C0017"": 0, ""C0018"": 0, ""C0022"": 0, ""row_slack_R0001"": 1, ""row_slack_R0002"": 1, ""row_slack_R0003"": 1}",478.767874808982,15256.6875,
qaoa_feasible_benchmark_a100_20260721_162713_qaoa.csv,neos8_ds_qaoa_R0002_R0003_0001,/home/zhenyusen/MIP-quantum/data/miplib_benders/qaoa_problems/nvars_08/neos8_ds_qaoa_R0002_R0003_0001.json,8,2,8,16777216,qaoa,feasible,472.15031667007133,0.0,"{""C0001"": 0, ""C0002"": 0, ""C0005"": 0, ""C0006"": 0, ""C0009"": 0, ""C0013"": 0, ""row_slack_R0002"": 1, ""row_slack_R0003"": 1}",474.05624166689813,16791.8671875,
qaoa_feasible_benchmark_a100_20260721_162713_qaoa.csv,neos8_ds_qaoa_R0002_R0003_0002,/home/zhenyusen/MIP-quantum/data/miplib_benders/qaoa_problems/nvars_08/neos8_ds_qaoa_R0002_R0003_0002.json,8,2,8,16777216,qaoa,feasible,474.4677081601694,0.0,"{""C0002"": 0, ""C0005"": 0, ""C0006"": 0, ""C0009"": 0, ""C0013"": 0, ""C0014"": 0, ""row_slack_R0002"": 1, ""row_slack_R0003"": 1}",476.40099459397607,16795.6875,
qaoa_feasible_benchmark_a100_20260721_162713_qaoa.csv,neos8_ds_qaoa_R0002_R0003_0003,/home/zhenyusen/MIP-quantum/data/miplib_benders/qaoa_problems/nvars_08/neos8_ds_qaoa_R0002_R0003_0003.json,8,2,8,16777216,qaoa,feasible,479.161849393975,0.0,"{""C0005"": 0, ""C0006"": 0, ""C0009"": 0, ""C0013"": 0, ""C0014"": 0, ""C0017"": 0, ""row_slack_R0002"": 1, ""row_slack_R0003"": 1}",481.0939330498222,16796.9765625,
qaoa_feasible_benchmark_a100_20260721_162713_qaoa.csv,neos8_ds_qaoa_R0002_R0003_0004,/home/zhenyusen/MIP-quantum/data/miplib_benders/qaoa_problems/nvars_08/neos8_ds_qaoa_R0002_R0003_0004.json,8,2,8,16777216,qaoa,feasible,472.095171275083,0.0,"{""C0006"": 0, ""C0009"": 0, ""C0013"": 0, ""C0014"": 0, ""C0017"": 0, ""C0018"": 0, ""row_slack_R0002"": 1, ""row_slack_R0003"": 1}",474.0916206308175,16793.68359375,
qaoa_feasible_benchmark_a100_20260721_162713_qaoa.csv,neos8_ds_qaoa_R0002_R0003_0005,/home/zhenyusen/MIP-quantum/data/miplib_benders/qaoa_problems/nvars_08/neos8_ds_qaoa_R0002_R0003_0005.json,8,2,8,16777216,qaoa,feasible,475.56175690703094,0.0,"{""C0009"": 0, ""C0013"": 0, ""C0014"": 0, ""C0017"": 0, ""C0018"": 0, ""C0022"": 0, ""row_slack_R0002"": 1, ""row_slack_R0003"": 1}",477.5375001882203,16795.6875,
qaoa_feasible_benchmark_a100_20260721_162713_qaoa.csv,neos8_ds_qaoa_R0002_R0003_0006,/home/zhenyusen/MIP-quantum/data/miplib_benders/qaoa_problems/nvars_08/neos8_ds_qaoa_R0002_R0003_0006.json,8,2,8,16777216,qaoa,feasible,475.6538900041487,0.0,"{""C0013"": 0, ""C0014"": 0, ""C0017"": 0, ""C0018"": 0, ""C0022"": 0, ""C0023"": 0, ""row_slack_R0002"": 1, ""row_slack_R0003"": 1}",477.60941618611105,16793.15625,
qaoa_feasible_benchmark_a100_20260721_162713_qaoa.csv,neos8_ds_qaoa_R0002_R0003_R0004_0001,/home/zhenyusen/MIP-quantum/data/miplib_benders/qaoa_problems/nvars_08/neos8_ds_qaoa_R0002_R0003_R0004_0001.json,8,3,8,16777216,qaoa,feasible,487.69323608791456,0.0,"{""C0001"": 0, ""C0002"": 0, ""C0005"": 0, ""C0006"": 0, ""C0009"": 0, ""row_slack_R0002"": 1, ""row_slack_R0003"": 1, ""row_slack_R0004"": 1}",489.77046857611276,15248.42578125,
qaoa_feasible_benchmark_a100_20260721_162713_qaoa.csv,neos8_ds_qaoa_R0002_R0003_R0004_0002,/home/zhenyusen/MIP-quantum/data/miplib_benders/qaoa_problems/nvars_08/neos8_ds_qaoa_R0002_R0003_R0004_0002.json,8,3,8,16777216,qaoa,feasible,472.09939005505294,0.0,"{""C0002"": 0, ""C0005"": 0, ""C0006"": 0, ""C0009"": 0, ""C0013"": 0, ""row_slack_R0002"": 1, ""row_slack_R0003"": 1, ""row_slack_R0004"": 1}",473.98446694295853,15256.765625,
qaoa_feasible_benchmark_a100_20260721_162713_qaoa.csv,neos8_ds_qaoa_R0002_R0003_R0004_0003,/home/zhenyusen/MIP-quantum/data/miplib_benders/qaoa_problems/nvars_08/neos8_ds_qaoa_R0002_R0003_R0004_0003.json,8,3,8,16777216,qaoa,feasible,486.0139093929902,0.0,"{""C0005"": 0, ""C0006"": 0, ""C0009"": 0, ""C0013"": 0, ""C0014"": 0, ""row_slack_R0002"": 1, ""row_slack_R0003"": 1, ""row_slack_R0004"": 1}",488.2128631498199,15256.9609375,
qaoa_feasible_benchmark_a100_20260721_162713_qaoa.csv,neos8_ds_qaoa_R0002_R0003_R0004_0004,/home/zhenyusen/MIP-quantum/data/miplib_benders/qaoa_problems/nvars_08/neos8_ds_qaoa_R0002_R0003_R0004_0004.json,8,3,8,16777216,qaoa,feasible,466.90637858305126,0.0,"{""C0006"": 0, ""C0009"": 0, ""C0013"": 0, ""C0014"": 0, ""C0017"": 0, ""row_slack_R0002"": 1, ""row_slack_R0003"": 1, ""row_slack_R0004"": 1}",468.22854638285935,15256.60546875,
qaoa_feasible_benchmark_a100_20260721_162713_qaoa.csv,neos8_ds_qaoa_R0003_R0004_0001,/home/zhenyusen/MIP-quantum/data/miplib_benders/qaoa_problems/nvars_08/neos8_ds_qaoa_R0003_R0004_0001.json,8,2,8,16777216,qaoa,feasible,433.544002229115,0.0,"{""C0001"": 0, ""C0002"": 0, ""C0005"": 0, ""C0006"": 0, ""C0009"": 0, ""C0013"": 0, ""row_slack_R0003"": 1, ""row_slack_R0004"": 1}",435.13167536607943,16792.51953125,
qaoa_feasible_benchmark_a100_20260721_162713_qaoa.csv,neos8_ds_qaoa_R0003_R0004_0002,/home/zhenyusen/MIP-quantum/data/miplib_benders/qaoa_problems/nvars_08/neos8_ds_qaoa_R0003_R0004_0002.json,8,2,8,16777216,qaoa,feasible,447.55940924189053,0.0,"{""C0002"": 0, ""C0005"": 0, ""C0006"": 0, ""C0009"": 0, ""C0013"": 0, ""C0014"": 0, ""row_slack_R0003"": 1, ""row_slack_R0004"": 1}",450.03207942307927,16795.01171875,
qaoa_feasible_benchmark_a100_20260721_162713_qaoa.csv,neos8_ds_qaoa_R0003_R0004_0003,/home/zhenyusen/MIP-quantum/data/miplib_benders/qaoa_problems/nvars_08/neos8_ds_qaoa_R0003_R0004_0003.json,8,2,8,16777216,qaoa,feasible,474.5414655720815,0.0,"{""C0005"": 0, ""C0006"": 0, ""C0009"": 0, ""C0013"": 0, ""C0014"": 0, ""C0022"": 0, ""row_slack_R0003"": 1, ""row_slack_R0004"": 1}",477.1773638811428,16796.28125,
qaoa_feasible_benchmark_a100_20260721_162713_qaoa.csv,neos8_ds_qaoa_R0003_R0004_0004,/home/zhenyusen/MIP-quantum/data/miplib_benders/qaoa_problems/nvars_08/neos8_ds_qaoa_R0003_R0004_0004.json,8,2,8,16777216,qaoa,feasible,443.2191164379474,0.0,"{""C0006"": 0, ""C0009"": 0, ""C0013"": 0, ""C0014"": 0, ""C0022"": 0, ""C0023"": 0, ""row_slack_R0003"": 1, ""row_slack_R0004"": 1}",445.3846950700972,16790.5703125,
qaoa_feasible_benchmark_a100_20260721_162713_qaoa.csv,neos8_ds_qaoa_R0003_R0004_0005,/home/zhenyusen/MIP-quantum/data/miplib_benders/qaoa_problems/nvars_08/neos8_ds_qaoa_R0003_R0004_0005.json,8,2,8,16777216,qaoa,feasible,461.2022257479839,0.0,"{""C0009"": 0, ""C0013"": 0, ""C0014"": 0, ""C0022"": 0, ""C0023"": 0, ""C0024"": 0, ""row_slack_R0003"": 1, ""row_slack_R0004"": 1}",463.8771856869571,16792.890625,
qaoa_feasible_benchmark_a100_20260721_162713_qaoa.csv,neos8_ds_qaoa_R0003_R0004_0006,/home/zhenyusen/MIP-quantum/data/miplib_benders/qaoa_problems/nvars_08/neos8_ds_qaoa_R0003_R0004_0006.json,8,2,8,16777216,qaoa,feasible,348.65650240588,0.0,"{""C0013"": 0, ""C0014"": 0, ""C0022"": 0, ""C0023"": 0, ""C0024"": 0, ""C0025"": 0, ""row_slack_R0003"": 1, ""row_slack_R0004"": 1}",351.05006597796455,16791.71875,
qaoa_feasible_benchmark_a100_20260721_162713_qaoa.csv,neos8_ds_qaoa_R0003_R0004_R0065_0002,/home/zhenyusen/MIP-quantum/data/miplib_benders/qaoa_problems/nvars_08/neos8_ds_qaoa_R0003_R0004_R0065_0002.json,8,3,8,16777216,qaoa,feasible,495.65294664818794,0.0,"{""C0002"": 0, ""C0005"": 0, ""C0006"": 0, ""C0009"": 0, ""C0013"": 0, ""row_slack_R0003"": 1, ""row_slack_R0004"": 1, ""row_slack_R0065"": 0}",497.9972240240313,15256.60546875,
qaoa_feasible_benchmark_a100_20260721_162713_qaoa.csv,neos8_ds_qaoa_R0003_R0004_R0065_0003,/home/zhenyusen/MIP-quantum/data/miplib_benders/qaoa_problems/nvars_08/neos8_ds_qaoa_R0003_R0004_R0065_0003.json,8,3,8,16777216,qaoa,feasible,422.99133616196923,0.0,"{""C0005"": 0, ""C0006"": 0, ""C0009"": 0, ""C0013"": 0, ""C0014"": 0, ""row_slack_R0003"": 1, ""row_slack_R0004"": 1, ""row_slack_R0065"": 0}",425.2111065539066,15259.7109375,
qaoa_feasible_benchmark_a100_20260721_162713_qaoa.csv,neos8_ds_qaoa_R0003_R0004_R0065_0004,/home/zhenyusen/MIP-quantum/data/miplib_benders/qaoa_problems/nvars_08/neos8_ds_qaoa_R0003_R0004_R0065_0004.json,8,3,8,16777216,qaoa,feasible,410.94943535816856,0.0,"{""C0006"": 0, ""C0009"": 0, ""C0013"": 0, ""C0014"": 0, ""C0017"": 0, ""row_slack_R0003"": 1, ""row_slack_R0004"": 1, ""row_slack_R0065"": 0}",413.71451222896576,15261.6328125,
qaoa_feasible_benchmark_a100_20260721_162713_qaoa.csv,neos8_ds_qaoa_R0004_R0065_0001,/home/zhenyusen/MIP-quantum/data/miplib_benders/qaoa_problems/nvars_08/neos8_ds_qaoa_R0004_R0065_0001.json,8,2,8,16777216,qaoa,feasible,395.35917684598826,0.0,"{""C0001"": 0, ""C0002"": 0, ""C0005"": 0, ""C0006"": 0, ""C0009"": 0, ""C0013"": 0, ""row_slack_R0004"": 1, ""row_slack_R0065"": 0}",398.32550014485605,16793.05859375,
qaoa_feasible_benchmark_a100_20260721_162713_qaoa.csv,neos8_ds_qaoa_R0004_R0065_0002,/home/zhenyusen/MIP-quantum/data/miplib_benders/qaoa_problems/nvars_08/neos8_ds_qaoa_R0004_R0065_0002.json,8,2,8,16777216,qaoa,feasible,415.02740479493514,0.0,"{""C0002"": 0, ""C0005"": 0, ""C0006"": 0, ""C0009"": 0, ""C0013"": 0, ""C0014"": 0, ""row_slack_R0004"": 1, ""row_slack_R0065"": 0}",417.9032923330087,16795.80859375,
qaoa_feasible_benchmark_a100_20260721_162713_qaoa.csv,neos8_ds_qaoa_R0004_R0065_0003,/home/zhenyusen/MIP-quantum/data/miplib_benders/qaoa_problems/nvars_08/neos8_ds_qaoa_R0004_R0065_0003.json,8,2,8,16777216,qaoa,feasible,425.0927635310218,0.0,"{""C0005"": 0, ""C0006"": 0, ""C0009"": 0, ""C0013"": 0, ""C0014"": 0, ""C0017"": 0, ""row_slack_R0004"": 1, ""row_slack_R0065"": 0}",427.8419857060071,16793.7109375,
qaoa_feasible_benchmark_a100_20260721_162713_qaoa.csv,neos8_ds_qaoa_R0004_R0065_0004,/home/zhenyusen/MIP-quantum/data/miplib_benders/qaoa_problems/nvars_08/neos8_ds_qaoa_R0004_R0065_0004.json,8,2,8,16777216,qaoa,feasible,420.73963135899976,0.0,"{""C0006"": 0, ""C0009"": 0, ""C0013"": 0, ""C0014"": 0, ""C0017"": 0, ""C0018"": 0, ""row_slack_R0004"": 1, ""row_slack_R0065"": 0}",423.5627859979868,16794.89453125,
qaoa_feasible_benchmark_a100_20260721_162713_qaoa.csv,neos8_ds_qaoa_R0004_R0065_0005,/home/zhenyusen/MIP-quantum/data/miplib_benders/qaoa_problems/nvars_08/neos8_ds_qaoa_R0004_R0065_0005.json,8,2,8,16777216,qaoa,feasible,423.6247869420331,0.0,"{""C0009"": 0, ""C0013"": 0, ""C0014"": 0, ""C0017"": 0, ""C0018"": 0, ""C0022"": 0, ""row_slack_R0004"": 1, ""row_slack_R0065"": 0}",426.5818824439775,16794.3515625,
qaoa_feasible_benchmark_a100_20260721_162713_qaoa.csv,neos8_ds_qaoa_R0004_R0065_0008,/home/zhenyusen/MIP-quantum/data/miplib_benders/qaoa_problems/nvars_08/neos8_ds_qaoa_R0004_R0065_0008.json,8,2,8,16777216,qaoa,feasible,423.25020894780755,0.0,"{""C0017"": 0, ""C0018"": 0, ""C0022"": 0, ""C0023"": 0, ""C0024"": 0, ""C0025"": 0, ""row_slack_R0004"": 1, ""row_slack_R0065"": 0}",426.2024021430407,16790.15234375,
qaoa_feasible_benchmark_a100_20260721_162713_qaoa.csv,neos8_ds_qaoa_R0004_R0065_0009,/home/zhenyusen/MIP-quantum/data/miplib_benders/qaoa_problems/nvars_08/neos8_ds_qaoa_R0004_R0065_0009.json,8,2,8,16777216,qaoa,feasible,420.68197181099094,0.0,"{""C0018"": 0, ""C0022"": 0, ""C0023"": 0, ""C0024"": 0, ""C0025"": 0, ""C0026"": 0, ""row_slack_R0004"": 1, ""row_slack_R0065"": 0}",423.99719682801515,16794.22265625,
qaoa_feasible_benchmark_a100_20260721_162713_qaoa.csv,supportcase6_ds_qaoa_c539_c722_0007,/home/zhenyusen/MIP-quantum/data/miplib_benders/qaoa_problems/nvars_08/supportcase6_ds_qaoa_c539_c722_0007.json,8,2,8,16777216,qaoa,feasible,438.50569198606536,151847000.0,"{""B101029(7)"": 0, ""B101035(7)"": 0, ""B101037(7)"": 0, ""B101043(7)"": 0, ""B101058(7)"": 1, ""B101479(7)"": 0, ""B101485(7)"": 0, ""B101487(7)"": 0}",441.7987563840579,16796.6796875,
qaoa_feasible_benchmark_a100_20260721_162713_qaoa.csv,supportcase6_ds_qaoa_c539_c722_c726_0007,/home/zhenyusen/MIP-quantum/data/miplib_benders/qaoa_problems/nvars_08/supportcase6_ds_qaoa_c539_c722_c726_0007.json,8,3,8,16777216,qaoa,feasible,418.5430273078382,151847000.0,"{""B101029(7)"": 0, ""B101035(7)"": 0, ""B101037(7)"": 0, ""B101043(7)"": 0, ""B101058(7)"": 1, ""B101479(7)"": 0, ""B101485(7)"": 0, ""B101487(7)"": 0}",421.56163034401834,15259.7109375,
qaoa_feasible_benchmark_a100_20260721_162713_qaoa.csv,supportcase6_ds_qaoa_c722_c726_0001,/home/zhenyusen/MIP-quantum/data/miplib_benders/qaoa_problems/nvars_08/supportcase6_ds_qaoa_c722_c726_0001.json,8,2,8,16777216,qaoa,feasible,419.35924085602164,134333000.0,"{""B100166(7)"": 0, ""B100594(7)"": 0, ""B100600(7)"": 0, ""B100602(7)"": 0, ""B100608(7)"": 0, ""B100623(7)"": 0, ""B101029(7)"": 0, ""B101035(7)"": 1}",422.05469453684054,16795.69140625,
qaoa_feasible_benchmark_a100_20260721_162713_qaoa.csv,supportcase6_ds_qaoa_c722_c726_0002,/home/zhenyusen/MIP-quantum/data/miplib_benders/qaoa_problems/nvars_08/supportcase6_ds_qaoa_c722_c726_0002.json,8,2,8,16777216,qaoa,feasible,288.52467854786664,145944000.0,"{""B100594(7)"": 0, ""B100600(7)"": 0, ""B100602(7)"": 0, ""B100608(7)"": 0, ""B100623(7)"": 0, ""B101029(7)"": 0, ""B101035(7)"": 0, ""B101037(7)"": 1}",289.80213700211607,16795.6875,
qaoa_feasible_benchmark_a100_20260721_162713_qaoa.csv,supportcase6_ds_qaoa_c722_c726_0003,/home/zhenyusen/MIP-quantum/data/miplib_benders/qaoa_problems/nvars_08/supportcase6_ds_qaoa_c722_c726_0003.json,8,2,8,16777216,qaoa,feasible,293.6269304170273,145944000.0,"{""B100600(7)"": 0, ""B100602(7)"": 0, ""B100608(7)"": 0, ""B100623(7)"": 0, ""B101029(7)"": 0, ""B101035(7)"": 0, ""B101037(7)"": 1, ""B101043(7)"": 0}",294.79642659798265,16795.7890625,
qaoa_feasible_benchmark_a100_20260721_162713_qaoa.csv,supportcase6_ds_qaoa_c722_c726_0004,/home/zhenyusen/MIP-quantum/data/miplib_benders/qaoa_problems/nvars_08/supportcase6_ds_qaoa_c722_c726_0004.json,8,2,8,16777216,qaoa,feasible,260.7414667161647,151847000.0,"{""B100602(7)"": 0, ""B100608(7)"": 0, ""B100623(7)"": 0, ""B101029(7)"": 0, ""B101035(7)"": 0, ""B101037(7)"": 0, ""B101043(7)"": 0, ""B101058(7)"": 1}",262.21001314907335,16795.69140625,
qaoa_feasible_benchmark_a100_20260721_162713_qaoa.csv,supportcase6_ds_qaoa_c722_c726_0005,/home/zhenyusen/MIP-quantum/data/miplib_benders/qaoa_problems/nvars_08/supportcase6_ds_qaoa_c722_c726_0005.json,8,2,8,16777216,qaoa,feasible,404.8229964650236,150892000.0,"{""B100608(7)"": 0, ""B100623(7)"": 0, ""B101029(7)"": 0, ""B101035(7)"": 0, ""B101037(7)"": 0, ""B101043(7)"": 0, ""B101058(7)"": 0, ""B101479(7)"": 1}",407.40497539099306,16795.8046875,
qaoa_feasible_benchmark_a100_20260721_162713_qaoa.csv,supportcase6_ds_qaoa_c722_c726_c733_0001,/home/zhenyusen/MIP-quantum/data/miplib_benders/qaoa_problems/nvars_08/supportcase6_ds_qaoa_c722_c726_c733_0001.json,8,3,8,16777216,qaoa,feasible,462.1797374461312,134333000.0,"{""B100166(7)"": 0, ""B100594(7)"": 0, ""B100600(7)"": 0, ""B100602(7)"": 0, ""B100608(7)"": 0, ""B100623(7)"": 0, ""B101029(7)"": 0, ""B101035(7)"": 1}",464.1293116728775,15254.34765625,
qaoa_feasible_benchmark_a100_20260721_162713_qaoa.csv,supportcase6_ds_qaoa_c722_c726_c733_0002,/home/zhenyusen/MIP-quantum/data/miplib_benders/qaoa_problems/nvars_08/supportcase6_ds_qaoa_c722_c726_c733_0002.json,8,3,8,16777216,qaoa,feasible,344.9696523521561,134333000.0,"{""B100594(7)"": 0, ""B100600(7)"": 0, ""B100602(7)"": 0, ""B100608(7)"": 0, ""B100623(7)"": 0, ""B101029(7)"": 0, ""B101035(7)"": 1, ""B101037(7)"": 0}",346.3689295758959,15259.6875,
qaoa_feasible_benchmark_a100_20260721_162713_qaoa.csv,supportcase6_ds_qaoa_c722_c726_c733_0003,/home/zhenyusen/MIP-quantum/data/miplib_benders/qaoa_problems/nvars_08/supportcase6_ds_qaoa_c722_c726_c733_0003.json,8,3,8,16777216,qaoa,feasible,424.415445887018,134333000.0,"{""B100600(7)"": 0, ""B100602(7)"": 0, ""B100608(7)"": 0, ""B100623(7)"": 0, ""B101029(7)"": 0, ""B101035(7)"": 1, ""B101037(7)"": 0, ""B101043(7)"": 0}",426.3957125598099,15259.6796875,
qaoa_feasible_benchmark_a100_20260721_162713_qaoa.csv,supportcase6_ds_qaoa_c726_c733_0001,/home/zhenyusen/MIP-quantum/data/miplib_benders/qaoa_problems/nvars_08/supportcase6_ds_qaoa_c726_c733_0001.json,8,2,8,16777216,qaoa,feasible,456.4234367851168,134333000.0,"{""B100166(7)"": 0, ""B100594(7)"": 0, ""B100600(7)"": 0, ""B100602(7)"": 0, ""B100608(7)"": 0, ""B100623(7)"": 0, ""B101029(7)"": 0, ""B101035(7)"": 1}",458.52525054081343,16791.1484375,
qaoa_feasible_benchmark_a100_20260721_162713_qaoa.csv,supportcase6_ds_qaoa_c726_c733_0002,/home/zhenyusen/MIP-quantum/data/miplib_benders/qaoa_problems/nvars_08/supportcase6_ds_qaoa_c726_c733_0002.json,8,2,8,16777216,qaoa,feasible,453.9576286619995,134333000.0,"{""B100594(7)"": 0, ""B100600(7)"": 0, ""B100602(7)"": 0, ""B100608(7)"": 0, ""B100623(7)"": 0, ""B101029(7)"": 0, ""B101035(7)"": 1, ""B101037(7)"": 0}",455.97010529087856,16795.69921875,
qaoa_feasible_benchmark_a100_20260721_162713_qaoa.csv,supportcase6_ds_qaoa_c726_c733_0003,/home/zhenyusen/MIP-quantum/data/miplib_benders/qaoa_problems/nvars_08/supportcase6_ds_qaoa_c726_c733_0003.json,8,2,8,16777216,qaoa,feasible,455.5162200361956,290831000.0,"{""B100600(7)"": 0, ""B100602(7)"": 0, ""B100608(7)"": 0, ""B100623(7)"": 0, ""B101029(7)"": 0, ""B101035(7)"": 0, ""B101037(7)"": 1, ""B101043(7)"": 1}",457.60963655100204,16795.69921875,
qaoa_feasible_benchmark_a100_20260721_162713_qaoa.csv,supportcase6_ds_qaoa_c726_c733_0004,/home/zhenyusen/MIP-quantum/data/miplib_benders/qaoa_problems/nvars_08/supportcase6_ds_qaoa_c726_c733_0004.json,8,2,8,16777216,qaoa,feasible,456.8491685062181,296734000.0,"{""B100602(7)"": 0, ""B100608(7)"": 0, ""B100623(7)"": 0, ""B101029(7)"": 0, ""B101035(7)"": 0, ""B101037(7)"": 0, ""B101043(7)"": 1, ""B101058(7)"": 1}",458.5283846841194,16793.4375,
qaoa_feasible_benchmark_a100_20260721_162713_qaoa.csv,supportcase6_ds_qaoa_c726_c733_0005,/home/zhenyusen/MIP-quantum/data/miplib_benders/qaoa_problems/nvars_08/supportcase6_ds_qaoa_c726_c733_0005.json,8,2,8,16777216,qaoa,feasible,451.4661343500484,295779000.0,"{""B100608(7)"": 0, ""B100623(7)"": 0, ""B101029(7)"": 0, ""B101035(7)"": 0, ""B101037(7)"": 0, ""B101043(7)"": 1, ""B101058(7)"": 0, ""B101479(7)"": 1}",453.3461632858962,16792.69921875,
qaoa_feasible_benchmark_a100_20260721_162713_qaoa.csv,supportcase6_ds_qaoa_c726_c733_c745_0001,/home/zhenyusen/MIP-quantum/data/miplib_benders/qaoa_problems/nvars_08/supportcase6_ds_qaoa_c726_c733_c745_0001.json,8,3,8,16777216,qaoa,feasible,454.27083189296536,134333000.0,"{""B100166(7)"": 0, ""B100594(7)"": 0, ""B100600(7)"": 0, ""B100602(7)"": 0, ""B100608(7)"": 0, ""B100623(7)"": 0, ""B101029(7)"": 0, ""B101035(7)"": 1}",456.10563198290765,15259.6953125,
qaoa_feasible_benchmark_a100_20260721_162713_qaoa.csv,supportcase6_ds_qaoa_c726_c733_c745_0002,/home/zhenyusen/MIP-quantum/data/miplib_benders/qaoa_problems/nvars_08/supportcase6_ds_qaoa_c726_c733_c745_0002.json,8,3,8,16777216,qaoa,feasible,447.12159648910165,134333000.0,"{""B100594(7)"": 0, ""B100600(7)"": 0, ""B100602(7)"": 0, ""B100608(7)"": 0, ""B100623(7)"": 0, ""B101029(7)"": 0, ""B101035(7)"": 1, ""B101037(7)"": 0}",448.9975407999009,15259.6953125,
qaoa_feasible_benchmark_a100_20260721_162713_qaoa.csv,supportcase6_ds_qaoa_c726_c733_c745_0003,/home/zhenyusen/MIP-quantum/data/miplib_benders/qaoa_problems/nvars_08/supportcase6_ds_qaoa_c726_c733_c745_0003.json,8,3,8,16777216,qaoa,feasible,443.8601381271146,134333000.0,"{""B100600(7)"": 0, ""B100602(7)"": 0, ""B100608(7)"": 0, ""B100623(7)"": 0, ""B101029(7)"": 0, ""B101035(7)"": 1, ""B101037(7)"": 0, ""B101043(7)"": 0}",445.58103239699267,15258.99609375,
qaoa_feasible_benchmark_a100_20260721_162713_qaoa.csv,supportcase6_ds_qaoa_c726_c733_c745_0004,/home/zhenyusen/MIP-quantum/data/miplib_benders/qaoa_problems/nvars_08/supportcase6_ds_qaoa_c726_c733_c745_0004.json,8,3,8,16777216,qaoa,feasible,442.6727675530128,296734000.0,"{""B100602(7)"": 0, ""B100608(7)"": 0, ""B100623(7)"": 0, ""B101029(7)"": 0, ""B101035(7)"": 0, ""B101037(7)"": 0, ""B101043(7)"": 1, ""B101058(7)"": 1}",444.303913122043,15259.703125,
qaoa_feasible_benchmark_a100_20260721_162713_qaoa.csv,supportcase6_ds_qaoa_c726_c733_c745_0005,/home/zhenyusen/MIP-quantum/data/miplib_benders/qaoa_problems/nvars_08/supportcase6_ds_qaoa_c726_c733_c745_0005.json,8,3,8,16777216,qaoa,feasible,446.3736332419794,296734000.0,"{""B100608(7)"": 0, ""B100623(7)"": 0, ""B101029(7)"": 0, ""B101035(7)"": 0, ""B101037(7)"": 0, ""B101043(7)"": 1, ""B101058(7)"": 1, ""B101479(7)"": 0}",448.0800453000702,15256.203125,
qaoa_feasible_benchmark_a100_20260721_162713_qaoa.csv,supportcase6_ds_qaoa_c733_c745_0001,/home/zhenyusen/MIP-quantum/data/miplib_benders/qaoa_problems/nvars_08/supportcase6_ds_qaoa_c733_c745_0001.json,8,2,8,16777216,qaoa,feasible,451.6526776328683,144887000.0,"{""B100594(7)"": 0, ""B100600(7)"": 0, ""B100602(7)"": 0, ""B100608(7)"": 0, ""B101029(7)"": 0, ""B101035(7)"": 0, ""B101037(7)"": 0, ""B101043(7)"": 1}",453.56979934009723,16796.11328125,
qaoa_feasible_benchmark_a100_20260721_162713_qaoa.csv,supportcase6_ds_qaoa_c733_c745_0002,/home/zhenyusen/MIP-quantum/data/miplib_benders/qaoa_problems/nvars_08/supportcase6_ds_qaoa_c733_c745_0002.json,8,2,8,16777216,qaoa,feasible,454.8202189768199,144887000.0,"{""B100600(7)"": 0, ""B100602(7)"": 0, ""B100608(7)"": 0, ""B101029(7)"": 0, ""B101035(7)"": 0, ""B101037(7)"": 0, ""B101043(7)"": 1, ""B101479(7)"": 0}",456.68039549700916,16795.69921875,
qaoa_feasible_benchmark_a100_20260721_162713_qaoa.csv,supportcase6_ds_qaoa_c733_c745_0003,/home/zhenyusen/MIP-quantum/data/miplib_benders/qaoa_problems/nvars_08/supportcase6_ds_qaoa_c733_c745_0003.json,8,2,8,16777216,qaoa,feasible,454.38087669503875,134333000.0,"{""B100602(7)"": 0, ""B100608(7)"": 0, ""B101029(7)"": 0, ""B101035(7)"": 0, ""B101037(7)"": 0, ""B101043(7)"": 0, ""B101479(7)"": 0, ""B101485(7)"": 1}",456.1715285941027,16791.97265625,
qaoa_feasible_benchmark_a100_20260721_162713_qaoa.csv,supportcase6_ds_qaoa_c733_c745_0004,/home/zhenyusen/MIP-quantum/data/miplib_benders/qaoa_problems/nvars_08/supportcase6_ds_qaoa_c733_c745_0004.json,8,2,8,16777216,qaoa,feasible,448.5530178057961,134333000.0,"{""B100608(7)"": 0, ""B101029(7)"": 0, ""B101035(7)"": 0, ""B101037(7)"": 0, ""B101043(7)"": 0, ""B101479(7)"": 0, ""B101485(7)"": 1, ""B101487(7)"": 0}",450.42881108494475,16795.6875,
qaoa_feasible_benchmark_a100_20260721_162713_qaoa.csv,supportcase6_ds_qaoa_c733_c745_c747_0001,/home/zhenyusen/MIP-quantum/data/miplib_benders/qaoa_problems/nvars_08/supportcase6_ds_qaoa_c733_c745_c747_0001.json,8,3,8,16777216,qaoa,feasible,446.7285121199675,134333000.0,"{""B100166(7)"": 0, ""B100594(7)"": 0, ""B100600(7)"": 0, ""B100602(7)"": 0, ""B100608(7)"": 0, ""B100623(7)"": 0, ""B101029(7)"": 0, ""B101035(7)"": 1}",448.3017046400346,15259.484375,
qaoa_feasible_benchmark_a100_20260721_162713_qaoa.csv,supportcase6_ds_qaoa_c733_c745_c747_0002,/home/zhenyusen/MIP-quantum/data/miplib_benders/qaoa_problems/nvars_08/supportcase6_ds_qaoa_c733_c745_c747_0002.json,8,3,8,16777216,qaoa,feasible,456.9757700029295,134333000.0,"{""B100594(7)"": 0, ""B100600(7)"": 0, ""B100602(7)"": 0, ""B100608(7)"": 0, ""B100623(7)"": 0, ""B101029(7)"": 0, ""B101035(7)"": 1, ""B101037(7)"": 0}",459.06564637599513,15253.25390625,
qaoa_feasible_benchmark_a100_20260721_162713_qaoa.csv,supportcase6_ds_qaoa_c733_c745_c747_0003,/home/zhenyusen/MIP-quantum/data/miplib_benders/qaoa_problems/nvars_08/supportcase6_ds_qaoa_c733_c745_c747_0003.json,8,3,8,16777216,qaoa,feasible,438.28484851284884,144887000.0,"{""B100600(7)"": 0, ""B100602(7)"": 0, ""B100608(7)"": 0, ""B100623(7)"": 0, ""B101029(7)"": 0, ""B101035(7)"": 0, ""B101037(7)"": 0, ""B101043(7)"": 1}",439.8293437079992,15255.78515625,
qaoa_feasible_benchmark_a100_20260721_162713_qaoa.csv,supportcase6_ds_qaoa_c733_c745_c747_0004,/home/zhenyusen/MIP-quantum/data/miplib_benders/qaoa_problems/nvars_08/supportcase6_ds_qaoa_c733_c745_c747_0004.json,8,3,8,16777216,qaoa,feasible,405.530331117101,144887000.0,"{""B100602(7)"": 0, ""B100608(7)"": 0, ""B100623(7)"": 0, ""B101029(7)"": 0, ""B101035(7)"": 0, ""B101037(7)"": 0, ""B101043(7)"": 1, ""B101058(7)"": 0}",406.84980507101864,15256.24609375,
qaoa_feasible_benchmark_a100_20260721_162713_qaoa.csv,supportcase6_ds_qaoa_c733_c745_c747_0005,/home/zhenyusen/MIP-quantum/data/miplib_benders/qaoa_problems/nvars_08/supportcase6_ds_qaoa_c733_c745_c747_0005.json,8,3,8,16777216,qaoa,feasible,329.88964849105105,144887000.0,"{""B100608(7)"": 0, ""B100623(7)"": 0, ""B101029(7)"": 0, ""B101035(7)"": 0, ""B101037(7)"": 0, ""B101043(7)"": 1, ""B101058(7)"": 0, ""B101479(7)"": 0}",331.0914733770769,15259.6796875,
qaoa_feasible_benchmark_a100_20260721_162713_qaoa.csv,supportcase6_ds_qaoa_c745_c747_0001,/home/zhenyusen/MIP-quantum/data/miplib_benders/qaoa_problems/nvars_08/supportcase6_ds_qaoa_c745_c747_0001.json,8,2,8,16777216,qaoa,feasible,260.80308246216737,134333000.0,"{""B100166(7)"": 0, ""B100594(7)"": 0, ""B100600(7)"": 0, ""B100602(7)"": 0, ""B100608(7)"": 0, ""B100623(7)"": 0, ""B101029(7)"": 0, ""B101035(7)"": 1}",261.94715392100625,16793.04296875,
qaoa_feasible_benchmark_a100_20260721_162713_qaoa.csv,supportcase6_ds_qaoa_c745_c747_0002,/home/zhenyusen/MIP-quantum/data/miplib_benders/qaoa_problems/nvars_08/supportcase6_ds_qaoa_c745_c747_0002.json,8,2,8,16777216,qaoa,feasible,258.6638830138836,145944000.0,"{""B100594(7)"": 0, ""B100600(7)"": 0, ""B100602(7)"": 0, ""B100608(7)"": 0, ""B100623(7)"": 0, ""B101029(7)"": 0, ""B101035(7)"": 0, ""B101037(7)"": 1}",259.83447891799733,16795.69140625,
qaoa_feasible_benchmark_a100_20260721_162713_qaoa.csv,supportcase6_ds_qaoa_c745_c747_0003,/home/zhenyusen/MIP-quantum/data/miplib_benders/qaoa_problems/nvars_08/supportcase6_ds_qaoa_c745_c747_0003.json,8,2,8,16777216,qaoa,feasible,285.88885882496834,144887000.0,"{""B100600(7)"": 0, ""B100602(7)"": 0, ""B100608(7)"": 0, ""B100623(7)"": 0, ""B101029(7)"": 0, ""B101035(7)"": 0, ""B101037(7)"": 0, ""B101043(7)"": 1}",287.9583893099334,16795.68359375,
qaoa_feasible_benchmark_a100_20260721_162713_qaoa.csv,supportcase6_ds_qaoa_c745_c747_0004,/home/zhenyusen/MIP-quantum/data/miplib_benders/qaoa_problems/nvars_08/supportcase6_ds_qaoa_c745_c747_0004.json,8,2,8,16777216,qaoa,feasible,445.57482915907167,144887000.0,"{""B100602(7)"": 0, ""B100608(7)"": 0, ""B100623(7)"": 0, ""B101029(7)"": 0, ""B101035(7)"": 0, ""B101037(7)"": 0, ""B101043(7)"": 1, ""B101058(7)"": 0}",447.64384317793883,16795.6875,
qaoa_feasible_benchmark_a100_20260721_162713_qaoa.csv,supportcase6_ds_qaoa_c745_c747_0005,/home/zhenyusen/MIP-quantum/data/miplib_benders/qaoa_problems/nvars_08/supportcase6_ds_qaoa_c745_c747_0005.json,8,2,8,16777216,qaoa,feasible,457.0121344400104,150892000.0,"{""B100608(7)"": 0, ""B100623(7)"": 0, ""B101029(7)"": 0, ""B101035(7)"": 0, ""B101037(7)"": 0, ""B101043(7)"": 0, ""B101058(7)"": 0, ""B101479(7)"": 1}",459.058923706878,16795.69921875,
qaoa_feasible_benchmark_a100_20260721_162713_qaoa.csv,supportcase6_ds_qaoa_c745_c747_c759_0001,/home/zhenyusen/MIP-quantum/data/miplib_benders/qaoa_problems/nvars_08/supportcase6_ds_qaoa_c745_c747_c759_0001.json,8,3,8,16777216,qaoa,feasible,438.9823209908791,150892000.0,"{""B100166(7)"": 0, ""B100594(7)"": 0, ""B100600(7)"": 0, ""B100602(7)"": 0, ""B100608(7)"": 0, ""B100623(7)"": 0, ""B101029(7)"": 1, ""B101035(7)"": 0}",440.7963362811133,15258.85546875,
qaoa_feasible_benchmark_a100_20260721_162713_qaoa.csv,supportcase6_ds_qaoa_c745_c747_c759_0002,/home/zhenyusen/MIP-quantum/data/miplib_benders/qaoa_problems/nvars_08/supportcase6_ds_qaoa_c745_c747_c759_0002.json,8,3,8,16777216,qaoa,feasible,425.89787757000886,150892000.0,"{""B100594(7)"": 0, ""B100600(7)"": 0, ""B100602(7)"": 0, ""B100608(7)"": 0, ""B100623(7)"": 0, ""B101029(7)"": 1, ""B101035(7)"": 0, ""B101037(7)"": 0}",427.73741926508956,15259.6796875,
qaoa_feasible_benchmark_a100_20260721_162713_qaoa.csv,supportcase6_ds_qaoa_c745_c747_c759_0005,/home/zhenyusen/MIP-quantum/data/miplib_benders/qaoa_problems/nvars_08/supportcase6_ds_qaoa_c745_c747_c759_0005.json,8,3,8,16777216,qaoa,feasible,427.9464016899001,150892000.0,"{""B100608(7)"": 0, ""B100623(7)"": 0, ""B101029(7)"": 0, ""B101035(7)"": 0, ""B101037(7)"": 0, ""B101043(7)"": 0, ""B101058(7)"": 0, ""B101479(7)"": 1}",429.8015312680509,15259.6796875,
qaoa_feasible_benchmark_a100_20260721_162713_qaoa.csv,supportcase6_ds_qaoa_c747_c759_0001,/home/zhenyusen/MIP-quantum/data/miplib_benders/qaoa_problems/nvars_08/supportcase6_ds_qaoa_c747_c759_0001.json,8,2,8,16777216,qaoa,feasible,438.40069983387366,150892000.0,"{""B100166(7)"": 0, ""B100594(7)"": 0, ""B100600(7)"": 0, ""B100602(7)"": 0, ""B100608(7)"": 0, ""B100623(7)"": 0, ""B101029(7)"": 1, ""B101035(7)"": 0}",440.3247419500258,16795.69140625,
qaoa_feasible_benchmark_a100_20260721_162713_qaoa.csv,supportcase6_ds_qaoa_c747_c759_0002,/home/zhenyusen/MIP-quantum/data/miplib_benders/qaoa_problems/nvars_08/supportcase6_ds_qaoa_c747_c759_0002.json,8,2,8,16777216,qaoa,feasible,447.65500177419744,150892000.0,"{""B100594(7)"": 0, ""B100600(7)"": 0, ""B100602(7)"": 0, ""B100608(7)"": 0, ""B100623(7)"": 0, ""B101029(7)"": 1, ""B101035(7)"": 0, ""B101037(7)"": 0}",449.771941189887,16791.98828125,
qaoa_feasible_benchmark_a100_20260721_162713_qaoa.csv,supportcase6_ds_qaoa_c747_c759_0004,/home/zhenyusen/MIP-quantum/data/miplib_benders/qaoa_problems/nvars_08/supportcase6_ds_qaoa_c747_c759_0004.json,8,2,8,16777216,qaoa,feasible,429.21685270615853,151847000.0,"{""B100602(7)"": 0, ""B100608(7)"": 0, ""B100623(7)"": 0, ""B101029(7)"": 0, ""B101035(7)"": 0, ""B101037(7)"": 0, ""B101043(7)"": 0, ""B101058(7)"": 1}",431.27980257896706,16793.30859375,
qaoa_feasible_benchmark_a100_20260721_162713_qaoa.csv,supportcase6_ds_qaoa_c747_c759_0005,/home/zhenyusen/MIP-quantum/data/miplib_benders/qaoa_problems/nvars_08/supportcase6_ds_qaoa_c747_c759_0005.json,8,2,8,16777216,qaoa,feasible,450.1469090511091,150892000.0,"{""B100608(7)"": 0, ""B100623(7)"": 0, ""B101029(7)"": 0, ""B101035(7)"": 0, ""B101037(7)"": 0, ""B101043(7)"": 0, ""B101058(7)"": 0, ""B101479(7)"": 1}",452.25021943682805,16795.4609375,
qaoa_feasible_benchmark_a100_20260721_162713_qaoa.csv,supportcase6_ds_qaoa_c747_c759_c762_0001,/home/zhenyusen/MIP-quantum/data/miplib_benders/qaoa_problems/nvars_08/supportcase6_ds_qaoa_c747_c759_c762_0001.json,8,3,8,16777216,qaoa,feasible,434.9110014978796,151847000.0,"{""B100166(7)"": 0, ""B100594(7)"": 0, ""B100600(7)"": 0, ""B100602(7)"": 0, ""B100608(7)"": 0, ""B100623(7)"": 1, ""B101029(7)"": 0, ""B101035(7)"": 0}",436.8268307140097,15262.2734375,
qaoa_feasible_benchmark_a100_20260721_162713_qaoa.csv,supportcase6_ds_qaoa_c747_c759_c762_0004,/home/zhenyusen/MIP-quantum/data/miplib_benders/qaoa_problems/nvars_08/supportcase6_ds_qaoa_c747_c759_c762_0004.json,8,3,8,16777216,qaoa,feasible,441.5447729739826,151847000.0,"{""B100602(7)"": 0, ""B100608(7)"": 0, ""B100623(7)"": 0, ""B101029(7)"": 0, ""B101035(7)"": 0, ""B101037(7)"": 0, ""B101043(7)"": 0, ""B101058(7)"": 1}",443.3823527479544,15259.73046875,
qaoa_feasible_benchmark_a100_20260721_162713_qaoa.csv,supportcase6_ds_qaoa_c747_c759_c762_0005,/home/zhenyusen/MIP-quantum/data/miplib_benders/qaoa_problems/nvars_08/supportcase6_ds_qaoa_c747_c759_c762_0005.json,8,3,8,16777216,qaoa,feasible,444.502255539177,151847000.0,"{""B100608(7)"": 0, ""B100623(7)"": 0, ""B101029(7)"": 0, ""B101035(7)"": 0, ""B101037(7)"": 0, ""B101043(7)"": 0, ""B101058(7)"": 1, ""B101479(7)"": 0}",446.37906732596457,15257.6796875,
qaoa_feasible_benchmark_a100_20260721_162713_qaoa.csv,supportcase6_ds_qaoa_c759_c762_0001,/home/zhenyusen/MIP-quantum/data/miplib_benders/qaoa_problems/nvars_08/supportcase6_ds_qaoa_c759_c762_0001.json,8,2,8,16777216,qaoa,feasible,440.4579885019921,295779000.0,"{""B100166(7)"": 0, ""B100594(7)"": 0, ""B100602(7)"": 0, ""B100608(7)"": 0, ""B100623(7)"": 0, ""B101029(7)"": 1, ""B101037(7)"": 0, ""B101043(7)"": 1}",442.4844763800502,16793.32421875,
qaoa_feasible_benchmark_a100_20260721_162713_qaoa.csv,supportcase6_ds_qaoa_c759_c762_0002,/home/zhenyusen/MIP-quantum/data/miplib_benders/qaoa_problems/nvars_08/supportcase6_ds_qaoa_c759_c762_0002.json,8,2,8,16777216,qaoa,feasible,439.0543382600881,151847000.0,"{""B100594(7)"": 0, ""B100602(7)"": 0, ""B100608(7)"": 0, ""B100623(7)"": 0, ""B101029(7)"": 0, ""B101037(7)"": 0, ""B101043(7)"": 0, ""B101058(7)"": 1}",441.1866089629475,16795.69140625,
qaoa_feasible_benchmark_a100_20260721_162713_qaoa.csv,supportcase6_ds_qaoa_c759_c762_0003,/home/zhenyusen/MIP-quantum/data/miplib_benders/qaoa_problems/nvars_08/supportcase6_ds_qaoa_c759_c762_0003.json,8,2,8,16777216,qaoa,feasible,443.13999397400767,151847000.0,"{""B100602(7)"": 0, ""B100608(7)"": 0, ""B100623(7)"": 0, ""B101029(7)"": 0, ""B101037(7)"": 0, ""B101043(7)"": 0, ""B101058(7)"": 1, ""B101479(7)"": 0}",445.36719281296246,16792.21875,
qaoa_feasible_benchmark_a100_20260721_162713_qaoa.csv,supportcase6_ds_qaoa_c759_c762_0004,/home/zhenyusen/MIP-quantum/data/miplib_benders/qaoa_problems/nvars_08/supportcase6_ds_qaoa_c759_c762_0004.json,8,2,8,16777216,qaoa,feasible,442.9702596871648,296836000.0,"{""B100608(7)"": 0, ""B100623(7)"": 0, ""B101029(7)"": 0, ""B101037(7)"": 0, ""B101043(7)"": 0, ""B101058(7)"": 0, ""B101479(7)"": 1, ""B101487(7)"": 1}",445.1862081999425,16793.5703125,
qaoa_feasible_benchmark_a100_20260721_162713_qaoa.csv,ex10_ds_qaoa_NOD26_NOD2X2_0001,/home/zhenyusen/MIP-quantum/data/miplib_benders/qaoa_problems/nvars_09/ex10_ds_qaoa_NOD26_NOD2X2_0001.json,9,2,8,134217728,qaoa,memory_error,,,,309.4220921769738,143512.9453125,"Failed to allocate the `data` of a (134217728, 134217728) Dia array of 16 diagonals."
qaoa_feasible_benchmark_a100_20260721_162713_qaoa.csv,ex9_ds_qaoa_NOD2X5_NOD37_0003,/home/zhenyusen/MIP-quantum/data/miplib_benders/qaoa_problems/nvars_09/ex9_ds_qaoa_NOD2X5_NOD37_0003.json,9,2,8,134217728,qaoa,memory_error,,,,315.89693522593006,143511.703125,"Failed to allocate the `data` of a (134217728, 134217728) Dia array of 16 diagonals."
qaoa_feasible_benchmark_a100_20260721_162713_qaoa.csv,ex9_ds_qaoa_NOD2X5_NOD37_0004,/home/zhenyusen/MIP-quantum/data/miplib_benders/qaoa_problems/nvars_09/ex9_ds_qaoa_NOD2X5_NOD37_0004.json,9,2,8,134217728,qaoa,memory_error,,,,309.35422073304653,143515.828125,"Failed to allocate the `data` of a (134217728, 134217728) Dia array of 16 diagonals."
qaoa_feasible_benchmark_a100_20260721_162713_qaoa.csv,ex9_ds_qaoa_NOD2X5_NOD37_0005,/home/zhenyusen/MIP-quantum/data/miplib_benders/qaoa_problems/nvars_09/ex9_ds_qaoa_NOD2X5_NOD37_0005.json,9,2,8,134217728,qaoa,memory_error,,,,331.4826249300968,143515.8203125,"Failed to allocate the `data` of a (134217728, 134217728) Dia array of 16 diagonals."
qaoa_feasible_benchmark_a100_20260721_162713_qaoa.csv,ex9_ds_qaoa_NOD2X5_NOD37_0006,/home/zhenyusen/MIP-quantum/data/miplib_benders/qaoa_problems/nvars_09/ex9_ds_qaoa_NOD2X5_NOD37_0006.json,9,2,8,134217728,qaoa,memory_error,,,,331.6395195638761,143513.7265625,"Failed to allocate the `data` of a (134217728, 134217728) Dia array of 16 diagonals."
qaoa_feasible_benchmark_a100_20260721_162713_qaoa.csv,highschool1-aigio_ds_qaoa_spreadEventsUB_SpreadEvents1_108_Mo_spreadEventsUB_SpreadEvents1_108_Th_subeventsNotActive_108_1_1_0001,/home/zhenyusen/MIP-quantum/data/miplib_benders/qaoa_problems/nvars_09/highschool1-aigio_ds_qaoa_spreadEventsUB_SpreadEvents1_108_Mo_spreadEventsUB_SpreadEvents1_108_Th_subeventsNotActive_108_1_1_0001.json,9,3,8,134217728,qaoa,feasible,2809.6244122500066,0.0,"{""row_slack_spreadEventsUB_SpreadEvents1_108_Mo"": 1, ""row_slack_spreadEventsUB_SpreadEvents1_108_Th"": 1, ""row_slack_subeventsNotActive_108_1_1"": 0, ""y(108#1#1,Mo_4)"": 0, ""y(108#1#1,Mo_5)"": 0, ""y(108#1#1,Mo_6)"": 0, ""y(108#1#1,Th_4)"": 0, ""y(108#1#1,Th_5)"": 0, ""y(108#1#1,Th_6)"": 0}",2820.972750646062,139417.69921875,
qaoa_feasible_benchmark_a100_20260721_162713_qaoa.csv,highschool1-aigio_ds_qaoa_spreadEventsUB_SpreadEvents1_108_Mo_spreadEventsUB_SpreadEvents1_108_Th_subeventsNotActive_108_1_1_0002,/home/zhenyusen/MIP-quantum/data/miplib_benders/qaoa_problems/nvars_09/highschool1-aigio_ds_qaoa_spreadEventsUB_SpreadEvents1_108_Mo_spreadEventsUB_SpreadEvents1_108_Th_subeventsNotActive_108_1_1_0002.json,9,3,8,134217728,qaoa,feasible,3612.6377766970545,0.0,"{""row_slack_spreadEventsUB_SpreadEvents1_108_Mo"": 1, ""row_slack_spreadEventsUB_SpreadEvents1_108_Th"": 1, ""row_slack_subeventsNotActive_108_1_1"": 0, ""y(108#1#1,Mo_5)"": 0, ""y(108#1#1,Mo_6)"": 0, ""y(108#1#1,Th_4)"": 0, ""y(108#1#1,Th_5)"": 0, ""y(108#1#1,Th_6)"": 0, ""y(108#1#2,Mo_4)"": 0}",3623.8276651299093,139416.31640625,
qaoa_feasible_benchmark_a100_20260721_162713_qaoa.csv,highschool1-aigio_ds_qaoa_spreadEventsUB_SpreadEvents1_108_Mo_spreadEventsUB_SpreadEvents1_108_Th_subeventsNotActive_108_1_1_0003,/home/zhenyusen/MIP-quantum/data/miplib_benders/qaoa_problems/nvars_09/highschool1-aigio_ds_qaoa_spreadEventsUB_SpreadEvents1_108_Mo_spreadEventsUB_SpreadEvents1_108_Th_subeventsNotActive_108_1_1_0003.json,9,3,8,134217728,qaoa,feasible,3557.4886735270265,0.0,"{""row_slack_spreadEventsUB_SpreadEvents1_108_Mo"": 1, ""row_slack_spreadEventsUB_SpreadEvents1_108_Th"": 1, ""row_slack_subeventsNotActive_108_1_1"": 0, ""y(108#1#1,Mo_6)"": 0, ""y(108#1#1,Th_4)"": 0, ""y(108#1#1,Th_5)"": 0, ""y(108#1#1,Th_6)"": 0, ""y(108#1#2,Mo_4)"": 0, ""y(108#1#2,Mo_5)"": 0}",3568.027002281975,139417.67578125,
qaoa_feasible_benchmark_a100_20260721_162713_qaoa.csv,irp_ds_qaoa_R0010_R0015_0001,/home/zhenyusen/MIP-quantum/data/miplib_benders/qaoa_problems/nvars_09/irp_ds_qaoa_R0010_R0015_0001.json,9,2,8,134217728,qaoa,memory_error,,,,316.9294361900538,143515.7265625,"Failed to allocate the `data` of a (134217728, 134217728) Dia array of 16 diagonals."
qaoa_feasible_benchmark_a100_20260721_162713_qaoa.csv,leo1_ds_qaoa_R0000042_R0000043_R0000047_0003,/home/zhenyusen/MIP-quantum/data/miplib_benders/qaoa_problems/nvars_09/leo1_ds_qaoa_R0000042_R0000043_R0000047_0003.json,9,3,8,134217728,qaoa,feasible,2800.841484891949,9.0,"{""C0003539"": 0, ""C0003540"": 0, ""C0003541"": 1, ""C0003572"": 0, ""C0003573"": 0, ""C0003574"": 1, ""row_slack_R0000042"": 0, ""row_slack_R0000043"": 6, ""row_slack_R0000047"": 0}",2808.696686921874,139419.70703125,
qaoa_feasible_benchmark_a100_20260721_162713_qaoa.csv,leo1_ds_qaoa_R0000090_R0000091_R0000095_0003,/home/zhenyusen/MIP-quantum/data/miplib_benders/qaoa_problems/nvars_09/leo1_ds_qaoa_R0000090_R0000091_R0000095_0003.json,9,3,8,134217728,qaoa,feasible,3172.8309617231134,15.0,"{""C0003539"": 0, ""C0003540"": 0, ""C0003541"": 1, ""C0003572"": 0, ""C0003573"": 0, ""C0003574"": 2, ""row_slack_R0000090"": 0, ""row_slack_R0000091"": 1, ""row_slack_R0000095"": 0}",3193.991847426165,139409.8359375,
qaoa_feasible_benchmark_a100_20260721_162713_qaoa.csv,leo1_ds_qaoa_R0000097_R0000335_R0000339_0003,/home/zhenyusen/MIP-quantum/data/miplib_benders/qaoa_problems/nvars_09/leo1_ds_qaoa_R0000097_R0000335_R0000339_0003.json,9,3,8,134217728,qaoa,feasible,3296.5642454312183,9.0,"{""C0003539"": 0, ""C0003540"": 0, ""C0003541"": 1, ""C0003572"": 0, ""C0003573"": 0, ""C0003574"": 1, ""row_slack_R0000097"": 0, ""row_slack_R0000335"": 0, ""row_slack_R0000339"": 0}",3316.3666478421073,139419.109375,
qaoa_feasible_benchmark_a100_20260721_162713_qaoa.csv,leo1_ds_qaoa_R0000335_R0000339_R0000535_0003,/home/zhenyusen/MIP-quantum/data/miplib_benders/qaoa_problems/nvars_09/leo1_ds_qaoa_R0000335_R0000339_R0000535_0003.json,9,3,8,134217728,qaoa,feasible,3311.533469327027,6.0,"{""C0003539"": 0, ""C0003540"": 0, ""C0003541"": 0, ""C0003572"": 0, ""C0003573"": 0, ""C0003574"": 1, ""row_slack_R0000335"": 1, ""row_slack_R0000339"": 0, ""row_slack_R0000535"": 0}",3325.426218657056,139414.83984375,
qaoa_feasible_benchmark_a100_20260721_162713_qaoa.csv,leo2_ds_qaoa_R0000090_R0000091_R0000095_0008,/home/zhenyusen/MIP-quantum/data/miplib_benders/qaoa_problems/nvars_09/leo2_ds_qaoa_R0000090_R0000091_R0000095_0008.json,9,3,8,134217728,qaoa,feasible,3871.9314277369995,15.0,"{""C0005738"": 0, ""C0005739"": 0, ""C0005740"": 1, ""C0005788"": 0, ""C0005789"": 0, ""C0005790"": 2, ""row_slack_R0000090"": 1, ""row_slack_R0000091"": 2, ""row_slack_R0000095"": 0}",3885.6507546391804,139413.37109375,
qaoa_feasible_benchmark_a100_parallel_20260722_144854_shard00_qaoa.csv,neos-1456979_ds_qaoa_R0008_R0009_R0046_0001,/home/zhenyusen/MIP-quantum/data/miplib_benders/qaoa_problems/nvars_09/neos-1456979_ds_qaoa_R0008_R0009_R0046_0001.json,9,3,8,134217728,qaoa,feasible,3961.1466611330397,13.0,"{""C0186"": 0, ""C0191"": 0, ""C0192"": 0, ""C0193"": 0, ""C0194"": 0, ""C0195"": 1, ""C0196"": 0, ""C0197"": 0, ""C0198"": 1}",3974.5156432320364,139418.421875,
qaoa_feasible_benchmark_a100_parallel_20260722_144854_shard00_qaoa.csv,neos8_ds_qaoa_R0001_R0002_0001,/home/zhenyusen/MIP-quantum/data/miplib_benders/qaoa_problems/nvars_09/neos8_ds_qaoa_R0001_R0002_0001.json,9,2,8,134217728,qaoa,memory_error,,,,367.45276603801176,143513.30078125,"Failed to allocate the `data` of a (134217728, 134217728) Dia array of 16 diagonals."
qaoa_feasible_benchmark_a100_parallel_20260722_144854_shard00_qaoa.csv,neos8_ds_qaoa_R0001_R0002_0003,/home/zhenyusen/MIP-quantum/data/miplib_benders/qaoa_problems/nvars_09/neos8_ds_qaoa_R0001_R0002_0003.json,9,2,8,134217728,qaoa,memory_error,,,,365.1147020009812,143515.78515625,"Failed to allocate the `data` of a (134217728, 134217728) Dia array of 16 diagonals."
qaoa_feasible_benchmark_a100_parallel_20260722_144854_shard00_qaoa.csv,neos8_ds_qaoa_R0001_R0002_0006,/home/zhenyusen/MIP-quantum/data/miplib_benders/qaoa_problems/nvars_09/neos8_ds_qaoa_R0001_R0002_0006.json,9,2,8,134217728,qaoa,memory_error,,,,361.4075762289576,143515.82421875,"Failed to allocate the `data` of a (134217728, 134217728) Dia array of 16 diagonals."
qaoa_feasible_benchmark_a100_parallel_20260722_144854_shard00_qaoa.csv,neos8_ds_qaoa_R0001_R0002_R0003_0002,/home/zhenyusen/MIP-quantum/data/miplib_benders/qaoa_problems/nvars_09/neos8_ds_qaoa_R0001_R0002_R0003_0002.json,9,3,8,134217728,qaoa,feasible,3944.6355038820766,0.0,"{""C0002"": 0, ""C0005"": 0, ""C0006"": 0, ""C0009"": 0, ""C0013"": 0, ""C0014"": 0, ""row_slack_R0001"": 1, ""row_slack_R0002"": 1, ""row_slack_R0003"": 1}",3957.305409068009,139419.8046875,
qaoa_feasible_benchmark_a100_parallel_20260722_144854_shard00_qaoa.csv,neos8_ds_qaoa_R0001_R0002_R0003_0004,/home/zhenyusen/MIP-quantum/data/miplib_benders/qaoa_problems/nvars_09/neos8_ds_qaoa_R0001_R0002_R0003_0004.json,9,3,8,134217728,qaoa,feasible,3703.537450868869,0.0,"{""C0006"": 0, ""C0009"": 0, ""C0013"": 0, ""C0014"": 0, ""C0017"": 0, ""C0018"": 0, ""row_slack_R0001"": 1, ""row_slack_R0002"": 1, ""row_slack_R0003"": 1}",3716.9620701989625,139419.79296875,
qaoa_feasible_benchmark_a100_parallel_20260722_144854_shard00_qaoa.csv,neos8_ds_qaoa_R0001_R0002_R0003_0006,/home/zhenyusen/MIP-quantum/data/miplib_benders/qaoa_problems/nvars_09/neos8_ds_qaoa_R0001_R0002_R0003_0006.json,9,3,8,134217728,qaoa,feasible,3779.376437054947,0.0,"{""C0013"": 0, ""C0014"": 0, ""C0017"": 0, ""C0018"": 0, ""C0022"": 0, ""C0023"": 0, ""row_slack_R0001"": 1, ""row_slack_R0002"": 1, ""row_slack_R0003"": 1}",3790.55261633615,139417.90234375,
qaoa_feasible_benchmark_a100_parallel_20260722_144854_shard00_qaoa.csv,neos8_ds_qaoa_R0002_R0003_0002,/home/zhenyusen/MIP-quantum/data/miplib_benders/qaoa_problems/nvars_09/neos8_ds_qaoa_R0002_R0003_0002.json,9,2,8,134217728,qaoa,memory_error,,,,223.31859950791113,143515.76953125,"Failed to allocate the `data` of a (134217728, 134217728) Dia array of 16 diagonals."
qaoa_feasible_benchmark_a100_parallel_20260722_144854_shard00_qaoa.csv,neos8_ds_qaoa_R0002_R0003_0006,/home/zhenyusen/MIP-quantum/data/miplib_benders/qaoa_problems/nvars_09/neos8_ds_qaoa_R0002_R0003_0006.json,9,2,8,134217728,qaoa,memory_error,,,,222.692836250877,143512.31640625,"Failed to allocate the `data` of a (134217728, 134217728) Dia array of 16 diagonals."
qaoa_feasible_benchmark_a100_parallel_20260722_144854_shard00_qaoa.csv,neos8_ds_qaoa_R0002_R0003_R0004_0002,/home/zhenyusen/MIP-quantum/data/miplib_benders/qaoa_problems/nvars_09/neos8_ds_qaoa_R0002_R0003_R0004_0002.json,9,3,8,134217728,qaoa,feasible,4156.69192925212,0.0,"{""C0002"": 0, ""C0005"": 0, ""C0006"": 0, ""C0009"": 0, ""C0013"": 0, ""C0014"": 0, ""row_slack_R0002"": 1, ""row_slack_R0003"": 1, ""row_slack_R0004"": 1}",4171.154669129057,139419.1171875,
qaoa_feasible_benchmark_a100_parallel_20260722_144854_shard00_qaoa.csv,neos8_ds_qaoa_R0002_R0003_R0004_0004,/home/zhenyusen/MIP-quantum/data/miplib_benders/qaoa_problems/nvars_09/neos8_ds_qaoa_R0002_R0003_R0004_0004.json,9,3,8,134217728,qaoa,feasible,4223.981174486922,0.0,"{""C0006"": 0, ""C0009"": 0, ""C0013"": 0, ""C0014"": 0, ""C0017"": 0, ""C0018"": 0, ""row_slack_R0002"": 1, ""row_slack_R0003"": 1, ""row_slack_R0004"": 1}",4239.842794169905,139419.77734375,
qaoa_feasible_benchmark_a100_parallel_20260722_144854_shard00_qaoa.csv,neos8_ds_qaoa_R0002_R0003_R0004_0006,/home/zhenyusen/MIP-quantum/data/miplib_benders/qaoa_problems/nvars_09/neos8_ds_qaoa_R0002_R0003_R0004_0006.json,9,3,8,134217728,qaoa,feasible,4213.160643031122,0.0,"{""C0013"": 0, ""C0014"": 0, ""C0017"": 0, ""C0018"": 0, ""C0022"": 0, ""C0023"": 0, ""row_slack_R0002"": 1, ""row_slack_R0003"": 1, ""row_slack_R0004"": 1}",4229.761711535044,139419.80078125,
qaoa_feasible_benchmark_a100_parallel_20260722_144854_shard00_qaoa.csv,neos8_ds_qaoa_R0003_R0004_0002,/home/zhenyusen/MIP-quantum/data/miplib_benders/qaoa_problems/nvars_09/neos8_ds_qaoa_R0003_R0004_0002.json,9,2,8,134217728,qaoa,memory_error,,,,403.50090774404816,143513.8203125,"Failed to allocate the `data` of a (134217728, 134217728) Dia array of 16 diagonals."
qaoa_feasible_benchmark_a100_parallel_20260722_144854_shard00_qaoa.csv,neos8_ds_qaoa_R0003_R0004_0004,/home/zhenyusen/MIP-quantum/data/miplib_benders/qaoa_problems/nvars_09/neos8_ds_qaoa_R0003_R0004_0004.json,9,2,8,134217728,qaoa,memory_error,,,,397.91214821394533,143515.78515625,"Failed to allocate the `data` of a (134217728, 134217728) Dia array of 16 diagonals."
qaoa_feasible_benchmark_a100_parallel_20260722_144854_shard00_qaoa.csv,neos8_ds_qaoa_R0003_R0004_0006,/home/zhenyusen/MIP-quantum/data/miplib_benders/qaoa_problems/nvars_09/neos8_ds_qaoa_R0003_R0004_0006.json,9,2,8,134217728,qaoa,memory_error,,,,409.1298778129276,143515.78125,"Failed to allocate the `data` of a (134217728, 134217728) Dia array of 16 diagonals."
qaoa_feasible_benchmark_a100_parallel_20260722_144854_shard00_qaoa.csv,neos8_ds_qaoa_R0003_R0004_R0065_0002,/home/zhenyusen/MIP-quantum/data/miplib_benders/qaoa_problems/nvars_09/neos8_ds_qaoa_R0003_R0004_R0065_0002.json,9,3,8,134217728,qaoa,feasible,3479.7301253040787,0.0,"{""C0002"": 0, ""C0005"": 0, ""C0006"": 0, ""C0009"": 0, ""C0013"": 0, ""C0014"": 0, ""row_slack_R0003"": 1, ""row_slack_R0004"": 1, ""row_slack_R0065"": 0}",3504.9143848849926,139419.89453125,
qaoa_feasible_benchmark_a100_parallel_20260722_144854_shard00_qaoa.csv,neos8_ds_qaoa_R0003_R0004_R0065_0004,/home/zhenyusen/MIP-quantum/data/miplib_benders/qaoa_problems/nvars_09/neos8_ds_qaoa_R0003_R0004_R0065_0004.json,9,3,8,134217728,qaoa,feasible,3653.1868910179473,0.0,"{""C0006"": 0, ""C0009"": 0, ""C0013"": 0, ""C0014"": 0, ""C0017"": 0, ""C0018"": 0, ""row_slack_R0003"": 1, ""row_slack_R0004"": 1, ""row_slack_R0065"": 0}",3674.647933193948,139410.73828125,
qaoa_feasible_benchmark_a100_parallel_20260722_144854_shard00_qaoa.csv,neos8_ds_qaoa_R0003_R0004_R0065_0006,/home/zhenyusen/MIP-quantum/data/miplib_benders/qaoa_problems/nvars_09/neos8_ds_qaoa_R0003_R0004_R0065_0006.json,9,3,8,134217728,qaoa,feasible,3409.061723589897,0.0,"{""C0013"": 0, ""C0014"": 0, ""C0017"": 0, ""C0018"": 0, ""C0022"": 0, ""C0023"": 0, ""row_slack_R0003"": 1, ""row_slack_R0004"": 1, ""row_slack_R0065"": 0}",3422.8857982610352,139419.828125,
qaoa_feasible_benchmark_a100_parallel_20260722_144854_shard00_qaoa.csv,neos8_ds_qaoa_R0004_R0065_0002,/home/zhenyusen/MIP-quantum/data/miplib_benders/qaoa_problems/nvars_09/neos8_ds_qaoa_R0004_R0065_0002.json,9,2,8,134217728,qaoa,memory_error,,,,373.38211880717427,143516.37890625,"Failed to allocate the `data` of a (134217728, 134217728) Dia array of 16 diagonals."
qaoa_feasible_benchmark_a100_parallel_20260722_144854_shard00_qaoa.csv,neos8_ds_qaoa_R0004_R0065_0004,/home/zhenyusen/MIP-quantum/data/miplib_benders/qaoa_problems/nvars_09/neos8_ds_qaoa_R0004_R0065_0004.json,9,2,8,134217728,qaoa,memory_error,,,,262.5713198550511,143510.828125,"Failed to allocate the `data` of a (134217728, 134217728) Dia array of 16 diagonals."
qaoa_feasible_benchmark_a100_parallel_20260722_144854_shard00_qaoa.csv,neos8_ds_qaoa_R0004_R0065_0007,/home/zhenyusen/MIP-quantum/data/miplib_benders/qaoa_problems/nvars_09/neos8_ds_qaoa_R0004_R0065_0007.json,9,2,8,134217728,qaoa,memory_error,,,,271.50296477996744,143499.015625,"Failed to allocate the `data` of a (134217728, 134217728) Dia array of 16 diagonals."
qaoa_feasible_benchmark_a100_parallel_20260722_144854_shard00_qaoa.csv,supportcase6_ds_qaoa_c539_c722_0006,/home/zhenyusen/MIP-quantum/data/miplib_benders/qaoa_problems/nvars_09/supportcase6_ds_qaoa_c539_c722_0006.json,9,2,8,134217728,qaoa,memory_error,,,,337.7459241061006,143508.41796875,"Failed to allocate the `data` of a (134217728, 134217728) Dia array of 16 diagonals."
qaoa_feasible_benchmark_a100_parallel_20260722_144854_shard00_qaoa.csv,supportcase6_ds_qaoa_c722_c726_0001,/home/zhenyusen/MIP-quantum/data/miplib_benders/qaoa_problems/nvars_09/supportcase6_ds_qaoa_c722_c726_0001.json,9,2,8,134217728,qaoa,memory_error,,,,318.67668504896574,143517.45703125,"Failed to allocate the `data` of a (134217728, 134217728) Dia array of 16 diagonals."
qaoa_feasible_benchmark_a100_parallel_20260722_144854_shard00_qaoa.csv,supportcase6_ds_qaoa_c722_c726_0003,/home/zhenyusen/MIP-quantum/data/miplib_benders/qaoa_problems/nvars_09/supportcase6_ds_qaoa_c722_c726_0003.json,9,2,8,134217728,qaoa,memory_error,,,,373.1876865918748,143510.87109375,"Failed to allocate the `data` of a (134217728, 134217728) Dia array of 16 diagonals."
qaoa_feasible_benchmark_a100_parallel_20260722_144854_shard00_qaoa.csv,supportcase6_ds_qaoa_c722_c726_0005,/home/zhenyusen/MIP-quantum/data/miplib_benders/qaoa_problems/nvars_09/supportcase6_ds_qaoa_c722_c726_0005.json,9,2,8,134217728,qaoa,memory_error,,,,387.59598460397683,143513.7890625,"Failed to allocate the `data` of a (134217728, 134217728) Dia array of 16 diagonals."
qaoa_feasible_benchmark_a100_parallel_20260722_144854_shard00_qaoa.csv,supportcase6_ds_qaoa_c722_c726_c733_0002,/home/zhenyusen/MIP-quantum/data/miplib_benders/qaoa_problems/nvars_09/supportcase6_ds_qaoa_c722_c726_c733_0002.json,9,3,8,134217728,qaoa,feasible,3477.3766009190585,134333000.0,"{""B100594(7)"": 0, ""B100600(7)"": 0, ""B100602(7)"": 0, ""B100608(7)"": 0, ""B100623(7)"": 0, ""B101029(7)"": 0, ""B101035(7)"": 1, ""B101037(7)"": 0, ""B101043(7)"": 0}",3491.864137296099,139417.79296875,
qaoa_feasible_benchmark_a100_parallel_20260722_144854_shard00_qaoa.csv,supportcase6_ds_qaoa_c722_c726_c733_0005,/home/zhenyusen/MIP-quantum/data/miplib_benders/qaoa_problems/nvars_09/supportcase6_ds_qaoa_c722_c726_c733_0005.json,9,3,8,134217728,qaoa,feasible,3659.3906115961727,134333000.0,"{""B100608(7)"": 0, ""B100623(7)"": 0, ""B101029(7)"": 0, ""B101035(7)"": 0, ""B101037(7)"": 0, ""B101043(7)"": 0, ""B101058(7)"": 0, ""B101479(7)"": 0, ""B101485(7)"": 1}",3673.024759636959,139417.79296875,
qaoa_feasible_benchmark_a100_parallel_20260722_144854_shard00_qaoa.csv,supportcase6_ds_qaoa_c726_c733_c745_0001,/home/zhenyusen/MIP-quantum/data/miplib_benders/qaoa_problems/nvars_09/supportcase6_ds_qaoa_c726_c733_c745_0001.json,9,3,8,134217728,qaoa,feasible,3319.806491625961,134333000.0,"{""B100166(7)"": 0, ""B100594(7)"": 0, ""B100600(7)"": 0, ""B100602(7)"": 0, ""B100608(7)"": 0, ""B100623(7)"": 0, ""B101029(7)"": 0, ""B101035(7)"": 1, ""B101037(7)"": 0}",3338.7765868878923,139417.05859375,
qaoa_feasible_benchmark_a100_parallel_20260722_144854_shard00_qaoa.csv,supportcase6_ds_qaoa_c726_c733_c745_0003,/home/zhenyusen/MIP-quantum/data/miplib_benders/qaoa_problems/nvars_09/supportcase6_ds_qaoa_c726_c733_c745_0003.json,9,3,8,134217728,qaoa,feasible,3263.7896324321628,296734000.0,"{""B100600(7)"": 0, ""B100602(7)"": 0, ""B100608(7)"": 0, ""B100623(7)"": 0, ""B101029(7)"": 0, ""B101035(7)"": 0, ""B101037(7)"": 0, ""B101043(7)"": 1, ""B101058(7)"": 1}",3280.047610205831,139412.83984375,
qaoa_feasible_benchmark_a100_parallel_20260722_144854_shard00_qaoa.csv,supportcase6_ds_qaoa_c726_c733_c745_0005,/home/zhenyusen/MIP-quantum/data/miplib_benders/qaoa_problems/nvars_09/supportcase6_ds_qaoa_c726_c733_c745_0005.json,9,3,8,134217728,qaoa,feasible,3749.118334256811,134333000.0,"{""B100608(7)"": 0, ""B100623(7)"": 0, ""B101029(7)"": 0, ""B101035(7)"": 0, ""B101037(7)"": 0, ""B101043(7)"": 0, ""B101058(7)"": 0, ""B101479(7)"": 0, ""B101485(7)"": 1}",3759.7079114920925,139416.46484375,
qaoa_feasible_benchmark_a100_parallel_20260722_144854_shard00_qaoa.csv,supportcase6_ds_qaoa_c733_c745_0002,/home/zhenyusen/MIP-quantum/data/miplib_benders/qaoa_problems/nvars_09/supportcase6_ds_qaoa_c733_c745_0002.json,9,2,8,134217728,qaoa,memory_error,,,,317.2742742698174,143512.4453125,"Failed to allocate the `data` of a (134217728, 134217728) Dia array of 16 diagonals."
qaoa_feasible_benchmark_a100_parallel_20260722_144854_shard00_qaoa.csv,supportcase6_ds_qaoa_c733_c745_c747_0001,/home/zhenyusen/MIP-quantum/data/miplib_benders/qaoa_problems/nvars_09/supportcase6_ds_qaoa_c733_c745_c747_0001.json,9,3,8,134217728,qaoa,feasible,3690.547487422824,134333000.0,"{""B100166(7)"": 0, ""B100594(7)"": 0, ""B100600(7)"": 0, ""B100602(7)"": 0, ""B100608(7)"": 0, ""B100623(7)"": 0, ""B101029(7)"": 0, ""B101035(7)"": 1, ""B101037(7)"": 0}",3713.3088143600617,139413.8046875,
qaoa_feasible_benchmark_a100_parallel_20260722_144854_shard00_qaoa.csv,supportcase6_ds_qaoa_c733_c745_c747_0003,/home/zhenyusen/MIP-quantum/data/miplib_benders/qaoa_problems/nvars_09/supportcase6_ds_qaoa_c733_c745_c747_0003.json,9,3,8,134217728,qaoa,feasible,3962.649654685054,144887000.0,"{""B100600(7)"": 0, ""B100602(7)"": 0, ""B100608(7)"": 0, ""B100623(7)"": 0, ""B101029(7)"": 0, ""B101035(7)"": 0, ""B101037(7)"": 0, ""B101043(7)"": 1, ""B101058(7)"": 0}",3986.212183505995,139418.95703125,
qaoa_feasible_benchmark_a100_parallel_20260722_144854_shard00_qaoa.csv,supportcase6_ds_qaoa_c733_c745_c747_0005,/home/zhenyusen/MIP-quantum/data/miplib_benders/qaoa_problems/nvars_09/supportcase6_ds_qaoa_c733_c745_c747_0005.json,9,3,8,134217728,qaoa,feasible,2913.4615635310765,134333000.0,"{""B100608(7)"": 0, ""B100623(7)"": 0, ""B101029(7)"": 0, ""B101035(7)"": 0, ""B101037(7)"": 0, ""B101043(7)"": 0, ""B101058(7)"": 0, ""B101479(7)"": 0, ""B101485(7)"": 1}",2924.0610970668495,139419.765625,
qaoa_feasible_benchmark_a100_parallel_20260722_144854_shard00_qaoa.csv,supportcase6_ds_qaoa_c745_c747_0002,/home/zhenyusen/MIP-quantum/data/miplib_benders/qaoa_problems/nvars_09/supportcase6_ds_qaoa_c745_c747_0002.json,9,2,8,134217728,qaoa,memory_error,,,,213.52444212697446,143515.78515625,"Failed to allocate the `data` of a (134217728, 134217728) Dia array of 16 diagonals."
qaoa_feasible_benchmark_a100_parallel_20260722_144854_shard00_qaoa.csv,supportcase6_ds_qaoa_c745_c747_0004,/home/zhenyusen/MIP-quantum/data/miplib_benders/qaoa_problems/nvars_09/supportcase6_ds_qaoa_c745_c747_0004.json,9,2,8,134217728,qaoa,memory_error,,,,385.39851386402734,143515.79296875,"Failed to allocate the `data` of a (134217728, 134217728) Dia array of 16 diagonals."
qaoa_feasible_benchmark_a100_parallel_20260722_144854_shard00_qaoa.csv,supportcase6_ds_qaoa_c745_c747_c759_0001,/home/zhenyusen/MIP-quantum/data/miplib_benders/qaoa_problems/nvars_09/supportcase6_ds_qaoa_c745_c747_c759_0001.json,9,3,8,134217728,qaoa,feasible,3747.3719626029488,150892000.0,"{""B100166(7)"": 0, ""B100594(7)"": 0, ""B100600(7)"": 0, ""B100602(7)"": 0, ""B100608(7)"": 0, ""B100623(7)"": 0, ""B101029(7)"": 1, ""B101035(7)"": 0, ""B101037(7)"": 0}",3771.4447669619694,139419.8359375,
qaoa_feasible_benchmark_a100_parallel_20260722_144854_shard00_qaoa.csv,supportcase6_ds_qaoa_c745_c747_c759_0004,/home/zhenyusen/MIP-quantum/data/miplib_benders/qaoa_problems/nvars_09/supportcase6_ds_qaoa_c745_c747_c759_0004.json,9,3,8,134217728,qaoa,feasible,3249.0710236229934,150892000.0,"{""B100602(7)"": 0, ""B100608(7)"": 0, ""B100623(7)"": 0, ""B101029(7)"": 0, ""B101035(7)"": 0, ""B101037(7)"": 0, ""B101043(7)"": 0, ""B101058(7)"": 0, ""B101479(7)"": 1}",3260.653832400916,139417.79296875,
qaoa_feasible_benchmark_a100_parallel_20260722_144854_shard00_qaoa.csv,supportcase6_ds_qaoa_c747_c759_0001,/home/zhenyusen/MIP-quantum/data/miplib_benders/qaoa_problems/nvars_09/supportcase6_ds_qaoa_c747_c759_0001.json,9,2,8,134217728,qaoa,memory_error,,,,291.2201038778294,143513.53125,"Failed to allocate the `data` of a (134217728, 134217728) Dia array of 16 diagonals."
qaoa_feasible_benchmark_a100_parallel_20260722_144854_shard00_qaoa.csv,supportcase6_ds_qaoa_c747_c759_0003,/home/zhenyusen/MIP-quantum/data/miplib_benders/qaoa_problems/nvars_09/supportcase6_ds_qaoa_c747_c759_0003.json,9,2,8,134217728,qaoa,memory_error,,,,309.67050792090595,143513.796875,"Failed to allocate the `data` of a (134217728, 134217728) Dia array of 16 diagonals."
qaoa_feasible_benchmark_a100_parallel_20260722_144854_shard00_qaoa.csv,supportcase6_ds_qaoa_c747_c759_0005,/home/zhenyusen/MIP-quantum/data/miplib_benders/qaoa_problems/nvars_09/supportcase6_ds_qaoa_c747_c759_0005.json,9,2,8,134217728,qaoa,memory_error,,,,311.701462184079,143513.1484375,"Failed to allocate the `data` of a (134217728, 134217728) Dia array of 16 diagonals."
qaoa_feasible_benchmark_a100_parallel_20260722_144854_shard00_qaoa.csv,supportcase6_ds_qaoa_c747_c759_c762_0003,/home/zhenyusen/MIP-quantum/data/miplib_benders/qaoa_problems/nvars_09/supportcase6_ds_qaoa_c747_c759_c762_0003.json,9,3,8,134217728,qaoa,feasible,3271.5358625981025,151847000.0,"{""B100600(7)"": 0, ""B100602(7)"": 0, ""B100608(7)"": 0, ""B100623(7)"": 0, ""B101029(7)"": 0, ""B101035(7)"": 0, ""B101037(7)"": 0, ""B101043(7)"": 0, ""B101058(7)"": 1}",3283.930688725086,139411.66015625,
qaoa_feasible_benchmark_a100_parallel_20260722_144854_shard00_qaoa.csv,supportcase6_ds_qaoa_c747_c759_c762_0005,/home/zhenyusen/MIP-quantum/data/miplib_benders/qaoa_problems/nvars_09/supportcase6_ds_qaoa_c747_c759_c762_0005.json,9,3,8,134217728,qaoa,feasible,2811.7929057809524,151847000.0,"{""B100608(7)"": 0, ""B100623(7)"": 0, ""B101029(7)"": 0, ""B101035(7)"": 0, ""B101037(7)"": 0, ""B101043(7)"": 0, ""B101058(7)"": 1, ""B101479(7)"": 0, ""B101485(7)"": 0}",2824.013475253014,139414.640625,
qaoa_feasible_benchmark_a100_parallel_20260722_144854_shard00_qaoa.csv,assign1-5-8_ds_qaoa_R0132_R0133_R0002_0001,/home/zhenyusen/MIP-quantum/data/miplib_benders/qaoa_problems/nvars_10/assign1-5-8_ds_qaoa_R0132_R0133_R0002_0001.json,10,3,8,1073741824,qaoa,memory_error,,,,354.6985616800375,524420.875,"Failed to allocate the `data` of a (1073741824, 1073741824) Dia array of 2 diagonals."
qaoa_feasible_benchmark_a100_parallel_20260722_144854_shard00_qaoa.csv,assign1-5-8_ds_qaoa_R0133_R0002_R0003_0002,/home/zhenyusen/MIP-quantum/data/miplib_benders/qaoa_problems/nvars_10/assign1-5-8_ds_qaoa_R0133_R0002_R0003_0002.json,10,3,8,1073741824,qaoa,memory_error,,,,342.8266390210483,524411.015625,"Failed to allocate the `data` of a (1073741824, 1073741824) Dia array of 2 diagonals."
qaoa_feasible_benchmark_a100_parallel_20260722_144854_shard00_qaoa.csv,ex9_ds_qaoa_NOD2X5_NOD37_0002,/home/zhenyusen/MIP-quantum/data/miplib_benders/qaoa_problems/nvars_10/ex9_ds_qaoa_NOD2X5_NOD37_0002.json,10,2,8,1073741824,qaoa,memory_error,,,,377.1931487049442,524396.24609375,"Failed to allocate the `data` of a (1073741824, 1073741824) Dia array of 2 diagonals."
qaoa_feasible_benchmark_a100_parallel_20260722_144854_shard00_qaoa.csv,ex9_ds_qaoa_NOD2X5_NOD37_0004,/home/zhenyusen/MIP-quantum/data/miplib_benders/qaoa_problems/nvars_10/ex9_ds_qaoa_NOD2X5_NOD37_0004.json,10,2,8,1073741824,qaoa,memory_error,,,,382.5298747520428,524438.9765625,"Failed to allocate the `data` of a (1073741824, 1073741824) Dia array of 2 diagonals."
qaoa_feasible_benchmark_a100_parallel_20260722_144854_shard00_qaoa.csv,highschool1-aigio_ds_qaoa_spreadEventsUB_SpreadEvents1_108_Mo_spreadEventsUB_SpreadEvents1_108_Th_subeventsNotActive_108_1_1_0001,/home/zhenyusen/MIP-quantum/data/miplib_benders/qaoa_problems/nvars_10/highschool1-aigio_ds_qaoa_spreadEventsUB_SpreadEvents1_108_Mo_spreadEventsUB_SpreadEvents1_108_Th_subeventsNotActive_108_1_1_0001.json,10,3,8,1073741824,qaoa,memory_error,,,,415.2443702809978,524426.26171875,"Failed to allocate the `data` of a (1073741824, 1073741824) Dia array of 2 diagonals."
qaoa_feasible_benchmark_a100_parallel_20260722_144854_shard00_qaoa.csv,highschool1-aigio_ds_qaoa_spreadEventsUB_SpreadEvents1_108_Mo_spreadEventsUB_SpreadEvents1_108_Th_subeventsNotActive_108_1_1_0003,/home/zhenyusen/MIP-quantum/data/miplib_benders/qaoa_problems/nvars_10/highschool1-aigio_ds_qaoa_spreadEventsUB_SpreadEvents1_108_Mo_spreadEventsUB_SpreadEvents1_108_Th_subeventsNotActive_108_1_1_0003.json,10,3,8,1073741824,qaoa,memory_error,,,,438.4584508968983,524423.3046875,"Failed to allocate the `data` of a (1073741824, 1073741824) Dia array of 2 diagonals."
qaoa_feasible_benchmark_a100_parallel_20260722_144854_shard00_qaoa.csv,leo1_ds_qaoa_R0000090_R0000091_R0000095_0002,/home/zhenyusen/MIP-quantum/data/miplib_benders/qaoa_problems/nvars_10/leo1_ds_qaoa_R0000090_R0000091_R0000095_0002.json,10,3,8,1073741824,qaoa,memory_error,,,,486.29107754002325,524384.59765625,"Failed to allocate the `data` of a (1073741824, 1073741824) Dia array of 2 diagonals."
qaoa_feasible_benchmark_a100_parallel_20260722_144854_shard00_qaoa.csv,leo1_ds_qaoa_R0000097_R0000335_R0000339_0002,/home/zhenyusen/MIP-quantum/data/miplib_benders/qaoa_problems/nvars_10/leo1_ds_qaoa_R0000097_R0000335_R0000339_0002.json,10,3,8,1073741824,qaoa,memory_error,,,,399.5572487451136,524441.7890625,"Failed to allocate the `data` of a (1073741824, 1073741824) Dia array of 2 diagonals."
qaoa_feasible_benchmark_a100_parallel_20260722_144854_shard00_qaoa.csv,leo1_ds_qaoa_R0000335_R0000339_R0000535_0002,/home/zhenyusen/MIP-quantum/data/miplib_benders/qaoa_problems/nvars_10/leo1_ds_qaoa_R0000335_R0000339_R0000535_0002.json,10,3,8,1073741824,qaoa,memory_error,,,,588.6450586980209,524363.2109375,"Failed to allocate the `data` of a (1073741824, 1073741824) Dia array of 2 diagonals."
qaoa_feasible_benchmark_a100_parallel_20260722_144854_shard00_qaoa.csv,leo2_ds_qaoa_R0000090_R0000091_R0000095_0007,/home/zhenyusen/MIP-quantum/data/miplib_benders/qaoa_problems/nvars_10/leo2_ds_qaoa_R0000090_R0000091_R0000095_0007.json,10,3,8,1073741824,qaoa,memory_error,,,,527.4780918050092,524414.73046875,"Failed to allocate the `data` of a (1073741824, 1073741824) Dia array of 2 diagonals."
qaoa_feasible_benchmark_a100_parallel_20260722_144854_shard00_qaoa.csv,neos8_ds_qaoa_R0001_R0002_0001,/home/zhenyusen/MIP-quantum/data/miplib_benders/qaoa_problems/nvars_10/neos8_ds_qaoa_R0001_R0002_0001.json,10,2,8,1073741824,qaoa,memory_error,,,,388.532200895017,524427.1640625,"Failed to allocate the `data` of a (1073741824, 1073741824) Dia array of 2 diagonals."
qaoa_feasible_benchmark_a100_parallel_20260722_144854_shard00_qaoa.csv,neos8_ds_qaoa_R0001_R0002_0003,/home/zhenyusen/MIP-quantum/data/miplib_benders/qaoa_problems/nvars_10/neos8_ds_qaoa_R0001_R0002_0003.json,10,2,8,1073741824,qaoa,memory_error,,,,487.21902406797744,524436.609375,"Failed to allocate the `data` of a (1073741824, 1073741824) Dia array of 2 diagonals."
qaoa_feasible_benchmark_a100_parallel_20260722_144854_shard00_qaoa.csv,neos8_ds_qaoa_R0001_R0002_R0003_0002,/home/zhenyusen/MIP-quantum/data/miplib_benders/qaoa_problems/nvars_10/neos8_ds_qaoa_R0001_R0002_R0003_0002.json,10,3,8,1073741824,qaoa,memory_error,,,,667.7062079899479,524421.77734375,"Failed to allocate the `data` of a (1073741824, 1073741824) Dia array of 2 diagonals."
qaoa_feasible_benchmark_a100_parallel_20260722_144854_shard00_qaoa.csv,neos8_ds_qaoa_R0001_R0002_R0003_0004,/home/zhenyusen/MIP-quantum/data/miplib_benders/qaoa_problems/nvars_10/neos8_ds_qaoa_R0001_R0002_R0003_0004.json,10,3,8,1073741824,qaoa,memory_error,,,,456.9713879369665,524395.94140625,"Failed to allocate the `data` of a (1073741824, 1073741824) Dia array of 2 diagonals."
qaoa_feasible_benchmark_a100_parallel_20260722_144854_shard00_qaoa.csv,neos8_ds_qaoa_R0001_R0002_R0003_0006,/home/zhenyusen/MIP-quantum/data/miplib_benders/qaoa_problems/nvars_10/neos8_ds_qaoa_R0001_R0002_R0003_0006.json,10,3,8,1073741824,qaoa,memory_error,,,,575.0159428541083,524341.640625,"Failed to allocate the `data` of a (1073741824, 1073741824) Dia array of 2 diagonals."
qaoa_feasible_benchmark_a100_parallel_20260722_144854_shard00_qaoa.csv,neos8_ds_qaoa_R0002_R0003_0002,/home/zhenyusen/MIP-quantum/data/miplib_benders/qaoa_problems/nvars_10/neos8_ds_qaoa_R0002_R0003_0002.json,10,2,8,1073741824,qaoa,memory_error,,,,419.16123640188016,524410.1171875,"Failed to allocate the `data` of a (1073741824, 1073741824) Dia array of 2 diagonals."
qaoa_feasible_benchmark_a100_parallel_20260722_144854_shard00_qaoa.csv,neos8_ds_qaoa_R0002_R0003_R0004_0002,/home/zhenyusen/MIP-quantum/data/miplib_benders/qaoa_problems/nvars_10/neos8_ds_qaoa_R0002_R0003_R0004_0002.json,10,3,8,1073741824,qaoa,memory_error,,,,343.0892105039675,524434.6015625,"Failed to allocate the `data` of a (1073741824, 1073741824) Dia array of 2 diagonals."
qaoa_feasible_benchmark_a100_parallel_20260722_144854_shard00_qaoa.csv,neos8_ds_qaoa_R0002_R0003_R0004_0004,/home/zhenyusen/MIP-quantum/data/miplib_benders/qaoa_problems/nvars_10/neos8_ds_qaoa_R0002_R0003_R0004_0004.json,10,3,8,1073741824,qaoa,memory_error,,,,340.12942045298405,524383.7734375,"Failed to allocate the `data` of a (1073741824, 1073741824) Dia array of 2 diagonals."
qaoa_feasible_benchmark_a100_parallel_20260722_144854_shard00_qaoa.csv,neos8_ds_qaoa_R0002_R0003_R0004_0006,/home/zhenyusen/MIP-quantum/data/miplib_benders/qaoa_problems/nvars_10/neos8_ds_qaoa_R0002_R0003_R0004_0006.json,10,3,8,1073741824,qaoa,memory_error,,,,343.84920836100355,524391.4140625,"Failed to allocate the `data` of a (1073741824, 1073741824) Dia array of 2 diagonals."
qaoa_feasible_benchmark_a100_parallel_20260722_144854_shard00_qaoa.csv,neos8_ds_qaoa_R0003_R0004_0004,/home/zhenyusen/MIP-quantum/data/miplib_benders/qaoa_problems/nvars_10/neos8_ds_qaoa_R0003_R0004_0004.json,10,2,8,1073741824,qaoa,memory_error,,,,378.28751713293605,524433.05078125,"Failed to allocate the `data` of a (1073741824, 1073741824) Dia array of 2 diagonals."
qaoa_feasible_benchmark_a100_parallel_20260722_144854_shard00_qaoa.csv,neos8_ds_qaoa_R0003_R0004_R0065_0001,/home/zhenyusen/MIP-quantum/data/miplib_benders/qaoa_problems/nvars_10/neos8_ds_qaoa_R0003_R0004_R0065_0001.json,10,3,8,1073741824,qaoa,memory_error,,,,504.153557339916,524390.53515625,"Failed to allocate the `data` of a (1073741824, 1073741824) Dia array of 2 diagonals."
qaoa_feasible_benchmark_a100_parallel_20260722_144854_shard00_qaoa.csv,neos8_ds_qaoa_R0003_R0004_R0065_0003,/home/zhenyusen/MIP-quantum/data/miplib_benders/qaoa_problems/nvars_10/neos8_ds_qaoa_R0003_R0004_R0065_0003.json,10,3,8,1073741824,qaoa,memory_error,,,,628.1656668020878,493356.453125,"Failed to allocate the `data` of a (1073741824, 1073741824) Dia array of 2 diagonals."
qaoa_feasible_benchmark_a100_parallel_20260722_144854_shard00_qaoa.csv,neos8_ds_qaoa_R0003_R0004_R0065_0005,/home/zhenyusen/MIP-quantum/data/miplib_benders/qaoa_problems/nvars_10/neos8_ds_qaoa_R0003_R0004_R0065_0005.json,10,3,8,1073741824,qaoa,memory_error,,,,418.3429458620958,524410.95703125,"Failed to allocate the `data` of a (1073741824, 1073741824) Dia array of 2 diagonals."
qaoa_feasible_benchmark_a100_parallel_20260722_144854_shard00_qaoa.csv,neos8_ds_qaoa_R0004_R0065_0001,/home/zhenyusen/MIP-quantum/data/miplib_benders/qaoa_problems/nvars_10/neos8_ds_qaoa_R0004_R0065_0001.json,10,2,8,1073741824,qaoa,memory_error,,,,348.92679261788726,524360.8984375,"Failed to allocate the `data` of a (1073741824, 1073741824) Dia array of 2 diagonals."
qaoa_feasible_benchmark_a100_parallel_20260722_144854_shard00_qaoa.csv,neos8_ds_qaoa_R0004_R0065_0003,/home/zhenyusen/MIP-quantum/data/miplib_benders/qaoa_problems/nvars_10/neos8_ds_qaoa_R0004_R0065_0003.json,10,2,8,1073741824,qaoa,memory_error,,,,356.91143126389943,524400.62109375,"Failed to allocate the `data` of a (1073741824, 1073741824) Dia array of 2 diagonals."
qaoa_feasible_benchmark_a100_parallel_20260722_144854_shard00_qaoa.csv,neos8_ds_qaoa_R0004_R0065_0005,/home/zhenyusen/MIP-quantum/data/miplib_benders/qaoa_problems/nvars_10/neos8_ds_qaoa_R0004_R0065_0005.json,10,2,8,1073741824,qaoa,memory_error,,,,349.52946508699097,524416.70703125,"Failed to allocate the `data` of a (1073741824, 1073741824) Dia array of 2 diagonals."
qaoa_feasible_benchmark_a100_parallel_20260722_144854_shard00_qaoa.csv,neos8_ds_qaoa_R0004_R0065_0007,/home/zhenyusen/MIP-quantum/data/miplib_benders/qaoa_problems/nvars_10/neos8_ds_qaoa_R0004_R0065_0007.json,10,2,8,1073741824,qaoa,memory_error,,,,386.11600123508833,524421.52734375,"Failed to allocate the `data` of a (1073741824, 1073741824) Dia array of 2 diagonals."
qaoa_feasible_benchmark_a100_parallel_20260722_144854_shard00_qaoa.csv,supportcase6_ds_qaoa_c539_c722_0005,/home/zhenyusen/MIP-quantum/data/miplib_benders/qaoa_problems/nvars_10/supportcase6_ds_qaoa_c539_c722_0005.json,10,2,8,1073741824,qaoa,memory_error,,,,526.0293661758769,524399.76953125,"Failed to allocate the `data` of a (1073741824, 1073741824) Dia array of 2 diagonals."
qaoa_feasible_benchmark_a100_parallel_20260722_144854_shard00_qaoa.csv,supportcase6_ds_qaoa_c722_c726_0001,/home/zhenyusen/MIP-quantum/data/miplib_benders/qaoa_problems/nvars_10/supportcase6_ds_qaoa_c722_c726_0001.json,10,2,8,1073741824,qaoa,memory_error,,,,657.3096786071546,470152.33984375,"Failed to allocate the `data` of a (1073741824, 1073741824) Dia array of 2 diagonals."
qaoa_feasible_benchmark_a100_parallel_20260722_144854_shard00_qaoa.csv,supportcase6_ds_qaoa_c722_c726_0003,/home/zhenyusen/MIP-quantum/data/miplib_benders/qaoa_problems/nvars_10/supportcase6_ds_qaoa_c722_c726_0003.json,10,2,8,1073741824,qaoa,memory_error,,,,406.9671979788691,524404.21875,"Failed to allocate the `data` of a (1073741824, 1073741824) Dia array of 2 diagonals."
qaoa_feasible_benchmark_a100_parallel_20260722_144854_shard00_qaoa.csv,supportcase6_ds_qaoa_c722_c726_0005,/home/zhenyusen/MIP-quantum/data/miplib_benders/qaoa_problems/nvars_10/supportcase6_ds_qaoa_c722_c726_0005.json,10,2,8,1073741824,qaoa,memory_error,,,,354.89162245905027,524362.18359375,"Failed to allocate the `data` of a (1073741824, 1073741824) Dia array of 2 diagonals."
qaoa_feasible_benchmark_a100_parallel_20260722_144854_shard00_qaoa.csv,supportcase6_ds_qaoa_c722_c726_c733_0002,/home/zhenyusen/MIP-quantum/data/miplib_benders/qaoa_problems/nvars_10/supportcase6_ds_qaoa_c722_c726_c733_0002.json,10,3,8,1073741824,qaoa,memory_error,,,,444.94606353505515,524365.46875,"Failed to allocate the `data` of a (1073741824, 1073741824) Dia array of 2 diagonals."
qaoa_feasible_benchmark_a100_parallel_20260722_144854_shard00_qaoa.csv,supportcase6_ds_qaoa_c722_c726_c733_0004,/home/zhenyusen/MIP-quantum/data/miplib_benders/qaoa_problems/nvars_10/supportcase6_ds_qaoa_c722_c726_c733_0004.json,10,3,8,1073741824,qaoa,memory_error,,,,413.73402757407166,524391.87890625,"Failed to allocate the `data` of a (1073741824, 1073741824) Dia array of 2 diagonals."
qaoa_feasible_benchmark_a100_parallel_20260722_144854_shard00_qaoa.csv,supportcase6_ds_qaoa_c726_c733_0001,/home/zhenyusen/MIP-quantum/data/miplib_benders/qaoa_problems/nvars_10/supportcase6_ds_qaoa_c726_c733_0001.json,10,2,8,1073741824,qaoa,memory_error,,,,439.37890171515755,524400.22265625,"Failed to allocate the `data` of a (1073741824, 1073741824) Dia array of 2 diagonals."
qaoa_feasible_benchmark_a100_parallel_20260722_144854_shard00_qaoa.csv,supportcase6_ds_qaoa_c726_c733_c745_0001,/home/zhenyusen/MIP-quantum/data/miplib_benders/qaoa_problems/nvars_10/supportcase6_ds_qaoa_c726_c733_c745_0001.json,10,3,8,1073741824,qaoa,memory_error,,,,487.38794381101616,524390.94921875,"Failed to allocate the `data` of a (1073741824, 1073741824) Dia array of 2 diagonals."
qaoa_feasible_benchmark_a100_parallel_20260722_144854_shard00_qaoa.csv,supportcase6_ds_qaoa_c726_c733_c745_0003,/home/zhenyusen/MIP-quantum/data/miplib_benders/qaoa_problems/nvars_10/supportcase6_ds_qaoa_c726_c733_c745_0003.json,10,3,8,1073741824,qaoa,memory_error,,,,425.81951780989766,524415.359375,"Failed to allocate the `data` of a (1073741824, 1073741824) Dia array of 2 diagonals."
qaoa_feasible_benchmark_a100_parallel_20260722_144854_shard00_qaoa.csv,supportcase6_ds_qaoa_c726_c733_c745_0005,/home/zhenyusen/MIP-quantum/data/miplib_benders/qaoa_problems/nvars_10/supportcase6_ds_qaoa_c726_c733_c745_0005.json,10,3,8,1073741824,qaoa,memory_error,,,,351.1340543560218,524430.8671875,"Failed to allocate the `data` of a (1073741824, 1073741824) Dia array of 2 diagonals."
qaoa_feasible_benchmark_a100_parallel_20260722_144854_shard00_qaoa.csv,supportcase6_ds_qaoa_c733_c745_0002,/home/zhenyusen/MIP-quantum/data/miplib_benders/qaoa_problems/nvars_10/supportcase6_ds_qaoa_c733_c745_0002.json,10,2,8,1073741824,qaoa,memory_error,,,,421.95103249908425,524401.88671875,"Failed to allocate the `data` of a (1073741824, 1073741824) Dia array of 2 diagonals."
qaoa_feasible_benchmark_a100_parallel_20260722_144854_shard00_qaoa.csv,supportcase6_ds_qaoa_c733_c745_c747_0002,/home/zhenyusen/MIP-quantum/data/miplib_benders/qaoa_problems/nvars_10/supportcase6_ds_qaoa_c733_c745_c747_0002.json,10,3,8,1073741824,qaoa,memory_error,,,,608.0796519001015,524418.921875,"Failed to allocate the `data` of a (1073741824, 1073741824) Dia array of 2 diagonals."
qaoa_feasible_benchmark_a100_parallel_20260722_144854_shard00_qaoa.csv,supportcase6_ds_qaoa_c733_c745_c747_0004,/home/zhenyusen/MIP-quantum/data/miplib_benders/qaoa_problems/nvars_10/supportcase6_ds_qaoa_c733_c745_c747_0004.json,10,3,8,1073741824,qaoa,memory_error,,,,451.9118024709169,524351.05078125,"Failed to allocate the `data` of a (1073741824, 1073741824) Dia array of 2 diagonals."
qaoa_feasible_benchmark_a100_parallel_20260722_144854_shard00_qaoa.csv,supportcase6_ds_qaoa_c745_c747_0001,/home/zhenyusen/MIP-quantum/data/miplib_benders/qaoa_problems/nvars_10/supportcase6_ds_qaoa_c745_c747_0001.json,10,2,8,1073741824,qaoa,memory_error,,,,413.33985373796895,524393.74609375,"Failed to allocate the `data` of a (1073741824, 1073741824) Dia array of 2 diagonals."
qaoa_feasible_benchmark_a100_parallel_20260722_144854_shard00_qaoa.csv,supportcase6_ds_qaoa_c745_c747_0003,/home/zhenyusen/MIP-quantum/data/miplib_benders/qaoa_problems/nvars_10/supportcase6_ds_qaoa_c745_c747_0003.json,10,2,8,1073741824,qaoa,memory_error,,,,348.1674321379978,524417.375,"Failed to allocate the `data` of a (1073741824, 1073741824) Dia array of 2 diagonals."
qaoa_feasible_benchmark_a100_parallel_20260722_144854_shard00_qaoa.csv,supportcase6_ds_qaoa_c745_c747_0005,/home/zhenyusen/MIP-quantum/data/miplib_benders/qaoa_problems/nvars_10/supportcase6_ds_qaoa_c745_c747_0005.json,10,2,8,1073741824,qaoa,memory_error,,,,487.8878887798637,524435.1875,"Failed to allocate the `data` of a (1073741824, 1073741824) Dia array of 2 diagonals."
qaoa_feasible_benchmark_a100_parallel_20260722_144854_shard00_qaoa.csv,supportcase6_ds_qaoa_c745_c747_c759_0002,/home/zhenyusen/MIP-quantum/data/miplib_benders/qaoa_problems/nvars_10/supportcase6_ds_qaoa_c745_c747_c759_0002.json,10,3,8,1073741824,qaoa,memory_error,,,,612.2741803710815,524417.76953125,"Failed to allocate the `data` of a (1073741824, 1073741824) Dia array of 2 diagonals."
qaoa_feasible_benchmark_a100_parallel_20260722_144854_shard00_qaoa.csv,supportcase6_ds_qaoa_c745_c747_c759_0004,/home/zhenyusen/MIP-quantum/data/miplib_benders/qaoa_problems/nvars_10/supportcase6_ds_qaoa_c745_c747_c759_0004.json,10,3,8,1073741824,qaoa,memory_error,,,,446.7926476029679,524407.76953125,"Failed to allocate the `data` of a (1073741824, 1073741824) Dia array of 2 diagonals."
qaoa_feasible_benchmark_a100_parallel_20260722_144854_shard00_qaoa.csv,supportcase6_ds_qaoa_c747_c759_0001,/home/zhenyusen/MIP-quantum/data/miplib_benders/qaoa_problems/nvars_10/supportcase6_ds_qaoa_c747_c759_0001.json,10,2,8,1073741824,qaoa,memory_error,,,,488.213031450985,524410.94140625,"Failed to allocate the `data` of a (1073741824, 1073741824) Dia array of 2 diagonals."
qaoa_feasible_benchmark_a100_parallel_20260722_144854_shard00_qaoa.csv,supportcase6_ds_qaoa_c747_c759_0003,/home/zhenyusen/MIP-quantum/data/miplib_benders/qaoa_problems/nvars_10/supportcase6_ds_qaoa_c747_c759_0003.json,10,2,8,1073741824,qaoa,memory_error,,,,613.2900687130168,524387.08984375,"Failed to allocate the `data` of a (1073741824, 1073741824) Dia array of 2 diagonals."
qaoa_feasible_benchmark_a100_parallel_20260722_144854_shard00_qaoa.csv,supportcase6_ds_qaoa_c747_c759_0005,/home/zhenyusen/MIP-quantum/data/miplib_benders/qaoa_problems/nvars_10/supportcase6_ds_qaoa_c747_c759_0005.json,10,2,8,1073741824,qaoa,memory_error,,,,437.5892402441241,524401.078125,"Failed to allocate the `data` of a (1073741824, 1073741824) Dia array of 2 diagonals."
qaoa_feasible_benchmark_a100_parallel_20260722_144854_shard00_qaoa.csv,supportcase6_ds_qaoa_c747_c759_c762_0002,/home/zhenyusen/MIP-quantum/data/miplib_benders/qaoa_problems/nvars_10/supportcase6_ds_qaoa_c747_c759_c762_0002.json,10,3,8,1073741824,qaoa,memory_error,,,,462.357743446948,524404.359375,"Failed to allocate the `data` of a (1073741824, 1073741824) Dia array of 2 diagonals."
qaoa_feasible_benchmark_a100_parallel_20260722_144854_shard00_qaoa.csv,supportcase6_ds_qaoa_c747_c759_c762_0004,/home/zhenyusen/MIP-quantum/data/miplib_benders/qaoa_problems/nvars_10/supportcase6_ds_qaoa_c747_c759_c762_0004.json,10,3,8,1073741824,qaoa,memory_error,,,,545.2079416168854,524381.8984375,"Failed to allocate the `data` of a (1073741824, 1073741824) Dia array of 2 diagonals."
qaoa_feasible_benchmark_a100_parallel_20260722_144854_shard01_qaoa.csv,neos-5188808-nattai_ds_qaoa_R15181_R15052_0007,/home/zhenyusen/MIP-quantum/data/miplib_benders/qaoa_problems/nvars_09/neos-5188808-nattai_ds_qaoa_R15181_R15052_0007.json,9,2,8,134217728,qaoa,feasible,3968.033970500808,28.0,"{""C14305"": 6, ""C14306"": 7, ""C14308"": 0, ""C14309"": 0, ""C14310"": 0, ""C14311"": 0, ""C14312"": 0, ""C14313"": 1, ""row_slack_R15052"": 4}",3977.372139248997,82075.81640625,
qaoa_feasible_benchmark_a100_parallel_20260722_144854_shard01_qaoa.csv,neos8_ds_qaoa_R0001_R0002_0002,/home/zhenyusen/MIP-quantum/data/miplib_benders/qaoa_problems/nvars_09/neos8_ds_qaoa_R0001_R0002_0002.json,9,2,8,134217728,qaoa,memory_error,,,,348.00444878288545,143513.30859375,"Failed to allocate the `data` of a (134217728, 134217728) Dia array of 16 diagonals."
qaoa_feasible_benchmark_a100_parallel_20260722_144854_shard01_qaoa.csv,neos8_ds_qaoa_R0001_R0002_0004,/home/zhenyusen/MIP-quantum/data/miplib_benders/qaoa_problems/nvars_09/neos8_ds_qaoa_R0001_R0002_0004.json,9,2,8,134217728,qaoa,memory_error,,,,364.59149086708203,143512.3671875,"Failed to allocate the `data` of a (134217728, 134217728) Dia array of 16 diagonals."
qaoa_feasible_benchmark_a100_parallel_20260722_144854_shard01_qaoa.csv,neos8_ds_qaoa_R0001_R0002_R0003_0001,/home/zhenyusen/MIP-quantum/data/miplib_benders/qaoa_problems/nvars_09/neos8_ds_qaoa_R0001_R0002_R0003_0001.json,9,3,8,134217728,qaoa,feasible,3898.1066296019126,0.0,"{""C0001"": 0, ""C0002"": 0, ""C0005"": 0, ""C0006"": 0, ""C0009"": 0, ""C0013"": 0, ""row_slack_R0001"": 1, ""row_slack_R0002"": 1, ""row_slack_R0003"": 1}",3911.41403149697,139419.7890625,
qaoa_feasible_benchmark_a100_parallel_20260722_144854_shard01_qaoa.csv,neos8_ds_qaoa_R0001_R0002_R0003_0003,/home/zhenyusen/MIP-quantum/data/miplib_benders/qaoa_problems/nvars_09/neos8_ds_qaoa_R0001_R0002_R0003_0003.json,9,3,8,134217728,qaoa,feasible,3723.1932852009777,0.0,"{""C0005"": 0, ""C0006"": 0, ""C0009"": 0, ""C0013"": 0, ""C0014"": 0, ""C0017"": 0, ""row_slack_R0001"": 1, ""row_slack_R0002"": 1, ""row_slack_R0003"": 1}",3737.4223448338453,139417.8046875,
qaoa_feasible_benchmark_a100_parallel_20260722_144854_shard01_qaoa.csv,neos8_ds_qaoa_R0001_R0002_R0003_0005,/home/zhenyusen/MIP-quantum/data/miplib_benders/qaoa_problems/nvars_09/neos8_ds_qaoa_R0001_R0002_R0003_0005.json,9,3,8,134217728,qaoa,feasible,3760.4713354881387,0.0,"{""C0009"": 0, ""C0013"": 0, ""C0014"": 0, ""C0017"": 0, ""C0018"": 0, ""C0022"": 0, ""row_slack_R0001"": 1, ""row_slack_R0002"": 1, ""row_slack_R0003"": 1}",3774.6599864950404,139418.53515625,
qaoa_feasible_benchmark_a100_parallel_20260722_144854_shard01_qaoa.csv,neos8_ds_qaoa_R0002_R0003_0001,/home/zhenyusen/MIP-quantum/data/miplib_benders/qaoa_problems/nvars_09/neos8_ds_qaoa_R0002_R0003_0001.json,9,2,8,134217728,qaoa,memory_error,,,,354.62038464914076,143515.79296875,"Failed to allocate the `data` of a (134217728, 134217728) Dia array of 16 diagonals."
qaoa_feasible_benchmark_a100_parallel_20260722_144854_shard01_qaoa.csv,neos8_ds_qaoa_R0002_R0003_0003,/home/zhenyusen/MIP-quantum/data/miplib_benders/qaoa_problems/nvars_09/neos8_ds_qaoa_R0002_R0003_0003.json,9,2,8,134217728,qaoa,memory_error,,,,268.3669219450094,143516.25,"Failed to allocate the `data` of a (134217728, 134217728) Dia array of 16 diagonals."
qaoa_feasible_benchmark_a100_parallel_20260722_144854_shard01_qaoa.csv,neos8_ds_qaoa_R0002_R0003_R0004_0001,/home/zhenyusen/MIP-quantum/data/miplib_benders/qaoa_problems/nvars_09/neos8_ds_qaoa_R0002_R0003_R0004_0001.json,9,3,8,134217728,qaoa,feasible,3941.644462339813,0.0,"{""C0001"": 0, ""C0002"": 0, ""C0005"": 0, ""C0006"": 0, ""C0009"": 0, ""C0013"": 0, ""row_slack_R0002"": 1, ""row_slack_R0003"": 1, ""row_slack_R0004"": 1}",3956.6099867110606,139420.05078125,
qaoa_feasible_benchmark_a100_parallel_20260722_144854_shard01_qaoa.csv,neos8_ds_qaoa_R0002_R0003_R0004_0003,/home/zhenyusen/MIP-quantum/data/miplib_benders/qaoa_problems/nvars_09/neos8_ds_qaoa_R0002_R0003_R0004_0003.json,9,3,8,134217728,qaoa,feasible,4255.72893258417,0.0,"{""C0005"": 0, ""C0006"": 0, ""C0009"": 0, ""C0013"": 0, ""C0014"": 0, ""C0017"": 0, ""row_slack_R0002"": 1, ""row_slack_R0003"": 1, ""row_slack_R0004"": 1}",4272.274102416122,139409.2265625,
qaoa_feasible_benchmark_a100_parallel_20260722_144854_shard01_qaoa.csv,neos8_ds_qaoa_R0002_R0003_R0004_0005,/home/zhenyusen/MIP-quantum/data/miplib_benders/qaoa_problems/nvars_09/neos8_ds_qaoa_R0002_R0003_R0004_0005.json,9,3,8,134217728,qaoa,feasible,4201.832400690066,0.0,"{""C0009"": 0, ""C0013"": 0, ""C0014"": 0, ""C0017"": 0, ""C0018"": 0, ""C0022"": 0, ""row_slack_R0002"": 1, ""row_slack_R0003"": 1, ""row_slack_R0004"": 1}",4219.011316878023,139416.1875,
qaoa_feasible_benchmark_a100_parallel_20260722_144854_shard01_qaoa.csv,neos8_ds_qaoa_R0003_R0004_0001,/home/zhenyusen/MIP-quantum/data/miplib_benders/qaoa_problems/nvars_09/neos8_ds_qaoa_R0003_R0004_0001.json,9,2,8,134217728,qaoa,memory_error,,,,415.15735974907875,143510.02734375,"Failed to allocate the `data` of a (134217728, 134217728) Dia array of 16 diagonals."
qaoa_feasible_benchmark_a100_parallel_20260722_144854_shard01_qaoa.csv,neos8_ds_qaoa_R0003_R0004_0003,/home/zhenyusen/MIP-quantum/data/miplib_benders/qaoa_problems/nvars_09/neos8_ds_qaoa_R0003_R0004_0003.json,9,2,8,134217728,qaoa,memory_error,,,,408.9716059861239,143514.4453125,"Failed to allocate the `data` of a (134217728, 134217728) Dia array of 16 diagonals."
qaoa_feasible_benchmark_a100_parallel_20260722_144854_shard01_qaoa.csv,neos8_ds_qaoa_R0003_R0004_0005,/home/zhenyusen/MIP-quantum/data/miplib_benders/qaoa_problems/nvars_09/neos8_ds_qaoa_R0003_R0004_0005.json,9,2,8,134217728,qaoa,memory_error,,,,412.7521889330819,143515.796875,"Failed to allocate the `data` of a (134217728, 134217728) Dia array of 16 diagonals."
qaoa_feasible_benchmark_a100_parallel_20260722_144854_shard01_qaoa.csv,neos8_ds_qaoa_R0003_R0004_R0065_0001,/home/zhenyusen/MIP-quantum/data/miplib_benders/qaoa_problems/nvars_09/neos8_ds_qaoa_R0003_R0004_R0065_0001.json,9,3,8,134217728,qaoa,feasible,3538.1562136660796,0.0,"{""C0001"": 0, ""C0002"": 0, ""C0005"": 0, ""C0006"": 0, ""C0009"": 0, ""C0013"": 0, ""row_slack_R0003"": 1, ""row_slack_R0004"": 1, ""row_slack_R0065"": 0}",3550.123132463079,139416.4765625,
qaoa_feasible_benchmark_a100_parallel_20260722_144854_shard01_qaoa.csv,neos8_ds_qaoa_R0003_R0004_R0065_0003,/home/zhenyusen/MIP-quantum/data/miplib_benders/qaoa_problems/nvars_09/neos8_ds_qaoa_R0003_R0004_R0065_0003.json,9,3,8,134217728,qaoa,feasible,3723.0587971380446,0.0,"{""C0005"": 0, ""C0006"": 0, ""C0009"": 0, ""C0013"": 0, ""C0014"": 0, ""C0017"": 0, ""row_slack_R0003"": 1, ""row_slack_R0004"": 1, ""row_slack_R0065"": 0}",3758.3788221750874,139417.91015625,
qaoa_feasible_benchmark_a100_parallel_20260722_144854_shard01_qaoa.csv,neos8_ds_qaoa_R0003_R0004_R0065_0005,/home/zhenyusen/MIP-quantum/data/miplib_benders/qaoa_problems/nvars_09/neos8_ds_qaoa_R0003_R0004_R0065_0005.json,9,3,8,134217728,qaoa,feasible,3365.177946244832,0.0,"{""C0009"": 0, ""C0013"": 0, ""C0014"": 0, ""C0017"": 0, ""C0018"": 0, ""C0022"": 0, ""row_slack_R0003"": 1, ""row_slack_R0004"": 1, ""row_slack_R0065"": 0}",3376.7771995561197,139417.7421875,
qaoa_feasible_benchmark_a100_parallel_20260722_144854_shard01_qaoa.csv,neos8_ds_qaoa_R0004_R0065_0001,/home/zhenyusen/MIP-quantum/data/miplib_benders/qaoa_problems/nvars_09/neos8_ds_qaoa_R0004_R0065_0001.json,9,2,8,134217728,qaoa,memory_error,,,,411.30346954008564,143507.1953125,"Failed to allocate the `data` of a (134217728, 134217728) Dia array of 16 diagonals."
qaoa_feasible_benchmark_a100_parallel_20260722_144854_shard01_qaoa.csv,neos8_ds_qaoa_R0004_R0065_0003,/home/zhenyusen/MIP-quantum/data/miplib_benders/qaoa_problems/nvars_09/neos8_ds_qaoa_R0004_R0065_0003.json,9,2,8,134217728,qaoa,memory_error,,,,342.0954299850855,143509.83984375,"Failed to allocate the `data` of a (134217728, 134217728) Dia array of 16 diagonals."
qaoa_feasible_benchmark_a100_parallel_20260722_144854_shard01_qaoa.csv,neos8_ds_qaoa_R0004_R0065_0005,/home/zhenyusen/MIP-quantum/data/miplib_benders/qaoa_problems/nvars_09/neos8_ds_qaoa_R0004_R0065_0005.json,9,2,8,134217728,qaoa,memory_error,,,,256.4020499079488,143503.1640625,"Failed to allocate the `data` of a (134217728, 134217728) Dia array of 16 diagonals."
qaoa_feasible_benchmark_a100_parallel_20260722_144854_shard01_qaoa.csv,neos8_ds_qaoa_R0004_R0065_0008,/home/zhenyusen/MIP-quantum/data/miplib_benders/qaoa_problems/nvars_09/neos8_ds_qaoa_R0004_R0065_0008.json,9,2,8,134217728,qaoa,memory_error,,,,274.1189972751308,143507.546875,"Failed to allocate the `data` of a (134217728, 134217728) Dia array of 16 diagonals."
qaoa_feasible_benchmark_a100_parallel_20260722_144854_shard01_qaoa.csv,supportcase6_ds_qaoa_c539_c722_c726_0006,/home/zhenyusen/MIP-quantum/data/miplib_benders/qaoa_problems/nvars_09/supportcase6_ds_qaoa_c539_c722_c726_0006.json,9,3,8,134217728,qaoa,feasible,3532.289268233115,151847000.0,"{""B100623(7)"": 0, ""B101029(7)"": 0, ""B101035(7)"": 0, ""B101037(7)"": 0, ""B101043(7)"": 0, ""B101058(7)"": 1, ""B101479(7)"": 0, ""B101485(7)"": 0, ""B101487(7)"": 0}",3548.692032404011,139416.83203125,
qaoa_feasible_benchmark_a100_parallel_20260722_144854_shard01_qaoa.csv,supportcase6_ds_qaoa_c722_c726_0002,/home/zhenyusen/MIP-quantum/data/miplib_benders/qaoa_problems/nvars_09/supportcase6_ds_qaoa_c722_c726_0002.json,9,2,8,134217728,qaoa,memory_error,,,,331.50265788380057,143504.18359375,"Failed to allocate the `data` of a (134217728, 134217728) Dia array of 16 diagonals."
qaoa_feasible_benchmark_a100_parallel_20260722_144854_shard01_qaoa.csv,supportcase6_ds_qaoa_c722_c726_0004,/home/zhenyusen/MIP-quantum/data/miplib_benders/qaoa_problems/nvars_09/supportcase6_ds_qaoa_c722_c726_0004.json,9,2,8,134217728,qaoa,memory_error,,,,296.45203404291533,143515.7890625,"Failed to allocate the `data` of a (134217728, 134217728) Dia array of 16 diagonals."
qaoa_feasible_benchmark_a100_parallel_20260722_144854_shard01_qaoa.csv,supportcase6_ds_qaoa_c722_c726_c733_0001,/home/zhenyusen/MIP-quantum/data/miplib_benders/qaoa_problems/nvars_09/supportcase6_ds_qaoa_c722_c726_c733_0001.json,9,3,8,134217728,qaoa,feasible,3934.664880594937,134333000.0,"{""B100166(7)"": 0, ""B100594(7)"": 0, ""B100600(7)"": 0, ""B100602(7)"": 0, ""B100608(7)"": 0, ""B100623(7)"": 0, ""B101029(7)"": 0, ""B101035(7)"": 1, ""B101037(7)"": 0}",3942.815808523912,139417.7734375,
qaoa_feasible_benchmark_a100_parallel_20260722_144854_shard01_qaoa.csv,supportcase6_ds_qaoa_c722_c726_c733_0003,/home/zhenyusen/MIP-quantum/data/miplib_benders/qaoa_problems/nvars_09/supportcase6_ds_qaoa_c722_c726_c733_0003.json,9,3,8,134217728,qaoa,feasible,3050.6389562429395,134333000.0,"{""B100600(7)"": 0, ""B100602(7)"": 0, ""B100608(7)"": 0, ""B100623(7)"": 0, ""B101029(7)"": 0, ""B101035(7)"": 1, ""B101037(7)"": 0, ""B101043(7)"": 0, ""B101058(7)"": 0}",3067.7237860229798,139404.33984375,
qaoa_feasible_benchmark_a100_parallel_20260722_144854_shard01_qaoa.csv,supportcase6_ds_qaoa_c726_c733_0001,/home/zhenyusen/MIP-quantum/data/miplib_benders/qaoa_problems/nvars_09/supportcase6_ds_qaoa_c726_c733_0001.json,9,2,8,134217728,qaoa,memory_error,,,,363.23190656281076,143515.79296875,"Failed to allocate the `data` of a (134217728, 134217728) Dia array of 16 diagonals."
qaoa_feasible_benchmark_a100_parallel_20260722_144854_shard01_qaoa.csv,supportcase6_ds_qaoa_c726_c733_c745_0002,/home/zhenyusen/MIP-quantum/data/miplib_benders/qaoa_problems/nvars_09/supportcase6_ds_qaoa_c726_c733_c745_0002.json,9,3,8,134217728,qaoa,feasible,3248.9383216400165,134333000.0,"{""B100594(7)"": 0, ""B100600(7)"": 0, ""B100602(7)"": 0, ""B100608(7)"": 0, ""B100623(7)"": 0, ""B101029(7)"": 0, ""B101035(7)"": 1, ""B101037(7)"": 0, ""B101043(7)"": 0}",3266.5004801140167,139414.87890625,
qaoa_feasible_benchmark_a100_parallel_20260722_144854_shard01_qaoa.csv,supportcase6_ds_qaoa_c726_c733_c745_0004,/home/zhenyusen/MIP-quantum/data/miplib_benders/qaoa_problems/nvars_09/supportcase6_ds_qaoa_c726_c733_c745_0004.json,9,3,8,134217728,qaoa,feasible,3937.6747284929734,296734000.0,"{""B100602(7)"": 0, ""B100608(7)"": 0, ""B100623(7)"": 0, ""B101029(7)"": 0, ""B101035(7)"": 0, ""B101037(7)"": 0, ""B101043(7)"": 1, ""B101058(7)"": 1, ""B101479(7)"": 0}",3946.7968104169704,139419.8203125,
qaoa_feasible_benchmark_a100_parallel_20260722_144854_shard01_qaoa.csv,supportcase6_ds_qaoa_c733_c745_0001,/home/zhenyusen/MIP-quantum/data/miplib_benders/qaoa_problems/nvars_09/supportcase6_ds_qaoa_c733_c745_0001.json,9,2,8,134217728,qaoa,memory_error,,,,235.43195204203948,143514.2890625,"Failed to allocate the `data` of a (134217728, 134217728) Dia array of 16 diagonals."
qaoa_feasible_benchmark_a100_parallel_20260722_144854_shard01_qaoa.csv,supportcase6_ds_qaoa_c733_c745_0003,/home/zhenyusen/MIP-quantum/data/miplib_benders/qaoa_problems/nvars_09/supportcase6_ds_qaoa_c733_c745_0003.json,9,2,8,134217728,qaoa,memory_error,,,,415.21136896288954,143514.3828125,"Failed to allocate the `data` of a (134217728, 134217728) Dia array of 16 diagonals."
qaoa_feasible_benchmark_a100_parallel_20260722_144854_shard01_qaoa.csv,supportcase6_ds_qaoa_c733_c745_c747_0002,/home/zhenyusen/MIP-quantum/data/miplib_benders/qaoa_problems/nvars_09/supportcase6_ds_qaoa_c733_c745_c747_0002.json,9,3,8,134217728,qaoa,feasible,3623.664709392935,144887000.0,"{""B100594(7)"": 0, ""B100600(7)"": 0, ""B100602(7)"": 0, ""B100608(7)"": 0, ""B100623(7)"": 0, ""B101029(7)"": 0, ""B101035(7)"": 0, ""B101037(7)"": 0, ""B101043(7)"": 1}",3652.389226908097,139418.2421875,
qaoa_feasible_benchmark_a100_parallel_20260722_144854_shard01_qaoa.csv,supportcase6_ds_qaoa_c733_c745_c747_0004,/home/zhenyusen/MIP-quantum/data/miplib_benders/qaoa_problems/nvars_09/supportcase6_ds_qaoa_c733_c745_c747_0004.json,9,3,8,134217728,qaoa,feasible,3859.2448752708733,144887000.0,"{""B100602(7)"": 0, ""B100608(7)"": 0, ""B100623(7)"": 0, ""B101029(7)"": 0, ""B101035(7)"": 0, ""B101037(7)"": 0, ""B101043(7)"": 1, ""B101058(7)"": 0, ""B101479(7)"": 0}",3882.0734442190733,139416.0625,
qaoa_feasible_benchmark_a100_parallel_20260722_144854_shard01_qaoa.csv,supportcase6_ds_qaoa_c745_c747_0001,/home/zhenyusen/MIP-quantum/data/miplib_benders/qaoa_problems/nvars_09/supportcase6_ds_qaoa_c745_c747_0001.json,9,2,8,134217728,qaoa,memory_error,,,,476.6163315230515,143513.96875,"Failed to allocate the `data` of a (134217728, 134217728) Dia array of 16 diagonals."
qaoa_feasible_benchmark_a100_parallel_20260722_144854_shard01_qaoa.csv,supportcase6_ds_qaoa_c745_c747_0003,/home/zhenyusen/MIP-quantum/data/miplib_benders/qaoa_problems/nvars_09/supportcase6_ds_qaoa_c745_c747_0003.json,9,2,8,134217728,qaoa,memory_error,,,,460.37413182202727,143500.1953125,"Failed to allocate the `data` of a (134217728, 134217728) Dia array of 16 diagonals."
qaoa_feasible_benchmark_a100_parallel_20260722_144854_shard01_qaoa.csv,supportcase6_ds_qaoa_c745_c747_0005,/home/zhenyusen/MIP-quantum/data/miplib_benders/qaoa_problems/nvars_09/supportcase6_ds_qaoa_c745_c747_0005.json,9,2,8,134217728,qaoa,memory_error,,,,413.6880106308963,143510.33203125,"Failed to allocate the `data` of a (134217728, 134217728) Dia array of 16 diagonals."
qaoa_feasible_benchmark_a100_parallel_20260722_144854_shard01_qaoa.csv,supportcase6_ds_qaoa_c745_c747_c759_0002,/home/zhenyusen/MIP-quantum/data/miplib_benders/qaoa_problems/nvars_09/supportcase6_ds_qaoa_c745_c747_c759_0002.json,9,3,8,134217728,qaoa,feasible,2658.1189481860492,150892000.0,"{""B100594(7)"": 0, ""B100600(7)"": 0, ""B100602(7)"": 0, ""B100608(7)"": 0, ""B100623(7)"": 0, ""B101029(7)"": 1, ""B101035(7)"": 0, ""B101037(7)"": 0, ""B101043(7)"": 0}",2679.4357552689034,139420.37890625,
qaoa_feasible_benchmark_a100_parallel_20260722_144854_shard01_qaoa.csv,supportcase6_ds_qaoa_c745_c747_c759_0005,/home/zhenyusen/MIP-quantum/data/miplib_benders/qaoa_problems/nvars_09/supportcase6_ds_qaoa_c745_c747_c759_0005.json,9,3,8,134217728,qaoa,feasible,3668.6082915901206,150892000.0,"{""B100608(7)"": 0, ""B100623(7)"": 0, ""B101029(7)"": 0, ""B101035(7)"": 0, ""B101037(7)"": 0, ""B101043(7)"": 0, ""B101058(7)"": 0, ""B101479(7)"": 1, ""B101485(7)"": 0}",3687.7323874079157,139419.77734375,
qaoa_feasible_benchmark_a100_parallel_20260722_144854_shard01_qaoa.csv,supportcase6_ds_qaoa_c747_c759_0002,/home/zhenyusen/MIP-quantum/data/miplib_benders/qaoa_problems/nvars_09/supportcase6_ds_qaoa_c747_c759_0002.json,9,2,8,134217728,qaoa,memory_error,,,,458.36650473996997,143513.80859375,"Failed to allocate the `data` of a (134217728, 134217728) Dia array of 16 diagonals."
qaoa_feasible_benchmark_a100_parallel_20260722_144854_shard01_qaoa.csv,supportcase6_ds_qaoa_c747_c759_0004,/home/zhenyusen/MIP-quantum/data/miplib_benders/qaoa_problems/nvars_09/supportcase6_ds_qaoa_c747_c759_0004.json,9,2,8,134217728,qaoa,memory_error,,,,447.03824156709015,143510.16015625,"Failed to allocate the `data` of a (134217728, 134217728) Dia array of 16 diagonals."
qaoa_feasible_benchmark_a100_parallel_20260722_144854_shard01_qaoa.csv,supportcase6_ds_qaoa_c747_c759_c762_0001,/home/zhenyusen/MIP-quantum/data/miplib_benders/qaoa_problems/nvars_09/supportcase6_ds_qaoa_c747_c759_c762_0001.json,9,3,8,134217728,qaoa,feasible,3087.226982986089,151847000.0,"{""B100166(7)"": 0, ""B100594(7)"": 0, ""B100600(7)"": 0, ""B100602(7)"": 0, ""B100608(7)"": 0, ""B100623(7)"": 1, ""B101029(7)"": 0, ""B101035(7)"": 0, ""B101037(7)"": 0}",3100.1939855739474,139411.02734375,
qaoa_feasible_benchmark_a100_parallel_20260722_144854_shard01_qaoa.csv,supportcase6_ds_qaoa_c747_c759_c762_0004,/home/zhenyusen/MIP-quantum/data/miplib_benders/qaoa_problems/nvars_09/supportcase6_ds_qaoa_c747_c759_c762_0004.json,9,3,8,134217728,qaoa,feasible,3188.9903934299946,151847000.0,"{""B100602(7)"": 0, ""B100608(7)"": 0, ""B100623(7)"": 0, ""B101029(7)"": 0, ""B101035(7)"": 0, ""B101037(7)"": 0, ""B101043(7)"": 0, ""B101058(7)"": 1, ""B101479(7)"": 0}",3202.3574042441323,139410.7421875,
qaoa_feasible_benchmark_a100_parallel_20260722_144854_shard01_qaoa.csv,supportcase6_ds_qaoa_c759_c762_0001,/home/zhenyusen/MIP-quantum/data/miplib_benders/qaoa_problems/nvars_09/supportcase6_ds_qaoa_c759_c762_0001.json,9,2,8,134217728,qaoa,memory_error,,,,351.3694588879589,143511.9453125,"Failed to allocate the `data` of a (134217728, 134217728) Dia array of 16 diagonals."
qaoa_feasible_benchmark_a100_parallel_20260722_144854_shard01_qaoa.csv,assign1-5-8_ds_qaoa_R0133_R0002_R0003_0001,/home/zhenyusen/MIP-quantum/data/miplib_benders/qaoa_problems/nvars_10/assign1-5-8_ds_qaoa_R0133_R0002_R0003_0001.json,10,3,8,1073741824,qaoa,memory_error,,,,592.9392281810287,524383.8203125,"Failed to allocate the `data` of a (1073741824, 1073741824) Dia array of 2 diagonals."
qaoa_feasible_benchmark_a100_parallel_20260722_144854_shard01_qaoa.csv,ex10_ds_qaoa_NOD26_NOD2X2_0001,/home/zhenyusen/MIP-quantum/data/miplib_benders/qaoa_problems/nvars_10/ex10_ds_qaoa_NOD26_NOD2X2_0001.json,10,2,8,1073741824,qaoa,memory_error,,,,512.2183813310694,524392.4609375,"Failed to allocate the `data` of a (1073741824, 1073741824) Dia array of 2 diagonals."
qaoa_feasible_benchmark_a100_parallel_20260722_144854_shard01_qaoa.csv,ex9_ds_qaoa_NOD2X5_NOD37_0003,/home/zhenyusen/MIP-quantum/data/miplib_benders/qaoa_problems/nvars_10/ex9_ds_qaoa_NOD2X5_NOD37_0003.json,10,2,8,1073741824,qaoa,memory_error,,,,361.7260240931064,524384.2578125,"Failed to allocate the `data` of a (1073741824, 1073741824) Dia array of 2 diagonals."
qaoa_feasible_benchmark_a100_parallel_20260722_144854_shard01_qaoa.csv,ex9_ds_qaoa_NOD2X5_NOD37_0005,/home/zhenyusen/MIP-quantum/data/miplib_benders/qaoa_problems/nvars_10/ex9_ds_qaoa_NOD2X5_NOD37_0005.json,10,2,8,1073741824,qaoa,memory_error,,,,338.55825385497883,524408.15625,"Failed to allocate the `data` of a (1073741824, 1073741824) Dia array of 2 diagonals."
qaoa_feasible_benchmark_a100_parallel_20260722_144854_shard01_qaoa.csv,highschool1-aigio_ds_qaoa_spreadEventsUB_SpreadEvents1_108_Mo_spreadEventsUB_SpreadEvents1_108_Th_subeventsNotActive_108_1_1_0002,/home/zhenyusen/MIP-quantum/data/miplib_benders/qaoa_problems/nvars_10/highschool1-aigio_ds_qaoa_spreadEventsUB_SpreadEvents1_108_Mo_spreadEventsUB_SpreadEvents1_108_Th_subeventsNotActive_108_1_1_0002.json,10,3,8,1073741824,qaoa,memory_error,,,,334.9905580950435,524393.90234375,"Failed to allocate the `data` of a (1073741824, 1073741824) Dia array of 2 diagonals."
qaoa_feasible_benchmark_a100_parallel_20260722_144854_shard01_qaoa.csv,irp_ds_qaoa_R0010_R0015_0001,/home/zhenyusen/MIP-quantum/data/miplib_benders/qaoa_problems/nvars_10/irp_ds_qaoa_R0010_R0015_0001.json,10,2,8,1073741824,qaoa,memory_error,,,,346.9058342638891,524428.19140625,"Failed to allocate the `data` of a (1073741824, 1073741824) Dia array of 2 diagonals."
qaoa_feasible_benchmark_a100_parallel_20260722_144854_shard01_qaoa.csv,leo1_ds_qaoa_R0000090_R0000091_R0000095_0003,/home/zhenyusen/MIP-quantum/data/miplib_benders/qaoa_problems/nvars_10/leo1_ds_qaoa_R0000090_R0000091_R0000095_0003.json,10,3,8,1073741824,qaoa,memory_error,,,,344.00268653803505,524415.38671875,"Failed to allocate the `data` of a (1073741824, 1073741824) Dia array of 2 diagonals."
qaoa_feasible_benchmark_a100_parallel_20260722_144854_shard01_qaoa.csv,leo1_ds_qaoa_R0000097_R0000335_R0000339_0003,/home/zhenyusen/MIP-quantum/data/miplib_benders/qaoa_problems/nvars_10/leo1_ds_qaoa_R0000097_R0000335_R0000339_0003.json,10,3,8,1073741824,qaoa,memory_error,,,,354.559808019083,524420.4375,"Failed to allocate the `data` of a (1073741824, 1073741824) Dia array of 2 diagonals."
qaoa_feasible_benchmark_a100_parallel_20260722_144854_shard01_qaoa.csv,leo1_ds_qaoa_R0000335_R0000339_R0000535_0003,/home/zhenyusen/MIP-quantum/data/miplib_benders/qaoa_problems/nvars_10/leo1_ds_qaoa_R0000335_R0000339_R0000535_0003.json,10,3,8,1073741824,qaoa,memory_error,,,,368.1656658309512,524397.76953125,"Failed to allocate the `data` of a (1073741824, 1073741824) Dia array of 2 diagonals."
qaoa_feasible_benchmark_a100_parallel_20260722_144854_shard01_qaoa.csv,leo2_ds_qaoa_R0000090_R0000091_R0000095_0008,/home/zhenyusen/MIP-quantum/data/miplib_benders/qaoa_problems/nvars_10/leo2_ds_qaoa_R0000090_R0000091_R0000095_0008.json,10,3,8,1073741824,qaoa,memory_error,,,,373.77802405599505,524422.16796875,"Failed to allocate the `data` of a (1073741824, 1073741824) Dia array of 2 diagonals."
qaoa_feasible_benchmark_a100_parallel_20260722_144854_shard01_qaoa.csv,neos8_ds_qaoa_R0001_R0002_0002,/home/zhenyusen/MIP-quantum/data/miplib_benders/qaoa_problems/nvars_10/neos8_ds_qaoa_R0001_R0002_0002.json,10,2,8,1073741824,qaoa,memory_error,,,,419.6689484610688,524361.03515625,"Failed to allocate the `data` of a (1073741824, 1073741824) Dia array of 2 diagonals."
qaoa_feasible_benchmark_a100_parallel_20260722_144854_shard01_qaoa.csv,neos8_ds_qaoa_R0001_R0002_R0003_0001,/home/zhenyusen/MIP-quantum/data/miplib_benders/qaoa_problems/nvars_10/neos8_ds_qaoa_R0001_R0002_R0003_0001.json,10,3,8,1073741824,qaoa,memory_error,,,,444.2968895130325,524413.140625,"Failed to allocate the `data` of a (1073741824, 1073741824) Dia array of 2 diagonals."
qaoa_feasible_benchmark_a100_parallel_20260722_144854_shard01_qaoa.csv,neos8_ds_qaoa_R0001_R0002_R0003_0003,/home/zhenyusen/MIP-quantum/data/miplib_benders/qaoa_problems/nvars_10/neos8_ds_qaoa_R0001_R0002_R0003_0003.json,10,3,8,1073741824,qaoa,memory_error,,,,443.55763916508295,524420.515625,"Failed to allocate the `data` of a (1073741824, 1073741824) Dia array of 2 diagonals."
qaoa_feasible_benchmark_a100_parallel_20260722_144854_shard01_qaoa.csv,neos8_ds_qaoa_R0001_R0002_R0003_0005,/home/zhenyusen/MIP-quantum/data/miplib_benders/qaoa_problems/nvars_10/neos8_ds_qaoa_R0001_R0002_R0003_0005.json,10,3,8,1073741824,qaoa,memory_error,,,,481.130651777843,524415.078125,"Failed to allocate the `data` of a (1073741824, 1073741824) Dia array of 2 diagonals."
qaoa_feasible_benchmark_a100_parallel_20260722_144854_shard01_qaoa.csv,neos8_ds_qaoa_R0002_R0003_0001,/home/zhenyusen/MIP-quantum/data/miplib_benders/qaoa_problems/nvars_10/neos8_ds_qaoa_R0002_R0003_0001.json,10,2,8,1073741824,qaoa,memory_error,,,,657.8314596398268,524411.625,"Failed to allocate the `data` of a (1073741824, 1073741824) Dia array of 2 diagonals."
qaoa_feasible_benchmark_a100_parallel_20260722_144854_shard01_qaoa.csv,neos8_ds_qaoa_R0002_R0003_R0004_0001,/home/zhenyusen/MIP-quantum/data/miplib_benders/qaoa_problems/nvars_10/neos8_ds_qaoa_R0002_R0003_R0004_0001.json,10,3,8,1073741824,qaoa,memory_error,,,,433.9086176340934,524390.25,"Failed to allocate the `data` of a (1073741824, 1073741824) Dia array of 2 diagonals."
qaoa_feasible_benchmark_a100_parallel_20260722_144854_shard01_qaoa.csv,neos8_ds_qaoa_R0002_R0003_R0004_0003,/home/zhenyusen/MIP-quantum/data/miplib_benders/qaoa_problems/nvars_10/neos8_ds_qaoa_R0002_R0003_R0004_0003.json,10,3,8,1073741824,qaoa,memory_error,,,,420.50595870404504,524421.0078125,"Failed to allocate the `data` of a (1073741824, 1073741824) Dia array of 2 diagonals."
qaoa_feasible_benchmark_a100_parallel_20260722_144854_shard01_qaoa.csv,neos8_ds_qaoa_R0002_R0003_R0004_0005,/home/zhenyusen/MIP-quantum/data/miplib_benders/qaoa_problems/nvars_10/neos8_ds_qaoa_R0002_R0003_R0004_0005.json,10,3,8,1073741824,qaoa,memory_error,,,,579.2509453929961,524407.32421875,"Failed to allocate the `data` of a (1073741824, 1073741824) Dia array of 2 diagonals."
qaoa_feasible_benchmark_a100_parallel_20260722_144854_shard01_qaoa.csv,neos8_ds_qaoa_R0003_R0004_0003,/home/zhenyusen/MIP-quantum/data/miplib_benders/qaoa_problems/nvars_10/neos8_ds_qaoa_R0003_R0004_0003.json,10,2,8,1073741824,qaoa,memory_error,,,,602.6590040568262,524412.890625,"Failed to allocate the `data` of a (1073741824, 1073741824) Dia array of 2 diagonals."
qaoa_feasible_benchmark_a100_parallel_20260722_144854_shard01_qaoa.csv,neos8_ds_qaoa_R0003_R0004_0005,/home/zhenyusen/MIP-quantum/data/miplib_benders/qaoa_problems/nvars_10/neos8_ds_qaoa_R0003_R0004_0005.json,10,2,8,1073741824,qaoa,memory_error,,,,445.6926595759578,524339.15625,"Failed to allocate the `data` of a (1073741824, 1073741824) Dia array of 2 diagonals."
qaoa_feasible_benchmark_a100_parallel_20260722_144854_shard01_qaoa.csv,neos8_ds_qaoa_R0003_R0004_R0065_0002,/home/zhenyusen/MIP-quantum/data/miplib_benders/qaoa_problems/nvars_10/neos8_ds_qaoa_R0003_R0004_R0065_0002.json,10,3,8,1073741824,qaoa,memory_error,,,,519.7773733909708,524409.015625,"Failed to allocate the `data` of a (1073741824, 1073741824) Dia array of 2 diagonals."
qaoa_feasible_benchmark_a100_parallel_20260722_144854_shard01_qaoa.csv,neos8_ds_qaoa_R0003_R0004_R0065_0004,/home/zhenyusen/MIP-quantum/data/miplib_benders/qaoa_problems/nvars_10/neos8_ds_qaoa_R0003_R0004_R0065_0004.json,10,3,8,1073741824,qaoa,memory_error,,,,338.7966202381067,524390.2265625,"Failed to allocate the `data` of a (1073741824, 1073741824) Dia array of 2 diagonals."
qaoa_feasible_benchmark_a100_parallel_20260722_144854_shard01_qaoa.csv,neos8_ds_qaoa_R0003_R0004_R0065_0006,/home/zhenyusen/MIP-quantum/data/miplib_benders/qaoa_problems/nvars_10/neos8_ds_qaoa_R0003_R0004_R0065_0006.json,10,3,8,1073741824,qaoa,memory_error,,,,345.8095391620882,524418.05078125,"Failed to allocate the `data` of a (1073741824, 1073741824) Dia array of 2 diagonals."
qaoa_feasible_benchmark_a100_parallel_20260722_144854_shard01_qaoa.csv,neos8_ds_qaoa_R0004_R0065_0002,/home/zhenyusen/MIP-quantum/data/miplib_benders/qaoa_problems/nvars_10/neos8_ds_qaoa_R0004_R0065_0002.json,10,2,8,1073741824,qaoa,memory_error,,,,344.839075720869,524416.91015625,"Failed to allocate the `data` of a (1073741824, 1073741824) Dia array of 2 diagonals."
qaoa_feasible_benchmark_a100_parallel_20260722_144854_shard01_qaoa.csv,neos8_ds_qaoa_R0004_R0065_0004,/home/zhenyusen/MIP-quantum/data/miplib_benders/qaoa_problems/nvars_10/neos8_ds_qaoa_R0004_R0065_0004.json,10,2,8,1073741824,qaoa,memory_error,,,,343.1259263311513,524434.5859375,"Failed to allocate the `data` of a (1073741824, 1073741824) Dia array of 2 diagonals."
qaoa_feasible_benchmark_a100_parallel_20260722_144854_shard01_qaoa.csv,neos8_ds_qaoa_R0004_R0065_0006,/home/zhenyusen/MIP-quantum/data/miplib_benders/qaoa_problems/nvars_10/neos8_ds_qaoa_R0004_R0065_0006.json,10,2,8,1073741824,qaoa,memory_error,,,,470.9940509889275,524364.12109375,"Failed to allocate the `data` of a (1073741824, 1073741824) Dia array of 2 diagonals."
qaoa_feasible_benchmark_a100_parallel_20260722_144854_shard01_qaoa.csv,supportcase6_ds_qaoa_c538_c539_c722_0005,/home/zhenyusen/MIP-quantum/data/miplib_benders/qaoa_problems/nvars_10/supportcase6_ds_qaoa_c538_c539_c722_0005.json,10,3,8,1073741824,qaoa,memory_error,,,,454.5114833570551,524408.44140625,"Failed to allocate the `data` of a (1073741824, 1073741824) Dia array of 2 diagonals."
qaoa_feasible_benchmark_a100_parallel_20260722_144854_shard01_qaoa.csv,supportcase6_ds_qaoa_c539_c722_c726_0005,/home/zhenyusen/MIP-quantum/data/miplib_benders/qaoa_problems/nvars_10/supportcase6_ds_qaoa_c539_c722_c726_0005.json,10,3,8,1073741824,qaoa,memory_error,,,,590.9041625061072,524350.12109375,"Failed to allocate the `data` of a (1073741824, 1073741824) Dia array of 2 diagonals."
qaoa_feasible_benchmark_a100_parallel_20260722_144854_shard01_qaoa.csv,supportcase6_ds_qaoa_c722_c726_0002,/home/zhenyusen/MIP-quantum/data/miplib_benders/qaoa_problems/nvars_10/supportcase6_ds_qaoa_c722_c726_0002.json,10,2,8,1073741824,qaoa,memory_error,,,,360.1280146569479,524431.890625,"Failed to allocate the `data` of a (1073741824, 1073741824) Dia array of 2 diagonals."
qaoa_feasible_benchmark_a100_parallel_20260722_144854_shard01_qaoa.csv,supportcase6_ds_qaoa_c722_c726_0004,/home/zhenyusen/MIP-quantum/data/miplib_benders/qaoa_problems/nvars_10/supportcase6_ds_qaoa_c722_c726_0004.json,10,2,8,1073741824,qaoa,memory_error,,,,349.9119835381862,524358.07421875,"Failed to allocate the `data` of a (1073741824, 1073741824) Dia array of 2 diagonals."
qaoa_feasible_benchmark_a100_parallel_20260722_144854_shard01_qaoa.csv,supportcase6_ds_qaoa_c722_c726_c733_0001,/home/zhenyusen/MIP-quantum/data/miplib_benders/qaoa_problems/nvars_10/supportcase6_ds_qaoa_c722_c726_c733_0001.json,10,3,8,1073741824,qaoa,memory_error,,,,353.35383932711557,524385.89453125,"Failed to allocate the `data` of a (1073741824, 1073741824) Dia array of 2 diagonals."
qaoa_feasible_benchmark_a100_parallel_20260722_144854_shard01_qaoa.csv,supportcase6_ds_qaoa_c722_c726_c733_0003,/home/zhenyusen/MIP-quantum/data/miplib_benders/qaoa_problems/nvars_10/supportcase6_ds_qaoa_c722_c726_c733_0003.json,10,3,8,1073741824,qaoa,memory_error,,,,345.32395895780064,524363.8203125,"Failed to allocate the `data` of a (1073741824, 1073741824) Dia array of 2 diagonals."
qaoa_feasible_benchmark_a100_parallel_20260722_144854_shard01_qaoa.csv,supportcase6_ds_qaoa_c722_c726_c733_0005,/home/zhenyusen/MIP-quantum/data/miplib_benders/qaoa_problems/nvars_10/supportcase6_ds_qaoa_c722_c726_c733_0005.json,10,3,8,1073741824,qaoa,memory_error,,,,451.1621376341209,524410.0625,"Failed to allocate the `data` of a (1073741824, 1073741824) Dia array of 2 diagonals."
qaoa_feasible_benchmark_a100_parallel_20260722_144854_shard01_qaoa.csv,supportcase6_ds_qaoa_c726_c733_0002,/home/zhenyusen/MIP-quantum/data/miplib_benders/qaoa_problems/nvars_10/supportcase6_ds_qaoa_c726_c733_0002.json,10,2,8,1073741824,qaoa,memory_error,,,,514.3935593899805,524410.625,"Failed to allocate the `data` of a (1073741824, 1073741824) Dia array of 2 diagonals."
qaoa_feasible_benchmark_a100_parallel_20260722_144854_shard01_qaoa.csv,supportcase6_ds_qaoa_c726_c733_c745_0002,/home/zhenyusen/MIP-quantum/data/miplib_benders/qaoa_problems/nvars_10/supportcase6_ds_qaoa_c726_c733_c745_0002.json,10,3,8,1073741824,qaoa,memory_error,,,,631.8210952610243,524400.7578125,"Failed to allocate the `data` of a (1073741824, 1073741824) Dia array of 2 diagonals."
qaoa_feasible_benchmark_a100_parallel_20260722_144854_shard01_qaoa.csv,supportcase6_ds_qaoa_c726_c733_c745_0004,/home/zhenyusen/MIP-quantum/data/miplib_benders/qaoa_problems/nvars_10/supportcase6_ds_qaoa_c726_c733_c745_0004.json,10,3,8,1073741824,qaoa,memory_error,,,,354.04505727416836,524408.99609375,"Failed to allocate the `data` of a (1073741824, 1073741824) Dia array of 2 diagonals."
qaoa_feasible_benchmark_a100_parallel_20260722_144854_shard01_qaoa.csv,supportcase6_ds_qaoa_c733_c745_0001,/home/zhenyusen/MIP-quantum/data/miplib_benders/qaoa_problems/nvars_10/supportcase6_ds_qaoa_c733_c745_0001.json,10,2,8,1073741824,qaoa,memory_error,,,,363.2110301628709,524387.60546875,"Failed to allocate the `data` of a (1073741824, 1073741824) Dia array of 2 diagonals."
qaoa_feasible_benchmark_a100_parallel_20260722_144854_shard01_qaoa.csv,supportcase6_ds_qaoa_c733_c745_c747_0001,/home/zhenyusen/MIP-quantum/data/miplib_benders/qaoa_problems/nvars_10/supportcase6_ds_qaoa_c733_c745_c747_0001.json,10,3,8,1073741824,qaoa,memory_error,,,,444.09555498487316,524391.28515625,"Failed to allocate the `data` of a (1073741824, 1073741824) Dia array of 2 diagonals."
qaoa_feasible_benchmark_a100_parallel_20260722_144854_shard01_qaoa.csv,supportcase6_ds_qaoa_c733_c745_c747_0003,/home/zhenyusen/MIP-quantum/data/miplib_benders/qaoa_problems/nvars_10/supportcase6_ds_qaoa_c733_c745_c747_0003.json,10,3,8,1073741824,qaoa,memory_error,,,,465.5039556249976,524385.984375,"Failed to allocate the `data` of a (1073741824, 1073741824) Dia array of 2 diagonals."
qaoa_feasible_benchmark_a100_parallel_20260722_144854_shard01_qaoa.csv,supportcase6_ds_qaoa_c733_c745_c747_0005,/home/zhenyusen/MIP-quantum/data/miplib_benders/qaoa_problems/nvars_10/supportcase6_ds_qaoa_c733_c745_c747_0005.json,10,3,8,1073741824,qaoa,memory_error,,,,392.6587340529077,524417.96484375,"Failed to allocate the `data` of a (1073741824, 1073741824) Dia array of 2 diagonals."
qaoa_feasible_benchmark_a100_parallel_20260722_144854_shard01_qaoa.csv,supportcase6_ds_qaoa_c745_c747_0002,/home/zhenyusen/MIP-quantum/data/miplib_benders/qaoa_problems/nvars_10/supportcase6_ds_qaoa_c745_c747_0002.json,10,2,8,1073741824,qaoa,memory_error,,,,489.7536512420047,524381.40234375,"Failed to allocate the `data` of a (1073741824, 1073741824) Dia array of 2 diagonals."
qaoa_feasible_benchmark_a100_parallel_20260722_144854_shard01_qaoa.csv,supportcase6_ds_qaoa_c745_c747_0004,/home/zhenyusen/MIP-quantum/data/miplib_benders/qaoa_problems/nvars_10/supportcase6_ds_qaoa_c745_c747_0004.json,10,2,8,1073741824,qaoa,memory_error,,,,430.87273463397287,524409.9140625,"Failed to allocate the `data` of a (1073741824, 1073741824) Dia array of 2 diagonals."
qaoa_feasible_benchmark_a100_parallel_20260722_144854_shard01_qaoa.csv,supportcase6_ds_qaoa_c745_c747_c759_0001,/home/zhenyusen/MIP-quantum/data/miplib_benders/qaoa_problems/nvars_10/supportcase6_ds_qaoa_c745_c747_c759_0001.json,10,3,8,1073741824,qaoa,memory_error,,,,348.00065272301435,524419.73046875,"Failed to allocate the `data` of a (1073741824, 1073741824) Dia array of 2 diagonals."
qaoa_feasible_benchmark_a100_parallel_20260722_144854_shard01_qaoa.csv,supportcase6_ds_qaoa_c745_c747_c759_0003,/home/zhenyusen/MIP-quantum/data/miplib_benders/qaoa_problems/nvars_10/supportcase6_ds_qaoa_c745_c747_c759_0003.json,10,3,8,1073741824,qaoa,memory_error,,,,454.0916506249923,524400.09375,"Failed to allocate the `data` of a (1073741824, 1073741824) Dia array of 2 diagonals."
qaoa_feasible_benchmark_a100_parallel_20260722_144854_shard01_qaoa.csv,supportcase6_ds_qaoa_c745_c747_c759_0005,/home/zhenyusen/MIP-quantum/data/miplib_benders/qaoa_problems/nvars_10/supportcase6_ds_qaoa_c745_c747_c759_0005.json,10,3,8,1073741824,qaoa,memory_error,,,,685.4452381420415,524391.76171875,"Failed to allocate the `data` of a (1073741824, 1073741824) Dia array of 2 diagonals."
qaoa_feasible_benchmark_a100_parallel_20260722_144854_shard01_qaoa.csv,supportcase6_ds_qaoa_c747_c759_0002,/home/zhenyusen/MIP-quantum/data/miplib_benders/qaoa_problems/nvars_10/supportcase6_ds_qaoa_c747_c759_0002.json,10,2,8,1073741824,qaoa,memory_error,,,,439.3522941279225,524398.36328125,"Failed to allocate the `data` of a (1073741824, 1073741824) Dia array of 2 diagonals."
qaoa_feasible_benchmark_a100_parallel_20260722_144854_shard01_qaoa.csv,supportcase6_ds_qaoa_c747_c759_0004,/home/zhenyusen/MIP-quantum/data/miplib_benders/qaoa_problems/nvars_10/supportcase6_ds_qaoa_c747_c759_0004.json,10,2,8,1073741824,qaoa,memory_error,,,,349.2232913558837,524355.078125,"Failed to allocate the `data` of a (1073741824, 1073741824) Dia array of 2 diagonals."
qaoa_feasible_benchmark_a100_parallel_20260722_144854_shard01_qaoa.csv,supportcase6_ds_qaoa_c747_c759_c762_0001,/home/zhenyusen/MIP-quantum/data/miplib_benders/qaoa_problems/nvars_10/supportcase6_ds_qaoa_c747_c759_c762_0001.json,10,3,8,1073741824,qaoa,memory_error,,,,429.9174480999354,524418.6171875,"Failed to allocate the `data` of a (1073741824, 1073741824) Dia array of 2 diagonals."
qaoa_feasible_benchmark_a100_parallel_20260722_144854_shard01_qaoa.csv,supportcase6_ds_qaoa_c747_c759_c762_0003,/home/zhenyusen/MIP-quantum/data/miplib_benders/qaoa_problems/nvars_10/supportcase6_ds_qaoa_c747_c759_c762_0003.json,10,3,8,1073741824,qaoa,memory_error,,,,494.0720952800475,524397.578125,"Failed to allocate the `data` of a (1073741824, 1073741824) Dia array of 2 diagonals."
qaoa_feasible_benchmark_a100_parallel_20260722_144854_shard01_qaoa.csv,supportcase6_ds_qaoa_c747_c759_c762_0005,/home/zhenyusen/MIP-quantum/data/miplib_benders/qaoa_problems/nvars_10/supportcase6_ds_qaoa_c747_c759_c762_0005.json,10,3,8,1073741824,qaoa,memory_error,,,,609.0140584888868,524397.0625,"Failed to allocate the `data` of a (1073741824, 1073741824) Dia array of 2 diagonals."
